HIERARCHY
ROOT Root
{
  OFFSET 0.0 0.0 0.0
  CHANNELS 6 Xposition Yposition Zposition Zrotation Yrotation Xrotation
  JOINT Hips
  {
    OFFSET 0.0 100.0 0.0
    CHANNELS 6 Xposition Yposition Zposition Zrotation Yrotation Xrotation
    JOINT Spine1
    {
      OFFSET -0.013727 5.003763 -0.053727
      CHANNELS 3 Zrotation Yrotation Xrotation
      JOINT Spine2
      {
        OFFSET -0.0 7.125301 -0.029825
        CHANNELS 3 Zrotation Yrotation Xrotation
        JOINT Chest
        {
          OFFSET -1e-06 7.550063 -0.815971
          CHANNELS 3 Zrotation Yrotation Xrotation
          JOINT Neck1
          {
            OFFSET -0.181677 26.311295 -0.553348
            CHANNELS 3 Zrotation Yrotation Xrotation
            JOINT Neck2
            {
              OFFSET -3e-06 7.709397 2.302585
              CHANNELS 3 Zrotation Yrotation Xrotation
              JOINT Head
              {
                OFFSET -5e-06 6.128916 1.953709
                CHANNELS 3 Zrotation Yrotation Xrotation
                JOINT HeadEnd
                {
                  OFFSET 0.003598 16.065403 -1.835379
                  CHANNELS 3 Zrotation Yrotation Xrotation
                }
                JOINT Jaw
                {
                  OFFSET 0.002637 0.475592 3.094941
                  CHANNELS 3 Zrotation Yrotation Xrotation
                }
                JOINT LeftEye
                {
                  OFFSET 3.206381 5.380205 7.586883
                  CHANNELS 3 Zrotation Yrotation Xrotation
                }
                JOINT RightEye
                {
                  OFFSET -3.22244 5.361869 7.558234
                  CHANNELS 3 Zrotation Yrotation Xrotation
                }
              }
            }
          }
          JOINT LeftShoulder
          {
            OFFSET 1.621652 23.237164 5.113413
            CHANNELS 3 Zrotation Yrotation Xrotation
            JOINT LeftArm
            {
              OFFSET 14.919846 2e-06 -5.502326
              CHANNELS 3 Zrotation Yrotation Xrotation
              JOINT LeftForeArm
              {
                OFFSET 28.739307 0.0 -0.002588
                CHANNELS 3 Zrotation Yrotation Xrotation
                JOINT LeftHand
                {
                  OFFSET 27.093981 -1e-06 0.002609
                  CHANNELS 3 Zrotation Yrotation Xrotation
                  JOINT LeftHandThumb1
                  {
                    OFFSET 2.276482 -1.392045 3.191413
                    CHANNELS 3 Zrotation Yrotation Xrotation
                    JOINT LeftHandThumb2
                    {
                      OFFSET 4.012836 -1.828127 1.641654
                      CHANNELS 3 Zrotation Yrotation Xrotation
                      JOINT LeftHandThumb3
                      {
                        OFFSET 2.798515 0.0 -3e-06
                        CHANNELS 3 Zrotation Yrotation Xrotation
                        JOINT LeftHandThumbEnd
                        {
                          OFFSET 3.180793 -4e-06 4e-06
                          CHANNELS 3 Zrotation Yrotation Xrotation
                        }
                      }
                    }
                  }
                  JOINT LeftHandIndex1
                  {
                    OFFSET 3.247555 -0.531998 2.296169
                    CHANNELS 3 Zrotation Yrotation Xrotation
                    JOINT LeftHandIndex2
                    {
                      OFFSET 6.364578 0.01206 0.1786
                      CHANNELS 3 Zrotation Yrotation Xrotation
                      JOINT LeftHandIndex3
                      {
                        OFFSET 3.662364 0.0 0.0
                        CHANNELS 3 Zrotation Yrotation Xrotation
                        JOINT LeftHandIndex4
                        {
                          OFFSET 2.329242 4e-06 4e-06
                          CHANNELS 3 Zrotation Yrotation Xrotation
                          JOINT LeftHandIndexEnd
                          {
                            OFFSET 2.759615 -0.180537 -0.113024
                            CHANNELS 3 Zrotation Yrotation Xrotation
                          }
                        }
                      }
                    }
                  }
                  JOINT LeftHandMiddle1
                  {
                    OFFSET 3.163495 0.240981 1.000332
                    CHANNELS 3 Zrotation Yrotation Xrotation
                    JOINT LeftHandMiddle2
                    {
                      OFFSET 6.19078 -0.259278 -1.002548
                      CHANNELS 3 Zrotation Yrotation Xrotation
                      JOINT LeftHandMiddle3
                      {
                        OFFSET 4.35652 -4e-06 -1e-06
                        CHANNELS 3 Zrotation Yrotation Xrotation
                        JOINT LeftHandMiddle4
                        {
                          OFFSET 2.996877 -8e-06 0.0
                          CHANNELS 3 Zrotation Yrotation Xrotation
                          JOINT LeftHandMiddleEnd
                          {
                            OFFSET 2.304287 -0.294569 -0.031741
                            CHANNELS 3 Zrotation Yrotation Xrotation
                          }
                        }
                      }
                    }
                  }
                  JOINT LeftHandRing1
                  {
                    OFFSET 2.882643 -0.053652 -0.322543
                    CHANNELS 3 Zrotation Yrotation Xrotation
                    JOINT LeftHandRing2
                    {
                      OFFSET 5.854541 -0.486202 -1.373841
                      CHANNELS 3 Zrotation Yrotation Xrotation
                      JOINT LeftHandRing3
                      {
                        OFFSET 4.350578 0.0 3e-06
                        CHANNELS 3 Zrotation Yrotation Xrotation
                        JOINT LeftHandRing4
                        {
                          OFFSET 2.651321 7e-06 2e-06
                          CHANNELS 3 Zrotation Yrotation Xrotation
                          JOINT LeftHandRingEnd
                          {
                            OFFSET 1.936105 0.077687 -7.1e-05
                            CHANNELS 3 Zrotation Yrotation Xrotation
                          }
                        }
                      }
                    }
                  }
                  JOINT LeftHandPinky1
                  {
                    OFFSET 2.8655 -0.310005 -1.600378
                    CHANNELS 3 Zrotation Yrotation Xrotation
                    JOINT LeftHandPinky2
                    {
                      OFFSET 5.087849 -1.331141 -1.77123
                      CHANNELS 3 Zrotation Yrotation Xrotation
                      JOINT LeftHandPinky3
                      {
                        OFFSET 3.070974 4e-06 0.0
                        CHANNELS 3 Zrotation Yrotation Xrotation
                        JOINT LeftHandPinky4
                        {
                          OFFSET 1.549672 0.0 1e-06
                          CHANNELS 3 Zrotation Yrotation Xrotation
                          JOINT LeftHandPinkyEnd
                          {
                            OFFSET 1.944893 -0.157802 0.057219
                            CHANNELS 3 Zrotation Yrotation Xrotation
                          }
                        }
                      }
                    }
                  }
                }
              }
            }
          }
          JOINT RightShoulder
          {
            OFFSET -1.380118 23.180309 5.214158
            CHANNELS 3 Zrotation Yrotation Xrotation
            JOINT RightArm
            {
              OFFSET -15.037196 1.2e-05 -5.545604
              CHANNELS 3 Zrotation Yrotation Xrotation
              JOINT RightForeArm
              {
                OFFSET -28.736639 2e-06 -0.002597
                CHANNELS 3 Zrotation Yrotation Xrotation
                JOINT RightHand
                {
                  OFFSET -27.133619 -0.0 0.002613
                  CHANNELS 3 Zrotation Yrotation Xrotation
                  JOINT RightHandThumb1
                  {
                    OFFSET -2.274032 -1.383988 3.163127
                    CHANNELS 3 Zrotation Yrotation Xrotation
                    JOINT RightHandThumb2
                    {
                      OFFSET -4.011429 -1.827466 1.640914
                      CHANNELS 3 Zrotation Yrotation Xrotation
                      JOINT RightHandThumb3
                      {
                        OFFSET -2.794935 -4e-06 -3e-06
                        CHANNELS 3 Zrotation Yrotation Xrotation
                        JOINT RightHandThumbEnd
                        {
                          OFFSET -3.183852 4e-06 1e-06
                          CHANNELS 3 Zrotation Yrotation Xrotation
                        }
                      }
                    }
                  }
                  JOINT RightHandIndex1
                  {
                    OFFSET -3.253266 -0.520057 2.282866
                    CHANNELS 3 Zrotation Yrotation Xrotation
                    JOINT RightHandIndex2
                    {
                      OFFSET -6.341917 0.012471 0.178266
                      CHANNELS 3 Zrotation Yrotation Xrotation
                      JOINT RightHandIndex3
                      {
                        OFFSET -3.654871 -8e-06 -0.0
                        CHANNELS 3 Zrotation Yrotation Xrotation
                        JOINT RightHandIndex4
                        {
                          OFFSET -2.327586 0.0 1e-06
                          CHANNELS 3 Zrotation Yrotation Xrotation
                          JOINT RightHandIndexEnd
                          {
                            OFFSET -2.76179 -0.180656 -0.113078
                            CHANNELS 3 Zrotation Yrotation Xrotation
                          }
                        }
                      }
                    }
                  }
                  JOINT RightHandMiddle1
                  {
                    OFFSET -3.168106 0.246593 1.00103
                    CHANNELS 3 Zrotation Yrotation Xrotation
                    JOINT RightHandMiddle2
                    {
                      OFFSET -6.180828 -0.258836 -1.000895
                      CHANNELS 3 Zrotation Yrotation Xrotation
                      JOINT RightHandMiddle3
                      {
                        OFFSET -4.348901 0.0 -0.0
                        CHANNELS 3 Zrotation Yrotation Xrotation
                        JOINT RightHandMiddle4
                        {
                          OFFSET -3.00024 -4e-06 -2e-06
                          CHANNELS 3 Zrotation Yrotation Xrotation
                          JOINT RightHandMiddleEnd
                          {
                            OFFSET -2.30252 -0.29437 -0.031706
                            CHANNELS 3 Zrotation Yrotation Xrotation
                          }
                        }
                      }
                    }
                  }
                  JOINT RightHandRing1
                  {
                    OFFSET -2.88569 -0.067952 -0.308858
                    CHANNELS 3 Zrotation Yrotation Xrotation
                    JOINT RightHandRing2
                    {
                      OFFSET -5.854198 -0.48613 -1.373731
                      CHANNELS 3 Zrotation Yrotation Xrotation
                      JOINT RightHandRing3
                      {
                        OFFSET -4.33881 -4e-06 -0.0
                        CHANNELS 3 Zrotation Yrotation Xrotation
                        JOINT RightHandRing4
                        {
                          OFFSET -2.654903 -4e-06 4e-06
                          CHANNELS 3 Zrotation Yrotation Xrotation
                          JOINT RightHandRingEnd
                          {
                            OFFSET -1.933568 0.077527 -5.2e-05
                            CHANNELS 3 Zrotation Yrotation Xrotation
                          }
                        }
                      }
                    }
                  }
                  JOINT RightHandPinky1
                  {
                    OFFSET -2.866425 -0.342796 -1.584145
                    CHANNELS 3 Zrotation Yrotation Xrotation
                    JOINT RightHandPinky2
                    {
                      OFFSET -5.091371 -1.332055 -1.772385
                      CHANNELS 3 Zrotation Yrotation Xrotation
                      JOINT RightHandPinky3
                      {
                        OFFSET -3.062664 -4e-06 1e-06
                        CHANNELS 3 Zrotation Yrotation Xrotation
                        JOINT RightHandPinky4
                        {
                          OFFSET -1.546529 4e-06 -2e-06
                          CHANNELS 3 Zrotation Yrotation Xrotation
                          JOINT RightHandPinkyEnd
                          {
                            OFFSET -1.945119 -0.157718 0.057211
                            CHANNELS 3 Zrotation Yrotation Xrotation
                          }
                        }
                      }
                    }
                  }
                }
              }
            }
          }
        }
      }
    }
    JOINT LeftLeg
    {
      OFFSET 10.043214 -8.434526 2.595655
      CHANNELS 3 Zrotation Yrotation Xrotation
      JOINT LeftShin
      {
        OFFSET -1e-06 -43.221752 -0.802913
        CHANNELS 3 Zrotation Yrotation Xrotation
        JOINT LeftFoot
        {
          OFFSET 1e-06 -42.155094 -3.481523
          CHANNELS 3 Zrotation Yrotation Xrotation
          JOINT LeftToeBase
          {
            OFFSET 0.0 -5.059472 13.231529
            CHANNELS 3 Zrotation Yrotation Xrotation
            JOINT LeftToeEnd
            {
              OFFSET -0.009607 -1.647619 6.513017
              CHANNELS 3 Zrotation Yrotation Xrotation
            }
          }
        }
      }
    }
    JOINT RightLeg
    {
      OFFSET -10.047278 -8.29526 2.620317
      CHANNELS 3 Zrotation Yrotation Xrotation
      JOINT RightShin
      {
        OFFSET 1e-06 -43.362206 -0.805556
        CHANNELS 3 Zrotation Yrotation Xrotation
        JOINT RightFoot
        {
          OFFSET 2e-06 -42.117393 -3.478398
          CHANNELS 3 Zrotation Yrotation Xrotation
          JOINT RightToeBase
          {
            OFFSET -0.0 -5.079609 13.284196
            CHANNELS 3 Zrotation Yrotation Xrotation
            JOINT RightToeEnd
            {
              OFFSET 0.009532 -1.634378 6.460591
              CHANNELS 3 Zrotation Yrotation Xrotation
            }
          }
        }
      }
    }
  }
}
MOTION
Frames: 105
Frame Time: 0.03333333333333333
0.0 0.0 0.0 0.0 -0.0 0.0 -1.443965 99.257683 5.981178 -0.28441 0.404135 1.033816 0.405474 -0.096697 -1.251857 -0.189907 -0.071575 -5.062165 0.115922 -1.582704 9.175736 2.131807 1.91445 4.012525 -0.38194 0.142479 -3.586063 -1.71843 0.165844 -4.236238 7.7e-05 -2.3e-05 6e-06 -0.004156 0.013331 -0.00267 0.748147 -3.717936 -10.548329 -0.759889 3.749332 -10.545805 -11.009338 -7.83727 10.37878 -61.183025 -13.346168 22.576813 0.338804 -15.223845 -0.177338 -1.452621 -8.923973 -10.999627 -5.882105 9.861288 0.70259 -10.936875 -0.360577 7.1562 2e-06 8.77483 -2e-06 -16.027601 18.00494 5.879521 -1.844032 2.498505 -2.507277 -10.163601 4.678945 4.621107 -20.97603 -7e-06 -0.0 -21.226292 2.451695 -3.593999 2e-06 -6e-06 -0.0 -1.362682 2.240798 -0.746323 -21.334921 0.584905 3.008319 -13.821217 -6e-06 -0.0 -23.887177 -0.249081 -0.839483 -59.861294 2.38693 -1.226768 -0.294024 1.679687 0.833256 -14.218212 0.093212 1.300578 -34.212063 -0.287573 0.967169 -20.03322 0.964533 1.212842 -2e-06 -1e-06 -2e-06 -3.440389 0.788233 0.501655 -15.928191 -3.167313 2.999704 -6.338827 -2e-06 -2e-06 -18.123447 3.648181 -4.905671 -3e-06 -0.0 -2e-06 13.263653 11.440051 10.124847 62.085476 7.778205 11.481454 -0.03181 21.817825 -0.097317 1.396501 6.656374 1.438153 2.24354 -5.255035 -3.180156 14.282885 -0.826594 6.952501 -4e-06 -12.690601 1e-06 16.020273 -17.873808 2.721624 1.665666 -1.95592 -2.878299 4.727797 -4.170586 4.993921 11.020522 6e-06 1e-06 12.109048 -3.735714 -2.866784 -0.0 -0.0 0.0 1.291984 -1.928548 -1.498088 14.800122 0.567471 3.865605 14.242562 -1.341734 -6.660654 19.631958 0.143928 -0.648243 50.183266 -0.646066 -6.357153 0.353028 -1.51115 -0.031941 20.222784 3.684309 2.316631 18.787266 5e-06 3e-06 10.751623 -0.479867 1.397907 1e-06 1e-06 -2e-06 3.273805 0.305946 -0.580111 21.486801 11.83037 2.266133 8.162922 3e-06 1e-06 18.399071 -3.798984 -4.940571 2e-06 -0.0 -2e-06 3.011911 -1.215453 3.234825 0.010262 -0.243697 3.795808 -3.43522 3.633509 -7.267595 1.659334 -1.859519 -0.864909 -0.0 0.0 2e-06 -5.970437 -5.80288 4.799025 -0.022496 0.316594 1.907565 8.745501 -5.393451 -8.048905 -1.409966 0.976995 -1.657994 -0.0 -0.0 -1e-06 
0.0 0.0 0.0 0.0 -0.0 0.0 -1.488628 99.262909 6.584036 -0.321922 0.463762 1.15622 0.430911 -0.104389 -1.199949 -0.166639 -0.018527 -5.074906 0.105371 -1.572511 9.165848 2.1806 1.883107 3.961077 -0.421072 0.147509 -3.578976 -1.723929 0.168544 -4.206148 7.7e-05 -2.2e-05 6e-06 0.001776 0.008498 -0.013562 0.752289 -3.718835 -10.557226 -0.752573 3.740349 -10.559788 -10.833086 -7.924517 10.36653 -61.236301 -13.291243 22.790071 0.362584 -15.101049 -0.172526 -1.587275 -8.873904 -10.568933 -5.882097 9.861274 0.702588 -10.936854 -0.360575 7.156199 -0.0 8.774815 -3e-06 -16.112846 18.014315 5.906239 -1.84403 2.4985 -2.507275 -10.163584 4.678938 4.621102 -20.975992 -4e-06 2e-06 -21.226254 2.451692 -3.593996 0.0 -6e-06 -2e-06 -1.36268 2.240797 -0.746323 -21.334883 0.584908 3.00832 -13.821193 -3e-06 2e-06 -23.887135 -0.249077 -0.839482 -60.016441 2.393727 -1.165433 -0.294024 1.679685 0.833255 -14.218186 0.093214 1.30058 -34.211994 -0.287565 0.967171 -20.033184 0.964535 1.212843 -1e-06 -0.0 -2e-06 -3.440383 0.788233 0.501654 -15.928162 -3.167308 2.999702 -6.338816 -1e-06 -1e-06 -18.123423 3.648179 -4.905664 -3e-06 -0.0 -2e-06 12.906868 11.391403 10.138227 62.490891 7.843523 11.78282 -0.109111 22.030197 -0.092769 1.284435 6.507492 1.32145 2.24354 -5.255033 -3.180155 14.282871 -0.826594 6.952497 -1e-06 -12.69059 -3e-06 15.989724 -17.840796 2.700399 1.665663 -1.95592 -2.878296 4.727794 -4.170583 4.993919 11.020512 3e-06 -1e-06 12.109035 -3.735713 -2.86678 0.0 0.0 -1e-06 1.291982 -1.928547 -1.498085 14.800108 0.567466 3.865605 14.242554 -1.341736 -6.660651 19.631937 0.143924 -0.648243 50.099648 -0.630331 -6.336937 0.353028 -1.511148 -0.03194 20.222761 3.684304 2.316629 18.787245 1e-06 0.0 10.751615 -0.479868 1.397905 3e-06 2e-06 0.0 3.273802 0.305946 -0.580109 21.486786 11.830358 2.266134 8.162916 2e-06 1e-06 18.399055 -3.798984 -4.940568 3e-06 -0.0 -1e-06 3.058135 -1.265355 2.992581 0.006418 -0.276882 4.17603 -3.395568 3.681922 -7.616184 1.651199 -1.841542 -0.913482 0.0 0.0 2e-06 -5.91429 -5.869659 4.726458 -0.028193 0.285832 2.032841 8.774187 -5.307632 -8.309451 -1.409198 0.963758 -1.814763 -0.0 -0.0 -1e-06 
0.0 0.0 0.0 0.0 -0.0 0.0 -1.502572 99.25251 6.874534 -0.376224 0.556175 1.277817 0.457087 -0.090894 -1.157251 -0.163208 -0.005062 -5.09739 0.11575 -1.588401 9.216072 2.246439 1.863434 3.981287 -0.458511 0.224208 -3.574469 -1.75107 0.161991 -4.235596 7.7e-05 -2.2e-05 6e-06 0.005185 -0.000485 -0.015097 0.748373 -3.728709 -10.568265 -0.742134 3.73221 -10.575255 -10.660096 -8.000836 10.349857 -61.262646 -13.271814 23.082251 0.380949 -15.053077 -0.160207 -1.722182 -8.793503 -10.318786 -5.882103 9.861284 0.702592 -10.936868 -0.360577 7.156202 1e-06 8.774826 -3e-06 -16.174864 18.044643 5.924007 -1.844033 2.498505 -2.507276 -10.163596 4.678943 4.621106 -20.976021 -6e-06 2e-06 -21.22628 2.451695 -3.593998 1e-06 -6e-06 -0.0 -1.362682 2.240798 -0.746322 -21.334908 0.584906 3.008323 -13.82121 -5e-06 2e-06 -23.887167 -0.249081 -0.839481 -60.115349 2.390692 -1.110068 -0.294024 1.679688 0.833257 -14.218204 0.093214 1.300581 -34.212036 -0.287566 0.967174 -20.033205 0.964537 1.212844 0.0 -1e-06 -1e-06 -3.440387 0.788234 0.501656 -15.928185 -3.167313 2.999708 -6.338823 -0.0 -1e-06 -18.123444 3.648183 -4.905669 -2e-06 -0.0 -1e-06 12.638824 11.346697 10.151692 62.795975 7.919816 12.268866 -0.200076 22.295063 -0.100082 1.191281 6.377717 1.105805 2.243543 -5.255037 -3.180156 14.28289 -0.826595 6.952499 -2e-06 -12.690606 -2e-06 15.993288 -17.837526 2.674191 1.665667 -1.955922 -2.878298 4.727799 -4.170589 4.993921 11.020529 3e-06 -2e-06 12.109055 -3.735717 -2.866783 0.0 -0.0 -1e-06 1.291986 -1.92855 -1.498089 14.800129 0.567468 3.865604 14.242574 -1.341738 -6.66066 19.631969 0.143927 -0.648248 50.013115 -0.632531 -6.349285 0.353029 -1.511151 -0.031941 20.222788 3.684311 2.316623 18.787271 6e-06 -5e-06 10.751629 -0.479865 1.397901 2e-06 1e-06 -2e-06 3.273807 0.305947 -0.580111 21.486813 11.830376 2.266128 8.162928 4e-06 -2e-06 18.399084 -3.798982 -4.940578 2e-06 -0.0 -1e-06 3.108574 -1.367176 2.766772 0.009002 -0.27266 4.588458 -3.40786 3.722402 -8.072263 1.64518 -1.835048 -0.939243 0.0 -0.0 2e-06 -5.839105 -5.927646 4.649135 -0.031454 0.265329 2.220769 8.717915 -5.186221 -8.587538 -1.404058 0.948439 -1.893965 0.0 0.0 -1e-06 
0.0 0.0 0.0 0.0 -0.0 0.0 -1.523122 99.198494 7.105048 -0.455301 0.631217 1.421431 0.497811 -0.080205 -1.118041 -0.164087 0.006525 -5.114055 0.145299 -1.621536 9.246371 2.283337 1.872614 4.039156 -0.47721 0.284072 -3.583204 -1.794795 0.165614 -4.305357 7.7e-05 -2.2e-05 6e-06 0.006981 -0.001646 -0.012852 0.744237 -3.729877 -10.570288 -0.734673 3.731041 -10.579507 -10.543536 -8.030891 10.296939 -61.280842 -13.200841 23.248552 0.338763 -15.169736 -0.130849 -1.735808 -8.73321 -10.19961 -5.882109 9.86129 0.702594 -10.936877 -0.360574 7.156209 1e-06 8.774829 1e-06 -16.206814 18.062855 5.941613 -1.844033 2.498505 -2.50728 -10.163606 4.678946 4.621109 -20.976038 -4e-06 -0.0 -21.226295 2.451697 -3.593999 1e-06 -6e-06 -1e-06 -1.362682 2.240799 -0.746322 -21.334925 0.584909 3.008326 -13.821221 -3e-06 0.0 -23.887184 -0.249079 -0.839482 -60.156761 2.369046 -1.065732 -0.294025 1.679688 0.833255 -14.218217 0.093215 1.300581 -34.212067 -0.287565 0.967171 -20.033226 0.964537 1.212843 -1e-06 -1e-06 -1e-06 -3.440391 0.788233 0.501656 -15.928192 -3.167311 2.999707 -6.33883 -1e-06 0.0 -18.123457 3.648183 -4.905673 -3e-06 0.0 -2e-06 12.464979 11.279781 10.093084 63.004295 7.935607 12.704304 -0.213173 22.568659 -0.100076 1.16314 6.230748 1.11185 2.243541 -5.255037 -3.180157 14.282887 -0.826592 6.952501 -4e-06 -12.690601 0.0 16.00057 -17.842653 2.655437 1.665666 -1.955921 -2.878299 4.727797 -4.170585 4.993924 11.020523 3e-06 -1e-06 12.10905 -3.735714 -2.866783 0.0 -0.0 -2e-06 1.291984 -1.928548 -1.498088 14.800123 0.567471 3.865606 14.242564 -1.341734 -6.660657 19.631956 0.143928 -0.648243 49.961361 -0.625891 -6.350089 0.353029 -1.51115 -0.031941 20.222784 3.684312 2.316631 18.787266 6e-06 0.0 10.751625 -0.479869 1.397907 3e-06 1e-06 0.0 3.273806 0.305947 -0.58011 21.486809 11.830376 2.26613 8.162922 4e-06 -1e-06 18.399076 -3.798982 -4.940572 2e-06 1e-06 -2e-06 3.201812 -1.460008 2.54633 0.015234 -0.266358 5.026718 -3.457851 3.755785 -8.623072 1.642254 -1.835095 -0.934859 0.0 0.0 2e-06 -5.740502 -5.989222 4.631493 -0.034406 0.242225 2.333511 8.666967 -5.09667 -8.926976 -1.399198 0.950543 -1.924587 -0.0 0.0 -1e-06 
0.0 0.0 0.0 0.0 -0.0 0.0 -1.536904 99.123878 7.260698 -0.534855 0.711568 1.613775 0.537629 -0.07331 -1.106909 -0.167196 0.010507 -5.126346 0.192618 -1.652774 9.259628 2.300038 1.890133 4.103756 -0.486488 0.319734 -3.6002 -1.838907 0.192915 -4.393021 7.7e-05 -2.2e-05 6e-06 0.007162 0.005874 -0.01213 0.739665 -3.719103 -10.563697 -0.73002 3.735197 -10.572301 -10.496508 -8.012585 10.225987 -61.315292 -13.127086 23.371107 0.271891 -15.37595 -0.100078 -1.708153 -8.707628 -10.219017 -5.882105 9.861282 0.702588 -10.936872 -0.360576 7.156207 2e-06 8.774823 1e-06 -16.222956 18.060663 5.952652 -1.844033 2.498504 -2.507279 -10.1636 4.678943 4.621109 -20.976025 -6e-06 1e-06 -21.226286 2.451693 -3.593999 -0.0 -6e-06 -2e-06 -1.362682 2.240798 -0.746324 -21.334913 0.584909 3.008322 -13.821215 -5e-06 3e-06 -23.887175 -0.249081 -0.839481 -60.164829 2.34401 -1.044495 -0.294024 1.679686 0.833257 -14.218207 0.093213 1.300583 -34.212048 -0.287568 0.967174 -20.033215 0.964535 1.212846 -2e-06 0.0 0.0 -3.440389 0.788234 0.501655 -15.928187 -3.167309 2.999707 -6.338827 -1e-06 -2e-06 -18.123451 3.64818 -4.905668 -2e-06 1e-06 -2e-06 12.37834 11.186477 10.007749 63.153992 7.915716 13.058349 -0.180927 22.804062 -0.097444 1.150765 6.050008 1.294512 2.243539 -5.255033 -3.180157 14.282879 -0.826591 6.952502 -4e-06 -12.690594 0.0 15.981423 -17.850777 2.649142 1.665664 -1.95592 -2.8783 4.727795 -4.170584 4.993922 11.020515 4e-06 -0.0 12.109041 -3.735712 -2.866783 -0.0 -0.0 -1e-06 1.291984 -1.928548 -1.498088 14.800117 0.56747 3.865607 14.24256 -1.341731 -6.660653 19.631952 0.143929 -0.648242 49.929413 -0.627407 -6.352895 0.353029 -1.511149 -0.03194 20.222775 3.68431 2.316629 18.787256 8e-06 1e-06 10.751619 -0.479868 1.397909 3e-06 1e-06 -1e-06 3.273804 0.305947 -0.58011 21.486799 11.830368 2.266133 8.162921 3e-06 -1e-06 18.399065 -3.798981 -4.940567 3e-06 -0.0 1e-06 3.291255 -1.577632 2.316262 0.024653 -0.266016 5.448982 -3.506699 3.815837 -9.224392 1.640698 -1.835762 -0.957832 0.0 0.0 2e-06 -5.647756 -6.080517 4.642113 -0.038708 0.222629 2.358589 8.650514 -5.039112 -9.287017 -1.397276 0.957934 -1.977249 -0.0 0.0 -1e-06 
0.0 0.0 0.0 0.0 -0.0 0.0 -1.533162 99.054283 7.440603 -0.602302 0.825217 1.867313 0.576803 -0.068613 -1.124619 -0.1661 -0.001048 -5.135743 0.237123 -1.670178 9.258249 2.299775 1.900991 4.129021 -0.473485 0.315515 -3.608982 -1.876765 0.250026 -4.493138 7.7e-05 -2.2e-05 6e-06 0.006119 0.016535 -0.012241 0.736256 -3.705007 -10.559481 -0.72891 3.742103 -10.566133 -10.497169 -7.960741 10.150926 -61.407391 -13.07263 23.466009 0.219903 -15.581545 -0.080978 -1.689044 -8.753099 -10.286722 -5.8821 9.861276 0.70259 -10.936862 -0.360577 7.1562 1e-06 8.774819 -1e-06 -16.220503 18.04591 5.960651 -1.84403 2.498502 -2.507276 -10.16359 4.67894 4.621107 -20.976004 -7e-06 3e-06 -21.226265 2.451693 -3.593995 1e-06 -6e-06 -0.0 -1.36268 2.240794 -0.746322 -21.334896 0.584908 3.008322 -13.821203 -5e-06 2e-06 -23.887152 -0.249081 -0.839481 -60.163967 2.328797 -1.04362 -0.294024 1.679685 0.833256 -14.218197 0.093212 1.300579 -34.212021 -0.287569 0.967173 -20.033197 0.964534 1.212846 -1e-06 0.0 0.0 -3.440384 0.788233 0.501654 -15.928172 -3.16731 2.999705 -6.338821 -2e-06 -1e-06 -18.12343 3.648179 -4.905663 -3e-06 -0.0 -3e-06 12.341017 11.088538 9.939263 63.308819 7.891125 13.334606 -0.167618 22.968102 -0.099098 1.127113 5.853965 1.508402 2.243539 -5.255032 -3.180155 14.282881 -0.826593 6.952497 -4e-06 -12.690593 0.0 15.955968 -17.848415 2.648811 1.665665 -1.95592 -2.878299 4.727795 -4.170583 4.993921 11.020517 5e-06 -2e-06 12.109042 -3.735711 -2.86678 -1e-06 -0.0 0.0 1.291984 -1.928547 -1.498088 14.800115 0.56747 3.865607 14.24256 -1.341733 -6.660653 19.631952 0.143928 -0.648244 49.902027 -0.633528 -6.337203 0.353029 -1.511149 -0.03194 20.222775 3.684307 2.316632 18.787256 5e-06 3e-06 10.751619 -0.479868 1.397906 3e-06 2e-06 -1e-06 3.273804 0.305947 -0.580109 21.486799 11.830364 2.266134 8.162921 2e-06 2e-06 18.399071 -3.798981 -4.940569 2e-06 -0.0 -1e-06 3.350551 -1.75587 2.056642 0.032115 -0.269092 5.860518 -3.525692 3.886428 -9.841705 1.638396 -1.829288 -1.028099 0.0 0.0 2e-06 -5.581847 -6.208444 4.646186 -0.039913 0.21891 2.339772 8.662284 -5.023983 -9.648355 -1.397869 0.956465 -2.059912 0.0 0.0 -1e-06 
0.0 0.0 0.0 0.0 -0.0 0.0 -1.502615 98.98214 7.678787 -0.65849 0.950707 2.159945 0.621729 -0.055326 -1.150815 -0.160074 -0.008023 -5.148818 0.269859 -1.683631 9.260421 2.311625 1.912671 4.124436 -0.467075 0.30306 -3.600501 -1.896485 0.264705 -4.6358 7.7e-05 -2.3e-05 6e-06 0.005056 0.024927 -0.011497 0.737 -3.696237 -10.567962 -0.731903 3.749931 -10.573092 -10.529315 -7.865367 10.100973 -61.574326 -13.034733 23.466217 0.206961 -15.778888 -0.075622 -1.697601 -8.843908 -10.390783 -5.882102 9.861281 0.702589 -10.936866 -0.360576 7.1562 1e-06 8.774821 -3e-06 -16.223766 18.038811 5.969175 -1.844031 2.498503 -2.507277 -10.163594 4.678941 4.621107 -20.976013 -5e-06 2e-06 -21.226273 2.451695 -3.593999 1e-06 -6e-06 -1e-06 -1.362681 2.240797 -0.746323 -21.334904 0.584907 3.008319 -13.821208 -5e-06 -0.0 -23.887159 -0.249081 -0.839482 -60.155991 2.328555 -1.040491 -0.294024 1.679687 0.833257 -14.218201 0.093214 1.300582 -34.212032 -0.287566 0.967169 -20.033201 0.964534 1.212841 -1e-06 -1e-06 -2e-06 -3.440388 0.788232 0.501655 -15.928176 -3.167309 2.999704 -6.338823 -1e-06 -1e-06 -18.123436 3.648182 -4.90567 -2e-06 1e-06 -2e-06 12.310954 11.02127 9.926959 63.472839 7.860884 13.573923 -0.186058 23.121691 -0.104284 1.092389 5.65034 1.734957 2.243541 -5.255037 -3.180159 14.282897 -0.826594 6.952505 -4e-06 -12.690605 4e-06 15.942643 -17.833 2.65065 1.665667 -1.955922 -2.878298 4.727801 -4.170588 4.993925 11.020529 3e-06 0.0 12.109057 -3.735715 -2.866783 0.0 -1e-06 -2e-06 1.291986 -1.92855 -1.49809 14.800132 0.567468 3.865611 14.242577 -1.341735 -6.660656 19.631973 0.143925 -0.648241 49.872009 -0.612245 -6.306872 0.35303 -1.51115 -0.03194 20.222799 3.68431 2.316633 18.787279 4e-06 2e-06 10.751634 -0.479868 1.397908 2e-06 2e-06 -1e-06 3.273808 0.305946 -0.580112 21.486824 11.830378 2.266136 8.162931 4e-06 1e-06 18.399088 -3.798986 -4.940573 4e-06 -0.0 -0.0 3.373327 -1.967954 1.81369 0.037402 -0.273029 6.240987 -3.502634 3.941682 -10.494283 1.635415 -1.825631 -1.125971 0.0 -0.0 2e-06 -5.552368 -6.391646 4.661095 -0.041294 0.229982 2.315497 8.681411 -4.977935 -10.049456 -1.39988 0.942944 -2.137275 0.0 0.0 -1e-06 
0.0 0.0 0.0 0.0 -0.0 0.0 -1.432941 98.902847 8.015552 -0.704632 1.053806 2.482528 0.664138 -0.034415 -1.18427 -0.15285 0.009095 -5.16958 0.313714 -1.694436 9.276027 2.338145 1.917423 4.105651 -0.469328 0.292945 -3.581326 -1.930518 0.234857 -4.802086 7.7e-05 -2.3e-05 6e-06 0.004787 0.031363 -0.006626 0.73899 -3.691562 -10.582611 -0.734413 3.758249 -10.585676 -10.609744 -7.721966 10.063354 -61.785969 -12.979606 23.368279 0.209801 -15.960882 -0.077194 -1.711875 -8.940588 -10.58077 -5.882102 9.861281 0.702589 -10.936863 -0.360573 7.156203 -1e-06 8.774821 -4e-06 -16.239021 18.041872 5.984349 -1.844031 2.498505 -2.507276 -10.163592 4.678945 4.621108 -20.976006 1e-06 4e-06 -21.226269 2.4517 -3.593999 -0.0 -6e-06 1e-06 -1.36268 2.240797 -0.746323 -21.334896 0.584913 3.008322 -13.821203 -0.0 2e-06 -23.887154 -0.249076 -0.839485 -60.160511 2.343598 -1.035236 -0.294025 1.679688 0.833256 -14.218197 0.093218 1.300581 -34.212021 -0.287556 0.967168 -20.033197 0.964539 1.212842 -1e-06 1e-06 -1e-06 -3.440386 0.788233 0.501657 -15.928172 -3.167306 2.999708 -6.33882 0.0 1e-06 -18.123434 3.648184 -4.905666 -2e-06 -0.0 -1e-06 12.313734 10.984541 9.978832 63.565178 7.839499 13.803102 -0.204377 23.261461 -0.10397 1.069968 5.465745 1.935957 2.243539 -5.255032 -3.180156 14.282876 -0.826593 6.952497 -2e-06 -12.690592 0.0 15.942601 -17.825794 2.646042 1.665665 -1.955919 -2.878296 4.727794 -4.170583 4.993919 11.020512 2e-06 -2e-06 12.109038 -3.735712 -2.86678 -1e-06 -1e-06 -2e-06 1.291985 -1.928548 -1.498087 14.800112 0.567467 3.865602 14.242557 -1.341736 -6.660649 19.631943 0.143925 -0.648243 49.839931 -0.570548 -6.290649 0.353028 -1.511149 -0.031939 20.222769 3.684307 2.316629 18.787251 5e-06 1e-06 10.751617 -0.479868 1.397906 1e-06 2e-06 -2e-06 3.273802 0.305946 -0.58011 21.486788 11.830362 2.266132 8.162915 2e-06 1e-06 18.399063 -3.798982 -4.940569 4e-06 -0.0 -0.0 3.354264 -2.20985 1.632383 0.043088 -0.277075 6.551382 -3.424266 4.02127 -11.16884 1.633383 -1.833864 -1.256496 -0.0 0.0 2e-06 -5.560095 -6.622982 4.703025 -0.041065 0.244525 2.27699 8.694497 -4.8674 -10.489771 -1.402157 0.9247 -2.214622 0.0 0.0 -1e-06 
0.0 0.0 0.0 0.0 -0.0 0.0 -1.331396 98.803642 8.474999 -0.720864 1.135164 2.854941 0.688805 -0.010651 -1.228799 -0.147648 0.035567 -5.197734 0.368701 -1.680442 9.285709 2.405754 1.915941 4.09093 -0.472652 0.24497 -3.56104 -1.992713 0.186267 -4.985589 7.7e-05 -2.2e-05 6e-06 0.005591 0.034962 -0.000466 0.737828 -3.689273 -10.588586 -0.731478 3.763554 -10.589701 -10.736261 -7.548736 10.01897 -62.037323 -12.833983 23.124434 0.221957 -16.109783 -0.085352 -1.764725 -9.017797 -10.907343 -5.882102 9.861279 0.702592 -10.936866 -0.360574 7.156203 1e-06 8.77482 0.0 -16.273453 18.049295 5.994377 -1.844031 2.498502 -2.507276 -10.163594 4.678942 4.621109 -20.976013 -4e-06 2e-06 -21.226273 2.451695 -3.593997 0.0 -6e-06 -0.0 -1.362681 2.240798 -0.746322 -21.334906 0.584909 3.008324 -13.821209 -2e-06 2e-06 -23.887161 -0.249078 -0.839481 -60.164761 2.343035 -1.022634 -0.294025 1.679686 0.833255 -14.218201 0.093214 1.30058 -34.212032 -0.287565 0.967173 -20.033201 0.964536 1.212842 -2e-06 -2e-06 0.0 -3.440387 0.788233 0.501654 -15.928181 -3.167308 2.999707 -6.338824 -3e-06 1e-06 -18.123444 3.648182 -4.905664 -1e-06 1e-06 -2e-06 12.361137 10.976862 10.058939 63.555225 7.803354 13.998973 -0.177589 23.381908 -0.093465 1.136891 5.289553 2.252719 2.243541 -5.255036 -3.180157 14.282891 -0.826592 6.952499 -5e-06 -12.690603 -0.0 15.953294 -17.838072 2.63753 1.665666 -1.955921 -2.878299 4.727798 -4.170587 4.993924 11.020526 5e-06 -4e-06 12.109052 -3.735713 -2.866785 -0.0 -0.0 -2e-06 1.291985 -1.928548 -1.498088 14.800127 0.567471 3.865604 14.242571 -1.341733 -6.660657 19.631968 0.14393 -0.648241 49.832401 -0.525687 -6.286602 0.353028 -1.51115 -0.031942 20.222794 3.684314 2.316628 18.787273 9e-06 1e-06 10.751625 -0.479868 1.397907 1e-06 0.0 -2e-06 3.273807 0.305947 -0.580112 21.486813 11.830379 2.266131 8.162926 3e-06 -1e-06 18.399078 -3.798981 -4.940573 3e-06 1e-06 -1e-06 3.271806 -2.488478 1.529885 0.049555 -0.279256 6.749232 -3.305776 4.136373 -11.899827 1.631987 -1.846144 -1.403561 -0.0 0.0 2e-06 -5.638336 -6.908879 4.770784 -0.037742 0.248857 2.215209 8.7786 -4.682587 -10.982923 -1.403508 0.90904 -2.308107 -0.0 -0.0 -1e-06 
0.0 0.0 0.0 0.0 -0.0 0.0 -1.199012 98.694702 9.032612 -0.711398 1.199967 3.304044 0.698964 0.020274 -1.290668 -0.144088 0.051214 -5.236565 0.429978 -1.627385 9.291334 2.524326 1.88564 4.062385 -0.467429 0.167395 -3.544891 -2.063336 0.121073 -5.185037 7.7e-05 -2.2e-05 6e-06 0.006505 0.03025 0.004242 0.732369 -3.692879 -10.582449 -0.723881 3.758123 -10.582625 -10.850517 -7.388863 9.975203 -62.294209 -12.60132 22.76539 0.233298 -16.130852 -0.097371 -1.923744 -9.038565 -11.251995 -5.882101 9.861277 0.70259 -10.936863 -0.360574 7.156203 0.0 8.774819 0.0 -16.291758 18.04471 5.988727 -1.844031 2.498503 -2.507277 -10.16359 4.678941 4.621109 -20.976006 -4e-06 3e-06 -21.226269 2.451695 -3.593996 1e-06 -6e-06 -0.0 -1.36268 2.240796 -0.746322 -21.334896 0.584909 3.008323 -13.821203 -2e-06 3e-06 -23.887152 -0.249077 -0.839481 -60.152554 2.314447 -1.018068 -0.294024 1.679686 0.833256 -14.218195 0.093215 1.300581 -34.212017 -0.287561 0.967171 -20.033195 0.964539 1.212846 0.0 -1e-06 -1e-06 -3.440386 0.788233 0.501654 -15.928172 -3.167306 2.999707 -6.338821 -1e-06 1e-06 -18.12343 3.64818 -4.905665 -3e-06 1e-06 -1e-06 12.448341 10.969962 10.154697 63.428158 7.773116 14.133857 -0.116527 23.472948 -0.08677 1.27639 5.167766 2.660368 2.243539 -5.255032 -3.180154 14.282868 -0.826594 6.952492 1e-06 -12.690588 -4e-06 15.956569 -17.850237 2.635058 1.665664 -1.95592 -2.878292 4.727793 -4.170583 4.993921 11.020509 0.0 0.0 12.109035 -3.735713 -2.866784 -1e-06 -0.0 -1e-06 1.291984 -1.928547 -1.498086 14.800105 0.567464 3.865602 14.242549 -1.341739 -6.660646 19.631935 0.143921 -0.648245 49.879944 -0.502047 -6.273676 0.353028 -1.511149 -0.03194 20.222757 3.684302 2.316626 18.787243 2e-06 -1e-06 10.751613 -0.479869 1.397901 -1e-06 2e-06 -0.0 3.273802 0.305946 -0.580109 21.48678 11.830358 2.266132 8.162915 2e-06 -1e-06 18.399055 -3.798982 -4.940572 4e-06 1e-06 -1e-06 3.138062 -2.78849 1.452355 0.055462 -0.28424 6.856106 -3.173282 4.286296 -12.653502 1.629723 -1.853405 -1.547248 -0.0 0.0 2e-06 -5.763378 -7.191441 4.798542 -0.034618 0.260968 2.165632 8.919488 -4.524714 -11.523451 -1.404062 0.89611 -2.421733 0.0 0.0 -1e-06 
0.0 0.0 0.0 0.0 -0.0 0.0 -1.028096 98.574394 9.667185 -0.672763 1.26411 3.854338 0.686781 0.04823 -1.360293 -0.146477 0.07297 -5.27639 0.493534 -1.556584 9.280817 2.720688 1.820552 4.023191 -0.469356 0.078811 -3.541646 -2.136195 0.01329 -5.426582 7.7e-05 -2.3e-05 6e-06 0.00783 0.018077 0.0044 0.725439 -3.702538 -10.574649 -0.71386 3.743897 -10.575231 -10.841277 -7.284805 9.955497 -62.58889 -12.283763 22.204863 0.228063 -16.012312 -0.098312 -2.190589 -8.931005 -11.433887 -5.882112 9.861293 0.702591 -10.936877 -0.360572 7.156208 -2e-06 8.774831 1e-06 -16.326746 18.026274 5.941636 -1.844034 2.498508 -2.507279 -10.163606 4.678951 4.62111 -20.976034 2e-06 1e-06 -21.226301 2.451701 -3.594007 0.0 -5e-06 -1e-06 -1.362683 2.2408 -0.746324 -21.334925 0.584914 3.008323 -13.821221 0.0 1e-06 -23.887184 -0.249076 -0.839487 -60.115543 2.265943 -1.041853 -0.294025 1.679688 0.833257 -14.218215 0.093218 1.300578 -34.212067 -0.287558 0.967165 -20.033222 0.964536 1.212839 -0.0 -1e-06 1e-06 -3.440391 0.788236 0.501654 -15.928194 -3.167308 2.999707 -6.338831 1e-06 2e-06 -18.123459 3.648188 -4.905676 -2e-06 1e-06 -0.0 12.461488 10.973372 10.273632 63.269909 7.768765 14.228766 -0.048123 23.579136 -0.0795 1.403107 5.104923 3.06144 2.243541 -5.255033 -3.180156 14.282879 -0.826595 6.952496 -0.0 -12.690599 -2e-06 15.942431 -17.868225 2.642506 1.665664 -1.955921 -2.878299 4.727796 -4.170587 4.99392 11.020518 1e-06 -2e-06 12.109044 -3.735715 -2.866786 0.0 0.0 -1e-06 1.291984 -1.928549 -1.498088 14.800115 0.567467 3.865601 14.24256 -1.341738 -6.660655 19.631948 0.143924 -0.648247 49.962727 -0.508795 -6.251726 0.353028 -1.511149 -0.031941 20.222775 3.684305 2.316628 18.787258 4e-06 -5e-06 10.751619 -0.47987 1.397903 0.0 2e-06 0.0 3.273804 0.305947 -0.580111 21.486792 11.830365 2.266127 8.162921 2e-06 -1e-06 18.399067 -3.798984 -4.940574 3e-06 0.0 -1e-06 2.958605 -3.066922 1.377837 0.056438 -0.291896 6.878708 -3.055168 4.459569 -13.438095 1.628178 -1.850307 -1.658423 -0.0 0.0 2e-06 -5.92762 -7.432786 4.724679 -0.024108 0.281822 2.230726 9.124657 -4.421279 -12.164297 -1.404262 0.892379 -2.532337 0.0 0.0 -1e-06 
0.0 0.0 0.0 0.0 -0.0 0.0 -0.831755 98.444344 10.424806 -0.594395 1.345556 4.520778 0.621287 0.060584 -1.424041 -0.155845 0.120591 -5.3145 0.557671 -1.482478 9.229809 3.031371 1.715619 4.00249 -0.514503 -0.001604 -3.568172 -2.174133 -0.155247 -5.738006 7.7e-05 -2.2e-05 6e-06 0.009122 0.015091 0.002203 0.719862 -3.702438 -10.567596 -0.705258 3.738282 -10.569145 -10.594543 -7.249852 9.963814 -62.950966 -11.842042 21.485332 0.228936 -15.907767 -0.084567 -2.470827 -8.633884 -11.575727 -5.882105 9.861284 0.702589 -10.93687 -0.360575 7.156203 1e-06 8.774824 -4e-06 -16.388525 18.001822 5.870238 -1.844032 2.498503 -2.507276 -10.163597 4.678942 4.621107 -20.976017 -4e-06 3e-06 -21.226284 2.451695 -3.593998 1e-06 -6e-06 -0.0 -1.362682 2.240798 -0.746322 -21.334911 0.584908 3.008321 -13.821209 -3e-06 2e-06 -23.887169 -0.249079 -0.839483 -60.069118 2.203201 -1.084806 -0.294024 1.679687 0.833255 -14.218205 0.093213 1.30058 -34.212036 -0.287566 0.967171 -20.033205 0.964534 1.212843 0.0 0.0 -2e-06 -3.440388 0.788232 0.501654 -15.928185 -3.16731 2.999705 -6.338827 -2e-06 -1e-06 -18.123444 3.648181 -4.90567 -2e-06 0.0 -3e-06 12.294097 10.993005 10.376401 63.170872 7.714497 14.3395 0.004418 23.852371 -0.06883 1.474257 5.099154 3.358922 2.243541 -5.255035 -3.180155 14.282884 -0.826593 6.952492 -3e-06 -12.690601 -1e-06 15.903312 -17.88261 2.656863 1.665666 -1.955922 -2.878297 4.727796 -4.170586 4.993918 11.020522 4e-06 -2e-06 12.109048 -3.735713 -2.866785 -0.0 -0.0 -1e-06 1.291986 -1.92855 -1.498088 14.800122 0.56747 3.865597 14.242568 -1.341735 -6.660655 19.631964 0.14393 -0.648248 50.033726 -0.533412 -6.258709 0.353028 -1.51115 -0.031941 20.222784 3.68431 2.316626 18.787266 9e-06 -5e-06 10.751624 -0.479865 1.397903 0.0 1e-06 -2e-06 3.273806 0.305947 -0.58011 21.486805 11.830372 2.266129 8.162923 4e-06 -2e-06 18.399075 -3.798978 -4.940578 4e-06 -0.0 -0.0 2.730145 -3.27781 1.305696 0.058927 -0.295486 6.785904 -2.945643 4.606704 -14.250628 1.625987 -1.840103 -1.769339 -0.0 0.0 2e-06 -6.120605 -7.546328 4.506773 -0.008148 0.294295 2.487123 9.367415 -4.408093 -12.954844 -1.404656 0.893743 -2.654047 0.0 0.0 -1e-06 
0.0 0.0 0.0 0.0 -0.0 0.0 -0.622456 98.297585 11.332102 -0.435293 1.454729 5.332089 0.448558 0.052745 -1.476221 -0.187498 0.190432 -5.349448 0.596737 -1.435035 9.118768 3.512751 1.543214 4.029095 -0.586234 -0.092299 -3.617477 -2.196838 -0.326596 -6.196342 7.7e-05 -2.3e-05 6e-06 0.009921 0.014767 -0.000365 0.717796 -3.700609 -10.569567 -0.701171 3.735805 -10.571806 -9.974776 -7.293011 10.019247 -63.388813 -11.274533 20.762871 0.247644 -16.025785 -0.068293 -2.726475 -8.125048 -11.939656 -5.882099 9.861276 0.70259 -10.936859 -0.360576 7.1562 0.0 8.774816 -4e-06 -16.44985 17.981668 5.795314 -1.844031 2.498503 -2.507276 -10.16359 4.678939 4.621105 -20.976002 -3e-06 2e-06 -21.226263 2.451695 -3.593997 2e-06 -5e-06 -2e-06 -1.36268 2.240796 -0.746324 -21.334888 0.584908 3.008319 -13.821197 -2e-06 3e-06 -23.887142 -0.249079 -0.839482 -59.983868 2.146852 -1.132285 -0.294025 1.679686 0.833256 -14.218193 0.093215 1.30058 -34.212013 -0.287562 0.967171 -20.033192 0.964535 1.212842 -0.0 -1e-06 -2e-06 -3.440385 0.788232 0.501655 -15.92817 -3.167306 2.999707 -6.338821 -1e-06 3e-06 -18.123426 3.648179 -4.905666 -2e-06 1e-06 -3e-06 11.863356 11.018136 10.425962 63.195126 7.579309 14.471908 0.092749 24.368219 -0.052925 1.51698 5.150067 3.675235 2.243541 -5.255035 -3.180156 14.282881 -0.826597 6.952497 1e-06 -12.690598 -0.0 15.881537 -17.887003 2.659389 1.665664 -1.955921 -2.878298 4.727796 -4.170585 4.993922 11.020517 0.0 -1e-06 12.109043 -3.735717 -2.866783 0.0 0.0 -2e-06 1.291985 -1.928549 -1.498089 14.80012 0.567465 3.865608 14.242563 -1.341738 -6.660655 19.631954 0.143923 -0.648248 50.053341 -0.581173 -6.311563 0.353029 -1.511149 -0.031939 20.222778 3.684304 2.316628 18.787264 2e-06 -3e-06 10.751622 -0.479868 1.397903 0.0 1e-06 0.0 3.273805 0.305947 -0.58011 21.486797 11.830364 2.26613 8.162923 1e-06 -2e-06 18.399071 -3.798986 -4.940577 4e-06 -0.0 1e-06 2.421051 -3.490973 1.188929 0.060689 -0.284709 6.598087 -2.837066 4.735077 -15.070881 1.622288 -1.835285 -1.904827 0.0 -0.0 2e-06 -6.361485 -7.460946 3.997625 0.004888 0.288083 3.171229 9.623743 -4.535176 -13.938636 -1.406629 0.881459 -2.824506 -0.0 0.0 -1e-06 
0.0 0.0 0.0 0.0 -0.0 0.0 -0.419116 98.099777 12.434662 -0.117035 1.603309 6.300931 0.100796 0.018287 -1.505786 -0.267562 0.257788 -5.372241 0.565156 -1.408063 8.903346 4.212643 1.302327 4.191673 -0.649236 -0.224803 -3.673672 -2.242854 -0.49631 -6.890394 7.7e-05 -2.2e-05 6e-06 0.009802 0.009043 -0.00077 0.722405 -3.705945 -10.582848 -0.705499 3.729285 -10.584503 -8.935147 -7.497507 10.133049 -63.844334 -10.518962 20.24383 0.260118 -16.51438 -0.048912 -3.07863 -7.537615 -12.44304 -5.882101 9.861279 0.702589 -10.936864 -0.360576 7.156198 2e-06 8.774821 -2e-06 -16.51358 17.965893 5.722927 -1.844031 2.498502 -2.507277 -10.163592 4.67894 4.621106 -20.976009 -6e-06 3e-06 -21.226271 2.451695 -3.593997 1e-06 -5e-06 -2e-06 -1.362681 2.240797 -0.746323 -21.3349 0.584907 3.008322 -13.821205 -4e-06 1e-06 -23.887156 -0.24908 -0.839481 -59.872154 2.112068 -1.194609 -0.294024 1.679686 0.833256 -14.218199 0.093213 1.300579 -34.212025 -0.287567 0.967172 -20.033201 0.964535 1.212842 -0.0 -1e-06 -1e-06 -3.440386 0.788233 0.501655 -15.928176 -3.167308 2.999704 -6.338822 -2e-06 2e-06 -18.12343 3.648179 -4.905666 -2e-06 1e-06 -3e-06 11.132215 11.040041 10.461912 63.445538 7.418647 14.689944 0.169183 24.98382 -0.054221 1.619017 5.279489 4.01854 2.243541 -5.255034 -3.180158 14.282885 -0.826592 6.952495 -4e-06 -12.690597 -2e-06 15.922156 -17.874043 2.64871 1.665666 -1.955921 -2.878296 4.727797 -4.170584 4.993919 11.020522 5e-06 -1e-06 12.109049 -3.735712 -2.866782 0.0 -0.0 0.0 1.291985 -1.928549 -1.49809 14.80012 0.56747 3.865604 14.242564 -1.341734 -6.660654 19.631956 0.143929 -0.648242 50.012753 -0.657656 -6.370404 0.353029 -1.511149 -0.031941 20.222784 3.68431 2.316625 18.787266 8e-06 -2e-06 10.751625 -0.479865 1.397906 1e-06 0.0 0.0 3.273807 0.305946 -0.58011 21.486807 11.830372 2.266129 8.162924 5e-06 -1e-06 18.399076 -3.79898 -4.940571 4e-06 -0.0 1e-06 1.987034 -3.728376 1.011519 0.051503 -0.259618 6.345939 -2.77368 4.824118 -15.910645 1.619559 -1.842626 -2.083349 -0.0 0.0 2e-06 -6.709591 -7.089199 2.879773 0.023369 0.245269 4.945278 9.758721 -4.788724 -15.258858 -1.410012 0.845552 -3.038743 0.0 0.0 -1e-06 
0.0 0.0 0.0 0.0 -0.0 0.0 -0.263313 97.893539 13.779348 0.459995 1.817181 7.326888 -0.470943 -0.029903 -1.424767 -0.390305 0.294537 -5.358101 0.365359 -1.403824 8.69001 5.035281 1.058632 4.254875 -0.7133 -0.2417 -3.70908 -2.263932 -0.766273 -7.683506 7.7e-05 -2.2e-05 6e-06 0.00858 0.037954 -0.009956 0.719747 -3.671679 -10.583938 -0.704967 3.752682 -10.585201 -7.772327 -7.839217 10.316846 -63.93988 -9.847275 20.320461 0.211673 -17.242867 -0.027547 -3.632189 -7.165125 -12.863997 -5.882104 9.861283 0.70259 -10.936866 -0.360573 7.156204 -1e-06 8.774822 -3e-06 -16.626184 17.998182 5.652847 -1.844031 2.498504 -2.507277 -10.163594 4.678944 4.621107 -20.976009 -2e-06 2e-06 -21.226273 2.451698 -3.594001 1e-06 -7e-06 -0.0 -1.362681 2.240798 -0.746324 -21.334904 0.584911 3.008321 -13.821206 -1e-06 3e-06 -23.887161 -0.249077 -0.839485 -59.843052 2.032022 -1.224785 -0.294024 1.679686 0.833256 -14.2182 0.093216 1.300581 -34.212029 -0.287561 0.967169 -20.033201 0.964537 1.21284 -0.0 -1e-06 0.0 -3.440387 0.788234 0.501655 -15.928177 -3.167307 2.999706 -6.338823 -1e-06 1e-06 -18.123438 3.648183 -4.905669 -2e-06 1e-06 -2e-06 10.278359 11.000438 10.630382 63.902916 7.455205 14.849526 0.11296 25.50848 -0.073234 1.657536 5.620922 3.995942 2.243542 -5.255038 -3.180156 14.282887 -0.826596 6.952498 -1e-06 -12.690602 2e-06 15.998034 -17.813053 2.67258 1.665666 -1.955922 -2.878298 4.727797 -4.170588 4.993919 11.020524 2e-06 -2e-06 12.109051 -3.735716 -2.866786 0.0 0.0 -1e-06 1.291986 -1.92855 -1.498089 14.800125 0.567466 3.865603 14.24257 -1.341738 -6.660658 19.631962 0.143926 -0.648246 49.852081 -0.657752 -6.34916 0.353029 -1.511151 -0.031941 20.222786 3.684308 2.316626 18.78727 4e-06 -4e-06 10.751625 -0.479868 1.397904 1e-06 0.0 0.0 3.273807 0.305946 -0.58011 21.486809 11.830374 2.266129 8.162925 2e-06 -3e-06 18.39908 -3.798984 -4.940576 4e-06 1e-06 0.0 1.299693 -4.225106 0.809906 0.038466 -0.201587 6.149421 -2.802884 4.919526 -16.772005 1.61016 -1.82573 -2.208237 0.0 -0.0 2e-06 -7.263918 -6.578059 0.647349 -0.005763 0.332602 9.019955 9.827482 -5.27457 -17.035536 -1.42415 0.838842 -3.242849 -0.0 -0.0 -1e-06 
0.0 0.0 0.0 0.0 -0.0 0.0 -0.180718 97.520576 15.248667 1.125954 2.008155 8.193252 -1.048218 -0.132693 -1.149262 -0.553572 0.22636 -5.243468 -0.005232 -1.360891 8.592309 5.830628 0.769 4.181594 -0.783609 -0.300908 -3.74496 -2.226575 -1.017267 -8.578295 7.7e-05 -2.2e-05 6e-06 0.009115 -0.011766 -0.024942 0.718084 -3.723099 -10.613835 -0.701835 3.707214 -10.616224 -6.853187 -8.349556 10.489098 -63.517475 -9.140747 20.564976 0.164023 -18.057831 -0.03388 -4.174261 -7.161866 -12.952829 -5.882101 9.861277 0.702592 -10.936865 -0.360576 7.156204 1e-06 8.774818 1e-06 -16.650295 18.03385 5.631706 -1.84403 2.498502 -2.507276 -10.163593 4.67894 4.621109 -20.976006 -5e-06 7e-06 -21.226271 2.451694 -3.593993 0.0 -7e-06 -1e-06 -1.36268 2.240796 -0.746323 -21.3349 0.584907 3.008325 -13.821202 -3e-06 4e-06 -23.887154 -0.249078 -0.839477 -59.855824 2.135471 -1.302956 -0.294024 1.679685 0.833255 -14.218199 0.093212 1.300582 -34.212021 -0.287564 0.967178 -20.033201 0.964537 1.212848 -1e-06 -0.0 -1e-06 -3.440386 0.788231 0.501656 -15.928177 -3.167308 2.999709 -6.338822 -2e-06 4e-06 -18.123436 3.648178 -4.905663 -2e-06 -0.0 -3e-06 9.482998 10.893432 10.553013 64.46772 7.313668 14.641964 0.005474 25.952457 -0.111477 1.614928 6.035995 3.138926 2.243537 -5.255032 -3.180159 14.282873 -0.826591 6.9525 -4e-06 -12.690593 0.0 16.092825 -17.801687 2.683795 1.665664 -1.955919 -2.878297 4.727793 -4.170582 4.993923 11.020512 5e-06 0.0 12.109035 -3.735709 -2.86678 0.0 0.0 -3e-06 1.291982 -1.928548 -1.498088 14.800114 0.56747 3.865608 14.242552 -1.341734 -6.660649 19.631945 0.143926 -0.648239 49.894608 -0.662164 -6.317758 0.353028 -1.511149 -0.031941 20.222767 3.684309 2.316633 18.787251 6e-06 4e-06 10.751616 -0.479868 1.397906 0.0 -0.0 1e-06 3.273802 0.305948 -0.58011 21.486792 11.830366 2.266138 8.162919 3e-06 3e-06 18.399059 -3.798985 -4.940561 4e-06 -0.0 -0.0 0.610861 -4.546865 0.644795 0.023327 -0.174231 6.414763 -3.122115 4.869205 -17.627764 1.614593 -1.806743 -2.365436 -0.0 -0.0 2e-06 -7.826447 -5.939438 -2.772334 -0.052338 0.329456 15.910569 9.860968 -5.734935 -18.961002 -1.430167 0.855006 -3.757101 0.0 0.0 -1e-06 
0.0 0.0 0.0 0.0 -0.0 0.0 -0.185276 97.031387 16.862934 1.735171 2.116526 8.782224 -1.537902 -0.238627 -0.634171 -0.698889 0.173865 -4.941597 -0.51105 -1.449485 8.693779 6.432049 0.540771 3.831075 -0.810874 -0.149891 -3.724134 -2.198812 -1.30841 -9.60103 7.7e-05 -2.2e-05 6e-06 0.009197 0.001788 -0.01807 0.726057 -3.72112 -10.645976 -0.709849 3.737642 -10.649261 -6.46083 -8.982044 10.694839 -62.503784 -8.641109 20.818686 0.185151 -18.629684 -0.078349 -4.133142 -7.408748 -13.694556 -5.882103 9.861278 0.70259 -10.936863 -0.360574 7.156201 -0.0 8.774818 2e-06 -16.603922 18.020725 5.668914 -1.844031 2.498502 -2.507276 -10.163592 4.678942 4.621107 -20.976006 -2e-06 0.0 -21.226271 2.451694 -3.594 1e-06 -6e-06 -1e-06 -1.362681 2.240796 -0.746324 -21.3349 0.584911 3.008321 -13.821204 -2e-06 1e-06 -23.887156 -0.249079 -0.839484 -59.986103 2.207858 -1.138673 -0.294025 1.679685 0.833256 -14.218199 0.093216 1.300578 -34.212032 -0.287563 0.967167 -20.033201 0.964536 1.21284 -1e-06 -2e-06 -1e-06 -3.440386 0.788233 0.501654 -15.928176 -3.167306 2.999705 -6.338822 -1e-06 3e-06 -18.123436 3.648178 -4.905668 -3e-06 0.0 -2e-06 8.956637 10.709641 10.360264 65.009628 7.206807 13.537606 -0.138583 26.05941 -0.178899 1.33189 6.723162 1.488196 2.243539 -5.25503 -3.180156 14.282875 -0.826592 6.952496 -5e-06 -12.690593 2e-06 16.130642 -17.813419 2.714 1.665664 -1.95592 -2.878296 4.727792 -4.170582 4.993919 11.020514 5e-06 -2e-06 12.109037 -3.735711 -2.866779 0.0 -0.0 -1e-06 1.291984 -1.928548 -1.498088 14.800112 0.567468 3.865604 14.242557 -1.341734 -6.660649 19.631945 0.143928 -0.648243 49.969856 -0.805116 -6.376204 0.353028 -1.511149 -0.031941 20.222769 3.684308 2.316627 18.787254 8e-06 1e-06 10.751617 -0.479867 1.397907 0.0 2e-06 -2e-06 3.273803 0.305947 -0.580108 21.48679 11.830363 2.266127 8.162919 4e-06 1e-06 18.399063 -3.79898 -4.940567 3e-06 1e-06 -2e-06 -0.041662 -4.873968 0.591488 0.040454 -0.23015 7.262294 -3.50513 5.068067 -18.836582 1.603711 -1.785937 -2.435555 0.0 -0.0 2e-06 -8.373181 -5.688393 -7.395415 -0.023645 0.490529 25.721813 9.858432 -6.23815 -20.050648 -1.445288 0.910139 -4.667187 0.0 0.0 -1e-06 
0.0 0.0 0.0 0.0 -0.0 0.0 -0.280101 96.500008 18.589602 2.077555 1.947497 9.188937 -1.86282 -0.323139 0.049992 -0.814674 0.011795 -4.637445 -0.935927 -1.550993 9.020433 6.838591 0.444718 3.37611 -0.837442 -0.098231 -3.702639 -2.122751 -1.297 -10.61226 7.7e-05 -2.2e-05 6e-06 0.007622 -0.030536 -0.011537 0.718826 -3.756828 -10.651802 -0.705297 3.709389 -10.659255 -6.449651 -9.45399 10.950397 -61.353252 -8.491887 20.48472 0.33192 -18.695362 -0.14041 -3.667247 -7.566955 -14.305914 -5.882102 9.861281 0.702591 -10.936867 -0.360576 7.156204 2e-06 8.774822 -2e-06 -16.535475 18.058928 5.676157 -1.844031 2.498503 -2.507277 -10.163596 4.678943 4.621108 -20.976019 -6e-06 4e-06 -21.226278 2.451694 -3.593996 0.0 -7e-06 -1e-06 -1.362681 2.240798 -0.746324 -21.334906 0.584907 3.008323 -13.82121 -3e-06 4e-06 -23.887163 -0.24908 -0.839478 -59.992672 2.269226 -1.233826 -0.294025 1.679687 0.833256 -14.218205 0.093213 1.300582 -34.212036 -0.287566 0.967174 -20.033209 0.964537 1.212847 -1e-06 -2e-06 -1e-06 -3.440387 0.788233 0.501657 -15.928183 -3.16731 2.999708 -6.338825 -2e-06 3e-06 -18.123442 3.648179 -4.905665 -2e-06 1e-06 -2e-06 8.619699 10.631509 10.298393 65.457718 7.323365 12.148065 -0.336048 25.873827 -0.216439 0.964796 7.494573 -0.715418 2.243541 -5.255035 -3.180155 14.282887 -0.826594 6.952498 -3e-06 -12.690602 1e-06 16.186947 -17.799217 2.675851 1.665666 -1.95592 -2.878299 4.727798 -4.170586 4.993922 11.020526 4e-06 -2e-06 12.109052 -3.735713 -2.866784 -1e-06 -0.0 1e-06 1.291986 -1.928548 -1.498088 14.800125 0.567468 3.865605 14.24257 -1.341735 -6.660657 19.631966 0.143928 -0.648244 50.042446 -0.790085 -6.351167 0.353029 -1.51115 -0.031941 20.222786 3.684309 2.316628 18.78727 6e-06 -3e-06 10.751627 -0.479867 1.397905 1e-06 1e-06 1e-06 3.273806 0.305948 -0.580113 21.486809 11.830371 2.266128 8.162924 3e-06 -2e-06 18.399076 -3.798982 -4.940574 3e-06 0.0 0.0 -0.428448 -4.879525 0.675325 0.046817 -0.262989 8.48293 -3.755169 5.264964 -20.181873 1.606808 -1.7488 -2.359108 0.0 -0.0 2e-06 -8.458299 -5.872899 -12.868287 0.040297 0.538636 36.544445 9.601215 -6.048323 -20.330376 -1.452759 0.942396 -5.29827 0.0 -0.0 -1e-06 
0.0 0.0 0.0 0.0 -0.0 0.0 -0.450606 95.877419 20.541725 2.151535 1.52942 9.567254 -2.039202 -0.434374 0.72742 -0.880016 -0.14893 -4.321936 -1.256725 -1.667544 9.491386 7.127794 0.484307 2.853075 -0.82879 -0.043525 -3.679821 -2.071476 -1.08666 -11.569337 7.7e-05 -2.3e-05 6e-06 0.007252 -0.060268 0.006138 0.714539 -3.789058 -10.656164 -0.701261 3.681709 -10.667474 -6.551293 -9.911116 11.225313 -60.385906 -8.678517 19.800669 0.384127 -18.418299 -0.1621 -2.739813 -7.385289 -15.005095 -5.882102 9.861278 0.70259 -10.936866 -0.360575 7.156202 2e-06 8.774819 -1e-06 -16.502176 18.110392 5.716883 -1.844032 2.498503 -2.507277 -10.163595 4.67894 4.621108 -20.976013 -7e-06 4e-06 -21.226273 2.451694 -3.593997 0.0 -5e-06 -0.0 -1.36268 2.240797 -0.746325 -21.334904 0.584907 3.008322 -13.821206 -4e-06 3e-06 -23.887157 -0.24908 -0.839479 -60.086758 2.292451 -1.290671 -0.294024 1.679686 0.833255 -14.218203 0.093213 1.300579 -34.212032 -0.287564 0.967174 -20.033203 0.964536 1.212844 -1e-06 -2e-06 0.0 -3.440387 0.788232 0.501656 -15.928179 -3.167308 2.999705 -6.338823 -2e-06 2e-06 -18.123436 3.648178 -4.905665 -3e-06 0.0 -1e-06 8.490302 10.690015 10.356818 65.722549 7.647761 10.694929 -0.436607 25.16077 -0.224363 0.806531 7.989134 -2.970292 2.24354 -5.255033 -3.180157 14.282885 -0.826591 6.952502 -5e-06 -12.690597 1e-06 16.179163 -17.858814 2.656885 1.665665 -1.95592 -2.878298 4.727796 -4.170584 4.993923 11.02052 4e-06 0.0 12.109045 -3.735712 -2.866779 0.0 -0.0 1e-06 1.291984 -1.928548 -1.498089 14.800122 0.567469 3.865608 14.242564 -1.341733 -6.660653 19.631958 0.143927 -0.64824 50.13047 -0.781754 -6.408723 0.353029 -1.51115 -0.031939 20.222784 3.68431 2.31663 18.787266 5e-06 3e-06 10.751624 -0.479867 1.397905 0.0 -1e-06 -0.0 3.273805 0.305947 -0.58011 21.486805 11.83037 2.266136 8.162924 2e-06 0.0 18.399071 -3.798982 -4.940569 4e-06 -0.0 -2e-06 -0.532035 -4.726384 0.897458 0.036098 -0.297204 9.825678 -3.890661 5.671313 -21.704269 1.610643 -1.737147 -2.171736 -0.0 -0.0 2e-06 -8.001713 -6.384723 -18.488743 0.114731 0.402447 46.133823 9.317773 -4.525115 -20.363211 -1.467467 0.96724 -5.503109 0.0 -0.0 -1e-06 
0.0 0.0 0.0 0.0 -0.0 0.0 -0.689666 95.155762 22.684578 2.039732 0.930973 10.077612 -2.116466 -0.560986 1.29031 -0.914625 -0.325733 -4.051991 -1.381708 -1.7919 10.017735 7.281876 0.66012 2.32831 -0.820123 0.066579 -3.673492 -2.102646 -0.760534 -12.442701 7.7e-05 -2.2e-05 6e-06 0.007124 -0.086182 0.01882 0.709161 -3.810481 -10.651443 -0.695778 3.650918 -10.66344 -6.572848 -10.336123 11.519567 -59.84993 -9.295498 19.327787 0.259924 -17.965141 -0.147711 -1.66811 -6.914783 -15.425736 -5.8821 9.861278 0.702592 -10.936861 -0.360574 7.156204 -1e-06 8.774819 1e-06 -16.432545 18.094494 5.812961 -1.84403 2.498503 -2.507274 -10.16359 4.678941 4.621107 -20.976002 1e-06 5e-06 -21.226263 2.451699 -3.593995 1e-06 -7e-06 -0.0 -1.36268 2.240796 -0.746323 -21.334888 0.584911 3.008325 -13.821199 -1e-06 6e-06 -23.887142 -0.249073 -0.839479 -60.270321 2.288131 -1.230267 -0.294025 1.679686 0.833255 -14.218195 0.093216 1.300583 -34.212013 -0.287555 0.967178 -20.033194 0.964541 1.212844 -1e-06 -2e-06 -1e-06 -3.440385 0.788233 0.501658 -15.928172 -3.167306 2.999709 -6.338819 0.0 3e-06 -18.123426 3.648185 -4.905662 -2e-06 -0.0 -3e-06 8.647555 10.920977 10.499071 65.599258 8.18291 9.514941 -0.384977 23.604868 -0.163251 1.117996 8.062924 -4.862715 2.24354 -5.255034 -3.180155 14.282882 -0.826594 6.952499 -1e-06 -12.690598 -2e-06 16.197641 -18.020206 2.612498 1.665665 -1.95592 -2.878298 4.727797 -4.170586 4.99392 11.02052 3e-06 -1e-06 12.109047 -3.735716 -2.866781 -1e-06 -0.0 -1e-06 1.291984 -1.928549 -1.498088 14.800118 0.567468 3.865606 14.24256 -1.341738 -6.660652 19.631954 0.143924 -0.648242 50.224541 -0.772542 -6.542423 0.353029 -1.511151 -0.031938 20.222782 3.684307 2.316631 18.787266 4e-06 -1e-06 10.75162 -0.479869 1.397907 -1e-06 0.0 0.0 3.273805 0.305947 -0.58011 21.486799 11.830367 2.266132 8.162922 1e-06 -2e-06 18.399071 -3.798986 -4.940572 1e-06 0.0 -1e-06 -0.433141 -4.422219 1.465855 0.019992 -0.320805 10.665819 -3.975694 6.094557 -23.194481 1.618965 -1.722805 -1.997906 -0.0 0.0 2e-06 -7.037024 -7.083517 -23.98041 0.138988 0.13864 53.494972 8.882415 -2.488879 -20.746201 -1.480108 0.98528 -5.736258 0.0 -0.0 -1e-06 
0.0 0.0 0.0 0.0 -0.0 0.0 -0.991375 94.389809 25.056616 1.781719 0.258251 10.861222 -2.098761 -0.667158 1.672097 -0.900822 -0.575144 -3.862116 -1.284214 -1.899857 10.459658 7.29672 0.904939 1.726671 -0.802047 0.259168 -3.683269 -2.268656 -0.301064 -13.186328 7.7e-05 -2.2e-05 6e-06 0.00398 -0.083667 0.017856 0.704861 -3.801099 -10.658222 -0.697895 3.646812 -10.673733 -6.299294 -10.697373 11.70617 -59.948215 -10.260093 19.646851 -0.024144 -17.548334 -0.094042 -0.838886 -6.378949 -15.164312 -5.882103 9.861283 0.702591 -10.936865 -0.360575 7.1562 1e-06 8.774822 0.0 -16.373423 18.032423 5.915249 -1.844032 2.498504 -2.507274 -10.163595 4.678943 4.621105 -20.976017 -3e-06 2e-06 -21.22628 2.451694 -3.593999 1e-06 -6e-06 -1e-06 -1.362682 2.240798 -0.746324 -21.334906 0.584908 3.008321 -13.82121 -3e-06 1e-06 -23.887165 -0.249081 -0.839482 -60.533344 2.283572 -1.078682 -0.294025 1.679687 0.833256 -14.218204 0.093215 1.300577 -34.212036 -0.287565 0.967168 -20.033205 0.964534 1.212843 -1e-06 -2e-06 -1e-06 -3.440387 0.788233 0.501654 -15.928179 -3.167309 2.999706 -6.338822 -1e-06 0.0 -18.12344 3.64818 -4.90567 -2e-06 -1e-06 -3e-06 9.033528 11.321152 10.640762 65.143036 8.777502 8.666871 -0.254038 21.321062 -0.07197 2.002954 7.520926 -6.299896 2.24354 -5.255033 -3.180156 14.282881 -0.826593 6.9525 -4e-06 -12.690595 1e-06 16.247278 -18.278383 2.594255 1.665665 -1.95592 -2.878298 4.727795 -4.170584 4.993923 11.020519 4e-06 -2e-06 12.109044 -3.735712 -2.866783 -1e-06 1e-06 -0.0 1.291985 -1.928548 -1.498088 14.800118 0.567469 3.865606 14.242561 -1.341733 -6.660653 19.631954 0.143928 -0.648243 50.344036 -0.770836 -6.652039 0.353029 -1.51115 -0.031941 20.222778 3.684308 2.31663 18.787266 5e-06 -0.0 10.751624 -0.479868 1.397907 -1e-06 -1e-06 -1e-06 3.273804 0.305947 -0.58011 21.486801 11.83037 2.26613 8.162924 1e-06 0.0 18.399071 -3.798982 -4.94057 3e-06 0.0 -1e-06 -0.160283 -4.093992 2.488074 0.011463 -0.337751 10.558654 -4.083362 6.438062 -24.421633 1.636328 -1.704662 -1.945849 -0.0 0.0 2e-06 -5.690116 -7.786726 -29.162733 0.101378 -0.121874 58.360451 8.350725 -0.711064 -21.340219 -1.494864 1.004133 -6.183896 0.0 0.0 -0.0 
0.0 0.0 0.0 0.0 -0.0 0.0 -1.39538 93.758926 27.71051 1.236229 -0.426145 12.018872 -1.874938 -0.6902 1.798673 -0.837775 -0.793807 -3.761218 -0.855657 -2.040058 10.64881 7.212079 1.166889 0.938292 -0.881813 0.575974 -3.710888 -2.573377 0.163551 -13.485813 7.7e-05 -2.2e-05 6e-06 0.007001 -0.063389 -0.007539 0.709662 -3.791015 -10.712434 -0.696046 3.676317 -10.729545 -5.725368 -10.998853 11.527181 -60.718212 -11.030867 20.527868 -0.513946 -17.851858 0.032408 -0.18822 -5.947512 -13.91604 -5.882105 9.861283 0.70259 -10.936872 -0.360577 7.156202 2e-06 8.774822 -2e-06 -16.379341 17.890131 5.866174 -1.844032 2.498503 -2.507276 -10.163599 4.678942 4.621107 -20.976023 -7e-06 4e-06 -21.226286 2.451694 -3.593998 -0.0 -5e-06 0.0 -1.362681 2.240798 -0.746325 -21.334913 0.584907 3.008321 -13.821214 -5e-06 -0.0 -23.887173 -0.249083 -0.839479 -60.580418 2.247835 -1.04898 -0.294025 1.679687 0.833256 -14.218209 0.093212 1.300581 -34.212048 -0.287571 0.967175 -20.033213 0.964535 1.212845 -0.0 -1e-06 0.0 -3.440388 0.788233 0.501654 -15.928185 -3.167312 2.999705 -6.338826 -3e-06 2e-06 -18.123444 3.648179 -4.905669 -4e-06 1e-06 -3e-06 9.472742 11.860966 10.772696 64.495773 9.261127 8.159369 -0.175764 18.63566 0.031024 3.271969 6.435308 -7.572269 2.243541 -5.255035 -3.180157 14.282883 -0.826594 6.952497 -2e-06 -12.690601 1e-06 16.295767 -18.609535 2.601126 1.665666 -1.955921 -2.878298 4.727796 -4.170587 4.993922 11.02052 3e-06 -2e-06 12.109047 -3.735713 -2.866784 -1e-06 -0.0 -1e-06 1.291985 -1.928548 -1.498087 14.80012 0.567468 3.865604 14.242565 -1.341735 -6.660655 19.631954 0.143927 -0.648245 50.472664 -0.808078 -6.754313 0.353029 -1.51115 -0.031941 20.222784 3.684309 2.316626 18.787262 5e-06 -3e-06 10.751622 -0.479867 1.397905 -0.0 -0.0 2e-06 3.273805 0.305947 -0.580112 21.486801 11.83037 2.266129 8.162926 2e-06 0.0 18.399075 -3.798985 -4.940574 3e-06 0.0 -1e-06 0.524153 -3.516516 3.641905 -0.025929 -0.36543 9.896779 -4.287389 6.546823 -25.045443 1.676722 -1.713916 -2.272275 0.0 -0.0 2e-06 -3.972979 -8.17364 -33.773083 0.066208 -0.18118 60.954338 7.580802 0.889235 -21.316345 -1.486696 0.961282 -6.991894 0.0 0.0 -1e-06 
0.0 0.0 0.0 0.0 -0.0 0.0 -1.940483 93.166771 30.887106 0.420143 -0.800532 13.425152 -1.365089 -0.695405 1.730855 -0.653124 -1.169532 -3.707997 -0.14916 -2.145607 10.606215 6.837949 1.522471 -0.104371 -0.920291 0.76797 -3.745714 -2.865467 0.619484 -13.637796 7.7e-05 -2.3e-05 6e-06 0.013895 -0.06472 -0.035708 0.729947 -3.791321 -10.727229 -0.703225 3.671275 -10.740087 -5.018909 -10.986045 11.401107 -61.863659 -11.695934 21.759058 -0.962861 -19.623907 0.125134 0.446385 -5.965073 -12.070343 -5.882103 9.861281 0.702589 -10.936868 -0.360575 7.156203 1e-06 8.774821 0.0 -16.381905 17.803169 5.843244 -1.844032 2.498504 -2.507277 -10.163596 4.678942 4.621108 -20.976021 -6e-06 2e-06 -21.226284 2.451692 -3.593997 -1e-06 -4e-06 1e-06 -1.362681 2.240797 -0.746322 -21.334906 0.584907 3.008322 -13.821208 -4e-06 -0.0 -23.887165 -0.249082 -0.839482 -60.693165 2.275537 -0.834594 -0.294025 1.679687 0.833256 -14.218206 0.093214 1.30058 -34.212048 -0.287566 0.967167 -20.033211 0.964534 1.212843 0.0 -2e-06 0.0 -3.440387 0.788233 0.501655 -15.928181 -3.16731 2.999707 -6.338824 -2e-06 1e-06 -18.123444 3.648181 -4.905668 -5e-06 3e-06 -1e-06 9.607584 12.653831 10.830539 63.875484 9.329983 7.802711 -0.222046 16.374187 0.077023 4.34492 4.949219 -8.531856 2.243542 -5.255037 -3.18016 14.282894 -0.826595 6.952506 -3e-06 -12.690605 2e-06 16.350203 -18.760633 2.654533 1.665667 -1.955922 -2.878301 4.727799 -4.170588 4.993927 11.020528 4e-06 -2e-06 12.109055 -3.735714 -2.866785 -1e-06 -1e-06 -1e-06 1.291986 -1.92855 -1.49809 14.800132 0.567469 3.865608 14.242577 -1.341734 -6.66066 19.631973 0.143927 -0.648245 50.534073 -0.785867 -6.773845 0.353029 -1.511151 -0.031941 20.222797 3.684312 2.316629 18.787279 6e-06 -2e-06 10.75163 -0.479869 1.397906 -1e-06 0.0 0.0 3.273808 0.305947 -0.58011 21.48682 11.830378 2.266132 8.16293 2e-06 -1e-06 18.399084 -3.798985 -4.940575 2e-06 -0.0 -1e-06 1.705946 -2.530055 4.219517 0.003994 -0.37153 10.41441 -4.839655 6.006594 -25.273445 1.690385 -1.685648 -3.516855 0.0 -0.0 2e-06 -2.105868 -8.089095 -36.992867 0.04265 -0.10666 61.788036 6.397018 2.008082 -20.639551 -1.487054 0.885646 -8.43189 0.0 0.0 -1e-06 
0.0 0.0 0.0 0.0 -0.0 0.0 -2.637414 92.648132 34.602592 -0.704427 -0.912736 14.619071 -0.510447 -0.613421 1.699086 -0.390389 -1.434023 -3.69229 0.792502 -2.077793 10.580688 6.119048 1.785129 -1.288416 -0.92482 0.82618 -3.697747 -3.001935 0.832295 -13.914539 7.7e-05 -2.3e-05 6e-06 0.027126 -0.080897 -0.04213 0.752205 -3.805511 -10.708295 -0.700263 3.64968 -10.71995 -4.394159 -10.70774 11.475286 -63.005962 -11.787132 22.567196 -0.984821 -23.638523 0.129425 1.428402 -6.537899 -10.115842 -5.882109 9.861284 0.702592 -10.936876 -0.360574 7.156209 2e-06 8.774824 2e-06 -16.270454 17.714117 5.862424 -1.844033 2.498504 -2.50728 -10.163604 4.678944 4.62111 -20.976036 -5e-06 2e-06 -21.226295 2.451695 -3.593998 -1e-06 -5e-06 -1e-06 -1.362682 2.240798 -0.746322 -21.334927 0.584908 3.008324 -13.821218 -3e-06 2e-06 -23.887184 -0.249081 -0.839482 -60.593609 2.146607 -0.614597 -0.294025 1.679687 0.833257 -14.218215 0.093214 1.300583 -34.212067 -0.287566 0.967172 -20.033222 0.964538 1.212846 0.0 -0.0 1e-06 -3.44039 0.788233 0.501657 -15.928192 -3.16731 2.999707 -6.338829 -2e-06 2e-06 -18.123453 3.64818 -4.905668 -4e-06 2e-06 -2e-06 9.295304 13.396624 11.256588 63.462055 9.609371 6.477872 -0.299356 15.145998 0.054966 4.655273 3.350881 -8.280313 2.243542 -5.255037 -3.180158 14.282894 -0.826594 6.952501 -4e-06 -12.690607 -0.0 16.499928 -18.701254 2.549222 1.665667 -1.955921 -2.878298 4.7278 -4.170587 4.993924 11.020528 3e-06 -3e-06 12.109056 -3.735715 -2.866785 -1e-06 -0.0 -0.0 1.291986 -1.928549 -1.49809 14.800132 0.567469 3.865606 14.242576 -1.341735 -6.660659 19.631973 0.143927 -0.648245 50.677486 -0.57143 -6.691363 0.353029 -1.511151 -0.031941 20.222797 3.684311 2.316629 18.787279 6e-06 0.0 10.751629 -0.479868 1.397906 0.0 0.0 0.0 3.273808 0.305947 -0.580112 21.486818 11.830378 2.266132 8.16293 2e-06 -1e-06 18.399088 -3.798984 -4.940577 3e-06 0.0 -0.0 3.389559 -1.491942 3.246719 0.049529 -0.405378 14.894307 -5.829367 5.340182 -24.73871 1.725399 -1.743157 -6.182565 0.0 -0.0 2e-06 -0.162083 -7.233132 -37.671486 0.02249 0.133084 61.605213 4.411713 3.177948 -18.926628 -1.457414 0.732211 -11.864306 -0.0 -0.0 -1e-06 
0.0 0.0 0.0 0.0 -0.0 0.0 -3.522875 91.912148 38.766373 -1.826312 -1.124199 15.207648 0.411371 -0.429016 1.981109 -0.109259 -1.333345 -3.741165 1.777037 -1.799075 10.567828 4.880876 2.019539 -2.089873 -0.75524 0.775866 -3.70781 -2.861841 0.916488 -14.110961 7.7e-05 -2.3e-05 6e-06 0.035377 -0.142251 -0.028512 0.772294 -3.86842 -10.641475 -0.703962 3.584268 -10.653518 -4.140754 -9.94524 11.673639 -63.935898 -11.187642 22.468931 -0.542435 -28.521358 -0.169204 3.055623 -7.832959 -8.25021 -5.882098 9.861275 0.702588 -10.936857 -0.360575 7.156201 0.0 8.774816 0.0 -16.349695 17.81192 5.906168 -1.844029 2.498502 -2.507275 -10.163587 4.678939 4.621105 -20.975998 -4e-06 5e-06 -21.226259 2.451695 -3.593992 0.0 -5e-06 -1e-06 -1.362679 2.240797 -0.746323 -21.334887 0.584908 3.008324 -13.821197 -1e-06 3e-06 -23.887135 -0.249077 -0.839479 -60.556931 2.111437 -0.757979 -0.294024 1.679686 0.833254 -14.21819 0.093214 1.300581 -34.212002 -0.28756 0.967174 -20.033184 0.964536 1.212844 1e-06 -0.0 2e-06 -3.440383 0.788232 0.501654 -15.928165 -3.167307 2.999705 -6.338817 -2e-06 1e-06 -18.123423 3.64818 -4.90566 -3e-06 1e-06 -0.0 8.786137 14.327643 11.743242 62.921799 10.158689 5.159197 -0.516739 15.080899 -0.041805 3.969342 2.116206 -6.508296 2.243539 -5.255031 -3.180153 14.282874 -0.826592 6.952494 -3e-06 -12.69059 1e-06 16.697599 -18.603453 2.531449 1.665664 -1.95592 -2.878297 4.727793 -4.170581 4.993919 11.020512 4e-06 -1e-06 12.109037 -3.735712 -2.86678 0.0 -1e-06 -0.0 1.291984 -1.928548 -1.498088 14.800112 0.567468 3.865605 14.242555 -1.341735 -6.660653 19.631939 0.143926 -0.648245 51.215256 -0.410921 -6.296219 0.353029 -1.511149 -0.031941 20.222769 3.684307 2.316628 18.787252 6e-06 -1e-06 10.751615 -0.479868 1.397905 1e-06 -0.0 1e-06 3.273803 0.305947 -0.58011 21.48679 11.830362 2.26613 8.162919 1e-06 -1e-06 18.399063 -3.798981 -4.940568 2e-06 0.0 -0.0 5.284061 0.229157 0.057687 0.109981 -0.562855 25.251987 -5.978884 4.585558 -21.603172 1.864716 -1.869984 -12.441973 0.0 -0.0 2e-06 1.290471 -5.340155 -34.740734 0.119954 0.314015 59.943851 3.03932 3.632809 -19.340969 -1.459446 0.662191 -14.193685 0.0 0.0 -1e-06 
0.0 0.0 0.0 0.0 -0.0 0.0 -4.395242 91.235939 43.103069 -2.33076 -1.76679 15.173853 1.13491 -0.079025 2.695607 0.045917 -0.772996 -3.612044 2.428241 -1.5184 10.536596 3.486306 2.28925 -2.739793 -0.614561 0.720102 -3.664398 -2.626523 0.781134 -14.207426 7.7e-05 -2.2e-05 6e-06 0.037911 -0.157828 0.015843 0.757515 -3.904821 -10.599199 -0.68429 3.58577 -10.606603 -4.635425 -8.634108 11.701447 -64.175377 -10.053344 22.284132 0.211843 -32.388996 -0.476561 4.979919 -8.946982 -7.68291 -5.882102 9.86128 0.702587 -10.936865 -0.360575 7.156204 -1e-06 8.774819 -3e-06 -16.284962 17.903925 6.047187 -1.844031 2.498503 -2.507274 -10.163594 4.678942 4.62111 -20.976009 1e-06 6e-06 -21.226269 2.451702 -3.593994 1e-06 -6e-06 1e-06 -1.36268 2.240797 -0.746323 -21.3349 0.584911 3.008326 -13.821203 -0.0 4e-06 -23.88715 -0.249074 -0.83948 -60.572063 2.120104 -0.771207 -0.294024 1.679686 0.833255 -14.218197 0.093216 1.300582 -34.212021 -0.287557 0.967176 -20.033199 0.96454 1.212846 0.0 -0.0 2e-06 -3.440386 0.788233 0.501655 -15.928176 -3.167307 2.99971 -6.338822 -1e-06 3e-06 -18.123434 3.648183 -4.905664 -3e-06 1e-06 -3e-06 8.350571 15.641213 12.412128 61.539513 11.697043 4.381609 -0.729414 16.612831 -0.182077 1.931848 1.428484 -3.543054 2.243539 -5.255035 -3.180155 14.28288 -0.826595 6.952496 0.0 -12.690598 -3e-06 16.666759 -18.255129 2.371358 1.665664 -1.955921 -2.878296 4.727796 -4.170586 4.993921 11.020517 1e-06 0.0 12.109042 -3.735716 -2.866782 -1e-06 -0.0 -1e-06 1.291984 -1.928549 -1.498088 14.800117 0.567466 3.865604 14.24256 -1.341739 -6.660653 19.63195 0.143923 -0.648245 51.148926 -0.307135 -5.993919 0.353029 -1.51115 -0.03194 20.222775 3.684305 2.31663 18.787262 1e-06 -2e-06 10.75162 -0.479869 1.397904 0.0 2e-06 0.0 3.273804 0.305946 -0.580109 21.486794 11.830365 2.266135 8.162921 -0.0 -1e-06 18.399065 -3.798986 -4.940574 2e-06 0.0 -2e-06 6.125158 2.28128 -6.350545 0.026931 -0.851765 42.101181 -2.752038 6.016171 -13.009077 2.043561 -1.887349 -20.597208 0.0 -0.0 3e-06 1.791283 -3.098444 -29.251919 0.219893 0.333268 56.686405 2.305432 3.312772 -23.287172 -1.451039 0.641132 -12.224991 -0.0 0.0 -1e-06 
0.0 0.0 0.0 0.0 -0.0 0.0 -5.074719 90.624847 47.443275 -2.406227 -2.964169 14.91069 1.80548 0.373897 3.745802 0.260263 -0.040882 -3.378408 2.622435 -0.864981 10.688611 1.872487 2.715741 -3.80095 -0.678247 0.549442 -3.565424 -2.248837 0.542343 -14.36659 7.7e-05 -2.3e-05 6e-06 0.026115 -0.16645 0.042505 0.734009 -3.916273 -10.563429 -0.684598 3.579924 -10.572977 -5.669779 -7.154313 11.616769 -64.027809 -9.105331 22.149616 0.911135 -33.993965 -0.491822 6.663269 -9.015398 -6.607965 -5.882098 9.861276 0.702589 -10.936856 -0.360575 7.156194 -0.0 8.774815 -2e-06 -16.240541 18.037083 6.130941 -1.84403 2.498502 -2.507275 -10.163587 4.678939 4.621101 -20.975996 -3e-06 4e-06 -21.226254 2.451693 -3.593997 1e-06 -4e-06 2e-06 -1.362679 2.240796 -0.746323 -21.334887 0.584909 3.00832 -13.821197 -3e-06 2e-06 -23.88714 -0.24908 -0.839482 -60.919987 2.085052 -0.722027 -0.294024 1.679686 0.833255 -14.218188 0.093214 1.300577 -34.212002 -0.287561 0.967168 -20.033186 0.964535 1.21284 -0.0 -1e-06 1e-06 -3.440385 0.788233 0.501656 -15.928165 -3.167306 2.999704 -6.338818 -1e-06 2e-06 -18.123425 3.648179 -4.905662 -3e-06 1e-06 -3e-06 7.515552 17.485916 12.989486 59.362137 13.886223 3.229068 -0.606385 20.381098 -0.322291 -1.873968 1.773052 0.498241 2.243539 -5.255032 -3.180155 14.282878 -0.826591 6.952497 -4e-06 -12.69059 -3e-06 16.225994 -17.563572 2.37133 1.665665 -1.955919 -2.878297 4.727793 -4.170582 4.993919 11.020514 3e-06 -1e-06 12.109039 -3.73571 -2.866782 0.0 1e-06 0.0 1.291983 -1.928548 -1.498087 14.800114 0.567469 3.865602 14.242558 -1.341735 -6.660651 19.63195 0.143928 -0.648244 50.595306 -0.25976 -5.866346 0.353029 -1.511149 -0.031941 20.222773 3.684308 2.316628 18.787256 6e-06 1e-06 10.751617 -0.479868 1.397906 0.0 -1e-06 -1e-06 3.273804 0.305947 -0.58011 21.486795 11.830364 2.266133 8.162919 2e-06 -1e-06 18.399063 -3.798979 -4.940569 2e-06 0.0 -2e-06 5.843495 4.36138 -15.353707 -0.139343 -0.704999 61.543503 1.970201 7.003608 -5.324061 2.00592 -1.990921 -11.790219 -0.0 0.0 -2e-06 1.880859 -1.176807 -23.145229 0.166945 0.462778 52.267456 1.573465 2.465126 -26.891554 -1.47755 0.748679 -10.689455 0.0 0.0 -1e-06 
0.0 0.0 0.0 0.0 -0.0 0.0 -5.676717 90.159843 52.164768 -2.538064 -4.308132 15.203224 2.593938 0.830834 4.595829 0.385723 0.910839 -3.106652 2.577951 0.043039 11.049797 0.354619 3.011661 -5.351745 -0.70091 0.115668 -3.465019 -1.990209 0.364659 -15.202031 7.7e-05 -2.3e-05 6e-06 0.01059 -0.127175 0.060332 0.740095 -3.882072 -10.556849 -0.722855 3.622978 -10.564633 -7.2023 -5.93638 11.489838 -63.294647 -8.703004 21.665247 0.989815 -33.264786 -0.116029 7.716821 -8.019946 -5.199809 -5.882102 9.861279 0.702592 -10.936865 -0.360573 7.156202 -1e-06 8.774819 -1e-06 -16.225649 17.696854 6.05626 -1.844031 2.498503 -2.507273 -10.163593 4.678943 4.621104 -20.976009 -1e-06 4e-06 -21.226271 2.451699 -3.593997 1e-06 -4e-06 1e-06 -1.36268 2.240796 -0.746324 -21.3349 0.58491 3.008322 -13.821205 -2e-06 3e-06 -23.887156 -0.249078 -0.839481 -61.059025 1.999512 -0.48198 -0.294025 1.679687 0.833256 -14.218199 0.093217 1.300577 -34.212032 -0.287561 0.967169 -20.033201 0.964537 1.212841 -0.0 -1e-06 2e-06 -3.440387 0.788233 0.501655 -15.928177 -3.167306 2.999705 -6.338822 -1e-06 3e-06 -18.12344 3.648181 -4.905666 -3e-06 0.0 -2e-06 6.654124 19.356651 13.459282 56.431713 15.995267 1.038751 -0.294474 26.794121 -0.304857 -6.513416 2.981506 3.583905 2.243539 -5.255033 -3.180156 14.28288 -0.826593 6.952498 -3e-06 -12.690595 -1e-06 15.978193 -17.231115 2.465251 1.665664 -1.95592 -2.878297 4.727796 -4.170584 4.993921 11.020519 3e-06 -2e-06 12.109043 -3.735713 -2.866782 0.0 -0.0 -1e-06 1.291985 -1.928548 -1.49809 14.800118 0.567469 3.865605 14.242562 -1.341735 -6.660651 19.631952 0.143926 -0.648244 50.205692 -0.499584 -6.159857 0.353029 -1.511149 -0.031941 20.22278 3.684309 2.316629 18.787262 7e-06 -1e-06 10.751622 -0.479867 1.397906 -0.0 -0.0 0.0 3.273804 0.305947 -0.58011 21.486799 11.830369 2.266131 8.162921 2e-06 -1e-06 18.399073 -3.798982 -4.94057 0.0 1e-06 0.0 5.369175 6.195251 -25.312624 -0.092387 -0.387959 77.277031 2.01367 3.655294 -7.756636 1.98418 -2.10145 -5.390631 -0.0 0.0 1e-06 2.13822 0.78349 -17.81827 -0.050815 0.611815 47.488045 1.383119 1.595498 -28.74449 -1.461747 0.79059 -10.354051 0.0 0.0 -1e-06 
0.0 0.0 0.0 0.0 -0.0 0.0 -6.410279 90.219589 57.404644 -2.095308 -4.520654 16.185135 3.043293 1.334208 5.055869 0.227027 1.7621 -2.806504 2.213928 0.484441 11.379475 -0.5995 3.025546 -7.361677 -0.669721 -0.492036 -3.383548 -1.241402 -0.249473 -16.264847 7.7e-05 -2.2e-05 6e-06 0.014126 0.003271 0.034048 0.762324 -3.738698 -10.590776 -0.740591 3.741642 -10.572676 -7.980156 -5.743906 11.557224 -62.800518 -9.261489 20.977831 0.511418 -30.138771 0.058008 7.020726 -6.525028 -3.253172 -5.882107 9.861284 0.70259 -10.936877 -0.360576 7.156205 2e-06 8.774826 0.0 -16.59609 17.471016 5.719674 -1.844033 2.498504 -2.507278 -10.163603 4.678944 4.621109 -20.976034 -8e-06 3e-06 -21.226295 2.451694 -3.593997 0.0 -6e-06 -1e-06 -1.362682 2.240798 -0.746324 -21.334925 0.584906 3.008322 -13.821218 -5e-06 4e-06 -23.887184 -0.249083 -0.839482 -61.317062 2.023437 -0.715653 -0.294025 1.679687 0.833255 -14.218216 0.093213 1.300581 -34.212074 -0.287569 0.967172 -20.033226 0.964535 1.212846 -1e-06 -2e-06 -1e-06 -3.440389 0.788233 0.501655 -15.928192 -3.167312 2.999707 -6.33883 -2e-06 -1e-06 -18.123457 3.648178 -4.905669 -4e-06 -1e-06 -1e-06 5.087564 20.464045 13.293652 54.909382 17.085171 -1.217174 -0.248331 35.582458 -0.010748 -9.957582 4.25168 3.110354 2.243541 -5.255035 -3.180156 14.282883 -0.826594 6.952496 -4e-06 -12.690598 2e-06 16.069826 -17.584822 2.533818 1.665668 -1.955921 -2.878299 4.727797 -4.170586 4.993923 11.020522 3e-06 -3e-06 12.109048 -3.735713 -2.866786 -0.0 -0.0 0.0 1.291986 -1.928548 -1.498089 14.800122 0.567469 3.865604 14.242568 -1.341733 -6.660657 19.631962 0.14393 -0.648246 50.358074 -0.867832 -6.646261 0.35303 -1.51115 -0.031941 20.222784 3.684309 2.316622 18.787266 7e-06 -3e-06 10.751623 -0.479866 1.397904 2e-06 1e-06 -2e-06 3.273806 0.305947 -0.58011 21.486801 11.830371 2.266126 8.162922 2e-06 -2e-06 18.399071 -3.798982 -4.940574 2e-06 -1e-06 -1e-06 3.627243 7.747786 -36.785706 -0.033032 -0.042349 86.152596 1.475689 2.879375 -12.216967 1.89302 -2.0379 -5.129981 -0.0 -0.0 1e-06 2.022408 1.833909 -11.970788 -0.296732 0.67939 40.252834 1.940198 0.349365 -29.41839 -1.491725 0.92771 -10.112341 -0.0 -0.0 -1e-06 
0.0 0.0 0.0 0.0 -0.0 0.0 -7.423557 90.873802 63.728333 0.074505 -3.35431 17.373667 2.181022 1.633129 5.026423 -0.119137 2.136208 -2.670476 0.85252 0.588443 11.027167 0.493975 2.576148 -8.26841 -0.829048 -1.065867 -3.522245 -0.559508 -1.561381 -16.293524 7.7e-05 -2.2e-05 6e-06 0.019402 0.084405 -0.027151 0.768186 -3.653899 -10.70002 -0.737484 3.81887 -10.670559 -7.038946 -6.59752 12.287325 -63.20649 -10.232209 20.564352 -0.301054 -26.785645 0.073129 4.711986 -5.600118 0.171305 -5.882109 9.86129 0.702593 -10.93688 -0.360577 7.156209 3e-06 8.774831 -1e-06 -16.434132 17.233622 5.680178 -1.844034 2.498505 -2.50728 -10.163609 4.678945 4.621111 -20.976042 -1e-05 4e-06 -21.226301 2.451691 -3.594 -2e-06 -5e-06 -1e-06 -1.362682 2.240799 -0.746327 -21.334934 0.584905 3.008327 -13.821225 -6e-06 2e-06 -23.887192 -0.249086 -0.839479 -61.030937 1.899328 -0.733914 -0.294025 1.679688 0.833258 -14.218223 0.093212 1.300581 -34.212082 -0.287571 0.967174 -20.03323 0.964532 1.212846 0.0 -0.0 1e-06 -3.440391 0.788233 0.501655 -15.928201 -3.167314 2.999708 -6.338831 -3e-06 -1e-06 -18.123463 3.648181 -4.905671 -3e-06 1e-06 -1e-06 2.738277 20.061832 11.922662 57.576008 16.738487 -0.839133 -0.446918 42.956963 0.135585 -11.124442 5.273365 -0.184974 2.243541 -5.255038 -3.180159 14.282889 -0.826597 6.952499 -2e-06 -12.690607 2e-06 16.172903 -18.158777 2.529293 1.665667 -1.955921 -2.878301 4.727798 -4.170589 4.993923 11.020527 2e-06 -3e-06 12.109054 -3.735715 -2.866786 0.0 0.0 1e-06 1.291986 -1.928548 -1.498092 14.800129 0.567467 3.865602 14.242576 -1.341734 -6.660662 19.631969 0.14393 -0.648249 50.519527 -1.109744 -6.998492 0.353028 -1.511151 -0.03194 20.22279 3.684309 2.316624 18.787273 6e-06 -3e-06 10.751629 -0.479867 1.397904 -1e-06 1e-06 -1e-06 3.273807 0.305947 -0.58011 21.486811 11.830377 2.266129 8.162926 1e-06 -3e-06 18.39908 -3.798985 -4.940578 3e-06 1e-06 0.0 -0.337681 8.025501 -46.481094 0.188584 0.302416 85.753853 -0.294532 0.700371 -15.003433 1.752502 -1.882056 -5.654706 0.0 -0.0 3e-06 0.517211 1.239252 -3.826275 -0.467145 0.546655 28.658224 2.268826 -0.739505 -25.814072 -1.548677 0.963016 -12.428439 -0.0 -0.0 -1e-06 
0.0 0.0 0.0 0.0 -0.0 0.0 -8.508311 91.825722 71.088882 3.26684 -2.060836 18.777649 0.550789 1.716193 4.580316 -0.562655 2.346576 -2.871268 -1.21291 0.580145 10.290442 2.24916 2.27813 -8.22541 -1.155461 -2.028957 -3.698606 0.096639 -3.006669 -15.549752 7.7e-05 -2.2e-05 6e-06 0.011031 0.048843 -0.096614 0.783835 -3.685238 -10.797334 -0.769653 3.774134 -10.776699 -6.681695 -7.565944 13.434916 -62.493969 -10.186084 19.668304 -0.916201 -26.860794 0.016471 2.774107 -5.623038 3.138466 -5.882105 9.861287 0.70259 -10.936873 -0.360577 7.156207 1e-06 8.774828 3e-06 -16.280405 17.170542 5.684078 -1.844032 2.498505 -2.50728 -10.163602 4.678945 4.621113 -20.97603 -6e-06 5e-06 -21.226292 2.451694 -3.593999 -1e-06 -3e-06 -1e-06 -1.362682 2.240798 -0.746324 -21.334919 0.584906 3.008326 -13.821218 -6e-06 2e-06 -23.887173 -0.249082 -0.839479 -60.838593 1.934196 -0.845003 -0.294024 1.679688 0.833256 -14.218212 0.093213 1.300584 -34.212051 -0.287569 0.967175 -20.033216 0.964536 1.212847 -1e-06 -1e-06 -0.0 -3.440389 0.788233 0.501656 -15.928189 -3.167313 2.999711 -6.338827 -2e-06 1e-06 -18.123446 3.648181 -4.90567 -6e-06 -0.0 -3e-06 1.287495 18.583326 10.698953 61.991787 15.517973 1.613878 -0.2527 47.384964 0.310381 -10.961599 6.27452 -3.183566 2.243541 -5.255033 -3.180157 14.282887 -0.826593 6.952498 -6e-06 -12.690599 3e-06 16.136768 -18.452847 2.639621 1.665668 -1.955921 -2.878298 4.727796 -4.170585 4.993922 11.020523 3e-06 -4e-06 12.109051 -3.735712 -2.866785 0.0 -1e-06 1e-06 1.291984 -1.928548 -1.498088 14.800122 0.56747 3.865602 14.242569 -1.341733 -6.660657 19.631962 0.143931 -0.648245 50.926323 -1.057456 -6.954212 0.353028 -1.511149 -0.031941 20.222786 3.68431 2.316627 18.78727 9e-06 -3e-06 10.751625 -0.479866 1.397904 0.0 2e-06 -1e-06 3.273804 0.305949 -0.580112 21.486809 11.830371 2.266126 8.162922 3e-06 -2e-06 18.399076 -3.798981 -4.940572 3e-06 0.0 0.0 -6.040555 8.190329 -52.24168 0.328473 0.426587 78.843849 -3.908728 -4.280298 -15.837831 1.703078 -1.751023 -6.012432 0.0 -0.0 3e-06 -1.773133 0.079576 4.061877 -0.474204 0.327026 17.307867 2.365273 -1.128468 -15.31758 -1.597245 0.873287 -18.966045 0.0 0.0 -1e-06 
0.0 0.0 0.0 0.0 -0.0 0.0 -9.445594 92.774704 79.164421 4.631528 -1.551575 20.078987 -0.29251 1.764862 3.805376 -0.881564 2.491742 -3.095658 -2.602356 0.838728 9.975374 3.198859 2.16591 -8.25317 -1.323022 -2.708551 -3.709531 0.570113 -3.712748 -14.255871 7.7e-05 -2.3e-05 6e-06 0.010549 -0.061167 -0.100958 0.819799 -3.801215 -10.815325 -0.803712 3.666029 -10.810478 -8.120751 -8.130431 14.163748 -60.42268 -9.360259 17.882231 -1.317394 -29.248295 0.096429 2.863152 -6.159589 3.221144 -5.882102 9.86128 0.702587 -10.936866 -0.360576 7.156206 0.0 8.774821 -2e-06 -16.066944 17.47839 6.026211 -1.844031 2.498503 -2.507278 -10.163595 4.678941 4.621109 -20.976009 -3e-06 6e-06 -21.226271 2.451696 -3.593995 -2e-06 -5e-06 -1e-06 -1.362681 2.240797 -0.746324 -21.334906 0.584908 3.008323 -13.821206 -3e-06 5e-06 -23.887157 -0.249079 -0.839479 -61.405758 2.230553 -0.98158 -0.294024 1.679686 0.833256 -14.218201 0.093214 1.300583 -34.21204 -0.287562 0.967175 -20.033205 0.964538 1.212845 0.0 -1e-06 -1e-06 -3.440387 0.788233 0.501653 -15.928179 -3.167309 2.999707 -6.338823 -2e-06 1e-06 -18.123434 3.648179 -4.905665 -6e-06 1e-06 -1e-06 2.305393 17.402803 10.802083 64.309441 14.376481 4.555531 -0.212079 48.55653 0.366246 -9.609519 7.00105 -4.031072 2.243541 -5.255033 -3.180156 14.282883 -0.826595 6.952502 -4e-06 -12.690598 2e-06 16.473286 -18.742378 2.565517 1.665665 -1.955921 -2.878298 4.727796 -4.170584 4.993925 11.02052 3e-06 -1e-06 12.109045 -3.735711 -2.866782 -1e-06 -0.0 0.0 1.291985 -1.92855 -1.498088 14.800123 0.56747 3.865606 14.242567 -1.341731 -6.660654 19.631964 0.143931 -0.648244 51.616215 -0.857947 -6.894955 0.353028 -1.511149 -0.031941 20.222784 3.684309 2.316628 18.787266 7e-06 1e-06 10.75162 -0.47987 1.397907 1e-06 1e-06 -1e-06 3.273807 0.305947 -0.58011 21.486801 11.830372 2.266128 8.162923 3e-06 -1e-06 18.399075 -3.798981 -4.940571 4e-06 -1e-06 -1e-06 -9.680849 9.155207 -52.815296 0.168845 0.189309 68.469704 -9.489802 -10.553171 -13.498151 1.607829 -1.647178 -7.019208 0.0 -0.0 1e-06 -2.482844 -0.313393 6.541625 -0.429866 0.183998 15.693345 3.444186 -0.215851 -0.902873 -1.508823 0.702813 -23.618481 0.0 0.0 -2e-06 
0.0 0.0 0.0 0.0 -0.0 0.0 -10.161129 93.131325 87.618698 3.271105 -2.186633 19.854565 -0.042337 2.044477 3.756684 -0.812404 2.151572 -3.079984 -2.775043 1.43448 10.211006 3.422826 2.014719 -8.060927 -1.541009 -2.226403 -3.546373 0.882689 -3.782324 -12.637299 7.7e-05 -2.3e-05 6e-06 0.026752 -0.127555 -0.066956 0.817797 -3.877628 -10.779116 -0.764186 3.607811 -10.767282 -9.776746 -7.924289 14.327527 -58.674332 -8.876006 15.645421 -1.320826 -32.41539 -0.024195 4.214031 -7.099072 1.940697 -5.882094 9.861268 0.70259 -10.936852 -0.360575 7.156198 0.0 8.774811 0.0 -16.043995 18.109413 6.293712 -1.844029 2.498501 -2.507276 -10.163583 4.678936 4.621102 -20.975986 -3e-06 4e-06 -21.22625 2.451694 -3.593992 1e-06 -4e-06 -0.0 -1.362679 2.240794 -0.746323 -21.334875 0.584908 3.008323 -13.821189 -3e-06 5e-06 -23.887127 -0.249077 -0.839478 -61.980034 2.358768 -1.171371 -0.294024 1.679684 0.833254 -14.218183 0.093214 1.300579 -34.211983 -0.28756 0.967174 -20.033176 0.964538 1.212843 -0.0 -1e-06 -1e-06 -3.440382 0.788232 0.501654 -15.928159 -3.167304 2.999706 -6.338814 -2e-06 3e-06 -18.123413 3.648177 -4.905658 -3e-06 -2e-06 -3e-06 3.855745 17.272533 11.766788 65.299721 13.643286 7.609225 -0.823664 47.720284 -0.086882 -7.7435 7.081342 -3.040973 2.243538 -5.255033 -3.180156 14.282881 -0.826593 6.952504 -3e-06 -12.690593 -0.0 16.691095 -18.825659 2.621099 1.665663 -1.955918 -2.878297 4.727795 -4.170581 4.993918 11.020515 4e-06 1e-06 12.109039 -3.73571 -2.866777 -0.0 -0.0 1e-06 1.291983 -1.928549 -1.498089 14.80012 0.56747 3.865608 14.242559 -1.341735 -6.660646 19.631952 0.143925 -0.648239 51.908245 -0.710449 -6.573339 0.353028 -1.511149 -0.031941 20.222778 3.684308 2.316637 18.787258 6e-06 5e-06 10.751621 -0.479868 1.397909 0.0 1e-06 -1e-06 3.273803 0.305947 -0.58011 21.486801 11.830363 2.266141 8.162922 1e-06 1e-06 18.399071 -3.798985 -4.940565 3e-06 -0.0 2e-06 -8.159828 9.789113 -46.819607 -0.001672 0.100063 58.183178 -10.227407 -12.088433 -10.635574 1.578681 -1.563651 -10.17434 0.0 -0.0 1e-06 -1.508444 -0.12719 2.047888 -0.307701 0.415889 28.705992 8.101638 2.655357 9.967804 -1.304589 0.751811 -15.909452 -0.0 0.0 -2e-06 
0.0 0.0 0.0 0.0 -0.0 0.0 -10.522032 92.077415 95.482277 0.824918 -3.424874 18.794088 0.655264 1.702216 4.704876 -0.724113 2.076381 -3.062592 -2.236666 1.560527 10.162134 3.482662 1.883673 -7.622471 -1.381017 -1.20903 -3.541868 0.369007 -2.971997 -12.133335 7.7e-05 -2.2e-05 6e-06 0.057482 -0.217203 -0.06634 0.782074 -3.997697 -10.832643 -0.663745 3.554941 -10.812636 -9.894777 -7.688229 13.718877 -58.049717 -8.022311 14.885058 -0.58068 -36.885815 -0.035673 7.139553 -7.823891 -1.562004 -5.882102 9.861277 0.702588 -10.936865 -0.360575 7.156201 1e-06 8.774817 -2e-06 -16.166185 18.505882 6.429688 -1.844031 2.498503 -2.507278 -10.163594 4.67894 4.621109 -20.976009 -4e-06 3e-06 -21.226273 2.451694 -3.593996 1e-06 -4e-06 -0.0 -1.36268 2.240796 -0.746322 -21.3349 0.584908 3.008324 -13.821206 -4e-06 1e-06 -23.887154 -0.249079 -0.83948 -62.380424 2.381893 -1.234452 -0.294024 1.679685 0.833256 -14.218199 0.093214 1.300582 -34.212025 -0.287563 0.967175 -20.033201 0.964537 1.212846 -1e-06 -1e-06 0.0 -3.440386 0.788232 0.501656 -15.928176 -3.167308 2.999707 -6.338821 -1e-06 1e-06 -18.123436 3.648178 -4.905665 -3e-06 -0.0 -3e-06 4.421428 17.2974 12.436707 66.442841 12.274207 9.603351 -0.83338 47.484074 0.145594 -6.553084 6.56471 -0.730444 2.243537 -5.25503 -3.180154 14.282874 -0.826592 6.952496 -4e-06 -12.69059 -0.0 16.429253 -18.313711 2.70915 1.665663 -1.955917 -2.878294 4.727793 -4.170582 4.993918 11.020512 5e-06 1e-06 12.109034 -3.73571 -2.866779 -1e-06 0.0 1e-06 1.291984 -1.928547 -1.498086 14.800112 0.56747 3.865603 14.242556 -1.341733 -6.660647 19.631945 0.143925 -0.64824 51.40453 -0.795307 -6.395371 0.353028 -1.511149 -0.031939 20.222769 3.684309 2.316629 18.787251 8e-06 1e-06 10.751617 -0.479867 1.397906 -1e-06 1e-06 -0.0 3.273802 0.305949 -0.58011 21.48679 11.830362 2.266132 8.162918 2e-06 0.0 18.399059 -3.798979 -4.940565 5e-06 1e-06 -2e-06 -4.454389 7.668406 -37.365547 0.070561 0.253691 54.198086 -0.177457 -5.130894 -20.577126 1.759995 -1.609119 -10.822281 0.0 -0.0 2e-06 0.230183 -0.199625 -6.595396 -0.161359 0.473619 50.317898 9.646896 5.895982 10.702348 -1.228384 0.894632 -7.898399 -0.0 0.0 -1e-06 
0.0 0.0 0.0 0.0 -0.0 0.0 -10.758855 90.392883 102.610634 -1.051805 -4.541004 18.937588 0.76953 1.050186 5.473012 -0.713053 1.79839 -3.033993 -1.320964 0.934862 9.802122 3.478384 2.200582 -8.007269 -0.822256 -0.023599 -3.711299 -0.320294 -2.077942 -13.699636 7.7e-05 -2.3e-05 6e-06 0.041354 -0.140325 -0.087526 0.764359 -3.924445 -10.871217 -0.679413 3.640313 -10.859949 -9.087071 -7.748948 12.996939 -57.333176 -7.553249 14.097813 0.104401 -42.429031 -0.007352 11.602699 -7.274864 -4.343412 -5.882102 9.861279 0.702589 -10.936865 -0.360576 7.1562 1e-06 8.774821 -2e-06 -16.198051 18.706911 6.53168 -1.84403 2.498503 -2.507276 -10.163592 4.678941 4.621106 -20.976009 -6e-06 -1e-06 -21.226273 2.451693 -3.593998 0.0 -6e-06 -1e-06 -1.362681 2.240798 -0.746322 -21.3349 0.584906 3.00832 -13.821203 -4e-06 0.0 -23.887156 -0.249081 -0.83948 -62.482666 2.364419 -1.089661 -0.294025 1.679686 0.833255 -14.2182 0.093214 1.300579 -34.212032 -0.287567 0.967165 -20.033201 0.964533 1.212842 -2e-06 0.0 0.0 -3.440386 0.788232 0.501654 -15.928177 -3.167311 2.999707 -6.338822 -1e-06 -2e-06 -18.123436 3.648177 -4.905667 -4e-06 -1e-06 -3e-06 4.518179 17.00709 12.188217 66.8946 9.603613 10.02222 0.075533 49.553577 0.938346 -6.918615 5.679366 2.26143 2.24354 -5.255032 -3.180157 14.282886 -0.826594 6.952503 -3e-06 -12.690598 -1e-06 16.28857 -18.200218 2.786088 1.665665 -1.955921 -2.878298 4.727797 -4.170584 4.993922 11.02052 3e-06 0.0 12.109044 -3.735713 -2.866782 1e-06 1e-06 1e-06 1.291986 -1.928548 -1.498089 14.800123 0.567467 3.865607 14.242569 -1.341734 -6.660655 19.63196 0.143924 -0.648243 51.119656 -0.734398 -6.105791 0.353029 -1.51115 -0.031941 20.222784 3.684307 2.316632 18.787264 4e-06 1e-06 10.751622 -0.47987 1.397906 0.0 1e-06 -1e-06 3.273804 0.305947 -0.580112 21.486803 11.830365 2.266133 8.162924 2e-06 0.0 18.399076 -3.798981 -4.940569 4e-06 0.0 -2e-06 -2.15269 4.568451 -28.724777 0.141879 0.237109 49.952137 1.542279 0.687281 -30.636473 1.733672 -1.699361 -6.586603 -0.0 0.0 2e-06 2.082572 -0.116915 -18.929081 -0.128843 -0.021952 71.636681 3.829865 1.001708 2.163392 -1.302546 0.899215 -6.171789 -0.0 -0.0 -2e-06 
0.0 0.0 0.0 0.0 -0.0 0.0 -11.111674 89.376427 110.590721 -0.230034 -4.888258 19.759977 -0.272794 0.227785 5.626626 -0.993001 0.70789 -2.873003 -1.341 -0.058463 9.984478 3.982088 2.606528 -9.576554 -0.403879 0.520954 -3.644061 -1.061936 -0.4693 -15.294402 7.7e-05 -2.2e-05 6e-06 0.028132 -0.130331 -0.091004 0.753186 -3.878139 -10.824759 -0.697184 3.613621 -10.825938 -8.257733 -8.469668 13.262712 -54.87352 -8.036992 12.58212 0.169773 -47.534298 0.249746 15.674483 -5.891799 -3.625671 -5.882106 9.861286 0.702591 -10.936866 -0.360573 7.156203 -0.0 8.774825 -0.0 -16.22167 18.790869 6.488683 -1.844034 2.498505 -2.507279 -10.163597 4.678946 4.621106 -20.976019 -3e-06 -2e-06 -21.226282 2.451694 -3.594003 3e-06 -6e-06 1e-06 -1.362683 2.240798 -0.746322 -21.334906 0.584911 3.008318 -13.821208 -2e-06 -2e-06 -23.887161 -0.249079 -0.839485 -62.346966 2.408858 -1.169124 -0.294024 1.679687 0.833256 -14.218204 0.093216 1.300575 -34.212036 -0.287565 0.967165 -20.033209 0.964534 1.212841 -0.0 1e-06 3e-06 -3.440389 0.788233 0.501655 -15.928185 -3.167309 2.999706 -6.338824 -1e-06 -3e-06 -18.123444 3.648185 -4.90567 -4e-06 0.0 -1e-06 5.642796 16.028521 12.461377 65.274391 6.988628 9.853934 0.899255 53.974766 1.587142 -8.426767 4.603755 5.267196 2.243542 -5.255034 -3.180155 14.282885 -0.826596 6.952496 0.0 -12.690599 -1e-06 16.169832 -18.451099 2.654864 1.665665 -1.95592 -2.878298 4.727798 -4.170586 4.993919 11.020519 1e-06 -1e-06 12.109047 -3.735716 -2.866784 -0.0 -0.0 0.0 1.291985 -1.928548 -1.49809 14.80012 0.567465 3.865606 14.242566 -1.34174 -6.660655 19.631956 0.143922 -0.648246 50.7528 -0.850244 -6.511267 0.353029 -1.511149 -0.03194 20.22278 3.684305 2.316631 18.787264 2e-06 -2e-06 10.751624 -0.479869 1.397903 1e-06 1e-06 -2e-06 3.273804 0.305947 -0.58011 21.486801 11.830368 2.266134 8.162924 1e-06 -1e-06 18.399076 -3.798984 -4.940574 2e-06 -0.0 -0.0 -3.36207 1.457322 -21.208172 0.351236 0.196359 44.382217 1.246039 3.734907 -34.301167 1.696223 -1.714091 -5.704662 -0.0 -0.0 2e-06 1.183347 -0.60412 -33.243015 -0.322017 -0.615236 86.391518 -0.760243 -5.743021 -5.027523 -1.389689 0.880863 -6.400921 0.0 -0.0 -1e-06 
0.0 0.0 0.0 0.0 -0.0 0.0 -11.452614 89.434715 119.628166 -1.036375 -5.602973 20.090508 -0.034355 -0.333222 5.587229 -0.791977 -0.454538 -2.707955 -0.864639 -0.287139 10.242315 3.244324 2.577545 -10.024001 -0.18046 1.145009 -3.536641 -1.459373 0.690091 -15.147854 7.7e-05 -2.3e-05 6e-06 0.022426 -0.109176 -0.06787 0.767654 -3.828095 -10.806815 -0.725483 3.603761 -10.80728 -6.501356 -8.983431 13.257128 -54.400642 -7.987509 10.676451 -0.714679 -51.132038 1.164506 16.92202 -4.790655 -0.939451 -5.882102 9.861279 0.702591 -10.936863 -0.360575 7.1562 -0.0 8.77482 -0.0 -16.161953 18.426125 6.337651 -1.84403 2.498504 -2.507275 -10.163591 4.678943 4.621105 -20.976006 -0.0 4e-06 -21.226271 2.451698 -3.593998 1e-06 -5e-06 1e-06 -1.36268 2.240798 -0.746322 -21.3349 0.58491 3.008323 -13.821205 -2e-06 1e-06 -23.887152 -0.249075 -0.839481 -61.511974 2.330652 -1.422333 -0.294026 1.679686 0.833256 -14.218198 0.093217 1.30058 -34.212029 -0.28756 0.967169 -20.033199 0.96454 1.212842 0.0 -1e-06 0.0 -3.440386 0.788233 0.501656 -15.928176 -3.167306 2.999707 -6.338821 -2e-06 -2e-06 -18.123432 3.648182 -4.905663 -6e-06 -0.0 -1e-06 4.450135 15.438025 11.9168 65.009148 4.000068 10.660611 1.569145 57.273182 1.914795 -9.598207 4.558758 3.938426 2.243541 -5.255033 -3.180154 14.28288 -0.826593 6.952494 -3e-06 -12.690597 -2e-06 16.20373 -18.806015 2.605165 1.665665 -1.95592 -2.878298 4.727796 -4.170585 4.993919 11.020519 3e-06 -2e-06 12.109044 -3.735712 -2.866782 -1e-06 -0.0 -2e-06 1.291985 -1.928547 -1.498088 14.800117 0.56747 3.865601 14.242564 -1.341736 -6.660654 19.631956 0.143927 -0.648244 50.610214 -0.846235 -6.843544 0.353029 -1.51115 -0.031938 20.222776 3.684308 2.316624 18.787256 6e-06 -3e-06 10.751618 -0.479867 1.397904 0.0 2e-06 -2e-06 3.273805 0.305946 -0.58011 21.486799 11.830368 2.266131 8.162921 4e-06 -2e-06 18.399071 -3.79898 -4.940574 2e-06 1e-06 1e-06 -2.878049 0.930858 -12.04758 0.388563 0.216959 36.271603 0.487071 3.751408 -31.073986 1.749236 -1.634817 -9.058097 0.0 0.0 2e-06 1.808456 1.18802 -44.718571 -0.52203 -0.719245 89.414665 -1.689105 -7.197879 -10.334476 -1.546015 0.908533 -6.427646 0.0 0.0 -2e-06 
0.0 0.0 0.0 0.0 -0.0 0.0 -11.864385 90.02095 129.46962 -3.644945 -7.127214 20.593296 1.023996 -0.551569 5.432897 -0.375993 -0.961088 -2.596541 0.747792 -0.258944 9.984134 1.472512 2.590953 -9.839669 -0.043453 2.260641 -3.680007 -1.940236 1.741392 -13.313314 7.7e-05 -2.3e-05 6e-06 0.029055 -0.119684 -0.048588 0.848402 -3.860084 -10.827497 -0.794425 3.610307 -10.8493 -5.285388 -8.377419 12.442833 -55.342918 -6.439798 9.344094 -2.21379 -54.832863 2.171249 17.47488 -5.813215 -1.020126 -5.882102 9.861281 0.702588 -10.936866 -0.360575 7.156204 0.0 8.774821 -3e-06 -16.224045 18.041931 6.082666 -1.84403 2.498504 -2.507277 -10.163595 4.678941 4.621109 -20.976013 -2e-06 3e-06 -21.22628 2.451697 -3.593995 1e-06 -5e-06 -1e-06 -1.362681 2.240797 -0.746323 -21.334906 0.584909 3.008323 -13.821208 -3e-06 5e-06 -23.887161 -0.249077 -0.839481 -60.657948 2.408222 -1.500968 -0.294024 1.679686 0.833256 -14.218204 0.093215 1.30058 -34.21204 -0.287562 0.967175 -20.033209 0.964537 1.212844 -2e-06 1e-06 -0.0 -3.440387 0.788233 0.501654 -15.928183 -3.167307 2.999707 -6.338823 -2e-06 3e-06 -18.123442 3.648183 -4.905666 -5e-06 0.0 0.0 2.441594 16.043743 11.017066 64.834518 1.275333 12.629316 1.952345 58.532024 2.039876 -10.480465 5.297764 0.645841 2.243541 -5.255036 -3.180159 14.282887 -0.826595 6.952507 -3e-06 -12.690603 -1e-06 16.403408 -18.851995 2.660637 1.665666 -1.95592 -2.878299 4.727798 -4.170586 4.993928 11.020524 3e-06 -1e-06 12.10905 -3.735714 -2.866786 -0.0 -0.0 -1e-06 1.291985 -1.928548 -1.49809 14.800129 0.567467 3.865611 14.242568 -1.341734 -6.66066 19.631962 0.143925 -0.648243 50.703537 -0.534855 -6.551372 0.353028 -1.511149 -0.03194 20.222788 3.684309 2.316631 18.78727 5e-06 3e-06 10.751628 -0.479867 1.39791 2e-06 0.0 -1e-06 3.273807 0.305947 -0.58011 21.486813 11.830376 2.266136 8.162928 2e-06 3e-06 18.39908 -3.798985 -4.940571 3e-06 -1e-06 -1e-06 -0.820579 1.371559 -3.677337 0.544154 0.327314 29.953621 -0.806646 3.452573 -19.363274 1.966807 -1.645129 -20.166588 -0.0 0.0 2e-06 4.466355 4.696818 -52.495125 -0.461294 -0.56243 82.90831 -0.290205 -5.760469 -14.194994 -1.56363 0.874281 -6.650872 -0.0 0.0 -3e-06 
0.0 0.0 0.0 0.0 -0.0 0.0 -12.546958 91.110718 139.547104 -5.431412 -8.500275 20.596638 1.633872 -0.596558 5.395387 -0.088188 -0.723103 -2.425341 2.123073 -0.57767 10.114725 -0.04317 3.065393 -10.307544 -0.01039 2.91547 -3.615817 -2.349794 2.443567 -11.030817 7.7e-05 -2.3e-05 6e-06 0.03859 -0.089073 -0.029745 0.861301 -3.859429 -10.732829 -0.789136 3.665698 -10.765961 -5.092286 -7.628256 11.49252 -55.87439 -5.491477 9.061111 -2.752358 -56.961681 2.144828 17.487478 -7.501893 -1.923939 -5.882106 9.861286 0.70259 -10.936868 -0.360575 7.156203 -0.0 8.774823 -1e-06 -16.011757 17.755672 5.89241 -1.844034 2.498504 -2.507279 -10.163597 4.678945 4.621105 -20.976021 -4e-06 -0.0 -21.226284 2.451694 -3.594002 0.0 -6e-06 -1e-06 -1.362681 2.240799 -0.746323 -21.334908 0.58491 3.008319 -13.82121 -3e-06 -1e-06 -23.887167 -0.249082 -0.839484 -60.14793 2.718224 -1.479305 -0.294025 1.679688 0.833256 -14.218207 0.093215 1.30058 -34.212048 -0.287565 0.967166 -20.033211 0.964533 1.21284 -0.0 -0.0 3e-06 -3.440388 0.788234 0.501656 -15.928185 -3.167309 2.999704 -6.338825 -1e-06 0.0 -18.123444 3.648182 -4.905674 -4e-06 0.0 -3e-06 2.061605 16.962976 11.655044 63.849388 1.888896 13.714423 0.849459 56.441154 1.145773 -11.300693 6.44379 -1.218753 2.243541 -5.255035 -3.180156 14.282885 -0.826597 6.952501 -1e-06 -12.690601 -1e-06 16.682581 -18.51675 2.485925 1.665666 -1.95592 -2.878297 4.727797 -4.170587 4.993922 11.02052 2e-06 1e-06 12.109047 -3.735715 -2.866784 -0.0 -1e-06 1e-06 1.291985 -1.928548 -1.498088 14.800122 0.567467 3.865607 14.242566 -1.341738 -6.660656 19.631958 0.143921 -0.648246 50.67289 -0.010976 -5.989542 0.353028 -1.511149 -0.031941 20.222784 3.684308 2.31663 18.787266 2e-06 1e-06 10.751625 -0.47987 1.397905 3e-06 2e-06 0.0 3.273805 0.305947 -0.580109 21.486801 11.830369 2.266131 8.162924 1e-06 1e-06 18.399076 -3.798987 -4.940576 3e-06 1e-06 1e-06 0.461971 1.563828 -1.36759 0.277371 0.523181 33.388741 -0.990405 2.293555 0.577825 2.259473 -1.540974 -29.970526 -0.0 -0.0 3e-06 7.08397 6.724108 -53.823612 -0.141592 -0.254052 70.568604 2.043555 -2.032771 -14.894526 -1.409104 0.76285 -6.322254 -0.0 -0.0 -1e-06 
0.0 0.0 0.0 0.0 -0.0 0.0 -13.47964 91.992218 150.579941 -4.713443 -8.948936 19.121443 0.99055 -0.408288 6.112385 -0.051413 -0.325455 -2.392347 2.559471 -0.77939 10.555565 -0.800837 3.180014 -10.363799 -0.0558 2.596215 -3.423397 -2.383288 2.229076 -9.226695 7.7e-05 -2.3e-05 6e-06 0.030877 -0.043927 0.023055 0.770718 -3.822355 -10.591218 -0.715144 3.721112 -10.622909 -5.893699 -7.842445 11.317029 -55.319931 -6.111048 9.95657 -1.336977 -57.489635 1.170608 17.031137 -8.517666 -1.651196 -5.882103 9.861283 0.702594 -10.936868 -0.360574 7.156204 -1e-06 8.774824 -2e-06 -16.096981 18.099548 5.943888 -1.844032 2.498504 -2.507275 -10.163595 4.678944 4.621106 -20.976013 -2e-06 3e-06 -21.22628 2.451698 -3.593998 2e-06 -5e-06 -1e-06 -1.362683 2.2408 -0.746323 -21.334906 0.584911 3.008323 -13.821206 -1e-06 2e-06 -23.887157 -0.249077 -0.839483 -60.032898 2.559833 -1.179426 -0.294025 1.679688 0.833256 -14.218205 0.093217 1.300582 -34.21204 -0.28756 0.967168 -20.033205 0.964538 1.212841 1e-06 0.0 2e-06 -3.440387 0.788234 0.501654 -15.928183 -3.167306 2.999707 -6.338823 -1e-06 0.0 -18.123444 3.648184 -4.905669 -4e-06 -1e-06 -2e-06 3.540382 17.403933 13.235872 62.231998 4.812503 11.975735 0.674221 52.83107 0.513314 -12.422586 7.397624 -1.6497 2.243541 -5.255034 -3.180158 14.282883 -0.826593 6.952498 -3e-06 -12.690598 1e-06 16.3433 -18.27718 2.528505 1.665665 -1.95592 -2.878299 4.727795 -4.170584 4.993922 11.020521 5e-06 -1e-06 12.109048 -3.735713 -2.866783 -0.0 -1e-06 1e-06 1.291985 -1.92855 -1.498089 14.800122 0.567468 3.865602 14.242566 -1.341735 -6.660657 19.631958 0.143928 -0.648247 50.26321 -0.039453 -6.085411 0.353029 -1.51115 -0.031941 20.222778 3.684309 2.316627 18.78726 6e-06 -3e-06 10.75162 -0.479866 1.397905 2e-06 1e-06 0.0 3.273805 0.305947 -0.580112 21.486803 11.830368 2.266129 8.162924 2e-06 -2e-06 18.399076 -3.798979 -4.940577 3e-06 -0.0 1e-06 0.135674 0.777816 -6.112011 0.135618 0.601339 50.039295 -3.859521 -0.334456 12.041109 2.023347 -1.7893 -9.60313 0.0 -0.0 1e-06 7.728649 5.850825 -48.940659 -0.050222 -0.286049 60.718456 1.809761 0.619511 -11.879089 -1.359117 0.67734 -7.305065 0.0 0.0 -2e-06 
0.0 0.0 0.0 0.0 -0.0 0.0 -14.359551 91.544807 161.634064 -3.23702 -8.379837 16.892658 0.804246 0.084528 7.005117 -0.025226 -0.037696 -2.280636 1.985455 -0.873943 10.718161 -1.341506 3.095549 -9.076946 -0.352873 1.798397 -3.31145 -2.067324 1.569209 -10.582155 7.7e-05 -2.3e-05 6e-06 0.015587 -0.031234 0.093465 0.736941 -3.810097 -10.524059 -0.711536 3.73922 -10.546187 -5.93794 -7.740161 12.045904 -56.323895 -7.662829 11.277566 1.061837 -57.339058 -0.290312 17.577158 -9.710176 -1.863424 -5.882103 9.861278 0.702589 -10.936865 -0.360576 7.156204 -1e-06 8.774818 -3e-06 -16.056032 18.585674 6.243515 -1.844029 2.4985 -2.507276 -10.163593 4.67894 4.621108 -20.976006 -1e-06 7e-06 -21.226269 2.451697 -3.593994 1e-06 -5e-06 1e-06 -1.36268 2.240796 -0.746322 -21.334898 0.584909 3.008328 -13.821204 0.0 7e-06 -23.887152 -0.249075 -0.839476 -60.467747 2.332374 -1.005908 -0.294025 1.679687 0.833254 -14.218198 0.093214 1.300583 -34.212029 -0.287557 0.967177 -20.033201 0.96454 1.212846 2e-06 -1e-06 3e-06 -3.440386 0.788234 0.501655 -15.928176 -3.167309 2.999709 -6.338822 -1e-06 3e-06 -18.123436 3.648183 -4.905665 -4e-06 1e-06 -2e-06 3.94116 17.149977 14.066906 62.274067 8.023003 9.894876 -0.187629 52.243969 -0.10198 -14.262038 7.234417 -0.485011 2.243539 -5.255034 -3.180155 14.282873 -0.826595 6.9525 1e-06 -12.690593 -4e-06 16.139126 -17.802298 2.631782 1.665664 -1.95592 -2.878297 4.727794 -4.170584 4.993921 11.020514 1e-06 1e-06 12.109036 -3.735714 -2.86678 -1e-06 0.0 -0.0 1.291985 -1.928548 -1.498088 14.800108 0.567467 3.865605 14.242555 -1.341739 -6.660651 19.631941 0.143923 -0.648245 50.300957 -0.335514 -6.462866 0.353029 -1.511149 -0.031941 20.222767 3.684304 2.316633 18.787251 -1e-06 2e-06 10.751616 -0.479869 1.397905 1e-06 0.0 0.0 3.273803 0.305946 -0.58011 21.48679 11.830361 2.266137 8.162917 2e-06 2e-06 18.399063 -3.798984 -4.940567 4e-06 1e-06 0.0 -0.215128 1.04082 -13.834974 0.194785 0.513378 71.389702 -1.611498 0.323544 6.85316 2.150828 -1.96383 -4.768867 -0.0 0.0 2e-06 7.272869 3.03466 -39.921204 0.011562 -0.437315 58.1418 -0.879479 1.699844 -16.688316 -1.417778 0.619516 -7.297734 -0.0 -0.0 -1e-06 
0.0 0.0 0.0 0.0 -0.0 0.0 -15.450096 90.43528 172.635544 -3.498709 -7.463449 16.004606 1.802591 0.579602 7.556962 0.189315 0.677602 -2.264016 1.870657 -0.782808 10.725667 -2.454459 3.243404 -8.422006 -0.679002 0.464147 -3.312745 -1.654703 0.966354 -13.454038 7.7e-05 -2.2e-05 6e-06 -0.001574 -0.06644 0.105044 0.742489 -3.810406 -10.475655 -0.751619 3.673111 -10.496699 -6.471354 -6.905266 12.609172 -58.015034 -7.901659 10.151435 1.721648 -59.518345 -0.579162 20.00878 -11.291901 -2.800775 -5.882096 9.861271 0.70259 -10.936857 -0.360578 7.1562 1e-06 8.774813 -3e-06 -15.870852 18.626364 6.41444 -1.844029 2.4985 -2.507273 -10.163586 4.678935 4.621102 -20.975996 -4e-06 1e-05 -21.226254 2.451694 -3.593986 1e-06 -5e-06 1e-06 -1.362678 2.240794 -0.746321 -21.33489 0.584905 3.008323 -13.821197 -3e-06 6e-06 -23.887144 -0.249079 -0.839475 -60.940239 2.227058 -1.194256 -0.294023 1.679686 0.833256 -14.218191 0.093214 1.300582 -34.212002 -0.28756 0.967179 -20.033188 0.964538 1.212845 -0.0 -0.0 2e-06 -3.440385 0.788233 0.501657 -15.928167 -3.167309 2.999707 -6.33882 -0.0 4e-06 -18.123423 3.648178 -4.905657 -4e-06 1e-06 -3e-06 2.521461 16.5439 14.05128 63.342014 11.373672 6.886339 -0.304421 56.7201 -0.175178 -16.324228 7.633601 -0.709906 2.243537 -5.255031 -3.180154 14.282872 -0.826593 6.952495 -2e-06 -12.690588 -3e-06 16.184792 -17.883322 2.854961 1.665663 -1.955917 -2.878294 4.727793 -4.17058 4.993915 11.020511 3e-06 1e-06 12.109036 -3.735712 -2.86678 0.0 -1e-06 -2e-06 1.291983 -1.928547 -1.498087 14.800112 0.567469 3.865604 14.242553 -1.341735 -6.660645 19.631941 0.143925 -0.64824 51.212891 -0.217645 -6.554337 0.353028 -1.511149 -0.03194 20.222765 3.684306 2.316631 18.787245 6e-06 -1e-06 10.751616 -0.479868 1.397906 -0.0 2e-06 -1e-06 3.273802 0.305947 -0.580108 21.486786 11.83036 2.266133 8.162916 2e-06 2e-06 18.399057 -3.79898 -4.940567 3e-06 0.0 -1e-06 1.50131 2.767805 -26.382908 0.10574 0.374387 88.612831 4.249423 4.732791 -1.270792 2.271469 -1.958722 -5.324865 -0.0 -0.0 3e-06 8.067173 1.7712 -29.403257 -0.075167 -0.32671 55.126839 -2.662331 0.709673 -23.578079 -1.455288 0.722721 -7.226707 0.0 0.0 -1e-06 
0.0 0.0 0.0 0.0 -0.0 0.0 -17.066612 90.066437 184.649551 -3.661554 -7.142415 15.923122 2.357841 1.105931 7.709491 0.140933 1.655328 -2.003455 1.909837 -0.586191 11.153704 -3.335604 3.144495 -9.865301 -0.507986 -0.500944 -3.447721 -1.637152 0.400971 -14.904438 7.7e-05 -2.2e-05 6e-06 0.003474 0.055204 0.093363 0.736704 -3.691917 -10.524426 -0.737613 3.793938 -10.527486 -8.457451 -6.104409 12.978145 -58.372066 -6.876817 6.683752 -0.610982 -63.746635 1.030214 22.597185 -13.201382 -2.071964 -5.882105 9.86128 0.70259 -10.936873 -0.360577 7.156203 2e-06 8.774823 -1e-06 -15.600514 17.992428 6.233565 -1.844034 2.498503 -2.507278 -10.163601 4.678943 4.621105 -20.976027 -8e-06 3e-06 -21.226288 2.451691 -3.594 0.0 -7e-06 -3e-06 -1.362682 2.240796 -0.746324 -21.334915 0.584904 3.008322 -13.821214 -5e-06 2e-06 -23.887175 -0.249083 -0.83948 -60.365498 1.968183 -0.773318 -0.294024 1.679685 0.833257 -14.21821 0.093211 1.300578 -34.212051 -0.287572 0.967173 -20.033215 0.964533 1.212847 -0.0 -0.0 1e-06 -3.440389 0.788234 0.501654 -15.928189 -3.16731 2.999705 -6.338827 -1e-06 0.0 -18.123447 3.648176 -4.905668 -5e-06 2e-06 -2e-06 1.08077 16.543524 13.33646 63.985607 14.182739 4.996642 -1.071822 62.953144 -0.579819 -19.419538 7.828781 -3.07847 2.243541 -5.255037 -3.180156 14.28289 -0.826594 6.952501 -1e-06 -12.6906 0.0 15.839971 -17.69194 2.800251 1.665665 -1.955922 -2.878298 4.727799 -4.170586 4.993924 11.020524 3e-06 1e-06 12.109049 -3.735713 -2.866782 -0.0 2e-06 1e-06 1.291983 -1.928549 -1.498088 14.800129 0.567466 3.865608 14.242569 -1.341738 -6.660651 19.631968 0.143923 -0.648241 50.559959 0.064458 -6.773306 0.35303 -1.511151 -0.031941 20.222792 3.684309 2.316633 18.78727 3e-06 0.0 10.751629 -0.479869 1.397907 1e-06 1e-06 1e-06 3.273806 0.305947 -0.580111 21.486809 11.830368 2.266135 8.162929 3e-06 -1e-06 18.39908 -3.798985 -4.940576 2e-06 -1e-06 -1e-06 2.037941 3.959381 -41.577087 0.142896 0.219748 94.983658 7.84735 8.910069 -5.644536 2.027154 -2.00428 -5.601213 -0.0 -0.0 3e-06 8.412772 1.16281 -18.951052 -0.326624 -0.160677 49.225212 -3.01159 0.333293 -25.39744 -1.52065 0.827174 -10.048566 0.0 0.0 -1e-06 
0.0 0.0 0.0 0.0 -0.0 0.0 -18.749413 90.483017 196.852798 -1.104879 -6.615569 15.820448 0.965189 1.350184 7.236352 -0.348123 2.175156 -1.937917 0.801216 -0.453578 11.405872 -2.547277 3.103127 -10.339346 -0.665647 -1.449227 -3.612455 -0.9622 -0.882991 -14.765136 7.7e-05 -2.2e-05 6e-06 0.004059 0.102021 0.060945 0.690061 -3.660217 -10.636707 -0.690649 3.8513 -10.601774 -8.888041 -6.164784 13.181539 -59.404793 -5.579718 5.870491 -1.133999 -65.189934 0.720129 25.643333 -16.624071 -1.627352 -5.882099 9.861274 0.702589 -10.936863 -0.360576 7.1562 2e-06 8.774816 -3e-06 -15.829404 17.752903 6.067722 -1.84403 2.498503 -2.507276 -10.163591 4.678939 4.621105 -20.976006 -3e-06 2e-06 -21.226269 2.451694 -3.593997 1e-06 -6e-06 -2e-06 -1.362681 2.240798 -0.746322 -21.334896 0.584904 3.00832 -13.821203 -5e-06 2e-06 -23.887154 -0.24908 -0.839477 -60.35363 1.917778 -0.812364 -0.294023 1.679686 0.833256 -14.218197 0.093215 1.30058 -34.212021 -0.287567 0.967172 -20.033194 0.964536 1.212844 -1e-06 1e-06 1e-06 -3.440386 0.788233 0.501654 -15.928172 -3.16731 2.999705 -6.338821 1e-06 1e-06 -18.12343 3.648175 -4.905663 -5e-06 1e-06 -3e-06 0.157922 16.556408 12.364657 65.740692 15.523005 5.019711 -1.297911 65.890884 -0.85188 -22.62229 9.1011 -6.250822 2.243538 -5.25503 -3.180155 14.282878 -0.826594 6.9525 -2e-06 -12.690593 -2e-06 15.586238 -17.478952 2.820484 1.665664 -1.955921 -2.878296 4.727796 -4.170583 4.99392 11.020514 4e-06 0.0 12.10904 -3.735716 -2.86678 -1e-06 -1e-06 1e-06 1.291983 -1.928548 -1.498087 14.800117 0.56747 3.865606 14.242558 -1.341737 -6.66065 19.631948 0.143924 -0.648242 50.400482 -0.006148 -6.53056 0.353028 -1.51115 -0.031938 20.222769 3.684306 2.316633 18.787254 3e-06 3e-06 10.751616 -0.47987 1.397907 -1e-06 0.0 -2e-06 3.273803 0.305947 -0.58011 21.486797 11.830363 2.266136 8.162919 4e-06 1e-06 18.399067 -3.798985 -4.940566 2e-06 0.0 -1e-06 -0.944793 3.534393 -53.507401 0.359757 0.248417 89.496376 7.739886 10.411216 -7.836029 1.868803 -1.918889 -5.874227 0.0 -0.0 3e-06 5.32909 -1.594719 -8.502112 -0.387304 0.17827 41.427795 -2.652688 2.731815 -19.303192 -1.675928 0.928919 -19.286993 0.0 0.0 -2e-06 
0.0 0.0 0.0 0.0 -0.0 0.0 -20.800533 91.340904 209.823608 2.067787 -5.131474 15.673511 -0.823328 1.166608 6.372137 -0.862782 2.222379 -2.118849 -1.102431 -0.279102 11.292066 -0.493018 2.797175 -9.80913 -1.035129 -2.364785 -3.632909 -0.43408 -2.430235 -13.176109 7.7e-05 -2.2e-05 6e-06 0.000107 0.014779 0.034153 0.723457 -3.74973 -10.66067 -0.729902 3.75832 -10.633861 -8.03278 -6.851262 14.262741 -59.806194 -6.046927 7.633863 -0.609037 -63.798435 0.099423 28.677687 -18.059904 -2.233663 -5.8821 9.86128 0.702589 -10.936861 -0.360576 7.1562 1e-06 8.774819 -2e-06 -15.693397 18.065208 6.349554 -1.844031 2.498501 -2.507275 -10.163591 4.678941 4.621105 -20.976006 -3e-06 3e-06 -21.226269 2.451697 -3.593995 0.0 -7e-06 -1e-06 -1.362681 2.240795 -0.746323 -21.334896 0.584909 3.008318 -13.821203 -3e-06 0.0 -23.887154 -0.249079 -0.839481 -60.758018 2.105124 -0.958853 -0.294026 1.679688 0.833256 -14.218197 0.093215 1.30058 -34.212021 -0.287566 0.967171 -20.033197 0.964533 1.212845 -1e-06 -0.0 1e-06 -3.440386 0.788233 0.501654 -15.928172 -3.167306 2.999703 -6.338821 -1e-06 -3e-06 -18.123436 3.64818 -4.905668 -4e-06 -0.0 -3e-06 0.089723 15.611873 11.724484 68.364365 15.506853 7.717958 -0.259708 64.732925 -0.509187 -24.282061 9.725474 -5.898097 2.24354 -5.255034 -3.180155 14.282883 -0.826594 6.952498 -3e-06 -12.690596 0.0 15.801243 -17.33235 2.70684 1.665665 -1.955921 -2.878295 4.727797 -4.170584 4.993918 11.020519 4e-06 -1e-06 12.109043 -3.735714 -2.866781 -1e-06 0.0 0.0 1.291985 -1.928548 -1.498089 14.800118 0.567467 3.865604 14.242563 -1.341736 -6.660651 19.631952 0.143923 -0.648243 50.387554 -0.189072 -6.339939 0.35303 -1.51115 -0.03194 20.222784 3.684309 2.316631 18.787264 4e-06 -1e-06 10.751622 -0.479869 1.397904 -1e-06 -0.0 -1e-06 3.273804 0.305948 -0.580111 21.486801 11.830365 2.266135 8.162923 1e-06 -0.0 18.399075 -3.798983 -4.940573 4e-06 1e-06 0.0 -4.945295 2.451559 -58.830742 0.452033 0.260643 74.900642 3.133853 7.89597 -10.569224 1.858204 -1.982314 -5.497046 0.0 -0.0 2e-06 1.664791 -4.107731 1.279278 -0.358363 0.193312 32.897877 -0.919018 5.213445 -2.253027 -1.788357 0.74577 -31.739769 0.0 0.0 -1e-06 
0.0 0.0 0.0 0.0 -0.0 0.0 -23.024908 92.019501 224.093597 3.395539 -3.195934 15.289537 -1.406835 1.166682 5.672146 -1.090682 2.245883 -2.445737 -2.423313 -0.367329 11.275536 1.126214 2.403387 -8.594944 -1.61913 -3.287977 -3.631095 -0.01868 -4.10576 -11.193365 7.7e-05 -2.2e-05 6e-06 0.003717 -0.08507 -0.019569 0.775588 -3.817324 -10.673007 -0.770811 3.621867 -10.656992 -7.422224 -7.808539 14.672465 -58.689697 -8.2622 11.434771 -0.498659 -61.727509 0.145995 29.946247 -16.838318 -2.302357 -5.882108 9.861285 0.702591 -10.936871 -0.360575 7.156203 -1e-06 8.774825 -3e-06 -15.582588 18.587 6.827008 -1.844036 2.498507 -2.507279 -10.163599 4.678947 4.621107 -20.976023 -5e-06 -2e-06 -21.22629 2.451696 -3.594003 0.0 -7e-06 -1e-06 -1.362682 2.240797 -0.746324 -21.334913 0.584914 3.00832 -13.821213 -2e-06 -2e-06 -23.887175 -0.249079 -0.839489 -61.593349 2.545107 -1.205268 -0.294024 1.679688 0.833256 -14.218208 0.093218 1.300579 -34.212051 -0.287563 0.967163 -20.033213 0.964534 1.212841 -1e-06 1e-06 1e-06 -3.440388 0.788232 0.501657 -15.928185 -3.167309 2.999703 -6.338828 0.0 1e-06 -18.123451 3.648183 -4.905674 -5e-06 -1e-06 -2e-06 0.359952 14.651916 11.408169 69.819176 14.521206 11.933923 1.204593 61.096848 0.187416 -22.342459 9.063299 -1.700197 2.243541 -5.255036 -3.180157 14.282891 -0.826595 6.952499 -3e-06 -12.690603 1e-06 16.234491 -17.611185 2.304873 1.665666 -1.95592 -2.878298 4.727799 -4.170586 4.993924 11.020527 2e-06 -2e-06 12.109054 -3.735718 -2.866783 0.0 -0.0 0.0 1.291986 -1.92855 -1.49809 14.800127 0.567468 3.865605 14.242573 -1.341734 -6.660658 19.631969 0.143929 -0.648248 50.339073 -0.260422 -6.522422 0.353029 -1.51115 -0.031938 20.22279 3.684308 2.316627 18.78727 5e-06 -3e-06 10.751628 -0.479869 1.397905 -0.0 2e-06 -1e-06 3.273807 0.305947 -0.580111 21.486813 11.830372 2.266127 8.162927 2e-06 -2e-06 18.399086 -3.798985 -4.940577 3e-06 -0.0 -2e-06 -7.877591 2.388783 -57.577171 0.417254 0.423174 54.762451 -3.53862 2.418578 -11.871422 1.703409 -1.969932 -5.90998 -0.0 0.0 2e-06 1.094247 -2.968431 7.355568 -0.157149 -0.395484 29.466337 5.824944 3.449881 21.102077 -1.426369 0.646902 -26.159735 0.0 0.0 -2e-06 
0.0 0.0 0.0 0.0 -0.0 0.0 -24.858862 91.437737 238.080414 2.288472 -2.339797 14.005992 -0.616541 1.363238 5.93098 -1.075189 2.237619 -2.519679 -2.423333 -0.30122 11.383964 1.543199 2.43714 -7.627682 -2.06371 -4.01362 -3.693908 0.356168 -4.867834 -10.242768 7.7e-05 -2.2e-05 6e-06 0.036208 -0.160136 -0.029112 0.765388 -3.887497 -10.630121 -0.691649 3.545817 -10.619707 -7.924711 -8.235175 13.89837 -56.110825 -11.844111 15.173697 -0.081426 -62.245026 0.358034 28.9811 -13.42092 -1.792503 -5.882105 9.861282 0.702591 -10.936866 -0.360577 7.156205 0.0 8.774824 0.0 -15.815276 18.884224 6.846176 -1.844032 2.498504 -2.507277 -10.163597 4.678943 4.62111 -20.976021 -4e-06 3e-06 -21.226282 2.451696 -3.593997 1e-06 -6e-06 -0.0 -1.362682 2.240798 -0.746323 -21.334913 0.584911 3.008324 -13.821213 -2e-06 1e-06 -23.887167 -0.249079 -0.839482 -61.825439 2.796705 -1.510065 -0.294026 1.679687 0.833254 -14.218205 0.093213 1.300582 -34.212044 -0.287563 0.967172 -20.033211 0.964539 1.212845 -1e-06 -1e-06 0.0 -3.440389 0.788234 0.501655 -15.928183 -3.167309 2.999709 -6.338828 0.0 3e-06 -18.123444 3.648185 -4.90567 -3e-06 1e-06 -3e-06 0.627499 14.441647 11.887543 68.807785 12.732612 16.615667 1.280488 59.333355 0.314206 -18.799173 7.517353 2.81556 2.243539 -5.255034 -3.180156 14.282883 -0.826594 6.952501 -2e-06 -12.690601 0.0 16.487719 -17.940966 2.364157 1.665665 -1.955923 -2.8783 4.727796 -4.170588 4.993922 11.020518 3e-06 0.0 12.109043 -3.735715 -2.866786 -0.0 -0.0 -1e-06 1.291985 -1.928548 -1.498086 14.800118 0.567467 3.865605 14.242564 -1.341736 -6.660655 19.631952 0.143923 -0.648244 50.663719 -0.446487 -6.18041 0.353029 -1.511149 -0.031939 20.222778 3.68431 2.316631 18.787266 4e-06 -3e-06 10.751623 -0.479869 1.397905 1e-06 2e-06 0.0 3.273804 0.305948 -0.580108 21.486801 11.83037 2.266135 8.162921 0.0 -1e-06 18.399071 -3.798988 -4.940575 2e-06 0.0 -1e-06 -7.038471 0.84162 -53.24699 0.436144 0.692102 42.146706 -4.905326 1.471004 -13.154271 1.651149 -1.785619 -6.408995 0.0 -0.0 3e-06 3.398019 -0.814363 6.212418 -0.357785 -0.609584 42.404697 10.886118 2.070274 28.507528 -1.152568 0.931776 -6.451808 0.0 0.0 -1e-06 
0.0 0.0 0.0 0.0 -0.0 0.0 -26.145798 89.8451 250.831436 1.292232 -2.206503 12.444209 -0.418345 1.150211 7.020379 -0.920417 1.986485 -2.501249 -2.078207 -0.096235 11.32028 1.893502 1.925814 -7.509842 -2.125447 -3.583749 -3.547856 0.360825 -4.854106 -10.577598 7.7e-05 -2.3e-05 6e-06 0.05627 -0.230045 0.008513 0.734908 -4.008244 -10.619874 -0.618848 3.531216 -10.620597 -7.985019 -9.188349 13.029629 -52.676899 -16.497223 15.880963 0.668147 -66.770813 0.092222 27.900166 -10.14834 -1.352982 -5.882102 9.861279 0.702587 -10.936868 -0.360574 7.156201 1e-06 8.774821 -3e-06 -15.833779 18.930866 6.871396 -1.844031 2.498503 -2.507277 -10.163597 4.678944 4.621106 -20.976017 -3e-06 3e-06 -21.22628 2.451694 -3.593998 0.0 -6e-06 -1e-06 -1.36268 2.240796 -0.746322 -21.334906 0.58491 3.008321 -13.821211 -4e-06 -0.0 -23.887165 -0.249079 -0.839484 -61.313789 2.953622 -1.625734 -0.294027 1.679687 0.833256 -14.218204 0.093216 1.300579 -34.21204 -0.287566 0.967167 -20.033205 0.964536 1.212842 -0.0 -1e-06 0.0 -3.440387 0.788233 0.501655 -15.928177 -3.167309 2.999705 -6.338823 -1e-06 0.0 -18.123444 3.648179 -4.905668 -4e-06 1e-06 -2e-06 1.599796 14.205677 12.585319 66.273483 9.655042 19.38504 0.345097 61.758518 0.069442 -16.825512 5.69839 6.063419 2.243539 -5.255033 -3.180155 14.282874 -0.826592 6.952495 -1e-06 -12.690589 -2e-06 16.630753 -18.1327 2.448439 1.665665 -1.955919 -2.878295 4.727796 -4.170582 4.993917 11.020512 3e-06 -1e-06 12.109035 -3.735711 -2.866779 -0.0 1e-06 -2e-06 1.291984 -1.928547 -1.498087 14.800112 0.567469 3.865603 14.242557 -1.341737 -6.660649 19.631943 0.143924 -0.648242 51.21891 -0.636752 -6.231442 0.353028 -1.511148 -0.03194 20.222769 3.684305 2.316629 18.787251 5e-06 2e-06 10.751616 -0.479871 1.397904 1e-06 1e-06 0.0 3.273802 0.305947 -0.58011 21.48679 11.830361 2.266135 8.162919 2e-06 0.0 18.399059 -3.798982 -4.940569 3e-06 -1e-06 -2e-06 -5.336686 -2.09269 -49.883324 0.568526 0.935528 46.652084 2.236173 5.473264 -13.937635 1.70637 -1.66723 -4.112363 0.0 -0.0 2e-06 3.779514 -1.369063 -1.201569 -0.337913 -0.23459 66.266083 10.863426 4.255613 25.436928 -1.295268 0.984192 -3.276198 0.0 -0.0 -1e-06 
0.0 0.0 0.0 0.0 -0.0 0.0 -27.187794 87.836143 262.137787 2.064273 -2.44081 10.981586 -1.324699 0.390758 8.316522 -1.106775 1.784905 -2.278165 -2.371464 -0.377575 11.470234 2.935874 1.763549 -8.399826 -1.651343 -2.981813 -3.59423 -0.274019 -3.638006 -12.766169 7.7e-05 -2.2e-05 6e-06 0.042896 -0.248362 0.009081 0.764801 -4.045528 -10.657602 -0.677513 3.535942 -10.667327 -6.55063 -10.760929 11.988682 -47.734959 -20.500223 12.638492 2.944419 -76.826134 -1.84285 26.326784 -7.584939 0.894382 -5.882102 9.861278 0.702588 -10.936862 -0.360576 7.156196 -2e-06 8.774816 -2e-06 -15.672834 18.665545 6.800531 -1.844031 2.498503 -2.507273 -10.163591 4.678941 4.621102 -20.976006 0.0 1e-06 -21.226271 2.451696 -3.593997 1e-06 -5e-06 2e-06 -1.362681 2.240797 -0.746323 -21.334892 0.584909 3.008317 -13.821201 -2e-06 -0.0 -23.887152 -0.24908 -0.839484 -59.765686 2.818485 -1.436784 -0.294026 1.679686 0.833254 -14.218195 0.093216 1.300577 -34.212013 -0.287562 0.967165 -20.033194 0.964537 1.21284 -0.0 -3e-06 -0.0 -3.440385 0.788233 0.501655 -15.928172 -3.167306 2.999703 -6.33882 0.0 -0.0 -18.123434 3.648181 -4.905669 -3e-06 1e-06 -2e-06 3.138637 12.881841 13.40413 63.598507 5.124839 18.063776 -0.271519 70.232018 0.105704 -16.784618 5.640156 8.171639 2.243538 -5.25503 -3.180154 14.282866 -0.826595 6.952488 0.0 -12.690582 -4e-06 16.60948 -18.461107 2.739724 1.665664 -1.955919 -2.878294 4.727791 -4.170579 4.993914 11.020508 1e-06 -2e-06 12.10903 -3.735712 -2.866779 0.0 0.0 -1e-06 1.291982 -1.928548 -1.498086 14.800105 0.567465 3.865602 14.24255 -1.341737 -6.660647 19.631935 0.143923 -0.648243 51.679119 -0.754745 -5.90214 0.353029 -1.511149 -0.031941 20.222754 3.684301 2.316625 18.787237 1e-06 -2e-06 10.751608 -0.479867 1.397903 1e-06 0.0 1e-06 3.273801 0.305945 -0.580109 21.486776 11.830352 2.266132 8.162913 -0.0 -1e-06 18.399054 -3.798981 -4.940571 2e-06 -2e-06 -2e-06 -5.628098 -3.94491 -45.789268 0.513525 0.812191 57.841465 2.892659 9.182391 -23.142929 1.698801 -1.648197 -1.200803 -0.0 0.0 2e-06 1.51781 -2.861432 -11.766573 -0.159612 0.104154 88.388908 5.988639 1.622359 18.235441 -1.404179 1.026009 -2.538986 0.0 -0.0 -1e-06 
0.0 0.0 0.0 0.0 -0.0 0.0 -28.276051 86.368713 274.207916 3.148982 -2.626226 10.631873 -2.068448 -0.35969 8.655437 -1.373201 1.197376 -1.963955 -3.078137 -1.177178 12.076866 3.938284 1.977448 -10.602105 -1.610946 -1.748137 -3.507061 -0.662733 -2.76857 -14.768831 7.7e-05 -2.3e-05 6e-06 0.017027 -0.084043 0.004349 0.749855 -3.862327 -10.609192 -0.717619 3.683723 -10.617299 -6.242138 -12.456653 11.607967 -38.026691 -22.809362 4.091865 139.955475 -89.075706 -139.642578 23.74575 -6.281284 6.580292 -5.882101 9.861276 0.702588 -10.93686 -0.360575 7.156196 1e-06 8.774817 -0.0 -15.655586 18.351086 6.462842 -1.844031 2.498501 -2.507277 -10.163589 4.678941 4.621105 -20.976002 -1e-06 2e-06 -21.226265 2.451695 -3.593998 0.0 -4e-06 -0.0 -1.362681 2.240796 -0.746321 -21.334894 0.584909 3.008317 -13.821197 -3e-06 0.0 -23.887146 -0.24908 -0.839482 -58.920334 2.70893 -1.370526 -0.294024 1.679687 0.833258 -14.218193 0.093214 1.300577 -34.212013 -0.287564 0.967166 -20.033194 0.964534 1.212842 -0.0 0.0 -0.0 -3.440384 0.788233 0.501656 -15.928168 -3.167306 2.999703 -6.338819 0.0 -0.0 -18.123426 3.64818 -4.905666 -3e-06 2e-06 -2e-06 5.814502 11.309533 14.376364 60.594215 -0.559906 14.009551 -2.585909 82.895294 -1.843033 -18.498514 8.001658 9.803172 2.24354 -5.255033 -3.180155 14.28288 -0.826594 6.952497 -1e-06 -12.690597 0.0 16.407225 -18.572578 2.936051 1.665664 -1.95592 -2.878298 4.727797 -4.170583 4.993919 11.020517 2e-06 0.0 12.109043 -3.735713 -2.866785 -1e-06 0.0 -2e-06 1.291984 -1.928547 -1.498086 14.800115 0.567466 3.865604 14.242561 -1.341735 -6.660654 19.631952 0.143923 -0.648245 51.453213 -0.845346 -6.008914 0.353029 -1.511149 -0.03194 20.222776 3.684304 2.316629 18.787256 2e-06 -2e-06 10.75162 -0.47987 1.397903 1e-06 1e-06 1e-06 3.273804 0.305946 -0.58011 21.486794 11.830362 2.266131 8.162923 -0.0 -0.0 18.399071 -3.798985 -4.940573 2e-06 -1e-06 -2e-06 -6.841681 -2.968786 -38.52132 0.312608 0.7193 62.385246 1.416633 8.343521 -32.597721 1.668419 -1.644042 -0.679069 -0.0 0.0 2e-06 -0.477121 -2.7475 -25.299023 -0.093286 -0.200062 103.751022 0.917615 -3.850731 9.354297 -1.50973 1.007498 -3.074918 -0.0 -0.0 -1e-06 
0.0 0.0 0.0 0.0 -0.0 0.0 -29.672325 86.01487 287.052216 2.442795 -2.902214 10.824605 -1.710797 -0.917273 8.388203 -1.315277 -0.146209 -1.748868 -3.082332 -2.167728 11.915653 4.173015 1.992404 -11.412342 -1.298315 -0.024803 -3.471126 -1.004567 -1.367154 -15.294387 7.7e-05 -2.3e-05 6e-06 0.010279 0.069505 -0.003495 0.727846 -3.660183 -10.481654 -0.710965 3.78825 -10.501711 -5.492929 -14.2083 11.293034 -28.176596 -21.549522 -7.019959 179.378494 -77.267754 179.771988 21.743349 -5.185498 14.481592 -5.882102 9.861278 0.702592 -10.936867 -0.360576 7.156201 1e-06 8.77482 -0.0 -16.032585 18.050791 6.210954 -1.84403 2.498502 -2.507277 -10.163595 4.678941 4.621107 -20.976013 -6e-06 6e-06 -21.226273 2.451695 -3.593995 2e-06 -6e-06 -2e-06 -1.36268 2.240797 -0.746322 -21.334904 0.584906 3.008321 -13.821207 -4e-06 4e-06 -23.887156 -0.249082 -0.839477 -59.305923 2.525061 -1.370724 -0.294025 1.679687 0.833256 -14.218199 0.093215 1.30058 -34.212032 -0.287568 0.967171 -20.033205 0.964534 1.212844 0.0 1e-06 2e-06 -3.440386 0.788233 0.501654 -15.928179 -3.167309 2.999707 -6.338822 -1e-06 0.0 -18.12344 3.648178 -4.905666 -4e-06 2e-06 -0.0 6.740429 9.712563 14.022693 59.080456 -6.070477 11.282304 -172.866714 87.132149 -171.768387 -19.416136 10.147932 10.681856 2.243539 -5.255033 -3.180158 14.282885 -0.826591 6.952503 -6e-06 -12.690594 -1e-06 15.669083 -18.562681 3.062412 1.665664 -1.95592 -2.878298 4.727795 -4.170581 4.993923 11.020517 6e-06 2e-06 12.109042 -3.73571 -2.86678 -2e-06 2e-06 -1e-06 1.291984 -1.928548 -1.498089 14.800122 0.567471 3.865605 14.242561 -1.34173 -6.660653 19.631954 0.14393 -0.648241 50.541473 -0.828324 -6.352979 0.353028 -1.511149 -0.031944 20.222782 3.684314 2.316632 18.78726 9e-06 2e-06 10.75162 -0.479865 1.397908 -1e-06 0.0 -1e-06 3.273806 0.305947 -0.58011 21.486807 11.830369 2.266135 8.162921 4e-06 -1e-06 18.399071 -3.798976 -4.940568 1e-06 -1e-06 -1e-06 -5.85708 -0.076964 -28.105801 0.173547 0.575495 60.905125 1.551411 5.492582 -38.169651 1.655048 -1.71569 -2.464688 0.0 -0.0 2e-06 -0.869411 -0.909134 -39.886948 -0.295506 -0.539511 108.823883 -3.140594 -7.13373 1.602141 -1.605451 0.946747 -5.160738 0.0 0.0 -1e-06 
0.0 0.0 0.0 0.0 -0.0 0.0 -31.129047 86.343513 300.097015 0.932809 -3.318509 11.030468 -1.017004 -1.481483 7.88711 -1.190052 -1.679244 -1.872157 -2.338967 -3.386466 10.721259 3.879956 1.769992 -9.963465 -0.581891 1.826782 -3.513255 -1.230657 0.450879 -14.997038 7.7e-05 -2.2e-05 6e-06 0.017936 0.162115 -0.030071 0.719718 -3.515023 -10.485754 -0.69024 3.826988 -10.513058 -3.201548 -14.871164 10.63208 -23.007078 -18.243475 -13.963067 -179.4561 -70.316269 178.20372 22.138258 -3.204299 19.323679 -5.882106 9.861282 0.702588 -10.936866 -0.360574 7.156202 -1e-06 8.774822 -1e-06 -16.502039 17.581297 6.009358 -1.844032 2.498505 -2.507277 -10.163595 4.678944 4.621105 -20.976021 -2e-06 -3e-06 -21.226286 2.451696 -3.594007 -2e-06 -6e-06 -2e-06 -1.362682 2.240797 -0.746323 -21.334911 0.58491 3.008319 -13.82121 1e-06 -1e-06 -23.887165 -0.249078 -0.839488 -59.642338 2.568182 -1.205912 -0.294025 1.679688 0.833256 -14.218204 0.093218 1.300579 -34.212044 -0.287566 0.967162 -20.033211 0.964538 1.21284 0.0 -0.0 1e-06 -3.440388 0.788234 0.501656 -15.928183 -3.167306 2.999702 -6.338823 3e-06 1e-06 -18.123444 3.648182 -4.905674 -3e-06 -0.0 -3e-06 4.839892 8.348229 12.939354 59.315365 -10.371967 10.980958 179.69577 83.317596 -179.113815 -19.162331 11.515459 10.645535 2.243539 -5.255033 -3.180154 14.282883 -0.826594 6.952499 -2e-06 -12.690597 -1e-06 15.042988 -18.293627 2.983642 1.665665 -1.95592 -2.878296 4.727797 -4.170587 4.993925 11.02052 3e-06 0.0 12.109047 -3.735714 -2.866785 -1e-06 -3e-06 -2e-06 1.291984 -1.928548 -1.498089 14.800118 0.567467 3.865604 14.242563 -1.341737 -6.660654 19.631954 0.143924 -0.648245 49.536598 -0.651009 -6.768581 0.353028 -1.511149 -0.03194 20.222778 3.684306 2.316628 18.78726 4e-06 -0.0 10.751622 -0.479872 1.397906 1e-06 2e-06 0.0 3.273805 0.305947 -0.58011 21.486801 11.830368 2.266133 8.162922 1e-06 -2e-06 18.399075 -3.798984 -4.940573 2e-06 -0.0 -2e-06 -3.303952 2.339244 -15.28514 0.166507 0.10895 54.20145 2.107889 2.739022 -35.995415 1.747026 -1.712122 -7.927795 -0.0 0.0 2e-06 -1.065239 0.708195 -52.422695 -0.533702 -0.528781 103.604767 -4.853344 -8.027698 -3.650771 -1.748837 1.027693 -5.984299 0.0 0.0 -1e-06 
0.0 0.0 0.0 0.0 -0.0 0.0 -32.75481 87.742828 314.663177 -1.141734 -4.70711 11.162021 -0.292021 -1.720251 6.95854 -0.909233 -2.822309 -2.305536 -1.054964 -4.161628 9.638065 2.747818 1.915906 -7.630422 0.17115 3.766172 -3.631853 -1.139803 2.268176 -13.77338 7.7e-05 -2.2e-05 6e-06 0.014753 0.157168 -0.023686 0.749117 -3.539138 -10.646147 -0.727062 3.841146 -10.668474 -2.264102 -14.086742 10.572734 -21.979101 -15.357781 -15.329014 -177.777039 -67.324974 176.879013 23.593506 -1.591953 21.795267 -5.882102 9.861278 0.702588 -10.936861 -0.360573 7.156197 -0.0 8.774817 -2e-06 -16.640335 17.159321 5.756713 -1.84403 2.498502 -2.507276 -10.16359 4.67894 4.621102 -20.976006 -4e-06 -0.0 -21.226269 2.451697 -3.594 -1e-06 -5e-06 -1e-06 -1.36268 2.240796 -0.746324 -21.334892 0.58491 3.008316 -13.821201 -2e-06 -0.0 -23.887152 -0.24908 -0.839486 -59.600094 2.688159 -1.007314 -0.294026 1.679688 0.833256 -14.218194 0.093218 1.300576 -34.212017 -0.287563 0.967163 -20.033197 0.964537 1.212837 0.0 1e-06 2e-06 -3.440385 0.788233 0.501654 -15.928172 -3.167303 2.999701 -6.33882 3e-06 -1e-06 -18.123432 3.64818 -4.905669 -4e-06 -0.0 -3e-06 2.924459 7.90914 12.806403 59.581406 -12.214167 11.561316 174.957947 85.66555 175.492035 -19.010469 12.525537 10.48825 2.243539 -5.255032 -3.180153 14.282873 -0.826595 6.952495 -0.0 -12.690592 0.0 15.062651 -18.000429 2.876345 1.665663 -1.95592 -2.878296 4.727794 -4.170583 4.993921 11.020515 2e-06 -1e-06 12.109038 -3.735713 -2.866779 0.0 -3e-06 -2e-06 1.291986 -1.928548 -1.498088 14.800112 0.567468 3.865602 14.242558 -1.341735 -6.660649 19.631945 0.143925 -0.648245 49.270817 -0.307016 -6.680524 0.353028 -1.511148 -0.031938 20.222769 3.684305 2.316627 18.787252 2e-06 -1e-06 10.751616 -0.479868 1.397905 -1e-06 -0.0 0.0 3.273802 0.305947 -0.580109 21.486786 11.830359 2.266129 8.162918 1e-06 -1e-06 18.399063 -3.798981 -4.940571 3e-06 -0.0 -2e-06 -0.115711 3.78203 -1.902201 0.385183 -0.35712 43.916431 2.106183 0.900749 -21.242847 2.082951 -1.709636 -22.953592 -0.0 0.0 2e-06 0.445559 1.128745 -59.635849 -0.373061 -0.308163 89.731407 -5.640674 -8.594594 -5.326721 -1.614502 0.979048 -5.874719 0.0 0.0 -1e-06 
0.0 0.0 0.0 0.0 -0.0 0.0 -34.385139 90.054726 330.448578 -3.224461 -6.973955 11.22114 0.218371 -1.833472 5.814229 -0.417442 -3.332784 -2.70773 0.434675 -4.447899 8.978858 1.18943 2.802065 -5.498209 0.55551 5.217299 -3.563366 -0.94032 4.213389 -11.73567 7.7e-05 -2.3e-05 6e-06 0.006516 0.133313 0.029504 0.766264 -3.605267 -10.774365 -0.759475 3.856774 -10.760517 -2.134972 -11.987445 10.293416 -26.36507 -14.206379 -11.210634 -174.893311 -66.946861 174.422043 24.796616 -2.024304 20.857416 -5.882104 9.861283 0.702587 -10.936863 -0.360575 7.156198 0.0 8.77482 -2e-06 -16.40132 17.297726 5.81718 -1.844035 2.498503 -2.507277 -10.163595 4.678943 4.621101 -20.976013 -3e-06 -3e-06 -21.226274 2.451693 -3.594005 -1e-06 -5e-06 0.0 -1.362682 2.240797 -0.746322 -21.334902 0.58491 3.008314 -13.821206 -2e-06 -2e-06 -23.887157 -0.249082 -0.83949 -59.438091 2.66526 -0.754284 -0.294025 1.679687 0.833257 -14.218199 0.093217 1.300576 -34.212032 -0.287565 0.967159 -20.033201 0.964534 1.212836 1e-06 1e-06 0.0 -3.440387 0.788233 0.501654 -15.928176 -3.167306 2.999701 -6.338823 1e-06 0.0 -18.123438 3.64818 -4.905671 -2e-06 -2e-06 -1e-06 1.241156 8.743073 13.925179 60.78775 -11.141679 11.808709 7.021282 86.804878 7.028531 -19.239229 13.021998 9.699283 2.243542 -5.255037 -3.180154 14.282888 -0.826598 6.952498 0.0 -12.690597 -2e-06 15.129376 -17.700071 3.138028 1.665665 -1.95592 -2.878298 4.7278 -4.170588 4.99392 11.020521 -1e-06 -1e-06 12.109049 -3.735717 -2.866781 -1e-06 1e-06 -2e-06 1.291985 -1.928551 -1.498088 14.800123 0.567465 3.865607 14.242568 -1.34174 -6.660655 19.63196 0.143919 -0.648246 49.586674 0.117737 -6.158774 0.353031 -1.51115 -0.03194 20.222788 3.684305 2.31663 18.78727 3e-06 -1e-06 10.751625 -0.479871 1.397907 -1e-06 -3e-06 0.0 3.273803 0.305947 -0.580108 21.486807 11.830365 2.266137 8.162926 -1e-06 -2e-06 18.39908 -3.798988 -4.940577 3e-06 0.0 -1e-06 2.077125 4.142831 8.077081 0.225842 -0.324244 34.833073 2.807914 0.479551 6.397423 2.423285 -1.433125 -33.42778 0.0 -0.0 2e-06 3.320608 0.826741 -60.0121 -0.055758 -0.079964 69.273659 -2.880542 -5.698221 -7.322949 -1.425589 0.684749 -4.898659 0.0 0.0 -1e-06 
0.0 0.0 0.0 0.0 -0.0 0.0 -35.977264 92.114212 345.893097 -3.095486 -8.338816 10.297532 -0.440361 -2.047564 5.397831 -0.12228 -3.189052 -3.0496 1.01871 -4.287154 9.151505 0.245734 3.249521 -4.297121 0.949079 5.727268 -3.411092 -1.005541 5.610903 -10.228635 7.7e-05 -2.2e-05 6e-06 0.002873 0.065449 0.045223 0.718266 -3.660451 -10.715021 -0.719052 3.781205 -10.673586 -2.4265 -10.534204 10.492761 -33.853432 -14.081076 -4.100338 -172.961411 -68.387672 172.864487 25.995926 -5.355486 18.218447 -5.882098 9.861279 0.702591 -10.936862 -0.360574 7.1562 1e-06 8.774821 -1e-06 -16.059206 17.55007 6.012126 -1.844032 2.4985 -2.507277 -10.16359 4.67894 4.621106 -20.976006 -7e-06 4e-06 -21.226271 2.451696 -3.593998 -2e-06 -4e-06 -1e-06 -1.362679 2.240798 -0.746323 -21.334898 0.584908 3.008324 -13.821203 -5e-06 2e-06 -23.887154 -0.249079 -0.839481 -59.190876 2.460671 -1.066828 -0.294026 1.679685 0.833255 -14.218197 0.093215 1.300583 -34.212021 -0.287565 0.967174 -20.033194 0.964537 1.212847 1e-06 -0.0 1e-06 -3.440387 0.788233 0.501655 -15.928174 -3.16731 2.999706 -6.33882 1e-06 1e-06 -18.12343 3.648179 -4.905664 -5e-06 -1e-06 -2e-06 1.179725 9.175491 15.54181 62.001644 -8.219821 11.558212 -0.882355 77.923149 -1.066005 -20.011038 13.736424 8.490151 2.243537 -5.25503 -3.180152 14.282872 -0.826595 6.952493 -3e-06 -12.690589 -1e-06 14.758287 -17.725822 3.376531 1.665662 -1.95592 -2.878296 4.727791 -4.17058 4.993917 11.020509 4e-06 -1e-06 12.109035 -3.735711 -2.866779 0.0 1e-06 -2e-06 1.291984 -1.928546 -1.498087 14.800107 0.567468 3.865603 14.242551 -1.341735 -6.660648 19.631937 0.143925 -0.648241 49.494308 0.082015 -5.841002 0.353027 -1.511148 -0.03194 20.222765 3.684307 2.316627 18.787247 4e-06 -1e-06 10.751613 -0.479867 1.397904 -1e-06 -1e-06 -2e-06 3.273803 0.305946 -0.58011 21.486786 11.830359 2.26613 8.162915 1e-06 -1e-06 18.399057 -3.79898 -4.940569 3e-06 -1e-06 -1e-06 0.514607 1.621664 10.883943 0.121436 -0.05466 36.40646 -0.999388 1.121859 27.313234 2.126178 -1.801164 -6.216517 0.0 0.0 2e-06 4.249528 -0.240547 -54.974918 0.188539 0.068524 47.770966 4.206001 0.487896 -9.971961 -1.410332 0.71162 -5.931174 -0.0 1e-06 -1e-06 
0.0 0.0 0.0 0.0 -0.0 0.0 -37.722 92.984619 360.318848 -1.811053 -9.01123 8.435731 -1.21139 -1.522267 6.054788 -0.198844 -2.518676 -2.825259 0.594581 -3.891733 9.457617 -0.141303 3.234601 -3.953909 0.99306 5.527652 -3.359542 -0.81789 5.871931 -11.138187 7.7e-05 -2.2e-05 6e-06 0.00843 0.087591 0.059658 0.706659 -3.661221 -10.67593 -0.698818 3.825826 -10.630599 -3.105182 -9.908982 11.475823 -41.355183 -13.741761 3.729875 -174.429672 -71.497375 174.368256 27.035902 -9.962913 13.121679 -5.882101 9.861277 0.702591 -10.936863 -0.360576 7.156197 3e-06 8.774817 1e-06 -15.855327 17.660709 6.218298 -1.844029 2.498503 -2.507276 -10.163592 4.67894 4.621105 -20.976006 -6e-06 -1e-06 -21.226271 2.45169 -3.593998 1e-06 -4e-06 -2e-06 -1.362681 2.240797 -0.746322 -21.334904 0.584906 3.008318 -13.821206 -5e-06 -3e-06 -23.887159 -0.249083 -0.839485 -58.851616 2.372457 -1.443665 -0.294024 1.679684 0.833254 -14.218199 0.093215 1.300576 -34.212021 -0.28757 0.967168 -20.033199 0.964531 1.212843 -0.0 1e-06 -1e-06 -3.440387 0.788233 0.501654 -15.928177 -3.16731 2.9997 -6.338823 -2e-06 -2e-06 -18.123434 3.648175 -4.905665 -4e-06 0.0 -3e-06 2.14495 8.988811 16.184292 62.85957 -4.959229 11.516997 -1.210039 71.19252 -1.840842 -21.74431 14.539429 8.074357 2.24354 -5.25503 -3.180154 14.282878 -0.826591 6.952497 -5e-06 -12.690588 1e-06 14.738322 -18.104385 3.453677 1.665664 -1.95592 -2.878297 4.727797 -4.170583 4.993917 11.020517 4e-06 0.0 12.109041 -3.735709 -2.866779 0.0 -1e-06 -0.0 1.291983 -1.928549 -1.498088 14.800115 0.567467 3.865603 14.242558 -1.341734 -6.66065 19.63195 0.143927 -0.648241 49.375443 -0.375263 -6.308022 0.353028 -1.511149 -0.031942 20.222775 3.684309 2.316629 18.787256 6e-06 1e-06 10.751619 -0.479869 1.397906 -0.0 0.0 -3e-06 3.273802 0.305949 -0.58011 21.486797 11.830362 2.266133 8.162919 1e-06 -0.0 18.399063 -3.798978 -4.940569 3e-06 0.0 0.0 -1.944807 0.522663 6.896308 0.38005 0.024003 53.481388 -5.914714 -1.014661 19.507059 2.079273 -1.910025 -3.168986 0.0 0.0 2e-06 3.21341 0.533331 -49.221325 0.316076 0.170077 34.920696 10.672876 4.029926 -10.958452 -1.380924 0.774802 -5.926358 -0.0 -0.0 -1e-06 
0.0 0.0 0.0 0.0 -0.0 0.0 -39.396969 92.600906 374.703461 -1.243342 -9.156838 6.881984 -0.94858 -0.426382 6.987884 -0.207718 -2.201222 -2.477771 -0.201821 -3.343885 10.060121 -0.839008 3.189595 -4.510375 0.825301 5.036176 -3.312726 -0.751262 5.207522 -12.769548 7.7e-05 -2.2e-05 6e-06 -6.8e-05 0.116623 0.061397 0.674368 -3.635548 -10.595728 -0.68454 3.854295 -10.585945 -5.057479 -9.185084 12.442113 -47.282135 -12.164441 9.548789 -177.050964 -76.046677 177.544479 26.777489 -13.316133 8.096464 -5.8821 9.861279 0.702589 -10.936865 -0.360577 7.1562 -0.0 8.774819 -3e-06 -15.463258 17.717897 6.325675 -1.844032 2.498503 -2.507277 -10.16359 4.67894 4.621103 -20.976009 -8e-06 -2e-06 -21.226271 2.45169 -3.594001 0.0 -5e-06 -1e-06 -1.362681 2.240797 -0.746325 -21.3349 0.584903 3.008317 -13.821204 -7e-06 -1e-06 -23.887152 -0.249085 -0.839483 -58.753601 2.2308 -1.33701 -0.294022 1.679686 0.833253 -14.2182 0.093212 1.300575 -34.212032 -0.287574 0.967166 -20.033197 0.964531 1.212845 1e-06 -1e-06 1e-06 -3.440385 0.788232 0.501654 -15.928179 -3.167311 2.999703 -6.338818 -0.0 -1e-06 -18.123432 3.648176 -4.905668 -3e-06 -0.0 -2e-06 3.559266 9.14941 16.564522 62.712952 -0.468576 11.956763 -2.843947 67.926483 -3.460866 -23.4589 15.195679 9.347431 2.243541 -5.255033 -3.180157 14.282887 -0.826594 6.952501 -1e-06 -12.690598 -2e-06 15.073041 -18.307024 3.316208 1.665664 -1.955921 -2.878295 4.727798 -4.170584 4.993919 11.02052 4e-06 -0.0 12.109043 -3.735715 -2.866782 -1e-06 -0.0 -1e-06 1.291986 -1.928549 -1.498088 14.800118 0.567469 3.865606 14.242564 -1.341737 -6.660653 19.631954 0.143924 -0.648244 49.433578 -0.650236 -6.752457 0.35303 -1.51115 -0.031941 20.222784 3.684309 2.316631 18.787266 7e-06 1e-06 10.751623 -0.479867 1.397904 -0.0 -1e-06 -2e-06 3.273804 0.305947 -0.580109 21.486803 11.830366 2.266136 8.162922 -0.0 0.0 18.399076 -3.798984 -4.940573 3e-06 -1e-06 -3e-06 -2.170619 1.972251 -1.597918 0.355056 -0.010134 72.502029 -3.434785 0.787403 8.176909 2.130089 -1.951511 -3.976891 -0.0 -0.0 3e-06 2.744165 2.763819 -45.477196 0.357069 0.371734 35.456474 10.957685 5.208159 -11.864174 -1.357343 0.916578 -4.741503 -0.0 -0.0 0.0 
0.0 0.0 0.0 0.0 -0.0 0.0 -40.85183 91.294937 388.584351 -2.382395 -9.0661 6.124373 0.579174 0.565308 7.772113 -0.023406 -1.315396 -2.199966 -0.352223 -2.828771 10.636117 -2.084178 3.299361 -5.171182 0.384389 3.955706 -3.609211 -0.514619 3.860378 -14.428739 7.7e-05 -2.2e-05 6e-06 -0.015595 0.135053 0.050904 0.629715 -3.587909 -10.490085 -0.671718 3.848799 -10.539622 -8.206929 -7.582198 13.40685 -51.33609 -9.860542 11.606692 -178.51445 -81.112083 179.424957 25.843081 -15.041765 7.767325 -5.8821 9.861277 0.702591 -10.936859 -0.360576 7.1562 1e-06 8.774817 -3e-06 -15.281351 18.099182 6.406613 -1.844029 2.498502 -2.507276 -10.16359 4.67894 4.621106 -20.976006 -5e-06 4e-06 -21.226267 2.451694 -3.593994 1e-06 -6e-06 -0.0 -1.362681 2.240796 -0.746322 -21.334898 0.584907 3.00832 -13.8212 -3e-06 2e-06 -23.887152 -0.24908 -0.839481 -59.33149 2.208745 -1.132324 -0.294024 1.679686 0.833254 -14.218197 0.093213 1.30058 -34.212021 -0.287568 0.967173 -20.033197 0.964534 1.212844 -0.0 -1e-06 -1e-06 -3.440385 0.788233 0.501656 -15.928177 -3.167308 2.999704 -6.338819 -1e-06 2e-06 -18.123434 3.648179 -4.905667 -2e-06 -1e-06 -1e-06 3.270401 10.01787 16.150097 62.72707 4.503702 11.546807 -5.396182 69.16893 -5.485339 -24.462463 14.955427 12.68284 2.243543 -5.255038 -3.180161 14.282894 -0.826595 6.952504 -2e-06 -12.690606 0.0 15.12612 -18.137562 3.042972 1.665666 -1.955922 -2.878298 4.7278 -4.170589 4.993924 11.020528 3e-06 0.0 12.109055 -3.735718 -2.866784 1e-06 1e-06 -1e-06 1.291985 -1.928548 -1.498088 14.800136 0.567467 3.865606 14.242577 -1.341735 -6.660655 19.631973 0.143923 -0.648244 49.14732 -0.905497 -7.091805 0.353028 -1.51115 -0.031939 20.222801 3.684309 2.316632 18.787279 5e-06 2e-06 10.751633 -0.479867 1.397907 -2e-06 -2e-06 -1e-06 3.273808 0.305947 -0.580112 21.48682 11.830377 2.266136 8.16293 3e-06 0.0 18.399092 -3.798987 -4.940575 3e-06 0.0 -2e-06 0.154681 4.570696 -14.311915 0.235743 0.228537 88.369438 3.323036 7.89023 -1.484582 2.22026 -1.902411 -4.490608 -0.0 -0.0 3e-06 4.539338 5.307149 -41.797417 0.110416 0.192974 43.643871 2.972397 4.932567 -9.996164 -1.468671 0.965654 -2.427676 -0.0 -0.0 -1e-06 
0.0 0.0 0.0 0.0 -0.0 0.0 -42.617981 89.656647 402.648438 -4.698831 -8.874534 5.387085 2.201863 1.036165 8.921244 0.218737 0.147284 -1.898627 0.885506 -1.855077 11.073451 -3.406018 3.409837 -6.270629 0.307557 2.343334 -3.598107 -0.592349 2.788487 -17.02219 7.7e-05 -2.2e-05 6e-06 -0.022018 0.087926 0.056105 0.611593 -3.645888 -10.50908 -0.668112 3.820953 -10.558968 -10.643476 -5.002389 13.836461 -55.515636 -7.225184 10.066262 -172.864395 -83.906769 173.260956 25.186264 -15.846008 12.828185 -5.882108 9.861289 0.702589 -10.936873 -0.360574 7.156213 -0.0 8.774828 -3e-06 -15.468738 18.146399 6.256517 -1.844034 2.498505 -2.507277 -10.163604 4.678945 4.621109 -20.976028 -1e-06 2e-06 -21.226292 2.451698 -3.594003 -1e-06 -7e-06 -0.0 -1.362682 2.240799 -0.746322 -21.334919 0.584911 3.008327 -13.821216 -1e-06 3e-06 -23.887175 -0.249078 -0.839484 -59.928463 2.211747 -1.183401 -0.294026 1.679687 0.833256 -14.218212 0.093214 1.300582 -34.212055 -0.287563 0.967173 -20.033218 0.964539 1.212844 -0.0 -2e-06 -0.0 -3.440389 0.788234 0.501656 -15.928189 -3.167311 2.999707 -6.338826 -1e-06 -1e-06 -18.123447 3.648183 -4.905674 -3e-06 0.0 -1e-06 0.507775 11.969015 14.523911 62.951218 8.793345 7.966546 -10.531917 75.491249 -9.999459 -24.092226 14.157004 18.724468 2.243542 -5.255035 -3.180157 14.282887 -0.826593 6.952499 -3e-06 -12.690599 0.0 15.348091 -17.658127 2.706594 1.665666 -1.955921 -2.878298 4.7278 -4.170585 4.993921 11.020522 3e-06 0.0 12.109047 -3.735713 -2.866781 -1e-06 0.0 0.0 1.291986 -1.928549 -1.498087 14.800122 0.567468 3.865606 14.242566 -1.341736 -6.660653 19.631964 0.143922 -0.648242 48.702629 -0.502435 -6.670475 0.353029 -1.511149 -0.031939 20.222784 3.684306 2.316631 18.78727 4e-06 0.0 10.751625 -0.479869 1.397905 -1e-06 0.0 1e-06 3.273806 0.305947 -0.580107 21.486809 11.830368 2.266133 8.162924 1e-06 -1e-06 18.39908 -3.798988 -4.940575 4e-06 0.0 0.0 3.365714 6.440471 -29.530214 0.119946 0.070631 97.132507 7.995892 10.598117 -6.230169 2.188327 -1.930358 -4.651594 -0.0 0.0 3e-06 8.299349 5.413939 -35.350014 -0.259839 -0.181377 52.502361 -2.536606 3.047526 -20.510105 -1.500494 0.986941 -0.02568 -0.0 -0.0 -1e-06 
0.0 0.0 0.0 0.0 -0.0 0.0 -44.684254 88.75914 418.008789 -4.718616 -7.384867 4.913813 2.303511 1.355202 9.132621 0.145471 1.571951 -1.650447 1.373538 -1.136293 11.300606 -2.933104 3.213264 -7.41443 0.22672 0.688589 -3.595107 -0.824048 1.151429 -17.331478 7.7e-05 -2.2e-05 6e-06 -0.008262 0.104724 0.060524 0.634219 -3.664121 -10.575423 -0.666685 3.871405 -10.601455 -11.723003 -3.143022 14.166512 -57.623753 -5.088343 7.932989 -169.196106 -82.49321 168.98204 23.847984 -17.567167 13.246299 -5.882102 9.861279 0.702589 -10.936864 -0.360577 7.156202 1e-06 8.774821 -1e-06 -15.635037 17.866678 6.156522 -1.844031 2.498503 -2.507276 -10.163592 4.67894 4.621109 -20.976015 -5e-06 4e-06 -21.226273 2.451695 -3.593996 0.0 -6e-06 -0.0 -1.362679 2.240797 -0.746323 -21.334908 0.584906 3.008325 -13.821207 -5e-06 3e-06 -23.887165 -0.249082 -0.839478 -59.975391 2.04246 -1.102957 -0.294024 1.679686 0.833254 -14.218201 0.093212 1.300579 -34.212032 -0.287569 0.967177 -20.033201 0.964534 1.212848 0.0 -1e-06 -0.0 -3.440386 0.788233 0.501654 -15.928181 -3.16731 2.999709 -6.338824 -2e-06 1e-06 -18.12344 3.648177 -4.905665 -6e-06 -0.0 -2e-06 -1.422428 14.196737 12.598305 60.909222 10.785213 0.463636 -25.120607 84.25618 -23.982456 -24.875277 12.718594 24.586218 2.243539 -5.255034 -3.180155 14.282885 -0.826591 6.952499 -3e-06 -12.690601 -2e-06 15.26205 -17.020241 2.642004 1.665666 -1.95592 -2.878298 4.727797 -4.170584 4.993921 11.020521 5e-06 0.0 12.109043 -3.735713 -2.866783 -1e-06 2e-06 3e-06 1.291985 -1.928548 -1.498088 14.800122 0.56747 3.865606 14.242562 -1.341734 -6.660653 19.631952 0.14393 -0.648241 48.157444 -0.155921 -6.285268 0.353029 -1.51115 -0.031941 20.222784 3.684312 2.31663 18.787266 9e-06 0.0 10.751624 -0.479866 1.397906 -1e-06 0.0 1e-06 3.273806 0.305947 -0.580111 21.486807 11.830376 2.266135 8.162923 3e-06 -1e-06 18.399075 -3.798982 -4.940571 2e-06 -0.0 -2e-06 3.398553 5.98983 -45.069683 0.011334 -0.121705 94.748573 8.32021 9.425378 -6.920703 1.856345 -1.876551 -4.507154 0.0 -0.0 0.0 9.081468 0.778696 -25.547983 -0.193069 -0.182429 55.333889 -4.880221 3.923255 -29.386806 -1.493854 0.975559 -0.118849 0.0 -0.0 -1e-06 
0.0 0.0 0.0 0.0 -0.0 0.0 -47.123085 89.221107 433.113434 -3.31177 -4.116788 4.616323 1.60067 1.277335 8.605097 -0.127608 2.12722 -1.683486 0.766754 -0.320623 11.21607 -0.995253 2.681494 -7.628603 -0.021881 -1.129497 -3.615521 -0.699299 -0.972818 -16.188421 7.7e-05 -2.2e-05 6e-06 0.008675 0.067271 0.061921 0.682021 -3.709779 -10.626341 -0.68201 3.834618 -10.637068 -10.611515 -2.615409 15.05328 -58.489922 -5.067721 6.609851 -169.125259 -81.277824 168.373016 23.237757 -19.403008 11.324823 -5.882102 9.861279 0.702587 -10.936868 -0.360576 7.156203 1e-06 8.774819 -5e-06 -15.846516 17.86463 6.211344 -1.844031 2.498503 -2.507276 -10.163594 4.67894 4.621102 -20.976013 -5e-06 5e-06 -21.226274 2.451693 -3.593997 -2e-06 -5e-06 -1e-06 -1.36268 2.240796 -0.746323 -21.334906 0.584906 3.008324 -13.821207 -3e-06 3e-06 -23.887157 -0.249081 -0.839479 -60.326233 1.846436 -1.114959 -0.294024 1.679686 0.833254 -14.218203 0.093213 1.30058 -34.21204 -0.287565 0.967173 -20.033205 0.964533 1.212846 1e-06 -0.0 -1e-06 -3.440387 0.788232 0.501656 -15.928179 -3.167309 2.999707 -6.338821 -2e-06 1e-06 -18.123436 3.648179 -4.905665 -7e-06 1e-06 -1e-06 -2.349856 15.169194 10.87462 57.875057 10.745309 -6.625578 -110.473045 88.520378 -109.325462 -28.003872 11.166331 26.403435 2.243539 -5.255033 -3.180157 14.282878 -0.826591 6.952497 -4e-06 -12.690595 -0.0 15.063128 -16.591661 2.895823 1.665664 -1.95592 -2.878298 4.727793 -4.170584 4.993922 11.020516 5e-06 -2e-06 12.109039 -3.735711 -2.866782 -0.0 0.0 -1e-06 1.291984 -1.928548 -1.498088 14.800115 0.56747 3.865604 14.242559 -1.341735 -6.660653 19.631948 0.143928 -0.648243 48.162376 -0.284466 -6.044939 0.353028 -1.511149 -0.03194 20.222773 3.68431 2.31663 18.787256 7e-06 1e-06 10.751618 -0.479866 1.397907 0.0 0.0 -1e-06 3.273804 0.305947 -0.580111 21.486797 11.830369 2.266133 8.16292 3e-06 2e-06 18.399067 -3.798983 -4.940569 2e-06 -0.0 -1e-06 0.735231 4.181366 -54.982555 0.168436 -0.010167 81.458427 4.524829 6.992991 -7.995283 1.780228 -1.914958 -4.171093 -0.0 -0.0 2e-06 7.394504 -4.975521 -14.311738 -0.12987 0.195509 53.012646 -5.993142 6.819176 -27.543909 -1.534102 0.817397 -7.76647 -0.0 -0.0 -1e-06 
0.0 0.0 0.0 0.0 -0.0 0.0 -49.64233 90.620079 448.488892 -1.39314 0.156702 3.908811 0.74763 1.065182 7.963783 -0.607897 2.294243 -1.910166 -0.633257 0.043733 11.148656 1.745621 2.012364 -6.51008 -0.630539 -3.202515 -3.451522 -0.512971 -3.406077 -15.223083 7.7e-05 -2.3e-05 6e-06 -0.006704 -0.02554 0.060088 0.731289 -3.779482 -10.588203 -0.760975 3.710317 -10.619621 -7.329262 -3.703246 16.033182 -59.718113 -6.836284 6.001982 -170.353165 -82.616554 169.610779 23.6308 -18.794401 8.725404 -5.882104 9.861283 0.70259 -10.936867 -0.360576 7.156203 1e-06 8.774822 -3e-06 -15.70499 18.044439 6.536097 -1.844032 2.498504 -2.507277 -10.163595 4.678943 4.621106 -20.976021 -4e-06 2e-06 -21.226286 2.451696 -3.593999 0.0 -4e-06 -1e-06 -1.362681 2.240797 -0.746323 -21.334906 0.584907 3.00832 -13.82121 -4e-06 3e-06 -23.887159 -0.24908 -0.839482 -60.612289 2.089975 -1.12547 -0.294024 1.679687 0.833256 -14.218204 0.093214 1.300578 -34.21204 -0.287565 0.96717 -20.033205 0.964536 1.212843 0.0 -2e-06 -0.0 -3.440387 0.788233 0.501655 -15.928183 -3.16731 2.999707 -6.338824 -1e-06 0.0 -18.12344 3.648182 -4.90567 -5e-06 0.0 -2e-06 -2.644593 14.436293 9.819645 55.29039 9.682281 -9.9589 -151.358917 88.176407 -150.735153 -30.663017 10.270501 27.845858 2.24354 -5.255032 -3.180153 14.282881 -0.826597 6.952495 -2e-06 -12.690593 2e-06 15.527742 -16.880196 3.09062 1.665666 -1.955919 -2.878295 4.727797 -4.170585 4.993919 11.020519 2e-06 -1e-06 12.109044 -3.735714 -2.866779 1e-06 -0.0 0.0 1.291985 -1.928547 -1.498086 14.800117 0.567465 3.865603 14.242561 -1.341737 -6.66065 19.631952 0.143924 -0.648243 48.901352 -0.675951 -5.858507 0.35303 -1.511149 -0.03194 20.222776 3.684305 2.316627 18.78726 2e-06 -3e-06 10.751621 -0.479869 1.397903 -0.0 1e-06 -1e-06 3.273805 0.305947 -0.58011 21.486794 11.830363 2.266129 8.162922 2e-06 -1e-06 18.399071 -3.798982 -4.940571 2e-06 1e-06 -2e-06 -3.754368 2.692728 -56.194893 0.145116 0.224079 59.958569 -0.503602 3.178233 -8.274221 1.646281 -2.056553 -3.370892 -0.0 -0.0 2e-06 5.084866 -8.678545 -3.939548 -0.214012 0.270131 49.776215 -5.172804 10.208427 -11.637664 -1.561734 0.615898 -24.0548 -0.0 -0.0 -1e-06 
0.0 0.0 0.0 0.0 -0.0 0.0 -51.966129 91.808395 464.828156 -1.355961 2.730316 3.326304 0.817035 1.031817 7.253385 -0.801081 3.005116 -1.937459 -1.475307 -0.281684 10.91398 3.486262 1.738012 -5.011804 -1.223783 -4.361711 -3.48766 -0.153817 -4.976707 -13.208019 7.7e-05 -2.2e-05 6e-06 -0.019119 -0.147702 -0.002177 0.752647 -3.89072 -10.639658 -0.80406 3.572375 -10.663968 -5.288881 -4.99089 15.913179 -59.475464 -9.636138 4.813819 -172.283966 -85.127335 172.314056 24.285034 -16.199858 7.089518 -5.882102 9.86128 0.702588 -10.936866 -0.360575 7.156205 0.0 8.774821 -1e-06 -15.663468 18.492556 6.748509 -1.844031 2.498503 -2.507277 -10.163595 4.678941 4.621106 -20.976017 -2e-06 5e-06 -21.226274 2.451695 -3.593998 -0.0 -4e-06 1e-06 -1.36268 2.240797 -0.746323 -21.334906 0.584908 3.008322 -13.82121 -3e-06 4e-06 -23.887161 -0.249077 -0.839481 -60.637653 2.560845 -1.143686 -0.294024 1.679686 0.833255 -14.218199 0.093214 1.300582 -34.212032 -0.287561 0.967172 -20.033201 0.964537 1.212844 0.0 0.0 0.0 -3.440387 0.788233 0.501655 -15.928181 -3.167309 2.999707 -6.338822 -1e-06 1e-06 -18.12344 3.64818 -4.905667 -4e-06 0.0 -3e-06 -2.007461 13.919846 9.912546 52.077606 8.998817 -11.91281 9.079113 89.694809 8.910334 -32.243786 10.051751 28.301311 2.24354 -5.255036 -3.180158 14.282887 -0.826594 6.952504 -2e-06 -12.6906 0.0 16.198076 -17.137455 2.988187 1.665666 -1.955921 -2.878298 4.727798 -4.170586 4.993924 11.020523 3e-06 -1e-06 12.10905 -3.735714 -2.866785 -0.0 -1e-06 1e-06 1.291985 -1.928549 -1.498091 14.800125 0.567468 3.865608 14.242568 -1.341735 -6.660658 19.631966 0.143927 -0.648245 49.75145 -1.02927 -5.614807 0.35303 -1.51115 -0.031938 20.222788 3.684309 2.316632 18.78727 4e-06 -1e-06 10.751625 -0.479869 1.397906 0.0 0.0 0.0 3.273806 0.305947 -0.58011 21.486809 11.830371 2.266133 8.162924 1e-06 0.0 18.399078 -3.798983 -4.940573 2e-06 -2e-06 -0.0 -4.617727 0.886228 -52.249153 -0.015113 0.297501 39.828239 -4.48156 0.339779 -8.885185 1.513101 -1.962583 -3.700865 -0.0 0.0 3e-06 4.975297 -8.448421 0.875602 -0.143295 0.122125 50.706829 4.893273 11.158666 14.615797 -1.306338 0.710271 -19.878151 0.0 0.0 -3e-06 
0.0 0.0 0.0 0.0 -0.0 0.0 -53.938396 92.060532 480.250977 -2.705046 2.666672 3.078935 1.234093 0.853463 7.241164 -0.729532 2.923537 -1.955188 -1.424235 0.061663 10.822901 4.130064 1.595999 -5.132983 -1.526518 -4.181692 -3.581723 0.148626 -5.288352 -10.777613 7.7e-05 -2.3e-05 6e-06 0.004555 -0.224307 -0.041155 0.707036 -3.986569 -10.644072 -0.706135 3.513627 -10.65111 -6.551158 -6.371104 14.122279 -54.757244 -12.603156 1.007416 -173.330917 -86.088043 174.384766 23.520729 -12.531794 9.188181 -5.882106 9.861285 0.702591 -10.936872 -0.360575 7.156205 1e-06 8.774826 -1e-06 -15.687655 18.417723 6.54042 -1.844032 2.498504 -2.507278 -10.163599 4.678944 4.621109 -20.976025 -5e-06 0.0 -21.226286 2.451694 -3.594001 0.0 -5e-06 -0.0 -1.362681 2.240798 -0.746325 -21.334915 0.584907 3.008324 -13.821213 -4e-06 1e-06 -23.887171 -0.249081 -0.839481 -59.678295 2.697758 -1.23723 -0.294025 1.679687 0.833256 -14.21821 0.093214 1.300579 -34.212051 -0.287567 0.96717 -20.033215 0.964537 1.212846 -1e-06 -1e-06 -0.0 -3.440388 0.788233 0.501656 -15.928185 -3.16731 2.999707 -6.338825 -1e-06 1e-06 -18.123444 3.648182 -4.905671 -3e-06 -0.0 -4e-06 0.221496 14.50108 10.04837 45.983013 9.327238 -14.41075 21.770849 87.211258 21.159096 -32.587608 8.751573 28.085699 2.243542 -5.255037 -3.180159 14.282887 -0.826595 6.952502 -0.0 -12.690598 -2e-06 16.254629 -16.982914 2.849123 1.665666 -1.955922 -2.878299 4.727799 -4.170586 4.993921 11.020524 1e-06 -0.0 12.109052 -3.735717 -2.866785 0.0 -0.0 1e-06 1.291985 -1.92855 -1.49809 14.800127 0.567467 3.865607 14.24257 -1.341739 -6.660658 19.631968 0.143923 -0.648247 49.629932 -1.156868 -5.028264 0.35303 -1.51115 -0.031939 20.222788 3.684306 2.31663 18.78727 2e-06 -1e-06 10.751628 -0.479871 1.397905 -1e-06 -0.0 1e-06 3.273806 0.305946 -0.58011 21.486809 11.830367 2.266135 8.162926 1e-06 0.0 18.399084 -3.798984 -4.940578 1e-06 -2e-06 -0.0 -0.945772 -1.984694 -48.957695 0.223685 0.390555 32.221165 -1.850699 0.600328 -8.806177 1.547142 -1.86157 -3.897778 -0.0 -0.0 3e-06 5.52722 -7.895833 -3.091783 -0.253009 0.405349 64.497009 8.236388 9.510845 23.217863 -1.315801 0.958171 -4.035711 -0.0 -0.0 -1e-06 
0.0 0.0 0.0 0.0 -0.0 0.0 -55.529358 91.277725 494.662811 -3.794812 1.625024 2.431378 1.036056 0.847709 8.32906 -0.343946 2.103431 -1.768563 -0.977736 0.11401 10.946124 4.166576 1.698388 -6.394805 -1.510398 -3.317231 -3.489778 0.025369 -5.119504 -9.169759 7.7e-05 -2.2e-05 6e-06 0.023033 -0.14005 -0.023893 0.644957 -3.947374 -10.651465 -0.603285 3.645447 -10.624039 -6.4494 -9.076148 11.9837 -47.466328 -15.827268 -5.095008 -174.684052 -84.322945 175.812881 22.376022 -9.793343 12.449631 -5.882105 9.861283 0.70259 -10.936868 -0.360575 7.156202 -1e-06 8.774822 -1e-06 -15.795507 17.872807 6.225981 -1.844032 2.498505 -2.50728 -10.163597 4.678944 4.621106 -20.976019 -1e-06 4e-06 -21.22628 2.451699 -3.593999 -0.0 -5e-06 0.0 -1.362681 2.240797 -0.746324 -21.334909 0.58491 3.008321 -13.82121 -2e-06 2e-06 -23.887167 -0.249075 -0.839483 -59.333408 2.642842 -1.153722 -0.294025 1.679687 0.833255 -14.218204 0.093216 1.30058 -34.21204 -0.287558 0.96717 -20.033209 0.964537 1.212841 -1e-06 -0.0 1e-06 -3.440387 0.788233 0.501655 -15.928183 -3.167307 2.999707 -6.338825 -0.0 0.0 -18.123444 3.648184 -4.905666 -3e-06 1e-06 -1e-06 1.141785 15.275604 9.77956 40.181885 10.453449 -17.857916 34.355778 87.878738 33.327961 -32.310402 7.225965 27.529909 2.243542 -5.255038 -3.18016 14.282892 -0.826594 6.952503 -1e-06 -12.690605 -1e-06 15.98373 -16.67301 2.709372 1.665666 -1.955922 -2.878299 4.7278 -4.170588 4.993925 11.020528 1e-06 -2e-06 12.109054 -3.735717 -2.866786 -0.0 0.0 -0.0 1.291985 -1.92855 -1.49809 14.800131 0.567468 3.865608 14.242573 -1.341738 -6.66066 19.631969 0.143925 -0.648246 49.364731 -1.144191 -5.014177 0.35303 -1.511151 -0.031939 20.222797 3.684309 2.316633 18.787279 3e-06 -1e-06 10.751628 -0.479869 1.397907 -2e-06 0.0 0.0 3.273808 0.305946 -0.58011 21.486816 11.830373 2.266136 8.162929 -0.0 -0.0 18.399088 -3.798986 -4.940578 -1e-06 -1e-06 -1e-06 1.971366 -2.911501 -46.795425 0.338734 0.461336 37.780807 3.417345 0.613429 -4.43858 1.537193 -1.794836 -2.919008 0.0 0.0 2e-06 4.549977 -8.930704 -12.639268 -0.097173 0.201619 86.129814 1.069542 6.590137 14.0994 -1.394587 0.991593 -2.636016 0.0 -0.0 -1e-06 
0.0 0.0 0.0 0.0 -0.0 0.0 -57.073341 89.284775 508.141724 -2.795821 0.500346 1.875374 -0.586792 0.289288 10.427092 -0.532119 1.458561 -1.305977 -0.549767 -0.637683 10.351711 4.418666 2.052072 -7.450768 -1.029593 -2.692087 -3.382756 -0.41649 -3.306497 -11.986938 7.7e-05 -2.3e-05 6e-06 0.005875 -0.247502 0.02251 0.733099 -4.032592 -10.537812 -0.728082 3.524919 -10.532585 -1.815902 -11.653424 10.693656 -37.561131 -20.352455 -12.531446 -179.429703 -82.561958 -179.819794 20.899181 -8.409066 17.641439 -5.882101 9.861279 0.702589 -10.936865 -0.360574 7.1562 0.0 8.774821 -2e-06 -15.569029 17.21409 6.146147 -1.844031 2.498503 -2.507275 -10.163592 4.678942 4.621104 -20.976007 -3e-06 1e-06 -21.226273 2.451695 -3.593999 0.0 -6e-06 -1e-06 -1.36268 2.240797 -0.746324 -21.334904 0.584907 3.00832 -13.821205 -2e-06 2e-06 -23.887157 -0.249079 -0.839483 -59.261257 2.336673 -0.884101 -0.294024 1.679686 0.833256 -14.218199 0.093214 1.300578 -34.212025 -0.287565 0.967171 -20.033201 0.964536 1.212843 2e-06 -1e-06 -1e-06 -3.440387 0.788233 0.501655 -15.928177 -3.167307 2.999702 -6.338822 -1e-06 1e-06 -18.123438 3.64818 -4.905665 -2e-06 2e-06 -0.0 -1.42184 15.828492 9.087305 36.921055 12.682679 -21.872059 -171.893494 87.931053 -172.632904 -30.970572 6.829331 28.522486 2.243538 -5.255031 -3.180155 14.282873 -0.826591 6.952494 -4e-06 -12.690593 0.0 15.761724 -16.450153 2.994804 1.665665 -1.955919 -2.878295 4.727793 -4.170583 4.993918 11.020515 5e-06 -1e-06 12.109038 -3.735711 -2.866781 0.0 -0.0 -1e-06 1.291984 -1.928547 -1.498087 14.800112 0.56747 3.865602 14.242557 -1.341733 -6.66065 19.631945 0.143931 -0.648243 49.397552 -0.519 -4.944325 0.353029 -1.511149 -0.03194 20.222769 3.684309 2.316627 18.787251 7e-06 -0.0 10.751617 -0.479866 1.397905 -1e-06 -0.0 -0.0 3.273805 0.305947 -0.58011 21.48679 11.830368 2.266129 8.162918 3e-06 -0.0 18.399063 -3.79898 -4.94057 3e-06 -1e-06 -1e-06 1.267893 -1.596256 -45.580151 0.572381 0.61247 51.009556 4.040553 -0.316459 -8.30167 1.593451 -1.70582 1.378288 -0.0 0.0 2e-06 1.210883 -9.53643 -26.694828 -0.119099 -0.253449 107.434395 -6.270469 5.168002 1.582272 -1.488457 1.01006 -2.719764 0.0 -0.0 -0.0 
0.0 0.0 0.0 0.0 -0.0 0.0 -58.89336 89.59095 521.422241 -0.345515 -0.282432 2.025672 -2.320652 -0.557924 11.550716 -1.120883 0.642682 -0.797587 -1.779081 -1.268645 10.878275 5.646366 2.176475 -9.77006 -1.059788 -2.027566 -3.296146 -0.040664 -2.345988 -12.608337 7.7e-05 -2.2e-05 6e-06 -0.004605 -0.310691 0.032207 0.757971 -4.035844 -10.434547 -0.776203 3.403382 -10.417462 1.036199 -14.544913 9.85788 -20.825569 -20.956442 -21.793201 -167.96962 -83.626648 167.838226 19.197987 -7.586868 22.386209 -5.882102 9.861279 0.702589 -10.936863 -0.360574 7.1562 1e-06 8.774819 -0.0 -16.054075 17.526419 5.857439 -1.84403 2.498503 -2.507276 -10.163592 4.678943 4.621105 -20.976006 -2e-06 2e-06 -21.226269 2.451694 -3.593997 -0.0 -6e-06 1e-06 -1.362682 2.240797 -0.746322 -21.3349 0.584909 3.00832 -13.821204 -5e-06 2e-06 -23.887154 -0.249079 -0.839482 -59.882496 2.275324 -0.772116 -0.294025 1.679687 0.833256 -14.218198 0.093214 1.300579 -34.212025 -0.287565 0.967168 -20.033197 0.964535 1.212843 1e-06 -0.0 1e-06 -3.440386 0.788234 0.501656 -15.928176 -3.167307 2.999705 -6.338821 0.0 1e-06 -18.123436 3.648181 -4.905669 -3e-06 -2e-06 -1e-06 -0.487068 16.261068 9.530275 32.450127 13.853106 -26.025818 -162.382217 84.360626 -162.879974 -30.044487 8.994756 32.517403 2.243539 -5.255031 -3.180152 14.282876 -0.826594 6.952495 -3e-06 -12.690594 2e-06 15.4412 -16.818932 3.368857 1.665663 -1.955919 -2.878295 4.727793 -4.170584 4.993918 11.020514 3e-06 -1e-06 12.109039 -3.735712 -2.86678 -0.0 0.0 -0.0 1.291985 -1.928547 -1.498087 14.800112 0.567468 3.865602 14.242558 -1.341735 -6.660649 19.631945 0.143926 -0.648243 49.235752 -0.549431 -4.9071 0.353028 -1.511149 -0.03194 20.222771 3.684307 2.316627 18.787254 4e-06 -1e-06 10.751618 -0.479868 1.397904 -1e-06 0.0 0.0 3.273802 0.305947 -0.58011 21.48679 11.830365 2.266128 8.162919 2e-06 -1e-06 18.399063 -3.798983 -4.94057 3e-06 0.0 -1e-06 -0.75451 1.95474 -39.608868 0.448284 0.691343 56.917088 4.187175 -2.550727 -18.137619 1.556305 -1.67621 2.072982 0.0 0.0 2e-06 -2.53557 -9.042445 -43.8591 -0.112742 -0.343206 118.984749 -11.154723 4.768744 -7.643959 -1.566759 1.016447 -3.816267 0.0 0.0 -1e-06 
0.0 0.0 0.0 0.0 -0.0 0.0 -60.435909 92.70163 535.164917 -2.01574 -0.916771 2.407435 -1.371791 -1.208152 12.167589 -0.975708 -0.568363 -0.536856 -0.925685 -1.737604 10.628653 4.895751 1.7944 -10.274448 -0.616386 -1.246931 -3.217479 0.278082 -1.529852 -10.788386 7.7e-05 -2.2e-05 6e-06 0.013189 -0.054304 0.02387 0.756563 -3.725041 -10.321059 -0.741152 3.609828 -10.346558 3.876084 -15.824693 8.818148 -10.803471 -20.085709 -23.398312 -134.064041 -87.625702 134.079407 19.437853 -6.458159 24.054008 -5.882099 9.861279 0.70259 -10.936857 -0.360575 7.156195 -1e-06 8.774817 -2e-06 -16.332542 17.903301 5.757133 -1.84403 2.498502 -2.507274 -10.163586 4.678941 4.621103 -20.976 -1e-06 2e-06 -21.226261 2.451698 -3.593998 -0.0 -7e-06 1e-06 -1.36268 2.240796 -0.746323 -21.334888 0.584911 3.008318 -13.821198 -1e-06 2e-06 -23.887142 -0.249077 -0.839485 -60.546192 2.466333 -0.966087 -0.294026 1.679685 0.833255 -14.218191 0.093216 1.300577 -34.212009 -0.287563 0.967166 -20.03319 0.964535 1.21284 -1e-06 1e-06 -2e-06 -3.440384 0.788235 0.501655 -15.928168 -3.167307 2.999703 -6.338819 -1e-06 1e-06 -18.123426 3.64818 -4.905667 -3e-06 -0.0 -2e-06 -1.169104 16.814125 8.92968 30.97612 12.229112 -24.23308 -162.278732 84.820137 -162.7798 -30.833975 11.934277 37.348629 2.243538 -5.25503 -3.180152 14.282874 -0.826595 6.952494 -2e-06 -12.69059 2e-06 15.293763 -17.247753 3.43042 1.665663 -1.955918 -2.878294 4.727793 -4.170583 4.993918 11.020512 2e-06 -0.0 12.109036 -3.735711 -2.866779 -0.0 0.0 0.0 1.291985 -1.928547 -1.498086 14.800112 0.567466 3.865603 14.242554 -1.341736 -6.660646 19.631939 0.143924 -0.648243 49.160915 -1.102087 -5.066647 0.353028 -1.511149 -0.031939 20.222769 3.684304 2.316628 18.787252 3e-06 -0.0 10.751616 -0.479869 1.397904 -1e-06 -0.0 -0.0 3.273802 0.305947 -0.58011 21.486786 11.830359 2.266129 8.162917 1e-06 -1e-06 18.399059 -3.798982 -4.940569 3e-06 0.0 -1e-06 2.710845 6.22383 -28.794268 -0.139496 0.156798 53.897312 2.955641 -6.226762 -21.88397 1.599515 -1.604824 -0.399197 -0.0 -0.0 2e-06 -0.408852 -7.481171 -59.42522 -0.13902 -0.248354 117.498268 -12.364013 5.4495 -15.106965 -1.541212 1.044746 -3.778415 -0.0 -0.0 -2e-06 
0.0 0.0 0.0 0.0 -0.0 0.0 -62.40015 97.825119 548.352661 -3.822335 -1.868739 3.265654 -0.265072 -1.45855 12.328773 -0.691089 -1.416202 -0.447886 0.432402 -2.317947 10.380504 3.567811 1.602224 -9.804253 -0.151759 0.369902 -3.272465 0.625357 -1.039667 -8.291836 7.7e-05 -2.2e-05 6e-06 0.002772 0.117006 -0.006068 0.761103 -3.557027 -10.454359 -0.767658 3.791645 -10.502395 5.175382 -15.391095 8.00367 -7.145408 -20.883951 -20.338375 -25.295603 -85.775894 25.424816 21.333227 -4.794787 24.580816 -5.882103 9.861281 0.70259 -10.936868 -0.360576 7.156204 1e-06 8.774822 -2e-06 -16.819473 17.75927 5.453636 -1.844031 2.498504 -2.507278 -10.163595 4.678943 4.621108 -20.976015 -6e-06 3e-06 -21.226282 2.451693 -3.593998 1e-06 -7e-06 -0.0 -1.362681 2.240798 -0.746323 -21.334906 0.584906 3.008324 -13.82121 -4e-06 3e-06 -23.887163 -0.24908 -0.839482 -61.19062 2.544837 -1.050913 -0.294024 1.679688 0.833256 -14.218205 0.093211 1.300581 -34.212048 -0.287565 0.967172 -20.033209 0.964535 1.212846 -0.0 1e-06 -3e-06 -3.440387 0.788235 0.501655 -15.928183 -3.16731 2.999707 -6.338824 -2e-06 1e-06 -18.123444 3.648181 -4.90567 -4e-06 -0.0 -2e-06 -1.457043 18.022247 9.132888 28.852297 9.749201 -19.079741 -124.736908 89.152115 -124.973297 -32.390251 13.839402 39.155048 2.243539 -5.255034 -3.180157 14.282883 -0.826593 6.9525 -2e-06 -12.690597 -1e-06 16.603779 -17.615471 2.99894 1.665663 -1.955921 -2.878298 4.727797 -4.170584 4.993921 11.02052 2e-06 -0.0 12.109047 -3.735713 -2.866784 -0.0 0.0 -0.0 1.291984 -1.928549 -1.498089 14.800122 0.567468 3.865605 14.242565 -1.341737 -6.660656 19.631956 0.143925 -0.648245 50.120964 -1.201138 -5.59307 0.353027 -1.51115 -0.03194 20.222778 3.684308 2.31663 18.787262 4e-06 -1e-06 10.75162 -0.479869 1.397905 2e-06 -0.0 0.0 3.273804 0.305947 -0.58011 21.486801 11.830368 2.266133 8.162924 2e-06 0.0 18.399075 -3.798982 -4.940573 4e-06 0.0 -1e-06 6.230096 7.197848 -15.452424 -0.261429 -0.830591 42.865967 0.227952 -6.88592 -12.687793 1.707265 -1.640708 -7.485565 -0.0 0.0 2e-06 2.868062 -5.555135 -69.315712 0.096369 -0.117104 106.205559 -9.243239 7.612015 -20.419968 -1.437928 0.927618 -2.941403 0.0 0.0 -2e-06 
0.0 0.0 0.0 0.0 -0.0 0.0 -64.056885 103.649429 561.341125 -5.105868 -3.229486 4.782839 0.856666 -1.412417 12.188403 -0.191534 -1.811235 -0.593355 1.083627 -2.67712 10.636732 1.998592 1.982386 -9.514765 0.018868 1.584536 -3.266702 1.006306 -0.443252 -5.954628 7.7e-05 -2.3e-05 6e-06 -0.007706 0.13413 -0.064965 0.799673 -3.572974 -10.714161 -0.826529 3.844359 -10.730475 5.447285 -14.060687 7.268956 -8.316152 -23.315508 -15.920268 -12.230525 -80.098732 12.350071 24.298695 -3.950184 21.928246 -5.882107 9.861289 0.70259 -10.936874 -0.360576 7.156207 1e-06 8.77483 -1e-06 -17.214987 17.941092 5.492597 -1.844033 2.498506 -2.507279 -10.163603 4.678946 4.621109 -20.976027 -3e-06 1e-06 -21.226288 2.451697 -3.594001 -1e-06 -6e-06 1e-06 -1.362682 2.240799 -0.746323 -21.334919 0.58491 3.008323 -13.821217 -4e-06 1e-06 -23.887177 -0.249081 -0.839483 -62.233727 2.600926 -0.868453 -0.294025 1.679686 0.833256 -14.218214 0.093215 1.30058 -34.212063 -0.287567 0.96717 -20.033218 0.964537 1.212844 1e-06 0.0 -1e-06 -3.44039 0.788237 0.501655 -15.928191 -3.167312 2.999707 -6.338827 -2e-06 1e-06 -18.123451 3.648182 -4.905673 -6e-06 -1e-06 -2e-06 -1.925901 19.461903 10.229813 26.614082 9.254184 -14.242116 4.53098 83.150406 3.929859 -32.532669 13.979135 35.892509 2.243539 -5.255033 -3.180156 14.282884 -0.826593 6.9525 -4e-06 -12.690598 1e-06 17.223984 -17.508392 2.642202 1.665666 -1.95592 -2.878297 4.727797 -4.170585 4.993922 11.020519 4e-06 -1e-06 12.109043 -3.735713 -2.866781 0.0 0.0 0.0 1.291984 -1.928548 -1.498089 14.800122 0.567469 3.865606 14.242564 -1.341735 -6.660654 19.631958 0.143927 -0.648242 50.283283 -1.032361 -6.091646 0.353028 -1.51115 -0.03194 20.222784 3.684309 2.316631 18.787266 6e-06 0.0 10.751622 -0.479868 1.397907 1e-06 0.0 1e-06 3.273807 0.305947 -0.580111 21.486807 11.830369 2.266133 8.162926 3e-06 -0.0 18.399076 -3.798983 -4.940572 3e-06 -0.0 -0.0 7.996258 5.273531 -6.135619 -0.101205 -1.357974 32.383381 -0.438059 -3.050047 7.09887 1.785635 -1.662875 -13.154667 0.0 -0.0 3e-06 5.816038 -3.071657 -73.389961 0.299703 -0.008287 90.863937 -3.259312 7.676443 -22.924826 -1.367628 0.909069 -2.570285 -0.0 -0.0 -1e-06 
0.0 0.0 0.0 0.0 -0.0 0.0 -65.37973 108.742821 572.696228 -4.456709 -3.806452 6.335158 1.276985 -1.329406 12.441918 -0.027391 -1.771283 -0.574831 0.732434 -2.881265 10.88401 0.771922 2.217156 -10.171538 -0.016754 1.804706 -3.220894 1.103321 0.097678 -4.873323 7.7e-05 -2.2e-05 6e-06 0.001711 0.037467 -0.101479 0.840525 -3.695032 -10.902592 -0.850525 3.779152 -10.894937 5.598742 -13.661659 6.652537 -11.609745 -25.407841 -12.500157 -8.435987 -75.112206 7.917656 26.842646 -5.675021 18.058661 -5.882103 9.861279 0.702589 -10.936866 -0.360573 7.156199 1e-06 8.77482 -0.0 -17.195927 18.465277 5.745324 -1.844032 2.498503 -2.507276 -10.163595 4.678944 4.621105 -20.976017 -4e-06 -2e-06 -21.226276 2.451692 -3.593999 -0.0 -7e-06 0.0 -1.362681 2.240797 -0.746323 -21.334904 0.58491 3.008318 -13.821205 -3e-06 -0.0 -23.887159 -0.249081 -0.839485 -62.831512 2.601233 -0.685327 -0.294025 1.679685 0.833255 -14.2182 0.093213 1.300578 -34.212032 -0.287568 0.967165 -20.033203 0.964534 1.212842 -0.0 0.0 -1e-06 -3.440387 0.788233 0.501655 -15.928177 -3.167308 2.999702 -6.338822 -1e-06 1e-06 -18.123444 3.648179 -4.90567 -4e-06 -0.0 -2e-06 -3.208206 20.285404 10.239069 25.645531 10.311481 -10.949487 5.20329 76.201569 4.396566 -32.430473 14.86115 30.638685 2.243542 -5.255036 -3.180157 14.282892 -0.826594 6.952502 -3e-06 -12.690601 0.0 17.199568 -17.790976 2.602802 1.665666 -1.955921 -2.878299 4.727799 -4.170585 4.993924 11.020527 3e-06 -1e-06 12.109052 -3.735714 -2.866783 0.0 1e-06 0.0 1.291985 -1.928549 -1.498089 14.800129 0.567468 3.865607 14.242573 -1.341735 -6.660658 19.631968 0.143926 -0.648245 50.202419 -0.962224 -6.462214 0.353029 -1.51115 -0.031941 20.222794 3.684309 2.316629 18.787271 5e-06 -1e-06 10.751628 -0.479868 1.397906 -1e-06 -0.0 0.0 3.273807 0.305947 -0.58011 21.486814 11.830372 2.266132 8.162928 2e-06 -1e-06 18.399084 -3.798982 -4.940575 3e-06 -0.0 -0.0 6.917299 2.803592 -5.220556 -0.037721 -1.316256 32.597382 1.641046 1.862336 13.595566 1.716123 -1.860473 -2.651055 0.0 -0.0 0.0 6.783429 -1.933871 -76.134438 0.250147 -0.002684 79.062202 2.781065 8.440945 -23.603395 -1.302608 0.913392 -3.755755 -0.0 -0.0 1e-06 
0.0 0.0 0.0 0.0 -0.0 0.0 -66.836044 112.989571 583.393921 -2.604309 -3.487276 7.226573 1.082688 -1.141434 13.365877 -0.087152 -1.463253 -0.191587 0.033717 -3.209261 11.204864 -0.076884 2.252267 -11.436191 -0.261109 1.718033 -3.261041 1.045319 0.023445 -5.278165 7.7e-05 -2.2e-05 6e-06 0.004965 0.025043 -0.093172 0.867901 -3.713588 -10.926959 -0.873796 3.775636 -10.923869 5.51194 -14.064294 6.589745 -14.295306 -26.968552 -11.7788 -6.56401 -70.750778 5.449531 29.116007 -7.983565 15.460698 -5.8821 9.861276 0.702592 -10.936859 -0.360574 7.156199 -0.0 8.774817 -0.0 -16.887863 18.776491 6.071565 -1.84403 2.498502 -2.507274 -10.163589 4.678942 4.621105 -20.976002 -0.0 4e-06 -21.226265 2.451697 -3.593996 2e-06 -5e-06 -1e-06 -1.36268 2.240794 -0.746322 -21.33489 0.584911 3.008322 -13.821197 0.0 3e-06 -23.887142 -0.249074 -0.839482 -62.925838 2.549762 -0.530885 -0.294025 1.679687 0.833255 -14.218193 0.093214 1.30058 -34.212009 -0.28756 0.967171 -20.033194 0.964538 1.212842 -0.0 0.0 -1e-06 -3.440385 0.788233 0.501656 -15.928168 -3.167305 2.999705 -6.338818 0.0 2e-06 -18.123426 3.64818 -4.905663 -6e-06 -1e-06 -3e-06 -4.26994 20.848221 8.991714 24.480728 12.414206 -10.382372 4.473096 70.6241 3.677244 -32.432053 16.051735 25.327858 2.243539 -5.255032 -3.180156 14.282877 -0.826594 6.952497 -3e-06 -12.690591 1e-06 17.159578 -18.029896 2.522813 1.665665 -1.95592 -2.878297 4.727794 -4.170584 4.993921 11.020514 3e-06 -1e-06 12.109037 -3.735712 -2.866782 2e-06 -0.0 0.0 1.291984 -1.928548 -1.498088 14.800115 0.567468 3.865604 14.24256 -1.341734 -6.660653 19.631952 0.143926 -0.648245 50.13047 -1.076261 -6.631731 0.353029 -1.511149 -0.03194 20.222771 3.684306 2.316628 18.787254 4e-06 -1e-06 10.751614 -0.479869 1.397904 0.0 -0.0 -0.0 3.273803 0.305947 -0.58011 21.486788 11.830361 2.26613 8.162918 1e-06 0.0 18.399067 -3.798982 -4.940569 3e-06 -0.0 -1e-06 5.055186 1.25474 -9.78916 -0.04451 -1.131591 41.079597 0.732963 3.564964 6.175785 1.781977 -1.943364 -0.826312 -0.0 -0.0 0.0 6.815487 -2.038005 -78.435997 0.174944 -0.189056 73.506302 6.60254 8.75849 -22.372721 -1.311198 0.925703 -4.208695 -0.0 0.0 -1e-06 
0.0 0.0 0.0 0.0 -0.0 0.0 -68.630066 116.171501 594.226624 -0.934081 -2.649713 7.539024 0.946647 -0.943843 14.47193 -0.103666 -1.15185 0.286905 -0.424232 -3.526728 11.643107 -0.960218 2.474004 -12.507038 -0.549223 1.215292 -3.363166 0.997401 -0.370306 -6.153912 7.7e-05 -2.3e-05 6e-06 0.004305 0.063699 -0.080612 0.884365 -3.657104 -10.841208 -0.893347 3.79704 -10.859645 5.206738 -14.614736 6.392412 -16.735027 -28.293171 -12.143384 -4.459634 -66.56916 3.119889 31.264229 -9.381452 15.023549 -5.882106 9.861283 0.702587 -10.93687 -0.360577 7.156204 1e-06 8.774824 -3e-06 -16.408852 18.816236 6.434511 -1.844032 2.498503 -2.507278 -10.163597 4.678942 4.621108 -20.976021 -3e-06 2e-06 -21.226286 2.451695 -3.593999 1e-06 -5e-06 -1e-06 -1.362681 2.240798 -0.746324 -21.334913 0.584908 3.008323 -13.821214 -2e-06 2e-06 -23.887169 -0.24908 -0.839482 -62.556446 2.499384 -0.304218 -0.294025 1.679686 0.833255 -14.218208 0.093214 1.300581 -34.212048 -0.287565 0.967172 -20.033211 0.964535 1.212844 1e-06 1e-06 -1e-06 -3.440388 0.788232 0.501655 -15.928183 -3.167309 2.999708 -6.338825 -1e-06 1e-06 -18.123444 3.648182 -4.905671 -6e-06 0.0 -3e-06 -5.030105 21.694309 7.613755 22.468069 15.4213 -12.475098 2.323884 65.720291 2.057309 -32.198708 16.179819 19.307117 2.243541 -5.255037 -3.180158 14.282887 -0.826592 6.952502 -3e-06 -12.690601 -2e-06 16.779118 -18.077791 2.537229 1.665666 -1.955922 -2.878299 4.727797 -4.170585 4.993922 11.020522 3e-06 -2e-06 12.109048 -3.735715 -2.866786 2e-06 -0.0 0.0 1.291985 -1.928549 -1.49809 14.800122 0.56747 3.865607 14.242566 -1.341736 -6.660659 19.631956 0.143927 -0.648245 49.645714 -1.243912 -6.612038 0.353029 -1.51115 -0.03194 20.222786 3.68431 2.316631 18.78727 6e-06 -0.0 10.751625 -0.479868 1.397906 0.0 -0.0 0.0 3.273806 0.305947 -0.580111 21.486805 11.830374 2.266135 8.162924 2e-06 1e-06 18.399071 -3.798982 -4.940573 3e-06 -0.0 -0.0 3.923029 1.343292 -16.527739 -0.152604 -1.002237 52.735985 -0.251306 3.389872 -0.224603 1.817885 -1.973675 -0.889418 -0.0 0.0 -2e-06 6.670251 -2.679992 -80.447212 0.088744 -0.333494 73.443321 7.586994 8.204563 -20.77426 -1.343693 0.969657 -3.965874 0.0 0.0 -1e-06 
0.0 0.0 0.0 0.0 -0.0 0.0 -70.662636 118.65213 605.427185 0.387829 -1.578773 7.232711 0.872893 -0.73947 15.436974 -0.064651 -0.962911 0.72226 -0.734812 -3.532756 12.304255 -1.519422 2.716372 -13.026761 -0.777792 0.33611 -3.480631 1.08315 -0.814001 -7.039319 7.7e-05 -2.2e-05 6e-06 -0.001467 0.116418 -0.093693 0.892567 -3.584208 -10.749639 -0.914108 3.827285 -10.78135 5.066231 -15.103745 6.093978 -19.296167 -29.827795 -12.378141 -1.887587 -62.422966 0.802402 33.484474 -9.877964 15.734551 -5.882102 9.861285 0.702588 -10.936865 -0.360576 7.156201 2e-06 8.774824 -2e-06 -16.11512 18.700275 6.564873 -1.844032 2.498504 -2.507277 -10.163595 4.678943 4.621106 -20.976013 -5e-06 -1e-06 -21.226273 2.451694 -3.594002 1e-06 -6e-06 0.0 -1.362681 2.240798 -0.746323 -21.334904 0.584908 3.008321 -13.821208 -3e-06 1e-06 -23.887159 -0.249081 -0.839484 -61.825588 2.495681 -0.236053 -0.294024 1.679686 0.833255 -14.218199 0.093214 1.300578 -34.212021 -0.287568 0.967168 -20.033199 0.964533 1.212843 1e-06 0.0 0.0 -3.440387 0.788233 0.501655 -15.928179 -3.167311 2.999705 -6.338821 -3e-06 1e-06 -18.12344 3.648182 -4.905673 -5e-06 -0.0 -2e-06 -5.637895 22.559134 6.574717 20.052402 18.855474 -16.620481 0.224075 61.006668 0.679911 -32.424221 14.884799 12.676662 2.243539 -5.255033 -3.180154 14.282874 -0.826593 6.952496 -4e-06 -12.690595 1e-06 16.251854 -18.054737 2.448528 1.665664 -1.95592 -2.878296 4.727793 -4.170584 4.993919 11.020512 3e-06 -1e-06 12.109036 -3.735712 -2.866781 0.0 -0.0 0.0 1.291984 -1.928548 -1.498088 14.800112 0.567469 3.865604 14.242558 -1.341735 -6.660651 19.631948 0.143927 -0.648243 48.852722 -1.35312 -6.503894 0.353028 -1.51115 -0.031941 20.222769 3.684308 2.316629 18.787252 5e-06 1e-06 10.751617 -0.479868 1.397905 -1e-06 -0.0 -0.0 3.273803 0.305947 -0.58011 21.48679 11.830366 2.266131 8.162918 2e-06 0.0 18.399059 -3.798984 -4.94057 3e-06 0.0 -1e-06 3.232704 2.964944 -23.625963 -0.322404 -0.923903 65.529968 -0.711472 1.348845 -4.115172 1.779469 -1.948537 -1.357303 -0.0 0.0 -0.0 6.39705 -3.720177 -81.520348 -0.021183 -0.378698 76.507271 6.858331 7.411162 -19.97827 -1.360055 1.03601 -3.478019 0.0 0.0 -1e-06 
0.0 0.0 0.0 0.0 -0.0 0.0 -72.839005 120.928802 617.537598 1.499805 -0.219213 6.47827 0.717566 -0.598037 16.19627 -0.023637 -0.97234 1.095479 -1.078751 -3.206254 13.07499 -1.315866 2.824658 -13.126229 -0.904268 -0.635655 -3.521307 1.292232 -1.306787 -7.734293 7.7e-05 -2.2e-05 5e-06 -0.004629 0.12632 -0.127874 0.898212 -3.558912 -10.681715 -0.926293 3.819002 -10.719967 5.260664 -15.577909 5.759814 -21.903072 -31.18371 -11.955687 0.280106 -59.42482 -0.741874 36.204762 -9.806458 16.553764 -5.882103 9.861279 0.70259 -10.936869 -0.360575 7.156199 2e-06 8.774821 -1e-06 -16.179865 18.599924 6.376245 -1.844032 2.498503 -2.507276 -10.163596 4.678942 4.621105 -20.976013 -5e-06 3e-06 -21.226276 2.451694 -3.593995 1e-06 -6e-06 -0.0 -1.362681 2.240796 -0.746322 -21.334908 0.584908 3.00832 -13.82121 -3e-06 2e-06 -23.887161 -0.24908 -0.839481 -61.190933 2.561208 -0.375377 -0.294025 1.679688 0.833256 -14.218205 0.093214 1.300579 -34.212048 -0.287567 0.967171 -20.033209 0.964534 1.212843 1e-06 -0.0 0.0 -3.440387 0.788233 0.501655 -15.928183 -3.167308 2.999703 -6.338824 -1e-06 1e-06 -18.123442 3.648179 -4.905666 -5e-06 -1e-06 -2e-06 -6.508637 23.095276 5.639037 18.55546 21.848949 -21.325155 -0.725006 56.742962 0.211213 -33.211937 12.914706 6.823537 2.243539 -5.255031 -3.180151 14.282879 -0.826594 6.952492 -3e-06 -12.690593 3e-06 15.822243 -17.954237 2.13378 1.665665 -1.955919 -2.878294 4.727795 -4.170584 4.993918 11.020516 3e-06 -0.0 12.10904 -3.735712 -2.866779 -2e-06 0.0 1e-06 1.291984 -1.928547 -1.498088 14.800115 0.567467 3.865601 14.242558 -1.341735 -6.660647 19.63195 0.143926 -0.648243 48.194775 -1.268117 -6.418863 0.353028 -1.511149 -0.031939 20.222773 3.684307 2.316626 18.78726 5e-06 -1e-06 10.751619 -0.479868 1.397904 -1e-06 0.0 -0.0 3.273804 0.305947 -0.580111 21.486792 11.830364 2.266126 8.162919 2e-06 -0.0 18.399065 -3.798982 -4.940571 2e-06 -0.0 -1e-06 2.584371 5.201374 -30.675606 -0.495722 -0.719 78.4366 -0.72705 -2.055578 -6.102935 1.664374 -1.869321 -1.986724 -0.0 0.0 0.0 5.878002 -5.250781 -81.113487 -0.124052 -0.397258 80.954323 4.722811 6.48167 -20.455032 -1.376442 1.106394 -2.900378 -0.0 -0.0 0.0 
0.0 0.0 0.0 0.0 -0.0 0.0 -75.160553 122.744629 630.716064 2.170516 1.582976 5.629425 0.503541 -0.510344 16.769585 -0.106713 -1.026763 1.409796 -1.25682 -3.041848 13.750974 -0.414127 2.793063 -13.114947 -0.997318 -1.393467 -3.480501 1.587978 -1.889158 -8.221136 7.7e-05 -2.2e-05 6e-06 0.005711 0.063432 -0.148787 0.899796 -3.615872 -10.645986 -0.906998 3.748584 -10.693798 5.493942 -16.063751 5.761178 -22.979143 -31.565723 -11.344355 1.214993 -59.090981 -1.374465 38.74802 -9.448707 17.43305 -5.882103 9.861283 0.70259 -10.936868 -0.360576 7.156203 1e-06 8.774822 -2e-06 -16.384663 18.722198 6.219376 -1.844032 2.498504 -2.507276 -10.163595 4.678942 4.621106 -20.976017 -6e-06 1e-06 -21.226278 2.451694 -3.593999 0.0 -6e-06 -0.0 -1.362681 2.240798 -0.746324 -21.334909 0.584906 3.008322 -13.82121 -4e-06 2e-06 -23.887167 -0.249081 -0.839483 -61.103104 2.599836 -0.563777 -0.294024 1.679687 0.833256 -14.218203 0.093213 1.300579 -34.212036 -0.287568 0.96717 -20.033205 0.964534 1.212844 1e-06 0.0 1e-06 -3.440388 0.788233 0.501655 -15.928183 -3.16731 2.999706 -6.338824 -2e-06 1e-06 -18.123444 3.64818 -4.90567 -5e-06 0.0 -2e-06 -7.158547 22.948006 5.010631 18.245071 23.164024 -24.121531 -1.098558 54.426426 0.142439 -33.82782 11.553852 3.705924 2.24354 -5.255033 -3.180154 14.282885 -0.826593 6.952498 -2e-06 -12.690599 -1e-06 15.6089 -17.694296 2.020788 1.665665 -1.95592 -2.878297 4.727797 -4.170584 4.99392 11.02052 3e-06 -0.0 12.109048 -3.735713 -2.866782 2e-06 0.0 -0.0 1.291985 -1.928548 -1.498089 14.800122 0.567469 3.865606 14.242566 -1.341736 -6.660651 19.631962 0.143926 -0.648243 48.082214 -1.051471 -6.348574 0.353029 -1.51115 -0.03194 20.222786 3.684308 2.31663 18.787268 5e-06 0.0 10.751624 -0.479867 1.397905 -0.0 0.0 -1e-06 3.273805 0.305947 -0.580111 21.486807 11.830368 2.266133 8.162925 2e-06 0.0 18.399076 -3.798981 -4.940572 2e-06 0.0 -1e-06 2.29121 7.15454 -37.288605 -0.527366 -0.359894 90.261925 -0.557115 -5.643342 -7.798471 1.566213 -1.808034 -2.46874 -0.0 -0.0 1e-06 5.135691 -7.081122 -79.313515 -0.171436 -0.421282 85.018242 2.105804 5.066479 -22.10243 -1.41234 1.106186 -2.260358 0.0 -0.0 -1e-06 
0.0 0.0 0.0 0.0 -0.0 0.0 -77.519676 124.104095 644.467773 2.518439 3.424453 4.830228 0.196058 -0.43476 17.177597 -0.259158 -1.098552 1.702307 -1.392132 -3.009845 14.344794 0.79969 2.651842 -13.126635 -1.091426 -1.830485 -3.406929 1.868799 -2.475465 -8.764688 7.7e-05 -2.3e-05 6e-06 0.017302 -0.003647 -0.144078 0.897842 -3.683458 -10.619002 -0.881082 3.681104 -10.66903 5.713074 -16.597977 5.936529 -22.760128 -31.483265 -10.702185 1.411741 -59.770657 -1.628005 40.516319 -9.022141 17.886551 -5.882098 9.861275 0.70259 -10.936857 -0.360574 7.156195 -0.0 8.774815 -0.0 -16.517418 18.994551 6.177987 -1.84403 2.498501 -2.507274 -10.163586 4.67894 4.621102 -20.975998 -3e-06 0.0 -21.226259 2.451694 -3.593997 0.0 -6e-06 -1e-06 -1.36268 2.240795 -0.746322 -21.334887 0.58491 3.008317 -13.821198 -2e-06 1e-06 -23.887142 -0.249078 -0.839484 -61.250397 2.57982 -0.744685 -0.294024 1.679685 0.833255 -14.21819 0.093215 1.300578 -34.212002 -0.287562 0.967166 -20.033186 0.964536 1.21284 -0.0 -0.0 0.0 -3.440384 0.788233 0.501655 -15.928165 -3.167305 2.999702 -6.338817 -2e-06 1e-06 -18.123423 3.64818 -4.905664 -4e-06 -0.0 -2e-06 -7.095173 22.330303 4.793827 18.669123 23.200443 -24.915257 -1.267674 53.560471 0.037566 -34.020374 11.031159 2.578085 2.243539 -5.255032 -3.180153 14.282878 -0.826594 6.952496 -3e-06 -12.690592 1e-06 15.593287 -17.462824 2.052096 1.665664 -1.955919 -2.878296 4.727795 -4.170583 4.993922 11.020516 3e-06 -1e-06 12.109041 -3.735712 -2.866781 0.0 -0.0 0.0 1.291984 -1.928548 -1.498089 14.800114 0.567467 3.865605 14.242559 -1.341735 -6.66065 19.631948 0.143926 -0.648244 48.259205 -0.893985 -6.311876 0.353028 -1.511149 -0.031939 20.222773 3.684306 2.316627 18.787254 4e-06 -0.0 10.75162 -0.479868 1.397905 0.0 0.0 -0.0 3.273804 0.305947 -0.580111 21.486792 11.830362 2.26613 8.162921 0.0 -1e-06 18.399063 -3.798982 -4.940571 2e-06 0.0 -2e-06 2.341937 8.346214 -43.316196 -0.41195 -0.01879 100.3657 -0.772736 -8.502464 -9.652801 1.515788 -1.77792 -2.641839 0.0 -0.0 2e-06 4.241273 -9.044962 -76.451881 -0.234043 -0.452862 87.748558 -0.022083 2.984529 -23.567348 -1.450049 1.05465 -1.489007 -0.0 -0.0 -1e-06 
0.0 0.0 0.0 0.0 -0.0 0.0 -79.766129 125.207664 658.303345 2.741191 4.83175 4.047051 -0.197718 -0.361818 17.447033 -0.428999 -1.095817 1.93678 -1.623252 -2.980787 14.910668 2.006392 2.416714 -13.147816 -1.200186 -1.997782 -3.320785 2.043809 -2.954445 -9.3936 7.7e-05 -2.3e-05 5e-06 0.019928 -0.028558 -0.11778 0.891282 -3.711453 -10.581816 -0.868052 3.658872 -10.623437 5.91625 -17.106852 6.046154 -22.296652 -31.41609 -9.754108 1.996362 -60.035736 -2.253254 41.589664 -8.530924 17.887539 -5.882106 9.861283 0.702591 -10.936875 -0.360576 7.156208 1e-06 8.774824 -1e-06 -16.556768 19.21471 6.207322 -1.844032 2.498504 -2.507278 -10.163602 4.678942 4.621109 -20.97603 -5e-06 4e-06 -21.226288 2.451695 -3.593997 -1e-06 -6e-06 -0.0 -1.362682 2.240798 -0.746323 -21.334917 0.584908 3.008324 -13.821216 -4e-06 3e-06 -23.887173 -0.24908 -0.83948 -61.33419 2.512789 -0.904693 -0.294025 1.679687 0.833256 -14.218212 0.093214 1.300581 -34.212063 -0.287566 0.967173 -20.033224 0.964536 1.212846 0.0 -0.0 0.0 -3.440389 0.788233 0.501655 -15.928189 -3.16731 2.999709 -6.338826 -2e-06 1e-06 -18.123444 3.64818 -4.905669 -5e-06 -0.0 -2e-06 -6.589777 21.604292 4.806952 19.616671 22.719883 -24.426716 -1.324259 53.123291 -0.07734 -34.045845 10.942039 2.505306 2.24354 -5.255033 -3.180156 14.282885 -0.826593 6.952501 -3e-06 -12.690594 -1e-06 15.649551 -17.379553 2.131646 1.665666 -1.95592 -2.878297 4.727798 -4.170583 4.993921 11.020522 3e-06 1e-06 12.109048 -3.735713 -2.866781 -1e-06 0.0 0.0 1.291985 -1.928548 -1.498089 14.800122 0.567468 3.865607 14.242564 -1.341735 -6.660652 19.631958 0.143924 -0.648242 48.509663 -0.789472 -6.307217 0.353028 -1.511149 -0.031941 20.222784 3.684307 2.316631 18.787268 3e-06 2e-06 10.751623 -0.479869 1.397907 0.0 0.0 -0.0 3.273806 0.305947 -0.580109 21.486805 11.830363 2.266135 8.162926 1e-06 -0.0 18.399075 -3.798981 -4.940569 3e-06 -1e-06 -1e-06 2.589148 8.924926 -48.558643 -0.235636 0.209888 108.539818 -1.357143 -10.335274 -11.715135 1.488886 -1.759383 -2.659542 0.0 -0.0 3e-06 3.263385 -11.022302 -72.875046 -0.329789 -0.524087 89.393631 -1.294977 0.663274 -24.406281 -1.473532 0.992146 -0.745263 0.0 0.0 -1e-06 
0.0 0.0 0.0 0.0 -0.0 0.0 -81.720818 125.922096 671.904602 2.900334 5.630537 3.386149 -0.589054 -0.235945 17.557405 -0.580882 -0.993785 2.066528 -1.89218 -2.937716 15.351254 2.895185 2.176395 -13.223406 -1.230251 -2.048799 -3.259352 2.094052 -3.255085 -10.120367 7.7e-05 -2.3e-05 6e-06 0.016665 -0.029689 -0.100988 0.88835 -3.715771 -10.568467 -0.87061 3.661099 -10.603493 6.070072 -17.498884 6.085089 -22.138479 -31.50429 -8.815737 2.833877 -59.748379 -3.051465 42.174786 -8.105556 17.273542 -5.882102 9.861284 0.702589 -10.936865 -0.360577 7.156205 2e-06 8.774825 -2e-06 -16.594351 19.270651 6.268133 -1.844031 2.498505 -2.507278 -10.163594 4.678943 4.621109 -20.976013 -6e-06 1e-06 -21.226273 2.451694 -3.593999 0.0 -6e-06 -0.0 -1.362681 2.240798 -0.746324 -21.334904 0.584907 3.008324 -13.821207 -3e-06 3e-06 -23.887159 -0.24908 -0.839481 -61.362057 2.429017 -0.958726 -0.294024 1.679687 0.833256 -14.218201 0.093213 1.300581 -34.212029 -0.287567 0.967173 -20.033201 0.964536 1.212846 0.0 -0.0 -0.0 -3.440387 0.788233 0.501656 -15.928179 -3.167311 2.999708 -6.338821 -1e-06 2e-06 -18.123434 3.648182 -4.905669 -3e-06 -0.0 -2e-06 -5.947742 20.956907 5.028617 20.645037 22.056019 -23.183434 -1.31274 52.729511 -0.091554 -34.17519 10.886742 3.192446 2.243539 -5.255034 -3.180157 14.282885 -0.826592 6.952499 -5e-06 -12.690601 1e-06 15.816963 -17.470812 2.218727 1.665665 -1.95592 -2.878297 4.727797 -4.170586 4.993922 11.020522 5e-06 -1e-06 12.109046 -3.735713 -2.866781 -3e-06 0.0 0.0 1.291984 -1.928548 -1.498088 14.800123 0.567471 3.865607 14.242565 -1.341734 -6.660653 19.631958 0.143928 -0.648241 48.911114 -0.711062 -6.312441 0.353028 -1.51115 -0.031939 20.222786 3.684311 2.316631 18.78727 6e-06 2e-06 10.751628 -0.479868 1.397906 0.0 1e-06 0.0 3.273805 0.305948 -0.580109 21.486805 11.830376 2.266132 8.162925 2e-06 2e-06 18.399071 -3.798982 -4.94057 3e-06 0.0 -1e-06 2.956851 9.112813 -52.625305 -0.071817 0.305086 114.090401 -1.722849 -10.385961 -14.27767 1.49671 -1.757393 -2.638662 -0.0 0.0 1e-06 2.226772 -12.730768 -69.042488 -0.408619 -0.585075 89.995895 -1.939502 -1.518072 -24.982531 -1.487061 0.924654 -0.142327 0.0 0.0 -1e-06 
0.0 0.0 0.0 0.0 -0.0 0.0 -83.504585 126.329063 685.798401 3.006814 5.79824 2.947928 -0.929231 -0.072009 17.466623 -0.721904 -0.817593 2.126406 -2.126279 -2.844388 15.676517 3.395942 2.001965 -13.478328 -1.179664 -2.100585 -3.222381 2.044214 -3.390856 -10.66426 7.7e-05 -2.3e-05 6e-06 0.01847 -0.06075 -0.094544 0.894501 -3.747026 -10.56719 -0.872226 3.630258 -10.600948 5.967491 -17.812248 6.109796 -22.291334 -31.635227 -8.093765 3.584203 -59.202839 -3.71104 42.686497 -7.66652 16.30043 -5.882102 9.861279 0.702591 -10.936865 -0.360574 7.156198 1e-06 8.774821 0.0 -16.584015 19.207804 6.379591 -1.844031 2.498502 -2.507275 -10.163593 4.678943 4.621105 -20.976009 -4e-06 1e-06 -21.226271 2.451694 -3.593997 -1e-06 -6e-06 -0.0 -1.362681 2.240796 -0.746322 -21.334902 0.584909 3.00832 -13.821207 -3e-06 1e-06 -23.887156 -0.24908 -0.839483 -61.377254 2.331156 -0.938787 -0.294025 1.679686 0.833256 -14.218199 0.093215 1.300578 -34.212029 -0.287566 0.967168 -20.033203 0.964534 1.212842 -0.0 -1e-06 0.0 -3.440386 0.788233 0.501655 -15.928177 -3.167308 2.999702 -6.338821 -1e-06 1e-06 -18.123438 3.64818 -4.905667 -3e-06 0.0 -2e-06 -5.253721 20.516909 5.317237 21.364731 21.338057 -21.375286 -1.344917 52.19334 -0.099413 -34.309147 10.663976 4.660699 2.243541 -5.255033 -3.180155 14.282887 -0.826596 6.952499 -3e-06 -12.690597 2e-06 16.075523 -17.658659 2.306901 1.665666 -1.95592 -2.878297 4.727798 -4.170585 4.993922 11.020522 3e-06 -0.0 12.109048 -3.735714 -2.866783 -3e-06 0.0 -0.0 1.291985 -1.928548 -1.498088 14.800122 0.567467 3.865605 14.242568 -1.341735 -6.660653 19.631958 0.143926 -0.648245 49.394402 -0.609777 -6.305936 0.353029 -1.51115 -0.03194 20.222786 3.684307 2.316628 18.78727 3e-06 -1e-06 10.751625 -0.479868 1.397904 -1e-06 0.0 0.0 3.273806 0.305947 -0.58011 21.486809 11.830367 2.266129 8.162921 0.0 -0.0 18.399078 -3.798982 -4.940574 1e-06 -0.0 -1e-06 3.353581 9.243946 -55.544075 0.074399 0.322731 117.049622 -1.657812 -8.811498 -16.547829 1.527378 -1.753079 -2.704108 -0.0 -0.0 0.0 1.333954 -14.146685 -65.272217 -0.450142 -0.6507 89.812584 -2.245593 -3.248652 -25.59177 -1.494261 0.862889 0.316662 -0.0 0.0 -1e-06 
0.0 0.0 0.0 0.0 -0.0 0.0 -85.172012 126.48381 699.978943 3.042117 5.408753 2.669107 -1.200519 0.074996 17.218904 -0.858914 -0.616951 2.161907 -2.331235 -2.662981 15.873563 3.656976 1.894857 -13.838583 -1.101972 -2.115994 -3.214125 1.923225 -3.366904 -11.007304 7.7e-05 -2.2e-05 6e-06 0.025856 -0.130299 -0.097376 0.904257 -3.815226 -10.574151 -0.866128 3.558823 -10.611164 5.548505 -18.072048 6.277446 -22.592442 -31.873245 -7.542047 4.22149 -58.416397 -4.158133 43.358162 -7.094218 15.058089 -5.882098 9.861276 0.70259 -10.93686 -0.360577 7.156198 1e-06 8.774817 -1e-06 -16.458876 19.067236 6.546814 -1.84403 2.498502 -2.507275 -10.163589 4.678939 4.621105 -20.976004 -7e-06 4e-06 -21.226265 2.451692 -3.593993 1e-06 -6e-06 -0.0 -1.362679 2.240796 -0.746323 -21.334892 0.584905 3.008321 -13.821201 -5e-06 3e-06 -23.887146 -0.24908 -0.839478 -61.293011 2.280421 -0.90808 -0.294024 1.679686 0.833255 -14.218195 0.093212 1.30058 -34.212013 -0.287568 0.967175 -20.033194 0.964534 1.212846 0.0 -0.0 -0.0 -3.440385 0.788232 0.501655 -15.928172 -3.16731 2.999704 -6.33882 -2e-06 2e-06 -18.123426 3.648177 -4.905663 -3e-06 0.0 -2e-06 -4.640739 20.372911 5.49792 21.681133 20.647852 -19.082901 -1.462848 51.427162 -0.150466 -34.208553 10.350523 6.740972 2.243539 -5.255032 -3.180155 14.282878 -0.826593 6.952497 -2e-06 -12.690593 1e-06 16.405127 -17.888981 2.331012 1.665665 -1.95592 -2.878296 4.727795 -4.170584 4.99392 11.020515 3e-06 -1e-06 12.10904 -3.735713 -2.866781 0.0 -0.0 0.0 1.291984 -1.928548 -1.498088 14.800115 0.567468 3.865604 14.242559 -1.341735 -6.660651 19.631952 0.143925 -0.648244 49.973431 -0.54351 -6.31673 0.353029 -1.511149 -0.031941 20.222773 3.684307 2.316628 18.787254 4e-06 1e-06 10.75162 -0.479868 1.397905 -1e-06 0.0 0.0 3.273804 0.305947 -0.58011 21.486795 11.830364 2.266131 8.162919 0.0 -0.0 18.399067 -3.798982 -4.940569 2e-06 1e-06 -0.0 3.808108 9.539843 -57.50552 0.217608 0.304487 118.024399 -1.375605 -6.301422 -18.489985 1.59062 -1.76534 -2.822143 0.0 -0.0 0.0 0.686553 -15.392118 -61.45488 -0.445261 -0.723891 89.026558 -2.630182 -4.631487 -26.237818 -1.491238 0.775752 0.644335 0.0 0.0 -1e-06 
0.0 0.0 0.0 0.0 -0.0 0.0 -86.672119 126.289413 714.00354 2.959749 4.667127 2.448643 -1.353337 0.197809 16.920368 -0.97726 -0.464594 2.20265 -2.482523 -2.479873 15.934037 3.812264 1.875663 -14.272514 -1.051852 -2.08043 -3.22672 1.751113 -3.21379 -11.165587 7.7e-05 -2.3e-05 5e-06 0.03386 -0.223637 -0.102441 0.907998 -3.90506 -10.568855 -0.852783 3.462079 -10.608999 4.857357 -18.272638 6.631726 -22.645517 -32.40472 -7.155097 4.607221 -57.366501 -4.200059 44.038006 -6.429954 13.936507 -5.882098 9.861276 0.702591 -10.936857 -0.360575 7.156199 0.0 8.774817 1e-06 -16.163294 18.909004 6.747551 -1.844029 2.498502 -2.507275 -10.163588 4.67894 4.621105 -20.976 -5e-06 4e-06 -21.226259 2.451694 -3.593993 -0.0 -6e-06 0.0 -1.362679 2.240796 -0.746322 -21.334888 0.584908 3.008322 -13.821198 -3e-06 3e-06 -23.887146 -0.249078 -0.83948 -61.084057 2.282837 -0.899965 -0.294025 1.679686 0.833256 -14.218191 0.093214 1.300581 -34.212006 -0.287563 0.967173 -20.033188 0.964537 1.212844 -1e-06 -0.0 0.0 -3.440384 0.788232 0.501656 -15.928167 -3.167307 2.999706 -6.338819 -1e-06 1e-06 -18.123425 3.64818 -4.905663 -3e-06 -0.0 -2e-06 -4.218434 20.523075 5.508511 21.612177 20.228067 -16.938717 -1.768131 50.645615 -0.310623 -33.827412 10.046027 8.864645 2.243538 -5.255032 -3.180153 14.282871 -0.826592 6.952495 -4e-06 -12.690595 1e-06 16.533972 -18.082855 2.371679 1.665664 -1.95592 -2.878295 4.727792 -4.170584 4.993918 11.020514 4e-06 -1e-06 12.109035 -3.735712 -2.86678 2e-06 0.0 -0.0 1.291984 -1.928547 -1.498088 14.800112 0.567469 3.865604 14.242556 -1.341734 -6.660651 19.631947 0.143928 -0.648244 50.391994 -0.526116 -6.343349 0.353028 -1.511149 -0.03194 20.222765 3.684308 2.316627 18.787251 6e-06 -0.0 10.751612 -0.479867 1.397905 -1e-06 -0.0 0.0 3.273802 0.305947 -0.580111 21.486786 11.830366 2.266129 8.162915 2e-06 0.0 18.399055 -3.798981 -4.940568 3e-06 -1e-06 -0.0 4.237768 10.007268 -58.660809 0.332454 0.303699 117.489975 -0.843314 -3.401521 -20.02874 1.634704 -1.773231 -2.990618 0.0 0.0 3e-06 0.332669 -16.537556 -57.786934 -0.434518 -0.806944 88.173759 -3.103331 -5.672304 -26.958971 -1.470799 0.690376 0.702918 -0.0 0.0 -1e-06 
0.0 0.0 0.0 0.0 -0.0 0.0 -87.921181 125.526382 727.658875 2.692709 3.742222 2.259815 -1.338453 0.256098 16.642063 -1.058182 -0.361115 2.244647 -2.55095 -2.348078 15.915343 3.914949 1.923496 -14.76533 -1.023211 -1.857769 -3.246564 1.556645 -2.990861 -11.258847 7.7e-05 -2.3e-05 6e-06 0.035118 -0.285869 -0.099421 0.898067 -3.964364 -10.545548 -0.83902 3.396474 -10.585523 3.973473 -18.506475 7.022747 -21.77211 -33.271729 -7.181232 4.61386 -56.190437 -3.900254 44.26783 -5.870904 13.350911 -5.882102 9.861275 0.702591 -10.936861 -0.360573 7.156199 -0.0 8.774817 1e-06 -15.877205 18.796061 6.874411 -1.844031 2.498501 -2.507275 -10.163592 4.678941 4.621106 -20.976004 -2e-06 3e-06 -21.226269 2.451696 -3.593996 -0.0 -6e-06 1e-06 -1.36268 2.240796 -0.746322 -21.334896 0.584912 3.008321 -13.821201 -1e-06 2e-06 -23.887152 -0.249077 -0.839483 -60.785721 2.289139 -0.950081 -0.294025 1.679685 0.833255 -14.218196 0.093216 1.300581 -34.212021 -0.28756 0.96717 -20.033197 0.964538 1.212842 -0.0 -1e-06 0.0 -3.440386 0.788233 0.501655 -15.928172 -3.167304 2.999704 -6.33882 -1e-06 1e-06 -18.123426 3.648181 -4.905663 -3e-06 -0.0 -3e-06 -4.036344 20.882622 5.397439 21.014038 20.313904 -15.688943 -1.891467 49.820862 -0.492986 -33.406834 10.104734 10.588391 2.243541 -5.255033 -3.180155 14.282886 -0.826594 6.952498 -1e-06 -12.690597 1e-06 16.455208 -18.188892 2.440707 1.665665 -1.95592 -2.878297 4.727797 -4.170586 4.99392 11.020519 3e-06 -1e-06 12.109044 -3.735713 -2.866782 1e-06 -0.0 0.0 1.291985 -1.928548 -1.498088 14.800122 0.567468 3.865604 14.242566 -1.341735 -6.660653 19.631958 0.143926 -0.648244 50.591564 -0.598965 -6.41555 0.353029 -1.51115 -0.03194 20.222784 3.684308 2.316628 18.787266 5e-06 -1e-06 10.751625 -0.479868 1.397904 -1e-06 0.0 -0.0 3.273805 0.305947 -0.58011 21.486807 11.830368 2.266131 8.162921 1e-06 -1e-06 18.399075 -3.798981 -4.940573 3e-06 -0.0 -1e-06 4.596837 10.424991 -59.507751 0.395439 0.298717 116.494614 -0.384076 -0.84252 -22.050045 1.658429 -1.791723 -3.058702 -0.0 1e-06 1e-06 0.131997 -17.377781 -54.846199 -0.445006 -0.879279 88.205887 -3.198264 -5.879736 -27.697182 -1.429506 0.646029 0.43946 -0.0 -0.0 -1e-06 
0.0 0.0 0.0 0.0 -0.0 0.0 -88.741043 124.019371 741.04364 2.077799 2.63731 2.05618 -1.077495 0.241285 16.476776 -1.065889 -0.308659 2.262702 -2.407507 -2.269178 15.837266 3.865501 2.044942 -15.113576 -0.999441 -1.426024 -3.275872 1.409048 -2.729425 -11.5325 7.7e-05 -2.2e-05 6e-06 0.032513 -0.297326 -0.085924 0.883727 -3.972414 -10.510741 -0.828639 3.380696 -10.546528 3.11899 -18.765543 7.28819 -19.579874 -34.482155 -7.900594 4.145417 -54.972218 -3.397416 43.563068 -5.496648 13.779531 -5.882102 9.861278 0.70259 -10.936867 -0.360577 7.156199 1e-06 8.774819 -2e-06 -15.799767 18.852228 6.897236 -1.844031 2.498503 -2.507275 -10.163595 4.678941 4.621106 -20.976013 -4e-06 5e-06 -21.226273 2.451696 -3.593994 -1e-06 -6e-06 0.0 -1.362681 2.240797 -0.746323 -21.334904 0.584907 3.008322 -13.821209 -3e-06 4e-06 -23.887159 -0.249078 -0.839479 -60.70116 2.280534 -1.008966 -0.294025 1.679686 0.833255 -14.218202 0.093213 1.300581 -34.212032 -0.287564 0.967175 -20.033205 0.964536 1.212845 0.0 -0.0 0.0 -3.440387 0.788232 0.501656 -15.928179 -3.167309 2.999706 -6.338825 -2e-06 2e-06 -18.12344 3.648181 -4.905665 -3e-06 -0.0 -2e-06 -4.29398 21.36685 5.12865 19.915302 21.243561 -15.344007 -1.830699 48.36132 -0.734743 -32.917381 10.469574 11.548939 2.243538 -5.255031 -3.180152 14.282879 -0.826593 6.952497 -4e-06 -12.690597 1e-06 16.336861 -18.19031 2.501839 1.665664 -1.955919 -2.878295 4.727794 -4.170584 4.993919 11.020515 4e-06 1e-06 12.109039 -3.735713 -2.866779 -0.0 -0.0 0.0 1.291984 -1.928548 -1.498087 14.800115 0.567469 3.865604 14.242559 -1.341735 -6.660647 19.631952 0.143926 -0.648241 50.611233 -0.658215 -6.512789 0.353028 -1.511149 -0.031939 20.222769 3.684309 2.31663 18.787254 5e-06 2e-06 10.751617 -0.479868 1.397906 1e-06 -0.0 -0.0 3.273803 0.305947 -0.58011 21.486795 11.830369 2.266132 8.162919 2e-06 0.0 18.399067 -3.798983 -4.940568 3e-06 0.0 -1e-06 4.837336 10.665147 -60.715096 0.444178 0.320893 115.69651 -0.058434 1.155638 -25.17486 1.666043 -1.819452 -3.000854 0.0 -0.0 2e-06 0.030775 -17.488905 -53.238937 -0.510052 -0.915378 90.244232 -2.430347 -5.176885 -28.573847 -1.382669 0.649605 0.012435 -0.0 -0.0 -1e-06 
0.0 0.0 0.0 0.0 -0.0 0.0 -89.101807 121.793869 754.349304 1.269434 1.304859 1.688314 -0.645601 0.168181 16.482296 -1.00695 -0.245342 2.268881 -2.120529 -2.174431 15.922949 3.62568 2.177781 -15.322083 -0.943459 -0.836703 -3.344259 1.279101 -2.38652 -12.062493 7.7e-05 -2.3e-05 6e-06 0.028408 -0.262621 -0.069882 0.865589 -3.935788 -10.479478 -0.817586 3.411844 -10.51276 2.444217 -19.024969 7.500531 -15.780054 -36.05933 -9.635285 3.448648 -53.597618 -2.954285 41.599113 -5.234262 15.038849 -5.882103 9.861278 0.70259 -10.936865 -0.360574 7.1562 -0.0 8.774817 -0.0 -15.955672 19.048481 6.841804 -1.844032 2.498502 -2.507277 -10.163595 4.678942 4.621106 -20.976017 -3e-06 -0.0 -21.22628 2.451696 -3.593999 0.0 -6e-06 0.0 -1.362681 2.240796 -0.746323 -21.334904 0.584911 3.008319 -13.821208 -3e-06 -0.0 -23.887161 -0.249079 -0.839484 -60.853756 2.308395 -1.037748 -0.294025 1.679686 0.833256 -14.218202 0.093216 1.300579 -34.212032 -0.287563 0.967166 -20.033199 0.964536 1.212841 -0.0 -0.0 0.0 -3.440387 0.788233 0.501655 -15.928179 -3.167306 2.999703 -6.338822 -1e-06 1e-06 -18.123436 3.648179 -4.905667 -3e-06 0.0 -2e-06 -4.890449 21.927912 4.963143 18.159113 23.19418 -15.688418 -1.808838 45.639893 -0.961667 -32.337955 10.702658 11.541162 2.243539 -5.25503 -3.180153 14.28288 -0.826594 6.952494 -3e-06 -12.690591 2e-06 16.415968 -18.173136 2.510627 1.665665 -1.955919 -2.878295 4.727796 -4.170584 4.993918 11.020519 3e-06 0.0 12.109041 -3.735712 -2.866779 1e-06 0.0 -0.0 1.291984 -1.928547 -1.498087 14.800118 0.567467 3.865603 14.242558 -1.341735 -6.660648 19.631952 0.143925 -0.648243 50.545345 -0.692496 -6.600925 0.353029 -1.511149 -0.03194 20.222775 3.684306 2.316628 18.787262 4e-06 -0.0 10.75162 -0.479868 1.397904 -0.0 -0.0 0.0 3.273804 0.305947 -0.58011 21.486797 11.830362 2.266129 8.16292 1e-06 -1e-06 18.399071 -3.798981 -4.94057 1e-06 -0.0 -1e-06 4.569089 10.528473 -62.440372 0.561989 0.371776 115.201019 0.242547 2.458954 -29.361628 1.648525 -1.823424 -2.581725 0.0 -0.0 3e-06 -0.162745 -16.647512 -53.210674 -0.557115 -0.878263 94.600868 -1.42396 -4.337976 -30.244085 -1.356965 0.674889 -0.172234 0.0 0.0 -0.0 
0.0 0.0 0.0 0.0 -0.0 0.0 -89.515671 119.23777 766.612 0.495549 -0.210507 1.106831 -0.23339 0.168614 16.60673 -0.879286 -0.12595 2.280374 -1.717013 -2.003259 16.38665 3.237155 2.279552 -15.51931 -0.767796 -0.168421 -3.43812 1.080042 -1.957927 -12.951027 7.7e-05 -2.2e-05 6e-06 0.019928 -0.187727 -0.066227 0.842098 -3.859145 -10.465848 -0.810663 3.482102 -10.497059 2.072892 -19.089363 7.806995 -11.097813 -37.846756 -12.627032 2.669877 -52.244198 -2.488751 38.902802 -4.906193 16.058659 -5.882099 9.861279 0.702589 -10.936859 -0.360577 7.156196 1e-06 8.77482 -2e-06 -16.272617 19.111856 6.653061 -1.84403 2.498503 -2.507275 -10.163589 4.67894 4.621103 -20.976004 -6e-06 0.0 -21.226269 2.451694 -3.593999 -1e-06 -5e-06 -0.0 -1.36268 2.240797 -0.746322 -21.334888 0.584905 3.008318 -13.821198 -4e-06 1e-06 -23.887142 -0.249082 -0.839483 -60.968044 2.388116 -1.090806 -0.294024 1.679686 0.833255 -14.218192 0.093213 1.300577 -34.212009 -0.287569 0.967168 -20.033192 0.964532 1.212843 2e-06 0.0 0.0 -3.440384 0.788232 0.501654 -15.928168 -3.16731 2.999703 -6.338819 -2e-06 1e-06 -18.123426 3.648179 -4.905668 -4e-06 0.0 -2e-06 -5.572944 22.531738 5.064195 15.843066 25.564358 -16.548487 -1.65383 42.284874 -0.910635 -31.956266 10.301564 11.02037 2.243539 -5.255033 -3.180154 14.282872 -0.826594 6.952494 -1e-06 -12.690592 -1e-06 16.743877 -18.143637 2.414537 1.665664 -1.95592 -2.878295 4.727793 -4.170584 4.993918 11.020512 2e-06 -2e-06 12.109036 -3.735713 -2.866782 1e-06 -0.0 0.0 1.291984 -1.928548 -1.498087 14.800108 0.567467 3.865602 14.242556 -1.341736 -6.66065 19.631941 0.143926 -0.648245 50.500935 -0.651389 -6.54601 0.353029 -1.511149 -0.03194 20.222761 3.684306 2.316627 18.787249 4e-06 -1e-06 10.751612 -0.479868 1.397904 0.0 -0.0 -0.0 3.273802 0.305947 -0.58011 21.486786 11.830362 2.26613 8.162916 1e-06 -0.0 18.399055 -3.798982 -4.94057 3e-06 0.0 -1e-06 3.849375 9.666358 -63.963184 0.698835 0.392568 113.986359 0.036068 3.549752 -33.285744 1.621341 -1.809984 -1.771272 0.0 0.0 3e-06 -0.38099 -14.897063 -54.666553 -0.592516 -0.759553 99.966293 -1.413883 -4.591527 -32.367165 -1.360312 0.721887 -0.117267 -0.0 1e-06 -1e-06 
0.0 0.0 0.0 0.0 -0.0 0.0 -89.775436 116.90303 778.127502 -0.055385 -1.81647 0.211637 0.041856 0.210653 16.851461 -0.700384 0.068468 2.324528 -1.347051 -1.684451 17.266592 2.911677 2.376971 -15.772159 -0.509688 0.468588 -3.498289 0.804943 -1.556511 -13.748057 7.7e-05 -2.3e-05 6e-06 0.010402 -0.085605 -0.071945 0.80727 -3.755116 -10.477726 -0.794929 3.58008 -10.495663 1.84121 -19.03636 8.180899 -6.533819 -39.257 -16.475803 2.036002 -51.206413 -2.066962 36.36665 -4.490808 16.654932 -5.882101 9.861275 0.702592 -10.936859 -0.360573 7.156195 0.0 8.774815 1e-06 -16.473803 18.985241 6.442323 -1.844031 2.498502 -2.507274 -10.163589 4.67894 4.621102 -20.976 -2e-06 0.0 -21.226259 2.451695 -3.593996 0.0 -6e-06 -0.0 -1.36268 2.240795 -0.746322 -21.334892 0.584911 3.008318 -13.821198 -2e-06 0.0 -23.887148 -0.249078 -0.839484 -60.870884 2.500146 -1.193935 -0.294025 1.679685 0.833255 -14.218193 0.093216 1.300578 -34.212013 -0.287563 0.967164 -20.033192 0.964536 1.212839 0.0 0.0 0.0 -3.440385 0.788232 0.501655 -15.928168 -3.167305 2.999701 -6.33882 -0.0 0.0 -18.123428 3.648179 -4.905665 -3e-06 0.0 -2e-06 -6.131259 23.25268 5.293246 13.602155 27.408897 -17.966312 -1.308213 39.720596 -0.707706 -31.93095 9.510218 10.771614 2.24354 -5.255031 -3.180154 14.282884 -0.826595 6.952496 -4e-06 -12.690595 4e-06 16.883297 -18.164682 2.373305 1.665665 -1.955919 -2.878296 4.727797 -4.170584 4.99392 11.020519 4e-06 -1e-06 12.109044 -3.73571 -2.866779 2e-06 -0.0 0.0 1.291985 -1.928547 -1.498087 14.80012 0.567467 3.865604 14.242565 -1.341733 -6.660651 19.631954 0.143928 -0.648243 50.495266 -0.706009 -6.434614 0.353029 -1.511149 -0.031939 20.222784 3.684307 2.316627 18.787262 6e-06 -1e-06 10.75162 -0.479867 1.397905 1e-06 -0.0 0.0 3.273805 0.305947 -0.58011 21.486805 11.830365 2.266126 8.162924 1e-06 -1e-06 18.399075 -3.798982 -4.94057 3e-06 0.0 -1e-06 2.911792 7.82118 -63.913818 0.701871 0.336383 110.31665 -0.290011 5.711369 -35.475437 1.597831 -1.753474 -0.938077 -0.0 0.0 2e-06 -0.588956 -12.953327 -57.066628 -0.606873 -0.658456 104.895973 -2.52332 -5.952572 -33.429684 -1.374739 0.74374 0.108309 0.0 0.0 -1e-06 
0.0 0.0 0.0 0.0 -0.0 0.0 -89.909286 114.99437 789.14917 -0.329553 -3.444117 -0.878538 0.168767 0.17323 17.167667 -0.524644 0.31179 2.418921 -1.095401 -1.236443 18.10224 2.665827 2.506391 -15.815433 -0.238954 0.888154 -3.483467 0.439654 -1.090077 -14.2386 7.7e-05 -2.3e-05 6e-06 0.010915 -0.045446 -0.071658 0.789925 -3.712364 -10.49264 -0.776713 3.616819 -10.48541 1.783581 -18.906771 8.505556 -3.316066 -39.812336 -19.436737 1.817649 -50.753536 -1.916362 34.854252 -3.768534 17.041067 -5.882099 9.861276 0.70259 -10.936861 -0.360576 7.156201 1e-06 8.774817 -1e-06 -16.43611 18.800434 6.409484 -1.84403 2.498502 -2.507275 -10.16359 4.678939 4.621107 -20.976004 -5e-06 5e-06 -21.226263 2.451695 -3.593993 0.0 -6e-06 -0.0 -1.36268 2.240796 -0.746323 -21.334892 0.584906 3.008325 -13.821199 -3e-06 5e-06 -23.887148 -0.249078 -0.839477 -60.794708 2.585464 -1.196697 -0.294024 1.679686 0.833255 -14.218197 0.093212 1.300582 -34.212021 -0.287564 0.967177 -20.033194 0.964537 1.212847 0.0 -0.0 0.0 -3.440385 0.788232 0.501656 -15.928172 -3.167308 2.999707 -6.33882 -2e-06 2e-06 -18.123426 3.648178 -4.905662 -4e-06 0.0 -2e-06 -6.834818 24.07235 5.36577 12.215211 28.453407 -18.961985 -0.854219 38.504314 -0.503513 -32.344933 8.516552 10.257439 2.243539 -5.255032 -3.180155 14.282874 -0.826593 6.952495 -2e-06 -12.690593 1e-06 16.753897 -18.164705 2.476572 1.665665 -1.95592 -2.878296 4.727794 -4.170584 4.993919 11.020514 3e-06 -1e-06 12.109038 -3.735711 -2.866782 1e-06 -0.0 0.0 1.291984 -1.928548 -1.498088 14.800114 0.567468 3.865604 14.24256 -1.341734 -6.660653 19.631948 0.143926 -0.648244 50.52692 -0.907456 -6.462034 0.353029 -1.511149 -0.03194 20.222769 3.684307 2.316627 18.787254 5e-06 -1e-06 10.75162 -0.479868 1.397905 0.0 0.0 0.0 3.273803 0.305947 -0.58011 21.48679 11.830364 2.266129 8.162918 2e-06 -0.0 18.399065 -3.79898 -4.94057 3e-06 -0.0 -1e-06 2.209233 5.32887 -61.793617 0.573749 0.23509 103.621216 0.019117 9.025501 -35.298183 1.616381 -1.712815 -0.410782 0.0 0.0 2e-06 -1.045313 -11.466195 -59.940411 -0.522918 -0.576513 108.837105 -3.403391 -6.444547 -33.311314 -1.392261 0.740221 0.351214 -0.0 -0.0 -1e-06 
0.0 0.0 0.0 0.0 -0.0 0.0 -89.995209 113.56897 800.259094 -0.572577 -4.881101 -1.854896 0.281776 0.100526 17.44278 -0.365536 0.513642 2.53507 -0.857614 -0.793817 18.635838 2.515293 2.597338 -15.743855 -0.006545 1.253729 -3.454265 -0.021498 -0.614265 -14.459163 7.7e-05 -2.2e-05 6e-06 0.017142 -0.06435 -0.056289 0.796586 -3.728946 -10.501385 -0.771134 3.594959 -10.465381 1.446824 -18.734116 8.821736 -1.197792 -39.736488 -20.478893 1.786088 -50.484249 -1.967481 34.242802 -3.000253 17.257818 -5.882103 9.861279 0.70259 -10.936865 -0.360574 7.156199 1e-06 8.774818 -1e-06 -16.348885 18.736349 6.445611 -1.844032 2.498502 -2.507276 -10.163594 4.678943 4.621104 -20.976011 -4e-06 0.0 -21.226273 2.451694 -3.593999 -1e-06 -6e-06 -0.0 -1.362681 2.240796 -0.746323 -21.334904 0.584909 3.008319 -13.821207 -2e-06 1e-06 -23.887159 -0.249079 -0.839485 -60.889156 2.556064 -1.130394 -0.294025 1.679686 0.833255 -14.218199 0.093215 1.300578 -34.212032 -0.287564 0.967165 -20.033199 0.964535 1.212841 1e-06 -0.0 0.0 -3.440387 0.788234 0.501655 -15.928177 -3.167307 2.999703 -6.338824 -1e-06 0.0 -18.123438 3.64818 -4.905669 -2e-06 -0.0 -1e-06 -7.252657 24.864504 5.419816 11.221933 28.863049 -19.311207 -0.447207 37.975571 -0.338803 -32.867962 7.585807 9.346529 2.243541 -5.255033 -3.180156 14.28289 -0.826596 6.952498 -3e-06 -12.690596 1e-06 16.616007 -18.14102 2.607435 1.665666 -1.95592 -2.878297 4.727798 -4.170585 4.993922 11.020526 4e-06 -1e-06 12.109054 -3.735714 -2.866782 1e-06 -0.0 0.0 1.291985 -1.928549 -1.498088 14.800129 0.567467 3.865604 14.242569 -1.341735 -6.660653 19.631966 0.143926 -0.648244 50.668175 -1.048857 -6.51828 0.353029 -1.511149 -0.03194 20.22279 3.684307 2.316628 18.78727 5e-06 -1e-06 10.751627 -0.479868 1.397904 0.0 -0.0 0.0 3.273807 0.305947 -0.580111 21.486811 11.830368 2.266129 8.162925 1e-06 -1e-06 18.399076 -3.798982 -4.940574 3e-06 0.0 -1e-06 2.102825 2.876025 -58.231453 0.446438 0.150125 94.853188 0.550389 11.873766 -33.704861 1.655979 -1.755304 -0.262284 0.0 -0.0 2e-06 -1.562087 -10.769262 -62.727619 -0.386854 -0.49942 111.554871 -3.412088 -5.070498 -32.783852 -1.406477 0.750047 0.436776 0.0 0.0 -1e-06 
0.0 0.0 0.0 0.0 -0.0 0.0 -90.270782 112.485733 811.922913 -0.909561 -5.973418 -2.637568 0.429816 0.024112 17.63257 -0.251953 0.651093 2.617358 -0.571148 -0.452285 18.963879 2.51811 2.647154 -15.669692 0.175101 1.590143 -3.459779 -0.531889 -0.10629 -14.449382 7.7e-05 -2.3e-05 6e-06 0.023423 -0.097958 -0.04478 0.807579 -3.762064 -10.524956 -0.769769 3.559456 -10.465499 0.851069 -18.667023 9.121949 0.122718 -39.583141 -20.03204 1.630862 -49.700569 -1.90555 34.057243 -2.622281 17.139662 -5.882101 9.861279 0.70259 -10.936863 -0.360576 7.156199 1e-06 8.774821 -1e-06 -16.275736 18.784714 6.466828 -1.844031 2.498502 -2.507275 -10.163592 4.678941 4.621104 -20.976006 -4e-06 3e-06 -21.226265 2.451694 -3.593996 0.0 -6e-06 -1e-06 -1.36268 2.240798 -0.746323 -21.334896 0.584907 3.008321 -13.821203 -4e-06 3e-06 -23.887152 -0.249078 -0.839481 -60.996124 2.509611 -1.124391 -0.294024 1.679686 0.833255 -14.218198 0.093214 1.300579 -34.212021 -0.287565 0.96717 -20.033201 0.964536 1.212843 0.0 -0.0 0.0 -3.440386 0.788233 0.501655 -15.928176 -3.167308 2.999705 -6.338821 -2e-06 1e-06 -18.123436 3.64818 -4.905666 -5e-06 1e-06 -2e-06 -7.274496 25.510281 5.522335 10.499431 28.922026 -19.378393 -0.209297 37.19014 -0.263405 -33.136547 7.014159 8.380098 2.243541 -5.255035 -3.180157 14.282885 -0.826594 6.9525 -2e-06 -12.690601 0.0 16.515247 -18.118666 2.664878 1.665665 -1.95592 -2.878298 4.727796 -4.170587 4.993924 11.02052 3e-06 -2e-06 12.109048 -3.735715 -2.866784 1e-06 2e-06 -0.0 1.291985 -1.928548 -1.498089 14.800122 0.567468 3.865606 14.242565 -1.341736 -6.660656 19.631956 0.143927 -0.648245 50.779411 -1.111479 -6.558876 0.353029 -1.511149 -0.03194 20.222778 3.684309 2.316629 18.787262 5e-06 -1e-06 10.751622 -0.479868 1.397905 0.0 0.0 0.0 3.273805 0.305947 -0.580111 21.486801 11.83037 2.266131 8.162922 2e-06 -0.0 18.399071 -3.798984 -4.940573 3e-06 -0.0 -0.0 2.310144 1.015481 -53.959011 0.37472 0.102209 85.649429 0.762347 13.918392 -31.669905 1.671434 -1.84013 -0.361125 -0.0 0.0 2e-06 -2.009482 -10.880055 -64.867935 -0.271145 -0.449422 113.337822 -2.871812 -2.318549 -31.876743 -1.414359 0.780032 0.356552 -0.0 -0.0 -1e-06 
0.0 0.0 0.0 0.0 -0.0 0.0 -91.335129 111.575317 824.519165 -1.335942 -6.718463 -3.402865 0.569154 -0.066565 17.814236 -0.193247 0.687514 2.65797 -0.293198 -0.246014 19.172659 2.766224 2.664425 -15.597253 0.264035 1.935694 -3.480149 -1.03244 0.409044 -14.240981 7.7e-05 -2.2e-05 6e-06 0.031555 -0.11955 -0.039403 0.817767 -3.785746 -10.550064 -0.763896 3.539498 -10.477188 0.297122 -18.773884 9.335126 0.577194 -39.577335 -18.664398 1.490301 -48.187767 -1.794939 34.00264 -2.650944 16.64571 -5.882108 9.861284 0.70259 -10.936873 -0.360573 7.156208 1e-06 8.774823 1e-06 -16.228382 18.875555 6.459984 -1.844033 2.498504 -2.507279 -10.163601 4.678946 4.62111 -20.976027 -4e-06 0.0 -21.226292 2.451695 -3.594001 0.0 -6e-06 -0.0 -1.362682 2.240798 -0.746324 -21.334917 0.584911 3.008322 -13.821217 -3e-06 1e-06 -23.887178 -0.24908 -0.839485 -61.066475 2.512801 -1.147782 -0.294025 1.679687 0.833256 -14.21821 0.093216 1.30058 -34.212051 -0.287564 0.967167 -20.033218 0.964537 1.212842 1e-06 -0.0 0.0 -3.440389 0.788233 0.501655 -15.928189 -3.167308 2.999707 -6.338828 0.0 0.0 -18.123453 3.64818 -4.905673 -4e-06 -0.0 -2e-06 -6.999434 25.951042 5.556992 10.393433 28.830448 -19.092833 -0.238612 35.872173 -0.253123 -33.15588 6.709095 7.374004 2.243542 -5.255037 -3.18016 14.282898 -0.826597 6.952507 -2e-06 -12.690605 2e-06 16.397655 -18.082682 2.643583 1.665667 -1.955922 -2.878301 4.727801 -4.170588 4.993927 11.020531 3e-06 -1e-06 12.109058 -3.735716 -2.866785 0.0 1e-06 0.0 1.291986 -1.928549 -1.49809 14.800136 0.567468 3.86561 14.242579 -1.341735 -6.660661 19.631977 0.143926 -0.648246 50.644985 -1.142221 -6.683604 0.353029 -1.511151 -0.03194 20.222801 3.684308 2.316632 18.787279 4e-06 -1e-06 10.751632 -0.479869 1.397907 1e-06 0.0 0.0 3.273808 0.305947 -0.580111 21.486824 11.830373 2.266133 8.16293 1e-06 0.0 18.399088 -3.798986 -4.940576 3e-06 -0.0 -1e-06 2.352217 0.258763 -49.579159 0.310791 0.086502 77.50032 0.649183 14.858268 -29.474432 1.649258 -1.929426 -0.541831 0.0 -0.0 2e-06 -2.385141 -11.575274 -66.193298 -0.18046 -0.435912 115.003624 -2.266313 0.857568 -30.266731 -1.410243 0.809211 0.034131 0.0 0.0 -1e-06 
0.0 0.0 0.0 0.0 -0.0 0.0 -91.57766 110.639595 836.527893 -1.890851 -7.1031 -4.211617 0.678247 -0.156653 17.955296 -0.176213 0.618441 2.625799 0.010137 -0.206252 19.266325 3.247641 2.642627 -15.42415 0.291768 2.28867 -3.516577 -1.455844 0.865261 -13.928581 7.7e-05 -2.2e-05 6e-06 0.040557 -0.114296 -0.043068 0.825632 -3.786334 -10.588955 -0.754084 3.550616 -10.511655 -0.064756 -19.123894 9.625036 0.391659 -39.66383 -16.806774 1.382059 -46.007214 -1.664834 33.801994 -2.841539 15.713303 -5.882096 9.861273 0.702591 -10.936852 -0.360574 7.156197 -1e-06 8.774815 -1e-06 -16.198454 18.97534 6.448226 -1.844029 2.498501 -2.507274 -10.163583 4.678939 4.621104 -20.975988 -2e-06 2e-06 -21.226254 2.451695 -3.593996 1e-06 -6e-06 -0.0 -1.362679 2.240796 -0.746322 -21.334879 0.584911 3.008322 -13.821191 -1e-06 3e-06 -23.887131 -0.249076 -0.839482 -61.071159 2.554065 -1.171894 -0.294025 1.679685 0.833255 -14.218184 0.093215 1.30058 -34.211994 -0.28756 0.967171 -20.033176 0.964538 1.212842 2e-06 -0.0 0.0 -3.440382 0.788232 0.501656 -15.928159 -3.167306 2.999705 -6.338816 0.0 2e-06 -18.123417 3.64818 -4.905664 -4e-06 -0.0 -2e-06 -6.522478 26.136026 5.589111 11.080163 28.605942 -18.409035 -0.302446 34.229958 -0.230768 -33.218651 6.6764 6.267374 2.24354 -5.255033 -3.180156 14.282878 -0.826593 6.952496 -4e-06 -12.690595 0.0 16.258411 -17.958372 2.565836 1.665665 -1.95592 -2.878297 4.727793 -4.170585 4.993919 11.020515 5e-06 -3e-06 12.10904 -3.735712 -2.866784 1e-06 -0.0 0.0 1.291985 -1.928548 -1.498088 14.800115 0.567469 3.865603 14.24256 -1.341735 -6.660655 19.631948 0.143928 -0.648247 50.248756 -1.166054 -6.824773 0.353029 -1.51115 -0.03194 20.222771 3.684308 2.316625 18.787254 6e-06 -3e-06 10.751617 -0.479867 1.397904 -0.0 -0.0 1e-06 3.273804 0.305947 -0.580111 21.486792 11.830367 2.266128 8.162919 2e-06 -1e-06 18.399063 -3.79898 -4.940572 3e-06 0.0 -1e-06 2.123209 0.821213 -45.681244 0.246896 0.132137 71.209869 0.149561 14.412274 -27.643555 1.611831 -2.002612 -0.701264 -0.0 0.0 2e-06 -2.738348 -12.505656 -66.764755 -0.12067 -0.435616 117.021042 -1.778637 4.09651 -28.101622 -1.38669 0.793584 -0.546313 0.0 0.0 -1e-06 
0.0 0.0 0.0 0.0 -0.0 0.0 -91.858063 109.525253 848.584839 -2.567545 -7.10762 -5.078728 0.762366 -0.22942 18.02282 -0.177974 0.427942 2.509503 0.330442 -0.372336 19.222902 3.901331 2.588639 -15.103391 0.274209 2.654801 -3.538396 -1.743815 1.192016 -13.660588 7.7e-05 -2.3e-05 6e-06 0.050593 -0.076587 -0.046735 0.833345 -3.75858 -10.629982 -0.742035 3.598471 -10.551706 -0.308228 -19.759941 10.06047 -0.150282 -39.60778 -14.665058 1.134196 -43.501572 -1.457508 33.475323 -3.089519 14.447946 -5.882102 9.86128 0.70259 -10.936865 -0.360576 7.156202 1e-06 8.774821 -1e-06 -16.217617 19.041805 6.388894 -1.844031 2.498503 -2.507277 -10.163594 4.678943 4.621107 -20.976011 -4e-06 3e-06 -21.226271 2.451696 -3.593998 0.0 -6e-06 -1e-06 -1.36268 2.240797 -0.746323 -21.3349 0.584908 3.008323 -13.821204 -3e-06 3e-06 -23.887157 -0.249079 -0.839481 -61.003891 2.540049 -1.131657 -0.294024 1.679686 0.833255 -14.218198 0.093214 1.300581 -34.212025 -0.287563 0.967172 -20.033201 0.964536 1.212845 -1e-06 -0.0 -0.0 -3.440386 0.788233 0.501656 -15.928179 -3.167309 2.999707 -6.338822 -2e-06 2e-06 -18.12344 3.648182 -4.905668 -5e-06 -0.0 -2e-06 -5.810588 26.020109 5.752562 12.448944 28.113625 -16.868414 -0.239575 32.550632 -0.166271 -33.512741 6.745391 5.064816 2.24354 -5.255034 -3.180157 14.282885 -0.826592 6.952501 -3e-06 -12.690601 0.0 16.079012 -17.818764 2.509411 1.665665 -1.955921 -2.878298 4.727796 -4.170586 4.993922 11.020522 4e-06 -1e-06 12.109046 -3.735713 -2.866782 2e-06 -1e-06 -0.0 1.291985 -1.928548 -1.498089 14.800122 0.567469 3.865606 14.242566 -1.341736 -6.660655 19.631958 0.143926 -0.648243 49.692215 -1.17275 -6.945341 0.353029 -1.51115 -0.03194 20.222786 3.68431 2.316631 18.787268 5e-06 1e-06 10.751623 -0.479868 1.397907 1e-06 -0.0 1e-06 3.273805 0.305946 -0.580111 21.486801 11.830371 2.266133 8.162923 2e-06 0.0 18.399076 -3.798982 -4.940571 3e-06 -0.0 -1e-06 1.739628 2.352208 -42.374813 0.189214 0.24777 66.666588 -0.824786 12.578874 -26.443645 1.576027 -2.025158 -0.804282 0.0 -0.0 2e-06 -3.105031 -13.400502 -66.608894 -0.103129 -0.437293 119.463058 -1.645253 6.520129 -26.178234 -1.360626 0.765537 -1.226838 0.0 0.0 -2e-06 
0.0 0.0 0.0 0.0 -0.0 0.0 -92.208633 108.230949 860.871033 -3.255203 -6.881742 -5.901756 0.81122 -0.249571 17.919886 -0.170173 0.125849 2.322823 0.621915 -0.666762 19.074968 4.57221 2.519162 -14.642587 0.255278 3.018998 -3.556928 -1.86558 1.426 -13.468632 7.7e-05 -2.2e-05 6e-06 0.060931 -0.019792 -0.044097 0.84375 -3.708138 -10.652649 -0.732212 3.66217 -10.576063 -0.770197 -20.552734 10.611824 -0.843743 -39.072746 -12.315463 0.685599 -41.475235 -1.202826 33.272682 -3.389553 13.116248 -5.882105 9.86128 0.702589 -10.936868 -0.360575 7.156202 2e-06 8.77482 -1e-06 -16.199839 19.120667 6.347105 -1.844032 2.498505 -2.507277 -10.163597 4.678943 4.621106 -20.976017 -4e-06 1e-06 -21.226284 2.451695 -3.593999 -1e-06 -6e-06 -1e-06 -1.362681 2.240797 -0.746323 -21.334904 0.584909 3.008321 -13.821208 -4e-06 2e-06 -23.887161 -0.249079 -0.839483 -60.912189 2.491305 -1.075145 -0.294025 1.679686 0.833255 -14.218205 0.093215 1.30058 -34.212044 -0.287564 0.967169 -20.033209 0.964535 1.212842 1e-06 0.0 -0.0 -3.440387 0.788233 0.501655 -15.928181 -3.167308 2.999705 -6.338823 -1e-06 1e-06 -18.12344 3.64818 -4.905669 -4e-06 0.0 -2e-06 -4.879649 25.569572 6.159753 14.147291 27.125969 -13.754114 -0.000731 31.00515 -0.069266 -34.10564 6.678898 3.85001 2.24354 -5.255035 -3.180155 14.28288 -0.826594 6.952496 -0.0 -12.690598 -1e-06 15.913697 -17.826052 2.596303 1.665665 -1.95592 -2.878297 4.727795 -4.170585 4.99392 11.02052 4e-06 -2e-06 12.109041 -3.735714 -2.866784 2e-06 -0.0 0.0 1.291985 -1.928548 -1.498088 14.800117 0.567469 3.865603 14.242561 -1.341735 -6.660653 19.631952 0.143928 -0.648244 49.213993 -1.228603 -7.054067 0.353029 -1.511149 -0.03194 20.222776 3.68431 2.316627 18.787262 6e-06 -2e-06 10.75162 -0.479867 1.397904 0.0 0.0 0.0 3.273804 0.305947 -0.580111 21.486799 11.83037 2.266131 8.162921 2e-06 -1e-06 18.399073 -3.798982 -4.940574 3e-06 -0.0 0.0 1.420424 3.992193 -39.795124 0.151739 0.382418 63.640194 -1.767784 10.412328 -25.660627 1.552319 -2.00821 -0.898256 -0.0 0.0 2e-06 -3.497045 -13.974871 -65.890694 -0.127599 -0.429361 121.852066 -2.018534 7.590807 -24.910717 -1.347754 0.74328 -1.870542 0.0 0.0 -2e-06 
0.0 0.0 0.0 0.0 -0.0 0.0 -92.632492 106.924507 873.539246 -3.696826 -6.663045 -6.733937 0.747913 -0.180225 17.630756 -0.170835 -0.186496 2.082099 0.767473 -1.016433 18.901192 5.121038 2.488158 -13.957162 0.281076 3.343636 -3.551985 -1.851414 1.694579 -13.385639 7.7e-05 -2.2e-05 6e-06 0.069264 0.047802 -0.049323 0.859911 -3.639757 -10.65378 -0.732912 3.730165 -10.585089 -1.592963 -21.007257 11.360814 -2.026522 -37.948185 -9.746402 0.267828 -40.751167 -1.017666 33.540588 -3.852866 12.188683 -5.882101 9.861279 0.702589 -10.936862 -0.360574 7.156199 -0.0 8.77482 -1e-06 -16.142876 19.09392 6.423258 -1.844031 2.498504 -2.507276 -10.163592 4.678941 4.621104 -20.976004 -3e-06 -0.0 -21.226271 2.451694 -3.594 -1e-06 -6e-06 -1e-06 -1.36268 2.240796 -0.746323 -21.334892 0.584909 3.008319 -13.821203 -4e-06 1e-06 -23.887152 -0.24908 -0.839484 -60.983822 2.421952 -0.965127 -0.294024 1.679686 0.833255 -14.218197 0.093215 1.300578 -34.212021 -0.287565 0.967167 -20.033197 0.964534 1.212841 1e-06 -0.0 0.0 -3.440385 0.788233 0.501655 -15.92817 -3.167307 2.999703 -6.338819 -1e-06 1e-06 -18.123428 3.64818 -4.90567 -5e-06 -0.0 -2e-06 -3.917194 24.728415 6.877555 16.270008 25.554811 -8.287548 0.104459 29.425657 -0.082322 -34.846222 6.120827 2.957175 2.243539 -5.255033 -3.180155 14.282883 -0.826591 6.952501 -2e-06 -12.690599 -1e-06 15.709852 -17.971273 2.919662 1.665665 -1.955921 -2.878297 4.727797 -4.170584 4.993921 11.02052 3e-06 1e-06 12.10904 -3.735712 -2.866781 -1e-06 -0.0 -1e-06 1.291984 -1.928548 -1.498088 14.800122 0.56747 3.865607 14.242564 -1.341735 -6.660652 19.631952 0.143925 -0.648242 48.942913 -1.279668 -7.056231 0.353029 -1.511152 -0.03194 20.22278 3.684309 2.316631 18.787266 4e-06 1e-06 10.751623 -0.479869 1.397907 0.0 1e-06 0.0 3.273805 0.305947 -0.58011 21.486801 11.830368 2.266135 8.162919 3e-06 1e-06 18.399069 -3.798982 -4.940569 3e-06 0.0 -0.0 1.07859 5.034374 -37.613033 0.127437 0.452281 61.720863 -2.359732 9.265404 -24.804731 1.55504 -1.956335 -0.867429 -0.0 0.0 2e-06 -4.007672 -14.060514 -64.446747 -0.135929 -0.403827 123.783646 -2.920685 7.540661 -24.773291 -1.352751 0.732941 -2.325029 0.0 0.0 -1e-06 
0.0 0.0 0.0 0.0 -0.0 0.0 -93.070442 105.890999 886.767029 -3.768925 -6.617194 -7.750668 0.568759 -0.113742 17.198782 -0.217893 -0.364134 1.851147 0.685006 -1.262284 18.843922 5.652368 2.453269 -12.924969 0.274889 3.678769 -3.48808 -1.671538 2.027253 -13.051942 7.7e-05 -2.3e-05 6e-06 0.074539 0.086961 -0.058613 0.87313 -3.60256 -10.658002 -0.736837 3.772026 -10.598242 -2.848078 -20.953651 12.161411 -4.165574 -35.742676 -6.154725 -0.02911 -41.79372 -1.040211 34.568604 -4.726099 11.405258 -5.882101 9.861279 0.70259 -10.936864 -0.360577 7.1562 2e-06 8.774819 -2e-06 -15.885512 18.914419 6.584914 -1.844031 2.498502 -2.507276 -10.163592 4.67894 4.621105 -20.976013 -5e-06 3e-06 -21.226273 2.451694 -3.593996 1e-06 -6e-06 -0.0 -1.36268 2.240796 -0.746322 -21.334904 0.584907 3.008322 -13.821205 -5e-06 3e-06 -23.887156 -0.24908 -0.83948 -60.984726 2.366611 -0.942773 -0.294024 1.679687 0.833255 -14.218199 0.093214 1.30058 -34.212021 -0.287566 0.967173 -20.033201 0.964535 1.212844 1e-06 -0.0 0.0 -3.440386 0.788233 0.501655 -15.928177 -3.167309 2.999705 -6.338821 0.0 1e-06 -18.123436 3.648178 -4.905666 -3e-06 0.0 -2e-06 -2.532182 23.629284 8.014044 18.72102 22.931866 -0.534366 -0.097685 27.593414 -0.238706 -35.524887 5.144612 2.69067 2.243541 -5.255035 -3.180156 14.282883 -0.826595 6.952499 -1e-06 -12.690598 1e-06 15.454094 -18.121325 3.324492 1.665665 -1.95592 -2.878298 4.727798 -4.170584 4.993922 11.020522 1e-06 -0.0 12.109045 -3.735716 -2.866783 -1e-06 -0.0 -1e-06 1.291984 -1.928548 -1.498088 14.800122 0.567468 3.865606 14.242565 -1.341736 -6.660655 19.631956 0.143925 -0.648244 48.719158 -1.347513 -7.023511 0.353028 -1.511153 -0.03194 20.222784 3.684308 2.316629 18.787264 3e-06 0.0 10.751622 -0.479868 1.397905 1e-06 1e-06 -1e-06 3.273805 0.305947 -0.58011 21.486801 11.830368 2.266133 8.162921 2e-06 -0.0 18.399075 -3.798983 -4.940572 4e-06 -1e-06 -1e-06 0.564392 5.254699 -35.484222 0.082065 0.408903 60.988338 -2.428879 9.566455 -24.002365 1.576722 -1.884072 -0.700958 0.0 0.0 2e-06 -4.639867 -13.580484 -62.015057 -0.095921 -0.406006 124.906761 -3.971304 7.03035 -25.059879 -1.35307 0.719499 -2.503426 -0.0 -0.0 -1e-06 
0.0 0.0 0.0 0.0 -0.0 0.0 -93.511406 105.128311 900.505066 -3.626881 -6.655939 -9.111967 0.312015 -0.102454 16.723251 -0.270714 -0.388542 1.593026 0.556572 -1.402017 18.848215 6.090178 2.277123 -11.163216 0.258973 4.125529 -3.402232 -1.346268 2.474273 -12.499642 7.7e-05 -2.2e-05 6e-06 0.076505 0.099509 -0.062539 0.889135 -3.596664 -10.677188 -0.75014 3.790176 -10.62387 -4.118447 -20.302526 13.016232 -7.217123 -32.127686 -0.771264 -0.232026 -44.460766 -1.206027 36.416851 -5.518165 10.118655 -5.882102 9.861279 0.702588 -10.936865 -0.360576 7.1562 2e-06 8.77482 -2e-06 -15.63765 18.684572 6.68699 -1.844031 2.498503 -2.507276 -10.163594 4.678941 4.621105 -20.976013 -4e-06 2e-06 -21.226273 2.451694 -3.593997 1e-06 -6e-06 -0.0 -1.362681 2.240797 -0.746323 -21.334904 0.584906 3.008322 -13.821204 -4e-06 3e-06 -23.887157 -0.249079 -0.839482 -60.986095 2.295094 -0.975373 -0.294024 1.679686 0.833255 -14.218199 0.093214 1.300579 -34.21204 -0.287566 0.96717 -20.033205 0.964534 1.212844 -0.0 0.0 -1e-06 -3.440386 0.788232 0.501655 -15.928177 -3.16731 2.999707 -6.338823 0.0 1e-06 -18.123436 3.64818 -4.905668 -3e-06 1e-06 -2e-06 -0.753497 22.265327 9.494755 21.628447 19.219275 8.812681 -0.729737 25.227581 -0.455568 -36.418266 3.671873 1.631602 2.24354 -5.255033 -3.180155 14.282875 -0.826596 6.952497 -4e-06 -12.690594 2e-06 15.113759 -18.077074 3.619412 1.665666 -1.95592 -2.878296 4.727794 -4.170584 4.99392 11.020515 0.0 -1e-06 12.109038 -3.735712 -2.866782 1e-06 -0.0 0.0 1.291984 -1.928548 -1.498088 14.800112 0.567468 3.865604 14.242557 -1.341736 -6.660653 19.631945 0.143927 -0.648244 48.407291 -1.354136 -6.923909 0.353028 -1.51115 -0.03194 20.222769 3.684308 2.316628 18.787254 4e-06 -1e-06 10.75162 -0.479867 1.397906 0.0 1e-06 0.0 3.273803 0.305947 -0.58011 21.48679 11.830364 2.266129 8.162921 0.0 0.0 18.399063 -3.798982 -4.940571 3e-06 0.0 0.0 0.011019 4.651523 -33.087009 0.045813 0.34359 61.119217 -1.896483 10.799833 -23.503941 1.605088 -1.846017 -0.564401 0.0 -0.0 2e-06 -5.261111 -12.669646 -58.47187 -0.012478 -0.419198 125.113579 -5.013 6.420267 -25.288855 -1.349506 0.710557 -2.316728 0.0 -0.0 0.0 
0.0 0.0 0.0 0.0 -0.0 0.0 -93.989395 104.569244 914.535217 -3.476123 -6.594976 -10.765033 0.039511 -0.174986 16.321533 -0.306519 -0.315523 1.331525 0.554551 -1.532334 18.884136 6.437531 1.864974 -8.772246 0.323997 4.714207 -3.352587 -0.997039 3.098516 -11.767491 7.7e-05 -2.2e-05 6e-06 0.072844 0.085233 -0.068943 0.907968 -3.62016 -10.728157 -0.777288 3.782023 -10.679818 -5.136092 -19.178492 13.901102 -10.404949 -27.092228 6.325949 -0.298766 -47.745625 -1.454371 38.947334 -5.455668 8.104735 -5.882102 9.861278 0.70259 -10.936865 -0.360575 7.156201 1e-06 8.774818 -2e-06 -15.671945 18.580338 6.683208 -1.84403 2.498502 -2.507276 -10.163595 4.67894 4.621106 -20.976015 -4e-06 2e-06 -21.226273 2.451695 -3.593996 1e-06 -6e-06 -0.0 -1.36268 2.240796 -0.746323 -21.334904 0.584908 3.008322 -13.821205 -4e-06 3e-06 -23.887159 -0.249078 -0.83948 -61.143532 2.232556 -1.022917 -0.294024 1.679686 0.833255 -14.2182 0.093214 1.30058 -34.212032 -0.287564 0.967172 -20.033201 0.964535 1.212844 -0.0 0.0 -0.0 -3.440387 0.788232 0.501655 -15.928177 -3.167307 2.999705 -6.338822 0.0 1e-06 -18.123436 3.648178 -4.905666 -5e-06 0.0 -2e-06 1.300367 20.690294 11.121552 24.829353 14.406701 18.688097 -1.720494 22.413961 -0.568268 -37.682095 1.405781 -1.337012 2.243539 -5.255033 -3.180154 14.282877 -0.826592 6.952496 -2e-06 -12.690594 1e-06 14.821562 -17.785927 3.748011 1.665665 -1.95592 -2.878297 4.727794 -4.170585 4.993919 11.020515 4e-06 -1e-06 12.109041 -3.735715 -2.866783 -1e-06 -0.0 -2e-06 1.291985 -1.928551 -1.498087 14.800115 0.567465 3.865604 14.242558 -1.341735 -6.660652 19.631952 0.143925 -0.648247 48.265259 -1.240999 -6.793218 0.353028 -1.511148 -0.031941 20.222769 3.684307 2.316627 18.787254 2e-06 -1e-06 10.751617 -0.479869 1.397904 0.0 -0.0 -1e-06 3.273803 0.305947 -0.580111 21.486792 11.830359 2.266129 8.162919 2e-06 -0.0 18.399067 -3.798982 -4.940571 3e-06 0.0 -1e-06 -0.515576 3.42985 -30.945238 0.024676 0.281417 62.388512 -1.014222 12.55237 -23.298605 1.62508 -1.886606 -0.506802 0.0 -0.0 2e-06 -5.730371 -11.404082 -54.014168 0.154206 -0.386501 123.955193 -5.824435 6.070039 -25.01129 -1.339393 0.698231 -2.010871 0.0 0.0 -3e-06 
0.0 0.0 0.0 0.0 -0.0 0.0 -94.563698 104.049004 928.720459 -3.470346 -6.148489 -12.390971 -0.14129 -0.328698 16.06995 -0.332826 -0.312424 1.192466 0.711472 -1.754952 18.831007 6.672116 1.345768 -6.174264 0.468864 5.276242 -3.33875 -0.728558 3.748846 -11.006949 7.7e-05 -2.2e-05 6e-06 0.068759 0.001856 -0.076945 0.914307 -3.70861 -10.769141 -0.791869 3.699871 -10.725885 -5.755164 -17.977613 14.793169 -13.382945 -21.399126 13.628126 -0.154584 -49.878632 -1.777777 41.605911 -4.084372 5.938494 -5.882113 9.861289 0.70259 -10.936883 -0.360576 7.156214 2e-06 8.774829 -1e-06 -15.904152 18.598999 6.57857 -1.844033 2.498506 -2.507279 -10.163611 4.678945 4.621114 -20.976049 -4e-06 6e-06 -21.226309 2.451698 -3.593999 2e-06 -6e-06 -0.0 -1.362683 2.240798 -0.746324 -21.334938 0.584908 3.008329 -13.821231 -3e-06 5e-06 -23.887199 -0.249078 -0.839479 -61.212608 2.233815 -0.990371 -0.294026 1.679688 0.833256 -14.218224 0.093213 1.300584 -34.21209 -0.287564 0.967178 -20.033234 0.964539 1.212848 -0.0 -0.0 0.0 -3.440393 0.788233 0.501656 -15.928205 -3.167312 2.999713 -6.338833 -2e-06 2e-06 -18.123463 3.648183 -4.905669 -4e-06 0.0 -2e-06 3.16995 18.988976 12.439965 28.318872 8.782093 27.966745 -2.681232 19.949995 -0.511789 -38.374359 -0.990505 -5.357208 2.24354 -5.255037 -3.180158 14.282894 -0.826595 6.952507 -4e-06 -12.690603 1e-06 14.765532 -17.261955 3.658795 1.665667 -1.95592 -2.878299 4.7278 -4.170588 4.993925 11.020528 3e-06 0.0 12.109054 -3.735717 -2.866782 0.0 0.0 -2e-06 1.291985 -1.928549 -1.49809 14.800132 0.567468 3.865611 14.242573 -1.341737 -6.660659 19.631973 0.143923 -0.648244 48.548031 -1.074934 -6.67877 0.353029 -1.511152 -0.031941 20.222797 3.68431 2.316633 18.787275 6e-06 0.0 10.751631 -0.479868 1.397906 -0.0 -0.0 0.0 3.273807 0.305947 -0.58011 21.48682 11.830377 2.266135 8.162931 1e-06 -1e-06 18.399084 -3.798985 -4.940573 3e-06 1e-06 -1e-06 -0.944419 2.071375 -29.853012 0.030992 0.241162 64.741699 0.167574 14.170271 -23.084269 1.633243 -1.998197 -0.486781 -0.0 -0.0 2e-06 -6.059188 -9.752029 -49.457867 0.327921 -0.277331 121.060143 -6.319492 5.658627 -23.82198 -1.312546 0.66815 -1.860152 0.0 0.0 -3e-06 
0.0 0.0 0.0 0.0 -0.0 0.0 -95.245071 103.331329 943.642029 -3.572922 -5.319403 -13.617742 -0.183457 -0.517523 15.911427 -0.359891 -0.475017 1.145341 0.965933 -2.06202 18.682611 6.670095 0.889607 -3.922871 0.647667 5.66138 -3.332368 -0.668924 4.200863 -10.527408 7.7e-05 -2.2e-05 6e-06 0.071461 -0.095322 -0.070431 0.908408 -3.809749 -10.773995 -0.779395 3.602432 -10.736567 -6.058909 -16.960619 15.624405 -16.536737 -16.308922 19.656315 0.199811 -49.49234 -2.143039 43.807884 -1.853649 3.565712 -5.882098 9.861276 0.702589 -10.936857 -0.360576 7.156199 -0.0 8.774816 -2e-06 -16.047241 18.550011 6.393481 -1.844031 2.498502 -2.507276 -10.163588 4.678939 4.621105 -20.976004 -4e-06 2e-06 -21.226265 2.451693 -3.593996 1e-06 -6e-06 -0.0 -1.362679 2.240796 -0.746323 -21.33489 0.584907 3.008321 -13.821197 -3e-06 3e-06 -23.887146 -0.249079 -0.839481 -60.713627 2.250973 -0.957737 -0.294024 1.679685 0.833255 -14.218193 0.093214 1.30058 -34.212013 -0.287564 0.967171 -20.033194 0.964535 1.212843 0.0 0.0 0.0 -3.440384 0.788232 0.501655 -15.928172 -3.167308 2.999705 -6.33882 -1e-06 1e-06 -18.123428 3.648179 -4.905665 -3e-06 0.0 -2e-06 4.405149 17.314075 13.205863 32.102959 3.071968 35.601421 -3.21205 18.573019 -0.390531 -37.957165 -1.867888 -9.323011 2.243539 -5.255036 -3.180155 14.282885 -0.826593 6.952502 -1e-06 -12.690597 -2e-06 15.110668 -16.685009 3.281447 1.665667 -1.955922 -2.878299 4.727797 -4.170584 4.993923 11.020522 4e-06 -1e-06 12.109046 -3.735714 -2.866786 0.0 -2e-06 -1e-06 1.291983 -1.928548 -1.498089 14.800122 0.567465 3.865608 14.242565 -1.341737 -6.660654 19.631958 0.143923 -0.648244 49.388607 -0.883767 -6.470633 0.35303 -1.51115 -0.031939 20.222784 3.684306 2.31663 18.787266 3e-06 1e-06 10.751624 -0.479869 1.397906 0.0 -0.0 -1e-06 3.273802 0.305947 -0.58011 21.486801 11.830366 2.266136 8.162923 2e-06 1e-06 18.399076 -3.798986 -4.940572 3e-06 1e-06 0.0 -1.237113 1.015357 -30.259262 0.04427 0.237267 67.728142 1.09499 14.793269 -22.927999 1.632429 -2.103114 -0.456715 -0.0 0.0 2e-06 -6.302662 -7.701685 -45.818386 0.407069 -0.133647 116.280952 -6.40121 5.110829 -22.22897 -1.303303 0.660823 -1.666215 0.0 0.0 -4e-06 
0.0 0.0 0.0 0.0 -0.0 0.0 -95.915802 102.335014 958.683105 -3.646455 -4.304531 -14.30235 -0.058228 -0.627446 15.854774 -0.375969 -0.80367 1.143396 1.230684 -2.432633 18.507553 6.338367 0.656115 -2.47631 0.830858 5.755915 -3.322967 -0.783223 4.344551 -10.434673 7.7e-05 -2.2e-05 6e-06 0.074168 -0.13083 -0.064224 0.896426 -3.845081 -10.758107 -0.760304 3.564071 -10.720714 -6.329378 -16.110897 16.162346 -20.289606 -12.619269 23.570417 0.372102 -46.912128 -2.105347 45.792557 0.24189 0.055088 -5.882102 9.861279 0.702589 -10.936864 -0.360575 7.156199 -0.0 8.774819 -1e-06 -15.952931 18.364952 6.250687 -1.844031 2.498503 -2.507275 -10.163595 4.678942 4.621104 -20.976019 -3e-06 1e-06 -21.226278 2.451696 -3.593999 1e-06 -6e-06 -0.0 -1.362682 2.240797 -0.746323 -21.3349 0.584909 3.008319 -13.821205 -2e-06 1e-06 -23.887154 -0.249078 -0.839484 -59.706558 2.206763 -0.96477 -0.294024 1.679686 0.833255 -14.218199 0.093215 1.300578 -34.212032 -0.287564 0.967167 -20.033201 0.964535 1.212841 0.0 0.0 0.0 -3.440386 0.788233 0.501655 -15.928174 -3.167307 2.999703 -6.338824 -1e-06 1e-06 -18.12344 3.64818 -4.905669 -4e-06 -0.0 -2e-06 4.749152 15.922308 13.519325 36.492111 -1.654053 41.470306 -3.278865 17.794039 -0.272846 -36.870499 -1.038865 -12.299894 2.24354 -5.255033 -3.180155 14.282882 -0.826593 6.952497 -1e-06 -12.690595 -2e-06 15.728218 -16.212986 2.745814 1.665666 -1.955921 -2.878298 4.727797 -4.170587 4.993921 11.020518 3e-06 -1e-06 12.109046 -3.735715 -2.866782 -0.0 -2e-06 -2e-06 1.291984 -1.928547 -1.498087 14.800118 0.567467 3.865606 14.242564 -1.341737 -6.660651 19.631958 0.143926 -0.648245 50.48777 -0.680758 -6.133803 0.353029 -1.51115 -0.03194 20.22278 3.684308 2.316631 18.787266 3e-06 -0.0 10.751621 -0.47987 1.397902 -1e-06 1e-06 1e-06 3.273805 0.305944 -0.58011 21.486799 11.830362 2.266131 8.162921 2e-06 -1e-06 18.399071 -3.798983 -4.940573 3e-06 1e-06 2e-06 -1.495132 0.506145 -32.254013 0.052211 0.258863 71.20594 1.533332 14.212239 -22.664579 1.623045 -2.137012 -0.325683 -0.0 0.0 2e-06 -6.496882 -5.2679 -43.495811 0.416897 -0.006426 109.48941 -5.732547 4.803457 -20.683285 -1.322086 0.688572 -1.523275 0.0 0.0 -2e-06 
0.0 0.0 0.0 0.0 -0.0 0.0 -96.568336 101.013901 973.859009 -3.328872 -3.403626 -14.59963 0.091156 -0.635638 15.897568 -0.370661 -1.138133 1.191992 1.296829 -2.764335 18.443247 5.608033 0.714615 -1.843295 0.913039 5.527457 -3.291506 -0.911485 4.309111 -10.675876 7.7e-05 -2.3e-05 6e-06 0.075821 -0.09488 -0.052499 0.881607 -3.809482 -10.722715 -0.740381 3.598674 -10.677947 -6.857758 -15.517152 16.248644 -24.656948 -10.163489 25.955475 0.562695 -43.37685 -1.75853 48.138657 1.904122 -4.546536 -5.8821 9.861281 0.702592 -10.936865 -0.360574 7.156202 -1e-06 8.774821 1e-06 -15.840814 18.224344 6.209922 -1.844032 2.498503 -2.507276 -10.163594 4.678944 4.621107 -20.976013 -5e-06 4e-06 -21.226273 2.451695 -3.593996 -1e-06 -6e-06 1e-06 -1.362681 2.240797 -0.746323 -21.334902 0.584907 3.008322 -13.821208 -3e-06 3e-06 -23.887154 -0.249079 -0.83948 -58.826229 2.119496 -0.935357 -0.294025 1.679687 0.833255 -14.218201 0.093213 1.300581 -34.212021 -0.287566 0.967173 -20.033201 0.964535 1.212844 0.0 -0.0 0.0 -3.440388 0.788233 0.501656 -15.928179 -3.16731 2.999706 -6.338821 -2e-06 2e-06 -18.123438 3.64818 -4.905666 -4e-06 0.0 -3e-06 4.38994 15.035561 13.581692 41.45549 -4.276565 46.755512 -2.789274 16.552895 -0.128725 -35.272423 0.08705 -14.078451 2.243542 -5.255037 -3.180156 14.28289 -0.826594 6.952503 -3e-06 -12.690602 0.0 16.048279 -15.799911 2.284496 1.665665 -1.955922 -2.878298 4.727797 -4.170587 4.993925 11.020524 7e-06 -0.0 12.109049 -3.735713 -2.866783 -1e-06 -1e-06 -1e-06 1.291986 -1.928549 -1.498088 14.800125 0.56747 3.865606 14.242569 -1.341735 -6.660656 19.631966 0.143927 -0.648244 51.214359 -0.463476 -5.79234 0.353028 -1.51115 -0.031939 20.222788 3.684312 2.316631 18.78727 5e-06 1e-06 10.751625 -0.479867 1.397907 -1e-06 -1e-06 1e-06 3.273806 0.305947 -0.58011 21.486809 11.830377 2.266134 8.162925 3e-06 1e-06 18.399076 -3.798985 -4.940573 3e-06 1e-06 -1e-06 -2.08467 0.708569 -35.177143 0.047625 0.258663 74.945816 1.063628 12.602472 -22.399693 1.620164 -2.130628 -0.114928 -0.0 -0.0 2e-06 -6.904168 -2.38473 -42.385983 0.445917 0.154874 101.478882 -4.436934 4.554297 -19.747263 -1.346029 0.713157 -1.258347 0.0 -0.0 0.0 
0.0 0.0 0.0 0.0 -0.0 0.0 -97.217804 99.313644 989.204712 -2.490497 -3.06326 -14.808694 0.165063 -0.496975 15.949924 -0.311371 -1.379143 1.220357 1.089567 -2.975137 18.605066 4.292505 1.068417 -1.476964 0.84327 5.196376 -3.31952 -0.998249 4.196036 -11.134978 7.7e-05 -2.2e-05 6e-06 0.081938 -0.052665 -0.04151 0.873307 -3.767674 -10.696699 -0.71856 3.641006 -10.649118 -7.730507 -15.065507 16.065977 -29.40167 -8.295486 28.2015 1.38567 -40.372875 -1.617661 51.281887 3.762105 -8.334554 -5.882102 9.861278 0.70259 -10.936862 -0.360575 7.1562 2e-06 8.774819 -2e-06 -15.953316 18.168079 6.268449 -1.844033 2.498503 -2.507275 -10.16359 4.678943 4.621105 -20.976009 -2e-06 3e-06 -21.226269 2.451695 -3.593999 -0.0 -7e-06 0.0 -1.362678 2.240797 -0.746323 -21.3349 0.584907 3.008323 -13.821205 -2e-06 2e-06 -23.887156 -0.249078 -0.839482 -58.726341 1.997183 -0.72689 -0.294026 1.679687 0.833255 -14.218197 0.093215 1.300581 -34.212021 -0.287562 0.967171 -20.033197 0.964536 1.212844 -0.0 -0.0 1e-06 -3.440385 0.788233 0.501655 -15.928176 -3.167307 2.999706 -6.338821 -2e-06 1e-06 -18.123436 3.648181 -4.905666 -3e-06 0.0 -3e-06 3.430973 14.75948 13.618477 46.198925 -3.911617 52.479794 -1.63101 15.556617 -0.077356 -33.666534 0.413428 -14.494029 2.243541 -5.255035 -3.180155 14.282887 -0.826596 6.952503 -2e-06 -12.6906 2e-06 15.411262 -15.566954 2.241832 1.665665 -1.95592 -2.878296 4.727798 -4.170588 4.993922 11.020523 3e-06 -1e-06 12.109049 -3.735716 -2.866781 0.0 -1e-06 -1e-06 1.291984 -1.928549 -1.498088 14.800123 0.567468 3.865609 14.242564 -1.341737 -6.660651 19.631956 0.143924 -0.648243 51.142513 -0.223015 -5.620939 0.353028 -1.511151 -0.031941 20.222784 3.684307 2.316632 18.787266 3e-06 3e-06 10.751624 -0.47987 1.397908 -0.0 -0.0 2e-06 3.273805 0.305947 -0.58011 21.486807 11.830371 2.266133 8.162923 1e-06 2e-06 18.399075 -3.798987 -4.940571 3e-06 -0.0 0.0 -2.941027 1.695169 -37.817516 0.011322 0.244887 78.405663 0.19311 10.76551 -22.32025 1.62902 -2.08564 0.095368 0.0 -0.0 2e-06 -7.536332 0.671844 -41.856651 0.55403 0.393498 92.654594 -3.248475 3.926082 -19.436317 -1.380621 0.728188 -0.766792 -0.0 0.0 -1e-06 
0.0 0.0 0.0 0.0 -0.0 0.0 -97.835503 97.436798 1004.153931 -1.233911 -3.674022 -15.026389 0.1669 -0.222458 15.806559 -0.242591 -1.42306 1.137159 0.63651 -2.890851 18.822386 2.505194 1.734106 -0.801228 0.776608 4.800869 -3.481779 -1.160011 4.098905 -11.573547 7.7e-05 -2.2e-05 6e-06 0.084373 -0.120004 -0.047216 0.869609 -3.84001 -10.76765 -0.710062 3.580562 -10.728365 -8.639129 -14.134926 15.98594 -34.29319 -6.659247 30.862896 2.757158 -39.429554 -1.953745 54.419514 5.345773 -9.021272 -5.882098 9.861273 0.702591 -10.936857 -0.360576 7.1562 3e-06 8.774817 0.0 -15.978148 17.98525 6.430549 -1.844029 2.4985 -2.507276 -10.163589 4.678938 4.621106 -20.976004 -5e-06 5e-06 -21.226261 2.451694 -3.593992 -0.0 -6e-06 -2e-06 -1.36268 2.240797 -0.746323 -21.334894 0.584906 3.008324 -13.821198 -5e-06 5e-06 -23.887144 -0.249078 -0.839479 -58.905048 1.894117 -0.478972 -0.294024 1.679685 0.833256 -14.218197 0.093214 1.300581 -34.212013 -0.287566 0.967175 -20.033194 0.964536 1.212845 0.0 -0.0 1e-06 -3.440384 0.788232 0.501656 -15.92817 -3.167308 2.999707 -6.338819 -1e-06 1e-06 -18.123426 3.648177 -4.905662 -3e-06 -1e-06 -3e-06 1.736572 15.110706 13.789949 50.041809 -0.622026 58.660484 -0.816828 17.197796 -0.394982 -34.25172 -0.33458 -13.46176 2.243538 -5.255032 -3.180154 14.282874 -0.826592 6.952494 -4e-06 -12.690593 1e-06 14.311614 -15.851311 2.674098 1.665664 -1.955918 -2.878294 4.727793 -4.170584 4.993918 11.020514 3e-06 -1e-06 12.109038 -3.735711 -2.866781 1e-06 1e-06 0.0 1.291982 -1.928549 -1.498087 14.800112 0.567469 3.865604 14.242557 -1.341734 -6.660649 19.631945 0.143928 -0.648244 50.528198 -0.105783 -5.770176 0.353029 -1.511149 -0.03194 20.222769 3.684307 2.316629 18.787254 5e-06 -1e-06 10.751617 -0.479867 1.397905 -2e-06 0.0 3e-06 3.273804 0.305947 -0.58011 21.48679 11.830367 2.266131 8.162918 3e-06 -1e-06 18.399059 -3.798981 -4.940569 3e-06 -0.0 0.0 -3.60998 3.249861 -39.317589 -0.049464 0.239432 81.409485 -0.367844 9.896566 -23.343739 1.633537 -2.010295 0.442332 0.0 -0.0 2e-06 -8.026532 3.522498 -40.938911 0.701392 0.629152 82.90271 -3.427468 3.163226 -18.944395 -1.441678 0.816833 -0.26429 -0.0 0.0 -1e-06 
0.0 0.0 0.0 0.0 -0.0 0.0 -98.281029 95.798058 1017.131714 0.379405 -4.792739 -14.894227 0.013782 0.191937 15.300184 -0.205001 -1.368365 0.676654 0.064899 -2.533562 18.74469 0.582077 2.57612 0.159942 0.8356 3.903654 -3.748266 -1.418205 4.405031 -11.393796 7.7e-05 -2.3e-05 6e-06 0.068184 -0.268612 -0.078106 0.848164 -4.005229 -10.927125 -0.72104 3.451568 -10.87268 -9.786184 -12.542624 16.504717 -38.255531 -4.994322 34.198738 5.135955 -41.478222 -3.178698 56.028343 6.141503 -6.877337 -5.882105 9.861284 0.702587 -10.936868 -0.360575 7.156203 2e-06 8.774824 -2e-06 -15.702456 17.894726 6.643439 -1.844031 2.498505 -2.507278 -10.163597 4.678944 4.621106 -20.976021 -0.0 1e-06 -21.226286 2.451696 -3.594002 0.0 -6e-06 0.0 -1.362682 2.240798 -0.746325 -21.334911 0.58491 3.008321 -13.82121 -1e-06 0.0 -23.887165 -0.249078 -0.839485 -59.063316 1.985915 -0.438574 -0.294025 1.679686 0.833256 -14.218203 0.093214 1.300578 -34.212048 -0.287564 0.967166 -20.033211 0.964536 1.212843 0.0 0.0 2e-06 -3.440388 0.788234 0.501656 -15.928183 -3.16731 2.999706 -6.338829 -1e-06 0.0 -18.123444 3.648183 -4.905674 -4e-06 -0.0 -2e-06 -0.003186 15.849845 13.88953 52.854427 4.129033 62.851551 -1.793444 23.175692 -1.562883 -37.906277 -0.546255 -12.355552 2.243538 -5.255033 -3.180156 14.282886 -0.826596 6.952501 -2e-06 -12.690596 2e-06 15.006114 -16.022259 2.839646 1.665665 -1.95592 -2.878297 4.727799 -4.170585 4.993922 11.020522 2e-06 0.0 12.109046 -3.735714 -2.866781 -0.0 1e-06 -0.0 1.291986 -1.928548 -1.498088 14.800123 0.567467 3.865606 14.242566 -1.341738 -6.660653 19.631962 0.143922 -0.648243 50.219139 -0.204147 -5.915185 0.353029 -1.511149 -0.031941 20.222784 3.684304 2.316629 18.78727 3e-06 1e-06 10.751624 -0.479869 1.397905 2e-06 -0.0 0.0 3.273805 0.305947 -0.58011 21.486805 11.830366 2.266133 8.162923 1e-06 -1e-06 18.399076 -3.798985 -4.940571 4e-06 0.0 -3e-06 -3.956309 4.939885 -39.225765 -0.174968 0.297762 83.149399 -1.549918 8.939491 -24.709021 1.667531 -2.004366 0.962561 -0.0 0.0 2e-06 -8.015489 5.352128 -38.246387 0.757093 0.760258 70.842781 -4.457569 3.171145 -18.023273 -1.484981 0.944814 0.188538 -0.0 -0.0 -1e-06 
