HIERARCHY
ROOT Root
{
  OFFSET 0.0 0.0 0.0
  CHANNELS 6 Xposition Yposition Zposition Zrotation Yrotation Xrotation
  JOINT Hips
  {
    OFFSET 0.0 100.0 0.0
    CHANNELS 6 Xposition Yposition Zposition Zrotation Yrotation Xrotation
    JOINT Spine1
    {
      OFFSET -0.013727 5.003763 -0.053727
      CHANNELS 3 Zrotation Yrotation Xrotation
      JOINT Spine2
      {
        OFFSET -0.0 7.125301 -0.029825
        CHANNELS 3 Zrotation Yrotation Xrotation
        JOINT Chest
        {
          OFFSET -1e-06 7.550063 -0.815971
          CHANNELS 3 Zrotation Yrotation Xrotation
          JOINT Neck1
          {
            OFFSET -0.181677 26.311295 -0.553348
            CHANNELS 3 Zrotation Yrotation Xrotation
            JOINT Neck2
            {
              OFFSET -3e-06 7.709397 2.302585
              CHANNELS 3 Zrotation Yrotation Xrotation
              JOINT Head
              {
                OFFSET -5e-06 6.128916 1.953709
                CHANNELS 3 Zrotation Yrotation Xrotation
                JOINT HeadEnd
                {
                  OFFSET 0.003598 16.065403 -1.835379
                  CHANNELS 3 Zrotation Yrotation Xrotation
                }
                JOINT Jaw
                {
                  OFFSET 0.002637 0.475592 3.094941
                  CHANNELS 3 Zrotation Yrotation Xrotation
                }
                JOINT LeftEye
                {
                  OFFSET 3.206381 5.380205 7.586883
                  CHANNELS 3 Zrotation Yrotation Xrotation
                }
                JOINT RightEye
                {
                  OFFSET -3.22244 5.361869 7.558234
                  CHANNELS 3 Zrotation Yrotation Xrotation
                }
              }
            }
          }
          JOINT LeftShoulder
          {
            OFFSET 1.621652 23.237164 5.113413
            CHANNELS 3 Zrotation Yrotation Xrotation
            JOINT LeftArm
            {
              OFFSET 14.919846 2e-06 -5.502326
              CHANNELS 3 Zrotation Yrotation Xrotation
              JOINT LeftForeArm
              {
                OFFSET 28.739307 0.0 -0.002588
                CHANNELS 3 Zrotation Yrotation Xrotation
                JOINT LeftHand
                {
                  OFFSET 27.093981 -1e-06 0.002609
                  CHANNELS 3 Zrotation Yrotation Xrotation
                  JOINT LeftHandThumb1
                  {
                    OFFSET 2.276482 -1.392045 3.191413
                    CHANNELS 3 Zrotation Yrotation Xrotation
                    JOINT LeftHandThumb2
                    {
                      OFFSET 4.012836 -1.828127 1.641654
                      CHANNELS 3 Zrotation Yrotation Xrotation
                      JOINT LeftHandThumb3
                      {
                        OFFSET 2.798515 0.0 -3e-06
                        CHANNELS 3 Zrotation Yrotation Xrotation
                        JOINT LeftHandThumbEnd
                        {
                          OFFSET 3.180793 -4e-06 4e-06
                          CHANNELS 3 Zrotation Yrotation Xrotation
                        }
                      }
                    }
                  }
                  JOINT LeftHandIndex1
                  {
                    OFFSET 3.247555 -0.531998 2.296169
                    CHANNELS 3 Zrotation Yrotation Xrotation
                    JOINT LeftHandIndex2
                    {
                      OFFSET 6.364578 0.01206 0.1786
                      CHANNELS 3 Zrotation Yrotation Xrotation
                      JOINT LeftHandIndex3
                      {
                        OFFSET 3.662364 0.0 0.0
                        CHANNELS 3 Zrotation Yrotation Xrotation
                        JOINT LeftHandIndex4
                        {
                          OFFSET 2.329242 4e-06 4e-06
                          CHANNELS 3 Zrotation Yrotation Xrotation
                          JOINT LeftHandIndexEnd
                          {
                            OFFSET 2.759615 -0.180537 -0.113024
                            CHANNELS 3 Zrotation Yrotation Xrotation
                          }
                        }
                      }
                    }
                  }
                  JOINT LeftHandMiddle1
                  {
                    OFFSET 3.163495 0.240981 1.000332
                    CHANNELS 3 Zrotation Yrotation Xrotation
                    JOINT LeftHandMiddle2
                    {
                      OFFSET 6.19078 -0.259278 -1.002548
                      CHANNELS 3 Zrotation Yrotation Xrotation
                      JOINT LeftHandMiddle3
                      {
                        OFFSET 4.35652 -4e-06 -1e-06
                        CHANNELS 3 Zrotation Yrotation Xrotation
                        JOINT LeftHandMiddle4
                        {
                          OFFSET 2.996877 -8e-06 0.0
                          CHANNELS 3 Zrotation Yrotation Xrotation
                          JOINT LeftHandMiddleEnd
                          {
                            OFFSET 2.304287 -0.294569 -0.031741
                            CHANNELS 3 Zrotation Yrotation Xrotation
                          }
                        }
                      }
                    }
                  }
                  JOINT LeftHandRing1
                  {
                    OFFSET 2.882643 -0.053652 -0.322543
                    CHANNELS 3 Zrotation Yrotation Xrotation
                    JOINT LeftHandRing2
                    {
                      OFFSET 5.854541 -0.486202 -1.373841
                      CHANNELS 3 Zrotation Yrotation Xrotation
                      JOINT LeftHandRing3
                      {
                        OFFSET 4.350578 0.0 3e-06
                        CHANNELS 3 Zrotation Yrotation Xrotation
                        JOINT LeftHandRing4
                        {
                          OFFSET 2.651321 7e-06 2e-06
                          CHANNELS 3 Zrotation Yrotation Xrotation
                          JOINT LeftHandRingEnd
                          {
                            OFFSET 1.936105 0.077687 -7.1e-05
                            CHANNELS 3 Zrotation Yrotation Xrotation
                          }
                        }
                      }
                    }
                  }
                  JOINT LeftHandPinky1
                  {
                    OFFSET 2.8655 -0.310005 -1.600378
                    CHANNELS 3 Zrotation Yrotation Xrotation
                    JOINT LeftHandPinky2
                    {
                      OFFSET 5.087849 -1.331141 -1.77123
                      CHANNELS 3 Zrotation Yrotation Xrotation
                      JOINT LeftHandPinky3
                      {
                        OFFSET 3.070974 4e-06 0.0
                        CHANNELS 3 Zrotation Yrotation Xrotation
                        JOINT LeftHandPinky4
                        {
                          OFFSET 1.549672 0.0 1e-06
                          CHANNELS 3 Zrotation Yrotation Xrotation
                          JOINT LeftHandPinkyEnd
                          {
                            OFFSET 1.944893 -0.157802 0.057219
                            CHANNELS 3 Zrotation Yrotation Xrotation
                          }
                        }
                      }
                    }
                  }
                }
              }
            }
          }
          JOINT RightShoulder
          {
            OFFSET -1.380118 23.180309 5.214158
            CHANNELS 3 Zrotation Yrotation Xrotation
            JOINT RightArm
            {
              OFFSET -15.037196 1.2e-05 -5.545604
              CHANNELS 3 Zrotation Yrotation Xrotation
              JOINT RightForeArm
              {
                OFFSET -28.736639 2e-06 -0.002597
                CHANNELS 3 Zrotation Yrotation Xrotation
                JOINT RightHand
                {
                  OFFSET -27.133619 -0.0 0.002613
                  CHANNELS 3 Zrotation Yrotation Xrotation
                  JOINT RightHandThumb1
                  {
                    OFFSET -2.274032 -1.383988 3.163127
                    CHANNELS 3 Zrotation Yrotation Xrotation
                    JOINT RightHandThumb2
                    {
                      OFFSET -4.011429 -1.827466 1.640914
                      CHANNELS 3 Zrotation Yrotation Xrotation
                      JOINT RightHandThumb3
                      {
                        OFFSET -2.794935 -4e-06 -3e-06
                        CHANNELS 3 Zrotation Yrotation Xrotation
                        JOINT RightHandThumbEnd
                        {
                          OFFSET -3.183852 4e-06 1e-06
                          CHANNELS 3 Zrotation Yrotation Xrotation
                        }
                      }
                    }
                  }
                  JOINT RightHandIndex1
                  {
                    OFFSET -3.253266 -0.520057 2.282866
                    CHANNELS 3 Zrotation Yrotation Xrotation
                    JOINT RightHandIndex2
                    {
                      OFFSET -6.341917 0.012471 0.178266
                      CHANNELS 3 Zrotation Yrotation Xrotation
                      JOINT RightHandIndex3
                      {
                        OFFSET -3.654871 -8e-06 -0.0
                        CHANNELS 3 Zrotation Yrotation Xrotation
                        JOINT RightHandIndex4
                        {
                          OFFSET -2.327586 0.0 1e-06
                          CHANNELS 3 Zrotation Yrotation Xrotation
                          JOINT RightHandIndexEnd
                          {
                            OFFSET -2.76179 -0.180656 -0.113078
                            CHANNELS 3 Zrotation Yrotation Xrotation
                          }
                        }
                      }
                    }
                  }
                  JOINT RightHandMiddle1
                  {
                    OFFSET -3.168106 0.246593 1.00103
                    CHANNELS 3 Zrotation Yrotation Xrotation
                    JOINT RightHandMiddle2
                    {
                      OFFSET -6.180828 -0.258836 -1.000895
                      CHANNELS 3 Zrotation Yrotation Xrotation
                      JOINT RightHandMiddle3
                      {
                        OFFSET -4.348901 0.0 -0.0
                        CHANNELS 3 Zrotation Yrotation Xrotation
                        JOINT RightHandMiddle4
                        {
                          OFFSET -3.00024 -4e-06 -2e-06
                          CHANNELS 3 Zrotation Yrotation Xrotation
                          JOINT RightHandMiddleEnd
                          {
                            OFFSET -2.30252 -0.29437 -0.031706
                            CHANNELS 3 Zrotation Yrotation Xrotation
                          }
                        }
                      }
                    }
                  }
                  JOINT RightHandRing1
                  {
                    OFFSET -2.88569 -0.067952 -0.308858
                    CHANNELS 3 Zrotation Yrotation Xrotation
                    JOINT RightHandRing2
                    {
                      OFFSET -5.854198 -0.48613 -1.373731
                      CHANNELS 3 Zrotation Yrotation Xrotation
                      JOINT RightHandRing3
                      {
                        OFFSET -4.33881 -4e-06 -0.0
                        CHANNELS 3 Zrotation Yrotation Xrotation
                        JOINT RightHandRing4
                        {
                          OFFSET -2.654903 -4e-06 4e-06
                          CHANNELS 3 Zrotation Yrotation Xrotation
                          JOINT RightHandRingEnd
                          {
                            OFFSET -1.933568 0.077527 -5.2e-05
                            CHANNELS 3 Zrotation Yrotation Xrotation
                          }
                        }
                      }
                    }
                  }
                  JOINT RightHandPinky1
                  {
                    OFFSET -2.866425 -0.342796 -1.584145
                    CHANNELS 3 Zrotation Yrotation Xrotation
                    JOINT RightHandPinky2
                    {
                      OFFSET -5.091371 -1.332055 -1.772385
                      CHANNELS 3 Zrotation Yrotation Xrotation
                      JOINT RightHandPinky3
                      {
                        OFFSET -3.062664 -4e-06 1e-06
                        CHANNELS 3 Zrotation Yrotation Xrotation
                        JOINT RightHandPinky4
                        {
                          OFFSET -1.546529 4e-06 -2e-06
                          CHANNELS 3 Zrotation Yrotation Xrotation
                          JOINT RightHandPinkyEnd
                          {
                            OFFSET -1.945119 -0.157718 0.057211
                            CHANNELS 3 Zrotation Yrotation Xrotation
                          }
                        }
                      }
                    }
                  }
                }
              }
            }
          }
        }
      }
    }
    JOINT LeftLeg
    {
      OFFSET 10.043214 -8.434526 2.595655
      CHANNELS 3 Zrotation Yrotation Xrotation
      JOINT LeftShin
      {
        OFFSET -1e-06 -43.221752 -0.802913
        CHANNELS 3 Zrotation Yrotation Xrotation
        JOINT LeftFoot
        {
          OFFSET 1e-06 -42.155094 -3.481523
          CHANNELS 3 Zrotation Yrotation Xrotation
          JOINT LeftToeBase
          {
            OFFSET 0.0 -5.059472 13.231529
            CHANNELS 3 Zrotation Yrotation Xrotation
            JOINT LeftToeEnd
            {
              OFFSET -0.009607 -1.647619 6.513017
              CHANNELS 3 Zrotation Yrotation Xrotation
            }
          }
        }
      }
    }
    JOINT RightLeg
    {
      OFFSET -10.047278 -8.29526 2.620317
      CHANNELS 3 Zrotation Yrotation Xrotation
      JOINT RightShin
      {
        OFFSET 1e-06 -43.362206 -0.805556
        CHANNELS 3 Zrotation Yrotation Xrotation
        JOINT RightFoot
        {
          OFFSET 2e-06 -42.117393 -3.478398
          CHANNELS 3 Zrotation Yrotation Xrotation
          JOINT RightToeBase
          {
            OFFSET -0.0 -5.079609 13.284196
            CHANNELS 3 Zrotation Yrotation Xrotation
            JOINT RightToeEnd
            {
              OFFSET 0.009532 -1.634378 6.460591
              CHANNELS 3 Zrotation Yrotation Xrotation
            }
          }
        }
      }
    }
  }
}
MOTION
Frames: 75
Frame Time: 0.03333333333333333
0.0 0.0 0.0 0.0 -0.0 0.0 -0.187986 100.056671 -3.210609 -0.482381 -0.186925 0.061918 -0.237884 0.119898 -1.100454 -0.419825 -0.063043 -5.335611 0.66798 -1.405282 9.45999 -1.27534 3.882204 -2.63039 1.5541 6.374547 -3.45168 3.592888 6.213393 -5.852756 7.7e-05 -2.4e-05 6e-06 -0.019379 -0.003869 -0.045353 0.675862 -3.766293 -10.646537 -0.717975 3.762283 -10.637203 -8.939092 -2.660181 13.639513 -59.090126 -3.347019 24.60478 0.731559 -44.926182 -0.57164 9.100685 0.577481 -4.481402 -5.882101 9.861278 0.702591 -10.936863 -0.360574 7.1562 0.0 8.774817 -2e-06 -15.54842 18.330145 6.420005 -1.844031 2.498503 -2.507275 -10.163589 4.67894 4.621104 -20.976006 -3e-06 1e-06 -21.226263 2.451697 -3.593995 3e-06 -6e-06 1e-06 -1.362679 2.240796 -0.746323 -21.334896 0.584906 3.008322 -13.8212 -3e-06 1e-06 -23.887152 -0.249079 -0.839482 -60.108494 2.637844 -1.067947 -0.294024 1.679684 0.833256 -14.218196 0.093212 1.300581 -34.212013 -0.287563 0.967174 -20.033194 0.964536 1.212845 -0.0 -1e-06 0.0 -3.440386 0.788232 0.501657 -15.928172 -3.167305 2.999707 -6.33882 -1e-06 2e-06 -18.123426 3.64818 -4.905665 -3e-06 1e-06 -2e-06 10.307709 7.293621 14.926764 64.412216 5.956715 18.706404 0.147765 36.322712 0.083554 -5.239034 -1.804283 -9.752896 2.24354 -5.255033 -3.180157 14.282881 -0.826594 6.9525 -2e-06 -12.690595 -1e-06 16.023315 -17.835272 2.848476 1.665666 -1.95592 -2.878297 4.727797 -4.170584 4.993919 11.020519 3e-06 -2e-06 12.109045 -3.735713 -2.866782 -0.0 0.0 -0.0 1.291984 -1.928547 -1.498088 14.800118 0.567468 3.865607 14.242561 -1.341735 -6.660652 19.631952 0.143924 -0.648242 50.068771 -0.650539 -6.411002 0.353029 -1.51115 -0.031941 20.22278 3.684306 2.316631 18.787262 4e-06 -0.0 10.751623 -0.479868 1.397908 1e-06 1e-06 -1e-06 3.273804 0.305946 -0.58011 21.486801 11.830365 2.266135 8.162922 0.0 -1e-06 18.399071 -3.798984 -4.940571 2e-06 -0.0 -2e-06 4.647821 8.23682 -2.111323 0.000465 -0.262758 7.082851 -3.746457 1.728936 -3.692754 1.640067 -1.914015 -0.162228 0.0 -0.0 2e-06 -3.720651 -1.505902 -2.907799 -0.015488 0.225616 7.562486 4.222006 1.365237 -6.52291 -1.412548 1.044481 -0.587695 -0.0 -0.0 -1e-06 
0.0 0.0 0.0 0.0 -0.0 0.0 -0.316203 100.060181 -3.10587 -0.492076 0.059199 0.117918 -0.22302 0.117358 -1.076371 -0.411242 0.025653 -5.331698 0.66961 -1.371262 9.380148 -1.176557 3.864689 -2.722278 1.531191 6.441938 -3.41787 3.609843 6.177187 -6.046079 7.7e-05 -2.4e-05 7e-06 -0.006685 0.020895 -0.038138 0.685763 -3.7387 -10.632353 -0.702932 3.784344 -10.627853 -8.777529 -2.603022 13.606259 -59.042095 -3.243091 24.216768 0.883472 -45.743603 -0.716542 9.470634 0.307132 -4.480668 -5.882102 9.86128 0.70259 -10.936868 -0.360577 7.156207 2e-06 8.774822 -2e-06 -15.599884 18.379999 6.440793 -1.844031 2.498505 -2.507277 -10.163595 4.678941 4.621109 -20.976017 -6e-06 4e-06 -21.226278 2.451692 -3.593996 2e-06 -6e-06 -0.0 -1.36268 2.240796 -0.746325 -21.334906 0.584907 3.008326 -13.821208 -5e-06 1e-06 -23.887165 -0.24908 -0.839478 -60.230083 2.636914 -1.060937 -0.294024 1.679686 0.833257 -14.218203 0.093215 1.300582 -34.212036 -0.287566 0.967173 -20.033209 0.964536 1.212846 -0.0 -0.0 0.0 -3.440387 0.788233 0.501656 -15.928181 -3.16731 2.999704 -6.338825 -1e-06 3e-06 -18.123442 3.648181 -4.905667 -4e-06 0.0 -2e-06 10.110554 7.311553 15.002209 64.511925 5.854815 18.62817 0.053123 36.487247 0.03879 -5.134598 -1.7053 -9.738576 2.243539 -5.255034 -3.180156 14.28288 -0.826593 6.952499 -2e-06 -12.6906 -1e-06 16.052525 -17.83131 2.801296 1.665664 -1.95592 -2.878296 4.727795 -4.170585 4.993921 11.020517 3e-06 -2e-06 12.109043 -3.735714 -2.866784 -0.0 -0.0 0.0 1.291985 -1.928548 -1.498089 14.800118 0.567468 3.865605 14.24256 -1.341736 -6.660653 19.631952 0.143927 -0.648244 50.008881 -0.634243 -6.417486 0.353028 -1.511149 -0.031941 20.222775 3.684309 2.31663 18.787262 6e-06 0.0 10.751619 -0.479868 1.397904 1e-06 0.0 0.0 3.273803 0.305947 -0.58011 21.486795 11.830369 2.266134 8.162921 2e-06 2e-06 18.399067 -3.798982 -4.940575 2e-06 0.0 -3e-06 4.719831 8.002832 -2.361384 -0.010155 -0.257421 7.531959 -3.721072 1.637563 -4.015286 1.639322 -1.918469 -0.22403 0.0 -1e-06 2e-06 -3.643765 -1.862333 -3.032437 -0.024335 0.199001 7.980036 4.203798 1.415756 -6.91627 -1.408473 1.038728 -0.768627 -0.0 -0.0 -1e-06 
0.0 0.0 0.0 0.0 -0.0 0.0 -0.430659 100.041008 -2.981411 -0.525286 0.377516 0.20752 -0.196793 0.123869 -1.060029 -0.413898 0.086296 -5.345565 0.714553 -1.340004 9.318331 -1.071323 3.864541 -2.82395 1.519078 6.504319 -3.401883 3.650597 6.222019 -6.34394 7.7e-05 -2.2e-05 6e-06 -0.001603 0.022068 -0.02902 0.681518 -3.739897 -10.631706 -0.689026 3.787951 -10.628356 -8.611619 -2.507761 13.635632 -58.971996 -3.12381 23.655678 1.032986 -47.012882 -0.845408 10.010419 0.06734 -4.609111 -5.882101 9.861279 0.70259 -10.936863 -0.360577 7.156198 2e-06 8.774821 0.0 -15.665791 18.458521 6.447324 -1.844032 2.498503 -2.507277 -10.163591 4.67894 4.621105 -20.976007 -8e-06 -1e-06 -21.226271 2.451692 -3.593997 2e-06 -5e-06 -0.0 -1.36268 2.240796 -0.746323 -21.334896 0.584905 3.008317 -13.821201 -4e-06 -2e-06 -23.887152 -0.249082 -0.839481 -60.328979 2.628823 -1.048105 -0.294023 1.679686 0.833256 -14.218197 0.093213 1.300579 -34.212013 -0.287571 0.967167 -20.033194 0.96453 1.21284 -1e-06 -0.0 1e-06 -3.440385 0.788233 0.501655 -15.928174 -3.16731 2.999702 -6.338821 -2e-06 1e-06 -18.12343 3.648178 -4.905668 -4e-06 0.0 -3e-06 9.921074 7.342165 15.067556 64.567848 5.782748 18.579556 -0.015355 36.626587 -0.010246 -5.012321 -1.601522 -9.625075 2.24354 -5.255033 -3.180155 14.282883 -0.826591 6.952498 -3e-06 -12.690599 0.0 16.064747 -17.856253 2.78483 1.665666 -1.95592 -2.878298 4.727797 -4.170585 4.993921 11.02052 5e-06 -3e-06 12.109048 -3.735712 -2.866783 -1e-06 -0.0 0.0 1.291985 -1.928548 -1.498088 14.800122 0.567469 3.865605 14.242567 -1.341734 -6.660654 19.631958 0.143928 -0.648244 49.964081 -0.641258 -6.411115 0.353028 -1.511149 -0.03194 20.222784 3.684309 2.316627 18.787266 6e-06 -1e-06 10.751625 -0.479867 1.397906 1e-06 0.0 -1e-06 3.273806 0.305946 -0.58011 21.486807 11.830372 2.266131 8.162924 3e-06 -2e-06 18.399075 -3.798981 -4.940573 2e-06 1e-06 -2e-06 4.821104 7.808228 -2.66328 -0.020406 -0.258095 8.037027 -3.767269 1.473138 -4.400758 1.63737 -1.923138 -0.251783 0.0 -0.0 2e-06 -3.527416 -2.234505 -3.210844 -0.033573 0.16986 8.473081 4.114511 1.47495 -7.317311 -1.40101 1.027182 -0.878673 0.0 -0.0 -1e-06 
0.0 0.0 0.0 0.0 -0.0 0.0 -0.553218 99.982849 -2.826281 -0.577273 0.674308 0.337217 -0.15818 0.138511 -1.025442 -0.418248 0.145504 -5.344992 0.783704 -1.320154 9.216366 -0.913076 3.889751 -2.989752 1.492549 6.525461 -3.380974 3.653991 6.317798 -6.731744 7.7e-05 -2.1e-05 6e-06 -0.000925 0.015091 -0.018494 0.671372 -3.747263 -10.620311 -0.677858 3.780991 -10.617103 -8.402978 -2.391247 13.645808 -58.920757 -2.829659 22.935757 1.121995 -48.856163 -0.916248 10.735293 -0.242666 -4.853776 -5.8821 9.861279 0.702593 -10.936859 -0.360572 7.156199 -4e-06 8.774817 -2e-06 -15.739546 18.507257 6.416561 -1.84403 2.498502 -2.507273 -10.16359 4.678945 4.621105 -20.976 2e-06 -0.0 -21.226265 2.451699 -3.593999 1e-06 -6e-06 2e-06 -1.36268 2.240796 -0.746322 -21.334892 0.584914 3.008323 -13.821199 -0.0 1e-06 -23.887144 -0.249075 -0.839486 -60.408829 2.626202 -1.065473 -0.294023 1.679684 0.833256 -14.218195 0.09322 1.30058 -34.212013 -0.287555 0.967168 -20.033194 0.964539 1.212841 -1e-06 -1e-06 2e-06 -3.440384 0.788233 0.501654 -15.928165 -3.167305 2.999705 -6.338819 1e-06 -0.0 -18.12343 3.648185 -4.905669 -4e-06 0.0 -3e-06 9.702684 7.379968 15.079338 64.555199 5.750227 18.525694 0.034639 36.800518 -0.011091 -4.881303 -1.514914 -9.178738 2.243541 -5.255036 -3.180155 14.28288 -0.826595 6.952496 2e-06 -12.690599 -1e-06 16.079863 -17.900209 2.768878 1.665665 -1.955922 -2.878298 4.727797 -4.170586 4.993921 11.020517 -0.0 -1e-06 12.109044 -3.735717 -2.866783 -0.0 -0.0 0.0 1.291984 -1.928549 -1.498088 14.800118 0.567464 3.865606 14.242559 -1.341742 -6.660653 19.631952 0.143919 -0.648244 49.936878 -0.656652 -6.384593 0.353028 -1.511149 -0.031941 20.222775 3.684304 2.31663 18.787256 1e-06 -3e-06 10.75162 -0.47987 1.397904 1e-06 -1e-06 -0.0 3.273805 0.305946 -0.580111 21.486794 11.830364 2.266132 8.162924 1e-06 1e-06 18.399073 -3.798987 -4.940575 3e-06 1e-06 -1e-06 4.960717 7.690596 -3.090484 -0.028796 -0.264594 8.723011 -3.869003 1.297276 -4.865554 1.637631 -1.926879 -0.257341 0.0 -0.0 2e-06 -3.382629 -2.606889 -3.480127 -0.037571 0.138523 9.077949 3.971793 1.548025 -7.798623 -1.396239 1.021075 -0.945966 0.0 0.0 -1e-06 
0.0 0.0 0.0 0.0 -0.0 0.0 -0.684217 99.902802 -2.659057 -0.640692 0.932329 0.522852 -0.119423 0.152543 -0.968456 -0.424462 0.177401 -5.334262 0.873003 -1.292271 9.08796 -0.72676 3.903377 -3.237269 1.478279 6.566669 -3.363849 3.643678 6.411962 -7.218707 7.7e-05 -2.2e-05 6e-06 -0.001504 0.013869 -0.010453 0.658382 -3.745781 -10.602529 -0.666402 3.776666 -10.599273 -8.162457 -2.288667 13.674978 -58.817635 -2.386052 22.223684 1.163382 -51.197899 -0.930444 11.493835 -0.640347 -5.20165 -5.882104 9.861282 0.702589 -10.936866 -0.360574 7.156199 0.0 8.774822 0.0 -15.822232 18.504181 6.357523 -1.844032 2.498505 -2.507277 -10.163595 4.678943 4.621106 -20.976013 -4e-06 -0.0 -21.226273 2.451694 -3.593995 -0.0 -7e-06 0.0 -1.36268 2.240796 -0.746322 -21.334904 0.584909 3.008322 -13.821206 -3e-06 0.0 -23.887159 -0.24908 -0.839481 -60.445698 2.617999 -1.098832 -0.294025 1.679688 0.833255 -14.218201 0.093215 1.300581 -34.21204 -0.287566 0.967171 -20.033201 0.964535 1.212846 0.0 1e-06 2e-06 -3.440388 0.788233 0.501656 -15.928179 -3.16731 2.999706 -6.338823 -1e-06 1e-06 -18.12344 3.648181 -4.905665 -4e-06 1e-06 -3e-06 9.481036 7.406613 15.06034 64.455933 5.780347 18.500971 0.131065 37.165752 0.005997 -4.778829 -1.486494 -8.558806 2.243542 -5.255037 -3.180156 14.282887 -0.826595 6.952503 -2e-06 -12.690605 1e-06 16.063511 -17.944933 2.769864 1.665666 -1.955922 -2.878298 4.727798 -4.170587 4.993923 11.020523 2e-06 -1e-06 12.109051 -3.735715 -2.866783 0.0 0.0 0.0 1.291986 -1.928551 -1.498088 14.800125 0.567467 3.865608 14.242568 -1.341735 -6.660657 19.631962 0.143926 -0.648242 49.929726 -0.680296 -6.3496 0.353029 -1.51115 -0.031939 20.222788 3.684309 2.31663 18.78727 3e-06 1e-06 10.751629 -0.479868 1.397907 1e-06 0.0 3e-06 3.273806 0.305947 -0.580111 21.486809 11.830374 2.266134 8.162928 2e-06 0.0 18.399076 -3.798984 -4.940574 4e-06 1e-06 1e-06 5.115797 7.613579 -3.666984 -0.033061 -0.277208 9.606672 -3.976357 1.143188 -5.41589 1.638253 -1.932328 -0.242035 0.0 -1e-06 2e-06 -3.218104 -2.965973 -3.87791 -0.038683 0.108341 9.806849 3.827445 1.642289 -8.345784 -1.394445 1.013356 -0.992425 -0.0 0.0 -1e-06 
0.0 0.0 0.0 0.0 -0.0 0.0 -0.826131 99.814339 -2.489824 -0.719863 1.160578 0.790261 -0.086051 0.159394 -0.888428 -0.427187 0.175226 -5.312264 0.975527 -1.2637 8.943353 -0.517706 3.890305 -3.614328 1.498165 6.6417 -3.342149 3.62577 6.503544 -7.841388 7.7e-05 -2.2e-05 6e-06 -0.002143 0.019522 -0.004928 0.645401 -3.73566 -10.583624 -0.65526 3.777556 -10.581647 -7.897585 -2.196141 13.726976 -58.623943 -1.835111 21.635977 1.232639 -53.942108 -0.973121 12.212158 -1.103999 -5.526318 -5.882101 9.861276 0.70259 -10.936861 -0.360575 7.156199 -0.0 8.774819 -3e-06 -15.907303 18.454561 6.294065 -1.844031 2.498502 -2.507275 -10.16359 4.678941 4.621105 -20.976006 -5e-06 4e-06 -21.226269 2.451694 -3.593996 1e-06 -6e-06 -0.0 -1.36268 2.240796 -0.746323 -21.334896 0.584909 3.008317 -13.821203 -1e-06 3e-06 -23.887152 -0.249079 -0.839484 -60.457695 2.610197 -1.132958 -0.294024 1.679684 0.833255 -14.218196 0.093212 1.30058 -34.212013 -0.287564 0.96717 -20.033197 0.964536 1.212844 1e-06 1e-06 1e-06 -3.440387 0.788235 0.501655 -15.928176 -3.167306 2.999706 -6.338821 1e-06 -1e-06 -18.12343 3.648178 -4.905666 -3e-06 -0.0 -1e-06 9.26194 7.425917 15.010367 64.309464 5.839644 18.451916 0.224175 37.874012 0.022024 -4.802169 -1.48904 -8.037506 2.24354 -5.255033 -3.180156 14.282877 -0.826596 6.952497 -2e-06 -12.690596 0.0 16.033222 -17.966984 2.776899 1.665664 -1.955919 -2.878298 4.727795 -4.170585 4.993921 11.020515 3e-06 0.0 12.109038 -3.735713 -2.866782 1e-06 -0.0 1e-06 1.291985 -1.928548 -1.498089 14.800114 0.567467 3.865607 14.242558 -1.341737 -6.660651 19.631948 0.143925 -0.648243 49.922501 -0.702786 -6.323303 0.353029 -1.51115 -0.031941 20.222771 3.684307 2.316631 18.787254 2e-06 2e-06 10.751617 -0.479869 1.397904 1e-06 -1e-06 1e-06 3.273803 0.305947 -0.580109 21.486792 11.830363 2.266133 8.162919 3e-06 1e-06 18.399067 -3.798984 -4.94057 4e-06 -0.0 -0.0 5.280572 7.552806 -4.438303 -0.032838 -0.288088 10.705903 -4.076363 1.012011 -6.044907 1.640289 -1.92981 -0.206126 0.0 -0.0 2e-06 -3.032301 -3.322639 -4.462864 -0.03533 0.089984 10.704361 3.699146 1.7612 -8.951872 -1.395558 1.008363 -0.997217 -0.0 -0.0 -1e-06 
0.0 0.0 0.0 0.0 -0.0 0.0 -0.977294 99.705429 -2.330106 -0.832537 1.361579 1.142043 -0.04943 0.161154 -0.773508 -0.427976 0.156177 -5.273561 1.089744 -1.250536 8.783571 -0.241944 3.847926 -4.151736 1.532225 6.745652 -3.314423 3.58527 6.616015 -8.673 7.7e-05 -2.3e-05 6e-06 -0.002497 0.024698 -0.001141 0.634522 -3.727927 -10.575684 -0.64566 3.780176 -10.574744 -7.575682 -2.129477 13.828979 -58.375778 -1.187925 21.150755 1.423713 -57.077274 -1.133245 12.916919 -1.597931 -5.715709 -5.882102 9.861279 0.702589 -10.936866 -0.360575 7.156206 0.0 8.774822 -2e-06 -15.997792 18.39543 6.240108 -1.844032 2.498504 -2.507277 -10.163595 4.678941 4.621109 -20.976015 -6e-06 5e-06 -21.226273 2.451694 -3.593993 1e-06 -6e-06 -0.0 -1.36268 2.240796 -0.746325 -21.334904 0.584906 3.008324 -13.821206 -5e-06 4e-06 -23.887156 -0.249079 -0.839478 -60.462372 2.613392 -1.158257 -0.294025 1.679688 0.833254 -14.218199 0.093211 1.300583 -34.212032 -0.287565 0.967177 -20.033201 0.964536 1.212847 -2e-06 1e-06 -0.0 -3.440387 0.788232 0.501657 -15.928179 -3.167308 2.999709 -6.338825 0.0 0.0 -18.123436 3.64818 -4.905663 -4e-06 2e-06 -3e-06 9.026513 7.44257 14.969835 64.182762 5.899535 18.2722 0.294575 38.973846 0.039587 -4.959058 -1.44761 -7.602402 2.243541 -5.255033 -3.180158 14.282886 -0.826592 6.952497 -5e-06 -12.690598 1e-06 16.0133 -17.973801 2.776999 1.665666 -1.95592 -2.878298 4.727796 -4.170584 4.993921 11.020522 5e-06 -4e-06 12.109048 -3.73571 -2.866783 -0.0 0.0 1e-06 1.291984 -1.928548 -1.498088 14.800123 0.567472 3.865602 14.242568 -1.34173 -6.660655 19.631958 0.143931 -0.648244 49.914673 -0.708331 -6.33091 0.353029 -1.511149 -0.03194 20.222786 3.684313 2.316627 18.787266 9e-06 -2e-06 10.751624 -0.479866 1.397904 3e-06 -1e-06 -0.0 3.273804 0.305948 -0.58011 21.486807 11.830373 2.266126 8.162924 4e-06 -2e-06 18.399075 -3.798977 -4.940573 3e-06 -0.0 -0.0 5.47608 7.562293 -5.462777 -0.028999 -0.297117 12.119772 -4.169605 0.82075 -6.796162 1.641728 -1.929779 -0.17312 -0.0 0.0 2e-06 -2.803567 -3.719705 -5.263787 -0.029575 0.086485 11.833143 3.554493 1.946539 -9.66046 -1.398325 0.99939 -0.985846 -0.0 0.0 -1e-06 
0.0 0.0 0.0 0.0 -0.0 0.0 -1.133172 99.555679 -2.188791 -0.977347 1.530543 1.585796 -0.016559 0.153634 -0.617269 -0.430794 0.133337 -5.206816 1.228813 -1.244901 8.600342 0.105899 3.791083 -4.893651 1.57888 6.819628 -3.27894 3.485345 6.784657 -9.785954 7.7e-05 -2.2e-05 6e-06 -0.003627 0.019866 0.002198 0.626748 -3.733599 -10.584739 -0.640646 3.776191 -10.582539 -7.152376 -2.112317 13.991527 -58.141678 -0.437986 20.686956 1.748726 -60.571545 -1.420029 13.69279 -2.106815 -5.885653 -5.882109 9.861288 0.702591 -10.936876 -0.360574 7.156208 2e-06 8.77483 -2e-06 -16.071732 18.331753 6.229986 -1.844033 2.498505 -2.507279 -10.163603 4.678947 4.62111 -20.976034 -4e-06 1e-06 -21.226295 2.451699 -3.594001 1e-06 -6e-06 -0.0 -1.362682 2.240798 -0.746324 -21.334923 0.584908 3.008322 -13.821219 -3e-06 0.0 -23.887178 -0.249081 -0.839485 -60.490307 2.619338 -1.15466 -0.294026 1.679689 0.833256 -14.218215 0.093216 1.30058 -34.212067 -0.287568 0.967168 -20.033222 0.964535 1.212841 -1e-06 1e-06 1e-06 -3.44039 0.788233 0.501656 -15.928192 -3.167312 2.999708 -6.33883 -0.0 -1e-06 -18.123457 3.648184 -4.905675 -3e-06 1e-06 -3e-06 8.74642 7.460324 14.929981 64.175491 5.959761 17.917164 0.335178 40.271881 0.05922 -5.183988 -1.280691 -7.23999 2.243541 -5.255038 -3.180156 14.282887 -0.826594 6.952504 -1e-06 -12.690607 -1e-06 16.019911 -17.99333 2.768388 1.665666 -1.955921 -2.878298 4.727798 -4.170588 4.993924 11.020524 2e-06 -1e-06 12.109052 -3.735719 -2.866783 -1e-06 -0.0 -1e-06 1.291986 -1.92855 -1.498089 14.800127 0.56747 3.865607 14.242568 -1.341737 -6.660658 19.631958 0.143926 -0.648241 49.914577 -0.710245 -6.365713 0.353029 -1.511151 -0.031941 20.222786 3.684309 2.31663 18.78727 4e-06 -2e-06 10.751627 -0.479868 1.397906 3e-06 2e-06 0.0 3.273806 0.305949 -0.58011 21.486809 11.830376 2.266133 8.162928 0.0 0.0 18.399076 -3.798987 -4.940576 4e-06 -0.0 -1e-06 5.696833 7.662221 -6.794369 -0.021842 -0.298488 13.934242 -4.244718 0.566477 -7.68506 1.643137 -1.943914 -0.176415 -0.0 0.0 2e-06 -2.531239 -4.194018 -6.344514 -0.018604 0.086759 13.290184 3.398991 2.239648 -10.468657 -1.402836 0.975805 -0.976546 -0.0 -0.0 -1e-06 
0.0 0.0 0.0 0.0 -0.0 0.0 -1.306002 99.333473 -2.073743 -1.133233 1.701274 2.135617 0.006363 0.140282 -0.398208 -0.436293 0.102732 -5.11096 1.380598 -1.2386 8.383256 0.523673 3.713084 -5.908963 1.643208 6.841637 -3.234952 3.305236 7.029166 -11.224719 7.7e-05 -2.4e-05 6e-06 -0.006183 0.006364 0.007173 0.62016 -3.750652 -10.600904 -0.639399 3.76585 -10.592201 -6.585368 -2.184121 14.194562 -58.023346 0.454193 20.116095 2.263122 -64.465393 -1.873585 14.541418 -2.559339 -6.159921 -5.882103 9.861279 0.70259 -10.936862 -0.360573 7.1562 -1e-06 8.77482 -3e-06 -16.102804 18.269243 6.272176 -1.844029 2.498503 -2.507273 -10.163591 4.678941 4.621105 -20.976006 2e-06 3e-06 -21.226269 2.451702 -3.593998 2e-06 -6e-06 -2e-06 -1.36268 2.240798 -0.746323 -21.334896 0.584912 3.008324 -13.821201 -0.0 5e-06 -23.887152 -0.249072 -0.83948 -60.515667 2.605564 -1.135079 -0.294025 1.679685 0.833255 -14.218195 0.093216 1.300582 -34.212013 -0.287555 0.967173 -20.033197 0.964541 1.212844 -1e-06 1e-06 1e-06 -3.440386 0.788234 0.501655 -15.928172 -3.167305 2.999707 -6.338822 2e-06 2e-06 -18.123428 3.648185 -4.905665 -3e-06 0.0 -2e-06 8.417072 7.482525 14.871028 64.378754 6.052337 17.310032 0.378089 41.470268 0.092541 -5.45047 -0.977719 -7.056489 2.243537 -5.255032 -3.180152 14.282867 -0.826594 6.952494 1e-06 -12.690589 -3e-06 16.046598 -17.993301 2.743801 1.665663 -1.955919 -2.878294 4.727791 -4.170582 4.993915 11.020508 3e-06 0.0 12.109031 -3.735713 -2.866778 0.0 -0.0 -2e-06 1.291983 -1.928548 -1.498088 14.800105 0.567466 3.865605 14.242549 -1.341738 -6.660647 19.631933 0.143922 -0.648241 49.909111 -0.719583 -6.396049 0.353028 -1.511149 -0.03194 20.222754 3.684303 2.31663 18.787239 3e-06 3e-06 10.751608 -0.47987 1.397905 1e-06 1e-06 1e-06 3.2738 0.305947 -0.580109 21.486776 11.830357 2.266135 8.162913 -0.0 1e-06 18.399054 -3.798985 -4.940567 3e-06 0.0 -1e-06 5.919501 7.827468 -8.498595 -0.014567 -0.288464 16.235308 -4.274377 0.259166 -8.76978 1.645358 -1.96839 -0.226607 -0.0 0.0 2e-06 -2.237452 -4.787645 -7.792234 0.002358 0.082889 15.223952 3.260834 2.6608 -11.440644 -1.40866 0.941896 -0.973166 0.0 -0.0 -1e-06 
0.0 0.0 0.0 0.0 -0.0 0.0 -1.488626 99.014969 -1.998297 -1.272448 1.884099 2.766745 0.023113 0.121618 -0.096755 -0.448696 0.058728 -4.981064 1.540343 -1.190687 8.163374 0.93523 3.620439 -7.250017 1.736972 6.831274 -3.183003 3.049307 7.344566 -13.003654 7.7e-05 -2.2e-05 6e-06 -0.00831 -0.011582 0.013358 0.614003 -3.77048 -10.609907 -0.63748 3.749065 -10.590498 -5.8973 -2.339468 14.419318 -58.059929 1.519956 19.233982 2.994258 -68.914909 -2.555289 15.485239 -2.912112 -6.793908 -5.8821 9.861278 0.702588 -10.936861 -0.360575 7.1562 2e-06 8.774816 -2e-06 -16.085886 18.217691 6.364333 -1.84403 2.498504 -2.507275 -10.163589 4.678939 4.621102 -20.976004 -3e-06 4e-06 -21.226265 2.451698 -3.593996 1e-06 -6e-06 -3e-06 -1.362679 2.240796 -0.746322 -21.334894 0.58491 3.008321 -13.821201 -1e-06 3e-06 -23.887152 -0.249079 -0.839482 -60.549278 2.586413 -1.119718 -0.294024 1.679687 0.833254 -14.218194 0.093216 1.300581 -34.212013 -0.287563 0.967171 -20.033192 0.964539 1.212842 -0.0 -0.0 0.0 -3.440385 0.788232 0.501655 -15.92817 -3.167307 2.999705 -6.33882 2e-06 2e-06 -18.123426 3.64818 -4.905664 -3e-06 -0.0 -2e-06 8.054661 7.500546 14.779816 64.799858 6.236406 16.475288 0.414534 42.223244 0.126806 -5.755597 -0.704812 -7.050455 2.243538 -5.255031 -3.180156 14.282874 -0.826595 6.952498 -1e-06 -12.690588 1e-06 16.067516 -17.958746 2.72034 1.665663 -1.955919 -2.878295 4.727794 -4.170583 4.993921 11.020511 1e-06 1e-06 12.109035 -3.735713 -2.866779 -0.0 -1e-06 1e-06 1.291984 -1.928547 -1.498089 14.80011 0.567468 3.865606 14.242552 -1.341737 -6.660646 19.631941 0.143922 -0.648241 49.895657 -0.722566 -6.384274 0.353028 -1.511149 -0.03194 20.222765 3.684304 2.316633 18.787251 1e-06 5e-06 10.751616 -0.479871 1.397906 2e-06 1e-06 0.0 3.273802 0.305947 -0.580109 21.486788 11.830357 2.266134 8.162917 0.0 1e-06 18.399061 -3.798984 -4.940568 3e-06 -1e-06 -1e-06 6.109365 8.06883 -10.54199 -0.005507 -0.263987 18.995632 -4.282541 -0.097033 -10.050757 1.647259 -1.986804 -0.262222 0.0 -0.0 2e-06 -1.947652 -5.473836 -9.642789 0.026347 0.079042 17.736969 3.122318 3.162572 -12.620419 -1.414794 0.909246 -0.966065 0.0 0.0 -1e-06 
0.0 0.0 0.0 0.0 -0.0 0.0 -1.657381 98.571487 -1.950877 -1.349386 2.034746 3.411422 0.027443 0.104025 0.285644 -0.47361 0.035466 -4.804756 1.70018 -1.109371 8.002341 1.270639 3.538248 -8.905358 1.855947 6.856354 -3.13449 2.713419 7.71935 -15.074581 7.6e-05 -2.2e-05 5e-06 -0.007617 -0.025247 0.018996 0.610749 -3.782693 -10.6094 -0.632607 3.733647 -10.578461 -5.190224 -2.522702 14.595228 -58.26627 2.910944 17.718887 3.827119 -74.326736 -3.363305 16.718655 -3.345899 -8.147269 -5.882104 9.861281 0.702589 -10.936866 -0.360576 7.156204 2e-06 8.774821 0.0 -16.029902 18.184307 6.492905 -1.844032 2.498504 -2.507277 -10.163595 4.678944 4.621105 -20.976017 -7e-06 3e-06 -21.226274 2.451693 -3.593998 0.0 -6e-06 -3e-06 -1.362682 2.240798 -0.746324 -21.334906 0.584908 3.008321 -13.821208 -2e-06 2e-06 -23.887159 -0.249083 -0.839482 -60.631359 2.57495 -1.130559 -0.294024 1.679686 0.833257 -14.218203 0.093214 1.300579 -34.212036 -0.287566 0.967168 -20.033205 0.964535 1.212842 0.0 -1e-06 1e-06 -3.440387 0.788235 0.501655 -15.928183 -3.167307 2.999704 -6.338825 -2e-06 1e-06 -18.12344 3.648182 -4.90567 -3e-06 -0.0 -3e-06 7.647933 7.557644 14.637772 65.436974 6.524605 15.352372 0.484689 42.311581 0.203103 -6.137618 -0.637579 -6.833123 2.243541 -5.255036 -3.180157 14.282887 -0.826594 6.952498 -2e-06 -12.690601 1e-06 16.06617 -17.91007 2.707365 1.665666 -1.955922 -2.878298 4.727798 -4.170587 4.993923 11.020524 4e-06 -1e-06 12.10905 -3.735716 -2.866782 0.0 -1e-06 1e-06 1.291986 -1.928549 -1.498088 14.800125 0.567468 3.865605 14.242569 -1.341735 -6.660657 19.631968 0.143928 -0.648243 49.850201 -0.699925 -6.33732 0.353029 -1.51115 -0.03194 20.222788 3.684309 2.316629 18.78727 6e-06 -1e-06 10.751627 -0.479869 1.397906 2e-06 0.0 1e-06 3.273807 0.305948 -0.58011 21.486811 11.830371 2.266131 8.162926 2e-06 -1e-06 18.39908 -3.798984 -4.940575 3e-06 1e-06 -2e-06 6.225683 8.419852 -12.775568 -0.000546 -0.229463 22.106438 -4.296769 -0.477665 -11.539141 1.651736 -1.987392 -0.274652 0.0 -0.0 2e-06 -1.721905 -6.178998 -11.830828 0.055341 0.077484 20.868448 2.941651 3.765712 -14.059833 -1.420149 0.884931 -0.916907 0.0 -0.0 -1e-06 
0.0 0.0 0.0 0.0 -0.0 0.0 -1.780033 98.019012 -1.902515 -1.321521 2.097923 3.989473 0.010223 0.092746 0.71379 -0.507696 0.021753 -4.602376 1.837157 -0.975661 7.904388 1.459404 3.502045 -10.645807 1.988176 6.951332 -3.099025 2.377886 8.124761 -17.173052 7.6e-05 -2.2e-05 4e-06 -0.00212 -0.026056 0.028336 0.611379 -3.78209 -10.604976 -0.621897 3.731798 -10.560546 -4.66892 -2.631418 14.70802 -58.58371 4.648526 15.338913 4.491128 -80.931564 -4.054746 18.644794 -4.151036 -10.679684 -5.882104 9.861284 0.702588 -10.936865 -0.360574 7.156199 -2e-06 8.774822 -1e-06 -15.921981 18.163448 6.599669 -1.844032 2.498504 -2.507278 -10.163594 4.678944 4.621106 -20.976017 -3e-06 0.0 -21.22628 2.451698 -3.594002 -0.0 -9e-06 -1e-06 -1.362681 2.240796 -0.746323 -21.334904 0.58491 3.008319 -13.821208 -1e-06 -0.0 -23.887157 -0.249079 -0.839487 -60.743462 2.553651 -1.165545 -0.294025 1.679688 0.833256 -14.218199 0.093218 1.300578 -34.212032 -0.287562 0.967163 -20.033199 0.964533 1.212839 0.0 -1e-06 0.0 -3.440387 0.788234 0.501655 -15.928176 -3.167309 2.999704 -6.338824 -1e-06 0.0 -18.123438 3.648183 -4.905673 -4e-06 2e-06 -2e-06 7.210828 7.659554 14.460753 66.197525 6.833154 14.011694 0.573475 41.843121 0.350841 -6.581844 -0.867686 -6.342327 2.243539 -5.255033 -3.180154 14.282876 -0.826595 6.952491 1e-06 -12.690594 -0.0 16.049656 -17.858736 2.676465 1.665664 -1.95592 -2.878294 4.727795 -4.170584 4.993916 11.020514 1e-06 -2e-06 12.10904 -3.735714 -2.866782 -0.0 -1e-06 -1e-06 1.291984 -1.928548 -1.498087 14.800112 0.567467 3.865603 14.242558 -1.34174 -6.660653 19.631945 0.143922 -0.648245 49.762417 -0.650826 -6.302093 0.353028 -1.511149 -0.031939 20.222769 3.684303 2.316625 18.787254 4e-06 -1e-06 10.751618 -0.479869 1.397903 2e-06 0.0 0.0 3.273804 0.305945 -0.580111 21.48679 11.83036 2.266129 8.162921 2e-06 -2e-06 18.399065 -3.798985 -4.940576 3e-06 -0.0 0.0 6.219675 8.829128 -14.938246 -0.003006 -0.202473 25.294552 -4.314996 -0.817987 -13.133246 1.657333 -1.965621 -0.304082 -0.0 -0.0 2e-06 -1.64126 -6.758647 -14.104255 0.087395 0.075233 24.335747 2.717968 4.372885 -15.665811 -1.425558 0.866675 -0.824583 0.0 0.0 -1e-06 
0.0 0.0 0.0 0.0 -0.0 0.0 -1.833838 97.406754 -1.817188 -1.205821 2.052633 4.458198 -0.008247 0.095146 1.140846 -0.535931 0.011111 -4.401177 1.931743 -0.818873 7.836913 1.453998 3.471486 -12.213515 2.147233 7.140728 -3.069717 2.108099 8.546 -19.08779 7.7e-05 -2.2e-05 5e-06 0.008985 -0.011925 0.037563 0.616067 -3.769571 -10.609766 -0.604372 3.748398 -10.549961 -4.35463 -2.600142 14.804082 -58.973186 6.541492 12.150939 6.075166 -88.830811 -5.679125 21.798225 -5.482934 -14.468456 -5.882099 9.861275 0.702589 -10.93686 -0.360575 7.156199 0.0 8.774817 -2e-06 -15.791241 18.179834 6.599838 -1.84403 2.498503 -2.507275 -10.163589 4.67894 4.621104 -20.976 -2e-06 1e-06 -21.226263 2.451694 -3.593995 1e-06 -5e-06 1e-06 -1.36268 2.240795 -0.746323 -21.334888 0.584908 3.00832 -13.821199 -2e-06 3e-06 -23.887144 -0.249079 -0.839482 -60.802132 2.543442 -1.208589 -0.294024 1.679687 0.833256 -14.218193 0.093215 1.30058 -34.212013 -0.287564 0.96717 -20.033192 0.964535 1.212842 -1e-06 -0.0 -1e-06 -3.440385 0.788232 0.501655 -15.92817 -3.167307 2.999703 -6.338817 -2e-06 1e-06 -18.123425 3.648178 -4.905663 -4e-06 1e-06 -3e-06 6.700735 7.781701 14.348372 67.015411 7.06502 12.58994 0.562247 41.25238 0.440991 -7.153961 -1.203223 -5.989072 2.243539 -5.255033 -3.180157 14.282881 -0.826592 6.9525 -3e-06 -12.690596 0.0 16.054041 -17.790176 2.645981 1.665665 -1.95592 -2.878297 4.727796 -4.170583 4.993921 11.020519 4e-06 -0.0 12.109043 -3.735713 -2.866783 1e-06 -0.0 0.0 1.291984 -1.928549 -1.498088 14.80012 0.567471 3.865605 14.242562 -1.341735 -6.660653 19.631954 0.143926 -0.648239 49.674313 -0.603209 -6.306512 0.353028 -1.511149 -0.03194 20.222776 3.684309 2.31663 18.787262 5e-06 2e-06 10.751622 -0.479868 1.397907 2e-06 0.0 -1e-06 3.273804 0.305947 -0.58011 21.486801 11.830368 2.266134 8.162924 2e-06 1e-06 18.399071 -3.798984 -4.94057 2e-06 1e-06 -1e-06 6.096947 9.204334 -16.887962 -0.011987 -0.203184 28.41629 -4.338798 -1.025899 -14.72396 1.664061 -1.939976 -0.339346 0.0 -0.0 2e-06 -1.708516 -7.118375 -16.252201 0.116959 0.068262 27.855055 2.441334 4.887774 -17.303137 -1.429803 0.854795 -0.72565 -0.0 -0.0 -1e-06 
0.0 0.0 0.0 0.0 -0.0 0.0 -1.814321 96.757515 -1.661563 -1.068893 1.929222 4.827627 0.000265 0.108478 1.521946 -0.548101 2.9e-05 -4.222364 2.012797 -0.660514 7.756972 1.280193 3.438131 -13.549879 2.30292 7.35134 -3.046781 1.907221 8.959906 -20.68511 7.6e-05 -2.3e-05 4e-06 0.025978 0.012719 0.051295 0.624254 -3.747461 -10.612843 -0.579008 3.776529 -10.534952 -4.164184 -2.481108 14.853672 -59.268597 8.39927 8.302234 -176.029831 -81.840233 176.450806 26.484442 -7.141318 -18.451735 -5.882103 9.861281 0.70259 -10.936866 -0.360575 7.156203 1e-06 8.774822 -1e-06 -15.77208 18.368713 6.436666 -1.844032 2.498503 -2.507276 -10.163595 4.678944 4.621105 -20.976015 -3e-06 1e-06 -21.226276 2.451695 -3.593999 -1e-06 -7e-06 0.0 -1.362682 2.240797 -0.746322 -21.334906 0.58491 3.008322 -13.821208 -4e-06 2e-06 -23.887165 -0.249077 -0.839483 -60.870525 2.55847 -1.28789 -0.294024 1.679686 0.833255 -14.218204 0.093215 1.30058 -34.21204 -0.287564 0.96717 -20.033205 0.964537 1.212843 0.0 0.0 0.0 -3.440387 0.788233 0.501655 -15.928179 -3.167309 2.999706 -6.338823 -1e-06 1e-06 -18.12344 3.648181 -4.905669 -5e-06 -1e-06 -2e-06 6.11778 7.86464 14.356064 67.874107 7.136728 11.194227 0.399335 40.843029 0.427245 -7.871639 -1.47415 -6.071103 2.243539 -5.255034 -3.180155 14.282884 -0.826593 6.952503 -2e-06 -12.690599 -1e-06 16.064978 -17.740988 2.644544 1.665664 -1.955922 -2.878298 4.727798 -4.170585 4.993921 11.02052 3e-06 -1e-06 12.109046 -3.735715 -2.866781 -0.0 0.0 1e-06 1.291985 -1.928548 -1.498087 14.800122 0.567467 3.865608 14.242564 -1.341735 -6.660654 19.631958 0.143924 -0.648242 49.624886 -0.584313 -6.32408 0.353028 -1.51115 -0.031938 20.222784 3.684308 2.316631 18.787266 4e-06 1e-06 10.751623 -0.479868 1.397906 2e-06 1e-06 -1e-06 3.273806 0.305947 -0.580111 21.486807 11.830369 2.266134 8.162925 1e-06 0.0 18.399076 -3.798985 -4.940572 2e-06 -0.0 -2e-06 5.931223 9.524549 -18.635685 -0.030632 -0.231911 31.476446 -4.402548 -1.185879 -16.290279 1.671394 -1.914587 -0.361301 0.0 -0.0 2e-06 -1.846537 -7.207991 -18.198442 0.136234 0.059327 31.278906 2.138227 5.195099 -18.880526 -1.43634 0.853926 -0.58534 -0.0 -0.0 -1e-06 
0.0 0.0 0.0 0.0 -0.0 0.0 -1.74415 96.077225 -1.450351 -0.900846 1.748538 5.093534 0.017156 0.129538 1.845287 -0.54695 -0.023978 -4.056765 2.061079 -0.529931 7.616213 1.004527 3.385312 -14.623541 2.416553 7.573495 -3.029248 1.770116 9.269168 -21.949818 7.8e-05 -2.3e-05 5e-06 0.039986 0.028839 0.068223 0.626897 -3.733254 -10.616531 -0.554441 3.795528 -10.521124 -3.845139 -2.41022 14.752215 -59.156448 9.97048 3.872779 -176.178391 -71.391571 176.776627 32.332718 -8.735112 -21.312286 -5.8821 9.861276 0.702589 -10.936859 -0.360575 7.156197 -0.0 8.774816 -1e-06 -15.889601 18.85136 6.169412 -1.84403 2.498502 -2.507275 -10.163589 4.67894 4.621103 -20.976004 -3e-06 1e-06 -21.226265 2.451694 -3.593997 -2e-06 -6e-06 -0.0 -1.36268 2.240796 -0.746323 -21.334892 0.584909 3.008319 -13.821199 -2e-06 1e-06 -23.887144 -0.249079 -0.839483 -61.193768 2.64936 -1.476623 -0.294024 1.679686 0.833254 -14.218195 0.093215 1.300579 -34.212013 -0.287563 0.967167 -20.033197 0.964536 1.212841 -2e-06 -1e-06 0.0 -3.440385 0.788233 0.501655 -15.928168 -3.167306 2.999704 -6.338819 -1e-06 1e-06 -18.123425 3.64818 -4.905666 -4e-06 -0.0 -2e-06 5.475434 7.932018 14.487226 68.751228 6.987162 9.945383 0.155893 40.71944 0.350674 -8.646405 -1.615921 -6.487559 2.243539 -5.255034 -3.180157 14.282878 -0.826593 6.952502 -1e-06 -12.690596 -2e-06 16.090071 -17.709993 2.663741 1.665664 -1.95592 -2.878296 4.727795 -4.170585 4.99392 11.020515 2e-06 -1e-06 12.109038 -3.735715 -2.866782 -1e-06 1e-06 -2e-06 1.291984 -1.928548 -1.498087 14.800115 0.567467 3.865609 14.242557 -1.341738 -6.660651 19.631948 0.143924 -0.648241 49.571033 -0.606044 -6.359576 0.353028 -1.511149 -0.03194 20.222773 3.684307 2.316633 18.787254 5e-06 3e-06 10.751619 -0.479869 1.397908 1e-06 1e-06 0.0 3.273803 0.305947 -0.58011 21.486797 11.830367 2.266136 8.162919 1e-06 0.0 18.399067 -3.798984 -4.940569 4e-06 1e-06 -2e-06 5.723333 9.783883 -20.156013 -0.049597 -0.283543 34.41003 -4.507046 -1.34323 -17.798458 1.67555 -1.914492 -0.3581 -0.0 -0.0 2e-06 -2.068684 -7.052461 -19.931591 0.146534 0.048801 34.567333 1.84988 5.354769 -20.365379 -1.444608 0.870769 -0.481186 -0.0 0.0 -1e-06 
0.0 0.0 0.0 0.0 -0.0 0.0 -1.647975 95.376732 -1.202346 -0.67591 1.541111 5.291797 0.032065 0.1618 2.102427 -0.544403 -0.087111 -3.898911 2.064149 -0.447908 7.401232 0.678443 3.361114 -15.477747 2.479777 7.818745 -3.016514 1.657529 9.473333 -22.91157 7.7e-05 -2.4e-05 5e-06 0.038192 0.017173 0.080702 0.613173 -3.750801 -10.642434 -0.54503 3.789764 -10.530199 -3.18792 -2.55319 14.330724 -58.348408 11.157372 -1.446938 -176.396652 -60.584591 177.37056 38.736084 -10.268053 -22.315807 -5.882106 9.861288 0.702592 -10.936875 -0.360576 7.156209 1e-06 8.774828 -2e-06 -15.926123 19.327515 5.851495 -1.844032 2.498504 -2.507278 -10.1636 4.678946 4.621112 -20.976027 -4e-06 6e-06 -21.226288 2.451698 -3.593998 0.0 -6e-06 0.0 -1.362682 2.240798 -0.746323 -21.334921 0.584908 3.008327 -13.821217 -2e-06 5e-06 -23.887175 -0.249077 -0.839478 -61.469059 2.719101 -1.724763 -0.294023 1.679687 0.833257 -14.218212 0.093213 1.300583 -34.212048 -0.287564 0.967176 -20.033213 0.964539 1.212847 0.0 -0.0 0.0 -3.44039 0.788233 0.501656 -15.928191 -3.167311 2.999711 -6.338829 -2e-06 2e-06 -18.123453 3.648185 -4.905669 -3e-06 -0.0 -2e-06 4.806206 7.961576 14.682272 69.543106 6.554224 9.071321 -0.050353 40.916725 0.290818 -9.428199 -1.637522 -7.02521 2.243543 -5.25504 -3.180159 14.282896 -0.826596 6.952505 -2e-06 -12.690617 0.0 16.132011 -17.695007 2.658251 1.665667 -1.955922 -2.8783 4.7278 -4.170592 4.993925 11.020531 3e-06 -3e-06 12.109056 -3.735719 -2.866788 -0.0 -0.0 0.0 1.291986 -1.928551 -1.498091 14.800132 0.567468 3.865607 14.242577 -1.341737 -6.660662 19.631973 0.143926 -0.648247 49.530159 -0.674585 -6.455622 0.353029 -1.511151 -0.03194 20.222799 3.684313 2.316628 18.787277 5e-06 -1e-06 10.751631 -0.47987 1.397906 -1e-06 1e-06 -0.0 3.273808 0.305946 -0.580113 21.48682 11.830381 2.266132 8.16293 2e-06 -2e-06 18.399092 -3.798989 -4.940579 4e-06 1e-06 -1e-06 5.441081 10.037299 -21.502136 -0.060803 -0.329619 37.21283 -4.538974 -1.524638 -19.212095 1.677899 -1.916747 -0.36996 -0.0 0.0 2e-06 -2.392748 -6.720817 -21.491459 0.151937 0.032607 37.704536 1.552353 5.402801 -21.763241 -1.453394 0.885834 -0.493313 -0.0 -0.0 -1e-06 
0.0 0.0 0.0 0.0 -0.0 0.0 -1.537906 94.661659 -0.923158 -0.447338 1.338318 5.395097 0.05817 0.204221 2.305228 -0.529003 -0.182029 -3.756926 2.045449 -0.4425 7.146313 0.31317 3.354939 -16.08313 2.529691 8.139057 -3.005063 1.548309 9.544672 -23.663286 7.8e-05 -2.3e-05 3e-06 0.023665 -0.012112 0.083431 0.586822 -3.790651 -10.682641 -0.548273 3.770988 -10.560266 -2.032382 -3.003153 13.604277 -56.699162 11.909901 -8.205914 -176.65567 -50.47493 178.018326 44.868538 -11.517608 -20.318544 -5.882102 9.86128 0.70259 -10.936865 -0.360577 7.156204 1e-06 8.774821 -0.0 -15.941787 19.343807 5.426075 -1.844029 2.4985 -2.507277 -10.163594 4.678942 4.621108 -20.976013 -4e-06 6e-06 -21.226273 2.451696 -3.593995 -1e-06 -6e-06 -0.0 -1.362679 2.240797 -0.746322 -21.334904 0.584908 3.008325 -13.821205 -3e-06 4e-06 -23.887154 -0.249076 -0.83948 -60.841679 2.673175 -1.875024 -0.294025 1.679685 0.833256 -14.218199 0.093214 1.300581 -34.212021 -0.287564 0.967176 -20.033203 0.964537 1.212846 1e-06 -0.0 1e-06 -3.440387 0.788233 0.501656 -15.928179 -3.167309 2.999709 -6.338824 0.0 1e-06 -18.123438 3.64818 -4.905665 -4e-06 -0.0 -1e-06 4.100054 7.965778 14.879357 70.147217 5.844575 8.83014 -0.173764 41.35046 0.239229 -9.908683 -1.576763 -7.501388 2.243541 -5.255037 -3.180157 14.282887 -0.826596 6.9525 -2e-06 -12.690605 2e-06 16.165377 -17.75099 2.642657 1.665667 -1.955921 -2.878298 4.727798 -4.170588 4.993923 11.020524 3e-06 -1e-06 12.109051 -3.735716 -2.866786 -0.0 0.0 -1e-06 1.291986 -1.92855 -1.498089 14.800125 0.567466 3.865605 14.242571 -1.341736 -6.660658 19.631966 0.143927 -0.648246 49.572884 -0.758097 -6.62078 0.353028 -1.511149 -0.031939 20.222788 3.68431 2.316627 18.78727 4e-06 -3e-06 10.751627 -0.479868 1.397905 1e-06 0.0 -1e-06 3.273806 0.305947 -0.580109 21.486809 11.830378 2.266131 8.162927 2e-06 -2e-06 18.39908 -3.798985 -4.940575 4e-06 0.0 -2e-06 5.161765 10.386703 -22.693295 -0.067014 -0.360965 39.963734 -4.509398 -1.84326 -20.457041 1.678668 -1.913398 -0.439675 -0.0 -0.0 2e-06 -2.766183 -6.34101 -22.82934 0.148898 0.002664 40.659515 1.285296 5.39574 -23.086138 -1.460923 0.894419 -0.590844 -0.0 0.0 -1e-06 
0.0 0.0 0.0 0.0 -0.0 0.0 -1.39963 93.978622 -0.611409 -0.241418 1.137935 5.397854 0.102286 0.229448 2.466095 -0.509372 -0.297816 -3.631316 2.027364 -0.511092 6.872975 -0.102826 3.354842 -16.437618 2.610427 8.493361 -2.991801 1.48089 9.549404 -24.232939 7.8e-05 -2.4e-05 7e-06 0.015029 -0.028452 0.083134 0.562644 -3.814706 -10.69794 -0.541861 3.763265 -10.578777 -0.419429 -3.669985 12.651806 -54.095135 12.252483 -16.114424 -177.403641 -42.157658 178.776443 49.39917 -11.670151 -14.723098 -5.88211 9.861288 0.702589 -10.936874 -0.360574 7.156205 -0.0 8.774825 -2e-06 -16.096085 18.975168 5.15067 -1.844034 2.498505 -2.507278 -10.163604 4.678944 4.621106 -20.976036 -3e-06 -0.0 -21.226297 2.451696 -3.594003 -0.0 -8e-06 0.0 -1.362681 2.240799 -0.746324 -21.334921 0.584911 3.00832 -13.82122 -1e-06 1e-06 -23.887182 -0.24908 -0.839486 -59.884045 2.592179 -1.850998 -0.294025 1.679688 0.833255 -14.218212 0.093216 1.30058 -34.212059 -0.287563 0.967166 -20.033224 0.964535 1.212841 0.0 1e-06 0.0 -3.44039 0.788236 0.501656 -15.928187 -3.167308 2.999708 -6.338828 -2e-06 -1e-06 -18.123446 3.64818 -4.905674 -5e-06 -1e-06 -1e-06 3.399896 8.001081 15.026838 70.484085 4.932023 9.200793 -0.206617 41.884346 0.196775 -9.931273 -1.506409 -8.005792 2.24354 -5.255032 -3.180157 14.282883 -0.826595 6.952502 -2e-06 -12.690595 0.0 16.19552 -17.862366 2.608958 1.665665 -1.955921 -2.878298 4.727797 -4.170584 4.993923 11.020519 4e-06 -1e-06 12.109043 -3.735712 -2.866784 0.0 0.0 -1e-06 1.291984 -1.928548 -1.498088 14.800118 0.567469 3.865607 14.242562 -1.341736 -6.660654 19.631958 0.143925 -0.648246 49.642685 -0.837269 -6.81268 0.353029 -1.511151 -0.03194 20.222778 3.684307 2.316631 18.78726 5e-06 3e-06 10.751623 -0.479868 1.397908 1e-06 1e-06 3e-06 3.273805 0.305947 -0.580111 21.486801 11.830366 2.266132 8.162924 3e-06 0.0 18.399075 -3.798982 -4.94057 4e-06 0.0 -1e-06 4.912686 10.847324 -23.739761 -0.075635 -0.394159 42.685223 -4.38301 -2.305409 -21.413513 1.682799 -1.907423 -0.624122 -0.0 0.0 2e-06 -3.157729 -5.994984 -23.940933 0.145647 -0.011774 43.408905 1.057876 5.419893 -24.252415 -1.469696 0.895191 -0.723357 -0.0 0.0 -1e-06 
0.0 0.0 0.0 0.0 -0.0 0.0 -1.215577 93.366196 -0.283609 -0.063833 0.886236 5.288938 0.178864 0.245627 2.628821 -0.495418 -0.390951 -3.530164 1.997166 -0.659888 6.595132 -0.542565 3.386287 -16.585995 2.708308 8.807223 -2.994763 1.484166 9.631218 -24.615847 7.9e-05 -2.4e-05 8e-06 0.017135 -0.02217 0.081962 0.547637 -3.803892 -10.684431 -0.523343 3.766981 -10.579679 1.440056 -4.370987 11.664373 -50.752731 12.067878 -24.124216 -178.701523 -36.2328 179.497604 51.738525 -10.790564 -7.123456 -5.882107 9.861283 0.70259 -10.93687 -0.360572 7.156204 -1e-06 8.774822 -0.0 -16.220852 18.689417 5.269633 -1.844032 2.498503 -2.507278 -10.163598 4.678944 4.621106 -20.976021 0.0 3e-06 -21.226284 2.451699 -3.594002 0.0 -6e-06 -1e-06 -1.362682 2.240798 -0.746322 -21.334906 0.584913 3.008321 -13.821213 2e-06 3e-06 -23.887163 -0.249076 -0.839486 -59.546825 2.583177 -1.694236 -0.294025 1.679688 0.833254 -14.218206 0.093219 1.300578 -34.21204 -0.287561 0.967166 -20.033205 0.964538 1.212838 -0.0 -0.0 -2e-06 -3.440388 0.788234 0.501656 -15.928183 -3.167306 2.999703 -6.338823 -1e-06 0.0 -18.123444 3.648184 -4.90567 -3e-06 2e-06 -1e-06 2.700844 8.183008 15.152298 70.630157 3.940267 9.817437 -0.140306 42.376606 0.16006 -9.697914 -1.476264 -8.596574 2.24354 -5.255035 -3.180156 14.282883 -0.826594 6.952501 -2e-06 -12.690598 2e-06 16.254417 -17.937725 2.56869 1.665665 -1.95592 -2.878298 4.727796 -4.170585 4.993921 11.020518 2e-06 0.0 12.109044 -3.735715 -2.866782 0.0 -1e-06 -0.0 1.291985 -1.928548 -1.49809 14.800118 0.567467 3.865607 14.242561 -1.341736 -6.660653 19.631954 0.143925 -0.648242 49.668339 -0.898015 -6.927012 0.353029 -1.511149 -0.03194 20.222778 3.684306 2.316631 18.787264 3e-06 2e-06 10.751621 -0.47987 1.397906 2e-06 0.0 1e-06 3.273804 0.305947 -0.580109 21.486799 11.830366 2.266132 8.162922 1e-06 -1e-06 18.399073 -3.798986 -4.940572 4e-06 0.0 0.0 4.702526 11.458702 -24.673609 -0.098103 -0.441983 45.444538 -4.21921 -2.896379 -22.025307 1.69758 -1.915115 -1.030151 0.0 -0.0 2e-06 -3.54983 -5.635183 -24.877151 0.141532 -0.006248 46.018234 0.847572 5.499332 -25.182178 -1.48117 0.900507 -0.932759 -0.0 -0.0 -1e-06 
0.0 0.0 0.0 0.0 -0.0 0.0 -0.958679 92.844078 0.03069 0.121789 0.510874 5.063049 0.245901 0.292565 2.862324 -0.447249 -0.523662 -3.508928 1.873084 -0.76219 6.395767 -0.80254 3.34879 -16.504215 2.825366 9.298918 -2.964545 1.363947 9.969339 -24.881865 7.9e-05 -2.2e-05 8e-06 0.077684 0.060287 0.063317 0.600313 -3.706113 -10.678223 -0.455354 3.832098 -10.583383 3.50815 -5.241098 10.639577 -47.423222 11.164169 -31.528461 179.667007 -32.576557 -179.797043 52.374981 -9.987874 0.152029 -5.882102 9.861279 0.702589 -10.936865 -0.360578 7.1562 2e-06 8.774821 -2e-06 -16.492132 18.822046 5.668316 -1.844031 2.498504 -2.507276 -10.163592 4.67894 4.6211 -20.976009 -7e-06 1e-06 -21.226273 2.451691 -3.593997 -0.0 -6e-06 0.0 -1.362681 2.240797 -0.746323 -21.334904 0.584905 3.008323 -13.821205 -5e-06 4e-06 -23.887154 -0.249082 -0.839478 -59.820309 2.821358 -1.64586 -0.294024 1.679686 0.833253 -14.218199 0.093212 1.30058 -34.212032 -0.28757 0.967174 -20.033199 0.964533 1.212846 -0.0 0.0 0.0 -3.440387 0.788233 0.501656 -15.928179 -3.167312 2.999706 -6.33882 -3e-06 0.0 -18.123436 3.648178 -4.905665 -6e-06 -0.0 -1e-06 2.057847 8.449991 15.38725 70.599083 3.18781 10.417834 -0.110468 42.572903 0.161708 -9.273087 -1.337167 -9.696881 2.24354 -5.255033 -3.180154 14.282881 -0.826592 6.952497 -4e-06 -12.690593 0.0 16.248159 -17.963205 2.572001 1.665665 -1.95592 -2.878298 4.727796 -4.170585 4.993919 11.020519 4e-06 -0.0 12.109043 -3.73571 -2.866781 -0.0 -0.0 1e-06 1.291984 -1.928546 -1.498087 14.800118 0.567468 3.865604 14.24256 -1.341733 -6.660651 19.631952 0.143925 -0.648242 49.534836 -0.914989 -6.944501 0.353028 -1.511149 -0.03194 20.222778 3.684308 2.316628 18.787262 7e-06 3e-06 10.75162 -0.479867 1.397906 1e-06 1e-06 1e-06 3.273805 0.305947 -0.58011 21.486801 11.830364 2.266132 8.162922 3e-06 0.0 18.399069 -3.79898 -4.940569 3e-06 0.0 0.0 4.525344 12.190412 -25.669571 -0.179788 -0.41624 48.554569 -4.208739 -3.440898 -22.051105 1.724217 -1.966071 -1.872191 0.0 -0.0 2e-06 -3.964148 -5.266432 -25.791059 0.115234 0.091873 48.764309 0.82375 5.716881 -25.805767 -1.494883 0.921647 -1.313441 0.0 0.0 -1e-06 
0.0 0.0 0.0 0.0 -0.0 0.0 -0.690052 92.331413 0.255439 0.369144 0.263891 4.750001 0.257532 0.22794 3.139552 -0.455016 -0.648899 -3.392138 1.779315 -0.862532 6.252162 -1.044076 3.391489 -16.569536 2.881067 9.58614 -2.963861 1.435841 10.401935 -24.928791 7.8e-05 -2.3e-05 7e-06 0.077945 0.053164 0.051689 0.59744 -3.698809 -10.631958 -0.452906 3.810466 -10.548209 5.277015 -6.055265 9.883225 -44.279819 9.529489 -37.691601 177.932953 -30.503157 -179.00795 51.943695 -10.278292 6.178279 -5.882105 9.861283 0.702591 -10.936868 -0.360574 7.156204 -2e-06 8.774822 -1e-06 -16.695271 18.98613 6.167053 -1.844032 2.498504 -2.507276 -10.163595 4.678943 4.621108 -20.976013 -3e-06 2e-06 -21.226276 2.451695 -3.594 -1e-06 -6e-06 0.0 -1.36268 2.240798 -0.746324 -21.334904 0.58491 3.008325 -13.821209 -2e-06 2e-06 -23.887159 -0.249076 -0.839482 -60.038704 2.890244 -1.388506 -0.294024 1.679687 0.833256 -14.218203 0.093216 1.300582 -34.212036 -0.287561 0.967172 -20.033207 0.96454 1.212843 0.0 1e-06 0.0 -3.440387 0.788233 0.501654 -15.928179 -3.167308 2.999707 -6.338825 -1e-06 1e-06 -18.12344 3.648182 -4.905668 -4e-06 1e-06 -3e-06 1.479367 8.82216 15.266066 70.369522 2.232985 10.654206 -0.040659 42.89661 0.074612 -8.867834 -1.405439 -10.702255 2.24354 -5.255034 -3.180157 14.282877 -0.826593 6.952496 -0.0 -12.690597 -1e-06 16.211071 -17.974073 2.55309 1.665665 -1.955921 -2.878298 4.727795 -4.170585 4.993918 11.020515 2e-06 -3e-06 12.109042 -3.735714 -2.866783 -1e-06 0.0 -0.0 1.291984 -1.928548 -1.498088 14.800115 0.567467 3.865602 14.24256 -1.341737 -6.660655 19.631948 0.143927 -0.648246 49.536388 -0.86323 -6.893386 0.353029 -1.511149 -0.031939 20.222771 3.684306 2.316625 18.787254 5e-06 -3e-06 10.751616 -0.479867 1.397904 1e-06 0.0 1e-06 3.273804 0.305946 -0.58011 21.486794 11.830367 2.266129 8.162919 1e-06 -1e-06 18.399069 -3.798983 -4.940574 3e-06 1e-06 -1e-06 4.287621 12.730112 -27.011959 -0.200949 -0.430241 52.176479 -3.926951 -4.045363 -21.371849 1.744258 -2.006917 -2.913504 -0.0 0.0 2e-06 -4.485949 -4.763219 -27.043358 0.098736 0.106692 52.121696 0.662828 5.808272 -25.613014 -1.504821 0.897829 -2.185173 -0.0 -0.0 -1e-06 
0.0 0.0 0.0 0.0 -0.0 0.0 -0.366178 91.885368 0.426904 0.76929 0.163393 4.267534 0.213429 0.096345 3.448088 -0.478773 -0.758155 -3.23194 1.565324 -0.918747 6.275776 -1.336057 3.34334 -16.57976 3.03788 9.857811 -2.96874 1.591283 10.916098 -24.853485 7.7e-05 -2.2e-05 6e-06 0.049901 0.007796 0.049635 0.586782 -3.728695 -10.56545 -0.499538 3.752775 -10.486361 6.572673 -6.81882 9.276741 -41.038292 7.051086 -43.107613 176.540375 -29.525101 -178.290588 50.909695 -11.515985 10.795506 -5.882106 9.861284 0.702589 -10.93687 -0.360576 7.156204 0.0 8.774822 -3e-06 -16.94924 18.90148 6.432719 -1.844033 2.498504 -2.507277 -10.163599 4.678944 4.621108 -20.976021 -2e-06 1e-06 -21.226284 2.451695 -3.594001 1e-06 -7e-06 -0.0 -1.362682 2.240799 -0.746323 -21.334915 0.584909 3.00832 -13.821213 -2e-06 0.0 -23.887171 -0.249081 -0.839486 -59.777039 2.813733 -1.109878 -0.294025 1.679687 0.833256 -14.218208 0.093214 1.30058 -34.212048 -0.287565 0.967167 -20.033213 0.964534 1.212841 -2e-06 2e-06 -0.0 -3.440388 0.788233 0.501656 -15.928185 -3.167309 2.999705 -6.338826 -2e-06 0.0 -18.123444 3.648182 -4.905673 -5e-06 -0.0 -3e-06 1.118429 9.127622 15.259298 69.698708 1.539134 10.489951 0.059953 43.388325 0.10333 -8.461297 -1.69952 -12.454057 2.243541 -5.255033 -3.180157 14.282887 -0.826594 6.9525 -3e-06 -12.690604 1e-06 16.185526 -17.991594 2.548363 1.665666 -1.95592 -2.878298 4.727797 -4.170586 4.993922 11.020522 3e-06 -1e-06 12.109048 -3.735714 -2.866782 0.0 0.0 -1e-06 1.291985 -1.928549 -1.498089 14.800122 0.567468 3.865605 14.242568 -1.341737 -6.660656 19.631956 0.143926 -0.648244 49.608086 -0.881158 -6.715324 0.353028 -1.51115 -0.03194 20.222784 3.68431 2.316628 18.787266 6e-06 -3e-06 10.751625 -0.479868 1.397904 1e-06 -0.0 1e-06 3.273806 0.305947 -0.58011 21.486809 11.830374 2.26613 8.162926 4e-06 -1e-06 18.399076 -3.798984 -4.940576 3e-06 0.0 -2e-06 3.941288 13.102081 -28.393557 -0.215665 -0.454449 55.991802 -3.46616 -4.959376 -19.812368 1.75447 -2.006975 -4.476522 -0.0 -0.0 2e-06 -5.190975 -4.287306 -28.345613 0.122658 0.070677 55.816311 0.492631 5.892666 -24.661793 -1.514594 0.877945 -3.72728 0.0 0.0 -1e-06 
0.0 0.0 0.0 0.0 -0.0 0.0 -0.009913 91.502205 0.633067 1.356262 -0.039266 3.729187 0.073225 0.066678 3.63753 -0.474197 -0.852202 -3.158839 1.198389 -1.040639 6.428648 -1.557159 3.429797 -16.276045 3.132248 10.148857 -2.911429 1.739968 11.43695 -24.549326 7.8e-05 -2.3e-05 7e-06 0.057191 0.019113 0.039905 0.603824 -3.707362 -10.526608 -0.502183 3.754855 -10.454663 7.254923 -7.505709 8.700557 -37.716648 4.549661 -47.940376 175.738632 -29.492388 -177.503082 49.525082 -13.153505 14.744042 -5.882102 9.86128 0.70259 -10.936868 -0.360578 7.156201 1e-06 8.774821 -2e-06 -17.306555 18.643255 6.389246 -1.84403 2.498504 -2.507277 -10.163595 4.67894 4.621106 -20.976015 -5e-06 5e-06 -21.226276 2.451694 -3.593996 0.0 -6e-06 -1e-06 -1.362681 2.240798 -0.746323 -21.334906 0.584906 3.008323 -13.821208 -5e-06 4e-06 -23.887165 -0.249079 -0.83948 -59.379082 2.842474 -1.046783 -0.294024 1.679686 0.833256 -14.218204 0.093212 1.300578 -34.21204 -0.287569 0.967174 -20.033209 0.964536 1.212847 0.0 1e-06 0.0 -3.440387 0.788232 0.501655 -15.928183 -3.16731 2.999708 -6.338823 0.0 1e-06 -18.123438 3.64818 -4.905666 -5e-06 -1e-06 -3e-06 1.043401 9.401269 15.370528 68.524734 0.882842 9.822021 0.359998 44.172794 0.270294 -7.92331 -2.215871 -14.806158 2.24354 -5.255033 -3.180156 14.282881 -0.826592 6.952498 -3e-06 -12.690598 -0.0 16.101768 -17.908249 2.569738 1.665665 -1.955921 -2.878298 4.727796 -4.170585 4.993921 11.02052 3e-06 -0.0 12.109046 -3.735713 -2.866781 0.0 0.0 -1e-06 1.291985 -1.928549 -1.498087 14.80012 0.56747 3.865606 14.24256 -1.341735 -6.660652 19.631952 0.143927 -0.648242 49.619343 -0.901558 -6.677853 0.353029 -1.51115 -0.03194 20.222784 3.68431 2.316629 18.787266 6e-06 1e-06 10.751624 -0.479866 1.397906 0.0 1e-06 0.0 3.273804 0.305948 -0.58011 21.486801 11.830369 2.266132 8.162922 3e-06 0.0 18.399071 -3.798983 -4.94057 3e-06 1e-06 -1e-06 3.385204 13.271331 -28.784586 -0.30022 -0.424805 58.22028 -3.288453 -5.633591 -18.643026 1.770851 -2.036285 -5.758781 -0.0 0.0 2e-06 -6.082291 -4.158834 -29.258287 0.128428 0.090702 58.844418 0.347856 6.291258 -23.803202 -1.498168 0.82954 -4.961646 -0.0 -0.0 -1e-06 
0.0 0.0 0.0 0.0 -0.0 0.0 0.381661 91.204109 0.876831 2.159877 -0.252315 3.241706 -0.145621 0.094498 3.697936 -0.462985 -0.953686 -3.122654 0.662117 -1.138024 6.613782 -1.844176 3.545576 -15.89202 3.229242 10.430984 -2.847044 1.947569 11.92082 -23.839819 7.7e-05 -2.2e-05 7e-06 0.061537 0.02928 0.029795 0.618728 -3.686786 -10.494471 -0.508723 3.754254 -10.436567 7.369245 -8.123674 8.375591 -33.846531 2.763142 -53.173748 175.438599 -30.280704 -176.664001 48.329502 -14.519121 17.932516 -5.882102 9.861276 0.702587 -10.936864 -0.360574 7.1562 0.0 8.774817 -3e-06 -17.65711 18.258898 6.205468 -1.84403 2.498503 -2.507275 -10.163591 4.678938 4.621104 -20.976006 -2e-06 3e-06 -21.226271 2.451694 -3.593997 1e-06 -6e-06 1e-06 -1.362681 2.240797 -0.746323 -21.334898 0.584907 3.008321 -13.821205 -3e-06 4e-06 -23.887152 -0.249079 -0.83948 -59.078304 2.85991 -1.002527 -0.294025 1.679685 0.833256 -14.218198 0.093215 1.300581 -34.212021 -0.287565 0.967172 -20.033201 0.964536 1.212844 1e-06 1e-06 0.0 -3.440386 0.788232 0.501656 -15.928176 -3.167306 2.999705 -6.338821 -0.0 2e-06 -18.123434 3.648178 -4.905666 -5e-06 -1e-06 -2e-06 1.102223 9.523231 15.474274 66.856499 -0.090675 8.938905 0.626682 45.595203 0.418865 -7.250795 -3.217838 -17.485691 2.243539 -5.255033 -3.180155 14.28288 -0.826595 6.9525 -2e-06 -12.690598 2e-06 15.879788 -17.834452 2.677161 1.665665 -1.95592 -2.878297 4.727796 -4.170585 4.993921 11.020516 1e-06 -1e-06 12.109041 -3.735714 -2.866781 0.0 0.0 -1e-06 1.291983 -1.928548 -1.498088 14.800115 0.567466 3.865607 14.242558 -1.341737 -6.660651 19.631948 0.143925 -0.648242 49.644299 -0.914512 -6.672569 0.353028 -1.511151 -0.03194 20.222775 3.684307 2.316631 18.787256 3e-06 1e-06 10.751619 -0.479869 1.397905 1e-06 -1e-06 -0.0 3.273804 0.305947 -0.58011 21.486794 11.830368 2.266133 8.162921 1e-06 0.0 18.399067 -3.798988 -4.940571 4e-06 0.0 -1e-06 2.466967 13.319708 -28.453634 -0.337812 -0.383901 59.076431 -3.098303 -5.984518 -18.22467 1.774169 -2.054949 -6.350615 0.0 -0.0 3e-06 -7.254989 -4.420475 -29.866604 0.138883 0.1177 61.199329 0.2732 6.98679 -22.798439 -1.47632 0.774649 -5.945124 0.0 -0.0 -1e-06 
0.0 0.0 0.0 0.0 -0.0 0.0 0.791084 91.19149 1.205817 2.911489 -0.408399 2.916496 -0.405951 0.146984 3.649936 -0.474302 -1.049542 -3.138278 0.19558 -1.265491 6.751811 -1.982018 3.654639 -15.53602 3.294192 10.744125 -2.796246 2.149357 12.264613 -22.732603 7.7e-05 -2.3e-05 6e-06 0.059618 0.035212 0.033905 0.619121 -3.675712 -10.454782 -0.512969 3.753326 -10.410135 7.38689 -8.623674 8.230433 -29.24279 2.931367 -58.870747 175.174744 -32.114063 -176.001602 47.593773 -14.692638 19.334442 -5.882099 9.861271 0.702588 -10.936857 -0.360574 7.156197 1e-06 8.774811 -0.0 -18.097311 17.872496 5.929887 -1.84403 2.498502 -2.507273 -10.163588 4.678937 4.621105 -20.975998 -2e-06 3e-06 -21.226261 2.451694 -3.593995 1e-06 -6e-06 -0.0 -1.36268 2.240795 -0.746322 -21.334887 0.584912 3.008321 -13.821197 -3e-06 3e-06 -23.887144 -0.249076 -0.839482 -59.107124 2.89742 -0.936151 -0.294026 1.679685 0.833254 -14.21819 0.093217 1.300578 -34.212013 -0.28756 0.967169 -20.033194 0.964536 1.212843 2e-06 0.0 0.0 -3.440383 0.788233 0.501654 -15.928168 -3.167304 2.999704 -6.338818 -1e-06 3e-06 -18.123425 3.648178 -4.905661 -5e-06 -1e-06 -2e-06 1.22152 9.353584 15.587679 64.716507 -1.956538 7.293634 0.973978 48.63942 0.618228 -7.091789 -4.69132 -19.684103 2.243536 -5.255029 -3.180152 14.282864 -0.826594 6.952497 -2e-06 -12.690584 -0.0 15.598125 -17.680733 2.786266 1.665662 -1.95592 -2.878294 4.72779 -4.170582 4.993917 11.020504 3e-06 1e-06 12.109026 -3.73571 -2.866777 0.0 -0.0 -0.0 1.291981 -1.928545 -1.498086 14.800098 0.567469 3.865606 14.242539 -1.341734 -6.660643 19.63192 0.143923 -0.648239 49.585258 -0.85115 -6.714339 0.353029 -1.511149 -0.03194 20.222752 3.684302 2.316632 18.787235 3e-06 6e-06 10.751606 -0.47987 1.397906 0.0 0.0 -1e-06 3.2738 0.305947 -0.580109 21.486769 11.830355 2.266137 8.162913 1e-06 3e-06 18.39905 -3.798983 -4.940562 2e-06 0.0 -1e-06 1.510151 13.407096 -27.646429 -0.334555 -0.331023 58.707825 -2.834803 -6.128196 -18.109657 1.770865 -2.090745 -6.344023 0.0 -0.0 3e-06 -8.369467 -5.148909 -30.100664 0.159333 0.134182 62.570408 0.065102 7.900153 -21.629972 -1.453757 0.727108 -6.782209 0.0 0.0 -1e-06 
0.0 0.0 0.0 0.0 -0.0 0.0 1.137665 91.738876 1.63672 3.2651 -0.387081 2.972763 -0.665613 0.121591 3.391905 -0.560844 -1.071496 -3.231998 0.142736 -1.599231 6.693688 -1.826366 3.849364 -15.210705 3.288072 10.904987 -2.749408 2.265462 12.578327 -21.590549 7.6e-05 -2.2e-05 6e-06 0.029626 0.010692 0.050597 0.575359 -3.703383 -10.404848 -0.529456 3.730696 -10.37089 7.818954 -8.857678 8.087187 -23.57049 6.19797 -64.966278 174.980988 -35.889023 -175.915039 46.954201 -12.638303 17.942165 -5.882101 9.861276 0.702589 -10.936861 -0.360572 7.156199 -1e-06 8.774816 -1e-06 -18.675709 17.450832 5.578048 -1.84403 2.498502 -2.507276 -10.16359 4.67894 4.621104 -20.976006 -1e-06 -0.0 -21.226269 2.451695 -3.594 -2e-06 -6e-06 -1e-06 -1.36268 2.240795 -0.746323 -21.334896 0.584911 3.00832 -13.821201 0.0 0.0 -23.887146 -0.249074 -0.839486 -59.419327 2.904293 -0.799252 -0.294026 1.679683 0.833255 -14.218195 0.093217 1.300579 -34.212013 -0.287561 0.967166 -20.033194 0.964539 1.212839 -0.0 2e-06 -2e-06 -3.440384 0.788234 0.501655 -15.928172 -3.167302 2.999703 -6.338821 -1e-06 0.0 -18.123432 3.648181 -4.905668 -4e-06 1e-06 -2e-06 1.408252 8.95953 15.582146 62.299763 -5.620016 4.597055 1.464098 54.585598 0.878194 -8.364708 -6.697728 -20.833672 2.243537 -5.255033 -3.180154 14.282875 -0.826595 6.952497 -2e-06 -12.690595 -0.0 15.355336 -17.443769 2.768098 1.665664 -1.955921 -2.878296 4.727793 -4.170584 4.99392 11.020514 2e-06 -0.0 12.109038 -3.735715 -2.866781 -0.0 1e-06 0.0 1.291985 -1.928549 -1.498088 14.800112 0.567469 3.865604 14.242557 -1.341738 -6.66065 19.631945 0.143924 -0.648243 49.281857 -0.558862 -6.839726 0.353029 -1.511149 -0.03194 20.222769 3.684306 2.31663 18.787254 2e-06 1e-06 10.751617 -0.479869 1.397905 0.0 1e-06 1e-06 3.273804 0.305948 -0.58011 21.48679 11.830368 2.266133 8.16292 1e-06 0.0 18.399063 -3.798985 -4.94057 3e-06 0.0 -2e-06 0.94985 13.566339 -26.404331 -0.306255 -0.308252 56.640331 -2.448474 -6.357863 -17.645464 1.760048 -2.125978 -6.035888 0.0 -0.0 3e-06 -8.924079 -6.329124 -29.568184 0.210243 0.159407 61.812443 -0.254095 9.276566 -20.3696 -1.418863 0.668487 -7.608983 0.0 -0.0 -1e-06 
0.0 0.0 0.0 0.0 -0.0 0.0 1.314003 93.328873 2.215512 2.835558 -0.213518 3.452149 -0.612912 0.023922 2.89963 -0.585778 -1.13426 -3.539345 0.399676 -1.779248 6.499479 -1.383126 3.769893 -14.973739 3.442819 11.244184 -2.676965 2.37773 12.719569 -20.137081 7.7e-05 -2.1e-05 6e-06 0.04863 0.04999 0.062465 0.605844 -3.658257 -10.374002 -0.522423 3.767154 -10.314153 8.475905 -9.121043 7.904209 -16.176462 12.360398 -69.576401 174.800491 -42.084305 -175.967102 45.877918 -8.403956 13.81885 -5.882104 9.861284 0.702587 -10.936868 -0.360574 7.1562 0.0 8.774822 -1e-06 -18.662807 16.428001 5.067265 -1.844032 2.498505 -2.507277 -10.163596 4.678944 4.621105 -20.976021 -2e-06 -1e-06 -21.226282 2.451695 -3.594 -1e-06 -7e-06 -0.0 -1.362682 2.240798 -0.746325 -21.334911 0.58491 3.008319 -13.821213 -2e-06 -1e-06 -23.887173 -0.249081 -0.839487 -59.241497 2.803905 -0.674012 -0.294026 1.679688 0.833255 -14.218207 0.093214 1.300577 -34.212048 -0.287568 0.967166 -20.033209 0.964534 1.212841 -1e-06 1e-06 -2e-06 -3.440387 0.788233 0.501655 -15.928183 -3.167307 2.999705 -6.338825 -3e-06 0.0 -18.123444 3.648183 -4.905672 -3e-06 1e-06 -1e-06 2.104364 7.983003 15.49991 59.356796 -10.79141 1.856102 2.293572 62.995197 1.765706 -11.030938 -8.600717 -21.480745 2.243538 -5.255033 -3.180155 14.28288 -0.826595 6.952498 -3e-06 -12.690599 0.0 15.369137 -17.239895 2.626685 1.665665 -1.955921 -2.878297 4.727795 -4.170584 4.99392 11.020515 4e-06 -1e-06 12.10904 -3.735714 -2.866782 -0.0 -1e-06 0.0 1.291986 -1.928548 -1.498088 14.800118 0.567468 3.865605 14.24256 -1.341736 -6.660654 19.631952 0.143928 -0.648244 48.775307 -0.491545 -6.732716 0.353027 -1.511151 -0.031939 20.222775 3.68431 2.316629 18.787258 4e-06 -0.0 10.75162 -0.479868 1.397907 -1e-06 1e-06 2e-06 3.273806 0.305946 -0.58011 21.486799 11.830371 2.266133 8.162921 2e-06 0.0 18.399067 -3.798982 -4.940571 4e-06 2e-06 -2e-06 1.212947 14.141685 -24.43976 -0.276894 -0.333439 52.165325 -2.176492 -6.996209 -16.290121 1.767971 -2.211235 -6.027328 -0.0 0.0 2e-06 -8.436832 -7.108454 -27.997196 0.247938 0.254013 58.256016 -0.075736 10.024641 -18.219603 -1.417011 0.663487 -7.70782 0.0 0.0 -1e-06 
0.0 0.0 0.0 0.0 -0.0 0.0 1.307115 96.125465 3.102064 2.240669 0.136838 4.082653 -0.659856 -0.172254 2.101855 -0.701115 -1.256707 -4.006082 0.95285 -1.949944 6.117699 -0.618941 3.684064 -14.345937 3.544994 11.658988 -2.569412 2.584426 12.77807 -18.283352 7.7e-05 -2.2e-05 3e-06 0.070558 0.099027 0.038588 0.617164 -3.615025 -10.367987 -0.48952 3.821945 -10.312569 9.537952 -9.281547 7.43015 -6.945942 18.780258 -70.464226 174.907425 -51.613808 -176.633209 44.372772 -4.165918 7.268501 -5.882103 9.861284 0.70259 -10.936865 -0.360577 7.156199 1e-06 8.774824 -1e-06 -18.305189 15.811181 4.777127 -1.844032 2.498505 -2.507275 -10.163595 4.678942 4.621106 -20.976017 -3e-06 -2e-06 -21.226282 2.451695 -3.594003 -2e-06 -6e-06 -1e-06 -1.362682 2.240797 -0.746323 -21.334904 0.584908 3.008319 -13.821206 -1e-06 1e-06 -23.887161 -0.249082 -0.839485 -59.130821 2.689652 -0.761118 -0.294025 1.679686 0.833255 -14.218201 0.093215 1.300577 -34.212032 -0.287568 0.967163 -20.033201 0.964531 1.21284 1e-06 2e-06 -1e-06 -3.440387 0.788234 0.501655 -15.928179 -3.167309 2.999703 -6.338824 -1e-06 0.0 -18.123444 3.648179 -4.905671 -4e-06 1e-06 -2e-06 3.107894 6.866653 15.375793 56.131912 -16.407608 0.346527 3.098153 71.627487 2.588662 -13.784103 -10.066616 -20.323252 2.243539 -5.255034 -3.180155 14.282886 -0.826594 6.952497 -3e-06 -12.690596 1e-06 15.565648 -17.062622 2.507524 1.665666 -1.955921 -2.878296 4.727797 -4.170585 4.993921 11.02052 2e-06 -1e-06 12.109046 -3.735714 -2.866782 0.0 -2e-06 -0.0 1.291986 -1.928549 -1.498088 14.80012 0.567466 3.865603 14.242566 -1.341735 -6.660654 19.631956 0.143925 -0.648246 48.392197 -0.362713 -6.641348 0.353028 -1.51115 -0.031941 20.222784 3.684306 2.316627 18.787266 4e-06 -3e-06 10.751623 -0.479867 1.397904 0.0 3e-06 2e-06 3.273804 0.305947 -0.580111 21.486801 11.830368 2.266128 8.162924 -1e-06 -2e-06 18.399075 -3.798984 -4.940575 4e-06 -1e-06 -0.0 1.71335 14.616097 -21.077852 -0.264901 -0.438787 44.221329 -2.411986 -7.860796 -12.107618 1.810645 -2.225029 -6.695867 -0.0 0.0 2e-06 -7.586267 -7.736191 -24.575077 0.267078 0.467344 50.717552 0.388762 10.502185 -14.16556 -1.403574 0.651824 -8.281548 -0.0 0.0 -1e-06 
0.0 0.0 0.0 0.0 -0.0 0.0 1.31496 100.016937 4.11416 1.842381 0.346915 4.409467 -0.822249 -0.379317 1.207216 -0.844537 -1.411638 -4.414274 1.418662 -1.835595 5.394175 0.126405 3.68808 -12.931828 3.593236 11.527154 -2.565509 3.085625 12.96481 -16.232723 7.6e-05 -2.2e-05 4e-06 0.043105 0.047977 0.019627 0.583996 -3.687267 -10.517771 -0.512757 3.791428 -10.441039 11.36421 -9.419553 6.840755 2.910284 21.482067 -66.841866 176.407135 -64.882149 -177.799561 42.631161 0.389559 -2.41447 -5.882098 9.861278 0.702592 -10.936859 -0.360574 7.156203 2e-06 8.774815 -1e-06 -18.043766 15.93177 4.814849 -1.844029 2.498505 -2.507275 -10.163589 4.678941 4.621108 -20.976 -5e-06 7e-06 -21.226259 2.451695 -3.593991 0.0 -6e-06 -1e-06 -1.362679 2.240797 -0.746322 -21.334892 0.584907 3.008328 -13.821199 -1e-06 6e-06 -23.887146 -0.249075 -0.839476 -59.514416 2.48594 -0.884016 -0.294024 1.679684 0.833256 -14.218193 0.093213 1.300584 -34.212009 -0.28756 0.967179 -20.033192 0.96454 1.212847 0.0 0.0 0.0 -3.440385 0.78823 0.501657 -15.928168 -3.167309 2.99971 -6.338819 -1e-06 3e-06 -18.123426 3.648182 -4.905661 -6e-06 2e-06 -3e-06 3.43292 5.942813 15.167943 53.675453 -20.980598 1.022258 2.544941 77.928764 2.430408 -15.365286 -11.18994 -18.926397 2.243539 -5.255033 -3.180154 14.282874 -0.82659 6.952496 -3e-06 -12.690593 -1e-06 15.668426 -17.197355 2.470542 1.665664 -1.95592 -2.878296 4.727792 -4.170582 4.993919 11.020513 4e-06 -1e-06 12.109038 -3.735712 -2.866781 -0.0 -1e-06 -0.0 1.291983 -1.928547 -1.498088 14.800112 0.567468 3.865604 14.242558 -1.341734 -6.660652 19.631948 0.143928 -0.648243 48.748199 -0.288412 -6.417915 0.353029 -1.511148 -0.031941 20.222771 3.684307 2.316629 18.787254 4e-06 0.0 10.751617 -0.479868 1.397905 -1e-06 0.0 1e-06 3.273804 0.305946 -0.58011 21.48679 11.830364 2.266133 8.162918 1e-06 1e-06 18.399061 -3.798982 -4.940568 4e-06 0.0 -1e-06 1.956318 14.333955 -16.395729 -0.207684 -0.584533 33.697201 -3.244265 -7.601784 -3.164291 1.88945 -2.170622 -9.681944 -0.0 0.0 2e-06 -7.041627 -7.861095 -19.483156 0.229255 0.631928 40.093517 1.149779 10.965173 -5.729557 -1.42285 0.701615 -11.069846 0.0 0.0 -1e-06 
0.0 0.0 0.0 0.0 -0.0 0.0 1.466962 104.271568 4.95144 1.280931 0.159383 4.63481 -0.780089 -0.449304 0.037854 -0.888962 -1.277427 -4.896002 1.707604 -1.891043 4.857193 0.533864 3.538324 -10.818683 3.836354 11.547246 -2.651254 3.755975 13.086619 -14.407613 7.6e-05 -2.2e-05 6e-06 0.018893 0.03022 0.00406 0.556185 -3.737843 -10.676068 -0.532988 3.805204 -10.613056 14.328427 -9.60296 6.399771 11.57262 20.260134 -60.742786 -173.836121 -82.419205 173.222229 37.678471 4.646739 -13.605847 -5.8821 9.861279 0.702591 -10.936863 -0.360574 7.156202 3e-06 8.774822 -1e-06 -17.672779 16.184258 5.100967 -1.844031 2.498503 -2.507275 -10.163592 4.678942 4.621108 -20.976007 -2e-06 6e-06 -21.226271 2.451697 -3.593997 -1e-06 -6e-06 -0.0 -1.362679 2.240799 -0.746322 -21.334898 0.584909 3.008325 -13.821203 -3e-06 4e-06 -23.887154 -0.249078 -0.839479 -60.306656 2.356486 -0.899669 -0.294025 1.679685 0.833256 -14.218199 0.093214 1.300582 -34.212021 -0.287562 0.967175 -20.033197 0.964538 1.212846 -1e-06 1e-06 1e-06 -3.440386 0.788232 0.501656 -15.928176 -3.167309 2.999708 -6.338821 -2e-06 2e-06 -18.12343 3.648182 -4.905664 -4e-06 -0.0 -3e-06 2.322613 5.699329 15.036797 52.360043 -23.105904 3.754978 3.78247 81.213364 3.47785 -15.915362 -11.535916 -16.945126 2.243538 -5.255028 -3.180154 14.282878 -0.826595 6.952495 -3e-06 -12.690592 -1e-06 16.087751 -17.335602 2.557082 1.665666 -1.955921 -2.878295 4.727796 -4.170582 4.993918 11.020517 2e-06 -1e-06 12.109044 -3.735713 -2.866782 0.0 -1e-06 -0.0 1.291985 -1.928548 -1.498088 14.800115 0.567469 3.865603 14.24256 -1.341735 -6.660653 19.631952 0.143927 -0.648244 49.389648 -0.419082 -6.247766 0.353025 -1.511149 -0.031941 20.222775 3.684307 2.316626 18.787256 6e-06 -2e-06 10.75162 -0.479867 1.397905 0.0 2e-06 1e-06 3.273805 0.305948 -0.580111 21.486799 11.830361 2.266129 8.162921 -0.0 0.0 18.399069 -3.79898 -4.940571 3e-06 -2e-06 -1e-06 2.274081 13.448486 -11.90013 -0.137146 -0.717128 22.766041 -3.878199 -5.900681 10.098701 1.987534 -2.129514 -12.744643 0.0 -0.0 1e-06 -6.398691 -7.455637 -13.953311 0.144212 0.723468 27.656132 2.492961 11.220627 7.299363 -1.487297 0.797161 -15.484882 -0.0 -0.0 -2e-06 
0.0 0.0 0.0 0.0 -0.0 0.0 1.70405 108.268784 5.383827 0.650132 -0.364438 5.069517 -0.673691 -0.412839 -1.120281 -0.829935 -1.180622 -5.331462 1.904924 -2.045261 4.487495 0.58022 3.404175 -9.258301 4.166396 11.433122 -2.704518 4.627071 13.303632 -12.665002 7.6e-05 -2.2e-05 6e-06 0.016499 0.043086 -0.00038 0.599773 -3.720168 -10.72013 -0.579739 3.809367 -10.673201 17.33433 -9.924501 5.673888 19.349569 16.252195 -52.993668 -11.047763 -76.210052 10.430733 28.299646 7.945921 -25.356054 -5.882107 9.861284 0.702588 -10.93687 -0.360577 7.1562 -0.0 8.774823 -2e-06 -17.240519 17.011852 6.000459 -1.844033 2.498505 -2.507277 -10.163601 4.678942 4.621103 -20.976021 -5e-06 0.0 -21.226286 2.451694 -3.594 2e-06 -6e-06 -0.0 -1.362681 2.240797 -0.746323 -21.334913 0.584908 3.008319 -13.821213 -4e-06 0.0 -23.887173 -0.249082 -0.839484 -61.708672 2.23331 -0.678029 -0.294024 1.679687 0.833255 -14.218207 0.093214 1.300578 -34.212048 -0.287568 0.967166 -20.033211 0.964533 1.212842 0.0 -0.0 -0.0 -3.440388 0.788233 0.501655 -15.928185 -3.167309 2.999703 -6.338828 -0.0 0.0 -18.123444 3.64818 -4.905672 -3e-06 -0.0 -1e-06 1.045751 6.376797 14.99364 51.200703 -22.7679 8.373836 3.58565 82.229485 2.71562 -14.366385 -10.261408 -15.315007 2.243541 -5.255037 -3.180156 14.282881 -0.826594 6.952495 -2e-06 -12.690604 2e-06 16.498253 -17.713007 2.648821 1.665665 -1.95592 -2.878297 4.727797 -4.170588 4.993921 11.02052 4e-06 -3e-06 12.109046 -3.735716 -2.866785 0.0 -0.0 0.0 1.291986 -1.928549 -1.498088 14.800118 0.567465 3.865603 14.242564 -1.341735 -6.660657 19.631954 0.143928 -0.648247 50.037712 -0.485175 -6.211986 0.35303 -1.511149 -0.03194 20.222776 3.684308 2.316623 18.78726 6e-06 -5e-06 10.751621 -0.479867 1.397903 0.0 -0.0 0.0 3.273806 0.305948 -0.580112 21.486799 11.830377 2.266127 8.162921 1e-06 -1e-06 18.399071 -3.798985 -4.940577 5e-06 1e-06 0.0 2.399349 11.59493 -9.779109 -0.050183 -0.730684 14.770318 -3.024298 -2.083147 24.437393 2.030688 -2.10598 -10.896396 0.0 0.0 3e-06 -5.838228 -6.514545 -10.633613 0.136808 0.64685 17.721832 5.935427 10.598486 22.385731 -1.482903 0.81361 -16.403355 -0.0 -0.0 -1e-06 
0.0 0.0 0.0 0.0 -0.0 0.0 1.861461 111.338737 5.172291 -0.141057 -0.864033 5.147416 -0.491697 -0.370847 -1.464574 -0.722469 -1.307819 -5.452578 2.270833 -2.285655 4.523421 0.285244 3.432074 -9.012866 4.48 11.4556 -2.719725 5.516866 13.471569 -11.68779 7.7e-05 -2.1e-05 7e-06 0.027914 0.053893 -0.0056 0.647185 -3.669485 -10.625001 -0.602248 3.777072 -10.56258 19.39994 -10.363612 5.032149 25.881857 11.252429 -45.65271 -5.022745 -55.609047 3.923984 18.136433 11.671569 -30.821793 -5.882101 9.861283 0.70259 -10.936866 -0.360578 7.156204 1e-06 8.774824 -3e-06 -16.691687 17.78801 6.802534 -1.844031 2.498504 -2.507276 -10.163595 4.678941 4.621107 -20.976017 -6e-06 6e-06 -21.226276 2.451695 -3.593996 -1e-06 -6e-06 -0.0 -1.362679 2.240798 -0.746323 -21.334906 0.584905 3.008325 -13.821209 -4e-06 5e-06 -23.887159 -0.249079 -0.839477 -62.596397 2.484492 -0.553239 -0.294024 1.679687 0.833255 -14.218202 0.093212 1.300582 -34.21204 -0.287567 0.967177 -20.033207 0.964536 1.212847 -0.0 -0.0 0.0 -3.440387 0.788232 0.501656 -15.928183 -3.167312 2.999708 -6.338824 -2e-06 2e-06 -18.12344 3.64818 -4.905666 -3e-06 -0.0 -2e-06 0.666659 7.251608 14.647509 50.072681 -20.636316 12.711782 2.829859 81.970726 1.764829 -11.548898 -7.039204 -15.165766 2.243541 -5.255033 -3.180156 14.282881 -0.826591 6.952496 -4e-06 -12.690599 -0.0 16.584856 -18.144159 2.762091 1.665665 -1.95592 -2.878297 4.727796 -4.170582 4.99392 11.020518 6e-06 -1e-06 12.109041 -3.735712 -2.866782 0.0 -0.0 0.0 1.291984 -1.928548 -1.498089 14.800117 0.567471 3.865604 14.24256 -1.341735 -6.660654 19.631952 0.143927 -0.648245 50.356876 -0.541162 -6.393631 0.35303 -1.511149 -0.03194 20.222778 3.684313 2.316629 18.78726 6e-06 2e-06 10.751624 -0.479869 1.397908 -0.0 1e-06 -2e-06 3.273805 0.305947 -0.580109 21.486799 11.830374 2.26613 8.162921 1e-06 -1e-06 18.399071 -3.798981 -4.940573 3e-06 2e-06 -1e-06 2.697024 9.888639 -10.272472 0.005985 -0.675603 13.604949 -0.831253 1.74677 31.445885 2.033494 -2.132325 -5.39225 0.0 0.0 2e-06 -5.343359 -4.572712 -10.199677 0.101968 0.508275 14.365933 8.966884 7.779648 29.945024 -1.365344 0.810638 -9.020266 0.0 -0.0 -1e-06 
0.0 0.0 0.0 0.0 -0.0 0.0 1.96976 113.295197 4.530155 -0.687574 -1.628458 4.915739 -0.32719 -0.412395 -1.118329 -0.708765 -1.572418 -5.393392 2.728836 -2.292202 4.943708 -0.194051 3.594778 -9.498445 4.609004 11.94027 -2.7537 5.990597 13.513587 -11.438641 7.6e-05 -2.1e-05 6e-06 0.055857 0.106816 -0.023404 0.693514 -3.591907 -10.548347 -0.591614 3.800595 -10.479434 19.519045 -10.592111 4.75564 29.879776 8.150068 -42.638718 -4.058253 -43.733494 2.424303 14.900746 13.755539 -32.068249 -5.8821 9.861278 0.702589 -10.93686 -0.360575 7.156198 -1e-06 8.774817 -2e-06 -16.20039 17.711441 6.947551 -1.844029 2.498503 -2.507275 -10.163588 4.678939 4.621102 -20.976 -3e-06 2e-06 -21.226265 2.451695 -3.593995 -0.0 -6e-06 1e-06 -1.36268 2.240796 -0.746323 -21.33489 0.584908 3.008321 -13.821197 -2e-06 2e-06 -23.887142 -0.249077 -0.839482 -62.255932 2.65127 -0.694033 -0.294025 1.679686 0.833255 -14.218192 0.093215 1.300579 -34.212009 -0.287563 0.967169 -20.033192 0.964536 1.212843 -0.0 0.0 -0.0 -3.440386 0.788232 0.501655 -15.928168 -3.167307 2.999705 -6.33882 -1e-06 1e-06 -18.123426 3.64818 -4.905665 -4e-06 -0.0 -2e-06 1.189186 7.658648 14.407589 49.739857 -17.707773 14.777584 2.172384 81.242851 1.080105 -9.653579 -4.375438 -15.143167 2.243539 -5.255031 -3.180156 14.282875 -0.826594 6.952495 -3e-06 -12.690591 -0.0 16.369495 -18.370415 2.8236 1.665666 -1.95592 -2.878297 4.727794 -4.170584 4.993918 11.020515 2e-06 -1e-06 12.10904 -3.73571 -2.866784 -0.0 1e-06 -1e-06 1.291984 -1.928547 -1.498089 14.800112 0.567469 3.865605 14.24256 -1.341734 -6.660654 19.631952 0.143926 -0.648246 50.618561 -0.675768 -6.635818 0.353029 -1.511149 -0.031939 20.222771 3.684306 2.316627 18.787254 5e-06 -2e-06 10.751618 -0.479869 1.397906 0.0 1e-06 -1e-06 3.273804 0.305945 -0.58011 21.486788 11.830363 2.266127 8.162917 3e-06 -1e-06 18.399059 -3.79898 -4.940569 3e-06 1e-06 1e-06 2.751943 9.58853 -11.531458 0.048065 -0.76502 16.409307 0.366017 3.782235 31.78513 2.013633 -2.103695 -3.526029 0.0 0.0 3e-06 -5.100948 -2.233171 -11.547017 -0.016505 0.396173 15.679745 6.953202 5.08691 28.063046 -1.375891 0.840168 -5.011276 -0.0 -0.0 -3e-06 
0.0 0.0 0.0 0.0 -0.0 0.0 2.194092 113.945328 3.916057 -0.54012 -2.588896 4.786712 -0.359682 -0.480236 -0.736085 -0.759073 -1.681445 -5.2544 2.783664 -2.080661 5.336175 -0.700852 3.700384 -9.690152 4.631085 12.381845 -2.809716 6.161049 13.673381 -11.511876 7.7e-05 -2.1e-05 7e-06 0.058716 0.139218 -0.034532 0.702602 -3.554628 -10.554078 -0.595265 3.82618 -10.476318 18.680101 -10.408521 4.758762 30.882824 7.052956 -43.619595 -2.774357 -42.270134 1.607273 16.234432 14.369079 -32.158134 -5.882102 9.861283 0.70259 -10.936865 -0.360577 7.156201 1e-06 8.774822 -2e-06 -16.221054 17.774282 6.979558 -1.84403 2.498503 -2.507276 -10.163593 4.678944 4.621106 -20.976013 -3e-06 3e-06 -21.226273 2.451697 -3.593997 1e-06 -7e-06 1e-06 -1.36268 2.240798 -0.746323 -21.334904 0.584908 3.008322 -13.821207 -2e-06 3e-06 -23.887157 -0.249077 -0.839481 -62.316017 2.698712 -0.826591 -0.294026 1.679687 0.833255 -14.218199 0.093214 1.300581 -34.212025 -0.287564 0.967173 -20.033199 0.964536 1.212844 -0.0 -0.0 0.0 -3.440388 0.788233 0.501655 -15.928177 -3.16731 2.999707 -6.338823 -1e-06 2e-06 -18.12343 3.648182 -4.905667 -4e-06 -0.0 -3e-06 1.386534 7.78858 14.423157 51.174728 -15.171831 15.120319 -0.007892 79.793655 -0.851352 -8.974293 -3.001082 -14.786618 2.243541 -5.255033 -3.180155 14.282885 -0.826594 6.952497 -4e-06 -12.690597 1e-06 16.124044 -18.388752 2.879716 1.665666 -1.955922 -2.878296 4.727797 -4.170586 4.993921 11.020521 0.0 -1e-06 12.109048 -3.735711 -2.866784 0.0 0.0 -1e-06 1.291985 -1.92855 -1.498088 14.800122 0.56747 3.865603 14.242566 -1.341734 -6.660656 19.631958 0.14393 -0.648245 50.700428 -0.779748 -6.753696 0.353029 -1.511149 -0.03194 20.222784 3.684309 2.316625 18.787266 7e-06 -3e-06 10.751622 -0.479867 1.397905 -1e-06 1e-06 -0.0 3.273806 0.305948 -0.580112 21.486803 11.830369 2.266128 8.162922 5e-06 -3e-06 18.399075 -3.798981 -4.940575 4e-06 1e-06 1e-06 2.146238 9.952805 -12.342029 0.078928 -0.835968 18.243057 0.526082 4.726856 30.332409 1.978585 -2.078558 -3.015887 0.0 -0.0 4e-06 -5.61179 -0.786672 -13.416887 -0.071212 0.421228 17.260044 5.439905 3.878095 25.398964 -1.420233 0.879263 -3.95893 0.0 -0.0 -3e-06 
0.0 0.0 0.0 0.0 -0.0 0.0 2.466156 113.34063 3.453868 -0.078593 -3.51933 4.743088 -0.477276 -0.472524 -0.479608 -0.800827 -1.636582 -5.039786 2.543925 -1.96778 5.52238 -1.173491 3.714395 -9.312074 4.583587 12.66618 -2.840691 6.142786 13.74751 -11.760006 7.7e-05 -2.1e-05 5e-06 0.035196 0.124975 -0.020574 0.675801 -3.58032 -10.60061 -0.616576 3.823278 -10.517917 17.736275 -10.141422 5.073621 30.178038 7.152413 -46.015324 -1.794564 -46.485638 1.273781 18.975365 14.277199 -31.887814 -5.882101 9.861276 0.702591 -10.93686 -0.360575 7.156199 1e-06 8.774816 -0.0 -16.553396 17.989296 6.781295 -1.844031 2.498502 -2.507275 -10.16359 4.678939 4.621105 -20.976006 -5e-06 2e-06 -21.226269 2.451694 -3.593995 0.0 -6e-06 -0.0 -1.362679 2.240795 -0.746322 -21.334896 0.584908 3.00832 -13.8212 -3e-06 2e-06 -23.887152 -0.249079 -0.839481 -62.208817 2.696122 -0.867038 -0.294024 1.679686 0.833254 -14.218197 0.093214 1.300579 -34.212021 -0.287565 0.967171 -20.033197 0.964536 1.212843 -0.0 -0.0 0.0 -3.440385 0.788232 0.501655 -15.928168 -3.167308 2.999703 -6.338821 -1e-06 1e-06 -18.123428 3.648178 -4.905665 -4e-06 0.0 -3e-06 1.054618 7.835183 14.458377 53.471371 -13.327183 14.775808 -1.687872 77.825256 -2.1272 -8.621397 -2.377926 -13.844223 2.243537 -5.255032 -3.180154 14.282877 -0.826593 6.9525 -4e-06 -12.690589 0.0 15.984275 -18.303223 2.941406 1.665664 -1.95592 -2.878297 4.727794 -4.170583 4.993921 11.020515 2e-06 1e-06 12.109036 -3.73571 -2.86678 -0.0 1e-06 -1e-06 1.291983 -1.928545 -1.498088 14.800115 0.567471 3.865606 14.242558 -1.341732 -6.660653 19.631948 0.143925 -0.648241 50.527996 -0.789352 -6.748755 0.353028 -1.511149 -0.031939 20.222771 3.684305 2.31663 18.787254 3e-06 2e-06 10.751617 -0.479869 1.397907 0.0 1e-06 0.0 3.273803 0.305947 -0.58011 21.486794 11.830361 2.266135 8.162919 3e-06 1e-06 18.399063 -3.798983 -4.940569 4e-06 1e-06 -1e-06 1.368644 10.530519 -12.4955 0.117044 -0.803401 17.751509 -0.131977 4.847459 29.439995 1.971103 -2.080536 -2.967601 0.0 0.0 5e-06 -6.389039 -0.121238 -15.123801 -0.054565 0.553682 18.415144 6.157954 4.094995 23.96344 -1.449618 0.938498 -3.627021 -0.0 0.0 -1e-06 
0.0 0.0 0.0 0.0 -0.0 0.0 2.666309 111.555351 3.232024 0.268543 -4.262601 4.644169 -0.573962 -0.475989 -0.353965 -0.799002 -1.535939 -4.873872 2.319298 -2.002193 5.634015 -1.582376 3.731125 -8.387578 4.499493 12.853467 -2.821625 5.958302 13.733769 -11.761395 7.7e-05 -2.3e-05 6e-06 0.002169 0.077121 -0.000974 0.639442 -3.646647 -10.645409 -0.64682 3.794503 -10.570598 16.921818 -9.924707 5.435172 28.845997 7.523219 -48.345753 -2.123278 -52.727459 1.769359 21.537527 14.091332 -30.876875 -5.882097 9.861275 0.70259 -10.936859 -0.360575 7.156197 -0.0 8.774816 -1e-06 -17.018967 18.084417 6.270076 -1.844029 2.498502 -2.507275 -10.163588 4.67894 4.621102 -20.976 -4e-06 1e-06 -21.226259 2.451693 -3.593995 1e-06 -6e-06 -1e-06 -1.36268 2.240796 -0.746322 -21.334888 0.584908 3.008319 -13.821198 -3e-06 2e-06 -23.887142 -0.249079 -0.839482 -61.684368 2.601426 -0.881427 -0.294024 1.679686 0.833255 -14.218194 0.093214 1.300578 -34.212009 -0.287565 0.967169 -20.033192 0.964535 1.212842 0.0 0.0 -0.0 -3.440385 0.788233 0.501655 -15.928168 -3.167307 2.999703 -6.338821 -2e-06 1e-06 -18.123425 3.648179 -4.905665 -4e-06 -0.0 -2e-06 0.462258 7.881805 14.49522 55.788277 -12.094976 14.27598 -2.508917 75.64653 -2.593183 -8.167128 -2.219455 -12.61625 2.243538 -5.255028 -3.180155 14.282874 -0.82659 6.952494 -4e-06 -12.690592 1e-06 16.035435 -18.22489 2.946423 1.665665 -1.955918 -2.878297 4.727791 -4.170579 4.99392 11.020515 4e-06 -1e-06 12.109036 -3.735708 -2.866781 -1e-06 1e-06 -2e-06 1.291984 -1.928549 -1.498088 14.800114 0.567471 3.865604 14.242558 -1.341732 -6.660651 19.631945 0.143929 -0.648242 50.27792 -0.771295 -6.672361 0.353029 -1.511149 -0.031941 20.222769 3.684309 2.316626 18.787254 7e-06 0.0 10.751618 -0.479865 1.397905 1e-06 2e-06 0.0 3.273803 0.305946 -0.58011 21.48679 11.830365 2.26613 8.162918 4e-06 -1e-06 18.399059 -3.798977 -4.940569 3e-06 1e-06 1e-06 0.900272 11.306083 -12.26642 0.136317 -0.637815 16.430519 -1.433328 4.146532 29.308039 1.983004 -2.074517 -3.85276 -0.0 0.0 -0.0 -6.911794 -0.069559 -16.0917 -0.015926 0.680218 19.051481 8.355665 4.991851 23.926729 -1.448418 0.985173 -3.973528 0.0 -0.0 -1e-06 
0.0 0.0 0.0 0.0 -0.0 0.0 2.795028 108.671677 3.119128 0.377625 -4.641917 4.285626 -0.618854 -0.545996 -0.219227 -0.776737 -1.546398 -4.843765 2.263831 -2.05705 5.811099 -1.948879 3.77885 -7.075138 4.305578 13.020102 -2.794652 5.730864 13.701999 -11.267582 7.7e-05 -2.3e-05 5e-06 -0.013197 0.0144 0.009723 0.633461 -3.722387 -10.679253 -0.67018 3.744296 -10.634911 15.960753 -9.717695 5.90287 27.855806 7.520627 -50.210594 -3.621562 -58.765533 3.341902 23.852934 14.626572 -29.336359 -5.882099 9.861279 0.702589 -10.936861 -0.360577 7.1562 2e-06 8.774819 -3e-06 -17.260683 17.967175 5.793104 -1.844031 2.498503 -2.507277 -10.163591 4.67894 4.621106 -20.976006 -4e-06 4e-06 -21.226267 2.451695 -3.593997 1e-06 -6e-06 -1e-06 -1.362679 2.240797 -0.746322 -21.334898 0.584908 3.008324 -13.821202 -3e-06 4e-06 -23.887148 -0.249077 -0.83948 -61.062431 2.41386 -0.90745 -0.294024 1.679686 0.833255 -14.218194 0.093213 1.300582 -34.212013 -0.287565 0.967175 -20.033197 0.964537 1.212846 0.0 -0.0 0.0 -3.440385 0.788232 0.501655 -15.928172 -3.16731 2.999707 -6.338818 -1e-06 3e-06 -18.123434 3.648181 -4.905666 -4e-06 0.0 -2e-06 0.008493 7.804651 14.572327 57.598392 -11.223064 13.979386 -2.948652 73.296028 -2.818745 -7.77772 -2.304798 -11.474258 2.243542 -5.255035 -3.180158 14.282892 -0.826591 6.952499 -5e-06 -12.690606 2e-06 16.203527 -18.172142 2.861844 1.665667 -1.955922 -2.878299 4.727798 -4.170588 4.993923 11.020529 5e-06 -2e-06 12.109055 -3.735713 -2.866787 0.0 1e-06 0.0 1.291986 -1.928548 -1.498089 14.800129 0.567471 3.865603 14.242575 -1.34173 -6.66066 19.631971 0.143932 -0.648246 50.225468 -0.719515 -6.662207 0.353028 -1.511152 -0.031939 20.222794 3.684315 2.316627 18.78727 9e-06 -4e-06 10.751628 -0.479865 1.397906 2e-06 -0.0 1e-06 3.273808 0.305951 -0.580112 21.486818 11.830379 2.266127 8.162926 3e-06 -3e-06 18.399082 -3.79898 -4.940576 4e-06 1e-06 2e-06 0.830521 12.60966 -11.99428 0.10242 -0.387619 17.349701 -2.200624 2.559068 26.357979 2.013373 -2.024098 -8.215905 -0.0 0.0 3e-06 -7.009368 -0.915502 -15.908368 0.027271 0.797577 19.630869 10.411129 6.179792 23.654295 -1.418185 0.958061 -6.850079 0.0 -0.0 0.0 
0.0 0.0 0.0 0.0 -0.0 0.0 2.858471 104.816643 3.073607 0.116236 -4.698951 3.588551 -0.484244 -0.55764 0.067239 -0.701394 -1.741341 -4.929815 2.354187 -2.13724 6.127523 -2.476648 3.764269 -5.577009 4.081604 13.188015 -2.833997 5.435319 13.558011 -10.911385 7.7e-05 -2.2e-05 6e-06 0.006097 0.019748 0.019187 0.656062 -3.729148 -10.659402 -0.653133 3.762568 -10.644855 14.559906 -9.375631 6.587223 27.852505 6.942932 -51.809772 -4.775255 -63.449554 4.785108 26.611032 15.293307 -26.299091 -5.882104 9.861284 0.702587 -10.936865 -0.360577 7.156204 -0.0 8.774823 -2e-06 -17.232586 17.815245 5.716434 -1.844032 2.498504 -2.50728 -10.163595 4.678943 4.621108 -20.976017 -5e-06 -1e-06 -21.226278 2.451693 -3.594002 0.0 -5e-06 -0.0 -1.362683 2.240798 -0.746324 -21.334902 0.584906 3.00832 -13.821208 -4e-06 1e-06 -23.887157 -0.249083 -0.839483 -60.772331 2.269656 -0.847987 -0.294024 1.679686 0.833256 -14.218205 0.093214 1.30058 -34.212036 -0.287566 0.967168 -20.033205 0.964535 1.212843 -0.0 1e-06 0.0 -3.440387 0.788233 0.501654 -15.928179 -3.167311 2.999706 -6.338822 -1e-06 1e-06 -18.12344 3.64818 -4.905672 -4e-06 0.0 -2e-06 0.001093 7.395538 14.53554 58.561142 -10.770512 13.85736 -2.905473 70.934525 -2.775324 -7.489415 -2.703437 -11.182697 2.243539 -5.255033 -3.180155 14.282883 -0.826592 6.952497 -2e-06 -12.690598 0.0 16.173346 -18.082275 2.726253 1.665666 -1.955921 -2.878296 4.727794 -4.170584 4.993921 11.020517 5e-06 1e-06 12.10904 -3.735711 -2.866783 0.0 -1e-06 -2e-06 1.291984 -1.928548 -1.498089 14.800117 0.567468 3.865606 14.24256 -1.341734 -6.660652 19.631952 0.143925 -0.648245 49.989792 -0.609847 -6.738369 0.353029 -1.511148 -0.031941 20.22278 3.684307 2.316628 18.787264 7e-06 1e-06 10.751622 -0.479868 1.397904 2e-06 1e-06 1e-06 3.273805 0.305949 -0.58011 21.486801 11.830368 2.266131 8.162921 1e-06 -0.0 18.399069 -3.79898 -4.940572 3e-06 1e-06 1e-06 1.344908 13.779538 -11.779621 -0.019193 -0.264243 22.340754 -1.994759 1.08693 13.214927 2.008557 -2.083974 -11.292087 0.0 -0.0 2e-06 -6.796161 -2.807802 -15.243002 0.116998 0.845618 22.863848 8.88171 7.952523 14.610118 -1.442237 0.890059 -10.635484 0.0 -0.0 -1e-06 
0.0 0.0 0.0 0.0 -0.0 0.0 2.962102 101.16925 2.844073 -0.208802 -4.808478 2.99948 -0.34154 -0.452619 0.320098 -0.6896 -1.868065 -4.913164 2.522635 -2.293315 6.49282 -3.168895 3.958781 -4.497397 3.873247 13.390469 -2.954218 5.398374 13.696815 -11.353152 7.7e-05 -2.1e-05 6e-06 0.024408 0.070531 -0.009645 0.660446 -3.689535 -10.6214 -0.621493 3.824209 -10.602117 12.263745 -8.71207 7.157781 29.559959 5.815689 -53.75016 -4.738563 -66.195442 5.430786 30.758135 14.933338 -21.041521 -5.882098 9.861273 0.702591 -10.936856 -0.360572 7.156199 -2e-06 8.774815 -0.0 -17.351173 18.010368 5.859803 -1.844029 2.498501 -2.507275 -10.163586 4.67894 4.621106 -20.975996 -1e-06 4e-06 -21.226255 2.451698 -3.593995 1e-06 -6e-06 -0.0 -1.362679 2.240796 -0.746322 -21.334883 0.584909 3.008322 -13.821194 0.0 4e-06 -23.887135 -0.249074 -0.839481 -60.734581 2.5065 -0.916912 -0.294024 1.679685 0.833256 -14.218188 0.093216 1.300582 -34.211994 -0.287557 0.967173 -20.03318 0.96454 1.212842 -0.0 1e-06 -0.0 -3.440384 0.788233 0.501655 -15.928164 -3.167304 2.999705 -6.338815 1e-06 3e-06 -18.123423 3.648182 -4.905662 -4e-06 1e-06 -1e-06 0.902696 6.751189 14.339662 58.711693 -10.150769 13.656657 -1.932135 67.634796 -1.74064 -7.275869 -3.692845 -11.091011 2.243536 -5.255027 -3.180153 14.282869 -0.826591 6.952494 -5e-06 -12.690579 -2e-06 16.187304 -17.975927 2.65082 1.665663 -1.955919 -2.878295 4.727791 -4.170578 4.993918 11.020509 4e-06 0.0 12.109032 -3.735708 -2.866778 0.0 -1e-06 -1e-06 1.291983 -1.928547 -1.498088 14.800105 0.56747 3.865604 14.242547 -1.341733 -6.660645 19.631935 0.143927 -0.64824 49.925701 -0.630455 -6.89161 0.353028 -1.511147 -0.031941 20.222761 3.684308 2.316629 18.787243 6e-06 3e-06 10.751613 -0.479868 1.397907 -1e-06 1e-06 -0.0 3.273801 0.305949 -0.58011 21.486784 11.830359 2.266133 8.162915 2e-06 2e-06 18.399054 -3.798978 -4.940563 2e-06 -0.0 0.0 1.855305 13.748659 -12.205429 -0.138264 -0.244418 27.836853 -2.164387 1.149806 -2.047287 1.872084 -2.115661 -6.641266 -0.0 -0.0 1e-06 -6.673393 -5.50324 -15.999457 0.213582 0.618846 28.627131 6.274157 9.800918 0.539189 -1.400551 0.774003 -6.211485 0.0 0.0 -1e-06 
0.0 0.0 0.0 0.0 -0.0 0.0 3.076026 98.691368 2.621726 0.103397 -5.02128 2.488205 -0.609542 -0.383444 0.512692 -0.739131 -1.903312 -4.78565 2.45853 -2.325925 6.893104 -3.752899 4.353858 -3.99031 3.761364 13.430638 -2.98045 5.438323 13.932095 -12.116729 7.7e-05 -2.2e-05 7e-06 0.038907 0.094553 -0.013527 0.676954 -3.656452 -10.593965 -0.610212 3.842571 -10.559956 10.83522 -8.204773 7.648659 30.030075 4.654515 -56.362579 -3.302979 -68.781868 3.990386 34.677509 12.755634 -15.701311 -5.882101 9.861281 0.70259 -10.936863 -0.360576 7.156199 -0.0 8.774822 -1e-06 -17.327162 18.105862 6.175496 -1.844031 2.498504 -2.507276 -10.16359 4.678943 4.621105 -20.976009 -6e-06 -1e-06 -21.226271 2.451694 -3.593999 2e-06 -5e-06 -0.0 -1.362681 2.240797 -0.746322 -21.334896 0.584906 3.00832 -13.821198 -4e-06 1e-06 -23.887154 -0.249081 -0.839483 -60.746582 2.639922 -0.788275 -0.294024 1.679687 0.833253 -14.218199 0.093213 1.300577 -34.212025 -0.287568 0.967168 -20.033197 0.964535 1.212842 -0.0 2e-06 -0.0 -3.440386 0.788232 0.501655 -15.928174 -3.167309 2.999703 -6.33882 -1e-06 0.0 -18.123432 3.64818 -4.905669 -3e-06 0.0 -2e-06 1.358768 6.463558 14.579453 59.940491 -8.524572 13.295754 -0.951066 62.20845 -0.741016 -7.281432 -4.286071 -10.633206 2.243539 -5.255032 -3.180155 14.282877 -0.826591 6.952496 -3e-06 -12.690595 -1e-06 16.067818 -17.998016 2.617123 1.665665 -1.95592 -2.878297 4.727794 -4.170583 4.993919 11.020515 5e-06 -3e-06 12.10904 -3.735712 -2.866782 -0.0 1e-06 -0.0 1.291985 -1.928549 -1.498088 14.800115 0.567469 3.865604 14.242558 -1.341734 -6.660653 19.631948 0.143927 -0.648245 49.742805 -0.663375 -7.060886 0.353029 -1.511149 -0.03194 20.222771 3.684308 2.316627 18.787254 6e-06 -2e-06 10.751618 -0.479867 1.397905 1e-06 2e-06 0.0 3.273803 0.305948 -0.58011 21.486795 11.830365 2.266131 8.162919 1e-06 -1e-06 18.399063 -3.79898 -4.940572 3e-06 1e-06 -1e-06 1.319263 12.803906 -12.778821 -0.108955 -0.276925 31.301203 -2.265317 2.463313 -11.067442 1.778549 -2.114981 -2.727698 -0.0 0.0 2e-06 -7.161984 -7.465993 -17.504725 0.260352 0.518261 33.718948 4.467178 11.05158 -7.723245 -1.407883 0.729768 -3.278233 0.0 0.0 -1e-06 
0.0 0.0 0.0 0.0 -0.0 0.0 3.149692 97.511337 2.492777 0.811208 -5.234851 2.022993 -1.055602 -0.463357 0.706116 -0.867574 -1.666469 -4.669275 2.081054 -2.472865 7.081226 -4.17628 4.83881 -3.587003 3.807315 13.576035 -2.894702 5.498552 14.163331 -12.644109 7.7e-05 -2.2e-05 6e-06 0.030278 0.081853 -0.009711 0.626465 -3.664872 -10.559336 -0.577119 3.825903 -10.528747 10.971693 -8.167583 7.63377 28.856638 3.988456 -58.402092 -2.399271 -71.343781 3.585486 36.394512 9.900552 -12.455791 -5.882103 9.861284 0.702589 -10.936865 -0.360577 7.156204 1e-06 8.774824 -3e-06 -17.981796 18.011377 5.906726 -1.84403 2.498506 -2.507277 -10.163595 4.678942 4.621106 -20.976013 -6e-06 3e-06 -21.226273 2.451694 -3.593999 0.0 -5e-06 -0.0 -1.362681 2.240798 -0.746323 -21.334906 0.584906 3.008323 -13.821207 -4e-06 2e-06 -23.887159 -0.249079 -0.839482 -61.189861 2.706259 -0.802089 -0.294024 1.679687 0.833255 -14.218202 0.093213 1.300582 -34.212036 -0.287566 0.967172 -20.033211 0.964534 1.212845 -1e-06 2e-06 0.0 -3.440387 0.788232 0.501654 -15.928179 -3.167311 2.999707 -6.338823 -2e-06 1e-06 -18.12344 3.648182 -4.905669 -4e-06 -0.0 -3e-06 0.731724 6.715935 14.75289 62.532028 -6.943677 13.365189 -0.044975 56.135323 -0.021141 -7.277785 -4.210448 -9.987505 2.243541 -5.255035 -3.180157 14.282892 -0.826594 6.952503 -3e-06 -12.690601 1e-06 16.070896 -18.089918 2.50485 1.665667 -1.955923 -2.878298 4.727801 -4.170587 4.993923 11.020529 4e-06 -1e-06 12.109055 -3.735715 -2.866784 -0.0 -0.0 -0.0 1.291986 -1.928549 -1.498089 14.800129 0.567469 3.865606 14.242574 -1.341737 -6.660658 19.631969 0.143927 -0.648245 49.726616 -0.607148 -7.034215 0.353031 -1.511152 -0.03194 20.222797 3.68431 2.31663 18.787277 6e-06 -0.0 10.751629 -0.479868 1.397905 -0.0 0.0 -0.0 3.273807 0.305947 -0.580111 21.486816 11.830373 2.26613 8.16293 2e-06 -2e-06 18.399082 -3.79898 -4.940577 3e-06 -2e-06 -0.0 0.404553 11.857392 -12.660803 -0.063556 -0.3334 32.172817 -2.733083 3.432649 -14.587884 1.731793 -2.036036 -1.283728 -0.0 0.0 2e-06 -7.912895 -8.055175 -18.013958 0.319984 0.515477 35.785011 3.898602 11.237744 -11.617212 -1.417766 0.689218 -2.360737 0.0 0.0 -1e-06 
0.0 0.0 0.0 0.0 -0.0 0.0 3.054468 97.398079 2.294155 1.01011 -5.208263 1.876432 -1.223212 -0.497349 0.889807 -0.837896 -1.66816 -4.645433 1.701663 -2.389403 7.140154 -4.562085 4.998054 -3.479254 3.961793 13.741515 -2.801608 5.451653 14.129818 -12.701543 7.7e-05 -2.2e-05 6e-06 0.039599 0.149139 -0.001039 0.62331 -3.591851 -10.494992 -0.55756 3.890148 -10.462634 10.93799 -8.605504 7.86708 28.626242 4.054667 -59.580902 -0.470866 -72.498703 1.815196 36.555122 7.785368 -10.837582 -5.882098 9.861274 0.70259 -10.936856 -0.360575 7.156197 1e-06 8.774815 -1e-06 -17.762552 17.53367 5.9625 -1.844029 2.498501 -2.507274 -10.163586 4.67894 4.621102 -20.975996 -3e-06 4e-06 -21.226255 2.451694 -3.593993 -1e-06 -6e-06 -0.0 -1.362679 2.240796 -0.746322 -21.334887 0.58491 3.008321 -13.821194 -1e-06 3e-06 -23.887136 -0.249076 -0.839481 -60.732296 2.587545 -0.683945 -0.294025 1.679684 0.833256 -14.21819 0.093214 1.300581 -34.212002 -0.287562 0.967172 -20.033186 0.964536 1.212843 0.0 -0.0 1e-06 -3.440384 0.788232 0.501654 -15.928165 -3.167305 2.999704 -6.338817 -2e-06 2e-06 -18.123425 3.64818 -4.905663 -5e-06 -0.0 -3e-06 0.093754 6.498487 15.186248 64.755951 -5.624315 13.886745 0.212994 52.066738 0.266103 -6.642143 -3.768726 -10.884188 2.243541 -5.255033 -3.180156 14.282883 -0.826593 6.952499 -3e-06 -12.690595 -0.0 16.084923 -18.076859 2.525365 1.665666 -1.95592 -2.878298 4.727797 -4.170584 4.993921 11.02052 3e-06 -1e-06 12.109045 -3.735712 -2.866781 0.0 -0.0 -1e-06 1.291985 -1.928548 -1.498089 14.800122 0.567469 3.865606 14.242563 -1.341735 -6.660653 19.631958 0.143928 -0.648244 49.691883 -0.649821 -6.84361 0.35303 -1.511149 -0.031941 20.222782 3.684309 2.31663 18.787262 5e-06 1e-06 10.75162 -0.479868 1.397906 0.0 0.0 0.0 3.273806 0.305947 -0.580111 21.486799 11.830365 2.266132 8.162921 1e-06 -1e-06 18.399071 -3.798981 -4.94057 3e-06 0.0 -1e-06 0.260823 11.469667 -11.879637 -0.055924 -0.431637 30.744659 -3.375231 3.71197 -15.2538 1.686545 -2.002004 -0.845148 -0.0 0.0 2e-06 -7.902323 -7.438953 -17.850994 0.28174 0.576723 35.741619 3.813851 10.207029 -12.314968 -1.445088 0.742424 -2.178593 0.0 0.0 -1e-06 
0.0 0.0 0.0 0.0 -0.0 0.0 2.873138 97.886948 2.242536 1.186037 -4.752151 2.09086 -1.513448 -0.556456 0.957448 -0.955372 -1.726233 -4.607824 1.497529 -2.722356 6.969119 -4.593761 5.106049 -3.208893 3.997097 13.603576 -2.834872 5.239809 14.4636 -12.677911 7.7e-05 -2.2e-05 6e-06 0.002868 0.058249 -0.02408 0.53329 -3.690753 -10.511841 -0.540105 3.807062 -10.486919 11.262052 -9.198732 7.498757 28.313425 4.097508 -60.248722 0.471727 -71.927818 1.064954 36.337055 6.506018 -10.631423 -5.882102 9.861281 0.702591 -10.936865 -0.360575 7.156203 1e-06 8.774822 -2e-06 -17.728521 17.610958 6.138594 -1.844031 2.498502 -2.507277 -10.163594 4.678942 4.621109 -20.976013 -4e-06 5e-06 -21.226278 2.451696 -3.593997 0.0 -6e-06 -0.0 -1.362681 2.240796 -0.746322 -21.334906 0.584907 3.008324 -13.821208 -1e-06 3e-06 -23.887159 -0.249078 -0.839479 -60.71468 2.639175 -0.680926 -0.294025 1.679687 0.833256 -14.218204 0.093215 1.300581 -34.212036 -0.287565 0.967175 -20.033209 0.964536 1.212845 0.0 1e-06 1e-06 -3.440387 0.788232 0.501654 -15.928179 -3.16731 2.999707 -6.338823 -2e-06 2e-06 -18.123438 3.64818 -4.905666 -5e-06 -0.0 -2e-06 -0.404627 6.485025 15.010756 66.617783 -5.443909 14.1606 0.766062 50.062984 0.571948 -5.924667 -3.550367 -11.505873 2.243539 -5.255032 -3.180155 14.28288 -0.826593 6.952497 -4e-06 -12.690597 1e-06 16.225409 -18.108028 2.454262 1.665664 -1.95592 -2.878296 4.727796 -4.170585 4.99392 11.020519 3e-06 -1e-06 12.109043 -3.735712 -2.86678 0.0 0.0 -0.0 1.291984 -1.928547 -1.498088 14.800117 0.567469 3.865605 14.24256 -1.341734 -6.660651 19.631948 0.143926 -0.648243 49.883835 -0.550632 -6.849457 0.353029 -1.511151 -0.03194 20.222775 3.684309 2.316629 18.787258 5e-06 1e-06 10.75162 -0.479867 1.397906 1e-06 -0.0 1e-06 3.273804 0.305947 -0.58011 21.486797 11.830369 2.266132 8.162921 3e-06 1e-06 18.399063 -3.798981 -4.940569 2e-06 0.0 -1e-06 0.228703 11.902669 -11.03669 -0.079699 -0.529005 28.039793 -3.124455 2.786505 -13.931798 1.673698 -1.935376 -0.924913 0.0 -0.0 2e-06 -7.696786 -6.773836 -16.849779 0.229204 0.6283 33.344112 3.807985 8.587418 -12.038918 -1.449216 0.760777 -2.205669 -0.0 -0.0 -1e-06 
0.0 0.0 0.0 0.0 -0.0 0.0 2.58325 98.554192 2.079154 1.013504 -4.232291 2.612718 -1.712189 -0.619296 1.030077 -0.987471 -1.922238 -4.588862 1.416821 -2.973351 6.77954 -4.489758 5.048001 -3.298704 4.120477 13.588005 -2.823517 4.856227 14.647119 -12.725477 7.7e-05 -2.2e-05 5e-06 -0.011439 0.015813 -0.031825 0.516715 -3.731684 -10.521446 -0.551158 3.762878 -10.493695 11.504057 -9.980179 7.177505 28.272942 4.255036 -59.785378 3.047918 -69.773865 -1.364914 35.857941 6.355782 -10.902576 -5.882104 9.861283 0.702588 -10.936865 -0.360577 7.1562 -0.0 8.774822 -3e-06 -17.308338 17.654636 6.627134 -1.844032 2.498505 -2.507278 -10.163595 4.678943 4.621106 -20.976017 -5e-06 1e-06 -21.226276 2.451693 -3.593999 0.0 -6e-06 -0.0 -1.362681 2.240797 -0.746322 -21.334906 0.584908 3.008321 -13.821208 -4e-06 1e-06 -23.887163 -0.249081 -0.839482 -60.691956 2.680816 -0.726971 -0.294024 1.679687 0.833256 -14.218204 0.093214 1.300577 -34.212029 -0.287567 0.967168 -20.033207 0.964533 1.212842 1e-06 3e-06 1e-06 -3.440388 0.788233 0.501655 -15.928183 -3.167311 2.999704 -6.338822 -0.0 1e-06 -18.123442 3.648181 -4.905671 -5e-06 0.0 -1e-06 -0.23848 6.076153 14.757339 67.51738 -5.068807 14.397554 1.073085 48.884144 0.732411 -4.873137 -3.325195 -12.146376 2.243541 -5.255033 -3.180155 14.282885 -0.826594 6.952496 -3e-06 -12.690598 0.0 16.352077 -18.149212 2.498878 1.665665 -1.95592 -2.878296 4.727797 -4.170587 4.99392 11.020521 2e-06 -1e-06 12.109047 -3.735715 -2.866782 -1e-06 0.0 0.0 1.291985 -1.928548 -1.498088 14.800125 0.567468 3.865604 14.242568 -1.341735 -6.660653 19.631964 0.143926 -0.648245 50.177784 -0.591382 -6.801141 0.353029 -1.511152 -0.031939 20.222786 3.684309 2.316626 18.78727 6e-06 -1e-06 10.751627 -0.479866 1.397904 1e-06 0.0 -1e-06 3.273806 0.305947 -0.580111 21.486807 11.83037 2.266128 8.162924 3e-06 -0.0 18.399075 -3.798982 -4.940574 3e-06 0.0 0.0 0.569327 12.871097 -10.323452 -0.084699 -0.569465 24.875343 -2.919177 1.627983 -12.288015 1.667676 -1.92362 -1.083839 -0.0 -0.0 2e-06 -7.093353 -6.374901 -16.106846 0.182924 0.637815 30.698128 3.955012 7.281345 -11.020215 -1.4488 0.806416 -2.167569 -0.0 -0.0 -1e-06 
0.0 0.0 0.0 0.0 -0.0 0.0 2.243544 99.078789 1.767613 0.712667 -3.720703 3.284902 -1.932644 -0.685603 1.085899 -1.01717 -2.135757 -4.569969 1.522715 -3.188214 6.656857 -4.241447 4.743747 -3.621182 4.164457 13.672001 -2.827292 4.421817 14.823022 -12.950509 7.7e-05 -2.2e-05 6e-06 -0.016899 -0.008673 -0.034081 0.523336 -3.758905 -10.540424 -0.567077 3.740615 -10.508305 12.029256 -10.871826 6.946047 27.386898 4.492446 -58.720039 4.113719 -67.540207 -2.296767 35.576569 6.828739 -11.327854 -5.882105 9.861283 0.70259 -10.93687 -0.360575 7.156206 1e-06 8.774823 -2e-06 -17.089165 17.794266 6.889442 -1.844032 2.498504 -2.507277 -10.163598 4.678945 4.621109 -20.976017 -2e-06 4e-06 -21.226282 2.451697 -3.593998 -1e-06 -6e-06 -1e-06 -1.362682 2.240798 -0.746322 -21.334911 0.584909 3.008323 -13.821214 -2e-06 5e-06 -23.887167 -0.249077 -0.839481 -61.002502 2.680858 -0.89045 -0.294025 1.679687 0.833256 -14.218207 0.093214 1.300582 -34.212048 -0.287563 0.967172 -20.033211 0.964538 1.212845 -2e-06 0.0 0.0 -3.440387 0.788233 0.501655 -15.928185 -3.167309 2.999709 -6.338827 -1e-06 3e-06 -18.123444 3.648185 -4.905666 -5e-06 1e-06 -1e-06 0.369959 5.645668 14.407908 67.817604 -4.451115 14.216186 1.172262 48.062801 0.775854 -4.33952 -3.139302 -12.571379 2.243541 -5.255035 -3.180156 14.282887 -0.826594 6.952501 -3e-06 -12.690601 -0.0 16.414869 -18.228022 2.570388 1.665665 -1.95592 -2.878298 4.727797 -4.170585 4.993922 11.020522 3e-06 -1e-06 12.10905 -3.735714 -2.866783 0.0 0.0 -0.0 1.291984 -1.928548 -1.498088 14.800122 0.567468 3.865606 14.242564 -1.341736 -6.660655 19.631954 0.143926 -0.648242 50.374081 -0.680872 -6.821278 0.353028 -1.511151 -0.031939 20.222784 3.684309 2.31663 18.78727 5e-06 -0.0 10.751624 -0.479868 1.397907 1e-06 0.0 0.0 3.273806 0.305947 -0.58011 21.486809 11.830372 2.266134 8.162925 3e-06 0.0 18.399076 -3.798983 -4.940574 3e-06 0.0 -1e-06 0.967042 13.894856 -10.141333 -0.075051 -0.593146 22.376291 -2.883858 0.472382 -10.882641 1.663695 -1.923704 -1.110239 -0.0 0.0 2e-06 -6.434356 -6.390906 -15.696935 0.155069 0.589293 28.214241 4.096351 6.621818 -10.089132 -1.449844 0.875532 -1.951778 -0.0 -0.0 -1e-06 
0.0 0.0 0.0 0.0 -0.0 0.0 1.927043 99.445557 1.329034 0.413364 -3.371703 3.875013 -2.093478 -0.758665 1.147473 -1.041562 -2.260674 -4.54601 1.662252 -3.332783 6.659038 -3.963564 4.422616 -3.956848 4.152896 13.777017 -2.873401 3.972593 14.935862 -13.140858 7.7e-05 -2.2e-05 6e-06 -0.010309 0.001907 -0.032302 0.548763 -3.751974 -10.565947 -0.577892 3.753067 -10.52515 12.440991 -11.553689 6.887993 25.193626 4.442242 -57.205658 3.563485 -66.49955 -1.839066 35.11972 7.523711 -11.739575 -5.882102 9.861277 0.70259 -10.936865 -0.360574 7.156199 -0.0 8.774817 -1e-06 -17.152546 18.003242 6.791552 -1.844031 2.498502 -2.507275 -10.163592 4.678941 4.621103 -20.976009 -3e-06 1e-06 -21.226273 2.451694 -3.593998 0.0 -6e-06 -0.0 -1.36268 2.240796 -0.746323 -21.3349 0.584909 3.008319 -13.821204 -2e-06 2e-06 -23.887154 -0.24908 -0.839483 -61.444771 2.667344 -1.118889 -0.294024 1.679686 0.833255 -14.218199 0.093215 1.300579 -34.212029 -0.287565 0.967168 -20.033199 0.964536 1.212842 1e-06 1e-06 0.0 -3.440385 0.788234 0.501656 -15.928176 -3.167306 2.999704 -6.338821 -0.0 1e-06 -18.12344 3.64818 -4.905667 -3e-06 1e-06 -1e-06 1.016949 5.301045 14.016235 67.897026 -3.557033 13.719075 1.180857 47.400063 0.757409 -4.511899 -2.867704 -13.007912 2.24354 -5.255035 -3.180155 14.28288 -0.826594 6.952498 -2e-06 -12.690598 -1e-06 16.432156 -18.226162 2.600894 1.665665 -1.955921 -2.878297 4.727796 -4.170586 4.993921 11.020518 2e-06 -1e-06 12.109042 -3.735714 -2.866782 0.0 -0.0 -0.0 1.291984 -1.928548 -1.498088 14.800118 0.567467 3.865605 14.24256 -1.341737 -6.660652 19.631952 0.143926 -0.648243 50.36063 -0.785352 -6.872633 0.353029 -1.511149 -0.03194 20.222778 3.684308 2.31663 18.787262 5e-06 -1e-06 10.751623 -0.479869 1.397906 0.0 -1e-06 1e-06 3.273804 0.305947 -0.58011 21.486799 11.830369 2.266134 8.162921 -0.0 0.0 18.399067 -3.798984 -4.940572 4e-06 0.0 -1e-06 1.310729 14.777381 -10.470367 -0.059797 -0.572687 21.028219 -2.914297 -0.596819 -9.779821 1.663177 -1.938608 -1.116571 0.0 -0.0 2e-06 -5.831672 -6.689458 -15.61027 0.127994 0.513675 26.350948 4.167798 6.404876 -9.280066 -1.448452 0.930539 -1.806269 -0.0 -0.0 -1e-06 
0.0 0.0 0.0 0.0 -0.0 0.0 1.716784 99.647308 0.813247 0.236354 -3.307026 4.194613 -2.173326 -0.812667 1.204309 -1.054369 -2.26088 -4.504292 1.757214 -3.421789 6.759638 -3.789275 4.242513 -4.076805 4.084857 13.825895 -2.930633 3.550146 14.928174 -13.119055 7.6e-05 -2.2e-05 6e-06 0.000867 0.030506 -0.027829 0.578277 -3.725568 -10.579312 -0.58397 3.781942 -10.537304 12.246348 -11.877281 7.042839 21.72057 3.879363 -55.068901 2.071636 -67.175171 -0.891199 34.106197 8.120361 -12.05248 -5.882102 9.861281 0.702592 -10.936865 -0.360575 7.156201 -0.0 8.774822 -0.0 -17.403015 18.123632 6.386655 -1.844031 2.498503 -2.507275 -10.163594 4.678943 4.621106 -20.976013 -5e-06 2e-06 -21.226276 2.451694 -3.593997 1e-06 -6e-06 -0.0 -1.362681 2.240798 -0.746323 -21.334904 0.584908 3.008322 -13.821205 -4e-06 2e-06 -23.887159 -0.24908 -0.839481 -61.707447 2.656368 -1.268255 -0.294025 1.679686 0.833254 -14.218199 0.093213 1.300579 -34.212032 -0.287565 0.96717 -20.033201 0.964535 1.212844 -0.0 1e-06 -0.0 -3.440386 0.788233 0.501655 -15.928177 -3.167308 2.999705 -6.338821 -0.0 1e-06 -18.123436 3.648182 -4.905669 -4e-06 1e-06 -2e-06 1.435705 5.209439 13.692521 67.94944 -2.462756 13.113553 1.117624 46.820683 0.695868 -4.990997 -2.739968 -13.19455 2.24354 -5.25503 -3.180157 14.282881 -0.826593 6.952499 -4e-06 -12.690591 2e-06 16.447937 -18.220621 2.617126 1.665665 -1.95592 -2.878298 4.727795 -4.170582 4.993921 11.020519 4e-06 -2e-06 12.109043 -3.73571 -2.866782 -0.0 0.0 -0.0 1.291985 -1.928548 -1.498089 14.800118 0.567468 3.865605 14.242561 -1.341733 -6.660654 19.631954 0.143929 -0.648246 50.305916 -0.871525 -6.888628 0.353028 -1.511149 -0.03194 20.22278 3.684307 2.316628 18.787258 8e-06 -0.0 10.75162 -0.479867 1.397904 1e-06 -0.0 0.0 3.273804 0.305947 -0.580111 21.486799 11.830366 2.266129 8.162921 3e-06 0.0 18.399067 -3.798978 -4.940568 3e-06 -1e-06 -1e-06 1.513754 15.406609 -10.962515 -0.0475 -0.52852 20.684458 -2.913195 -1.328008 -9.180282 1.662654 -1.950308 -1.114946 0.0 -0.0 2e-06 -5.4387 -6.901923 -15.681877 0.106459 0.414452 25.274643 4.15216 6.374359 -8.82339 -1.446377 0.962602 -1.641065 -0.0 -0.0 -1e-06 
0.0 0.0 0.0 0.0 -0.0 0.0 1.625021 99.664413 0.338542 0.194494 -3.560532 4.246145 -2.18624 -0.816976 1.21266 -1.036528 -2.157652 -4.460701 1.808361 -3.456407 6.941624 -3.743521 4.268482 -3.983159 3.978266 13.762083 -2.977497 3.230074 14.812234 -12.825237 7.7e-05 -2.2e-05 7e-06 0.008694 0.055357 -0.022375 0.59792 -3.702615 -10.575107 -0.587062 3.806784 -10.542561 11.191655 -11.776013 7.342211 16.960566 2.651129 -52.064137 0.444074 -69.695671 -0.115028 32.361572 8.376913 -12.461284 -5.882102 9.861282 0.702589 -10.93687 -0.360576 7.156204 1e-06 8.774822 -1e-06 -17.667353 18.127024 5.895096 -1.844033 2.498504 -2.507277 -10.163597 4.678943 4.621107 -20.976019 -4e-06 3e-06 -21.226282 2.451696 -3.593998 -2e-06 -5e-06 -0.0 -1.362683 2.240797 -0.746322 -21.334911 0.584908 3.008323 -13.821212 -3e-06 3e-06 -23.887165 -0.249079 -0.839482 -61.633839 2.687753 -1.306244 -0.294027 1.679687 0.833254 -14.218205 0.093215 1.300582 -34.212044 -0.287564 0.967173 -20.033209 0.964536 1.212845 0.0 -0.0 0.0 -3.440388 0.788233 0.501656 -15.928183 -3.167308 2.999708 -6.338826 -1e-06 2e-06 -18.12344 3.648181 -4.905668 -3e-06 1e-06 -2e-06 1.672498 5.357759 13.427747 67.84288 -1.315529 12.661627 1.028357 46.307159 0.656694 -5.503299 -2.800638 -13.190854 2.24354 -5.255033 -3.180156 14.282881 -0.826596 6.952499 -2e-06 -12.690598 2e-06 16.50053 -18.21925 2.581962 1.665664 -1.955921 -2.878298 4.727796 -4.170585 4.993922 11.020517 2e-06 -1e-06 12.109043 -3.735714 -2.866783 0.0 -0.0 -0.0 1.291985 -1.928547 -1.498089 14.800118 0.567466 3.865606 14.24256 -1.341737 -6.660655 19.631954 0.143927 -0.648243 50.262558 -0.903561 -6.895933 0.353029 -1.511151 -0.03194 20.222775 3.684307 2.316629 18.787256 4e-06 -1e-06 10.75162 -0.479868 1.397906 1e-06 0.0 -1e-06 3.273804 0.305947 -0.58011 21.486799 11.830369 2.266133 8.162922 -0.0 1e-06 18.399067 -3.798985 -4.940571 3e-06 0.0 -1e-06 1.586669 15.826394 -11.439761 -0.037604 -0.462131 21.033484 -2.863077 -1.655356 -9.098264 1.664816 -1.949535 -1.03706 0.0 -0.0 2e-06 -5.271377 -6.997722 -15.907666 0.095058 0.306128 24.996262 4.061906 6.543238 -8.779469 -1.445618 0.976552 -1.46339 -0.0 -0.0 -1e-06 
0.0 0.0 0.0 0.0 -0.0 0.0 1.596834 99.48941 -0.089293 0.226263 -3.996774 4.035891 -2.137819 -0.771576 1.199437 -0.978062 -2.0212 -4.436574 1.803453 -3.452006 7.180352 -3.751781 4.428566 -3.709896 3.855355 13.620537 -3.009887 3.061282 14.61895 -12.338387 7.7e-05 -2.3e-05 6e-06 0.010674 0.062699 -0.017794 0.605071 -3.694041 -10.542976 -0.589308 3.811481 -10.525178 9.509768 -11.316225 7.806833 10.987846 0.849893 -48.038864 -0.450789 -73.610321 0.156182 30.066038 8.492183 -12.843346 -5.882104 9.861278 0.702589 -10.936865 -0.360575 7.156199 -1e-06 8.774819 -2e-06 -17.803387 18.036366 5.572511 -1.844031 2.498503 -2.507275 -10.163592 4.678941 4.621104 -20.976009 -2e-06 1e-06 -21.226271 2.451695 -3.593999 0.0 -6e-06 -1e-06 -1.362678 2.240796 -0.746323 -21.334902 0.584911 3.00832 -13.821204 -2e-06 2e-06 -23.887154 -0.249078 -0.839483 -61.390015 2.705993 -1.243402 -0.294026 1.679686 0.833255 -14.218202 0.093215 1.300578 -34.212032 -0.287562 0.967168 -20.033201 0.964535 1.212842 -0.0 -0.0 -0.0 -3.440386 0.788233 0.501657 -15.928176 -3.167306 2.999703 -6.338822 -2e-06 1e-06 -18.123436 3.64818 -4.905668 -6e-06 1e-06 -1e-06 1.873182 5.629056 13.238302 67.503616 -0.240573 12.535767 0.899908 45.816792 0.612564 -6.004728 -2.920513 -13.389996 2.243538 -5.255031 -3.180154 14.282875 -0.826593 6.952494 -3e-06 -12.69059 -0.0 16.557425 -18.172985 2.475498 1.665664 -1.95592 -2.878295 4.727793 -4.170583 4.993917 11.020514 2e-06 -1e-06 12.109038 -3.735711 -2.86678 0.0 0.0 -0.0 1.291983 -1.928546 -1.498087 14.800112 0.567468 3.865603 14.242557 -1.341733 -6.660649 19.631945 0.143927 -0.648242 50.131023 -0.869628 -6.937608 0.353028 -1.511149 -0.03194 20.222769 3.684307 2.316628 18.787252 5e-06 0.0 10.751616 -0.479867 1.397904 -0.0 0.0 -0.0 3.273804 0.305946 -0.58011 21.486794 11.830362 2.266131 8.16292 3e-06 -0.0 18.399063 -3.798982 -4.940569 3e-06 0.0 -2e-06 1.633537 16.033464 -11.807861 -0.035903 -0.378513 21.913565 -2.750121 -1.686407 -9.526044 1.666711 -1.947162 -0.83476 0.0 -0.0 2e-06 -5.260008 -7.05149 -16.236002 0.093453 0.217132 25.507679 3.897635 6.852552 -9.203765 -1.442977 0.968894 -1.272218 -0.0 -0.0 -1e-06 
0.0 0.0 0.0 0.0 -0.0 0.0 1.585334 99.12899 -0.433968 0.368455 -4.431782 3.580998 -2.100465 -0.692227 1.19869 -0.907889 -1.853349 -4.412143 1.706344 -3.435263 7.463107 -3.706521 4.552106 -3.372196 3.769814 13.494294 -3.011099 3.019655 14.373464 -11.804327 7.7e-05 -2.3e-05 7e-06 0.016516 0.08121 -0.013737 0.613446 -3.67322 -10.501438 -0.585093 3.827889 -10.497284 7.622646 -10.63294 8.384202 4.305616 -1.315655 -43.129402 -0.590383 -77.955139 0.350752 27.881403 8.712963 -12.972486 -5.882104 9.861283 0.702591 -10.936869 -0.360575 7.156203 -0.0 8.774822 -2e-06 -17.825499 17.881247 5.466261 -1.844032 2.498504 -2.507277 -10.163601 4.678944 4.621109 -20.976023 -3e-06 3e-06 -21.226288 2.451696 -3.594001 0.0 -6e-06 -1e-06 -1.362682 2.240797 -0.746325 -21.334913 0.58491 3.008321 -13.821215 -2e-06 2e-06 -23.887169 -0.249078 -0.839484 -61.244858 2.654524 -1.100239 -0.294025 1.679688 0.833256 -14.218207 0.093214 1.30058 -34.212051 -0.287563 0.96717 -20.033211 0.964538 1.212842 1e-06 2e-06 1e-06 -3.440387 0.788233 0.501657 -15.928185 -3.16731 2.999707 -6.338827 -1e-06 1e-06 -18.123446 3.648185 -4.90567 -4e-06 -0.0 -1e-06 2.238756 5.902612 13.136811 66.809471 0.632825 12.8394 0.767388 45.380051 0.494322 -6.407275 -3.005988 -13.725144 2.24354 -5.255037 -3.180156 14.282885 -0.826593 6.9525 -2e-06 -12.690603 -1e-06 16.54266 -18.078806 2.386027 1.665665 -1.955921 -2.878297 4.727797 -4.170587 4.993923 11.02052 2e-06 -0.0 12.109045 -3.735715 -2.866782 0.0 0.0 -0.0 1.291985 -1.928548 -1.498089 14.800122 0.567469 3.865607 14.242566 -1.341735 -6.660655 19.631958 0.143928 -0.648243 49.904491 -0.832324 -6.990843 0.353028 -1.51115 -0.03194 20.222778 3.684311 2.316632 18.787262 5e-06 2e-06 10.75162 -0.47987 1.397907 1e-06 -0.0 0.0 3.273805 0.305946 -0.58011 21.486801 11.830376 2.266135 8.162924 2e-06 1e-06 18.399071 -3.798988 -4.940572 3e-06 -1e-06 -2e-06 1.617291 15.827176 -11.971034 -0.042487 -0.300781 23.07214 -2.574043 -1.429894 -10.411834 1.665351 -1.945613 -0.442569 0.0 0.0 2e-06 -5.449277 -7.206763 -16.594463 0.096851 0.153187 26.772884 3.676653 7.334244 -10.134382 -1.435623 0.955857 -0.99398 0.0 0.0 -1e-06 
0.0 0.0 0.0 0.0 -0.0 0.0 1.551017 98.684151 -0.675501 0.697696 -4.703445 2.980167 -2.169049 -0.606139 1.174096 -0.853942 -1.664962 -4.390883 1.501377 -3.378602 7.812318 -3.560121 4.565419 -3.133551 3.747089 13.425512 -2.994016 3.09251 14.031716 -11.38362 7.7e-05 -2.2e-05 6e-06 0.029908 0.126015 -0.009599 0.633549 -3.625032 -10.467378 -0.577976 3.871048 -10.475027 5.694883 -9.80879 9.000579 -2.476017 -3.626224 -37.372997 -0.595743 -81.814842 0.861895 26.202988 8.974367 -13.172518 -5.882104 9.861279 0.70259 -10.936865 -0.360573 7.156202 -2e-06 8.774818 -1e-06 -17.755951 17.70507 5.386757 -1.844031 2.498503 -2.507274 -10.163595 4.678942 4.621105 -20.976013 -0.0 2e-06 -21.226278 2.451697 -3.593999 -0.0 -6e-06 0.0 -1.362679 2.240797 -0.746323 -21.334904 0.584911 3.008322 -13.821206 -0.0 3e-06 -23.887157 -0.249077 -0.839481 -61.182941 2.571597 -0.973918 -0.294024 1.679685 0.833256 -14.218204 0.093217 1.300581 -34.212032 -0.28756 0.96717 -20.033203 0.964537 1.212841 2e-06 1e-06 1e-06 -3.440387 0.788233 0.501655 -15.928179 -3.167307 2.999705 -6.338823 -1e-06 1e-06 -18.123438 3.648181 -4.905668 -4e-06 -1e-06 -3e-06 2.873493 6.075972 13.139905 65.775208 1.288073 13.6283 0.66971 44.945847 0.294739 -6.514678 -3.089685 -13.704142 2.243538 -5.255032 -3.180153 14.282871 -0.826593 6.952496 -1e-06 -12.690592 -0.0 16.439508 -17.990822 2.372597 1.665663 -1.955919 -2.878295 4.727793 -4.170582 4.993917 11.020511 2e-06 0.0 12.109035 -3.735712 -2.866779 0.0 0.0 0.0 1.291983 -1.928548 -1.498087 14.800108 0.567467 3.865604 14.242551 -1.341737 -6.660648 19.631937 0.143923 -0.648243 49.671375 -0.829528 -7.044754 0.353029 -1.511149 -0.03194 20.222763 3.684304 2.31663 18.787249 2e-06 2e-06 10.751616 -0.479871 1.397906 1e-06 -0.0 0.0 3.273802 0.305946 -0.580109 21.486786 11.830359 2.266133 8.162917 1e-06 1e-06 18.399055 -3.798985 -4.940569 4e-06 0.0 -2e-06 1.39837 15.034194 -11.837366 -0.038874 -0.258525 23.981354 -2.429699 -0.734864 -11.43847 1.663393 -1.949875 0.111454 -0.0 -0.0 2e-06 -5.908284 -7.533238 -16.87299 0.102071 0.125122 28.377028 3.558963 7.930562 -11.25886 -1.426681 0.960414 -0.669416 0.0 0.0 -1e-06 
0.0 0.0 0.0 0.0 -0.0 0.0 1.479323 98.334541 -0.841135 1.174556 -4.693534 2.367971 -2.322872 -0.511404 1.125722 -0.825717 -1.513131 -4.402275 1.186982 -3.282478 8.176251 -3.285693 4.515225 -3.032088 3.771228 13.376906 -2.969927 3.25826 13.650317 -11.140843 7.7e-05 -2.2e-05 7e-06 0.042063 0.17255 -0.007151 0.655388 -3.576241 -10.458773 -0.575484 3.916695 -10.473804 3.832394 -8.929867 9.658032 -9.029722 -5.838151 -31.028433 -1.952398 -84.407356 2.58977 25.143555 9.057345 -13.806704 -5.882101 9.861277 0.702589 -10.936862 -0.360577 7.1562 3e-06 8.774819 0.0 -17.54215 17.579912 5.294957 -1.84403 2.498502 -2.507274 -10.163589 4.678939 4.621105 -20.976006 -8e-06 3e-06 -21.226269 2.451692 -3.593993 1e-06 -7e-06 0.0 -1.362682 2.240797 -0.74632 -21.334896 0.584906 3.008322 -13.821203 -4e-06 4e-06 -23.887152 -0.249081 -0.839479 -61.032734 2.49992 -0.927568 -0.294024 1.679686 0.833253 -14.218198 0.093212 1.300582 -34.212021 -0.287569 0.967173 -20.033197 0.964534 1.212848 2e-06 -0.0 1e-06 -3.440385 0.788231 0.501655 -15.928176 -3.167309 2.999706 -6.338822 -2e-06 3e-06 -18.123432 3.648179 -4.905665 -4e-06 -0.0 -1e-06 3.617115 6.053099 13.278695 64.836006 1.773161 14.750088 0.496568 44.419338 0.033678 -6.299331 -3.089583 -13.048068 2.243538 -5.255031 -3.180155 14.282877 -0.826591 6.952498 -3e-06 -12.69059 1e-06 16.356714 -17.935747 2.398873 1.665663 -1.95592 -2.878296 4.727794 -4.170583 4.993919 11.020514 3e-06 -1e-06 12.109038 -3.735711 -2.86678 0.0 0.0 -0.0 1.291984 -1.928548 -1.498087 14.800114 0.567469 3.865605 14.242558 -1.341733 -6.660649 19.631948 0.143925 -0.648243 49.592754 -0.846133 -7.055249 0.353029 -1.511148 -0.03194 20.222771 3.684308 2.316629 18.787254 6e-06 2e-06 10.751616 -0.479868 1.397907 1e-06 -0.0 0.0 3.273804 0.305947 -0.580111 21.48679 11.830361 2.266132 8.162919 3e-06 1e-06 18.399065 -3.798982 -4.940566 4e-06 1e-06 0.0 0.979089 13.82929 -11.445101 -0.018702 -0.243381 24.291328 -2.332241 0.241098 -12.124561 1.660677 -1.939886 0.68647 -0.0 0.0 2e-06 -6.510272 -7.957339 -16.843267 0.106821 0.143467 29.51948 3.544956 8.445791 -12.163084 -1.41897 0.982203 -0.32851 0.0 0.0 -1e-06 
0.0 0.0 0.0 0.0 -0.0 0.0 1.34552 98.197937 -0.970219 1.479516 -4.349977 1.894367 -2.366684 -0.447082 1.057332 -0.808636 -1.375253 -4.433988 0.871037 -3.192047 8.424376 -2.876507 4.438353 -3.02096 3.768876 13.227415 -2.94133 3.443116 13.266726 -10.955252 7.7e-05 -2e-05 6e-06 0.047275 0.189987 -0.006608 0.673396 -3.557414 -10.467463 -0.583123 3.932904 -10.485246 2.187225 -8.147532 10.277302 -15.220665 -7.600618 -24.498486 -5.192606 -85.363121 5.760954 24.329424 8.925756 -14.763451 -5.882098 9.861277 0.702588 -10.936859 -0.360575 7.156199 1e-06 8.774817 -2e-06 -17.169252 17.58185 5.307191 -1.84403 2.498503 -2.507278 -10.163588 4.67894 4.621101 -20.976004 -5e-06 2e-06 -21.226267 2.451693 -3.593998 1e-06 -7e-06 -2e-06 -1.362678 2.240796 -0.746325 -21.334892 0.584907 3.008317 -13.821199 -4e-06 1e-06 -23.887144 -0.249081 -0.839482 -60.77441 2.477564 -0.984802 -0.294025 1.679687 0.833255 -14.218197 0.093214 1.30058 -34.212013 -0.287565 0.967171 -20.033194 0.964534 1.212844 -1e-06 0.0 -0.0 -3.440385 0.788232 0.501652 -15.92817 -3.167308 2.999702 -6.33882 -1e-06 3e-06 -18.123428 3.64818 -4.905666 -5e-06 -1e-06 -2e-06 4.208542 5.912944 13.4909 64.554604 2.119864 15.829045 0.171288 43.587669 -0.216816 -5.97218 -2.918199 -12.213398 2.243539 -5.25503 -3.180154 14.282872 -0.826593 6.952492 -3e-06 -12.690586 -1e-06 16.368313 -17.909369 2.406566 1.665664 -1.955918 -2.878295 4.727792 -4.17058 4.993916 11.020512 2e-06 -2e-06 12.109037 -3.73571 -2.866781 0.0 0.0 -0.0 1.291985 -1.928547 -1.498087 14.800108 0.567469 3.8656 14.242557 -1.341736 -6.66065 19.631943 0.143926 -0.648246 49.622318 -0.843076 -7.033304 0.353028 -1.511149 -0.03194 20.222769 3.684305 2.316626 18.787252 7e-06 -2e-06 10.751617 -0.479867 1.397904 0.0 -0.0 -0.0 3.273803 0.305946 -0.58011 21.486788 11.830359 2.266127 8.162917 3e-06 -2e-06 18.399059 -3.798978 -4.940569 3e-06 0.0 -1e-06 0.753573 12.665027 -10.971299 -0.002814 -0.246526 24.077799 -2.301313 1.024462 -12.209918 1.657549 -1.906391 1.110491 -0.0 -0.0 2e-06 -6.836453 -8.176021 -16.335581 0.116877 0.18395 29.589617 3.540596 8.494394 -12.622912 -1.41545 1.015038 0.008663 0.0 0.0 -1e-06 
0.0 0.0 0.0 0.0 -0.0 0.0 1.11796 98.291306 -1.068221 1.396302 -3.736715 1.655711 -2.239305 -0.408733 0.944398 -0.779821 -1.292155 -4.493386 0.734525 -3.104539 8.511007 -2.377537 4.36182 -3.074695 3.689739 12.90682 -2.939996 3.588218 12.856374 -10.807403 7.7e-05 -2.2e-05 6e-06 0.045461 0.179779 -0.006944 0.680815 -3.565484 -10.475644 -0.594205 3.920322 -10.49542 0.846162 -7.483466 10.743005 -20.982744 -8.673884 -17.87657 -6.209353 -84.853264 6.497997 22.958963 8.693124 -15.714279 -5.88211 9.861288 0.702591 -10.936875 -0.360573 7.156208 -1e-06 8.774826 -1e-06 -16.624247 17.673208 5.503587 -1.844032 2.498505 -2.507277 -10.163604 4.678948 4.621113 -20.97603 -1e-06 2e-06 -21.226297 2.451701 -3.594004 0.0 -5e-06 -1e-06 -1.362683 2.240798 -0.746323 -21.334921 0.584913 3.008325 -13.821218 -1e-06 1e-06 -23.887178 -0.249075 -0.839485 -60.546028 2.491507 -1.082912 -0.294025 1.679687 0.833256 -14.218214 0.093217 1.30058 -34.212063 -0.28756 0.967171 -20.033218 0.964536 1.212843 -1e-06 0.0 -1e-06 -3.440391 0.788234 0.501656 -15.928192 -3.167307 2.99971 -6.338829 1e-06 1e-06 -18.123455 3.648187 -4.905674 -5e-06 1e-06 0.0 4.643422 5.706499 13.647015 64.830887 2.350709 16.717609 -0.150987 42.433155 -0.388227 -5.568342 -2.706231 -11.598105 2.243542 -5.255037 -3.180158 14.282887 -0.826596 6.952502 -2e-06 -12.690607 0.0 16.419712 -17.882673 2.432445 1.665666 -1.955922 -2.878299 4.727798 -4.170588 4.993924 11.020526 2e-06 -2e-06 12.109052 -3.735717 -2.866785 1e-06 0.0 -0.0 1.291987 -1.92855 -1.49809 14.800129 0.567468 3.865607 14.242573 -1.341736 -6.66066 19.631969 0.143928 -0.648247 49.682281 -0.829541 -6.9474 0.35303 -1.511149 -0.03194 20.22279 3.68431 2.316628 18.787271 5e-06 -3e-06 10.75163 -0.479869 1.397903 3e-06 -0.0 0.0 3.273807 0.305947 -0.580112 21.486813 11.830379 2.266131 8.162926 1e-06 -1e-06 18.399078 -3.798985 -4.940578 4e-06 0.0 0.0 1.002029 11.878231 -10.459085 -0.003673 -0.27274 23.318287 -2.297007 1.194251 -11.792524 1.656868 -1.874235 1.354038 -0.0 -0.0 2e-06 -6.602308 -8.097792 -15.402749 0.097142 0.223733 28.497143 3.531867 7.912185 -12.624135 -1.418364 1.047169 0.238699 0.0 0.0 -1e-06 
0.0 0.0 0.0 0.0 -0.0 0.0 0.828032 98.555748 -1.132712 1.080254 -3.037246 1.619525 -2.032852 -0.376534 0.793701 -0.752624 -1.261403 -4.573376 0.744346 -3.021206 8.466487 -1.87489 4.291091 -3.219009 3.577227 12.495345 -2.95662 3.673159 12.49566 -10.695299 7.7e-05 -2.2e-05 6e-06 0.03801 0.145024 -0.012168 0.679772 -3.595864 -10.478945 -0.607923 3.881176 -10.499387 -0.161615 -6.839164 11.056012 -26.205696 -9.036937 -11.471635 -4.928077 -83.234299 4.923468 20.969427 8.494764 -16.328812 -5.882102 9.861277 0.702589 -10.936865 -0.360575 7.156197 1e-06 8.774819 -0.0 -16.07132 17.83655 5.863672 -1.844032 2.498502 -2.507277 -10.163593 4.67894 4.621101 -20.976009 -4e-06 2e-06 -21.226274 2.451696 -3.593993 0.0 -7e-06 -1e-06 -1.36268 2.240796 -0.74632 -21.334898 0.584908 3.008321 -13.821203 -3e-06 3e-06 -23.887152 -0.249077 -0.839479 -60.498749 2.521425 -1.159371 -0.294024 1.679686 0.833254 -14.218198 0.093214 1.30058 -34.212021 -0.287566 0.96717 -20.033201 0.964535 1.212842 -1e-06 -1e-06 1e-06 -3.440387 0.788232 0.501658 -15.928179 -3.167308 2.999706 -6.338822 -2e-06 0.0 -18.123436 3.64818 -4.905664 -4e-06 0.0 -0.0 5.029476 5.463474 13.72548 65.331184 2.598072 17.464958 -0.359894 41.027218 -0.463054 -5.11954 -2.53003 -10.961982 2.243541 -5.255037 -3.180156 14.282879 -0.826596 6.952502 0.0 -12.6906 -0.0 16.450689 -17.882502 2.470466 1.665665 -1.955921 -2.878298 4.727796 -4.170587 4.993923 11.020516 2e-06 1e-06 12.10904 -3.735717 -2.866783 -1e-06 0.0 -1e-06 1.291985 -1.92855 -1.49809 14.800117 0.567465 3.865606 14.242562 -1.34174 -6.660655 19.631952 0.143924 -0.648245 49.757492 -0.808759 -6.829523 0.353029 -1.511151 -0.03194 20.222775 3.684306 2.316631 18.787256 1e-06 -2e-06 10.751618 -0.47987 1.397906 1e-06 0.0 0.0 3.273804 0.305946 -0.58011 21.486794 11.830367 2.266134 8.162921 -1e-06 2e-06 18.399067 -3.79899 -4.940572 4e-06 1e-06 -2e-06 1.534513 11.442426 -9.899929 -0.010691 -0.298991 22.044704 -2.3351 0.888718 -10.970557 1.660005 -1.86648 1.434506 0.0 -0.0 2e-06 -6.021014 -7.883287 -14.214873 0.061385 0.255027 26.530317 3.561345 6.982301 -12.267076 -1.422536 1.064902 0.352647 -0.0 0.0 -1e-06 
0.0 0.0 0.0 0.0 -0.0 0.0 0.535791 98.876801 -1.167232 0.682014 -2.441181 1.710921 -1.781137 -0.336946 0.619911 -0.724757 -1.238959 -4.667618 0.828409 -2.934342 8.351036 -1.483429 4.246817 -3.459916 3.464895 12.067167 -2.958598 3.688847 12.251423 -10.692966 7.7e-05 -2.1e-05 6e-06 0.030475 0.106501 -0.01561 0.678115 -3.631356 -10.482811 -0.620955 3.840129 -10.502972 -0.928899 -6.190172 11.295188 -30.868931 -8.732988 -5.60947 -2.870533 -80.932564 2.694908 18.415165 8.351628 -16.238798 -5.8821 9.861278 0.70259 -10.936863 -0.360576 7.156199 0.0 8.774819 -1e-06 -15.727885 18.045948 6.256161 -1.844031 2.498503 -2.507277 -10.163592 4.67894 4.621104 -20.976011 -5e-06 4e-06 -21.226271 2.451696 -3.593993 0.0 -5e-06 0.0 -1.36268 2.240796 -0.746323 -21.334896 0.584907 3.008323 -13.821203 -3e-06 4e-06 -23.887152 -0.249079 -0.83948 -60.630585 2.555698 -1.207066 -0.294024 1.679686 0.833254 -14.218197 0.093214 1.300581 -34.212021 -0.287564 0.967172 -20.033197 0.964538 1.212845 0.0 -1e-06 -0.0 -3.440386 0.788233 0.501655 -15.928174 -3.167309 2.999707 -6.338823 -1e-06 1e-06 -18.123434 3.648179 -4.905666 -5e-06 1e-06 -1e-06 5.353395 5.304204 13.779289 65.880165 2.923996 18.088987 -0.456885 39.520184 -0.462822 -4.746214 -2.399256 -10.262905 2.243539 -5.255033 -3.180156 14.282878 -0.826594 6.952498 -2e-06 -12.690595 1e-06 16.445976 -17.917519 2.500752 1.665664 -1.95592 -2.878296 4.727795 -4.170583 4.993921 11.020515 3e-06 -1e-06 12.10904 -3.735713 -2.866784 -1e-06 0.0 -1e-06 1.291985 -1.928547 -1.49809 14.800115 0.567468 3.865603 14.242559 -1.341734 -6.660654 19.631948 0.143928 -0.648245 49.798409 -0.783373 -6.720001 0.353029 -1.511149 -0.031941 20.222775 3.684307 2.316629 18.787256 5e-06 -1e-06 10.75162 -0.479868 1.397903 1e-06 1e-06 0.0 3.273804 0.305947 -0.58011 21.486795 11.830366 2.266131 8.162921 2e-06 -1e-06 18.399063 -3.798983 -4.940571 3e-06 1e-06 -1e-06 2.159613 11.280335 -9.326157 -0.020692 -0.310047 20.476429 -2.408034 0.406531 -9.979396 1.662791 -1.880731 1.439986 0.0 -0.0 2e-06 -5.333313 -7.595603 -12.963601 0.036533 0.257061 24.123722 3.610373 6.051865 -11.680451 -1.42407 1.061283 0.427194 -0.0 -0.0 -1e-06 
0.0 0.0 0.0 0.0 -0.0 0.0 0.273104 99.165245 -1.20174 0.306679 -2.01558 1.884298 -1.502105 -0.282185 0.411991 -0.686565 -1.206665 -4.77436 0.938313 -2.822608 8.258011 -1.251686 4.225796 -3.812844 3.347493 11.683531 -2.955492 3.660209 12.075666 -10.80759 7.7e-05 -2.2e-05 6e-06 0.021414 0.071652 -0.013426 0.673962 -3.66577 -10.491426 -0.634472 3.805503 -10.511303 -1.693347 -5.604127 11.531684 -34.810043 -7.886801 -0.505083 -0.610466 -78.350555 0.532574 15.768627 8.023168 -15.32662 -5.882098 9.861275 0.702588 -10.936862 -0.360577 7.156199 1e-06 8.774815 -2e-06 -15.587542 18.254169 6.534488 -1.844029 2.498502 -2.507276 -10.163589 4.678936 4.621105 -20.976006 -4e-06 5e-06 -21.226265 2.451694 -3.593992 -0.0 -5e-06 2e-06 -1.36268 2.240796 -0.746324 -21.334888 0.584905 3.008321 -13.8212 -4e-06 6e-06 -23.887142 -0.249076 -0.839477 -60.712738 2.571561 -1.222846 -0.294024 1.679686 0.833255 -14.218194 0.093213 1.30058 -34.212017 -0.287565 0.967175 -20.033192 0.964533 1.212846 -2e-06 -1e-06 -0.0 -3.440385 0.788232 0.501654 -15.92817 -3.16731 2.999707 -6.33882 -2e-06 2e-06 -18.123426 3.648177 -4.90566 -5e-06 1e-06 -1e-06 5.691795 5.206997 13.823385 66.205116 3.365254 18.728708 -0.465785 38.137524 -0.434392 -4.599682 -2.275037 -9.724146 2.243539 -5.255033 -3.180156 14.282881 -0.826594 6.952501 -4e-06 -12.690594 1e-06 16.391012 -17.940346 2.53102 1.665665 -1.95592 -2.878298 4.727796 -4.170582 4.993924 11.020519 4e-06 1e-06 12.109043 -3.735711 -2.86678 -1e-06 -0.0 -1e-06 1.291985 -1.928547 -1.498088 14.80012 0.567468 3.865607 14.24256 -1.341733 -6.660653 19.631952 0.143926 -0.648241 49.815022 -0.767866 -6.652152 0.353028 -1.511149 -0.031941 20.222778 3.684307 2.31663 18.787262 4e-06 3e-06 10.751617 -0.47987 1.397907 0.0 0.0 0.0 3.273805 0.305947 -0.580111 21.486801 11.830364 2.266132 8.162921 1e-06 1e-06 18.399073 -3.798982 -4.940568 3e-06 0.0 -2e-06 2.730819 11.305343 -8.817976 -0.023858 -0.312016 18.893539 -2.476568 -0.090729 -9.010612 1.662958 -1.895784 1.417953 -0.0 0.0 2e-06 -4.696111 -7.287195 -11.829018 0.026861 0.244163 21.677784 3.696218 5.314202 -11.006274 -1.424001 1.050463 0.492244 0.0 0.0 -1e-06 
0.0 0.0 0.0 0.0 -0.0 0.0 0.057787 99.403908 -1.264234 -0.00131 -1.74442 2.075589 -1.208312 -0.215255 0.195716 -0.636941 -1.151911 -4.884151 1.067131 -2.70141 8.219987 -1.164403 4.224163 -4.236181 3.213789 11.350883 -2.952583 3.588893 11.918994 -11.022497 7.7e-05 -2e-05 6e-06 0.012373 0.047381 -0.011217 0.669688 -3.690108 -10.503427 -0.647893 3.782004 -10.520659 -2.527039 -5.062697 11.771754 -38.204723 -6.783978 3.772364 1.036636 -75.589516 -0.862048 13.482401 7.391691 -13.73104 -5.882105 9.861284 0.702591 -10.93687 -0.360572 7.156201 -2e-06 8.774822 1e-06 -15.562221 18.434462 6.680605 -1.844032 2.498504 -2.507277 -10.163595 4.678944 4.621109 -20.976017 0.0 1e-06 -21.226282 2.451701 -3.594001 0.0 -4e-06 0.0 -1.362682 2.240797 -0.746324 -21.334906 0.584914 3.008322 -13.82121 0.0 2e-06 -23.887159 -0.249076 -0.839485 -60.67675 2.563984 -1.204439 -0.294024 1.679688 0.833256 -14.218206 0.093219 1.300579 -34.212036 -0.287557 0.967166 -20.033205 0.964537 1.212837 -2e-06 -1e-06 0.0 -3.440388 0.788233 0.501657 -15.928181 -3.167306 2.999707 -6.338823 0.0 -1e-06 -18.123444 3.648183 -4.905672 -5e-06 1e-06 -2e-06 6.062039 5.160636 13.853009 66.23764 3.863271 19.364157 -0.386461 37.096497 -0.388565 -4.666105 -2.129674 -9.449265 2.243542 -5.255036 -3.180157 14.282887 -0.826595 6.952498 -2e-06 -12.690602 0.0 16.331816 -17.901541 2.55889 1.665666 -1.955922 -2.878298 4.727797 -4.170587 4.993924 11.020524 2e-06 -3e-06 12.109052 -3.735715 -2.866785 -0.0 -0.0 0.0 1.291985 -1.928548 -1.498089 14.800125 0.567468 3.865605 14.242569 -1.341734 -6.660659 19.631958 0.143927 -0.648247 49.82568 -0.778076 -6.597333 0.353029 -1.51115 -0.03194 20.222786 3.684309 2.316626 18.78727 5e-06 -4e-06 10.751623 -0.479868 1.397903 1e-06 0.0 2e-06 3.273806 0.305947 -0.580112 21.486811 11.830374 2.266128 8.162926 1e-06 -2e-06 18.399078 -3.798984 -4.940578 3e-06 0.0 -1e-06 3.200815 11.438857 -8.382454 -0.023781 -0.314949 17.457968 -2.546325 -0.508922 -8.171467 1.66115 -1.901228 1.375356 0.0 -0.0 2e-06 -4.162084 -6.909398 -10.854653 0.020439 0.227384 19.422691 3.796293 4.693726 -10.336154 -1.422416 1.041454 0.54634 0.0 0.0 -1e-06 
0.0 0.0 0.0 0.0 -0.0 0.0 -0.114765 99.58947 -1.344676 -0.212152 -1.576144 2.215277 -0.916377 -0.155148 0.016481 -0.585057 -1.086805 -4.969384 1.203196 -2.582751 8.215369 -1.17806 4.227552 -4.653363 3.064274 11.086474 -2.955086 3.497526 11.783197 -11.28634 7.7e-05 -2.3e-05 6e-06 0.003323 0.024967 -0.010393 0.662879 -3.712733 -10.515788 -0.658945 3.760309 -10.531191 -3.324592 -4.558261 12.001445 -41.270222 -5.666935 7.186258 1.841395 -72.726273 -1.358225 11.683156 6.632893 -11.820154 -5.8821 9.861276 0.70259 -10.936861 -0.360575 7.156198 1e-06 8.774817 1e-06 -15.57765 18.544065 6.723007 -1.84403 2.498501 -2.507276 -10.16359 4.678942 4.621105 -20.976006 -6e-06 3e-06 -21.226267 2.451694 -3.593996 0.0 -5e-06 0.0 -1.36268 2.240797 -0.746323 -21.334896 0.584906 3.008322 -13.821202 -3e-06 2e-06 -23.887146 -0.24908 -0.839478 -60.561527 2.545042 -1.166682 -0.294025 1.679686 0.833255 -14.218193 0.093213 1.300579 -34.212013 -0.287563 0.967171 -20.033194 0.964533 1.212845 -1e-06 1e-06 -1e-06 -3.440385 0.788233 0.501655 -15.928172 -3.167309 2.999704 -6.338822 -1e-06 0.0 -18.123426 3.64818 -4.905665 -5e-06 3e-06 -3e-06 6.373191 5.178495 13.877903 66.092438 4.363747 19.979994 -0.267256 36.51366 -0.334169 -4.837246 -1.966065 -9.423929 2.243539 -5.255029 -3.180154 14.282876 -0.826591 6.952494 -5e-06 -12.690592 1e-06 16.294607 -17.842348 2.569446 1.665665 -1.95592 -2.878297 4.727793 -4.170582 4.99392 11.020515 5e-06 -3e-06 12.109038 -3.735709 -2.866781 -0.0 -0.0 -1e-06 1.291983 -1.928547 -1.498088 14.800114 0.56747 3.865602 14.242558 -1.341732 -6.66065 19.631945 0.143929 -0.648243 49.841537 -0.805031 -6.541974 0.353027 -1.511149 -0.03194 20.222771 3.68431 2.316626 18.787254 9e-06 -0.0 10.751618 -0.479867 1.397906 -1e-06 -0.0 3e-06 3.273803 0.305949 -0.580111 21.48679 11.830367 2.266129 8.162917 5e-06 -1e-06 18.399059 -3.79898 -4.940567 3e-06 0.0 -2e-06 3.545389 11.573266 -8.010041 -0.024105 -0.315043 16.288847 -2.620613 -0.791645 -7.480375 1.659271 -1.901785 1.331367 0.0 -0.0 1e-06 -3.774178 -6.503654 -10.041609 0.016039 0.211429 17.536051 3.876255 4.180142 -9.716817 -1.420027 1.039044 0.608049 0.0 0.0 -1e-06 
0.0 0.0 0.0 0.0 -0.0 0.0 -0.264824 99.720856 -1.417198 -0.347155 -1.470086 2.293897 -0.626103 -0.115176 -0.118942 -0.531029 -1.019086 -5.027215 1.339245 -2.488338 8.223389 -1.255069 4.229441 -5.015219 2.945034 10.888077 -2.957581 3.380244 11.706133 -11.533117 7.7e-05 -2.1e-05 6e-06 -0.005949 -0.000708 -0.011379 0.653786 -3.738857 -10.528769 -0.668339 3.735331 -10.543271 -4.027183 -4.080356 12.237396 -44.095734 -4.683728 9.841122 2.082101 -69.826302 -1.288674 10.245335 5.936425 -9.891766 -5.882102 9.861278 0.702591 -10.936867 -0.360575 7.156202 2e-06 8.774821 1e-06 -15.600234 18.599792 6.708305 -1.844032 2.498503 -2.507276 -10.163595 4.678943 4.621105 -20.976017 -6e-06 2e-06 -21.226276 2.451692 -3.593996 1e-06 -6e-06 -0.0 -1.36268 2.240798 -0.746321 -21.334904 0.58491 3.00832 -13.821208 -4e-06 3e-06 -23.887159 -0.249081 -0.839483 -60.454239 2.529181 -1.134058 -0.294024 1.679684 0.833255 -14.218202 0.093214 1.300581 -34.212036 -0.287563 0.967171 -20.033205 0.964535 1.212845 -0.0 -1e-06 0.0 -3.440387 0.788231 0.501657 -15.928179 -3.167308 2.999704 -6.338824 -3e-06 1e-06 -18.12344 3.648178 -4.905665 -4e-06 1e-06 -2e-06 6.586005 5.254159 13.902349 65.864639 4.817763 20.566982 -0.160031 36.392426 -0.292743 -5.063907 -1.754087 -9.653171 2.24354 -5.255036 -3.180157 14.282887 -0.826592 6.952502 -4e-06 -12.690601 -0.0 16.270914 -17.789137 2.56388 1.665666 -1.95592 -2.878297 4.727797 -4.170586 4.993923 11.020522 5e-06 -2e-06 12.109049 -3.735713 -2.866783 -0.0 -0.0 1e-06 1.291985 -1.928548 -1.498091 14.800123 0.567471 3.865605 14.242568 -1.341733 -6.660654 19.631962 0.143928 -0.648242 49.851692 -0.835969 -6.509953 0.353029 -1.511152 -0.031941 20.222786 3.684313 2.316631 18.78727 7e-06 0.0 10.751624 -0.479868 1.397909 0.0 -0.0 3e-06 3.273805 0.305947 -0.580109 21.486809 11.830376 2.266134 8.162924 3e-06 0.0 18.399071 -3.798982 -4.940571 4e-06 0.0 -1e-06 3.792079 11.658638 -7.715013 -0.026434 -0.30812 15.419355 -2.68192 -0.939728 -6.931249 1.658267 -1.909429 1.29126 0.0 -0.0 2e-06 -3.503651 -6.074237 -9.360813 0.010529 0.195772 16.000179 3.93904 3.715866 -9.184138 -1.416673 1.040479 0.65673 -0.0 -0.0 -1e-06 
0.0 0.0 0.0 0.0 -0.0 0.0 -0.40342 99.809196 -1.485227 -0.444545 -1.351419 2.330129 -0.334171 -0.09165 -0.21351 -0.474985 -0.968172 -5.062563 1.477223 -2.427859 8.21993 -1.36557 4.242645 -5.294334 2.855494 10.729419 -2.962224 3.241354 11.67195 -11.753044 7.7e-05 -2.2e-05 6e-06 -0.011548 -0.016213 -0.008566 0.646345 -3.755736 -10.53826 -0.672115 3.721537 -10.552045 -4.615938 -3.659657 12.464466 -46.680538 -3.930403 11.972685 2.10348 -66.914627 -1.044674 9.063133 5.42239 -7.975804 -5.882102 9.861281 0.702591 -10.936861 -0.360576 7.156199 1e-06 8.774821 1e-06 -15.599826 18.61673 6.679126 -1.84403 2.498504 -2.507276 -10.163589 4.678941 4.621104 -20.976006 -3e-06 2e-06 -21.226269 2.451694 -3.593998 1e-06 -7e-06 -2e-06 -1.362681 2.240796 -0.746325 -21.334896 0.584911 3.008318 -13.821202 -2e-06 -1e-06 -23.887148 -0.249077 -0.839487 -60.36475 2.526841 -1.107286 -0.294025 1.679685 0.833254 -14.218197 0.093216 1.300577 -34.212021 -0.287561 0.967165 -20.033197 0.964536 1.21284 -1e-06 -2e-06 1e-06 -3.440386 0.788233 0.501654 -15.928176 -3.167306 2.999705 -6.338821 -1e-06 1e-06 -18.123436 3.648183 -4.90567 -5e-06 3e-06 -2e-06 6.733185 5.34193 13.911667 65.593155 5.172662 21.126009 -0.088525 36.672466 -0.263083 -5.31381 -1.464371 -10.099265 2.243539 -5.255034 -3.180155 14.282881 -0.826595 6.952497 -1e-06 -12.690595 -1e-06 16.233677 -17.75111 2.561478 1.665664 -1.955921 -2.878296 4.727797 -4.170584 4.993922 11.020519 2e-06 1e-06 12.109042 -3.735716 -2.86678 -1e-06 -0.0 -1e-06 1.291984 -1.928548 -1.498087 14.800118 0.567466 3.865607 14.242562 -1.341738 -6.660651 19.63195 0.143922 -0.648243 49.838699 -0.864123 -6.482203 0.353029 -1.511149 -0.031939 20.222778 3.684305 2.316631 18.787256 -0.0 2e-06 10.751621 -0.479869 1.397905 -1e-06 -0.0 1e-06 3.273805 0.305947 -0.58011 21.486799 11.830363 2.266135 8.162922 -0.0 0.0 18.399073 -3.798986 -4.940569 4e-06 -0.0 0.0 3.99041 11.686701 -7.530697 -0.029382 -0.297626 14.837802 -2.746023 -1.055288 -6.513363 1.656371 -1.919797 1.264138 0.0 -0.0 2e-06 -3.292837 -5.69964 -8.802195 0.003757 0.181399 14.776355 3.975124 3.291957 -8.732161 -1.412524 1.041546 0.722809 -0.0 -0.0 -1e-06 
0.0 0.0 0.0 0.0 -0.0 0.0 -0.52786 99.868225 -1.565154 -0.530625 -1.182784 2.326497 -0.059519 -0.081645 -0.271472 -0.419588 -0.940358 -5.082345 1.622822 -2.400418 8.209436 -1.454858 4.254625 -5.483009 2.785361 10.603592 -2.96569 3.075813 11.670053 -11.955204 7.7e-05 -2.2e-05 6e-06 -0.011191 -0.017249 -0.003015 0.643035 -3.758111 -10.541792 -0.6681 3.722288 -10.554485 -5.058284 -3.332582 12.685799 -49.036236 -3.411337 13.730846 2.010892 -64.074966 -0.795468 8.155842 5.102777 -6.14268 -5.882106 9.861284 0.702591 -10.936866 -0.360574 7.156202 -1e-06 8.774822 -1e-06 -15.57422 18.603905 6.658773 -1.844033 2.498505 -2.507276 -10.163599 4.678946 4.621106 -20.976021 -3e-06 3e-06 -21.226286 2.451698 -3.594003 1e-06 -6e-06 -1e-06 -1.362683 2.240798 -0.746322 -21.334906 0.584912 3.008323 -13.82121 -0.0 2e-06 -23.887165 -0.249076 -0.839484 -60.278847 2.528498 -1.067456 -0.294025 1.679688 0.833258 -14.218205 0.093217 1.300583 -34.212036 -0.287561 0.96717 -20.033209 0.964538 1.212844 -1e-06 -0.0 1e-06 -3.440387 0.788233 0.501655 -15.928183 -3.167307 2.999704 -6.338824 0.0 1e-06 -18.123444 3.648183 -4.905671 -4e-06 -0.0 -3e-06 6.863836 5.401511 13.914309 65.303383 5.439763 21.624922 -0.062065 37.225609 -0.256337 -5.583469 -1.114998 -10.75386 2.243541 -5.255035 -3.180155 14.282887 -0.826595 6.952497 -2e-06 -12.690601 -1e-06 16.18992 -17.746353 2.570214 1.665666 -1.955921 -2.878297 4.727798 -4.170587 4.993921 11.020523 3e-06 -1e-06 12.109048 -3.735716 -2.866784 -0.0 -0.0 -1e-06 1.291986 -1.92855 -1.498088 14.800122 0.567467 3.865602 14.242568 -1.341737 -6.660655 19.631964 0.143926 -0.648247 49.809765 -0.886715 -6.463542 0.353029 -1.51115 -0.03194 20.222786 3.684309 2.316629 18.78727 5e-06 -0.0 10.751625 -0.479866 1.397904 0.0 -1e-06 -1e-06 3.273806 0.305947 -0.580111 21.486803 11.830369 2.266131 8.162926 2e-06 -1e-06 18.399076 -3.798983 -4.940576 4e-06 0.0 0.0 4.175382 11.626325 -7.444088 -0.033784 -0.287771 14.497315 -2.833795 -1.156345 -6.192647 1.654064 -1.926436 1.254891 -0.0 0.0 2e-06 -3.105323 -5.443192 -8.347167 -0.00317 0.163422 13.827274 3.992437 2.914226 -8.354534 -1.408541 1.037325 0.798372 -0.0 -0.0 -1e-06 
0.0 0.0 0.0 0.0 -0.0 0.0 -0.647203 99.905624 -1.661169 -0.624189 -0.988128 2.295964 0.181706 -0.074832 -0.308289 -0.370334 -0.926599 -5.097723 1.779888 -2.398776 8.203455 -1.485441 4.260113 -5.587043 2.727751 10.499543 -2.972051 2.913505 11.681345 -12.095843 7.7e-05 -2.1e-05 6e-06 -0.00702 -0.010033 0.001132 0.644643 -3.753408 -10.548228 -0.661447 3.732347 -10.558518 -5.361848 -3.087197 12.869586 -51.141479 -3.056421 15.278063 1.84033 -61.410076 -0.570649 7.492609 4.918496 -4.56767 -5.882104 9.861279 0.702591 -10.936865 -0.360573 7.156202 -1e-06 8.774819 -2e-06 -15.557196 18.562609 6.65441 -1.84403 2.498503 -2.507275 -10.163593 4.678944 4.621106 -20.976006 1e-06 8e-06 -21.226269 2.451701 -3.593996 0.0 -6e-06 1e-06 -1.362682 2.240796 -0.74632 -21.334896 0.584912 3.008321 -13.821198 -1e-06 4e-06 -23.887146 -0.249072 -0.839482 -60.195221 2.536493 -1.014371 -0.294025 1.679688 0.833254 -14.218198 0.093218 1.30058 -34.212021 -0.287558 0.967171 -20.033195 0.964539 1.212841 1e-06 -0.0 1e-06 -3.440385 0.788232 0.501654 -15.928174 -3.167305 2.999707 -6.338821 0.0 2e-06 -18.123432 3.648183 -4.905665 -4e-06 0.0 -3e-06 7.004044 5.455374 13.93222 65.046272 5.657277 21.987816 -0.061236 37.885101 -0.273557 -5.875671 -0.767509 -11.433348 2.24354 -5.255035 -3.180156 14.28288 -0.826595 6.952497 -1e-06 -12.690597 -1e-06 16.137711 -17.760031 2.603618 1.665665 -1.955919 -2.878296 4.727795 -4.170585 4.99392 11.020514 1e-06 -2e-06 12.109041 -3.735715 -2.866782 -0.0 0.0 -0.0 1.291984 -1.928548 -1.498089 14.800115 0.567466 3.865604 14.242559 -1.341738 -6.660654 19.63195 0.143924 -0.648244 49.778255 -0.905744 -6.445044 0.353029 -1.511151 -0.031939 20.222771 3.684303 2.316629 18.787254 1e-06 -1e-06 10.75162 -0.47987 1.397906 3e-06 1e-06 1e-06 3.273803 0.305946 -0.580112 21.486792 11.830363 2.266135 8.162919 0.0 -1e-06 18.399063 -3.798985 -4.940569 3e-06 1e-06 -1e-06 4.366742 11.541578 -7.443312 -0.039942 -0.279398 14.357567 -2.929121 -1.265248 -5.984569 1.651126 -1.927906 1.260844 0.0 -0.0 2e-06 -2.917377 -5.29525 -7.982844 -0.010895 0.140865 13.090524 3.975672 2.611807 -8.021644 -1.406031 1.036628 0.851727 -0.0 -0.0 -1e-06 
0.0 0.0 0.0 0.0 -0.0 0.0 -0.759474 99.940697 -1.806385 -0.731453 -0.803906 2.260919 0.382223 -0.068506 -0.349735 -0.324507 -0.920773 -5.113402 1.93702 -2.404421 8.204401 -1.472231 4.252256 -5.603965 2.696171 10.404681 -2.980265 2.780904 11.708945 -12.172104 7.7e-05 -2.2e-05 6e-06 -0.003472 -0.003136 0.003285 0.646554 -3.748388 -10.555373 -0.656503 3.741406 -10.562508 -5.577256 -2.89171 13.015291 -52.920635 -2.801928 16.670391 1.596825 -59.062851 -0.373402 7.022372 4.824968 -3.239473 -5.882102 9.861278 0.70259 -10.936865 -0.360576 7.156204 1e-06 8.774819 -1e-06 -15.54063 18.492601 6.64383 -1.844032 2.498503 -2.507277 -10.163595 4.678943 4.621105 -20.976013 -4e-06 4e-06 -21.226274 2.451696 -3.593997 0.0 -5e-06 -0.0 -1.362681 2.240797 -0.746322 -21.3349 0.584906 3.008324 -13.821205 -4e-06 3e-06 -23.887156 -0.24908 -0.839479 -60.085796 2.54149 -0.96462 -0.294025 1.679689 0.833256 -14.2182 0.093215 1.300582 -34.212032 -0.287564 0.967173 -20.033201 0.964536 1.212845 2e-06 -1e-06 -0.0 -3.440388 0.788233 0.501655 -15.928176 -3.16731 2.999707 -6.338822 -3e-06 0.0 -18.12344 3.648179 -4.905668 -4e-06 -0.0 -3e-06 7.186005 5.480953 13.960266 64.835503 5.857739 22.261652 -0.088453 38.477398 -0.304169 -6.20098 -0.41503 -12.155818 2.243541 -5.255035 -3.180156 14.282883 -0.826594 6.952501 -2e-06 -12.6906 0.0 16.098986 -17.755756 2.630571 1.665665 -1.95592 -2.878298 4.727797 -4.170585 4.993923 11.020519 3e-06 -1e-06 12.109046 -3.735715 -2.866782 0.0 -0.0 -1e-06 1.291985 -1.928548 -1.498088 14.80012 0.567468 3.865609 14.242562 -1.341736 -6.660656 19.631952 0.143925 -0.648243 49.748535 -0.924819 -6.434867 0.353029 -1.511151 -0.03194 20.222782 3.684307 2.316632 18.787266 3e-06 1e-06 10.751623 -0.479868 1.397907 3e-06 -0.0 -0.0 3.273805 0.305947 -0.58011 21.486801 11.830368 2.266132 8.162924 3e-06 0.0 18.399075 -3.798985 -4.94057 2e-06 0.0 -1e-06 4.568628 11.45908 -7.486408 -0.04694 -0.279122 14.307522 -3.02472 -1.349397 -5.828938 1.648416 -1.923861 1.258638 0.0 -0.0 2e-06 -2.711915 -5.213212 -7.669598 -0.02157 0.123706 12.446472 3.947879 2.351918 -7.701395 -1.404845 1.040363 0.86438 -0.0 -0.0 -1e-06 
0.0 0.0 0.0 0.0 -0.0 0.0 -0.891412 99.983574 -1.957257 -0.844977 -0.649056 2.228837 0.544936 -0.069195 -0.395087 -0.289603 -0.923778 -5.127097 2.086472 -2.403989 8.213875 -1.407805 4.242645 -5.566544 2.66851 10.316483 -2.992424 2.675543 11.743233 -12.236354 7.7e-05 -2.2e-05 6e-06 -0.000526 0.001974 0.003137 0.649339 -3.743802 -10.563181 -0.653662 3.747451 -10.56786 -5.770281 -2.710346 13.132777 -54.384308 -2.605961 17.917213 1.302374 -57.017841 -0.200704 6.687083 4.765487 -2.10574 -5.882107 9.861285 0.702591 -10.936873 -0.360573 7.156203 0.0 8.774824 2e-06 -15.523678 18.411556 6.62698 -1.844032 2.498505 -2.507279 -10.163603 4.678946 4.621109 -20.976027 -0.0 3e-06 -21.226292 2.451698 -3.594003 1e-06 -5e-06 2e-06 -1.362684 2.240799 -0.746322 -21.334917 0.584913 3.008319 -13.821215 -1e-06 1e-06 -23.887175 -0.249077 -0.839487 -59.982265 2.539715 -0.93822 -0.294027 1.679689 0.833257 -14.218212 0.093217 1.300579 -34.212055 -0.287561 0.967166 -20.033215 0.964536 1.212839 0.0 -2e-06 1e-06 -3.440388 0.788233 0.501654 -15.928185 -3.167306 2.999703 -6.338828 -1e-06 -1e-06 -18.123453 3.648183 -4.905673 -4e-06 1e-06 -2e-06 7.409587 5.487615 13.99003 64.701683 6.053133 22.507423 -0.153695 38.924381 -0.342416 -6.532088 -0.084539 -12.835366 2.243539 -5.255033 -3.180156 14.282875 -0.826594 6.952498 -1e-06 -12.690593 0.0 16.078274 -17.740803 2.627467 1.665664 -1.955919 -2.878294 4.727794 -4.170583 4.99392 11.020512 2e-06 -1e-06 12.109035 -3.735713 -2.86678 -1e-06 1e-06 -2e-06 1.291984 -1.928549 -1.498088 14.800112 0.567467 3.865605 14.242557 -1.341737 -6.660651 19.631941 0.143924 -0.648244 49.71595 -0.944552 -6.426159 0.353029 -1.511149 -0.031939 20.222769 3.684305 2.316631 18.787254 3e-06 1e-06 10.75162 -0.479868 1.397905 1e-06 2e-06 0.0 3.273803 0.305947 -0.58011 21.486788 11.830362 2.266132 8.162919 2e-06 0.0 18.399059 -3.798987 -4.940569 4e-06 1e-06 -1e-06 4.770198 11.372169 -7.518397 -0.049855 -0.282974 14.226089 -3.106899 -1.365487 -5.6709 1.647584 -1.920244 1.230639 0.0 -0.0 2e-06 -2.493252 -5.122348 -7.381526 -0.031526 0.112823 11.826685 3.886805 2.093844 -7.367014 -1.405505 1.040618 0.866431 -0.0 -0.0 -1e-06 
0.0 0.0 0.0 0.0 -0.0 0.0 -1.040468 100.02774 -2.113395 -0.9671 -0.510882 2.199595 0.679916 -0.076166 -0.446798 -0.262714 -0.936538 -5.144255 2.209929 -2.3925 8.241326 -1.296859 4.226484 -5.494028 2.638699 10.243105 -3.009317 2.58253 11.749716 -12.320905 7.7e-05 -2.3e-05 6e-06 0.001173 0.004455 0.002413 0.651827 -3.741545 -10.57138 -0.653047 3.750567 -10.574313 -5.947305 -2.550074 13.250219 -55.576057 -2.468265 19.140547 1.074154 -55.210793 -0.117614 6.411024 4.732462 -1.135519 -5.882108 9.861285 0.702591 -10.93687 -0.360573 7.156203 -2e-06 8.774824 -1e-06 -15.496108 18.329432 6.618436 -1.844033 2.498504 -2.507277 -10.163597 4.678944 4.621107 -20.976021 -0.0 2e-06 -21.226286 2.451698 -3.594003 1e-06 -4e-06 -2e-06 -1.362679 2.240797 -0.746324 -21.334911 0.584912 3.008322 -13.82121 -1e-06 3e-06 -23.887161 -0.249076 -0.839487 -59.915649 2.529815 -0.914405 -0.294024 1.679686 0.833254 -14.218205 0.093215 1.30058 -34.212036 -0.287562 0.967171 -20.033209 0.964536 1.212843 0.0 -0.0 0.0 -3.440387 0.788232 0.501656 -15.928181 -3.167309 2.999707 -6.338823 -1e-06 -3e-06 -18.123442 3.648183 -4.905669 -4e-06 0.0 -2e-06 7.648514 5.467757 14.018564 64.655136 6.223958 22.762274 -0.243775 39.255928 -0.393853 -6.864332 0.233602 -13.325439 2.243541 -5.255035 -3.180157 14.282887 -0.826595 6.952503 -2e-06 -12.690599 -1e-06 16.066607 -17.694378 2.605455 1.665667 -1.955923 -2.878298 4.727798 -4.170587 4.993923 11.020523 4e-06 -1e-06 12.109048 -3.735716 -2.866785 0.0 1e-06 -1e-06 1.291985 -1.928548 -1.498088 14.800123 0.567469 3.865606 14.242567 -1.341735 -6.660655 19.631958 0.143925 -0.648244 49.666435 -0.952512 -6.41369 0.353029 -1.511151 -0.031939 20.222784 3.684309 2.31663 18.787268 6e-06 0.0 10.751624 -0.479869 1.397908 2e-06 1e-06 0.0 3.273806 0.305947 -0.58011 21.486809 11.83037 2.266133 8.162928 0.0 -1e-06 18.39908 -3.798985 -4.940573 4e-06 0.0 -2e-06 4.977584 11.276185 -7.530185 -0.049976 -0.288666 14.092082 -3.1819 -1.34152 -5.489791 1.648665 -1.920845 1.177456 0.0 -0.0 2e-06 -2.255378 -4.994286 -7.091328 -0.039203 0.10803 11.179914 3.811451 1.82449 -7.017493 -1.407527 1.03239 0.874208 -0.0 -0.0 -1e-06 
0.0 0.0 0.0 0.0 -0.0 0.0 -1.20356 100.069496 -2.276168 -1.104198 -0.382128 2.180789 0.78925 -0.089456 -0.500126 -0.239176 -0.949943 -5.167489 2.295889 -2.372749 8.282739 -1.149228 4.202932 -5.397949 2.604262 10.15327 -3.022845 2.485895 11.725259 -12.457548 7.6e-05 -2.1e-05 6e-06 0.002251 0.002597 0.00524 0.653522 -3.745169 -10.58066 -0.652684 3.750867 -10.580804 -6.094617 -2.436507 13.398111 -56.522732 -2.385472 20.310911 0.935766 -53.698257 -0.121884 6.162164 4.687083 -0.268422 -5.882105 9.861283 0.70259 -10.936867 -0.360574 7.156204 -2e-06 8.774821 -1e-06 -15.471163 18.267319 6.618098 -1.844031 2.498503 -2.507279 -10.163598 4.678944 4.621109 -20.976017 -0.0 4e-06 -21.226284 2.451698 -3.594002 1e-06 -6e-06 1e-06 -1.362682 2.240798 -0.746324 -21.334906 0.584913 3.008322 -13.821207 -2e-06 0.0 -23.887161 -0.249077 -0.839483 -59.895493 2.502298 -0.881511 -0.294026 1.679684 0.833256 -14.218203 0.093218 1.300579 -34.212036 -0.287559 0.967169 -20.033209 0.96454 1.212842 0.0 -0.0 -0.0 -3.440386 0.788233 0.501656 -15.928183 -3.167305 2.999709 -6.338824 -1e-06 1e-06 -18.123444 3.648183 -4.905667 -4e-06 -1e-06 -2e-06 7.865502 5.42871 14.057472 64.690758 6.364393 23.045141 -0.345339 39.519581 -0.446888 -7.157352 0.517397 -13.500381 2.243539 -5.255034 -3.180155 14.28288 -0.826595 6.952496 -1e-06 -12.690595 0.0 16.055897 -17.6444 2.587058 1.665664 -1.95592 -2.878294 4.727795 -4.170584 4.993919 11.020515 4e-06 -1e-06 12.109038 -3.735715 -2.866781 0.0 1e-06 -1e-06 1.291984 -1.928548 -1.498088 14.800115 0.567468 3.865603 14.242559 -1.341736 -6.66065 19.631948 0.143925 -0.648242 49.602562 -0.944767 -6.399093 0.353029 -1.511149 -0.03194 20.222773 3.684304 2.31663 18.787256 4e-06 2e-06 10.751619 -0.479868 1.397905 1e-06 -0.0 1e-06 3.273804 0.305946 -0.580111 21.486797 11.830368 2.266133 8.162921 3e-06 -1e-06 18.399071 -3.798984 -4.940572 4e-06 0.0 -2e-06 5.205688 11.206845 -7.5329 -0.05031 -0.290759 13.92072 -3.270428 -1.338419 -5.334417 1.649585 -1.928171 1.122447 0.0 -0.0 2e-06 -1.997298 -4.83647 -6.827222 -0.042788 0.1043 10.559772 3.716293 1.564885 -6.684101 -1.408852 1.019055 0.879544 -0.0 -0.0 -1e-06 
0.0 0.0 0.0 0.0 -0.0 0.0 -1.375722 100.100006 -2.44609 -1.24118 -0.250617 2.169481 0.872307 -0.108713 -0.5513 -0.223286 -0.950888 -5.193201 2.345768 -2.362281 8.334191 -0.976451 4.164098 -5.296155 2.560084 10.045869 -3.03233 2.403477 11.679627 -12.63442 7.6e-05 -2.3e-05 6e-06 0.003019 0.000431 0.011017 0.652693 -3.750233 -10.59135 -0.650333 3.751968 -10.58775 -6.233757 -2.365407 13.565541 -57.278095 -2.322038 21.442869 0.84806 -52.460602 -0.156885 5.950036 4.614565 0.478696 -5.8821 9.861275 0.702588 -10.93686 -0.360576 7.1562 -0.0 8.774815 -3e-06 -15.455818 18.210522 6.602254 -1.84403 2.498501 -2.507274 -10.163589 4.67894 4.621104 -20.976004 -2e-06 1e-06 -21.226269 2.451694 -3.593997 2e-06 -6e-06 -1e-06 -1.362679 2.240796 -0.746325 -21.33489 0.584907 3.008322 -13.8212 -2e-06 2e-06 -23.887144 -0.249076 -0.839481 -59.867996 2.463754 -0.855689 -0.294024 1.679686 0.833254 -14.218194 0.093215 1.300582 -34.212009 -0.287559 0.967171 -20.03319 0.964536 1.21284 -0.0 -0.0 -1e-06 -3.440384 0.78823 0.501657 -15.928172 -3.167304 2.999703 -6.33882 -2e-06 -1e-06 -18.123426 3.648178 -4.905664 -5e-06 -1e-06 -1e-06 8.054377 5.368013 14.093108 64.779816 6.470821 23.33839 -0.450982 39.700813 -0.491788 -7.36349 0.748799 -13.40941 2.24354 -5.255034 -3.180155 14.282881 -0.826595 6.952496 -1e-06 -12.690599 -2e-06 16.040018 -17.603865 2.581277 1.665665 -1.955922 -2.878297 4.727796 -4.170584 4.993919 11.020517 2e-06 -1e-06 12.10904 -3.735716 -2.866783 0.0 1e-06 -2e-06 1.291985 -1.928549 -1.498088 14.800118 0.567468 3.865605 14.242559 -1.341737 -6.660651 19.631952 0.143925 -0.648243 49.529495 -0.938662 -6.379999 0.353029 -1.51115 -0.03194 20.222776 3.684307 2.316629 18.787262 6e-06 -1e-06 10.75162 -0.479869 1.397905 1e-06 -0.0 1e-06 3.273804 0.305947 -0.580111 21.486799 11.830369 2.266133 8.162922 1e-06 -1e-06 18.399071 -3.798983 -4.940573 4e-06 0.0 -3e-06 5.429348 11.154562 -7.533527 -0.048307 -0.291322 13.730945 -3.349179 -1.35091 -5.234671 1.648372 -1.937419 1.08536 0.0 -0.0 2e-06 -1.73854 -4.690508 -6.595733 -0.046291 0.092327 9.995079 3.617158 1.332675 -6.394992 -1.410477 1.00432 0.873491 -0.0 -0.0 -1e-06 
0.0 0.0 0.0 0.0 -0.0 0.0 -1.538511 100.116264 -2.615368 -1.375026 -0.122328 2.167547 0.934227 -0.123373 -0.599092 -0.217762 -0.938531 -5.213337 2.369229 -2.358316 8.374314 -0.773682 4.109232 -5.183201 2.512695 9.899359 -3.035884 2.302492 11.614865 -12.850821 7.7e-05 -2.2e-05 6e-06 0.004982 -0.001007 0.017458 0.653114 -3.754025 -10.599823 -0.646693 3.753125 -10.592178 -6.373859 -2.315765 13.726262 -57.915939 -2.257494 22.464966 0.75497 -51.384491 -0.166451 5.766995 4.488754 1.083014 -5.882097 9.861275 0.702591 -10.936859 -0.360577 7.156197 3e-06 8.774817 0.0 -15.451906 18.159626 6.576489 -1.844027 2.4985 -2.507275 -10.163588 4.678939 4.621107 -20.976 -8e-06 3e-06 -21.226259 2.451691 -3.593994 1e-06 -5e-06 -0.0 -1.36268 2.240795 -0.746322 -21.334892 0.584905 3.008322 -13.821199 -5e-06 3e-06 -23.887146 -0.249081 -0.839479 -59.838577 2.42714 -0.853796 -0.294024 1.679687 0.833254 -14.218191 0.09321 1.30058 -34.212013 -0.28757 0.967176 -20.033194 0.964533 1.212848 0.0 -0.0 0.0 -3.440385 0.788231 0.501656 -15.928172 -3.167311 2.999704 -6.338819 -3e-06 -1e-06 -18.123426 3.648174 -4.905663 -5e-06 1e-06 -2e-06 8.21662 5.290331 14.105301 64.911804 6.52853 23.594019 -0.538877 39.726612 -0.518867 -7.523359 0.902333 -13.107602 2.243538 -5.25503 -3.180153 14.282871 -0.826592 6.952496 -3e-06 -12.690589 0.0 16.038301 -17.587654 2.582846 1.665664 -1.955919 -2.878297 4.727792 -4.170581 4.993917 11.020512 6e-06 -1e-06 12.109035 -3.735709 -2.86678 -0.0 0.0 0.0 1.291983 -1.928547 -1.498088 14.800112 0.567471 3.865605 14.242553 -1.341735 -6.660649 19.631941 0.143927 -0.648242 49.480373 -0.941065 -6.356324 0.353028 -1.511149 -0.03194 20.222769 3.684307 2.31663 18.787249 3e-06 3e-06 10.751616 -0.479869 1.397904 2e-06 -0.0 1e-06 3.273802 0.305947 -0.58011 21.486786 11.830362 2.266133 8.162917 -0.0 2e-06 18.399059 -3.798982 -4.940566 5e-06 0.0 1e-06 5.643623 11.111899 -7.54291 -0.050901 -0.289013 13.537099 -3.433153 -1.337805 -5.188063 1.64706 -1.940116 1.078416 0.0 -0.0 2e-06 -1.489545 -4.577738 -6.416474 -0.049649 0.07447 9.507417 3.515835 1.156894 -6.139521 -1.412302 0.991411 0.865155 -0.0 -0.0 -1e-06 
0.0 0.0 0.0 0.0 -0.0 0.0 -1.677321 100.126923 -2.784953 -1.487495 0.018273 2.17514 0.969659 -0.134344 -0.646591 -0.218695 -0.927265 -5.228485 2.367899 -2.353797 8.404537 -0.569067 4.045025 -5.056942 2.465017 9.769938 -3.044324 2.22538 11.526546 -13.088928 7.7e-05 -2.2e-05 5e-06 0.007078 -0.000859 0.023207 0.653195 -3.755719 -10.605747 -0.642427 3.755318 -10.594739 -6.520593 -2.264916 13.859756 -58.42136 -2.210972 23.358431 0.671928 -50.479275 -0.171376 5.593153 4.316135 1.567538 -5.882102 9.861279 0.702587 -10.936859 -0.360574 7.156198 -2e-06 8.774817 -3e-06 -15.455598 18.115759 6.543181 -1.844032 2.498503 -2.507274 -10.16359 4.678942 4.621103 -20.976006 -2e-06 -1e-06 -21.226271 2.451696 -3.593997 1e-06 -5e-06 2e-06 -1.362682 2.240798 -0.746322 -21.334896 0.584912 3.008316 -13.821202 1e-06 -0.0 -23.887148 -0.249077 -0.839489 -59.817917 2.398702 -0.87339 -0.294024 1.679688 0.833255 -14.218197 0.093217 1.30058 -34.212013 -0.287561 0.967165 -20.033194 0.964536 1.212839 0.0 -0.0 0.0 -3.440386 0.788233 0.501656 -15.928168 -3.167305 2.999704 -6.338819 0.0 -2e-06 -18.123432 3.648183 -4.90567 -5e-06 1e-06 -3e-06 8.347824 5.216144 14.084143 65.058922 6.504662 23.747101 -0.599674 39.628597 -0.531697 -7.646275 0.987401 -12.750893 2.243538 -5.255033 -3.180154 14.282872 -0.826594 6.952497 -1e-06 -12.690593 -2e-06 16.038574 -17.574638 2.590052 1.665664 -1.955921 -2.878296 4.727793 -4.170584 4.993918 11.020512 2e-06 0.0 12.109036 -3.735714 -2.866781 0.0 1e-06 0.0 1.291984 -1.928547 -1.498088 14.800112 0.567467 3.865604 14.242555 -1.341736 -6.660649 19.631941 0.143924 -0.648243 49.452591 -0.951725 -6.342638 0.353029 -1.51115 -0.031939 20.222765 3.684304 2.316631 18.787249 4e-06 -0.0 10.751616 -0.479868 1.397904 2e-06 1e-06 1e-06 3.273803 0.305947 -0.58011 21.486788 11.830362 2.266132 8.162919 2e-06 0.0 18.399063 -3.798982 -4.940571 5e-06 0.0 0.0 5.821877 11.05619 -7.560509 -0.053353 -0.285551 13.344438 -3.520739 -1.330667 -5.158784 1.646096 -1.937744 1.082189 0.0 -0.0 2e-06 -1.27858 -4.520833 -6.302504 -0.054591 0.059119 9.127258 3.432581 1.043995 -5.894938 -1.415309 0.986364 0.847439 -0.0 -0.0 -1e-06 
0.0 0.0 0.0 0.0 -0.0 0.0 -1.777351 100.133835 -2.958214 -1.57393 0.143939 2.180413 0.976163 -0.137441 -0.700732 -0.223005 -0.918913 -5.240585 2.34776 -2.360308 8.432386 -0.382971 3.97013 -4.918318 2.428317 9.668711 -3.054245 2.18767 11.450991 -13.311562 7.7e-05 -2.2e-05 6e-06 0.007156 -0.005596 0.027755 0.650527 -3.76173 -10.609663 -0.63943 3.752235 -10.595682 -6.687828 -2.185296 13.988771 -58.829853 -2.209085 24.096092 0.582402 -49.667416 -0.161773 5.465732 4.102594 2.044261 -5.882102 9.861278 0.702591 -10.936866 -0.360574 7.156205 -0.0 8.774817 -3e-06 -15.458335 18.095554 6.516025 -1.84403 2.498503 -2.507276 -10.163595 4.678942 4.621109 -20.976013 -0.0 4e-06 -21.226274 2.451699 -3.593998 1e-06 -6e-06 1e-06 -1.362681 2.240797 -0.746323 -21.334902 0.584912 3.008325 -13.821205 -0.0 3e-06 -23.887157 -0.249074 -0.839481 -59.832233 2.379921 -0.905527 -0.294024 1.679687 0.833257 -14.218199 0.093216 1.300583 -34.212032 -0.287557 0.967174 -20.033203 0.964538 1.212843 0.0 -1e-06 0.0 -3.440386 0.788233 0.501654 -15.928179 -3.167307 2.999708 -6.338823 -1e-06 1e-06 -18.123438 3.648185 -4.905665 -4e-06 0.0 1e-06 8.451455 5.173786 14.040624 65.195793 6.400465 23.740448 -0.629375 39.410793 -0.52751 -7.755718 1.03591 -12.455553 2.243542 -5.255035 -3.180156 14.282887 -0.826595 6.9525 -1e-06 -12.6906 -1e-06 16.07572 -17.586435 2.591961 1.665666 -1.955921 -2.878297 4.727798 -4.170586 4.993922 11.020522 2e-06 -2e-06 12.109051 -3.735714 -2.866782 1e-06 1e-06 -2e-06 1.291985 -1.928548 -1.498088 14.800123 0.567466 3.865605 14.242568 -1.341738 -6.660657 19.631962 0.143925 -0.648247 49.490852 -0.962873 -6.334127 0.353029 -1.511151 -0.03194 20.222786 3.684305 2.316631 18.78727 3e-06 -1e-06 10.751627 -0.479869 1.397907 3e-06 1e-06 1e-06 3.273806 0.305947 -0.580111 21.486809 11.830369 2.266133 8.162924 0.0 -2e-06 18.399084 -3.798985 -4.940576 5e-06 1e-06 1e-06 5.958415 10.989178 -7.547663 -0.05528 -0.284946 13.108643 -3.581888 -1.307359 -5.095548 1.647436 -1.934008 1.087001 0.0 -0.0 2e-06 -1.111819 -4.520378 -6.224459 -0.059598 0.047804 8.835015 3.378504 0.995798 -5.663619 -1.418027 0.985428 0.834714 0.0 0.0 -1e-06 
0.0 0.0 0.0 0.0 -0.0 0.0 -1.843565 100.137558 -3.129238 -1.628427 0.267948 2.166859 0.959162 -0.134449 -0.752337 -0.232652 -0.928153 -5.249998 2.321216 -2.36507 8.465542 -0.221345 3.921715 -4.789761 2.396679 9.58549 -3.062931 2.166506 11.386921 -13.513959 7.6e-05 -2.4e-05 5e-06 0.007163 -0.009261 0.035673 0.649253 -3.764467 -10.604405 -0.637772 3.74795 -10.587638 -6.886446 -2.084921 14.109324 -59.157101 -2.229955 24.688019 0.517872 -48.956635 -0.138701 5.356156 3.872279 2.512545 -5.882102 9.861281 0.702591 -10.936865 -0.360574 7.156206 -0.0 8.774821 -3e-06 -15.455272 18.096937 6.495382 -1.844032 2.498504 -2.507277 -10.163594 4.678942 4.621111 -20.976013 -1e-06 0.0 -21.226273 2.451697 -3.593999 1e-06 -5e-06 1e-06 -1.362681 2.240797 -0.746324 -21.334904 0.584911 3.008324 -13.821205 -1e-06 1e-06 -23.887154 -0.249076 -0.839484 -59.892094 2.37087 -0.954258 -0.294023 1.679686 0.833256 -14.218199 0.093215 1.300584 -34.212029 -0.287561 0.967172 -20.033201 0.964539 1.212843 -1e-06 -2e-06 -2e-06 -3.440386 0.788234 0.501655 -15.928176 -3.167308 2.999708 -6.33882 -1e-06 0.0 -18.12343 3.648181 -4.905664 -5e-06 -0.0 -1e-06 8.530127 5.149073 14.024393 65.289894 6.282364 23.601799 -0.656685 39.095131 -0.500371 -7.852981 1.006081 -12.29801 2.243538 -5.255035 -3.180157 14.282877 -0.826594 6.952502 -1e-06 -12.690597 -2e-06 16.123627 -17.616188 2.593439 1.665664 -1.95592 -2.878298 4.727795 -4.170585 4.993922 11.020513 2e-06 -1e-06 12.109038 -3.735714 -2.866784 -0.0 0.0 0.0 1.291983 -1.928548 -1.498088 14.800114 0.567467 3.865606 14.242558 -1.341737 -6.660653 19.631945 0.143924 -0.648242 49.575062 -0.964996 -6.330507 0.353029 -1.511149 -0.031941 20.222769 3.684307 2.316633 18.787254 3e-06 1e-06 10.751618 -0.479869 1.397905 3e-06 -0.0 1e-06 3.273803 0.305947 -0.58011 21.48679 11.830365 2.266135 8.16292 1e-06 2e-06 18.399061 -3.798986 -4.94057 5e-06 1e-06 0.0 6.048422 10.932721 -7.481393 -0.058314 -0.285593 12.821076 -3.600965 -1.288192 -5.008451 1.650717 -1.933942 1.064304 0.0 -0.0 2e-06 -0.999452 -4.556231 -6.15792 -0.059816 0.04259 8.627946 3.357246 0.97274 -5.479438 -1.420212 0.981613 0.850157 -0.0 -0.0 -1e-06 
0.0 0.0 0.0 0.0 -0.0 0.0 -1.909222 100.140121 -3.305828 -1.650488 0.391895 2.128538 0.929443 -0.123802 -0.784813 -0.245394 -0.948003 -5.262865 2.285635 -2.368469 8.518743 -0.103164 3.881381 -4.686647 2.361329 9.525546 -3.084893 2.152082 11.305367 -13.676633 7.7e-05 -2.3e-05 6e-06 0.005112 -0.015667 0.041272 0.645453 -3.769054 -10.604507 -0.637517 3.739957 -10.587884 -7.106876 -1.991244 14.223992 -59.417747 -2.277639 25.19521 0.515111 -48.400654 -0.100747 5.187705 3.649809 2.936733 -5.882098 9.861278 0.702592 -10.936859 -0.360575 7.156203 -0.0 8.774819 -3e-06 -15.453057 18.104828 6.476776 -1.844031 2.498502 -2.507276 -10.16359 4.67894 4.621109 -20.976004 -3e-06 2e-06 -21.226265 2.451696 -3.593996 1e-06 -5e-06 3e-06 -1.36268 2.240795 -0.746325 -21.334888 0.584908 3.008322 -13.821198 -2e-06 1e-06 -23.887142 -0.249077 -0.83948 -59.950531 2.372623 -1.028295 -0.294025 1.679687 0.833254 -14.218193 0.093214 1.300581 -34.212013 -0.287563 0.967175 -20.033194 0.964538 1.212844 0.0 -2e-06 0.0 -3.440384 0.788232 0.501654 -15.928168 -3.167306 2.999707 -6.338819 -1e-06 -1e-06 -18.123425 3.648181 -4.905665 -4e-06 -1e-06 0.0 8.597297 5.151614 14.081843 65.279243 6.236449 23.339664 -0.625682 38.651455 -0.443069 -7.946131 0.901258 -12.075492 2.243541 -5.255033 -3.180156 14.282881 -0.826592 6.952499 -3e-06 -12.690595 0.0 16.137445 -17.630024 2.622325 1.665665 -1.95592 -2.878296 4.727795 -4.170583 4.993921 11.020517 4e-06 -2e-06 12.109043 -3.735712 -2.86678 -0.0 1e-06 -1e-06 1.291985 -1.928548 -1.498088 14.800118 0.567468 3.865605 14.242561 -1.341735 -6.660653 19.631952 0.143926 -0.648242 49.650372 -0.958296 -6.32831 0.353028 -1.511149 -0.031941 20.222775 3.684306 2.316629 18.787258 5e-06 1e-06 10.751622 -0.479869 1.397905 0.0 -0.0 -0.0 3.273804 0.305946 -0.580112 21.486799 11.830366 2.266133 8.162924 1e-06 -1e-06 18.399071 -3.798982 -4.940572 3e-06 0.0 0.0 6.094593 10.872469 -7.367569 -0.061673 -0.280866 12.505359 -3.581955 -1.254091 -4.918653 1.654349 -1.944933 1.038216 0.0 -1e-06 2e-06 -0.942393 -4.603908 -6.106548 -0.054339 0.039407 8.496756 3.365812 0.931104 -5.352394 -1.422208 0.975838 0.867445 -0.0 -0.0 -1e-06 
0.0 0.0 0.0 0.0 -0.0 0.0 -1.995908 100.149727 -3.485551 -1.659883 0.51356 2.050606 0.904711 -0.10901 -0.775869 -0.258373 -0.972497 -5.27761 2.244128 -2.35673 8.578134 -0.021676 3.835915 -4.613634 2.301172 9.447435 -3.127546 2.157459 11.199848 -13.775001 7.6e-05 -2.3e-05 6e-06 0.00405 -0.020957 0.043817 0.643911 -3.773848 -10.615959 -0.637402 3.733932 -10.603352 -7.334088 -1.917938 14.295044 -59.59642 -2.300579 25.499416 0.498711 -48.096424 -0.056164 4.968077 3.513917 3.273509 -5.882095 9.861273 0.702586 -10.936857 -0.360578 7.156199 2e-06 8.774815 -2e-06 -15.455149 18.135303 6.478967 -1.844029 2.498501 -2.507277 -10.163586 4.678936 4.621101 -20.975996 -8e-06 6e-06 -21.226259 2.451693 -3.593991 2e-06 -6e-06 3e-06 -1.362679 2.240795 -0.746324 -21.334887 0.584903 3.008322 -13.821195 -4e-06 4e-06 -23.887142 -0.249082 -0.839476 -60.041149 2.416026 -1.103168 -0.294025 1.679685 0.833255 -14.21819 0.093212 1.30058 -34.212013 -0.287569 0.967177 -20.033188 0.964533 1.212847 -1e-06 0.0 1e-06 -3.440384 0.788232 0.501655 -15.928165 -3.167309 2.999705 -6.338817 -1e-06 1e-06 -18.123423 3.648176 -4.90566 -4e-06 -1e-06 -1e-06 8.659423 5.208649 14.171244 65.163399 6.230788 22.947428 -0.487024 38.107159 -0.361404 -8.054835 0.724119 -11.687656 2.24354 -5.255033 -3.180155 14.282879 -0.826592 6.952494 -5e-06 -12.690593 1e-06 16.115559 -17.63512 2.682165 1.665664 -1.955919 -2.878296 4.727793 -4.170583 4.993919 11.020516 5e-06 -2e-06 12.109039 -3.735711 -2.866781 -0.0 1e-06 -1e-06 1.291984 -1.928548 -1.498088 14.800117 0.567468 3.865603 14.242559 -1.341733 -6.660655 19.631948 0.143931 -0.648246 49.702221 -0.946636 -6.326631 0.353028 -1.511149 -0.031939 20.222773 3.684307 2.316626 18.787256 7e-06 -1e-06 10.75162 -0.479865 1.397905 0.0 -0.0 -2e-06 3.273804 0.305947 -0.58011 21.486797 11.830365 2.266127 8.162921 1e-06 0.0 18.399067 -3.79898 -4.940572 3e-06 1e-06 -2e-06 6.128264 10.801724 -7.207335 -0.071123 -0.283077 12.193082 -3.563106 -1.197275 -4.834246 1.658992 -1.971111 1.035753 -0.0 0.0 2e-06 -0.914337 -4.670093 -6.021585 -0.047315 0.030411 8.388761 3.360626 0.887249 -5.241015 -1.424645 0.966009 0.899349 -0.0 -0.0 -1e-06 
0.0 0.0 0.0 0.0 -0.0 0.0 -2.063609 100.177452 -3.621766 -1.687566 0.602257 1.947042 0.905102 -0.081783 -0.746571 -0.26167 -0.997519 -5.312088 2.215676 -2.308819 8.662801 -0.023903 3.788135 -4.612676 2.247903 9.290782 -3.159019 2.222527 11.09127 -13.705402 7.7e-05 -2.4e-05 6e-06 -0.003955 -0.047024 0.043553 0.629773 -3.80647 -10.635052 -0.638527 3.713784 -10.627624 -7.578136 -1.853134 14.332563 -59.641945 -2.28704 25.565197 0.432402 -48.05463 -0.021406 4.729597 3.566601 3.544841 -5.882103 9.861283 0.702591 -10.936872 -0.360576 7.156207 1e-06 8.774822 -2e-06 -15.425093 18.177608 6.505628 -1.844032 2.498505 -2.507274 -10.163597 4.678943 4.621108 -20.976021 -5e-06 4e-06 -21.226284 2.451695 -3.593999 1e-06 -5e-06 -0.0 -1.362682 2.240798 -0.746326 -21.334913 0.584907 3.008323 -13.821213 -4e-06 1e-06 -23.887167 -0.249081 -0.839482 -60.166325 2.507594 -1.136889 -0.294025 1.679687 0.833256 -14.218207 0.093212 1.30058 -34.212048 -0.287567 0.967176 -20.033211 0.964535 1.212848 0.0 -0.0 1e-06 -3.440387 0.788233 0.501654 -15.928185 -3.167312 2.999706 -6.338825 -2e-06 -1e-06 -18.123444 3.64818 -4.905667 -4e-06 -1e-06 0.0 8.732077 5.341108 14.255723 64.946129 6.208383 22.456722 -0.253029 37.597122 -0.266286 -8.109169 0.445254 -10.919546 2.243541 -5.255034 -3.180157 14.282888 -0.826593 6.952499 -4e-06 -12.690601 1e-06 16.082045 -17.646288 2.759771 1.665667 -1.95592 -2.878298 4.727798 -4.170584 4.993921 11.020525 5e-06 -2e-06 12.109052 -3.735712 -2.866783 -0.0 0.0 0.0 1.291986 -1.928548 -1.498089 14.800125 0.56747 3.865603 14.242569 -1.341734 -6.660657 19.631968 0.143929 -0.648243 49.715073 -0.918252 -6.338079 0.353028 -1.51115 -0.031941 20.222788 3.68431 2.316626 18.78727 8e-06 -1e-06 10.751628 -0.479867 1.397904 1e-06 1e-06 1e-06 3.273807 0.305947 -0.580111 21.486813 11.830376 2.266129 8.16293 5e-06 -1e-06 18.39908 -3.798981 -4.940573 4e-06 0.0 -3e-06 6.178235 10.764558 -7.032727 -0.080825 -0.301098 11.886101 -3.574972 -1.159722 -4.748077 1.662456 -2.010644 1.067022 0.0 -0.0 2e-06 -0.878804 -4.782086 -5.867749 -0.040342 0.015974 8.184305 3.331766 0.893291 -5.06241 -1.430639 0.953368 0.940161 -0.0 -0.0 -1e-06 
