HIERARCHY
ROOT Root
{
  OFFSET 0.0 0.0 0.0
  CHANNELS 6 Xposition Yposition Zposition Zrotation Yrotation Xrotation
  JOINT Hips
  {
    OFFSET 0.0 100.0 0.0
    CHANNELS 6 Xposition Yposition Zposition Zrotation Yrotation Xrotation
    JOINT Spine1
    {
      OFFSET -0.013727 5.003763 -0.053727
      CHANNELS 3 Zrotation Yrotation Xrotation
      JOINT Spine2
      {
        OFFSET -0.0 7.125301 -0.029825
        CHANNELS 3 Zrotation Yrotation Xrotation
        JOINT Chest
        {
          OFFSET -1e-06 7.550063 -0.815971
          CHANNELS 3 Zrotation Yrotation Xrotation
          JOINT Neck1
          {
            OFFSET -0.181677 26.311295 -0.553348
            CHANNELS 3 Zrotation Yrotation Xrotation
            JOINT Neck2
            {
              OFFSET -3e-06 7.709397 2.302585
              CHANNELS 3 Zrotation Yrotation Xrotation
              JOINT Head
              {
                OFFSET -5e-06 6.128916 1.953709
                CHANNELS 3 Zrotation Yrotation Xrotation
                JOINT HeadEnd
                {
                  OFFSET 0.003598 16.065403 -1.835379
                  CHANNELS 3 Zrotation Yrotation Xrotation
                }
                JOINT Jaw
                {
                  OFFSET 0.002637 0.475592 3.094941
                  CHANNELS 3 Zrotation Yrotation Xrotation
                }
                JOINT LeftEye
                {
                  OFFSET 3.206381 5.380205 7.586883
                  CHANNELS 3 Zrotation Yrotation Xrotation
                }
                JOINT RightEye
                {
                  OFFSET -3.22244 5.361869 7.558234
                  CHANNELS 3 Zrotation Yrotation Xrotation
                }
              }
            }
          }
          JOINT LeftShoulder
          {
            OFFSET 1.621652 23.237164 5.113413
            CHANNELS 3 Zrotation Yrotation Xrotation
            JOINT LeftArm
            {
              OFFSET 14.919846 2e-06 -5.502326
              CHANNELS 3 Zrotation Yrotation Xrotation
              JOINT LeftForeArm
              {
                OFFSET 28.739307 0.0 -0.002588
                CHANNELS 3 Zrotation Yrotation Xrotation
                JOINT LeftHand
                {
                  OFFSET 27.093981 -1e-06 0.002609
                  CHANNELS 3 Zrotation Yrotation Xrotation
                  JOINT LeftHandThumb1
                  {
                    OFFSET 2.276482 -1.392045 3.191413
                    CHANNELS 3 Zrotation Yrotation Xrotation
                    JOINT LeftHandThumb2
                    {
                      OFFSET 4.012836 -1.828127 1.641654
                      CHANNELS 3 Zrotation Yrotation Xrotation
                      JOINT LeftHandThumb3
                      {
                        OFFSET 2.798515 0.0 -3e-06
                        CHANNELS 3 Zrotation Yrotation Xrotation
                        JOINT LeftHandThumbEnd
                        {
                          OFFSET 3.180793 -4e-06 4e-06
                          CHANNELS 3 Zrotation Yrotation Xrotation
                        }
                      }
                    }
                  }
                  JOINT LeftHandIndex1
                  {
                    OFFSET 3.247555 -0.531998 2.296169
                    CHANNELS 3 Zrotation Yrotation Xrotation
                    JOINT LeftHandIndex2
                    {
                      OFFSET 6.364578 0.01206 0.1786
                      CHANNELS 3 Zrotation Yrotation Xrotation
                      JOINT LeftHandIndex3
                      {
                        OFFSET 3.662364 0.0 0.0
                        CHANNELS 3 Zrotation Yrotation Xrotation
                        JOINT LeftHandIndex4
                        {
                          OFFSET 2.329242 4e-06 4e-06
                          CHANNELS 3 Zrotation Yrotation Xrotation
                          JOINT LeftHandIndexEnd
                          {
                            OFFSET 2.759615 -0.180537 -0.113024
                            CHANNELS 3 Zrotation Yrotation Xrotation
                          }
                        }
                      }
                    }
                  }
                  JOINT LeftHandMiddle1
                  {
                    OFFSET 3.163495 0.240981 1.000332
                    CHANNELS 3 Zrotation Yrotation Xrotation
                    JOINT LeftHandMiddle2
                    {
                      OFFSET 6.19078 -0.259278 -1.002548
                      CHANNELS 3 Zrotation Yrotation Xrotation
                      JOINT LeftHandMiddle3
                      {
                        OFFSET 4.35652 -4e-06 -1e-06
                        CHANNELS 3 Zrotation Yrotation Xrotation
                        JOINT LeftHandMiddle4
                        {
                          OFFSET 2.996877 -8e-06 0.0
                          CHANNELS 3 Zrotation Yrotation Xrotation
                          JOINT LeftHandMiddleEnd
                          {
                            OFFSET 2.304287 -0.294569 -0.031741
                            CHANNELS 3 Zrotation Yrotation Xrotation
                          }
                        }
                      }
                    }
                  }
                  JOINT LeftHandRing1
                  {
                    OFFSET 2.882643 -0.053652 -0.322543
                    CHANNELS 3 Zrotation Yrotation Xrotation
                    JOINT LeftHandRing2
                    {
                      OFFSET 5.854541 -0.486202 -1.373841
                      CHANNELS 3 Zrotation Yrotation Xrotation
                      JOINT LeftHandRing3
                      {
                        OFFSET 4.350578 0.0 3e-06
                        CHANNELS 3 Zrotation Yrotation Xrotation
                        JOINT LeftHandRing4
                        {
                          OFFSET 2.651321 7e-06 2e-06
                          CHANNELS 3 Zrotation Yrotation Xrotation
                          JOINT LeftHandRingEnd
                          {
                            OFFSET 1.936105 0.077687 -7.1e-05
                            CHANNELS 3 Zrotation Yrotation Xrotation
                          }
                        }
                      }
                    }
                  }
                  JOINT LeftHandPinky1
                  {
                    OFFSET 2.8655 -0.310005 -1.600378
                    CHANNELS 3 Zrotation Yrotation Xrotation
                    JOINT LeftHandPinky2
                    {
                      OFFSET 5.087849 -1.331141 -1.77123
                      CHANNELS 3 Zrotation Yrotation Xrotation
                      JOINT LeftHandPinky3
                      {
                        OFFSET 3.070974 4e-06 0.0
                        CHANNELS 3 Zrotation Yrotation Xrotation
                        JOINT LeftHandPinky4
                        {
                          OFFSET 1.549672 0.0 1e-06
                          CHANNELS 3 Zrotation Yrotation Xrotation
                          JOINT LeftHandPinkyEnd
                          {
                            OFFSET 1.944893 -0.157802 0.057219
                            CHANNELS 3 Zrotation Yrotation Xrotation
                          }
                        }
                      }
                    }
                  }
                }
              }
            }
          }
          JOINT RightShoulder
          {
            OFFSET -1.380118 23.180309 5.214158
            CHANNELS 3 Zrotation Yrotation Xrotation
            JOINT RightArm
            {
              OFFSET -15.037196 1.2e-05 -5.545604
              CHANNELS 3 Zrotation Yrotation Xrotation
              JOINT RightForeArm
              {
                OFFSET -28.736639 2e-06 -0.002597
                CHANNELS 3 Zrotation Yrotation Xrotation
                JOINT RightHand
                {
                  OFFSET -27.133619 -0.0 0.002613
                  CHANNELS 3 Zrotation Yrotation Xrotation
                  JOINT RightHandThumb1
                  {
                    OFFSET -2.274032 -1.383988 3.163127
                    CHANNELS 3 Zrotation Yrotation Xrotation
                    JOINT RightHandThumb2
                    {
                      OFFSET -4.011429 -1.827466 1.640914
                      CHANNELS 3 Zrotation Yrotation Xrotation
                      JOINT RightHandThumb3
                      {
                        OFFSET -2.794935 -4e-06 -3e-06
                        CHANNELS 3 Zrotation Yrotation Xrotation
                        JOINT RightHandThumbEnd
                        {
                          OFFSET -3.183852 4e-06 1e-06
                          CHANNELS 3 Zrotation Yrotation Xrotation
                        }
                      }
                    }
                  }
                  JOINT RightHandIndex1
                  {
                    OFFSET -3.253266 -0.520057 2.282866
                    CHANNELS 3 Zrotation Yrotation Xrotation
                    JOINT RightHandIndex2
                    {
                      OFFSET -6.341917 0.012471 0.178266
                      CHANNELS 3 Zrotation Yrotation Xrotation
                      JOINT RightHandIndex3
                      {
                        OFFSET -3.654871 -8e-06 -0.0
                        CHANNELS 3 Zrotation Yrotation Xrotation
                        JOINT RightHandIndex4
                        {
                          OFFSET -2.327586 0.0 1e-06
                          CHANNELS 3 Zrotation Yrotation Xrotation
                          JOINT RightHandIndexEnd
                          {
                            OFFSET -2.76179 -0.180656 -0.113078
                            CHANNELS 3 Zrotation Yrotation Xrotation
                          }
                        }
                      }
                    }
                  }
                  JOINT RightHandMiddle1
                  {
                    OFFSET -3.168106 0.246593 1.00103
                    CHANNELS 3 Zrotation Yrotation Xrotation
                    JOINT RightHandMiddle2
                    {
                      OFFSET -6.180828 -0.258836 -1.000895
                      CHANNELS 3 Zrotation Yrotation Xrotation
                      JOINT RightHandMiddle3
                      {
                        OFFSET -4.348901 0.0 -0.0
                        CHANNELS 3 Zrotation Yrotation Xrotation
                        JOINT RightHandMiddle4
                        {
                          OFFSET -3.00024 -4e-06 -2e-06
                          CHANNELS 3 Zrotation Yrotation Xrotation
                          JOINT RightHandMiddleEnd
                          {
                            OFFSET -2.30252 -0.29437 -0.031706
                            CHANNELS 3 Zrotation Yrotation Xrotation
                          }
                        }
                      }
                    }
                  }
                  JOINT RightHandRing1
                  {
                    OFFSET -2.88569 -0.067952 -0.308858
                    CHANNELS 3 Zrotation Yrotation Xrotation
                    JOINT RightHandRing2
                    {
                      OFFSET -5.854198 -0.48613 -1.373731
                      CHANNELS 3 Zrotation Yrotation Xrotation
                      JOINT RightHandRing3
                      {
                        OFFSET -4.33881 -4e-06 -0.0
                        CHANNELS 3 Zrotation Yrotation Xrotation
                        JOINT RightHandRing4
                        {
                          OFFSET -2.654903 -4e-06 4e-06
                          CHANNELS 3 Zrotation Yrotation Xrotation
                          JOINT RightHandRingEnd
                          {
                            OFFSET -1.933568 0.077527 -5.2e-05
                            CHANNELS 3 Zrotation Yrotation Xrotation
                          }
                        }
                      }
                    }
                  }
                  JOINT RightHandPinky1
                  {
                    OFFSET -2.866425 -0.342796 -1.584145
                    CHANNELS 3 Zrotation Yrotation Xrotation
                    JOINT RightHandPinky2
                    {
                      OFFSET -5.091371 -1.332055 -1.772385
                      CHANNELS 3 Zrotation Yrotation Xrotation
                      JOINT RightHandPinky3
                      {
                        OFFSET -3.062664 -4e-06 1e-06
                        CHANNELS 3 Zrotation Yrotation Xrotation
                        JOINT RightHandPinky4
                        {
                          OFFSET -1.546529 4e-06 -2e-06
                          CHANNELS 3 Zrotation Yrotation Xrotation
                          JOINT RightHandPinkyEnd
                          {
                            OFFSET -1.945119 -0.157718 0.057211
                            CHANNELS 3 Zrotation Yrotation Xrotation
                          }
                        }
                      }
                    }
                  }
                }
              }
            }
          }
        }
      }
    }
    JOINT LeftLeg
    {
      OFFSET 10.043214 -8.434526 2.595655
      CHANNELS 3 Zrotation Yrotation Xrotation
      JOINT LeftShin
      {
        OFFSET -1e-06 -43.221752 -0.802913
        CHANNELS 3 Zrotation Yrotation Xrotation
        JOINT LeftFoot
        {
          OFFSET 1e-06 -42.155094 -3.481523
          CHANNELS 3 Zrotation Yrotation Xrotation
          JOINT LeftToeBase
          {
            OFFSET 0.0 -5.059472 13.231529
            CHANNELS 3 Zrotation Yrotation Xrotation
            JOINT LeftToeEnd
            {
              OFFSET -0.009607 -1.647619 6.513017
              CHANNELS 3 Zrotation Yrotation Xrotation
            }
          }
        }
      }
    }
    JOINT RightLeg
    {
      OFFSET -10.047278 -8.29526 2.620317
      CHANNELS 3 Zrotation Yrotation Xrotation
      JOINT RightShin
      {
        OFFSET 1e-06 -43.362206 -0.805556
        CHANNELS 3 Zrotation Yrotation Xrotation
        JOINT RightFoot
        {
          OFFSET 2e-06 -42.117393 -3.478398
          CHANNELS 3 Zrotation Yrotation Xrotation
          JOINT RightToeBase
          {
            OFFSET -0.0 -5.079609 13.284196
            CHANNELS 3 Zrotation Yrotation Xrotation
            JOINT RightToeEnd
            {
              OFFSET 0.009532 -1.634378 6.460591
              CHANNELS 3 Zrotation Yrotation Xrotation
            }
          }
        }
      }
    }
  }
}
MOTION
Frames: 150
Frame Time: 0.03333333333333333
0.0 0.0 0.0 0.0 -0.0 0.0 -1.445492 99.257141 5.461899 -0.968247 0.257993 -10.087121 -2.183404 -0.049192 -1.640849 -0.998016 -1.619302 -5.706814 0.474441 -3.821258 17.245028 2.006986 2.589532 14.087361 -0.250461 -0.252932 -4.082125 -0.908445 -0.426744 -15.205928 7.7e-05 -2.3e-05 6e-06 0.003756 0.093482 0.07472 0.561699 -3.633799 -10.419656 -0.560928 3.832464 -10.430533 -0.584784 -8.399582 11.435211 -75.266769 -12.502159 7.661211 0.582843 -21.813362 -0.386115 4.253701 -1.010342 3.51198 -5.882102 9.861281 0.702591 -10.936868 -0.360578 7.156203 2e-06 8.774822 -2e-06 -15.648242 18.270195 6.301225 -1.844031 2.498504 -2.507277 -10.163596 4.678941 4.621108 -20.976017 -6e-06 5e-06 -21.226274 2.451694 -3.593995 1e-06 -6e-06 -0.0 -1.36268 2.240796 -0.746323 -21.334906 0.584904 3.008325 -13.821208 -6e-06 2e-06 -23.887161 -0.24908 -0.839476 -59.935097 2.722044 -0.820622 -0.294024 1.679687 0.833258 -14.218204 0.093212 1.30058 -34.21204 -0.28757 0.967176 -20.033205 0.964534 1.212847 -0.0 1e-06 2e-06 -3.440388 0.788233 0.501654 -15.928183 -3.167313 2.999705 -6.338825 -3e-06 1e-06 -18.12344 3.648177 -4.905668 -3e-06 -0.0 -3e-06 11.766942 8.215034 11.328261 57.818592 10.86084 -10.041944 177.997253 52.569069 178.61055 16.861801 -5.980266 -63.360386 2.243543 -5.255034 -3.180159 14.282887 -0.826596 6.952503 -3e-06 -12.690603 3e-06 16.244715 -17.597965 3.172537 1.665666 -1.95592 -2.878298 4.727798 -4.170589 4.993925 11.020523 5e-06 -1e-06 12.109047 -3.735716 -2.866782 0.0 0.0 0.0 1.291983 -1.928549 -1.498088 14.800127 0.567468 3.86561 14.242566 -1.341736 -6.660654 19.631964 0.143928 -0.648241 51.251129 -0.702833 -5.700944 0.353028 -1.511151 -0.031938 20.222794 3.68431 2.316633 18.78727 3e-06 3e-06 10.751627 -0.479869 1.397908 0.0 -1e-06 0.0 3.273809 0.305947 -0.580112 21.486809 11.830378 2.266131 8.162926 0.0 1e-06 18.39908 -3.798988 -4.940572 3e-06 -1e-06 -0.0 3.441382 0.877932 15.15837 0.02972 -0.066689 1.489607 -2.740303 13.995388 -5.301624 1.678959 -2.056414 1.884532 0.0 0.0 2e-06 -2.731435 -5.028091 14.47043 -0.016151 -0.018601 2.687548 3.448079 -11.736327 -7.106261 -1.449422 0.9228 1.630113 0.0 0.0 -1e-06 
0.0 0.0 0.0 0.0 -0.0 0.0 -1.483837 99.300858 5.471588 -0.982271 0.107348 -10.024853 -2.209573 -0.093031 -1.621046 -0.967565 -1.563077 -5.702928 0.506283 -3.804927 17.196352 2.089361 2.542819 13.799779 -0.309794 -0.216998 -4.07194 -0.918121 -0.348262 -15.453262 7.7e-05 -2.3e-05 6e-06 0.007992 0.080428 0.079491 0.562448 -3.644549 -10.408528 -0.553589 3.816688 -10.428622 -0.670732 -8.343467 11.491746 -75.256805 -12.261269 7.76403 0.384914 -21.687056 -0.34228 4.104482 -1.055236 3.759617 -5.882107 9.861284 0.702589 -10.936874 -0.360575 7.156203 2e-06 8.774826 0.0 -15.738682 18.283905 6.322467 -1.844033 2.498503 -2.507278 -10.163602 4.678944 4.621108 -20.97603 -8e-06 -2e-06 -21.226292 2.451693 -3.593999 2e-06 -6e-06 1e-06 -1.362683 2.240798 -0.746324 -21.334917 0.584908 3.00832 -13.821218 -4e-06 -0.0 -23.887178 -0.249083 -0.839482 -60.086178 2.751215 -0.731066 -0.294025 1.679687 0.833256 -14.21821 0.093213 1.300581 -34.212055 -0.28757 0.967169 -20.033216 0.964533 1.212843 0.0 2e-06 2e-06 -3.440389 0.788233 0.501655 -15.928189 -3.16731 2.999705 -6.338827 -3e-06 -1e-06 -18.123447 3.648179 -4.905672 -3e-06 1e-06 -3e-06 11.741225 8.227438 11.262471 57.902985 10.856627 -9.960397 177.951859 52.362186 178.690613 16.704432 -5.888354 -64.061302 2.243539 -5.255037 -3.180155 14.282887 -0.826596 6.952503 -2e-06 -12.690603 2e-06 16.257868 -17.568953 3.167373 1.665666 -1.955921 -2.878299 4.727799 -4.170587 4.993925 11.020523 5e-06 -2e-06 12.10905 -3.735715 -2.866783 -1e-06 0.0 1e-06 1.291984 -1.928548 -1.498089 14.800123 0.567467 3.865608 14.242569 -1.341735 -6.660656 19.631962 0.143927 -0.648246 51.176888 -0.71929 -5.634275 0.353029 -1.51115 -0.03194 20.222782 3.684307 2.316631 18.787268 3e-06 -1e-06 10.751625 -0.479872 1.397906 -0.0 -1e-06 0.0 3.273807 0.305948 -0.580112 21.486805 11.830372 2.266132 8.162924 -2e-06 1e-06 18.399076 -3.798985 -4.940573 3e-06 1e-06 -1e-06 3.435389 0.914234 15.110512 0.019303 -0.086741 1.513065 -2.648569 14.201581 -5.326166 1.675326 -2.055854 1.81041 0.0 -0.0 2e-06 -2.715989 -4.949048 14.358723 -0.016537 -0.055648 2.753959 3.414436 -11.57194 -7.096554 -1.445643 0.909545 1.570533 0.0 0.0 -1e-06 
0.0 0.0 0.0 0.0 -0.0 0.0 -1.483699 99.340637 5.438629 -0.994281 -0.08758 -9.95808 -2.223395 -0.11292 -1.584641 -0.961387 -1.565302 -5.703149 0.510505 -3.797146 17.179052 2.221372 2.508111 13.468484 -0.368701 -0.116128 -4.065052 -0.884792 -0.248891 -15.860461 7.7e-05 -2.2e-05 6e-06 0.009435 0.065624 0.08423 0.560509 -3.658866 -10.399572 -0.548963 3.801609 -10.425713 -0.700745 -8.345848 11.524332 -75.225777 -11.955734 8.352401 0.194789 -21.457531 -0.287328 3.756079 -0.983349 3.740545 -5.8821 9.861276 0.702589 -10.936863 -0.360575 7.156201 1e-06 8.774817 -1e-06 -15.806159 18.267218 6.320518 -1.844029 2.498504 -2.507276 -10.163592 4.67894 4.621105 -20.976004 -3e-06 6e-06 -21.226269 2.451697 -3.593993 1e-06 -6e-06 -0.0 -1.362679 2.240795 -0.746324 -21.334896 0.584908 3.008323 -13.821201 -2e-06 4e-06 -23.887146 -0.249077 -0.839477 -60.170143 2.750285 -0.661263 -0.294023 1.679687 0.833255 -14.218197 0.093213 1.300583 -34.212021 -0.287562 0.967176 -20.033195 0.964538 1.212846 -0.0 0.0 2e-06 -3.440385 0.788231 0.501656 -15.928172 -3.167308 2.999706 -6.338821 -1e-06 1e-06 -18.123428 3.648177 -4.905661 -3e-06 1e-06 -3e-06 11.742744 8.239093 11.193913 57.943623 10.844285 -9.936821 177.895172 52.229855 178.702759 16.651762 -5.801178 -64.873405 2.243537 -5.255029 -3.180153 14.282873 -0.82659 6.952492 -3e-06 -12.690583 -1e-06 16.209915 -17.554688 3.184193 1.665664 -1.955917 -2.878295 4.727793 -4.170578 4.993915 11.020513 5e-06 -2e-06 12.109035 -3.735707 -2.86678 -2e-06 1e-06 1e-06 1.291984 -1.928546 -1.498088 14.800107 0.567469 3.865602 14.242552 -1.341733 -6.660646 19.631937 0.143927 -0.648243 51.035801 -0.750272 -5.56646 0.353029 -1.511149 -0.031939 20.222769 3.684308 2.316627 18.787251 6e-06 -0.0 10.751615 -0.479867 1.397905 0.0 -1e-06 -0.0 3.273804 0.305946 -0.58011 21.486788 11.830358 2.266132 8.162915 1e-06 1e-06 18.399054 -3.798975 -4.940566 3e-06 0.0 -0.0 3.42435 0.965525 15.043712 0.019325 -0.086251 1.542312 -2.627681 14.397723 -5.352005 1.674496 -2.061716 1.806513 0.0 -0.0 2e-06 -2.692218 -4.831942 14.186522 -0.017527 -0.088246 2.865066 3.315511 -11.423052 -6.996077 -1.440037 0.892801 1.52823 -0.0 -0.0 -1e-06 
0.0 0.0 0.0 0.0 -0.0 0.0 -1.495492 99.355469 5.427341 -1.012809 -0.32606 -9.884977 -2.223179 -0.126426 -1.537727 -0.965249 -1.596576 -5.689062 0.491412 -3.82233 17.153858 2.363791 2.469266 13.073182 -0.392234 0.055992 -4.05608 -0.853221 -0.088632 -16.307875 7.7e-05 -2.2e-05 6e-06 0.010381 0.055082 0.083628 0.561084 -3.670321 -10.400582 -0.547782 3.792276 -10.430088 -0.692842 -8.378273 11.563078 -75.181816 -11.608562 9.377634 0.021777 -21.106133 -0.224056 3.149515 -0.857563 3.584129 -5.8821 9.861276 0.70259 -10.936861 -0.360576 7.156198 1e-06 8.774817 -2e-06 -15.849586 18.235128 6.302712 -1.844031 2.498502 -2.507276 -10.16359 4.67894 4.621106 -20.976006 -5e-06 3e-06 -21.226269 2.451694 -3.593995 1e-06 -6e-06 -1e-06 -1.36268 2.240796 -0.746322 -21.334892 0.584908 3.008322 -13.821199 -2e-06 1e-06 -23.887146 -0.249077 -0.839478 -60.175663 2.728142 -0.624805 -0.294024 1.679685 0.833254 -14.218195 0.093213 1.30058 -34.212013 -0.287565 0.96717 -20.033194 0.964537 1.212844 -1e-06 0.0 -0.0 -3.440387 0.788233 0.501657 -15.928172 -3.167308 2.999705 -6.338821 -2e-06 2e-06 -18.123426 3.648181 -4.905663 -3e-06 1e-06 -4e-06 11.71134 8.242314 11.112154 57.927845 10.815437 -9.941781 177.843292 52.190468 178.665924 16.692528 -5.784208 -65.423599 2.243539 -5.255032 -3.180156 14.282878 -0.826595 6.952498 -6e-06 -12.690596 3e-06 16.146553 -17.539738 3.202641 1.665663 -1.955919 -2.878297 4.727796 -4.170584 4.993921 11.020515 5e-06 -2e-06 12.10904 -3.735712 -2.866782 -1e-06 1e-06 0.0 1.291986 -1.928546 -1.498088 14.800117 0.567467 3.865603 14.242558 -1.341733 -6.660653 19.63195 0.143928 -0.648245 50.878361 -0.774243 -5.509765 0.353028 -1.511149 -0.031941 20.222775 3.68431 2.316629 18.787262 4e-06 0.0 10.75162 -0.479866 1.397906 -0.0 1e-06 -0.0 3.273802 0.305948 -0.580111 21.486799 11.830366 2.266129 8.16292 2e-06 1e-06 18.399065 -3.798982 -4.940569 3e-06 0.0 -1e-06 3.444769 1.07118 14.965884 0.026098 -0.075008 1.582597 -2.670292 14.560838 -5.383359 1.673131 -2.068651 1.841638 0.0 -1e-06 2e-06 -2.650053 -4.668625 13.97972 -0.01604 -0.109761 3.001374 3.272768 -11.296088 -6.928793 -1.435411 0.89362 1.529632 0.0 0.0 -1e-06 
0.0 0.0 0.0 0.0 -0.0 0.0 -1.515584 99.35701 5.418175 -1.033159 -0.615197 -9.822602 -2.222624 -0.131673 -1.490634 -0.978474 -1.648453 -5.669537 0.4638 -3.860915 17.143892 2.504867 2.41636 12.648175 -0.380433 0.285767 -4.043592 -0.79516 0.08902 -16.740826 7.7e-05 -2.3e-05 6e-06 0.013697 0.063565 0.083467 0.564508 -3.660119 -10.394673 -0.544803 3.799334 -10.425632 -0.681621 -8.460644 11.661104 -75.082954 -11.277493 10.744917 -0.122781 -20.661505 -0.173789 2.245114 -0.682003 3.430082 -5.8821 9.861279 0.70259 -10.936857 -0.360574 7.156197 -1e-06 8.774817 -1e-06 -15.87793 18.191032 6.294919 -1.84403 2.498502 -2.507275 -10.163588 4.67894 4.621108 -20.975996 -0.0 3e-06 -21.226259 2.451699 -3.593998 2e-06 -6e-06 2e-06 -1.36268 2.240796 -0.746323 -21.334887 0.584912 3.008322 -13.821196 -0.0 1e-06 -23.88714 -0.249073 -0.839484 -60.162582 2.688965 -0.589649 -0.294024 1.679685 0.833255 -14.218188 0.093215 1.300581 -34.212002 -0.287558 0.967169 -20.03318 0.964538 1.212841 -1e-06 0.0 1e-06 -3.440386 0.788233 0.501655 -15.928165 -3.167305 2.999706 -6.338818 1e-06 3e-06 -18.123425 3.648184 -4.905667 -4e-06 1e-06 -3e-06 11.653389 8.212918 11.015377 57.835968 10.764602 -9.887313 177.821609 52.268787 178.644318 16.80986 -5.884617 -65.548882 2.243537 -5.255031 -3.180155 14.282874 -0.826593 6.952495 -3e-06 -12.69059 -0.0 16.053616 -17.506662 3.212161 1.665662 -1.955921 -2.878295 4.727795 -4.170582 4.993918 11.020514 4e-06 -3e-06 12.109037 -3.735711 -2.866782 0.0 0.0 1e-06 1.291982 -1.928547 -1.498088 14.800112 0.567467 3.865602 14.242558 -1.341733 -6.660653 19.631947 0.143928 -0.648245 50.737652 -0.77799 -5.477018 0.353028 -1.511149 -0.031939 20.222771 3.684306 2.316626 18.787251 6e-06 -1e-06 10.751615 -0.479868 1.397905 0.0 -1e-06 0.0 3.273805 0.305946 -0.580109 21.486788 11.83036 2.266129 8.162917 0.0 0.0 18.399061 -3.79898 -4.940569 3e-06 0.0 -1e-06 3.482513 1.235763 14.908833 0.032547 -0.05999 1.620828 -2.736202 14.711828 -5.425666 1.670204 -2.077975 1.886039 -0.0 -0.0 2e-06 -2.6051 -4.479603 13.785438 -0.01491 -0.118605 3.115931 3.286601 -11.163473 -6.889455 -1.432828 0.897178 1.525031 -0.0 -0.0 -1e-06 
0.0 0.0 0.0 0.0 -0.0 0.0 -1.538228 99.36058 5.409125 -1.056473 -0.938569 -9.776929 -2.233431 -0.132591 -1.439612 -0.991345 -1.714679 -5.64854 0.427979 -3.907431 17.143856 2.655672 2.339476 12.209085 -0.340951 0.547694 -4.024205 -0.709984 0.2744 -17.162029 7.7e-05 -2.3e-05 5e-06 0.019374 0.088507 0.086828 0.571423 -3.632387 -10.384662 -0.540538 3.821795 -10.41661 -0.661967 -8.576591 11.794294 -74.960571 -10.944419 12.304813 -0.240609 -20.181128 -0.145675 1.126166 -0.478611 3.374966 -5.882098 9.861275 0.702588 -10.936858 -0.360576 7.1562 1e-06 8.774816 -2e-06 -15.899179 18.138996 6.30315 -1.844031 2.498501 -2.507276 -10.163588 4.678939 4.621105 -20.976 -5e-06 2e-06 -21.226259 2.451693 -3.593992 -0.0 -6e-06 2e-06 -1.36268 2.240796 -0.746322 -21.334887 0.584907 3.008322 -13.821196 -4e-06 2e-06 -23.88714 -0.249079 -0.839478 -60.177738 2.65147 -0.551196 -0.294024 1.679686 0.833254 -14.218193 0.093213 1.300582 -34.212009 -0.287564 0.967173 -20.03319 0.964537 1.212846 -1e-06 1e-06 -2e-06 -3.440383 0.788231 0.501655 -15.928168 -3.167308 2.999704 -6.338817 -1e-06 1e-06 -18.123423 3.648178 -4.90566 -3e-06 1e-06 -0.0 11.561937 8.161956 10.9019 57.70118 10.687604 -9.763276 177.8228 52.452934 178.658524 16.973637 -6.107753 -65.30603 2.243541 -5.255031 -3.180155 14.282876 -0.826595 6.952493 0.0 -12.690591 0.0 15.971151 -17.472284 3.202582 1.665666 -1.95592 -2.878293 4.727792 -4.170582 4.993917 11.020514 4e-06 -2e-06 12.109038 -3.735711 -2.86678 -1e-06 0.0 0.0 1.291984 -1.928547 -1.498085 14.800112 0.567467 3.865602 14.242555 -1.341738 -6.660649 19.631943 0.143924 -0.648245 50.638458 -0.770505 -5.462832 0.353029 -1.51115 -0.03194 20.222769 3.684303 2.316624 18.787251 6e-06 -2e-06 10.751616 -0.479867 1.397903 0.0 1e-06 0.0 3.273802 0.305948 -0.58011 21.486788 11.830358 2.266128 8.162919 -0.0 -0.0 18.399061 -3.798982 -4.940572 3e-06 0.0 -1e-06 3.530384 1.427323 14.882036 0.034478 -0.046366 1.650705 -2.821279 14.865844 -5.479142 1.666466 -2.087777 1.925431 0.0 -1e-06 2e-06 -2.552705 -4.260091 13.621385 -0.017503 -0.122812 3.193637 3.311576 -11.043317 -6.865693 -1.431113 0.90113 1.533293 -0.0 1e-06 -1e-06 
0.0 0.0 0.0 0.0 -0.0 0.0 -1.563014 99.369461 5.397846 -1.077188 -1.293337 -9.744417 -2.25259 -0.130484 -1.38157 -1.005317 -1.780687 -5.623001 0.371896 -3.968647 17.154749 2.857961 2.244592 11.754617 -0.302771 0.808815 -4.000013 -0.600242 0.474481 -17.601133 7.7e-05 -2.3e-05 6e-06 0.025314 0.113941 0.091658 0.57988 -3.604943 -10.378701 -0.53726 3.845719 -10.411856 -0.631512 -8.70687 11.927471 -74.848312 -10.578535 14.01301 -0.323045 -19.715654 -0.135584 -0.060755 -0.287627 3.450894 -5.882099 9.861276 0.702591 -10.936859 -0.360575 7.1562 2e-06 8.774816 -2e-06 -15.918492 18.063559 6.313421 -1.84403 2.498502 -2.507277 -10.163589 4.678937 4.621105 -20.976 -5e-06 5e-06 -21.226261 2.451693 -3.593993 0.0 -5e-06 -0.0 -1.36268 2.240796 -0.746322 -21.334887 0.584908 3.008324 -13.821197 -3e-06 4e-06 -23.88714 -0.24908 -0.839478 -60.20282 2.61903 -0.505764 -0.294024 1.679685 0.833252 -14.218193 0.093214 1.300581 -34.212013 -0.287562 0.967175 -20.033194 0.964538 1.212845 -1e-06 1e-06 -1e-06 -3.440384 0.788232 0.501656 -15.928168 -3.167306 2.999705 -6.338819 -2e-06 2e-06 -18.123425 3.648178 -4.905666 -3e-06 1e-06 1e-06 11.445202 8.092748 10.797958 57.533108 10.602412 -9.611824 177.832306 52.693913 178.683365 17.165892 -6.418369 -64.801987 2.243539 -5.255028 -3.180154 14.28287 -0.826595 6.952487 -1e-06 -12.690581 1e-06 15.884458 -17.43416 3.17279 1.665663 -1.955918 -2.878294 4.727793 -4.170579 4.993914 11.020512 3e-06 -2e-06 12.109036 -3.735709 -2.86678 -0.0 -1e-06 1e-06 1.291984 -1.928546 -1.498085 14.800112 0.567464 3.865599 14.242557 -1.341734 -6.660651 19.631941 0.143923 -0.648249 50.543259 -0.744289 -5.458806 0.353028 -1.511148 -0.03194 20.222769 3.684299 2.316622 18.787251 4e-06 -5e-06 10.751616 -0.479869 1.397901 0.0 -0.0 0.0 3.273804 0.305948 -0.580111 21.486784 11.830352 2.266124 8.162917 -2e-06 -3e-06 18.399059 -3.798978 -4.940572 3e-06 -2e-06 -1e-06 3.582009 1.643778 14.882458 0.035318 -0.039238 1.665485 -2.918051 15.000991 -5.53613 1.662481 -2.091057 1.95763 0.0 -0.0 2e-06 -2.50128 -4.034429 13.474382 -0.023163 -0.123 3.270392 3.310107 -10.911036 -6.852387 -1.42996 0.905351 1.538833 -0.0 -0.0 -1e-06 
0.0 0.0 0.0 0.0 -0.0 0.0 -1.591972 99.386009 5.38855 -1.09424 -1.670421 -9.724922 -2.283427 -0.123034 -1.314169 -1.025118 -1.849155 -5.598022 0.30387 -4.043112 17.180407 3.117288 2.141568 11.29894 -0.264009 1.044261 -3.97919 -0.484119 0.689465 -18.099791 7.7e-05 -2.3e-05 6e-06 0.031353 0.132572 0.096057 0.589525 -3.583682 -10.374926 -0.534819 3.862519 -10.408688 -0.582745 -8.860631 12.074194 -74.77446 -10.223653 15.785322 -0.371727 -19.281755 -0.138741 -1.189676 -0.149612 3.65594 -5.882104 9.861284 0.702589 -10.936868 -0.360574 7.156202 -1e-06 8.774825 -1e-06 -15.948668 17.978033 6.323491 -1.844032 2.498505 -2.507277 -10.163597 4.678944 4.621107 -20.976017 -1e-06 0.0 -21.226274 2.451697 -3.594 1e-06 -5e-06 -1e-06 -1.36268 2.240797 -0.746321 -21.334909 0.584912 3.008322 -13.821208 -2e-06 0.0 -23.887165 -0.249079 -0.839484 -60.269562 2.592111 -0.458529 -0.294024 1.679688 0.833254 -14.218205 0.093215 1.300581 -34.212036 -0.287563 0.967169 -20.033211 0.964537 1.212843 -1e-06 -1e-06 -2e-06 -3.440387 0.788234 0.501655 -15.928183 -3.167306 2.999704 -6.338824 1e-06 1e-06 -18.123444 3.648186 -4.905669 -3e-06 2e-06 -0.0 11.318969 8.022619 10.717298 57.33334 10.529808 -9.487674 177.814575 52.943226 178.697418 17.432907 -6.699665 -64.16993 2.243537 -5.255034 -3.180155 14.282883 -0.826592 6.952501 -2e-06 -12.690594 -3e-06 15.807001 -17.391279 3.135511 1.665665 -1.955919 -2.878298 4.727797 -4.170583 4.99392 11.020516 5e-06 1e-06 12.109039 -3.735712 -2.866781 1e-06 -1e-06 -0.0 1.291983 -1.928548 -1.498089 14.80012 0.567471 3.865609 14.242558 -1.341735 -6.660649 19.631952 0.143925 -0.648238 50.434807 -0.725143 -5.449872 0.353028 -1.511149 -0.031941 20.222776 3.68431 2.316635 18.787258 6e-06 5e-06 10.751619 -0.47987 1.397909 0.0 0.0 0.0 3.273803 0.305947 -0.580109 21.486801 11.830364 2.26614 8.162923 2e-06 2e-06 18.399071 -3.798982 -4.940567 3e-06 -2e-06 -1e-06 3.641355 1.880512 14.89918 0.033029 -0.038867 1.674659 -3.018693 15.121998 -5.583572 1.660396 -2.09943 1.984906 0.0 -0.0 2e-06 -2.449611 -3.810925 13.331247 -0.027517 -0.12336 3.362048 3.278754 -10.76602 -6.82187 -1.429729 0.903102 1.537054 0.0 0.0 -1e-06 
0.0 0.0 0.0 0.0 -0.0 0.0 -1.623081 99.404945 5.369618 -1.109083 -2.0708 -9.714171 -2.319242 -0.11765 -1.238702 -1.051264 -1.918569 -5.575388 0.23522 -4.114209 17.217386 3.422243 2.027391 10.822025 -0.216239 1.251464 -3.955364 -0.355826 0.920153 -18.672022 7.7e-05 -2.3e-05 6e-06 0.037433 0.14362 0.098056 0.597793 -3.570923 -10.372667 -0.530813 3.872646 -10.405912 -0.52899 -9.046008 12.223406 -74.736809 -9.880784 17.570202 -0.415041 -18.912857 -0.142448 -2.272809 -0.045769 4.020784 -5.882103 9.86128 0.702593 -10.936871 -0.360577 7.156206 3e-06 8.774823 -2e-06 -15.987339 17.901043 6.323163 -1.844032 2.498503 -2.507277 -10.163599 4.678941 4.621111 -20.976023 -7e-06 4e-06 -21.226288 2.451693 -3.593997 3e-06 -4e-06 -1e-06 -1.362681 2.240797 -0.746325 -21.334913 0.584905 3.008324 -13.821214 -6e-06 2e-06 -23.887173 -0.24908 -0.839479 -60.347488 2.554233 -0.41945 -0.294024 1.679687 0.833256 -14.218207 0.093211 1.30058 -34.212048 -0.28757 0.967174 -20.033213 0.964535 1.212846 1e-06 0.0 -1e-06 -3.440388 0.788233 0.501654 -15.928185 -3.167312 2.999707 -6.338827 -3e-06 0.0 -18.123446 3.648178 -4.905667 -3e-06 1e-06 -1e-06 11.183619 7.953346 10.652286 57.104141 10.47642 -9.394332 177.769943 53.167812 178.68959 17.779987 -6.875653 -63.630604 2.243541 -5.255033 -3.180157 14.282879 -0.826594 6.952498 0.0 -12.690597 0.0 15.767244 -17.364853 3.100826 1.665665 -1.95592 -2.878298 4.727797 -4.170584 4.993921 11.020518 3e-06 -3e-06 12.109043 -3.735714 -2.866782 -0.0 -0.0 0.0 1.291985 -1.928549 -1.498088 14.800118 0.567469 3.865604 14.242563 -1.341735 -6.660656 19.631956 0.143927 -0.648245 50.347713 -0.726423 -5.446256 0.353031 -1.51115 -0.031941 20.222778 3.684306 2.316629 18.78726 5e-06 -3e-06 10.75162 -0.479867 1.397904 -0.0 0.0 -0.0 3.273803 0.305948 -0.580112 21.486799 11.830366 2.266129 8.162921 2e-06 -1e-06 18.399071 -3.79898 -4.940573 3e-06 -2e-06 -1e-06 3.707214 2.135206 14.9238 0.028944 -0.037758 1.678 -3.123261 15.239492 -5.630913 1.658192 -2.104124 1.994046 0.0 -0.0 1e-06 -2.39823 -3.584276 13.178977 -0.028827 -0.129757 3.469848 3.240808 -10.618442 -6.77197 -1.430011 0.9001 1.531323 -0.0 -0.0 -1e-06 
0.0 0.0 0.0 0.0 -0.0 0.0 -1.662119 99.423943 5.332442 -1.118883 -2.473952 -9.711825 -2.354565 -0.110718 -1.165765 -1.079366 -1.993381 -5.550806 0.165803 -4.159601 17.267698 3.755321 1.895444 10.34267 -0.162996 1.420108 -3.933741 -0.199654 1.128503 -19.254866 7.7e-05 -2.3e-05 7e-06 0.040432 0.135543 0.09646 0.602221 -3.577104 -10.368912 -0.529012 3.863464 -10.401091 -0.459305 -9.258074 12.372787 -74.720551 -9.589664 19.229084 -0.472965 -18.672531 -0.13886 -3.25149 -0.00151 4.554224 -5.882097 9.861273 0.702591 -10.936857 -0.360577 7.156196 1e-06 8.774815 -2e-06 -16.02417 17.852852 6.32262 -1.84403 2.498502 -2.507275 -10.163586 4.678938 4.621105 -20.97599 -5e-06 1e-06 -21.226255 2.45169 -3.593994 -1e-06 -7e-06 -1e-06 -1.362679 2.240795 -0.746323 -21.334887 0.584905 3.008321 -13.821195 -4e-06 2e-06 -23.88714 -0.249078 -0.839479 -60.425545 2.519834 -0.385616 -0.294024 1.679685 0.833252 -14.21819 0.093212 1.30058 -34.212002 -0.287568 0.967175 -20.033188 0.964533 1.212844 -1e-06 0.0 2e-06 -3.440384 0.788231 0.501655 -15.928165 -3.167308 2.999702 -6.338816 -2e-06 0.0 -18.123423 3.648177 -4.905663 -2e-06 -0.0 -1e-06 11.039428 7.877501 10.588875 56.860748 10.464241 -9.269435 177.788452 53.355312 178.733383 18.164974 -6.865865 -63.225266 2.243537 -5.255033 -3.180154 14.282883 -0.826595 6.952499 -1e-06 -12.690598 -0.0 15.778764 -17.347853 3.070918 1.665664 -1.95592 -2.878298 4.727797 -4.170584 4.993921 11.020518 4e-06 -1e-06 12.109043 -3.735713 -2.866781 0.0 -0.0 -0.0 1.291986 -1.928548 -1.498089 14.800118 0.567467 3.865607 14.242559 -1.341734 -6.660653 19.631952 0.143929 -0.648243 50.285873 -0.723278 -5.453856 0.353028 -1.51115 -0.031939 20.222776 3.684309 2.316631 18.787262 5e-06 0.0 10.75162 -0.479867 1.397906 -0.0 1e-06 -0.0 3.273806 0.305948 -0.580111 21.486801 11.830368 2.266132 8.162921 0.0 0.0 18.399071 -3.79898 -4.940571 3e-06 -1e-06 -1e-06 3.765211 2.378883 14.943659 0.024608 -0.036062 1.684373 -3.230616 15.370738 -5.676893 1.654869 -2.109355 2.001843 -0.0 0.0 2e-06 -2.360784 -3.38022 13.015864 -0.026055 -0.138901 3.588597 3.189349 -10.478384 -6.723487 -1.430933 0.895568 1.544293 -0.0 -0.0 -1e-06 
0.0 0.0 0.0 0.0 -0.0 0.0 -1.704017 99.439331 5.271859 -1.132406 -2.856602 -9.717022 -2.382336 -0.108968 -1.100166 -1.103792 -2.060606 -5.526898 0.09463 -4.188926 17.319838 4.095159 1.757173 9.900986 -0.103148 1.541215 -3.913846 -0.043593 1.302554 -19.835678 7.7e-05 -2.3e-05 6e-06 0.04135 0.118259 0.096601 0.604608 -3.59393 -10.365641 -0.52931 3.846404 -10.395045 -0.378346 -9.49425 12.515635 -74.717453 -9.344823 20.6075 -0.553218 -18.582731 -0.120319 -4.06376 -0.046496 5.186162 -5.882103 9.861282 0.702589 -10.936868 -0.360575 7.156207 2e-06 8.774822 -2e-06 -16.054876 17.8419 6.314332 -1.844032 2.498503 -2.507275 -10.163597 4.678943 4.621108 -20.976021 -6e-06 3e-06 -21.226282 2.451694 -3.593995 0.0 -6e-06 -2e-06 -1.362681 2.240797 -0.746324 -21.334909 0.584906 3.008322 -13.821213 -4e-06 3e-06 -23.887165 -0.24908 -0.839481 -60.480129 2.484069 -0.366474 -0.294025 1.679687 0.833257 -14.218207 0.093214 1.300582 -34.212048 -0.287566 0.967172 -20.033211 0.964536 1.212846 1e-06 1e-06 1e-06 -3.440388 0.788233 0.501654 -15.928183 -3.16731 2.999706 -6.338825 -1e-06 0.0 -18.123444 3.64818 -4.905669 -3e-06 1e-06 -1e-06 10.898773 7.794408 10.50498 56.640972 10.491572 -9.105528 177.887085 53.493546 178.850052 18.510559 -6.738427 -62.902695 2.243542 -5.255037 -3.180157 14.282888 -0.826597 6.952501 1e-06 -12.690603 -0.0 15.798253 -17.340292 3.048927 1.665663 -1.955922 -2.878298 4.727798 -4.170588 4.993922 11.020525 2e-06 -1e-06 12.109048 -3.735714 -2.866786 -0.0 0.0 -0.0 1.291984 -1.92855 -1.498089 14.800122 0.567468 3.865606 14.242569 -1.341735 -6.660657 19.63196 0.143926 -0.648246 50.215183 -0.737334 -5.477829 0.353028 -1.511149 -0.031939 20.222786 3.684307 2.316629 18.78727 4e-06 -3e-06 10.751625 -0.479867 1.397904 -0.0 1e-06 -0.0 3.273804 0.305946 -0.580111 21.486807 11.830376 2.26613 8.162925 -0.0 -0.0 18.399073 -3.798985 -4.940575 3e-06 -2e-06 -1e-06 3.828062 2.602222 14.972412 0.01781 -0.027846 1.668222 -3.330512 15.513359 -5.695026 1.652651 -2.110758 2.015968 -0.0 0.0 2e-06 -2.31788 -3.207838 12.86956 -0.0242 -0.144889 3.682892 3.102969 -10.355202 -6.661706 -1.430952 0.891265 1.571846 0.0 0.0 -1e-06 
0.0 0.0 0.0 0.0 -0.0 0.0 -1.746395 99.454094 5.18991 -1.149649 -3.178614 -9.738294 -2.406494 -0.111693 -1.037014 -1.122988 -2.108714 -5.50243 0.027528 -4.221042 17.35795 4.425381 1.629755 9.539064 -0.07021 1.623792 -3.904145 0.114948 1.406438 -20.347788 7.7e-05 -2.2e-05 6e-06 0.042409 0.103665 0.09875 0.605576 -3.609416 -10.361832 -0.527825 3.833428 -10.388212 -0.290352 -9.726692 12.626064 -74.727608 -9.151484 21.731462 -0.623639 -18.65027 -0.092803 -4.675511 -0.160541 5.760692 -5.882102 9.86128 0.702589 -10.936866 -0.360576 7.156204 1e-06 8.774822 1e-06 -16.098204 17.839773 6.292568 -1.844031 2.498504 -2.507277 -10.163594 4.678942 4.621109 -20.976011 -6e-06 5e-06 -21.226273 2.451693 -3.593994 -1e-06 -6e-06 -1e-06 -1.36268 2.240797 -0.746325 -21.334904 0.584908 3.008326 -13.821206 -4e-06 2e-06 -23.887157 -0.249079 -0.839478 -60.51474 2.451466 -0.360971 -0.294024 1.679687 0.833255 -14.218201 0.093213 1.300584 -34.212036 -0.287565 0.967177 -20.033209 0.964536 1.212847 1e-06 1e-06 0.0 -3.440387 0.788232 0.501654 -15.928179 -3.16731 2.999706 -6.338823 -1e-06 2e-06 -18.12344 3.648177 -4.905666 -3e-06 1e-06 -1e-06 10.778529 7.720533 10.405901 56.478088 10.527694 -8.928228 178.046402 53.553951 179.023132 18.798645 -6.600883 -62.689648 2.243541 -5.25504 -3.180158 14.282895 -0.826595 6.952504 0.0 -12.690609 -0.0 15.772695 -17.335566 3.028 1.665665 -1.955923 -2.878299 4.727797 -4.170588 4.993926 11.020528 3e-06 -0.0 12.109054 -3.735718 -2.866783 -0.0 -0.0 1e-06 1.291985 -1.928549 -1.49809 14.800132 0.567468 3.865611 14.242574 -1.341737 -6.660659 19.631969 0.143925 -0.648244 50.139866 -0.752154 -5.510921 0.35303 -1.511151 -0.03194 20.222797 3.684309 2.316632 18.787273 4e-06 1e-06 10.751631 -0.47987 1.397907 -0.0 0.0 -0.0 3.273806 0.305947 -0.580109 21.486816 11.83038 2.266135 8.16293 -1e-06 1e-06 18.399084 -3.798988 -4.940575 3e-06 -2e-06 -1e-06 3.90337 2.814469 15.019738 0.010209 -0.016662 1.630701 -3.412614 15.627222 -5.692354 1.650862 -2.108824 2.01809 -0.0 -0.0 2e-06 -2.27072 -3.081931 12.769183 -0.025638 -0.149615 3.733127 3.011307 -10.233962 -6.601737 -1.429971 0.888454 1.598971 -0.0 -0.0 -1e-06 
0.0 0.0 0.0 0.0 -0.0 0.0 -1.791357 99.473877 5.092634 -1.163454 -3.444233 -9.775877 -2.434648 -0.107137 -0.976685 -1.139209 -2.145226 -5.483198 -0.03975 -4.260653 17.394928 4.742892 1.503862 9.249934 -0.054579 1.689811 -3.897887 0.26493 1.452153 -20.777483 7.7e-05 -2.2e-05 5e-06 0.044259 0.096518 0.101198 0.606224 -3.614975 -10.351318 -0.524411 3.825294 -10.375434 -0.204228 -9.936878 12.695777 -74.718269 -9.036941 22.639179 -0.673772 -18.840921 -0.070244 -5.084608 -0.323097 6.039416 -5.882102 9.861281 0.70259 -10.936866 -0.360577 7.156203 1e-06 8.774822 -1e-06 -16.11404 17.835793 6.277222 -1.844031 2.498504 -2.507279 -10.163594 4.678941 4.621107 -20.976013 -5e-06 4e-06 -21.226273 2.451692 -3.593997 -1e-06 -7e-06 -1e-06 -1.36268 2.240797 -0.746322 -21.334904 0.584905 3.008323 -13.821206 -5e-06 2e-06 -23.887157 -0.249082 -0.839479 -60.531071 2.425954 -0.367172 -0.294024 1.679687 0.833256 -14.2182 0.093212 1.300581 -34.212032 -0.28757 0.967176 -20.033203 0.964533 1.212849 0.0 1e-06 1e-06 -3.440386 0.788232 0.501654 -15.928179 -3.16731 2.999705 -6.338823 -1e-06 2e-06 -18.123438 3.64818 -4.905666 -2e-06 2e-06 1e-06 10.689981 7.660832 10.309834 56.349884 10.609228 -8.784575 178.233414 53.559971 179.212082 19.061302 -6.445053 -62.636818 2.243543 -5.255037 -3.180158 14.28289 -0.826597 6.952503 -1e-06 -12.690605 3e-06 15.72922 -17.340637 3.009475 1.665669 -1.955922 -2.8783 4.727796 -4.170588 4.993924 11.020527 1e-06 -5e-06 12.109054 -3.735716 -2.866787 1e-06 -0.0 1e-06 1.291986 -1.928549 -1.498089 14.800125 0.567466 3.865605 14.242575 -1.341737 -6.660661 19.631966 0.143927 -0.648248 50.077316 -0.752658 -5.538947 0.353029 -1.51115 -0.031939 20.222794 3.684309 2.316628 18.787273 5e-06 -4e-06 10.751627 -0.479868 1.397905 -0.0 -1e-06 0.0 3.273808 0.305946 -0.58011 21.486813 11.830378 2.266127 8.162927 -2e-06 -2e-06 18.399082 -3.798985 -4.940578 3e-06 -1e-06 -1e-06 3.978031 3.006122 15.062297 0.004768 -0.006795 1.598497 -3.480272 15.692172 -5.638044 1.649819 -2.105881 1.996731 0.0 0.0 2e-06 -2.228023 -2.996411 12.716792 -0.029953 -0.147056 3.722051 2.944203 -10.130338 -6.5185 -1.428977 0.884558 1.606116 0.0 0.0 -1e-06 
0.0 0.0 0.0 0.0 -0.0 0.0 -1.839736 99.496712 4.991792 -1.183017 -3.651476 -9.836901 -2.461004 -0.102011 -0.917958 -1.155465 -2.165685 -5.462193 -0.100764 -4.303455 17.428196 5.052708 1.385606 9.019903 -0.054031 1.720172 -3.890206 0.398923 1.444173 -21.155834 7.7e-05 -2.3e-05 6e-06 0.047105 0.097077 0.104761 0.607694 -3.611689 -10.337605 -0.519829 3.823576 -10.359894 -0.138045 -10.146278 12.738001 -74.665649 -9.008525 23.397387 -0.688525 -19.121033 -0.058651 -5.35604 -0.502663 6.097939 -5.882101 9.861279 0.702591 -10.936863 -0.360576 7.1562 1e-06 8.77482 0.0 -16.103056 17.835356 6.276839 -1.84403 2.498503 -2.507277 -10.163592 4.678941 4.621107 -20.976006 -5e-06 1e-06 -21.226271 2.451695 -3.593995 -3e-06 -7e-06 -3e-06 -1.36268 2.240796 -0.746324 -21.3349 0.584907 3.008319 -13.821205 -3e-06 1e-06 -23.887157 -0.249081 -0.839482 -60.529842 2.412556 -0.389181 -0.294024 1.679686 0.833256 -14.218198 0.093215 1.300582 -34.212025 -0.287565 0.96717 -20.033201 0.964535 1.212843 1e-06 -2e-06 -0.0 -3.440386 0.788233 0.501656 -15.928176 -3.167309 2.999706 -6.33882 -2e-06 0.0 -18.12343 3.64818 -4.905664 -2e-06 -0.0 -2e-06 10.607463 7.611607 10.202098 56.277847 10.72155 -8.681386 178.428574 53.502819 179.38266 19.322084 -6.28209 -62.785728 2.243541 -5.255034 -3.180156 14.282884 -0.826595 6.952498 -2e-06 -12.6906 1e-06 15.705318 -17.343906 2.993757 1.665666 -1.955921 -2.8783 4.727797 -4.170588 4.993921 11.02052 3e-06 -1e-06 12.109048 -3.735714 -2.866783 2e-06 -0.0 1e-06 1.291985 -1.928549 -1.498089 14.800122 0.567468 3.865605 14.242566 -1.341735 -6.660656 19.631958 0.143926 -0.648246 50.056225 -0.754087 -5.561849 0.35303 -1.51115 -0.031939 20.222784 3.684309 2.316628 18.78726 6e-06 -1e-06 10.751621 -0.479869 1.397904 0.0 0.0 1e-06 3.273805 0.305947 -0.580111 21.486797 11.83037 2.26613 8.162922 1e-06 0.0 18.399071 -3.798985 -4.940573 3e-06 -1e-06 -1e-06 4.065606 3.181153 15.10697 0.003955 0.000981 1.57098 -3.529608 15.695825 -5.558918 1.648599 -2.102636 1.94904 -0.0 -0.0 2e-06 -2.183776 -2.953626 12.723455 -0.031737 -0.147 3.646609 2.879969 -10.011698 -6.384872 -1.429037 0.885133 1.602173 -0.0 -0.0 -1e-06 
0.0 0.0 0.0 0.0 -0.0 0.0 -1.897147 99.515839 4.890663 -1.210331 -3.799888 -9.9311 -2.481718 -0.098021 -0.854665 -1.168668 -2.177181 -5.440624 -0.15858 -4.341362 17.46493 5.337298 1.27736 8.847214 -0.066003 1.702509 -3.880379 0.510067 1.401325 -21.460918 7.7e-05 -2.2e-05 5e-06 0.047604 0.093997 0.107114 0.607174 -3.613865 -10.333824 -0.517923 3.81959 -10.353939 -0.103397 -10.355418 12.759096 -74.566467 -9.079505 23.966492 -0.674216 -19.429731 -0.057756 -5.483249 -0.681594 5.977525 -5.882094 9.861272 0.702591 -10.936851 -0.360575 7.156196 -0.0 8.774815 -1e-06 -16.091129 17.842215 6.276546 -1.844029 2.498501 -2.507273 -10.16358 4.678937 4.621101 -20.975985 -3e-06 1e-06 -21.226246 2.451694 -3.593994 -1e-06 -6e-06 -3e-06 -1.362678 2.240795 -0.746321 -21.334875 0.584908 3.00832 -13.821187 -2e-06 3e-06 -23.887127 -0.249079 -0.83948 -60.512436 2.411029 -0.410845 -0.294024 1.679685 0.833253 -14.218182 0.093214 1.300582 -34.211983 -0.287564 0.967171 -20.033175 0.964535 1.212843 0.0 -1e-06 0.0 -3.440382 0.788232 0.501654 -15.928155 -3.167306 2.999703 -6.338813 -1e-06 1e-06 -18.123417 3.648179 -4.905662 -3e-06 -1e-06 -2e-06 10.521129 7.58133 10.105353 56.271305 10.870135 -8.592516 178.690811 53.369869 179.589752 19.617657 -6.098617 -63.139751 2.243538 -5.255032 -3.180154 14.282879 -0.826593 6.952499 -3e-06 -12.690594 -0.0 15.737253 -17.345135 2.980346 1.665665 -1.95592 -2.878296 4.727795 -4.170583 4.993921 11.020514 4e-06 -0.0 12.109037 -3.735711 -2.866781 1e-06 -0.0 1e-06 1.291984 -1.928548 -1.498088 14.800115 0.567469 3.865606 14.242557 -1.341735 -6.660651 19.631948 0.143925 -0.648242 50.05925 -0.752715 -5.559117 0.353028 -1.51115 -0.031939 20.222771 3.684308 2.316631 18.787254 5e-06 3e-06 10.751617 -0.479868 1.397907 -0.0 -1e-06 0.0 3.273805 0.305947 -0.58011 21.48679 11.830365 2.266134 8.162919 1e-06 1e-06 18.399063 -3.798982 -4.940567 3e-06 -1e-06 -1e-06 4.159989 3.308549 15.168526 0.005745 -0.001003 1.552486 -3.572644 15.689932 -5.488892 1.646055 -2.100831 1.903167 -0.0 -1e-06 2e-06 -2.138008 -2.943046 12.798408 -0.029626 -0.153364 3.516896 2.8453 -9.879891 -6.239213 -1.430318 0.884224 1.588678 0.0 1e-06 -1e-06 
0.0 0.0 0.0 0.0 -0.0 0.0 -1.961182 99.530006 4.785441 -1.241952 -3.899121 -10.052989 -2.501921 -0.103016 -0.791737 -1.175529 -2.180956 -5.418941 -0.205529 -4.359464 17.498453 5.577955 1.183919 8.748412 -0.093025 1.652287 -3.874865 0.587135 1.326385 -21.675003 7.7e-05 -2.3e-05 7e-06 0.045355 0.085765 0.108762 0.604262 -3.624886 -10.344487 -0.519157 3.814142 -10.361999 -0.117024 -10.549826 12.757423 -74.438255 -9.228021 24.321711 -0.618043 -19.725027 -0.072045 -5.476145 -0.818709 5.727607 -5.882107 9.861285 0.702591 -10.936873 -0.360575 7.156208 0.0 8.774824 -1e-06 -16.102562 17.855637 6.263914 -1.844033 2.498505 -2.507278 -10.163603 4.678944 4.621112 -20.976027 -4e-06 4e-06 -21.226288 2.451697 -3.593999 0.0 -7e-06 -2e-06 -1.362682 2.240799 -0.746322 -21.334917 0.584907 3.008324 -13.821216 -3e-06 2e-06 -23.887173 -0.249077 -0.839481 -60.474598 2.415143 -0.434625 -0.294025 1.679687 0.833255 -14.21821 0.093215 1.300582 -34.212055 -0.287564 0.967175 -20.033215 0.964537 1.212845 -0.0 -1e-06 0.0 -3.440389 0.788233 0.501656 -15.928191 -3.16731 2.999709 -6.338828 -1e-06 1e-06 -18.123446 3.648182 -4.905671 -2e-06 -0.0 -2e-06 10.459188 7.565647 10.004791 56.296181 11.018214 -8.522142 178.961716 53.176735 179.807648 19.917259 -5.934958 -63.620754 2.24354 -5.255033 -3.180155 14.282883 -0.826592 6.952501 -2e-06 -12.690598 -1e-06 15.824418 -17.379822 2.972648 1.665664 -1.955919 -2.878298 4.727799 -4.170585 4.993921 11.020519 4e-06 -1e-06 12.109046 -3.735713 -2.866781 1e-06 -1e-06 1e-06 1.291985 -1.928548 -1.498088 14.800122 0.567469 3.865606 14.242564 -1.341734 -6.660653 19.631954 0.143927 -0.648242 50.094193 -0.783237 -5.5589 0.353029 -1.51115 -0.03194 20.222784 3.684309 2.31663 18.787266 5e-06 1e-06 10.751623 -0.479867 1.397906 -0.0 0.0 -0.0 3.273806 0.305946 -0.580109 21.486807 11.83037 2.266134 8.162923 1e-06 0.0 18.399075 -3.798982 -4.940571 3e-06 -1e-06 -1e-06 4.246408 3.365146 15.253428 0.00779 -0.006227 1.527662 -3.61695 15.706925 -5.453118 1.643671 -2.097829 1.865957 0.0 -0.0 2e-06 -2.089469 -2.966497 12.918859 -0.026314 -0.167964 3.370972 2.81873 -9.747842 -6.117648 -1.430997 0.88676 1.581837 -0.0 -0.0 -1e-06 
0.0 0.0 0.0 0.0 -0.0 0.0 -2.027144 99.54039 4.673388 -1.26732 -3.977851 -10.184571 -2.520247 -0.100748 -0.752491 -1.182958 -2.181563 -5.406966 -0.246259 -4.36099 17.542538 5.76442 1.117921 8.731654 -0.128823 1.574308 -3.876399 0.641781 1.219469 -21.750635 7.7e-05 -2.2e-05 5e-06 0.040375 0.073717 0.110146 0.599455 -3.641392 -10.35959 -0.523926 3.806676 -10.374408 -0.206288 -10.697559 12.74127 -74.236244 -9.440183 24.543562 -0.533303 -19.992678 -0.100723 -5.367757 -0.869594 5.376435 -5.882104 9.861281 0.702589 -10.936866 -0.360575 7.156199 -0.0 8.77482 -1e-06 -16.124979 17.868988 6.252953 -1.844033 2.498504 -2.507278 -10.163595 4.678944 4.621105 -20.976017 -3e-06 -0.0 -21.22628 2.451698 -3.594001 0.0 -7e-06 -2e-06 -1.362682 2.240796 -0.746322 -21.334904 0.58491 3.008319 -13.821208 -2e-06 -1e-06 -23.887157 -0.249079 -0.839487 -60.445618 2.422276 -0.447962 -0.294024 1.679686 0.833256 -14.218203 0.093217 1.300579 -34.21204 -0.287564 0.967165 -20.033203 0.964534 1.212841 0.0 -1e-06 0.0 -3.440387 0.788233 0.501654 -15.928179 -3.167307 2.999703 -6.338825 -1e-06 0.0 -18.123444 3.648179 -4.905671 -3e-06 -1e-06 -2e-06 10.455894 7.5585 9.911631 56.302235 11.157602 -8.446834 179.213165 52.984238 -179.990784 20.149336 -5.802598 -64.010315 2.243537 -5.255033 -3.180154 14.28288 -0.826592 6.9525 -3e-06 -12.690593 -1e-06 15.896589 -17.424212 2.964054 1.665663 -1.955921 -2.878296 4.727794 -4.170582 4.99392 11.020517 3e-06 0.0 12.109041 -3.735713 -2.866779 1e-06 -0.0 1e-06 1.291982 -1.928548 -1.498088 14.800115 0.56747 3.865606 14.242558 -1.341735 -6.660651 19.631948 0.143925 -0.648241 50.134068 -0.814899 -5.567028 0.35303 -1.51115 -0.031939 20.222775 3.684308 2.316634 18.787256 4e-06 4e-06 10.751619 -0.479869 1.397907 0.0 1e-06 0.0 3.273805 0.305947 -0.580111 21.486794 11.830365 2.266136 8.162921 -2e-06 2e-06 18.399065 -3.798984 -4.940568 3e-06 -1e-06 -1e-06 4.316692 3.376376 15.344212 0.011889 -0.010339 1.501262 -3.65026 15.745125 -5.407667 1.643276 -2.090201 1.825244 -0.0 -1e-06 2e-06 -2.051816 -3.02843 13.053832 -0.024292 -0.175284 3.223468 2.780787 -9.632055 -6.013624 -1.43175 0.888936 1.588213 -0.0 1e-06 -1e-06 
0.0 0.0 0.0 0.0 -0.0 0.0 -2.084379 99.551315 4.561331 -1.293467 -4.053445 -10.321513 -2.53661 -0.086378 -0.737956 -1.19402 -2.188643 -5.402042 -0.272905 -4.352825 17.592773 5.898282 1.06918 8.784887 -0.160499 1.489143 -3.884199 0.675927 1.090076 -21.697636 7.7e-05 -2.2e-05 6e-06 0.036198 0.068945 0.110475 0.595334 -3.648254 -10.366823 -0.527839 3.803913 -10.380891 -0.338081 -10.784774 12.724227 -73.969452 -9.68827 24.700253 -0.457987 -20.247978 -0.126331 -5.233637 -0.848647 4.970484 -5.882107 9.861284 0.70259 -10.936872 -0.360575 7.156204 -2e-06 8.774824 -3e-06 -16.115965 17.887873 6.265521 -1.844032 2.498504 -2.507275 -10.163599 4.678944 4.621105 -20.976021 -2e-06 2e-06 -21.226286 2.451697 -3.593999 -2e-06 -7e-06 -2e-06 -1.362682 2.240798 -0.746324 -21.334913 0.584911 3.008321 -13.821213 -3e-06 1e-06 -23.887167 -0.249077 -0.839484 -60.439545 2.440966 -0.455176 -0.294025 1.679687 0.833256 -14.218207 0.093216 1.300579 -34.212048 -0.287562 0.967168 -20.033211 0.964537 1.212842 0.0 -0.0 0.0 -3.440388 0.788233 0.501656 -15.928185 -3.167308 2.999707 -6.338825 -1e-06 2e-06 -18.123444 3.648182 -4.90567 -2e-06 -0.0 -2e-06 10.485662 7.552501 9.826096 56.305721 11.269396 -8.448002 179.319748 52.84174 -179.931351 20.275742 -5.729424 -64.230263 2.24354 -5.255034 -3.180158 14.282884 -0.826591 6.952499 -3e-06 -12.690597 -2e-06 15.93408 -17.440228 2.937629 1.665666 -1.95592 -2.878298 4.727796 -4.170582 4.99392 11.02052 3e-06 -0.0 12.109048 -3.735712 -2.866783 -0.0 -0.0 1e-06 1.291986 -1.928549 -1.498088 14.800123 0.56747 3.865608 14.242564 -1.341737 -6.660655 19.631962 0.143927 -0.648241 50.159912 -0.818211 -5.575317 0.35303 -1.511149 -0.031941 20.222784 3.684309 2.316632 18.787266 7e-06 2e-06 10.751624 -0.47987 1.397907 0.0 1e-06 0.0 3.273808 0.305947 -0.580111 21.486807 11.83037 2.266135 8.162924 1e-06 -0.0 18.399075 -3.798982 -4.94057 3e-06 -2e-06 -2e-06 4.391847 3.400026 15.435065 0.019479 -0.015832 1.4863 -3.666426 15.778907 -5.351525 1.644815 -2.082385 1.784251 -0.0 0.0 2e-06 -2.015835 -3.103812 13.191693 -0.024359 -0.171364 3.081475 2.730213 -9.532542 -5.903411 -1.432128 0.88426 1.589516 -0.0 -0.0 -1e-06 
0.0 0.0 0.0 0.0 -0.0 0.0 -2.137361 99.559708 4.457145 -1.326247 -4.122103 -10.461261 -2.5486 -0.062954 -0.748415 -1.206357 -2.195767 -5.402936 -0.290894 -4.351429 17.64127 6.002842 1.030851 8.909793 -0.201967 1.395749 -3.891982 0.68084 0.940725 -21.561024 7.7e-05 -2.2e-05 5e-06 0.033722 0.070443 0.110397 0.593546 -3.646843 -10.370609 -0.530707 3.805262 -10.385388 -0.50057 -10.84235 12.73398 -73.659065 -9.965166 24.854307 -0.401485 -20.47002 -0.139252 -5.146492 -0.752234 4.647717 -5.882102 9.861278 0.702592 -10.936861 -0.360573 7.156204 -0.0 8.774817 -0.0 -16.093647 17.900581 6.285251 -1.84403 2.498503 -2.507277 -10.16359 4.678942 4.621107 -20.976006 -1e-06 3e-06 -21.226269 2.451697 -3.593998 1e-06 -7e-06 -1e-06 -1.36268 2.240797 -0.746323 -21.334896 0.58491 3.00832 -13.821199 -1e-06 3e-06 -23.887148 -0.249077 -0.839483 -60.464039 2.464048 -0.448148 -0.294024 1.679687 0.833256 -14.218197 0.093216 1.300581 -34.212013 -0.28756 0.967168 -20.033195 0.964537 1.212841 -0.0 -2e-06 0.0 -3.440386 0.788233 0.501657 -15.92817 -3.167305 2.999704 -6.338819 1e-06 1e-06 -18.123432 3.648181 -4.905667 -3e-06 -0.0 -2e-06 10.534664 7.549791 9.763619 56.336224 11.32426 -8.472609 179.393021 52.738438 -179.918137 20.322958 -5.771159 -64.278732 2.243539 -5.255033 -3.180154 14.28288 -0.826596 6.952497 0.0 -12.690594 -0.0 15.925845 -17.447641 2.908446 1.665664 -1.955921 -2.878296 4.727796 -4.170584 4.993917 11.020515 2e-06 -2e-06 12.109041 -3.735714 -2.866781 -0.0 -0.0 0.0 1.291983 -1.928548 -1.498088 14.800118 0.567465 3.865604 14.24256 -1.341737 -6.660653 19.631948 0.143924 -0.648244 50.175484 -0.807769 -5.581248 0.35303 -1.511149 -0.031939 20.222775 3.684305 2.316628 18.787254 4e-06 -2e-06 10.75162 -0.479871 1.397904 0.0 1e-06 0.0 3.273803 0.305946 -0.58011 21.486795 11.830363 2.266131 8.162922 -1e-06 -2e-06 18.399067 -3.798981 -4.940572 3e-06 -1e-06 -1e-06 4.480927 3.423994 15.527058 0.024018 -0.013654 1.481703 -3.671329 15.806759 -5.293165 1.647048 -2.075388 1.772292 -0.0 -0.0 2e-06 -1.979619 -3.203885 13.326474 -0.024488 -0.163962 2.959297 2.686449 -9.419396 -5.805163 -1.431792 0.87493 1.606469 -0.0 -0.0 -1e-06 
0.0 0.0 0.0 0.0 -0.0 0.0 -2.184123 99.562851 4.355775 -1.371455 -4.176013 -10.602648 -2.549511 -0.046358 -0.770001 -1.216962 -2.193903 -5.407063 -0.312863 -4.35945 17.665504 6.10416 0.988222 9.105378 -0.257106 1.288376 -3.900063 0.65415 0.809092 -21.368961 7.7e-05 -2.3e-05 6e-06 0.03289 0.076557 0.110575 0.5943 -3.639813 -10.374887 -0.532956 3.810025 -10.390915 -0.674025 -10.895226 12.758534 -73.328445 -10.202335 25.040874 -0.35101 -20.684244 -0.143046 -5.143193 -0.570343 4.487113 -5.882102 9.861281 0.702589 -10.936868 -0.360576 7.156203 2e-06 8.774822 0.0 -16.078236 17.899004 6.302635 -1.844032 2.498503 -2.507276 -10.163595 4.678941 4.621109 -20.976017 -7e-06 4e-06 -21.226278 2.451693 -3.593997 0.0 -8e-06 0.0 -1.362681 2.240797 -0.746325 -21.334906 0.584905 3.008324 -13.821208 -4e-06 3e-06 -23.887165 -0.249082 -0.839478 -60.493622 2.486019 -0.426537 -0.294024 1.679686 0.833256 -14.218204 0.093213 1.300582 -34.212036 -0.287569 0.967173 -20.033209 0.964535 1.212846 1e-06 -1e-06 -0.0 -3.440387 0.788232 0.501654 -15.928183 -3.167311 2.999707 -6.338824 -1e-06 2e-06 -18.123444 3.648178 -4.905666 -3e-06 0.0 -1e-06 10.591285 7.549109 9.724746 56.436256 11.280955 -8.493867 179.460419 52.670826 -179.8983 20.298351 -5.928519 -64.086456 2.243539 -5.255031 -3.180154 14.282876 -0.826595 6.952495 -3e-06 -12.690593 0.0 15.899861 -17.451914 2.899745 1.665664 -1.95592 -2.878295 4.727794 -4.170585 4.99392 11.020514 2e-06 -0.0 12.109036 -3.735713 -2.866779 -0.0 -1e-06 1e-06 1.291983 -1.928548 -1.498088 14.800115 0.567467 3.865604 14.242558 -1.341738 -6.660649 19.631947 0.143925 -0.648243 50.200718 -0.788247 -5.584859 0.35303 -1.511149 -0.03194 20.222771 3.684306 2.316628 18.787254 2e-06 -0.0 10.751616 -0.479872 1.397904 -0.0 1e-06 -0.0 3.273804 0.305947 -0.58011 21.48679 11.830361 2.26613 8.16292 -2e-06 -1e-06 18.399067 -3.798981 -4.940571 4e-06 -1e-06 -1e-06 4.587607 3.435353 15.621852 0.022897 -0.00841 1.482697 -3.678081 15.8446 -5.263676 1.64889 -2.081187 1.790999 -0.0 -0.0 2e-06 -1.927063 -3.307271 13.465983 -0.022512 -0.162277 2.854757 2.644078 -9.305649 -5.727065 -1.431322 0.865048 1.631555 0.0 1e-06 -1e-06 
0.0 0.0 0.0 0.0 -0.0 0.0 -2.218005 99.559563 4.25579 -1.42161 -4.223272 -10.744711 -2.545179 -0.033902 -0.800502 -1.225529 -2.192713 -5.415502 -0.338198 -4.372379 17.687304 6.198122 0.919677 9.326018 -0.311541 1.191397 -3.907681 0.588143 0.683179 -21.114233 7.7e-05 -2.2e-05 7e-06 0.031772 0.080944 0.110376 0.596717 -3.633373 -10.381226 -0.537563 3.811873 -10.398121 -0.852834 -10.955619 12.78659 -72.935165 -10.39131 25.353294 -0.330197 -20.934153 -0.141291 -5.272449 -0.29766 4.484504 -5.882106 9.861281 0.70259 -10.936868 -0.360574 7.156199 -1e-06 8.774819 -1e-06 -16.064663 17.887899 6.321365 -1.844032 2.498504 -2.507274 -10.163597 4.678944 4.621105 -20.976017 -0.0 0.0 -21.226284 2.451697 -3.594002 -1e-06 -7e-06 -1e-06 -1.362682 2.240797 -0.746323 -21.334909 0.584912 3.008319 -13.821208 -1e-06 -1e-06 -23.887163 -0.249078 -0.839487 -60.522343 2.491782 -0.39742 -0.294024 1.679686 0.833256 -14.218205 0.093217 1.300579 -34.212044 -0.287558 0.967162 -20.033205 0.964537 1.212839 1e-06 -1e-06 -0.0 -3.440387 0.788233 0.501655 -15.928181 -3.167305 2.999705 -6.338823 0.0 1e-06 -18.123444 3.648181 -4.905672 -3e-06 -0.0 -3e-06 10.646185 7.529175 9.673848 56.554478 11.119851 -8.472246 179.510803 52.651272 -179.876724 20.222094 -6.19356 -63.690922 2.243539 -5.255036 -3.180159 14.282887 -0.826593 6.952507 -2e-06 -12.690603 -1e-06 15.844207 -17.454531 2.89913 1.665667 -1.955921 -2.878299 4.727797 -4.170584 4.993925 11.020524 4e-06 0.0 12.109049 -3.735715 -2.866783 1e-06 -0.0 1e-06 1.291986 -1.92855 -1.49809 14.800127 0.567471 3.865609 14.242566 -1.341735 -6.660657 19.631962 0.143928 -0.648241 50.189949 -0.762643 -5.599852 0.35303 -1.51115 -0.031941 20.222788 3.684312 2.316634 18.78727 7e-06 3e-06 10.751627 -0.479868 1.397908 0.0 1e-06 0.0 3.273804 0.305948 -0.58011 21.486809 11.830378 2.266137 8.162927 0.0 1e-06 18.399076 -3.798984 -4.940572 3e-06 -1e-06 -1e-06 4.700628 3.44611 15.716292 0.020918 -0.005357 1.492606 -3.697122 15.881328 -5.246432 1.650395 -2.087654 1.815835 -0.0 0.0 2e-06 -1.868899 -3.404141 13.603515 -0.02047 -0.159308 2.762041 2.616225 -9.208545 -5.653865 -1.430947 0.857165 1.660513 0.0 0.0 -1e-06 
0.0 0.0 0.0 0.0 -0.0 0.0 -2.250153 99.560219 4.167215 -1.470148 -4.28299 -10.880714 -2.542136 -0.020112 -0.838768 -1.229516 -2.19109 -5.426064 -0.364596 -4.39509 17.703745 6.284431 0.820839 9.534155 -0.358926 1.104536 -3.913551 0.505957 0.56315 -20.830179 7.7e-05 -2.3e-05 6e-06 0.029638 0.079545 0.109555 0.599636 -3.634032 -10.391842 -0.544871 3.809162 -10.408058 -1.017761 -11.025469 12.804721 -72.493355 -10.499032 25.816128 -0.326392 -21.27408 -0.135943 -5.554152 0.058635 4.674979 -5.882102 9.861279 0.70259 -10.936865 -0.360575 7.156203 0.0 8.774819 0.0 -16.056704 17.888565 6.340526 -1.844032 2.498503 -2.507275 -10.163595 4.678943 4.621109 -20.976011 -1e-06 5e-06 -21.226278 2.451695 -3.593998 -0.0 -6e-06 1e-06 -1.362681 2.240798 -0.746325 -21.334904 0.584909 3.008322 -13.821205 -3e-06 4e-06 -23.887161 -0.249077 -0.839481 -60.542717 2.484515 -0.372505 -0.294025 1.679686 0.833255 -14.218201 0.093213 1.300579 -34.212032 -0.287562 0.967171 -20.033199 0.964538 1.212844 1e-06 -1e-06 -0.0 -3.440387 0.788233 0.501654 -15.928179 -3.167307 2.999706 -6.338823 -0.0 1e-06 -18.123436 3.648183 -4.905666 -3e-06 -0.0 -3e-06 10.680264 7.488971 9.611304 56.684414 10.83109 -8.383945 179.508636 52.677368 -179.870239 20.084614 -6.521204 -63.206604 2.24354 -5.255034 -3.180155 14.282885 -0.826594 6.9525 -4e-06 -12.690598 1e-06 15.803463 -17.442337 2.891857 1.665664 -1.95592 -2.878298 4.727793 -4.170585 4.993922 11.020523 2e-06 -0.0 12.109046 -3.735713 -2.866782 -0.0 -0.0 1e-06 1.291984 -1.928549 -1.498088 14.800122 0.56747 3.865606 14.242561 -1.341736 -6.660653 19.631958 0.143925 -0.648243 50.13121 -0.748424 -5.60718 0.353027 -1.51115 -0.03194 20.222784 3.684311 2.316631 18.787266 5e-06 2e-06 10.751623 -0.479869 1.397906 -0.0 0.0 1e-06 3.273804 0.305947 -0.58011 21.486807 11.830371 2.266132 8.162921 1e-06 0.0 18.399071 -3.798987 -4.94057 3e-06 -2e-06 -1e-06 4.805892 3.452524 15.802218 0.019131 -1.5e-05 1.506158 -3.746319 15.91951 -5.244395 1.649576 -2.091985 1.831554 -0.0 -1e-06 2e-06 -1.821196 -3.512839 13.731633 -0.018314 -0.152327 2.671352 2.591858 -9.09696 -5.576217 -1.430294 0.857114 1.692603 -0.0 -0.0 -1e-06 
0.0 0.0 0.0 0.0 -0.0 0.0 -2.280514 99.562523 4.077317 -1.515933 -4.352445 -11.003262 -2.538987 -0.006543 -0.884283 -1.229062 -2.19033 -5.438262 -0.398368 -4.428914 17.719677 6.382466 0.725803 9.712228 -0.392189 0.991929 -3.914721 0.4186 0.45851 -20.564259 7.7e-05 -2.2e-05 7e-06 0.027148 0.07521 0.106903 0.601168 -3.639031 -10.405707 -0.55155 3.804923 -10.419888 -1.183064 -11.091028 12.827574 -71.987213 -10.537032 26.362074 -0.328307 -21.74777 -0.132607 -5.965386 0.497516 4.90456 -5.882101 9.861275 0.702589 -10.936861 -0.360574 7.156198 1e-06 8.774815 1e-06 -16.0434 17.901316 6.362041 -1.84403 2.498502 -2.507277 -10.163591 4.67894 4.621103 -20.976006 -3e-06 2e-06 -21.226269 2.451694 -3.593997 0.0 -6e-06 -1e-06 -1.36268 2.240795 -0.746322 -21.334894 0.584911 3.00832 -13.821201 -1e-06 1e-06 -23.88715 -0.249078 -0.839485 -60.564259 2.482212 -0.368274 -0.294024 1.679685 0.833254 -14.218197 0.093215 1.300579 -34.212021 -0.287564 0.967169 -20.033194 0.964535 1.212843 0.0 -1e-06 0.0 -3.440386 0.788232 0.501654 -15.928172 -3.167304 2.999703 -6.338821 -0.0 1e-06 -18.123434 3.648178 -4.905667 -3e-06 -0.0 -3e-06 10.706256 7.439527 9.529782 56.798767 10.40938 -8.254668 179.413528 52.757431 -179.940643 19.901543 -6.875671 -62.477245 2.243537 -5.255031 -3.180152 14.282872 -0.826594 6.952496 -4e-06 -12.69059 1e-06 15.759719 -17.423193 2.875641 1.665663 -1.955919 -2.878295 4.727792 -4.170581 4.993919 11.020512 2e-06 1e-06 12.109035 -3.735711 -2.866779 -1e-06 -0.0 1e-06 1.291985 -1.928545 -1.498087 14.800112 0.567469 3.865605 14.24255 -1.341736 -6.660646 19.631941 0.143923 -0.64824 50.043266 -0.752209 -5.613614 0.353027 -1.511149 -0.031941 20.222761 3.684305 2.316631 18.787249 4e-06 3e-06 10.751615 -0.479868 1.397906 0.0 0.0 0.0 3.273802 0.305947 -0.58011 21.486788 11.830359 2.266134 8.162915 -1e-06 2e-06 18.399055 -3.798979 -4.940567 3e-06 0.0 -1e-06 4.904946 3.466816 15.866615 0.016773 0.006211 1.520714 -3.807714 15.957834 -5.250521 1.647874 -2.09269 1.846652 -0.0 0.0 2e-06 -1.783562 -3.621294 13.842427 -0.014492 -0.14347 2.565147 2.575805 -8.983356 -5.482777 -1.429165 0.862288 1.715423 -0.0 -0.0 -1e-06 
0.0 0.0 0.0 0.0 -0.0 0.0 -2.298012 99.566437 3.972683 -1.555313 -4.406215 -11.109953 -2.53499 0.00792 -0.935842 -1.226501 -2.198225 -5.452577 -0.430136 -4.47251 17.741943 6.482697 0.645728 9.855038 -0.427938 0.852299 -3.915553 0.339766 0.324964 -20.320166 7.7e-05 -2.2e-05 6e-06 0.024162 0.068917 0.10674 0.600961 -3.648509 -10.420055 -0.557528 3.801229 -10.43208 -1.35723 -11.171134 12.841879 -71.416847 -10.506268 26.971573 -0.323886 -22.368103 -0.136109 -6.449252 1.046529 5.110214 -5.882103 9.861283 0.702592 -10.936868 -0.360577 7.156203 1e-06 8.774824 -1e-06 -16.029896 17.926268 6.386145 -1.844032 2.498505 -2.507277 -10.163597 4.678943 4.621106 -20.976021 -5e-06 2e-06 -21.226284 2.451694 -3.593998 1e-06 -6e-06 1e-06 -1.362681 2.240798 -0.746324 -21.334909 0.584908 3.008322 -13.821208 -4e-06 1e-06 -23.887165 -0.249081 -0.839482 -60.579857 2.489213 -0.379817 -0.294025 1.679687 0.833256 -14.218206 0.093213 1.30058 -34.212044 -0.287567 0.96717 -20.033211 0.964536 1.212844 1e-06 -1e-06 -0.0 -3.440388 0.788232 0.501656 -15.928183 -3.16731 2.999706 -6.338824 -1e-06 0.0 -18.123442 3.64818 -4.905669 -2e-06 -0.0 -1e-06 10.734965 7.372177 9.45491 56.865978 9.889591 -8.034209 179.30455 52.867142 179.973465 19.641617 -7.266273 -61.48074 2.243542 -5.255033 -3.180155 14.282887 -0.826595 6.952498 -5e-06 -12.690595 3e-06 15.725297 -17.404205 2.854126 1.665664 -1.95592 -2.878296 4.727796 -4.170586 4.993921 11.020522 3e-06 -2e-06 12.109047 -3.735713 -2.866782 -1e-06 -0.0 0.0 1.291983 -1.928549 -1.498087 14.800122 0.567467 3.865604 14.242564 -1.341735 -6.660653 19.631954 0.143926 -0.648245 49.952251 -0.76014 -5.610171 0.35303 -1.51115 -0.031939 20.222782 3.684308 2.316627 18.787262 5e-06 -0.0 10.75162 -0.479868 1.397905 0.0 -1e-06 0.0 3.273806 0.305947 -0.580111 21.486801 11.830369 2.26613 8.162921 0.0 1e-06 18.399071 -3.798982 -4.940571 3e-06 0.0 -1e-06 4.987035 3.471712 15.906223 0.011619 0.01631 1.541578 -3.873796 16.00593 -5.252475 1.646277 -2.094612 1.847594 -0.0 -1e-06 2e-06 -1.7632 -3.74633 13.942676 -0.010219 -0.132779 2.436726 2.558575 -8.888405 -5.362289 -1.426809 0.866849 1.737019 0.0 2e-06 -1e-06 
0.0 0.0 0.0 0.0 -0.0 0.0 -2.297249 99.579269 3.845709 -1.573231 -4.454391 -11.189817 -2.52642 0.023055 -0.990532 -1.225169 -2.215725 -5.474716 -0.458002 -4.508153 17.769793 6.551846 0.588522 9.94078 -0.46898 0.699093 -3.915633 0.298644 0.149714 -20.083145 7.7e-05 -2.2e-05 6e-06 0.021608 0.064272 0.109094 0.601377 -3.652615 -10.417612 -0.563217 3.795554 -10.427894 -1.543829 -11.235533 12.876291 -70.756195 -10.46087 27.639162 -0.309986 -23.203003 -0.154173 -6.932767 1.72689 5.231937 -5.882103 9.861283 0.702589 -10.936871 -0.360578 7.156203 2e-06 8.774824 -2e-06 -16.004049 17.954596 6.417327 -1.844032 2.498504 -2.507278 -10.163597 4.67894 4.621106 -20.976023 -8e-06 4e-06 -21.22628 2.451692 -3.593996 -0.0 -6e-06 1e-06 -1.362681 2.240798 -0.746322 -21.334913 0.584904 3.008322 -13.821213 -6e-06 2e-06 -23.887175 -0.249083 -0.839479 -60.606052 2.497009 -0.40663 -0.294024 1.679687 0.833256 -14.218208 0.093211 1.300578 -34.212051 -0.287572 0.967171 -20.033211 0.964532 1.212847 1e-06 -1e-06 -0.0 -3.440389 0.788233 0.501655 -15.928189 -3.167315 2.999706 -6.338826 -2e-06 2e-06 -18.123446 3.648177 -4.905671 -2e-06 0.0 -2e-06 10.759569 7.290856 9.400457 56.865391 9.286832 -7.732387 179.164093 52.996094 179.87207 19.336754 -7.69843 -60.171173 2.243539 -5.255031 -3.180153 14.282876 -0.826593 6.952498 -7e-06 -12.690594 4e-06 15.658613 -17.38994 2.834772 1.665663 -1.955918 -2.878297 4.727793 -4.170585 4.99392 11.020516 4e-06 -2e-06 12.109037 -3.735711 -2.866779 0.0 -0.0 0.0 1.291985 -1.928547 -1.498087 14.800112 0.56747 3.865604 14.242558 -1.341733 -6.66065 19.631948 0.143927 -0.648242 49.880531 -0.783128 -5.611018 0.353028 -1.511149 -0.031939 20.222771 3.684308 2.31663 18.787254 7e-06 2e-06 10.751618 -0.479868 1.397906 -1e-06 -1e-06 0.0 3.273802 0.305946 -0.580111 21.486797 11.830369 2.266129 8.162917 1e-06 1e-06 18.399067 -3.798986 -4.940569 3e-06 0.0 -1e-06 5.036882 3.493387 15.902627 0.007372 0.02626 1.579338 -3.91723 16.027685 -5.238891 1.645314 -2.102169 1.85392 0.0 -0.0 2e-06 -1.76716 -3.860424 14.010553 -0.009093 -0.11219 2.299842 2.536591 -8.82707 -5.226838 -1.423287 0.870272 1.738445 0.0 0.0 -1e-06 
0.0 0.0 0.0 0.0 -0.0 0.0 -2.275074 99.599472 3.701909 -1.568491 -4.511125 -11.25187 -2.51016 0.032239 -1.036116 -1.226632 -2.235719 -5.498598 -0.475608 -4.53987 17.78475 6.575447 0.574632 9.975967 -0.516279 0.531023 -3.924948 0.289968 -0.043481 -19.848822 7.7e-05 -2.2e-05 6e-06 0.019266 0.058919 0.111394 0.599769 -3.656023 -10.411173 -0.566476 3.787403 -10.419566 -1.732693 -11.281452 12.914331 -70.0317 -10.370589 28.280296 -0.291963 -24.322857 -0.177341 -7.353197 2.534445 5.307851 -5.8821 9.861278 0.702588 -10.936861 -0.360576 7.156198 1e-06 8.774819 -2e-06 -15.966622 17.976284 6.460257 -1.84403 2.498503 -2.507276 -10.16359 4.678941 4.621106 -20.976006 -3e-06 5e-06 -21.226269 2.451696 -3.593996 2e-06 -7e-06 0.0 -1.36268 2.240796 -0.746323 -21.334892 0.584908 3.008322 -13.821201 -3e-06 5e-06 -23.887152 -0.249078 -0.83948 -60.640202 2.500228 -0.41492 -0.294024 1.679686 0.833255 -14.218195 0.093214 1.300581 -34.212013 -0.287564 0.967173 -20.033195 0.964537 1.212844 1e-06 -0.0 0.0 -3.440386 0.788232 0.501657 -15.928172 -3.167309 2.999707 -6.338821 -1e-06 2e-06 -18.123428 3.64818 -4.905664 -2e-06 -0.0 -3e-06 10.779092 7.217696 9.403706 56.826229 8.634141 -7.350508 179.016357 53.14217 179.774139 18.905825 -8.092402 -58.787632 2.24354 -5.255034 -3.180156 14.28288 -0.826593 6.952497 -2e-06 -12.690593 -1e-06 15.631414 -17.379557 2.828482 1.665665 -1.955921 -2.878298 4.727795 -4.170583 4.993917 11.020515 3e-06 -2e-06 12.109039 -3.735712 -2.866782 1e-06 -0.0 -0.0 1.291986 -1.928548 -1.498088 14.800112 0.567469 3.865604 14.242558 -1.341735 -6.660653 19.631945 0.143925 -0.648245 49.86311 -0.810566 -5.60575 0.353028 -1.511149 -0.031941 20.222771 3.684305 2.316627 18.787254 3e-06 -1e-06 10.751616 -0.479867 1.397904 0.0 -1e-06 -0.0 3.273802 0.305946 -0.580109 21.48679 11.830362 2.266133 8.162916 -1e-06 -0.0 18.399063 -3.798981 -4.940572 3e-06 0.0 -1e-06 5.040689 3.519046 15.869557 0.002338 0.034827 1.622005 -3.925625 16.083981 -5.210775 1.645164 -2.112 1.860314 0.0 -0.0 2e-06 -1.784606 -3.912673 14.040197 -0.008313 -0.093075 2.168283 2.517821 -8.789057 -5.07751 -1.419698 0.872648 1.717798 -0.0 1e-06 -1e-06 
0.0 0.0 0.0 0.0 -0.0 0.0 -2.231354 99.61647 3.548668 -1.54797 -4.574098 -11.302809 -2.481731 0.043913 -1.07462 -1.226951 -2.262063 -5.522179 -0.471556 -4.574764 17.78104 6.53226 0.618552 9.975106 -0.574043 0.342567 -3.941636 0.311536 -0.218008 -19.620689 7.7e-05 -2.3e-05 6e-06 0.018462 0.057254 0.113119 0.598557 -3.65602 -10.408059 -0.567082 3.783364 -10.413325 -1.91144 -11.310345 12.932704 -69.235863 -10.217797 28.926271 -0.299386 -25.882479 -0.188748 -7.703496 3.474979 5.475414 -5.882101 9.861279 0.702589 -10.936864 -0.360577 7.156202 2e-06 8.774821 -1e-06 -15.946445 17.988018 6.507561 -1.844032 2.498503 -2.507277 -10.163592 4.67894 4.621108 -20.976009 -5e-06 4e-06 -21.226273 2.451694 -3.593997 3e-06 -5e-06 1e-06 -1.362681 2.240798 -0.746323 -21.3349 0.584906 3.008324 -13.821205 -2e-06 4e-06 -23.887154 -0.24908 -0.83948 -60.682709 2.484788 -0.391271 -0.294024 1.679686 0.833256 -14.2182 0.093212 1.300581 -34.212025 -0.287567 0.967173 -20.033201 0.964534 1.212845 0.0 1e-06 0.0 -3.440386 0.788233 0.501654 -15.928177 -3.167311 2.999708 -6.338822 -2e-06 2e-06 -18.123436 3.648178 -4.905666 -3e-06 1e-06 -3e-06 10.77925 7.164368 9.461321 56.758617 7.9573 -6.934112 178.833771 53.310818 179.66864 18.310799 -8.440385 -57.597675 2.24354 -5.255034 -3.180156 14.282886 -0.826594 6.9525 -4e-06 -12.690597 3e-06 15.606369 -17.371483 2.835257 1.665664 -1.95592 -2.878297 4.727794 -4.170585 4.993922 11.020519 5e-06 -1e-06 12.109049 -3.735713 -2.866782 -1e-06 -0.0 1e-06 1.291984 -1.928548 -1.498088 14.800122 0.567468 3.865605 14.242563 -1.341734 -6.660653 19.631958 0.143927 -0.648243 49.835167 -0.840872 -5.585235 0.353029 -1.511149 -0.031941 20.222778 3.684309 2.316629 18.787264 6e-06 1e-06 10.751622 -0.479868 1.397906 1e-06 -1e-06 -1e-06 3.273807 0.305948 -0.580112 21.486801 11.830368 2.26613 8.162922 2e-06 0.0 18.399069 -3.798982 -4.940569 2e-06 0.0 -1e-06 4.996371 3.514195 15.823875 -0.000342 0.038549 1.656019 -3.88834 16.200344 -5.185544 1.645044 -2.114952 1.854293 -0.0 0.0 2e-06 -1.820719 -3.918549 14.047949 -0.004173 -0.079485 2.040557 2.524318 -8.732443 -4.932811 -1.416021 0.877864 1.681444 -0.0 -0.0 -1e-06 
0.0 0.0 0.0 0.0 -0.0 0.0 -2.16685 99.627708 3.38803 -1.515763 -4.657444 -11.335012 -2.439224 0.052549 -1.111473 -1.227668 -2.289479 -5.543727 -0.44509 -4.614633 17.769388 6.41281 0.684415 9.92091 -0.618826 0.170376 -3.95029 0.348562 -0.345742 -19.441496 7.7e-05 -2.2e-05 6e-06 0.017788 0.053934 0.111684 0.599312 -3.658821 -10.409716 -0.569494 3.77881 -10.409871 -2.061009 -11.299101 12.917491 -68.313904 -10.006571 29.655005 -0.342717 -28.0959 -0.187581 -8.071703 4.59991 5.790813 -5.882102 9.861278 0.70259 -10.936865 -0.360575 7.156203 -0.0 8.774817 -2e-06 -15.920044 17.992247 6.561335 -1.84403 2.498503 -2.507277 -10.163594 4.67894 4.621106 -20.976009 -2e-06 5e-06 -21.226271 2.451697 -3.593996 3e-06 -6e-06 0.0 -1.36268 2.240796 -0.746324 -21.3349 0.584909 3.008322 -13.821205 -2e-06 4e-06 -23.887154 -0.249078 -0.839481 -60.717213 2.465585 -0.351466 -0.294024 1.679685 0.833254 -14.218199 0.093214 1.300582 -34.212021 -0.287561 0.967173 -20.033197 0.964539 1.212844 0.0 0.0 0.0 -3.440387 0.788232 0.501654 -15.928177 -3.167308 2.999706 -6.338822 -2e-06 2e-06 -18.123438 3.648181 -4.905667 -3e-06 1e-06 -2e-06 10.770029 7.138208 9.539823 56.650097 7.289735 -6.455206 178.731003 53.500786 179.639282 17.622824 -8.705135 -56.678444 2.243541 -5.255033 -3.180156 14.28288 -0.826593 6.952497 -1e-06 -12.690596 -2e-06 15.58857 -17.367664 2.839078 1.665665 -1.955919 -2.878297 4.727795 -4.170584 4.993921 11.020516 3e-06 -1e-06 12.109045 -3.735715 -2.866784 -0.0 0.0 -0.0 1.291986 -1.928548 -1.498089 14.800118 0.567468 3.865605 14.242562 -1.341738 -6.660656 19.631954 0.143927 -0.648245 49.778847 -0.8633 -5.565711 0.353029 -1.511148 -0.031941 20.222778 3.684306 2.316627 18.787262 5e-06 -2e-06 10.751621 -0.479866 1.397905 1e-06 -1e-06 -0.0 3.273804 0.305946 -0.580108 21.486799 11.830365 2.266131 8.162921 0.0 -1e-06 18.399069 -3.798982 -4.940573 3e-06 0.0 -0.0 4.921915 3.519596 15.755413 0.004081 0.041818 1.682578 -3.815938 16.323656 -5.143235 1.645986 -2.114238 1.858839 0.0 -0.0 2e-06 -1.873996 -3.891864 14.010283 -0.000276 -0.062962 1.940452 2.551902 -8.65616 -4.809889 -1.41368 0.880721 1.646558 -0.0 1e-06 -1e-06 
0.0 0.0 0.0 0.0 -0.0 0.0 -2.083951 99.638351 3.208885 -1.46927 -4.765347 -11.35053 -2.383467 0.055696 -1.148636 -1.22432 -2.318809 -5.564726 -0.396441 -4.65428 17.757418 6.204777 0.758996 9.805234 -0.644769 0.026995 -3.961639 0.417192 -0.469458 -19.310017 7.7e-05 -2.2e-05 6e-06 0.016798 0.052509 0.105395 0.601543 -3.658495 -10.41188 -0.574118 3.77443 -10.40562 -2.169502 -11.240626 12.869102 -67.184235 -9.758487 30.589399 -0.412784 -31.310591 -0.1721 -8.573178 6.09261 6.377551 -5.882102 9.861279 0.702591 -10.936861 -0.360573 7.156203 -2e-06 8.774819 -0.0 -15.865304 18.015648 6.644226 -1.84403 2.498503 -2.507276 -10.16359 4.678943 4.621107 -20.976006 -2e-06 2e-06 -21.226265 2.451697 -3.593997 1e-06 -5e-06 -0.0 -1.362681 2.240797 -0.746324 -21.334896 0.584911 3.008324 -13.821199 -1e-06 3e-06 -23.887146 -0.249076 -0.83948 -60.761337 2.431284 -0.307119 -0.294025 1.679686 0.833255 -14.218197 0.093216 1.300581 -34.212021 -0.287558 0.967172 -20.033199 0.964538 1.212842 -1e-06 1e-06 -0.0 -3.440386 0.788233 0.501657 -15.928172 -3.167306 2.999709 -6.33882 1e-06 3e-06 -18.123436 3.648185 -4.905666 -4e-06 0.0 -1e-06 10.744071 7.137545 9.63134 56.4935 6.630103 -5.916901 178.724609 53.700886 179.697586 16.837656 -8.896637 -56.037384 2.243539 -5.255032 -3.180154 14.282881 -0.826595 6.952498 -2e-06 -12.690594 0.0 15.563471 -17.373524 2.861634 1.665664 -1.955919 -2.878295 4.727795 -4.170584 4.993919 11.020516 2e-06 1e-06 12.109043 -3.735713 -2.86678 -0.0 1e-06 -1e-06 1.291985 -1.928548 -1.498087 14.800117 0.567469 3.865604 14.24256 -1.341734 -6.66065 19.631952 0.143924 -0.648243 49.680794 -0.876447 -5.537721 0.353028 -1.511149 -0.03194 20.22278 3.684306 2.316631 18.787256 4e-06 1e-06 10.75162 -0.47987 1.397905 0.0 -1e-06 0.0 3.273806 0.305947 -0.58011 21.486799 11.830366 2.266133 8.162921 0.0 0.0 18.399067 -3.798984 -4.940569 3e-06 -1e-06 -1e-06 4.814267 3.554615 15.657825 0.014927 0.043319 1.711894 -3.727699 16.461792 -5.087629 1.645795 -2.124561 1.87651 -0.0 -1e-06 2e-06 -1.956652 -3.8637 13.927322 0.002511 -0.03437 1.854761 2.579579 -8.526796 -4.673449 -1.41346 0.875623 1.592982 0.0 0.0 -1e-06 
0.0 0.0 0.0 0.0 -0.0 0.0 -1.975308 99.649689 3.016296 -1.423265 -4.919688 -11.348264 -2.310783 0.042842 -1.183026 -1.208897 -2.341072 -5.575063 -0.322363 -4.686768 17.72855 5.916559 0.834021 9.648479 -0.632742 -0.113258 -3.96165 0.490991 -0.563676 -19.245888 7.7e-05 -2.2e-05 6e-06 0.012728 0.039035 0.097883 0.600447 -3.671343 -10.414023 -0.581693 3.759252 -10.401756 -2.197293 -11.139207 12.762646 -65.81076 -9.467706 31.758877 -0.46763 -35.868046 -0.137837 -9.253801 8.098269 7.411067 -5.882106 9.861283 0.702591 -10.93687 -0.360573 7.156204 -0.0 8.774821 -1e-06 -15.786506 18.052837 6.75337 -1.844032 2.498503 -2.507277 -10.163597 4.678944 4.621108 -20.976021 -1e-06 1e-06 -21.226282 2.451698 -3.594 0.0 -5e-06 0.0 -1.362682 2.240797 -0.746323 -21.334911 0.584912 3.008322 -13.821213 -1e-06 1e-06 -23.887165 -0.249078 -0.839484 -60.803658 2.386785 -0.291491 -0.294025 1.679687 0.833255 -14.218207 0.093216 1.300579 -34.212048 -0.28756 0.967167 -20.033211 0.964538 1.212842 -0.0 1e-06 -0.0 -3.440388 0.788234 0.501655 -15.928183 -3.167306 2.999707 -6.338826 -2e-06 1e-06 -18.123444 3.648183 -4.90567 -3e-06 1e-06 -1e-06 10.690899 7.147327 9.742264 56.304173 6.05544 -5.382376 178.764954 53.940903 179.820297 15.93525 -9.015426 -55.713158 2.24354 -5.255036 -3.180157 14.282885 -0.826592 6.952501 -2e-06 -12.6906 -1e-06 15.545468 -17.376053 2.893996 1.665664 -1.95592 -2.878299 4.727798 -4.170585 4.993922 11.020516 4e-06 -1e-06 12.109043 -3.735712 -2.866783 -1e-06 0.0 -0.0 1.291984 -1.928549 -1.498089 14.800123 0.567471 3.865607 14.242561 -1.341737 -6.660655 19.631956 0.143926 -0.648242 49.556973 -0.874575 -5.511941 0.353029 -1.51115 -0.03194 20.222784 3.684309 2.316631 18.78726 5e-06 1e-06 10.75162 -0.479869 1.397906 1e-06 -1e-06 -0.0 3.273805 0.305946 -0.580111 21.486807 11.830371 2.266136 8.162923 1e-06 -0.0 18.399069 -3.798982 -4.940571 3e-06 -1e-06 -1e-06 4.69495 3.611948 15.535419 0.022784 0.049863 1.748961 -3.640267 16.657076 -5.053551 1.645056 -2.137351 1.927305 0.0 -0.0 2e-06 -2.048981 -3.838028 13.800895 0.004001 -0.003976 1.78875 2.588276 -8.329344 -4.526598 -1.413277 0.870265 1.536579 0.0 0.0 -1e-06 
0.0 0.0 0.0 0.0 -0.0 0.0 -1.845559 99.661148 2.823004 -1.390006 -5.131961 -11.332296 -2.221781 0.012054 -1.210837 -1.1831 -2.365254 -5.583045 -0.217109 -4.683053 17.670094 5.576164 0.904316 9.509889 -0.603258 -0.265384 -3.955522 0.59397 -0.599009 -19.219305 7.7e-05 -2.3e-05 6e-06 0.006841 0.018779 0.091706 0.596537 -3.69283 -10.41735 -0.590208 3.739353 -10.399625 -2.088248 -11.004096 12.586202 -64.122566 -9.115137 33.13784 -0.430099 -42.409763 -0.105835 -10.185398 10.941669 9.215469 -5.882102 9.861277 0.70259 -10.936866 -0.360575 7.156203 1e-06 8.774819 -1e-06 -15.686175 18.07169 6.882108 -1.844032 2.498503 -2.507276 -10.163595 4.67894 4.621107 -20.976013 -4e-06 3e-06 -21.226273 2.451694 -3.593996 0.0 -6e-06 -1e-06 -1.36268 2.240796 -0.746323 -21.334904 0.584908 3.008323 -13.821208 -2e-06 3e-06 -23.887161 -0.249079 -0.839482 -60.825752 2.335086 -0.318893 -0.294025 1.679686 0.833256 -14.218203 0.093214 1.300581 -34.212036 -0.287564 0.967172 -20.033205 0.964536 1.212845 0.0 -0.0 -0.0 -3.440387 0.788233 0.501656 -15.928179 -3.167307 2.999707 -6.338823 -2e-06 1e-06 -18.12344 3.648179 -4.905666 -4e-06 0.0 -2e-06 10.594069 7.1599 9.860912 56.105003 5.556697 -4.928156 178.727432 54.278969 179.908981 14.914254 -9.120241 -55.567226 2.243538 -5.255034 -3.180157 14.282879 -0.826591 6.952497 -1e-06 -12.690597 -2e-06 15.491775 -17.34355 2.919146 1.665666 -1.955921 -2.878299 4.727794 -4.170584 4.993918 11.020517 3e-06 -2e-06 12.109043 -3.735712 -2.866784 -1e-06 -0.0 -0.0 1.291983 -1.928549 -1.498088 14.800118 0.56747 3.865606 14.242564 -1.341735 -6.660655 19.631954 0.143928 -0.648245 49.379639 -0.851356 -5.486357 0.353027 -1.511149 -0.03194 20.22278 3.684309 2.316629 18.787258 6e-06 -0.0 10.751618 -0.479867 1.397906 -1e-06 -1e-06 0.0 3.273805 0.305948 -0.58011 21.486799 11.830366 2.266132 8.162921 2e-06 -1e-06 18.399071 -3.798982 -4.940574 3e-06 -1e-06 -1e-06 4.59611 3.719142 15.413769 0.020717 0.058795 1.778959 -3.544034 16.873245 -5.047629 1.644772 -2.144879 2.001025 -0.0 0.0 2e-06 -2.136554 -3.809672 13.651557 0.002261 0.024056 1.72703 2.569807 -8.051997 -4.373955 -1.412278 0.863936 1.504922 -0.0 -0.0 -1e-06 
0.0 0.0 0.0 0.0 -0.0 0.0 -1.708075 99.66497 2.639113 -1.360686 -5.396301 -11.312831 -2.132038 -0.027634 -1.249665 -1.158173 -2.404593 -5.591409 -0.085903 -4.629606 17.596485 5.21898 0.969144 9.448428 -0.592705 -0.392598 -3.955427 0.757041 -0.617722 -19.181522 7.7e-05 -2.3e-05 6e-06 0.002425 0.005331 0.084572 0.593056 -3.708955 -10.425325 -0.596503 3.728133 -10.406071 -1.801791 -10.878242 12.305757 -62.072754 -8.753718 34.571671 -0.237764 -51.52034 -0.107578 -11.507304 14.871503 11.822333 -5.882106 9.861284 0.702591 -10.936873 -0.360576 7.156207 2e-06 8.774824 -0.0 -15.563473 18.052454 7.009797 -1.844033 2.498504 -2.507277 -10.163601 4.678942 4.621109 -20.976025 -5e-06 3e-06 -21.226288 2.451694 -3.593998 0.0 -6e-06 -0.0 -1.362682 2.240798 -0.746323 -21.334917 0.584909 3.008323 -13.821214 -3e-06 3e-06 -23.887171 -0.24908 -0.839481 -60.730492 2.31131 -0.419632 -0.294025 1.679686 0.833256 -14.218211 0.093215 1.300581 -34.212055 -0.287565 0.967172 -20.033211 0.964536 1.212845 -1e-06 0.0 -0.0 -3.440389 0.788232 0.501655 -15.928189 -3.167311 2.999707 -6.338827 -1e-06 1e-06 -18.123446 3.64818 -4.905669 -3e-06 0.0 -2e-06 10.46822 7.150822 9.977813 55.876598 5.21837 -4.594503 178.527084 54.802094 179.845474 13.751944 -9.327938 -55.438889 2.243537 -5.255031 -3.180155 14.282877 -0.826592 6.952493 -2e-06 -12.69059 -1e-06 15.374056 -17.260708 2.950518 1.665664 -1.95592 -2.878295 4.727795 -4.170582 4.993917 11.020513 3e-06 -2e-06 12.10904 -3.735711 -2.866781 -0.0 1e-06 -0.0 1.291986 -1.928547 -1.498087 14.800112 0.567469 3.865602 14.242557 -1.341736 -6.66065 19.631945 0.143926 -0.648244 49.149292 -0.818745 -5.469902 0.353029 -1.511149 -0.031942 20.222767 3.684305 2.316625 18.787254 5e-06 -1e-06 10.751616 -0.479867 1.397904 0.0 -0.0 0.0 3.273804 0.305946 -0.580111 21.48679 11.830362 2.26613 8.162918 2e-06 -0.0 18.399063 -3.798978 -4.94057 4e-06 -0.0 -1e-06 4.52113 3.890904 15.314133 0.013853 0.061746 1.795951 -3.484531 17.071747 -5.046577 1.645619 -2.153772 2.052207 -0.0 -0.0 2e-06 -2.2255 -3.759144 13.494771 -0.00013 0.043627 1.675248 2.534023 -7.720028 -4.229744 -1.412121 0.863011 1.498373 -0.0 -0.0 -1e-06 
0.0 0.0 0.0 0.0 -0.0 0.0 -1.571533 99.673515 2.477472 -1.328966 -5.692149 -11.325503 -2.062795 -0.090702 -1.294657 -1.14128 -2.479829 -5.597548 0.057627 -4.548394 17.518364 4.870466 1.000349 9.546103 -0.60878 -0.42703 -3.961057 0.978476 -0.626444 -19.137051 7.7e-05 -2.3e-05 6e-06 0.001476 0.002358 0.079089 0.591196 -3.713165 -10.423223 -0.597789 3.726094 -10.408699 -1.223493 -10.819396 11.914282 -60.028915 -8.734435 35.481091 -0.262063 -62.652313 0.109042 -13.266009 19.271431 14.130526 -5.882102 9.861276 0.702589 -10.936864 -0.360574 7.1562 -0.0 8.774817 -2e-06 -15.447324 18.048569 7.051703 -1.84403 2.498502 -2.507276 -10.163591 4.67894 4.621106 -20.976006 -1e-06 4e-06 -21.226269 2.451696 -3.593995 0.0 -6e-06 -1e-06 -1.36268 2.240796 -0.746323 -21.334898 0.584909 3.008324 -13.821203 -2e-06 3e-06 -23.887154 -0.249077 -0.83948 -60.450588 2.337949 -0.574574 -0.294025 1.679686 0.833255 -14.218197 0.093216 1.300581 -34.212017 -0.28756 0.967173 -20.033201 0.964538 1.212843 -1e-06 -0.0 -1e-06 -3.440386 0.788233 0.501656 -15.928172 -3.167304 2.999707 -6.33882 1e-06 2e-06 -18.12343 3.64818 -4.905664 -4e-06 1e-06 -2e-06 10.306248 7.151127 10.095176 55.612434 5.178699 -4.434192 178.156509 55.581047 179.606888 12.601174 -9.643991 -55.093708 2.243541 -5.255036 -3.180157 14.282892 -0.826595 6.952499 -2e-06 -12.6906 -1e-06 15.229471 -17.1555 2.985016 1.665666 -1.955922 -2.8783 4.727797 -4.170585 4.993922 11.020521 3e-06 -2e-06 12.10905 -3.735716 -2.866784 -1e-06 1e-06 -1e-06 1.291987 -1.928549 -1.498089 14.800123 0.567468 3.865606 14.242567 -1.341736 -6.660656 19.631962 0.143925 -0.648245 48.935272 -0.809519 -5.472918 0.353031 -1.51115 -0.03194 20.222786 3.684308 2.316631 18.78727 3e-06 -2e-06 10.751624 -0.479866 1.397906 1e-06 -1e-06 -0.0 3.273807 0.305947 -0.580111 21.486809 11.830369 2.266133 8.162927 2e-06 -1e-06 18.399076 -3.798987 -4.940577 3e-06 -0.0 -1e-06 4.459037 4.125036 15.265345 0.009858 0.060667 1.795431 -3.444848 17.233919 -5.015891 1.647975 -2.160916 2.055203 -0.0 -0.0 2e-06 -2.319401 -3.67334 13.375917 -0.007806 0.051156 1.617971 2.511532 -7.391201 -4.048606 -1.414168 0.872723 1.500225 -0.0 -0.0 -1e-06 
0.0 0.0 0.0 0.0 -0.0 0.0 -1.427644 99.684891 2.347786 -1.290013 -6.003357 -11.40358 -2.016837 -0.190619 -1.337068 -1.133899 -2.572559 -5.602509 0.208665 -4.480467 17.427441 4.495996 1.017256 9.88112 -0.632058 -0.35604 -3.970386 1.231291 -0.645495 -19.103424 7.7e-05 -2.3e-05 6e-06 0.00176 0.000287 0.078508 0.58796 -3.713783 -10.413925 -0.595327 3.722033 -10.407299 -0.252221 -10.914005 11.363613 -58.504097 -9.498685 35.670734 -1.188821 -74.700699 1.21406 -15.547568 23.069561 14.875539 -5.8821 9.861279 0.702589 -10.936863 -0.360575 7.156201 0.0 8.774821 -3e-06 -15.374886 18.12084 6.953546 -1.844031 2.498502 -2.507277 -10.163592 4.678942 4.621106 -20.976006 -3e-06 2e-06 -21.226269 2.451694 -3.593998 1e-06 -5e-06 1e-06 -1.362682 2.240798 -0.746323 -21.334898 0.584909 3.008321 -13.821205 -4e-06 1e-06 -23.887154 -0.249079 -0.839482 -60.13166 2.421528 -0.751139 -0.294024 1.679687 0.833255 -14.218199 0.093215 1.300579 -34.212025 -0.287567 0.967171 -20.033201 0.964535 1.212842 -1e-06 -0.0 -1e-06 -3.440385 0.788232 0.501655 -15.928176 -3.167308 2.999707 -6.338821 -0.0 2e-06 -18.123436 3.64818 -4.905667 -4e-06 1e-06 -1e-06 10.068858 7.188341 10.164723 55.280136 5.519928 -4.348608 177.775223 56.554874 179.326553 11.484913 -9.933434 -54.533905 2.24354 -5.255033 -3.180155 14.28288 -0.826595 6.952499 -2e-06 -12.690597 1e-06 15.113359 -17.049311 3.039628 1.665664 -1.955921 -2.878297 4.727795 -4.170586 4.993923 11.020516 3e-06 1e-06 12.109041 -3.735714 -2.866782 -0.0 -0.0 0.0 1.291985 -1.928549 -1.498089 14.800118 0.567468 3.865604 14.24256 -1.341735 -6.660652 19.631952 0.143926 -0.648244 48.808487 -0.834393 -5.497931 0.353028 -1.511149 -0.03194 20.222775 3.684306 2.31663 18.787256 4e-06 -0.0 10.75162 -0.47987 1.397906 0.0 -1e-06 0.0 3.273803 0.305947 -0.580109 21.486797 11.830364 2.266131 8.16292 0.0 0.0 18.399071 -3.798985 -4.940571 3e-06 -0.0 -1e-06 4.384024 4.383456 15.303781 0.010837 0.058041 1.771291 -3.391597 17.356403 -4.971097 1.650166 -2.166707 2.009367 0.0 -0.0 2e-06 -2.444365 -3.565033 13.335011 -0.020228 0.04416 1.567704 2.537283 -7.042833 -3.850302 -1.416054 0.887368 1.474273 0.0 0.0 -1e-06 
0.0 0.0 0.0 0.0 -0.0 0.0 -1.272947 99.674294 2.260587 -1.23628 -6.296813 -11.566403 -1.989805 -0.308301 -1.367961 -1.138846 -2.671567 -5.61787 0.347162 -4.467335 17.330009 4.098448 1.072569 10.432197 -0.645681 -0.265984 -3.983155 1.473373 -0.670276 -19.009903 7.7e-05 -2.3e-05 6e-06 -0.003296 -0.016666 0.085632 0.573266 -3.729276 -10.398417 -0.591974 3.702332 -10.403593 1.086109 -11.284626 10.623649 -57.937523 -11.293347 35.286514 -7.810449 -85.932732 7.984201 -18.03335 25.197388 13.822156 -5.882102 9.861282 0.70259 -10.936864 -0.360575 7.156199 1e-06 8.774821 -2e-06 -15.343195 18.255604 6.746566 -1.844031 2.498505 -2.507277 -10.163595 4.678944 4.621105 -20.976013 -3e-06 2e-06 -21.226274 2.451695 -3.593999 1e-06 -5e-06 -1e-06 -1.36268 2.240796 -0.746322 -21.3349 0.58491 3.00832 -13.821206 -3e-06 3e-06 -23.887156 -0.249081 -0.839483 -59.929508 2.531921 -0.918743 -0.294025 1.679686 0.833255 -14.218204 0.093214 1.300578 -34.212029 -0.287566 0.967171 -20.033205 0.964535 1.212842 1e-06 1e-06 1e-06 -3.440386 0.78823 0.501656 -15.928177 -3.167311 2.999706 -6.338824 -1e-06 2e-06 -18.123438 3.648184 -4.905666 -4e-06 1e-06 -2e-06 9.729225 7.263695 10.141945 54.847233 6.249719 -4.099061 177.73999 57.533478 179.329193 10.459729 -9.977744 -53.852516 2.243539 -5.255033 -3.180155 14.28288 -0.826595 6.952497 -1e-06 -12.690597 1e-06 15.064928 -16.987741 3.0956 1.665665 -1.95592 -2.878297 4.727797 -4.170585 4.993918 11.020517 3e-06 -1e-06 12.109039 -3.735713 -2.866781 -1e-06 0.0 0.0 1.291986 -1.928548 -1.498088 14.800115 0.567468 3.865604 14.242559 -1.341735 -6.660651 19.631948 0.143927 -0.648244 48.832596 -0.862597 -5.580153 0.353029 -1.511149 -0.031941 20.222778 3.684306 2.316628 18.787256 4e-06 -1e-06 10.751621 -0.479867 1.397904 -1e-06 0.0 0.0 3.273805 0.305947 -0.58011 21.486797 11.830368 2.26613 8.162921 2e-06 0.0 18.399065 -3.798983 -4.94057 4e-06 0.0 -1e-06 4.271163 4.592109 15.457976 0.005696 0.051035 1.715166 -3.300316 17.451677 -4.912334 1.650963 -2.157935 1.937586 -0.0 -0.0 2e-06 -2.606034 -3.440656 13.396492 -0.035659 0.025225 1.545794 2.633185 -6.712864 -3.698033 -1.417115 0.892052 1.429508 -0.0 -0.0 -1e-06 
0.0 0.0 0.0 0.0 -0.0 0.0 -1.096009 99.643387 2.223396 -1.173455 -6.593849 -11.80773 -1.97056 -0.407844 -1.399626 -1.148576 -2.788602 -5.648258 0.471656 -4.561326 17.243431 3.650995 1.184877 11.125675 -0.632081 -0.162028 -3.982846 1.680626 -0.666995 -18.810453 7.7e-05 -2.3e-05 6e-06 -0.011071 -0.03772 0.095085 0.556143 -3.750051 -10.381932 -0.591337 3.679356 -10.397784 2.656332 -11.980016 9.734489 -58.391361 -14.068412 34.303371 -171.96225 -84.581085 172.185532 -20.344675 25.284204 11.658594 -5.882104 9.861284 0.702592 -10.936866 -0.360573 7.156203 -1e-06 8.774822 1e-06 -15.410317 18.368839 6.472497 -1.844031 2.498505 -2.507274 -10.163595 4.678946 4.621107 -20.976009 0.0 -2e-06 -21.226274 2.451699 -3.594002 -1e-06 -7e-06 2e-06 -1.362681 2.240798 -0.746322 -21.3349 0.584911 3.008322 -13.821205 -2e-06 1e-06 -23.887154 -0.249077 -0.839483 -59.942738 2.651327 -1.109901 -0.294024 1.679686 0.833254 -14.218199 0.093215 1.300582 -34.212029 -0.287557 0.967168 -20.033203 0.964539 1.212842 2e-06 3e-06 1e-06 -3.440388 0.788235 0.501656 -15.928177 -3.167307 2.999706 -6.338823 3e-06 -2e-06 -18.123438 3.648184 -4.905669 -4e-06 -0.0 -2e-06 9.235728 7.388283 9.995675 54.245369 7.360146 -3.574342 178.13028 58.390251 179.671631 9.669864 -9.709109 -53.183743 2.243539 -5.255037 -3.180157 14.282885 -0.82659 6.952504 -3e-06 -12.690604 -1e-06 15.106879 -16.969589 3.127581 1.665666 -1.95592 -2.878299 4.727797 -4.170585 4.993923 11.02052 4e-06 0.0 12.109045 -3.735714 -2.866783 -3e-06 -0.0 0.0 1.291986 -1.928548 -1.498089 14.800123 0.567471 3.86561 14.242563 -1.341735 -6.660655 19.631958 0.143927 -0.64824 48.991886 -0.876787 -5.687511 0.35303 -1.511151 -0.031939 20.222784 3.684313 2.316634 18.787266 7e-06 4e-06 10.751623 -0.479869 1.397908 -1e-06 0.0 -0.0 3.273806 0.305947 -0.580108 21.486809 11.830379 2.266139 8.162925 2e-06 2e-06 18.399076 -3.798985 -4.940569 3e-06 -0.0 -1e-06 4.137987 4.777085 15.733337 -0.00765 0.041089 1.645241 -3.198267 17.517965 -4.887171 1.650417 -2.139459 1.881799 0.0 -0.0 2e-06 -2.797426 -3.291139 13.545825 -0.048021 0.006919 1.576103 2.827541 -6.422147 -3.619135 -1.419342 0.890467 1.371926 -0.0 -0.0 -1e-06 
0.0 0.0 0.0 0.0 -0.0 0.0 -0.896239 99.603386 2.243702 -1.090508 -6.868186 -12.119562 -1.958827 -0.47334 -1.454018 -1.155063 -2.927987 -5.695092 0.570903 -4.769908 17.182936 3.156242 1.35284 11.880527 -0.590538 -0.061442 -3.987856 1.775363 -0.650398 -18.490986 7.7e-05 -2.3e-05 6e-06 -0.014636 -0.043811 0.097403 0.550189 -3.758348 -10.382759 -0.593112 3.674386 -10.409102 4.182591 -12.919284 8.834311 -59.516109 -17.675871 32.881985 -176.045471 -77.773582 176.282028 -21.992561 23.312016 9.157657 -5.882103 9.861281 0.702589 -10.936868 -0.360575 7.156204 1e-06 8.774826 -2e-06 -15.605611 18.432323 6.169023 -1.844033 2.498504 -2.507281 -10.163595 4.678943 4.621108 -20.976017 -4e-06 -0.0 -21.22628 2.451695 -3.594002 0.0 -7e-06 -2e-06 -1.362681 2.240797 -0.746323 -21.334906 0.584908 3.008319 -13.821208 -3e-06 -0.0 -23.887165 -0.249085 -0.839485 -60.09758 2.750334 -1.335547 -0.294026 1.679686 0.833255 -14.218202 0.093216 1.300579 -34.212036 -0.287569 0.967167 -20.033205 0.964534 1.212842 1e-06 3e-06 0.0 -3.440387 0.788234 0.501655 -15.928179 -3.16731 2.999705 -6.338825 0.0 -0.0 -18.123444 3.648183 -4.905672 -4e-06 2e-06 -2e-06 8.585931 7.553741 9.737528 53.434513 8.793566 -2.798727 178.799652 59.077522 -179.809494 9.118363 -9.107575 -52.606155 2.243541 -5.255033 -3.180156 14.282879 -0.826595 6.952498 -4e-06 -12.690597 2e-06 15.234617 -16.945787 3.144389 1.665666 -1.95592 -2.878298 4.727795 -4.170585 4.993923 11.02052 3e-06 -1e-06 12.109043 -3.735713 -2.866783 -1e-06 1e-06 0.0 1.291985 -1.928548 -1.498087 14.800115 0.567467 3.865605 14.242562 -1.341735 -6.660655 19.631954 0.143927 -0.648245 49.23872 -0.892877 -5.74114 0.353031 -1.511149 -0.03194 20.222778 3.684305 2.316629 18.787264 4e-06 -0.0 10.751621 -0.479871 1.397904 0.0 -1e-06 0.0 3.273805 0.305947 -0.58011 21.486801 11.830367 2.26613 8.162922 -0.0 0.0 18.399071 -3.798985 -4.940573 3e-06 0.0 -0.0 3.987728 4.994999 16.109671 -0.023898 0.026346 1.577204 -3.078757 17.580038 -4.881302 1.647861 -2.108297 1.859106 0.0 -0.0 2e-06 -3.050463 -3.151483 13.774533 -0.047429 -0.003476 1.667409 3.119221 -6.157269 -3.628027 -1.423227 0.903303 1.274395 -0.0 -0.0 -1e-06 
0.0 0.0 0.0 0.0 -0.0 0.0 -0.691653 99.561958 2.299813 -0.985578 -7.122045 -12.488669 -1.942718 -0.496738 -1.525491 -1.152151 -3.086652 -5.760631 0.648837 -5.078115 17.1682 2.624133 1.558808 12.593831 -0.56009 0.074479 -4.007755 1.711523 -0.651793 -18.034748 7.7e-05 -2.3e-05 6e-06 -0.012522 -0.028504 0.091074 0.558924 -3.749297 -10.416084 -0.59786 3.695815 -10.453755 5.31768 -13.915163 8.084385 -60.756165 -21.791561 31.412567 -177.570892 -74.05265 177.93718 -22.430305 19.630817 6.711066 -5.882103 9.861281 0.702592 -10.936865 -0.360574 7.156201 0.0 8.774821 -2e-06 -15.822325 18.463808 5.931871 -1.84403 2.498502 -2.507275 -10.163595 4.678945 4.621108 -20.976015 -1e-06 3e-06 -21.226278 2.451696 -3.593997 1e-06 -4e-06 -2e-06 -1.36268 2.240796 -0.746323 -21.334904 0.584908 3.008323 -13.821207 -1e-06 2e-06 -23.887157 -0.249078 -0.83948 -60.27953 2.799744 -1.540992 -0.294025 1.679687 0.833256 -14.218204 0.093215 1.300583 -34.212036 -0.287563 0.96717 -20.033205 0.964538 1.212842 -1e-06 0.0 1e-06 -3.440387 0.788233 0.501656 -15.928179 -3.167308 2.999706 -6.338824 -0.0 -1e-06 -18.123438 3.648181 -4.905668 -6e-06 2e-06 -2e-06 7.882154 7.763601 9.448087 52.284763 10.493421 -1.768716 179.632919 59.62159 -179.229996 8.777984 -8.106018 -51.913361 2.243541 -5.255033 -3.180156 14.282882 -0.826595 6.952497 -4e-06 -12.690594 1e-06 15.415204 -16.95026 3.128057 1.665666 -1.95592 -2.878297 4.727795 -4.170585 4.993921 11.020519 3e-06 -2e-06 12.109044 -3.735713 -2.866781 0.0 0.0 1e-06 1.291985 -1.928548 -1.498087 14.800117 0.567467 3.865605 14.242563 -1.341736 -6.660654 19.631958 0.143925 -0.648246 49.536453 -0.87567 -5.758344 0.35303 -1.511149 -0.03194 20.22278 3.684307 2.316626 18.787262 5e-06 -1e-06 10.751622 -0.47987 1.397904 -1e-06 -1e-06 0.0 3.273806 0.305947 -0.58011 21.486801 11.830365 2.26613 8.162921 0.0 -1e-06 18.399073 -3.798981 -4.940574 2e-06 0.0 -1e-06 3.826015 5.287525 16.562618 -0.02887 0.003355 1.525717 -2.942412 17.639021 -4.8866 1.640365 -2.062683 1.889162 -0.0 0.0 2e-06 -3.363679 -3.040861 14.059799 -0.029238 0.001011 1.814729 3.438307 -5.936876 -3.676427 -1.427938 0.92815 1.145863 -0.0 -0.0 -1e-06 
0.0 0.0 0.0 0.0 -0.0 0.0 -0.505141 99.536194 2.36951 -0.857019 -7.353113 -12.887493 -1.912932 -0.483215 -1.600855 -1.148616 -3.260575 -5.837149 0.731807 -5.420807 17.161125 2.096882 1.809639 13.203111 -0.563565 0.182671 -4.023431 1.49455 -0.591227 -17.490841 7.7e-05 -2.2e-05 7e-06 -0.011171 -0.021136 0.088293 0.568116 -3.745212 -10.445498 -0.604292 3.706739 -10.492208 6.090576 -14.85376 7.498866 -61.572559 -25.652485 29.779503 -178.358932 -73.531364 178.928665 -21.546785 15.635751 4.468155 -5.882105 9.861286 0.70259 -10.936868 -0.360577 7.156204 0.0 8.774826 -2e-06 -15.859993 18.429922 5.891987 -1.844032 2.498504 -2.507277 -10.163599 4.678945 4.621107 -20.976023 -3e-06 1e-06 -21.226286 2.451697 -3.593999 -1e-06 -5e-06 2e-06 -1.362681 2.240798 -0.746321 -21.334913 0.584911 3.008324 -13.821215 -1e-06 4e-06 -23.887169 -0.249078 -0.839482 -60.352379 2.783796 -1.625239 -0.294025 1.679687 0.833255 -14.218209 0.093215 1.300581 -34.212051 -0.287563 0.967172 -20.033213 0.964538 1.212845 1e-06 -0.0 0.0 -3.440388 0.788232 0.501656 -15.928185 -3.16731 2.999706 -6.338829 -2e-06 1e-06 -18.123446 3.648183 -4.905672 -6e-06 0.0 0.0 7.211219 7.990077 9.179111 50.69239 12.329638 -0.753751 -179.810257 60.076248 -178.859665 8.577481 -6.591793 -50.723392 2.243542 -5.255035 -3.180157 14.282887 -0.826598 6.9525 -2e-06 -12.690601 4e-06 15.535523 -17.027929 3.082084 1.665667 -1.955922 -2.878298 4.727797 -4.170588 4.993925 11.020525 1e-06 -2e-06 12.10905 -3.735716 -2.866785 -1e-06 0.0 1e-06 1.291986 -1.928548 -1.49809 14.800125 0.567467 3.865605 14.242568 -1.341736 -6.660659 19.63196 0.143923 -0.648248 49.754585 -0.835452 -5.802934 0.35303 -1.511151 -0.03194 20.222786 3.684307 2.316628 18.787268 1e-06 -2e-06 10.751625 -0.479869 1.397905 -0.0 -1e-06 1e-06 3.273806 0.305947 -0.580111 21.486807 11.830372 2.266127 8.162927 1e-06 -2e-06 18.399082 -3.798986 -4.940578 3e-06 -1e-06 -1e-06 3.652233 5.58569 17.047066 -0.02506 -0.001117 1.506454 -2.838335 17.656168 -4.861111 1.629756 -2.014046 1.927858 0.0 -0.0 2e-06 -3.687537 -2.914517 14.378783 -0.006738 0.0161 1.992271 3.663911 -5.804026 -3.75163 -1.431407 0.930085 1.020969 -0.0 1e-06 -1e-06 
0.0 0.0 0.0 0.0 -0.0 0.0 -0.347338 99.51899 2.461243 -0.744335 -7.484782 -13.328287 -1.874239 -0.447599 -1.664128 -1.141097 -3.430364 -5.896288 0.857601 -5.762883 17.106354 1.622117 2.074765 13.793718 -0.602102 0.20232 -4.036458 1.141287 -0.525244 -16.904118 7.7e-05 -2.2e-05 6e-06 -0.00919 -0.015796 0.0965 0.572054 -3.73926 -10.450504 -0.603995 3.711743 -10.504354 6.627318 -15.757438 7.013274 -61.327927 -28.622839 27.894577 -178.777786 -75.56311 179.547409 -19.853628 12.427426 2.50962 -5.882101 9.86128 0.702588 -10.936865 -0.360575 7.1562 0.0 8.774821 -2e-06 -15.66549 18.383585 6.04518 -1.844032 2.498503 -2.507279 -10.163589 4.678942 4.621107 -20.976006 -6e-06 0.0 -21.226269 2.451692 -3.593995 -1e-06 -3e-06 1e-06 -1.36268 2.240797 -0.746325 -21.334896 0.584908 3.008322 -13.821205 -3e-06 1e-06 -23.88715 -0.249081 -0.839482 -60.183388 2.762264 -1.623676 -0.294025 1.679686 0.833257 -14.218198 0.093214 1.30058 -34.212025 -0.287569 0.967171 -20.033199 0.964535 1.212844 0.0 -0.0 0.0 -3.440387 0.788234 0.501654 -15.928176 -3.167309 2.999707 -6.338823 -2e-06 1e-06 -18.123436 3.64818 -4.905667 -5e-06 -1e-06 -2e-06 6.652515 8.156994 8.879891 48.628426 14.047925 0.134848 -179.653259 60.417953 -178.755325 8.426379 -4.709255 -49.16132 2.243538 -5.255033 -3.180156 14.28288 -0.826591 6.952498 -4e-06 -12.690593 -3e-06 15.607075 -17.081779 3.002994 1.665664 -1.955921 -2.878297 4.727794 -4.170582 4.993917 11.020515 4e-06 -1e-06 12.109043 -3.735711 -2.866782 -1e-06 0.0 0.0 1.291985 -1.928548 -1.498088 14.800118 0.567469 3.865604 14.242558 -1.341734 -6.660653 19.631952 0.143927 -0.648242 49.867191 -0.831845 -5.871982 0.353028 -1.511151 -0.03194 20.222775 3.684309 2.316629 18.787256 7e-06 -1e-06 10.75162 -0.479867 1.397907 1e-06 -0.0 1e-06 3.273803 0.305946 -0.58011 21.486795 11.830366 2.266133 8.162921 2e-06 -1e-06 18.399067 -3.798979 -4.94057 3e-06 -0.0 -3e-06 3.528214 5.860683 17.576818 -0.017169 0.001221 1.509655 -2.799644 17.580477 -4.865181 1.618937 -1.963658 1.929063 0.0 -0.0 2e-06 -3.947063 -2.761343 14.771253 0.002846 0.016655 2.177668 3.74076 -5.790287 -3.839223 -1.433349 0.915392 0.903565 -0.0 -0.0 -1e-06 
0.0 0.0 0.0 0.0 -0.0 0.0 -0.219627 99.489479 2.588006 -0.658422 -7.480479 -13.828241 -1.844311 -0.428945 -1.730945 -1.130024 -3.577608 -5.931809 1.047274 -6.09573 17.0263 1.183956 2.317464 14.426103 -0.63338 0.181111 -4.073271 0.655663 -0.420249 -16.282389 7.7e-05 -2.2e-05 6e-06 -0.009212 -0.012174 0.102514 0.57099 -3.735387 -10.451972 -0.602584 3.715042 -10.510813 7.027322 -16.711512 6.620055 -59.450581 -30.613895 25.938251 -178.887848 -79.233292 179.877899 -18.140739 9.884221 0.19819 -5.8821 9.861278 0.702591 -10.93686 -0.360576 7.1562 -0.0 8.774817 -3e-06 -15.503679 18.406757 6.202568 -1.84403 2.498503 -2.507276 -10.16359 4.67894 4.621103 -20.976006 -3e-06 0.0 -21.226269 2.451695 -3.593999 -1e-06 -4e-06 2e-06 -1.36268 2.240797 -0.746322 -21.334892 0.584908 3.00832 -13.821199 -2e-06 1e-06 -23.887152 -0.249076 -0.839483 -59.851658 2.736892 -1.61254 -0.294024 1.679686 0.833255 -14.218196 0.093214 1.300581 -34.212013 -0.287564 0.967169 -20.033194 0.964537 1.212843 0.0 0.0 -0.0 -3.440386 0.788234 0.501655 -15.92817 -3.167307 2.999704 -6.338819 -1e-06 1e-06 -18.123432 3.648181 -4.905668 -6e-06 -0.0 -1e-06 6.220238 8.273205 8.516002 45.95266 15.640575 1.021569 -179.588257 60.641045 -178.650452 8.24528 -2.505245 -47.14893 2.24354 -5.255034 -3.180155 14.282879 -0.826595 6.952495 1e-06 -12.690597 -0.0 15.653353 -17.127884 2.89137 1.665665 -1.95592 -2.878296 4.727796 -4.170586 4.993918 11.020517 2e-06 -2e-06 12.109046 -3.735715 -2.866784 -0.0 -0.0 1e-06 1.291986 -1.928548 -1.498088 14.800115 0.567466 3.865602 14.242561 -1.341737 -6.660654 19.63195 0.143925 -0.648247 49.872494 -0.860852 -5.971271 0.353028 -1.511151 -0.03194 20.222776 3.684304 2.316625 18.787264 4e-06 -6e-06 10.75162 -0.479869 1.397902 -0.0 -0.0 1e-06 3.273804 0.305947 -0.58011 21.486795 11.830364 2.266127 8.162921 -0.0 -1e-06 18.399071 -3.798984 -4.940577 3e-06 -0.0 -1e-06 3.466573 6.102242 18.170586 -0.001372 0.009356 1.517826 -2.795957 17.423292 -4.917663 1.611467 -1.922658 1.92805 -0.0 -1e-06 2e-06 -4.112023 -2.529197 15.2412 0.000491 -0.014418 2.41549 3.69532 -5.947735 -3.997093 -1.438997 0.898978 0.80064 0.0 0.0 -1e-06 
0.0 0.0 0.0 0.0 -0.0 0.0 -0.129574 99.432045 2.747835 -0.593752 -7.303651 -14.376042 -1.828043 -0.435594 -1.80052 -1.130299 -3.716707 -5.942397 1.260449 -6.395244 16.945656 0.837192 2.475704 15.054306 -0.647483 0.209669 -4.114258 0.116649 -0.22607 -15.663154 7.7e-05 -2.3e-05 6e-06 -0.012129 -0.011208 0.098619 0.565735 -3.740322 -10.474042 -0.602625 3.721801 -10.533813 7.13774 -17.637945 6.400796 -55.729534 -31.514893 24.656809 179.702667 -83.107018 -178.67691 -18.176361 7.973648 -2.633096 -5.882108 9.861285 0.702589 -10.936873 -0.360574 7.156202 1e-06 8.774823 -2e-06 -15.661602 18.470093 6.210668 -1.844032 2.498504 -2.507277 -10.163601 4.678944 4.621107 -20.976028 -2e-06 0.0 -21.226292 2.451699 -3.594001 0.0 -4e-06 0.0 -1.362682 2.240799 -0.746322 -21.334917 0.584913 3.008324 -13.821219 -1e-06 2e-06 -23.887175 -0.24908 -0.839485 -59.814079 2.651281 -1.57835 -0.294025 1.679687 0.833256 -14.218212 0.093215 1.30058 -34.212059 -0.287561 0.967171 -20.033222 0.964538 1.212842 0.0 1e-06 0.0 -3.440388 0.788234 0.501654 -15.928187 -3.167308 2.999707 -6.338827 -2e-06 -2e-06 -18.123453 3.64818 -4.905673 -5e-06 1e-06 -2e-06 5.856629 8.406092 8.1577 42.964096 16.965202 1.826336 -179.366089 60.602745 -178.368164 8.118258 -0.476464 -45.476273 2.243538 -5.255032 -3.180154 14.282872 -0.826593 6.952497 -4e-06 -12.690597 1e-06 15.680248 -17.169685 2.768763 1.665664 -1.95592 -2.878297 4.727793 -4.170584 4.993921 11.020514 5e-06 -0.0 12.109038 -3.735713 -2.866782 -0.0 0.0 -0.0 1.291984 -1.928548 -1.498088 14.800114 0.567469 3.865605 14.242558 -1.341735 -6.660652 19.631945 0.143928 -0.648242 49.712425 -0.900612 -6.067636 0.353028 -1.511149 -0.03194 20.222769 3.684307 2.31663 18.787254 4e-06 1e-06 10.751619 -0.479868 1.397907 0.0 -0.0 1e-06 3.273804 0.305947 -0.58011 21.486797 11.830368 2.266132 8.16292 2e-06 -1e-06 18.399067 -3.798982 -4.940569 3e-06 0.0 -2e-06 3.441686 6.251818 18.799625 0.019904 0.023963 1.538081 -2.807869 17.20512 -5.046933 1.607393 -1.912228 1.938378 -0.0 -2e-06 2e-06 -4.195125 -2.262979 15.775825 -0.000265 -0.065905 2.748649 3.625904 -6.328021 -4.304857 -1.448136 0.888917 0.757846 -0.0 -0.0 -1e-06 
0.0 0.0 0.0 0.0 -0.0 0.0 -0.075689 99.360489 2.933232 -0.549993 -6.944658 -14.996698 -1.820089 -0.460377 -1.86717 -1.143835 -3.863019 -5.934778 1.461449 -6.669202 16.892973 0.560224 2.556812 15.6769 -0.622808 0.31587 -4.134141 -0.479394 0.009966 -14.924966 7.7e-05 -2.2e-05 6e-06 -0.015634 -0.012693 0.090924 0.561728 -3.75261 -10.513693 -0.605 3.730821 -10.574006 6.621402 -18.417704 6.561467 -50.146351 -31.638594 24.457645 173.476364 -86.286217 -172.705811 -21.358244 6.343483 -5.933271 -5.882106 9.861283 0.702589 -10.936868 -0.360576 7.156204 1e-06 8.774822 1e-06 -16.072929 18.481459 6.036411 -1.844033 2.498504 -2.507279 -10.163597 4.678944 4.621107 -20.976019 -5e-06 1e-06 -21.22628 2.451694 -3.594001 0.0 -5e-06 0.0 -1.362681 2.240798 -0.746323 -21.334909 0.58491 3.008322 -13.821213 1e-06 1e-06 -23.887165 -0.249081 -0.839483 -60.247166 2.485329 -1.492473 -0.294025 1.679687 0.833257 -14.218205 0.093215 1.300578 -34.212036 -0.287567 0.96717 -20.033207 0.964535 1.212842 0.0 -0.0 0.0 -3.440387 0.788233 0.501655 -15.928183 -3.167309 2.999709 -6.338824 -2e-06 -1e-06 -18.123444 3.648181 -4.905669 -4e-06 3e-06 -1e-06 5.525888 8.573714 7.782711 39.840614 18.005505 2.552651 -178.847107 60.312279 -177.918259 8.189348 1.023423 -44.630013 2.243541 -5.255035 -3.180158 14.282881 -0.826593 6.952498 -0.0 -12.690598 -3e-06 15.741051 -17.177517 2.632068 1.665665 -1.955922 -2.878297 4.727797 -4.170586 4.99392 11.020522 4e-06 -2e-06 12.109051 -3.735715 -2.866786 -1e-06 -0.0 0.0 1.291986 -1.928549 -1.49809 14.800123 0.567468 3.865604 14.242568 -1.341737 -6.66066 19.631962 0.143926 -0.648246 49.364368 -0.907184 -6.123286 0.353029 -1.51115 -0.03194 20.222784 3.684307 2.316629 18.78727 4e-06 -4e-06 10.751624 -0.479868 1.397905 0.0 0.0 0.0 3.273803 0.305946 -0.580111 21.486801 11.830367 2.266131 8.162923 1e-06 -3e-06 18.399076 -3.79898 -4.940579 3e-06 1e-06 0.0 3.426015 6.244297 19.492247 0.047382 0.052523 1.569061 -2.834798 16.961187 -5.240138 1.60658 -1.947773 1.947571 -0.0 -1e-06 2e-06 -4.215443 -1.978553 16.448122 0.011745 -0.111742 3.09849 3.598334 -6.954977 -4.734389 -1.455544 0.874412 0.826562 -0.0 -0.0 -1e-06 
0.0 0.0 0.0 0.0 -0.0 0.0 -0.066328 99.305199 3.120486 -0.504858 -6.359001 -15.69419 -1.821402 -0.494916 -1.907901 -1.184209 -4.003394 -5.924272 1.598504 -6.884167 16.939486 0.381568 2.607985 16.254431 -0.540036 0.381101 -4.146466 -1.099691 0.197498 -14.096185 7.7e-05 -2.3e-05 7e-06 -0.020104 -0.019327 0.100823 0.559868 -3.768436 -10.540835 -0.611623 3.733671 -10.604699 5.29284 -19.020769 7.165403 -43.112988 -31.779543 25.162315 153.494003 -88.55883 -153.216187 -29.58353 4.782676 -9.448171 -5.8821 9.861276 0.702592 -10.936857 -0.360575 7.156199 0.0 8.774817 -2e-06 -16.401434 18.423689 5.86753 -1.844031 2.498503 -2.507277 -10.163589 4.67894 4.621105 -20.975998 1e-06 4e-06 -21.226259 2.451698 -3.593997 0.0 -5e-06 -1e-06 -1.362679 2.240796 -0.746323 -21.334888 0.584911 3.008327 -13.821197 -1e-06 5e-06 -23.887142 -0.249071 -0.839481 -60.870396 2.312995 -1.453238 -0.294024 1.679685 0.833256 -14.218195 0.093216 1.300581 -34.212009 -0.287556 0.967173 -20.033194 0.96454 1.212842 0.0 -0.0 1e-06 -3.440384 0.788233 0.501656 -15.928172 -3.167304 2.999708 -6.338822 2e-06 2e-06 -18.123426 3.648183 -4.905661 -3e-06 -0.0 -2e-06 5.244415 8.691662 7.345829 36.795856 18.644896 3.128794 -178.196075 59.881634 -177.437286 8.73667 1.600224 -44.461376 2.243537 -5.25503 -3.180153 14.282871 -0.826593 6.952494 -2e-06 -12.690588 1e-06 15.81174 -17.088137 2.420359 1.665663 -1.955919 -2.878296 4.727792 -4.17058 4.993919 11.020511 4e-06 -1e-06 12.109035 -3.735709 -2.866778 0.0 0.0 -1e-06 1.291982 -1.928547 -1.498089 14.800108 0.56747 3.865604 14.242555 -1.341732 -6.660648 19.631941 0.143928 -0.648242 48.991894 -0.909672 -6.18029 0.353027 -1.511149 -0.031939 20.222765 3.684307 2.316628 18.787249 5e-06 2e-06 10.751615 -0.479868 1.397907 -0.0 0.0 -1e-06 3.273798 0.305947 -0.58011 21.486786 11.830362 2.266132 8.162915 2e-06 -2e-06 18.399059 -3.79898 -4.940567 3e-06 0.0 0.0 3.397236 6.029603 20.270754 0.063621 0.070686 1.563846 -2.906095 16.740993 -5.489625 1.609286 -1.998897 1.929213 -0.0 -1e-06 2e-06 -4.299123 -1.935567 17.337473 0.034435 -0.145246 3.244784 3.580581 -7.545189 -5.127283 -1.455549 0.878919 1.034761 0.0 0.0 -1e-06 
0.0 0.0 0.0 0.0 -0.0 0.0 -0.087332 99.255302 3.277891 -0.445491 -5.551928 -16.298504 -1.83766 -0.510742 -1.973128 -1.257448 -4.174217 -5.912502 1.673561 -6.973876 17.100048 0.345099 2.548619 16.56847 -0.492002 0.467004 -4.116088 -1.590963 0.243539 -13.441504 7.7e-05 -2.2e-05 7e-06 -0.019326 -0.00726 0.110578 0.563323 -3.761417 -10.556746 -0.613296 3.751283 -10.61875 3.846309 -19.208851 7.973175 -37.115231 -32.288002 26.512453 71.870583 -89.09864 -71.964424 -39.645916 3.357544 -10.785292 -5.882101 9.861275 0.702589 -10.936859 -0.360574 7.156195 -0.0 8.774815 -1e-06 -16.600309 18.53475 5.793932 -1.844031 2.4985 -2.507272 -10.163589 4.678941 4.621102 -20.976004 -3e-06 1e-06 -21.226267 2.451695 -3.593997 0.0 -7e-06 1e-06 -1.36268 2.240797 -0.746322 -21.334888 0.584907 3.00832 -13.821197 -2e-06 2e-06 -23.887142 -0.249078 -0.839481 -61.144024 2.248032 -1.461557 -0.294023 1.679684 0.833254 -14.218195 0.093216 1.300579 -34.212013 -0.287563 0.967167 -20.033194 0.964536 1.212841 0.0 1e-06 0.0 -3.440387 0.788233 0.501657 -15.928168 -3.167306 2.999705 -6.33882 1e-06 3e-06 -18.123428 3.648179 -4.905666 -3e-06 1e-06 -3e-06 4.929908 8.689114 6.926885 34.432926 18.821825 3.335427 -177.92984 59.530148 -177.374161 9.323286 1.580036 -45.038864 2.243537 -5.255031 -3.180153 14.282871 -0.826592 6.952494 -3e-06 -12.690592 -0.0 15.908455 -17.000731 2.233912 1.665663 -1.95592 -2.878296 4.727796 -4.170582 4.993918 11.020512 5e-06 -2e-06 12.109037 -3.73571 -2.86678 -1e-06 -0.0 -1e-06 1.291984 -1.928547 -1.498088 14.800112 0.56747 3.865604 14.242554 -1.341734 -6.660649 19.631943 0.143927 -0.648243 48.770832 -0.904664 -6.222666 0.353028 -1.511149 -0.031941 20.222765 3.684307 2.316628 18.787251 6e-06 -1e-06 10.751616 -0.479867 1.397907 0.0 -0.0 0.0 3.273802 0.305947 -0.58011 21.486788 11.830361 2.266128 8.162917 3e-06 0.0 18.399059 -3.798981 -4.940567 3e-06 -0.0 -0.0 3.334066 5.732815 20.929886 0.058913 0.056229 1.523485 -2.875734 16.412247 -5.621469 1.617965 -2.042011 1.859499 -0.0 -1e-06 2e-06 -4.48153 -2.134699 18.198755 0.04671 -0.152683 3.276419 3.593562 -7.99739 -5.417978 -1.450303 0.900268 1.206798 0.0 0.0 -1e-06 
0.0 0.0 0.0 0.0 -0.0 0.0 -0.118671 99.212135 3.37121 -0.383868 -4.651037 -16.693102 -1.866229 -0.51789 -2.054337 -1.314212 -4.299015 -5.892126 1.676354 -6.953975 17.237211 0.353658 2.442966 16.657837 -0.447794 0.463029 -4.088653 -1.918881 0.236332 -13.093296 7.7e-05 -2.2e-05 6e-06 -0.012769 0.020774 0.107542 0.569977 -3.730648 -10.554614 -0.606372 3.776278 -10.615734 3.140817 -19.206598 8.37279 -33.999077 -32.88578 27.486555 31.792898 -88.511017 -31.883463 -44.931026 2.594733 -9.927723 -5.882101 9.861279 0.702589 -10.936863 -0.360578 7.1562 1e-06 8.774821 -2e-06 -16.481747 18.547651 5.797948 -1.844031 2.498503 -2.507276 -10.163594 4.67894 4.621105 -20.976013 -6e-06 2e-06 -21.226273 2.451692 -3.593999 1e-06 -6e-06 -1e-06 -1.362681 2.240796 -0.746324 -21.334904 0.584905 3.008318 -13.821208 -4e-06 3e-06 -23.887161 -0.249082 -0.83948 -60.748619 2.279681 -1.466332 -0.294024 1.679686 0.833256 -14.2182 0.093213 1.300579 -34.212032 -0.287568 0.967172 -20.033197 0.964533 1.212846 -1e-06 1e-06 0.0 -3.440386 0.788232 0.501658 -15.928179 -3.16731 2.999707 -6.33882 -1e-06 2e-06 -18.12344 3.648176 -4.905668 -4e-06 0.0 0.0 4.664507 8.669271 6.665358 32.92609 18.598913 3.028953 -178.214691 59.296848 -177.705963 9.769507 1.651386 -45.885441 2.24354 -5.255034 -3.180157 14.282876 -0.826592 6.952499 -2e-06 -12.690597 0.0 15.99906 -17.041164 2.186564 1.665666 -1.95592 -2.878298 4.727794 -4.170584 4.993921 11.020515 5e-06 -2e-06 12.10904 -3.735713 -2.866783 0.0 -0.0 -1e-06 1.291986 -1.928548 -1.498089 14.800117 0.567468 3.865606 14.242558 -1.341736 -6.660653 19.631952 0.143926 -0.648245 48.734123 -0.881431 -6.243819 0.353029 -1.511147 -0.031941 20.222776 3.684308 2.316631 18.787262 6e-06 2e-06 10.75162 -0.479868 1.397907 0.0 -0.0 1e-06 3.273802 0.305947 -0.58011 21.486799 11.83037 2.266135 8.162921 2e-06 -2e-06 18.399067 -3.798982 -4.940571 3e-06 -0.0 -1e-06 3.239099 5.436855 21.293964 0.057327 0.020803 1.489015 -2.774693 15.993327 -5.538697 1.629738 -2.054468 1.82193 0.0 -0.0 2e-06 -4.670976 -2.412954 18.798384 0.052765 -0.136299 3.331732 3.633558 -8.45024 -5.582314 -1.445761 0.936432 1.318409 -0.0 1e-06 -1e-06 
0.0 0.0 0.0 0.0 -0.0 0.0 -0.155292 99.202934 3.394328 -0.317141 -3.666504 -16.893579 -1.920591 -0.503192 -2.094181 -1.337519 -4.318752 -5.869298 1.606204 -6.88147 17.285416 0.398408 2.368195 16.615257 -0.411934 0.310342 -4.094478 -2.113888 0.209789 -12.866624 7.7e-05 -2.2e-05 6e-06 -0.005122 0.05241 0.102064 0.577539 -3.694614 -10.556781 -0.598277 3.802299 -10.613782 2.879816 -19.170042 8.408834 -32.781712 -33.683765 27.404158 21.140026 -88.134178 -21.091883 -46.282928 2.22044 -8.689085 -5.882101 9.861278 0.702591 -10.936865 -0.360575 7.1562 1e-06 8.774819 -1e-06 -16.324594 18.538448 5.875305 -1.84403 2.498502 -2.507278 -10.163595 4.67894 4.621108 -20.976013 -3e-06 5e-06 -21.226273 2.451695 -3.593995 0.0 -6e-06 -2e-06 -1.36268 2.240797 -0.746322 -21.334904 0.584909 3.008326 -13.821206 -2e-06 5e-06 -23.887159 -0.249078 -0.839479 -60.568138 2.363883 -1.507431 -0.294024 1.679686 0.833257 -14.218201 0.093214 1.300582 -34.212032 -0.287564 0.967173 -20.033205 0.964537 1.212844 -0.0 1e-06 1e-06 -3.440389 0.788233 0.501657 -15.928176 -3.167307 2.999708 -6.338823 -1e-06 4e-06 -18.12344 3.648181 -4.905664 -3e-06 1e-06 -0.0 4.524738 8.641475 6.548406 32.129704 18.120819 2.553486 -178.490295 59.039276 -177.984985 10.121108 1.897371 -46.4175 2.24354 -5.255032 -3.180155 14.282881 -0.826595 6.952497 -1e-06 -12.690593 1e-06 16.025934 -17.083796 2.248428 1.665665 -1.955919 -2.878296 4.727799 -4.170583 4.993921 11.02052 3e-06 -1e-06 12.109044 -3.735713 -2.86678 -2e-06 -0.0 -1e-06 1.291985 -1.928549 -1.498087 14.800118 0.567467 3.865604 14.24256 -1.341735 -6.660654 19.631952 0.143926 -0.648245 48.847691 -0.894586 -6.209576 0.353026 -1.511149 -0.031941 20.222776 3.684305 2.316628 18.787262 4e-06 -1e-06 10.751621 -0.479868 1.397906 0.0 -0.0 0.0 3.273804 0.305947 -0.580111 21.486799 11.830365 2.266129 8.162922 1e-06 -2e-06 18.399071 -3.798983 -4.940572 3e-06 -0.0 -2e-06 3.12786 5.140924 21.379326 0.050105 -0.030431 1.4668 -2.73685 15.453773 -5.345603 1.636099 -2.04113 1.779391 -0.0 -2e-06 2e-06 -4.918887 -2.916964 19.18576 0.047715 -0.110514 3.328 3.658899 -8.794106 -5.589216 -1.443972 0.976431 1.427953 0.0 0.0 -1e-06 
0.0 0.0 0.0 0.0 -0.0 0.0 -0.188531 99.225273 3.34859 -0.241136 -2.549235 -16.917505 -2.001217 -0.474318 -2.056597 -1.340837 -4.260286 -5.831797 1.492577 -6.769246 17.209597 0.445928 2.326792 16.363321 -0.418065 0.08286 -4.121192 -2.208524 0.1646 -12.687545 7.7e-05 -2.2e-05 6e-06 0.001488 0.079408 0.098883 0.583786 -3.660394 -10.55691 -0.59118 3.820757 -10.605718 2.869382 -19.119364 8.21432 -32.692078 -34.702335 26.346375 24.086143 -88.242081 -23.846914 -45.018021 1.855358 -7.460843 -5.882101 9.861276 0.702591 -10.936859 -0.360576 7.156199 -0.0 8.774817 -2e-06 -16.219128 18.531834 5.969262 -1.844029 2.498501 -2.507276 -10.16359 4.67894 4.621107 -20.976004 -3e-06 2e-06 -21.226269 2.451694 -3.593998 1e-06 -5e-06 -1e-06 -1.36268 2.240797 -0.746324 -21.334892 0.584906 3.008321 -13.8212 -4e-06 2e-06 -23.887146 -0.24908 -0.839481 -60.63887 2.481613 -1.580902 -0.294025 1.679686 0.833256 -14.218195 0.093215 1.300579 -34.212013 -0.287563 0.967171 -20.033192 0.964539 1.212844 1e-06 1e-06 0.0 -3.440386 0.788232 0.501656 -15.92817 -3.167306 2.999705 -6.33882 -2e-06 1e-06 -18.12343 3.64818 -4.905665 -4e-06 1e-06 -2e-06 4.480683 8.604176 6.503948 31.871387 17.533461 1.905026 -178.536819 58.683804 -178.080536 10.295609 2.453092 -46.446209 2.243542 -5.255036 -3.180156 14.282885 -0.826592 6.952501 -1e-06 -12.6906 1e-06 15.994202 -17.077293 2.330112 1.665665 -1.955921 -2.878299 4.727797 -4.170584 4.993922 11.020522 3e-06 -2e-06 12.109047 -3.735715 -2.866784 0.0 -0.0 0.0 1.291986 -1.928549 -1.498088 14.800122 0.567467 3.865607 14.242564 -1.341736 -6.660656 19.631956 0.143926 -0.648245 49.010845 -0.913168 -6.167346 0.353027 -1.51115 -0.03194 20.222784 3.684309 2.31663 18.787266 4e-06 -0.0 10.751623 -0.479869 1.397908 -0.0 0.0 1e-06 3.273808 0.305948 -0.580112 21.486807 11.830369 2.266133 8.162924 1e-06 -1e-06 18.399075 -3.798984 -4.940571 3e-06 -0.0 -1e-06 2.998722 4.824038 21.214674 0.037217 -0.077748 1.461908 -2.742692 14.739019 -5.105569 1.635636 -2.003391 1.726963 0.0 -0.0 2e-06 -5.222272 -3.632616 19.413645 0.030413 -0.077926 3.248321 3.657495 -9.05963 -5.473981 -1.445954 1.01004 1.503037 -0.0 -0.0 -1e-06 
0.0 0.0 0.0 0.0 -0.0 0.0 -0.211882 99.264923 3.249515 -0.126175 -1.381333 -16.820549 -2.101855 -0.444451 -1.940733 -1.322536 -4.135969 -5.772356 1.333762 -6.62703 17.03425 0.410872 2.339413 15.897296 -0.448637 -0.112537 -4.164532 -2.252704 0.167248 -12.545252 7.7e-05 -2.3e-05 6e-06 0.004105 0.087193 0.093684 0.583075 -3.642493 -10.543637 -0.585178 3.817365 -10.582151 3.013103 -19.030558 7.90345 -33.25959 -35.696285 24.436581 47.46693 -88.915375 -46.995262 -41.039646 1.096869 -6.265449 -5.882102 9.861282 0.702591 -10.936868 -0.360576 7.156201 2e-06 8.774824 -1e-06 -16.142633 18.492018 6.016924 -1.844031 2.498505 -2.507278 -10.163594 4.678942 4.621105 -20.976021 -8e-06 1e-06 -21.22628 2.451691 -3.593999 -1e-06 -5e-06 1e-06 -1.362681 2.240797 -0.746323 -21.334906 0.584907 3.008323 -13.821209 -4e-06 1e-06 -23.887159 -0.249081 -0.839482 -60.668201 2.603106 -1.646332 -0.294024 1.679687 0.833256 -14.218205 0.093213 1.300577 -34.212036 -0.287569 0.967169 -20.033207 0.964535 1.212843 0.0 2e-06 0.0 -3.440387 0.788234 0.501655 -15.928179 -3.167311 2.999705 -6.338825 -2e-06 0.0 -18.123442 3.64818 -4.905667 -4e-06 1e-06 -3e-06 4.456007 8.634572 6.459773 31.973928 16.979912 0.917213 -178.424576 58.183029 -178.078766 10.141143 3.437291 -46.02903 2.243539 -5.255037 -3.180158 14.282884 -0.826594 6.952502 -1e-06 -12.690603 -3e-06 15.967404 -17.087103 2.382127 1.665666 -1.955921 -2.878302 4.727797 -4.170585 4.993925 11.020523 5e-06 -2e-06 12.109052 -3.735713 -2.866786 0.0 0.0 0.0 1.291987 -1.92855 -1.498089 14.800123 0.567469 3.865607 14.242568 -1.341735 -6.660658 19.631962 0.143927 -0.648246 49.145969 -0.902351 -6.144756 0.353031 -1.511151 -0.031941 20.222786 3.684309 2.316631 18.78727 6e-06 -1e-06 10.751625 -0.479868 1.397906 0.0 -0.0 -1e-06 3.273807 0.305947 -0.580112 21.486809 11.830374 2.266134 8.162924 2e-06 -1e-06 18.399076 -3.798984 -4.940572 3e-06 0.0 -1e-06 2.799635 4.451187 20.891846 0.030643 -0.102598 1.449558 -2.782442 13.984069 -4.864501 1.62957 -1.968104 1.658637 -0.0 0.0 2e-06 -5.560477 -4.395806 19.531229 0.008659 -0.060488 3.127587 3.619837 -9.341488 -5.350517 -1.450626 1.026409 1.556362 0.0 0.0 -1e-06 
0.0 0.0 0.0 0.0 -0.0 0.0 -0.231844 99.297928 3.117507 0.018151 -0.232607 -16.669838 -2.179732 -0.418169 -1.783283 -1.288512 -3.970015 -5.686534 1.144275 -6.4542 16.827223 0.238859 2.453171 15.245562 -0.49462 -0.2305 -4.200988 -2.324894 0.2317 -12.430174 7.7e-05 -2.3e-05 6e-06 0.002275 0.073864 0.084523 0.575661 -3.647724 -10.527864 -0.581411 3.795995 -10.554899 3.140481 -18.915298 7.590832 -33.944668 -36.476425 21.849272 136.802521 -88.80909 -136.116028 -34.443352 -0.40715 -4.844398 -5.882102 9.861277 0.702588 -10.936862 -0.360575 7.156201 0.0 8.774818 -2e-06 -16.157076 18.428082 5.934926 -1.844032 2.498503 -2.507277 -10.163593 4.678941 4.621106 -20.976006 -6e-06 0.0 -21.226269 2.451693 -3.593997 0.0 -6e-06 -1e-06 -1.362682 2.240798 -0.746324 -21.3349 0.584909 3.00832 -13.821203 -4e-06 0.0 -23.887152 -0.249083 -0.83948 -60.397091 2.700063 -1.65882 -0.294024 1.679686 0.833256 -14.218195 0.093214 1.30058 -34.212013 -0.287565 0.967171 -20.033195 0.964534 1.212843 -0.0 1e-06 -0.0 -3.440386 0.788233 0.501654 -15.928174 -3.167309 2.999704 -6.338821 0.0 0.0 -18.12343 3.648178 -4.905665 -4e-06 -0.0 -3e-06 4.342197 8.783499 6.359146 32.214958 16.609238 -0.560439 -178.383194 57.570328 -178.158997 9.395391 4.830108 -45.288727 2.243538 -5.255033 -3.180155 14.28288 -0.826592 6.952501 -3e-06 -12.690592 -1e-06 15.993118 -17.145836 2.42652 1.665667 -1.95592 -2.878297 4.727797 -4.170582 4.993919 11.020516 3e-06 -1e-06 12.109041 -3.735713 -2.866781 1e-06 -0.0 1e-06 1.291985 -1.928548 -1.498088 14.800117 0.567469 3.865607 14.242559 -1.341735 -6.660653 19.631952 0.143926 -0.648242 49.23925 -0.842143 -6.138286 0.353029 -1.511149 -0.031941 20.222771 3.684308 2.316633 18.787256 6e-06 2e-06 10.75162 -0.479868 1.397908 -0.0 0.0 1e-06 3.273802 0.305946 -0.580111 21.486799 11.830364 2.266134 8.162921 2e-06 2e-06 18.399067 -3.798979 -4.94057 3e-06 0.0 -2e-06 2.541268 4.029817 20.514265 0.032043 -0.095114 1.415764 -2.807924 13.29293 -4.608065 1.622683 -1.939713 1.613224 0.0 -0.0 2e-06 -5.891357 -5.069802 19.58839 -0.007625 -0.05409 2.999452 3.558193 -9.71661 -5.283831 -1.453921 1.026845 1.564056 0.0 0.0 -1e-06 
0.0 0.0 0.0 0.0 -0.0 0.0 -0.253177 99.323738 2.964381 0.155129 0.821362 -16.536196 -2.224079 -0.386219 -1.592264 -1.246889 -3.786399 -5.590495 0.97258 -6.257003 16.657694 -0.082622 2.656328 14.494356 -0.54473 -0.233807 -4.203823 -2.466208 0.303681 -12.305873 7.7e-05 -2.3e-05 6e-06 -0.002968 0.046455 0.078043 0.567303 -3.670458 -10.513308 -0.583438 3.765097 -10.530047 3.151084 -18.825239 7.407979 -34.208744 -37.160397 18.908091 163.282074 -87.122063 -162.333633 -27.295931 -2.586828 -3.055768 -5.882107 9.861283 0.702591 -10.936868 -0.360573 7.156201 -2e-06 8.774823 -0.0 -16.429218 18.478582 5.69793 -1.844032 2.498505 -2.507277 -10.163601 4.678946 4.621109 -20.976021 -1e-06 2e-06 -21.226286 2.451698 -3.594 1e-06 -5e-06 -1e-06 -1.362681 2.240796 -0.746324 -21.334913 0.584914 3.008321 -13.821215 -0.0 2e-06 -23.887167 -0.249076 -0.839485 -60.078117 2.749373 -1.703845 -0.294024 1.679686 0.833256 -14.218208 0.093217 1.30058 -34.212048 -0.28756 0.967169 -20.033211 0.964539 1.21284 0.0 -0.0 0.0 -3.440388 0.788235 0.501655 -15.928185 -3.167307 2.999707 -6.338829 1e-06 3e-06 -18.123444 3.648184 -4.90567 -3e-06 -0.0 -3e-06 4.117243 9.030673 6.207658 32.248669 16.554634 -2.306328 -178.271103 56.841145 -178.245529 8.181177 6.333206 -44.135151 2.24354 -5.255035 -3.180157 14.282881 -0.826596 6.952497 -2e-06 -12.690598 1e-06 16.096498 -17.222597 2.445044 1.665666 -1.955921 -2.8783 4.727794 -4.170585 4.993923 11.02052 1e-06 -2e-06 12.109047 -3.735714 -2.866784 0.0 -0.0 0.0 1.291986 -1.928547 -1.498088 14.800115 0.567465 3.865603 14.242562 -1.341738 -6.660655 19.631952 0.143925 -0.648247 49.303425 -0.746832 -6.167134 0.353028 -1.511149 -0.03194 20.222778 3.684306 2.316625 18.78726 3e-06 -1e-06 10.75162 -0.479869 1.397904 -0.0 0.0 0.0 3.273802 0.305947 -0.58011 21.486797 11.830365 2.266127 8.162921 0.0 0.0 18.399071 -3.798985 -4.940576 3e-06 -1e-06 -2e-06 2.288051 3.605682 20.179541 0.034663 -0.082178 1.364804 -2.791023 12.736455 -4.385908 1.615671 -1.922268 1.584456 -0.0 0.0 2e-06 -6.16681 -5.636584 19.645344 -0.018256 -0.053099 2.863537 3.472072 -10.155804 -5.272588 -1.452719 1.02075 1.534373 0.0 0.0 -1e-06 
0.0 0.0 0.0 0.0 -0.0 0.0 -0.282323 99.343285 2.804561 0.25646 1.811959 -16.430138 -2.241925 -0.348686 -1.377643 -1.211186 -3.608581 -5.500894 0.838461 -6.061016 16.524698 -0.49847 2.936739 13.779782 -0.594453 -0.169795 -4.183214 -2.692103 0.399203 -12.14521 7.7e-05 -2.3e-05 6e-06 -0.008269 0.020387 0.076362 0.56552 -3.69444 -10.507328 -0.592197 3.738637 -10.518641 3.142127 -18.855978 7.334126 -33.848114 -37.90799 15.8579 169.301529 -85.476624 -168.073578 -21.687675 -4.897694 -1.47212 -5.882097 9.861275 0.70259 -10.93686 -0.360576 7.156199 1e-06 8.774817 1e-06 -16.793068 18.61451 5.457128 -1.844029 2.498502 -2.507277 -10.163588 4.678939 4.621105 -20.976004 -6e-06 3e-06 -21.226259 2.451693 -3.593995 0.0 -7e-06 -1e-06 -1.362679 2.240796 -0.746321 -21.334887 0.584906 3.00832 -13.821198 -3e-06 2e-06 -23.887142 -0.249078 -0.83948 -60.067886 2.767581 -1.797477 -0.294024 1.679686 0.833256 -14.218193 0.093214 1.300581 -34.212013 -0.287564 0.967173 -20.033192 0.964535 1.212843 0.0 3e-06 0.0 -3.440383 0.788231 0.501656 -15.928168 -3.167307 2.999704 -6.33882 -2e-06 1e-06 -18.123425 3.648178 -4.905663 -4e-06 1e-06 -1e-06 3.789155 9.318073 5.998528 31.91131 16.768438 -4.030287 -177.980499 55.994713 -178.231644 6.894136 7.795541 -42.524258 2.243541 -5.255033 -3.180154 14.282875 -0.826594 6.952497 -2e-06 -12.690593 -1e-06 16.198452 -17.283228 2.439014 1.665664 -1.95592 -2.878296 4.727795 -4.170585 4.993922 11.020516 1e-06 0.0 12.109041 -3.735713 -2.866782 -1e-06 -0.0 -2e-06 1.291985 -1.928548 -1.498089 14.800115 0.567466 3.865607 14.242558 -1.341736 -6.660653 19.631952 0.143924 -0.648242 49.402546 -0.683684 -6.211006 0.35303 -1.51115 -0.031938 20.222771 3.684307 2.31663 18.787256 3e-06 1e-06 10.751619 -0.479869 1.397906 0.0 -0.0 -1e-06 3.273804 0.305946 -0.580111 21.486792 11.830361 2.266129 8.16292 1e-06 0.0 18.399067 -3.798984 -4.94057 3e-06 -0.0 0.0 2.06241 3.15071 19.897657 0.03569 -0.064466 1.298685 -2.724464 12.258975 -4.209285 1.608016 -1.904572 1.577694 -0.0 0.0 2e-06 -6.412178 -6.237089 19.726332 -0.026469 -0.057975 2.716283 3.382827 -10.508965 -5.294135 -1.449302 1.005415 1.502448 0.0 0.0 -1e-06 
0.0 0.0 0.0 0.0 -0.0 0.0 -0.328092 99.355583 2.653052 0.312593 2.710699 -16.303532 -2.247928 -0.324273 -1.175705 -1.176332 -3.426706 -5.407753 0.727246 -5.912174 16.375906 -0.891904 3.236452 13.174525 -0.646782 -0.082923 -4.148655 -2.959966 0.582788 -11.910002 7.7e-05 -2.2e-05 6e-06 -0.011932 0.007473 0.074841 0.567609 -3.708101 -10.515528 -0.601756 3.727857 -10.526309 3.290976 -18.968882 7.24724 -33.117134 -38.62632 13.155359 172.042755 -84.212463 -170.542892 -18.053766 -6.866065 -0.288145 -5.882102 9.861279 0.702591 -10.936865 -0.360575 7.1562 2e-06 8.774819 0.0 -17.035339 18.686588 5.316521 -1.844032 2.498503 -2.507277 -10.163595 4.678942 4.621105 -20.976015 -5e-06 3e-06 -21.226273 2.451693 -3.593998 -1e-06 -6e-06 -1e-06 -1.362681 2.240797 -0.746324 -21.334904 0.584909 3.00832 -13.821206 -4e-06 3e-06 -23.887161 -0.24908 -0.839481 -60.27383 2.760615 -1.847547 -0.294025 1.679687 0.833254 -14.2182 0.093213 1.30058 -34.212036 -0.287565 0.967171 -20.033205 0.964534 1.212843 1e-06 2e-06 0.0 -3.440387 0.788233 0.501656 -15.928179 -3.167308 2.999705 -6.338825 -1e-06 2e-06 -18.12344 3.64818 -4.905668 -8e-06 1e-06 -3e-06 3.388287 9.631303 5.734989 31.346037 17.113098 -5.5797 -177.689316 55.117764 -178.210739 5.695007 9.151435 -40.922989 2.243541 -5.25503 -3.180155 14.282883 -0.826591 6.952499 -3e-06 -12.690597 -3e-06 16.22484 -17.276024 2.443076 1.665665 -1.95592 -2.878298 4.727797 -4.170584 4.99392 11.02052 4e-06 -0.0 12.109045 -3.735712 -2.86678 0.0 0.0 -1e-06 1.291983 -1.928545 -1.498088 14.800118 0.567469 3.865605 14.242562 -1.341733 -6.660653 19.631954 0.143927 -0.648241 49.513271 -0.656911 -6.228012 0.353027 -1.51115 -0.031941 20.222784 3.684308 2.316631 18.787266 5e-06 -0.0 10.751622 -0.479868 1.397903 -0.0 -0.0 0.0 3.273805 0.305946 -0.58011 21.486801 11.830368 2.266131 8.162921 2e-06 -1e-06 18.399071 -3.798982 -4.94057 2e-06 0.0 -3e-06 1.885204 2.696372 19.608829 0.035087 -0.055549 1.232003 -2.62206 11.845225 -4.043313 1.603589 -1.896182 1.597665 0.0 -1e-06 2e-06 -6.599621 -6.827908 19.766872 -0.027701 -0.069572 2.585479 3.316597 -10.805009 -5.351398 -1.446507 0.990552 1.498372 0.0 0.0 -1e-06 
0.0 0.0 0.0 0.0 -0.0 0.0 -0.386446 99.374763 2.516981 0.333101 3.513079 -16.114084 -2.256618 -0.31815 -1.006957 -1.137592 -3.254846 -5.31592 0.626207 -5.796194 16.205509 -1.16622 3.505774 12.652205 -0.690413 -0.018391 -4.114909 -3.232704 0.836296 -11.637414 7.7e-05 -2.3e-05 6e-06 -0.012259 0.007825 0.07391 0.569515 -3.708236 -10.518878 -0.60457 3.729237 -10.53095 3.596755 -19.110971 7.113354 -32.299412 -39.179825 11.034545 173.926132 -83.275238 -172.165894 -15.796228 -8.435988 0.680812 -5.882099 9.861278 0.702588 -10.93686 -0.360576 7.156199 1e-06 8.774817 -2e-06 -17.152889 18.687798 5.254697 -1.84403 2.498502 -2.507275 -10.16359 4.67894 4.621106 -20.976004 -4e-06 3e-06 -21.226269 2.451696 -3.593997 -0.0 -6e-06 -1e-06 -1.36268 2.240796 -0.746323 -21.33489 0.584907 3.008322 -13.821199 -3e-06 3e-06 -23.887146 -0.249079 -0.83948 -60.501358 2.740169 -1.837643 -0.294024 1.679686 0.833255 -14.218193 0.093214 1.300582 -34.212009 -0.287564 0.967171 -20.033192 0.964537 1.212844 -0.0 0.0 -0.0 -3.440385 0.788233 0.501655 -15.928167 -3.167308 2.999707 -6.338819 -1e-06 2e-06 -18.123426 3.64818 -4.905665 -7e-06 -0.0 -1e-06 2.974742 9.931623 5.439328 30.72225 17.483604 -6.88382 -177.546844 54.260456 -178.28566 4.738383 10.304008 -39.432732 2.243541 -5.255034 -3.180157 14.282887 -0.826594 6.952501 -3e-06 -12.690601 0.0 16.123371 -17.248068 2.467502 1.665668 -1.955923 -2.878299 4.727796 -4.170588 4.993924 11.020522 1e-06 -2e-06 12.109048 -3.735715 -2.866784 0.0 0.0 0.0 1.291984 -1.928548 -1.498088 14.800125 0.567468 3.865606 14.242568 -1.341735 -6.660657 19.631962 0.143927 -0.648245 49.573734 -0.656834 -6.223037 0.35303 -1.51115 -0.031941 20.222786 3.684309 2.31663 18.78727 6e-06 0.0 10.751625 -0.479867 1.397906 0.0 -0.0 2e-06 3.273807 0.305947 -0.58011 21.486803 11.83037 2.266133 8.162923 1e-06 -1e-06 18.399076 -3.798983 -4.940571 3e-06 0.0 -1e-06 1.763892 2.294446 19.24099 0.039847 -0.052167 1.197583 -2.523659 11.47134 -3.879562 1.601434 -1.897666 1.631778 -0.0 -1e-06 2e-06 -6.71681 -7.38484 19.714621 -0.024756 -0.08553 2.471362 3.274596 -11.090867 -5.410153 -1.445535 0.987586 1.505213 0.0 0.0 -1e-06 
0.0 0.0 0.0 0.0 -0.0 0.0 -0.44017 99.410095 2.397603 0.333658 4.227476 -15.858803 -2.270325 -0.322184 -0.862938 -1.103163 -3.108911 -5.235097 0.535623 -5.696273 16.032633 -1.286639 3.688119 12.157401 -0.719576 0.048874 -4.080347 -3.459008 1.101595 -11.392453 7.7e-05 -2.2e-05 6e-06 -0.010364 0.008524 0.072867 0.570171 -3.705651 -10.509521 -0.601717 3.728249 -10.521573 3.954772 -19.224987 6.999568 -31.593607 -39.533203 9.473937 175.52327 -82.496109 -173.558472 -14.338707 -9.631442 1.486339 -5.8821 9.861278 0.702589 -10.936857 -0.360574 7.156198 -1e-06 8.774817 -0.0 -17.203672 18.676401 5.220211 -1.84403 2.498503 -2.507275 -10.163588 4.67894 4.621104 -20.976 -0.0 3e-06 -21.226255 2.451696 -3.593998 -2e-06 -6e-06 1e-06 -1.36268 2.240796 -0.746322 -21.334887 0.58491 3.00832 -13.821199 -1e-06 1e-06 -23.887142 -0.249076 -0.839483 -60.682747 2.713823 -1.799615 -0.294024 1.679685 0.833256 -14.21819 0.093216 1.300581 -34.212009 -0.28756 0.967167 -20.033192 0.964537 1.212841 1e-06 0.0 0.0 -3.440384 0.788233 0.501654 -15.928167 -3.167305 2.999704 -6.338821 0.0 2e-06 -18.123425 3.648181 -4.905664 -3e-06 0.0 -1e-06 2.615005 10.213154 5.152702 30.178545 17.794666 -7.84468 -177.502136 53.404919 -178.405289 4.093042 11.160561 -38.048409 2.243542 -5.255033 -3.180156 14.282883 -0.826595 6.952499 -2e-06 -12.6906 0.0 15.980909 -17.243912 2.510953 1.665665 -1.95592 -2.878298 4.727798 -4.170586 4.993923 11.020521 2e-06 0.0 12.109048 -3.735715 -2.866785 0.0 -0.0 -1e-06 1.291985 -1.928549 -1.498089 14.800122 0.567468 3.865606 14.242566 -1.341736 -6.660655 19.63196 0.143925 -0.648241 49.615704 -0.66171 -6.203244 0.353029 -1.51115 -0.031941 20.222784 3.684307 2.316629 18.787266 4e-06 1e-06 10.751623 -0.479869 1.397905 -0.0 -0.0 1e-06 3.273804 0.305949 -0.580108 21.486803 11.830368 2.266129 8.162923 0.0 -1e-06 18.399075 -3.798982 -4.940572 3e-06 0.0 -1e-06 1.686082 1.962379 18.789574 0.047918 -0.048144 1.196653 -2.431619 11.135567 -3.699926 1.600753 -1.902134 1.659724 -0.0 -1e-06 2e-06 -6.776642 -7.90024 19.572556 -0.018002 -0.092701 2.356375 3.22476 -11.387285 -5.449443 -1.445356 0.986859 1.483103 -0.0 -0.0 -1e-06 
0.0 0.0 0.0 0.0 -0.0 0.0 -0.485551 99.451981 2.286094 0.324548 4.883358 -15.554982 -2.282596 -0.32505 -0.716398 -1.078053 -2.992892 -5.15863 0.460633 -5.602179 15.851048 -1.276122 3.790692 11.6469 -0.715747 0.125445 -4.050919 -3.630708 1.342403 -11.229976 7.7e-05 -2.3e-05 6e-06 -0.006516 0.009087 0.073311 0.571251 -3.703821 -10.500074 -0.595344 3.727607 -10.511813 4.29463 -19.305521 6.914218 -31.083666 -39.711842 8.395438 176.696381 -81.751236 -174.586395 -13.33055 -10.555638 2.102032 -5.8821 9.861276 0.702587 -10.936863 -0.360578 7.156199 2e-06 8.774821 -1e-06 -17.252327 18.673561 5.175567 -1.844031 2.498503 -2.507274 -10.163592 4.678938 4.621104 -20.976009 -8e-06 2e-06 -21.226271 2.451691 -3.593996 -1e-06 -5e-06 2e-06 -1.36268 2.240797 -0.746324 -21.334896 0.584905 3.008321 -13.821205 -5e-06 3e-06 -23.887154 -0.249082 -0.839479 -60.814079 2.679085 -1.780665 -0.294024 1.679686 0.833254 -14.218199 0.093212 1.300577 -34.212021 -0.28757 0.967173 -20.033197 0.964533 1.212846 -0.0 0.0 0.0 -3.440386 0.788232 0.501655 -15.928176 -3.16731 2.999705 -6.338822 -3e-06 1e-06 -18.123436 3.648176 -4.905665 -4e-06 0.0 0.0 2.322895 10.481308 4.90138 29.756853 18.050787 -8.487357 -177.515533 52.520588 -178.520096 3.66245 11.786137 -36.738186 2.243541 -5.255033 -3.180155 14.28288 -0.826596 6.952495 -3e-06 -12.690593 0.0 15.857582 -17.25523 2.544528 1.665666 -1.95592 -2.878295 4.727796 -4.170584 4.993919 11.020518 3e-06 -1e-06 12.109043 -3.735712 -2.866779 0.0 -0.0 0.0 1.291985 -1.928548 -1.498086 14.800117 0.567468 3.865605 14.242558 -1.341735 -6.66065 19.631948 0.143925 -0.648241 49.637897 -0.668013 -6.198128 0.35303 -1.511147 -0.031938 20.222773 3.684307 2.316631 18.787254 4e-06 2e-06 10.751618 -0.479869 1.397904 0.0 -0.0 0.0 3.273802 0.305945 -0.580109 21.486792 11.830362 2.266127 8.162919 1e-06 -2e-06 18.399067 -3.798982 -4.940569 4e-06 0.0 0.0 1.627202 1.646647 18.287577 0.049031 -0.039257 1.20828 -2.35118 10.849694 -3.529042 1.600239 -1.902747 1.688318 0.0 -1e-06 2e-06 -6.804748 -8.384751 19.380125 -0.009634 -0.091587 2.222782 3.183317 -11.656694 -5.477671 -1.443337 0.988284 1.449858 0.0 0.0 -1e-06 
0.0 0.0 0.0 0.0 -0.0 0.0 -0.520197 99.494003 2.162282 0.316321 5.477459 -15.199183 -2.285367 -0.313995 -0.559932 -1.064303 -2.891475 -5.095086 0.397142 -5.525112 15.685128 -1.166927 3.810846 11.061732 -0.686 0.24309 -4.027232 -3.71187 1.528079 -11.191679 7.7e-05 -2.3e-05 6e-06 -0.004513 0.001103 0.073469 0.573059 -3.711281 -10.501983 -0.593265 3.719316 -10.512509 4.592353 -19.312727 6.843548 -30.804598 -39.778828 7.739003 177.41745 -81.009445 -175.204163 -12.597603 -11.251643 2.531666 -5.882105 9.861281 0.702588 -10.936869 -0.360574 7.156201 2e-06 8.774819 -1e-06 -17.304037 18.689579 5.115661 -1.844032 2.498503 -2.507278 -10.163598 4.678943 4.621105 -20.976021 -4e-06 2e-06 -21.226288 2.451695 -3.593999 -2e-06 -6e-06 0.0 -1.362681 2.240798 -0.746322 -21.334909 0.58491 3.008319 -13.82121 -4e-06 1e-06 -23.887165 -0.24908 -0.839484 -60.828045 2.637653 -1.802712 -0.294025 1.679686 0.833255 -14.218207 0.093214 1.300578 -34.212048 -0.287566 0.967166 -20.033211 0.964535 1.212842 -0.0 0.0 -1e-06 -3.440388 0.788233 0.501654 -15.928185 -3.167308 2.999703 -6.338826 -1e-06 0.0 -18.123446 3.64818 -4.90567 -5e-06 -0.0 -1e-06 2.093536 10.742126 4.68624 29.470484 18.27289 -8.930375 -177.60556 51.627403 -178.654037 3.369038 12.24841 -35.605019 2.243538 -5.255034 -3.180156 14.28288 -0.826595 6.952501 -3e-06 -12.690597 -1e-06 15.798721 -17.26642 2.542627 1.665664 -1.95592 -2.878299 4.727795 -4.170585 4.993921 11.020517 3e-06 -1e-06 12.109043 -3.735713 -2.86678 -0.0 0.0 -0.0 1.291985 -1.928548 -1.49809 14.800118 0.567468 3.865604 14.242561 -1.341736 -6.660656 19.631952 0.143926 -0.648245 49.637524 -0.6672 -6.226672 0.353028 -1.511149 -0.03194 20.222775 3.684308 2.316627 18.787258 5e-06 -2e-06 10.751621 -0.479868 1.397904 0.0 0.0 -2e-06 3.273804 0.305946 -0.58011 21.486794 11.830367 2.266132 8.162921 -0.0 -1e-06 18.399065 -3.798983 -4.940573 3e-06 0.0 -1e-06 1.567581 1.321218 17.738262 0.04321 -0.029168 1.224117 -2.275318 10.627424 -3.338042 1.60092 -1.901571 1.706094 0.0 -0.0 2e-06 -6.823137 -8.839027 19.13409 -0.005211 -0.084924 2.068724 3.153882 -11.877931 -5.466045 -1.439989 0.987247 1.414637 -0.0 -0.0 -1e-06 
0.0 0.0 0.0 0.0 -0.0 0.0 -0.54939 99.541458 2.018602 0.316113 6.001151 -14.764237 -2.277538 -0.302274 -0.40047 -1.051551 -2.780192 -5.040378 0.338417 -5.432199 15.532549 -0.983551 3.758631 10.346792 -0.651948 0.407033 -4.010284 -3.696747 1.667201 -11.323242 7.7e-05 -2.3e-05 6e-06 -0.004443 -0.003685 0.072593 0.575596 -3.715544 -10.5127 -0.595761 3.714469 -10.522573 4.898238 -19.257748 6.753171 -30.819227 -39.740559 7.37219 177.805344 -80.232437 -175.512192 -12.081715 -11.748585 2.910015 -5.882102 9.861278 0.70259 -10.936863 -0.360574 7.156201 2e-06 8.774818 -0.0 -17.328054 18.712076 5.083881 -1.844031 2.498502 -2.507276 -10.163592 4.67894 4.621108 -20.976009 -4e-06 2e-06 -21.226271 2.451694 -3.593996 -1e-06 -6e-06 0.0 -1.36268 2.240796 -0.746322 -21.3349 0.584908 3.008322 -13.821205 -3e-06 2e-06 -23.887154 -0.249079 -0.839481 -60.788868 2.596615 -1.830766 -0.294024 1.679686 0.833256 -14.218198 0.093214 1.30058 -34.212021 -0.287565 0.967171 -20.033201 0.964536 1.212843 1e-06 0.0 0.0 -3.440386 0.788232 0.501656 -15.928176 -3.167308 2.999708 -6.338822 -1e-06 1e-06 -18.12343 3.648179 -4.905665 -6e-06 -0.0 -2e-06 1.936154 11.020208 4.481306 29.280226 18.428448 -9.349034 -177.81485 50.740887 -178.825073 3.129488 12.585215 -34.757927 2.243538 -5.255028 -3.180152 14.282871 -0.826595 6.952491 -1e-06 -12.690584 1e-06 15.732504 -17.262278 2.530218 1.665667 -1.95592 -2.878293 4.727792 -4.17058 4.993916 11.020512 2e-06 -1e-06 12.109035 -3.735712 -2.866778 -0.0 0.0 1e-06 1.291983 -1.928546 -1.498086 14.800108 0.567465 3.865604 14.242552 -1.341737 -6.660647 19.631937 0.143922 -0.648242 49.595936 -0.654881 -6.26807 0.353029 -1.511148 -0.031941 20.222761 3.684301 2.31663 18.787249 1e-06 1e-06 10.751613 -0.479869 1.397903 0.0 0.0 -1e-06 3.273803 0.305947 -0.580109 21.486784 11.830353 2.266132 8.162915 0.0 1e-06 18.399055 -3.798982 -4.940569 3e-06 -2e-06 -1e-06 1.512292 1.026194 17.10392 0.036839 -0.022636 1.252258 -2.203491 10.452687 -3.142818 1.602278 -1.898672 1.748968 0.0 -1e-06 2e-06 -6.814103 -9.247816 18.784397 -0.006097 -0.079277 1.91167 3.13676 -12.057007 -5.397053 -1.436753 0.990674 1.405277 0.0 0.0 -1e-06 
0.0 0.0 0.0 0.0 -0.0 0.0 -0.588095 99.603241 1.871268 0.318969 6.464752 -14.233222 -2.253355 -0.290219 -0.221264 -1.035889 -2.665103 -4.978072 0.292007 -5.296729 15.362112 -0.756365 3.667789 9.478254 -0.633465 0.569319 -3.996976 -3.592285 1.79867 -11.645574 7.7e-05 -2.3e-05 6e-06 -0.005383 -0.007589 0.070865 0.577844 -3.71767 -10.522038 -0.60005 3.709505 -10.532643 5.207592 -19.165241 6.664294 -31.136503 -39.600853 7.081625 177.983109 -79.367561 -175.631226 -11.769054 -12.036036 3.254902 -5.882105 9.861282 0.702591 -10.936871 -0.360572 7.156203 1e-06 8.77482 -0.0 -17.346346 18.749796 5.06197 -1.844032 2.498504 -2.507277 -10.163597 4.678944 4.621106 -20.976017 -2e-06 4e-06 -21.226282 2.451698 -3.593998 -1e-06 -6e-06 1e-06 -1.362681 2.240797 -0.746323 -21.334911 0.58491 3.008322 -13.821213 -2e-06 3e-06 -23.887167 -0.249078 -0.839482 -60.737251 2.568187 -1.852239 -0.294025 1.679687 0.833255 -14.218205 0.093215 1.300581 -34.21204 -0.287562 0.96717 -20.033209 0.964537 1.212843 1e-06 0.0 0.0 -3.440388 0.788233 0.501657 -15.928183 -3.167307 2.999707 -6.338825 -1e-06 1e-06 -18.123444 3.648182 -4.905668 -4e-06 -1e-06 -1e-06 1.832555 11.333898 4.313859 29.165663 18.527161 -9.812375 -178.058273 49.85511 -178.987885 2.922908 12.824706 -34.082195 2.243537 -5.25503 -3.180153 14.282878 -0.826592 6.952493 -4e-06 -12.690592 -1e-06 15.649178 -17.269007 2.523924 1.665664 -1.955918 -2.878298 4.72779 -4.170581 4.993918 11.020514 4e-06 -1e-06 12.109035 -3.73571 -2.866779 0.0 0.0 0.0 1.291982 -1.928547 -1.498085 14.800112 0.56747 3.865604 14.242557 -1.341734 -6.660647 19.631945 0.143928 -0.648241 49.525311 -0.62758 -6.307155 0.353029 -1.511149 -0.031941 20.222769 3.684308 2.31663 18.787252 6e-06 -1e-06 10.751616 -0.479867 1.397906 0.0 0.0 -1e-06 3.273802 0.305948 -0.58011 21.48679 11.830366 2.266133 8.162919 2e-06 0.0 18.399061 -3.798979 -4.940568 3e-06 -2e-06 -1e-06 1.464786 0.771312 16.346697 0.032909 -0.01824 1.312941 -2.121276 10.306788 -2.913525 1.604645 -1.898769 1.791785 0.0 -0.0 2e-06 -6.772444 -9.629522 18.286959 -0.007726 -0.067849 1.784431 3.130454 -12.223746 -5.264173 -1.434839 0.998047 1.408465 -0.0 -0.0 -1e-06 
0.0 0.0 0.0 0.0 -0.0 0.0 -0.62761 99.678352 1.72548 0.325829 6.884865 -13.585801 -2.210168 -0.27915 -0.011742 -1.00797 -2.543497 -4.894306 0.247341 -5.11825 15.132323 -0.520607 3.566323 8.443379 -0.619069 0.71014 -3.980897 -3.397995 1.952174 -12.162478 7.7e-05 -2.3e-05 7e-06 -0.006533 -0.017238 0.068382 0.580166 -3.724298 -10.524282 -0.604746 3.697633 -10.535769 5.529615 -19.041836 6.575714 -31.778019 -39.366196 6.706707 177.99028 -78.384941 -175.603867 -11.604011 -12.103961 3.524136 -5.882102 9.861281 0.702589 -10.936863 -0.360575 7.1562 -0.0 8.774821 -3e-06 -17.348181 18.800827 5.046679 -1.844031 2.498503 -2.507276 -10.163592 4.678941 4.621105 -20.976006 -3e-06 4e-06 -21.226271 2.451696 -3.593997 -1e-06 -5e-06 3e-06 -1.36268 2.240797 -0.746322 -21.334898 0.584908 3.008322 -13.821205 -3e-06 2e-06 -23.887152 -0.249078 -0.839481 -60.727547 2.554819 -1.857772 -0.294025 1.679686 0.833255 -14.218197 0.093214 1.300579 -34.212021 -0.287565 0.967171 -20.033197 0.964536 1.212845 0.0 0.0 -0.0 -3.440386 0.788233 0.501656 -15.928176 -3.167308 2.999705 -6.338821 -2e-06 1e-06 -18.123436 3.648181 -4.905667 -4e-06 -0.0 -1e-06 1.72876 11.695065 4.170914 29.184944 18.560467 -10.319177 -178.247925 48.964672 -179.104263 2.725453 12.899699 -33.44606 2.243539 -5.255031 -3.180155 14.28288 -0.826593 6.952496 -5e-06 -12.690593 1e-06 15.566134 -17.313843 2.538343 1.665665 -1.95592 -2.878298 4.727794 -4.170584 4.99392 11.020517 3e-06 -3e-06 12.10904 -3.735711 -2.86678 -0.0 -0.0 0.0 1.291986 -1.928549 -1.49809 14.800117 0.567469 3.865604 14.24256 -1.341734 -6.660652 19.631952 0.143927 -0.648243 49.441067 -0.605576 -6.344579 0.353029 -1.511149 -0.031939 20.222775 3.684309 2.316629 18.787258 6e-06 -2e-06 10.75162 -0.479867 1.397904 1e-06 -0.0 0.0 3.273805 0.305948 -0.580112 21.486799 11.830365 2.266127 8.162921 1e-06 -1e-06 18.399067 -3.798981 -4.940569 3e-06 0.0 -2e-06 1.420245 0.577234 15.44073 0.032136 -0.015384 1.40425 -2.015242 10.174695 -2.6685 1.60627 -1.903741 1.833095 -0.0 -3e-06 2e-06 -6.703927 -10.000219 17.61849 -0.007538 -0.050438 1.695313 3.183272 -12.383775 -5.091396 -1.433703 1.014077 1.423715 0.0 0.0 -1e-06 
0.0 0.0 0.0 0.0 -0.0 0.0 -0.653833 99.764854 1.572628 0.337923 7.280969 -12.830738 -2.156189 -0.278525 0.229606 -0.966856 -2.410102 -4.785608 0.195602 -4.915499 14.830312 -0.295573 3.45782 7.257219 -0.581522 0.857163 -3.950363 -3.13876 2.131395 -12.849584 7.7e-05 -2.2e-05 6e-06 -0.006805 -0.023878 0.068855 0.581696 -3.727881 -10.516122 -0.606787 3.688568 -10.526079 5.855959 -18.884993 6.475291 -32.679451 -39.077213 6.210506 177.615555 -77.291573 -175.254013 -11.606593 -11.901903 3.58504 -5.8821 9.86128 0.702587 -10.936861 -0.360577 7.156199 1e-06 8.774819 -2e-06 -17.317785 18.864685 5.053691 -1.84403 2.498503 -2.507276 -10.16359 4.67894 4.621105 -20.976004 -4e-06 3e-06 -21.226267 2.451695 -3.593997 0.0 -6e-06 -0.0 -1.36268 2.240797 -0.746322 -21.334896 0.584906 3.008322 -13.8212 -4e-06 2e-06 -23.887152 -0.249079 -0.839481 -60.837097 2.553126 -1.855025 -0.294025 1.679686 0.833256 -14.218196 0.093214 1.30058 -34.212013 -0.287566 0.967172 -20.033195 0.964535 1.212844 0.0 -0.0 0.0 -3.440386 0.788233 0.501655 -15.928172 -3.16731 2.999705 -6.33882 -1e-06 1e-06 -18.123426 3.64818 -4.905667 -3e-06 -0.0 -1e-06 1.62117 12.089881 4.049625 29.364573 18.497738 -10.86263 -178.359482 48.060867 -179.198273 2.468235 12.790943 -32.998146 2.243538 -5.255035 -3.180155 14.282883 -0.826593 6.952501 -3e-06 -12.6906 -1e-06 15.545147 -17.347736 2.562088 1.665664 -1.955921 -2.878298 4.727797 -4.170586 4.993924 11.02052 3e-06 -1e-06 12.109043 -3.735713 -2.866783 -0.0 -0.0 0.0 1.291985 -1.928549 -1.498088 14.800118 0.567469 3.865605 14.242563 -1.341736 -6.660654 19.631954 0.143926 -0.648246 49.376884 -0.615498 -6.357808 0.353029 -1.51115 -0.031939 20.222778 3.684309 2.316631 18.787264 6e-06 -1e-06 10.75162 -0.479868 1.397906 1e-06 -1e-06 2e-06 3.273806 0.305947 -0.580111 21.486803 11.830374 2.266133 8.162921 3e-06 -1e-06 18.399071 -3.798982 -4.940569 3e-06 0.0 -2e-06 1.365608 0.410957 14.412162 0.033877 -0.011429 1.506507 -1.902915 10.077897 -2.415691 1.606788 -1.912022 1.891773 0.0 -1e-06 2e-06 -6.613637 -10.360522 16.798439 -0.003353 -0.023077 1.647832 3.269659 -12.554152 -4.898197 -1.432781 1.024635 1.446115 -0.0 -0.0 -1e-06 
0.0 0.0 0.0 0.0 -0.0 0.0 -0.668471 99.859558 1.413473 0.363389 7.67842 -11.982868 -2.105535 -0.286497 0.489559 -0.926135 -2.274965 -4.670936 0.127772 -4.704394 14.487405 -0.081018 3.346876 5.948234 -0.526796 1.054539 -3.916143 -2.843864 2.265155 -13.65962 7.7e-05 -2.2e-05 6e-06 -0.003989 -0.017545 0.071913 0.58392 -3.717393 -10.495253 -0.603284 3.691437 -10.506593 6.223645 -18.735428 6.328487 -33.749924 -38.73737 5.539183 177.22435 -76.111717 -174.900879 -11.70101 -11.482396 3.309638 -5.882101 9.861279 0.702591 -10.936863 -0.360576 7.1562 1e-06 8.774822 -1e-06 -17.248077 18.915215 5.101097 -1.84403 2.498503 -2.507277 -10.16359 4.678943 4.621106 -20.976007 -5e-06 1e-06 -21.226269 2.451694 -3.593998 0.0 -6e-06 -0.0 -1.362681 2.240796 -0.746323 -21.3349 0.584907 3.008322 -13.821203 -4e-06 1e-06 -23.887157 -0.249081 -0.839483 -61.005337 2.559595 -1.855369 -0.294024 1.679686 0.833255 -14.218198 0.093214 1.300579 -34.212021 -0.287567 0.96717 -20.033197 0.964534 1.212843 -0.0 0.0 0.0 -3.440386 0.788233 0.501655 -15.928176 -3.167309 2.999704 -6.338821 -1e-06 1e-06 -18.123432 3.64818 -4.905668 -3e-06 1e-06 -1e-06 1.529357 12.491383 3.951378 29.61203 18.33749 -11.456227 -178.458344 47.143139 -179.309448 2.156654 12.596868 -32.769833 2.243541 -5.255033 -3.180155 14.282883 -0.826593 6.952499 -3e-06 -12.690597 -1e-06 15.559155 -17.350996 2.58436 1.665665 -1.955921 -2.878297 4.727796 -4.170584 4.99392 11.02052 3e-06 -1e-06 12.109046 -3.735713 -2.866782 -0.0 -0.0 1e-06 1.291986 -1.928548 -1.498088 14.800122 0.567469 3.865604 14.242566 -1.341735 -6.660654 19.631958 0.143927 -0.648245 49.310417 -0.621454 -6.357739 0.353029 -1.51115 -0.03194 20.222782 3.684309 2.316628 18.787264 6e-06 -2e-06 10.751622 -0.479868 1.397905 1e-06 -1e-06 -1e-06 3.273807 0.305947 -0.58011 21.486803 11.83037 2.266131 8.162922 3e-06 -2e-06 18.399075 -3.798981 -4.940571 3e-06 0.0 -3e-06 1.298238 0.247196 13.290115 0.037726 -0.010392 1.605395 -1.829495 9.964065 -2.164359 1.605632 -1.91585 1.967451 0.0 1e-06 2e-06 -6.522378 -10.743608 15.861286 0.001115 0.00374 1.62894 3.368791 -12.710312 -4.695328 -1.431166 1.028126 1.494781 -0.0 1e-06 -1e-06 
0.0 0.0 0.0 0.0 -0.0 0.0 -0.675014 99.955711 1.267097 0.394585 8.072105 -11.039877 -2.056331 -0.297059 0.76624 -0.89246 -2.140014 -4.552787 0.055057 -4.485594 14.10015 0.119778 3.263901 4.513467 -0.46189 1.247573 -3.877078 -2.519213 2.387965 -14.496459 7.7e-05 -2.3e-05 5e-06 0.000314 -0.006088 0.075244 0.586149 -3.704307 -10.475062 -0.596586 3.702073 -10.489503 6.634464 -18.597757 6.067944 -34.913464 -38.374352 4.789846 177.118225 -74.876144 -174.858932 -11.868557 -10.866538 2.738395 -5.8821 9.861279 0.702592 -10.936859 -0.360574 7.1562 -1e-06 8.774821 -1e-06 -17.190725 18.96559 5.179528 -1.84403 2.498503 -2.507276 -10.163589 4.678941 4.621106 -20.976 -3e-06 5e-06 -21.226259 2.451698 -3.593996 0.0 -6e-06 2e-06 -1.36268 2.240797 -0.746323 -21.334888 0.58491 3.008324 -13.821198 -1e-06 3e-06 -23.887142 -0.249076 -0.83948 -61.176373 2.569235 -1.848308 -0.294025 1.679685 0.833256 -14.218195 0.093216 1.300582 -34.212013 -0.287559 0.967172 -20.033192 0.964539 1.212844 0.0 -0.0 -0.0 -3.440385 0.788233 0.501656 -15.92817 -3.167306 2.999706 -6.338819 -0.0 3e-06 -18.123426 3.648183 -4.905665 -3e-06 1e-06 -3e-06 1.449216 12.909644 3.885642 29.889776 18.066328 -12.114085 -178.566605 46.207302 -179.413712 1.887236 12.467493 -32.766514 2.24354 -5.255032 -3.180152 14.282878 -0.826596 6.952496 -1e-06 -12.690592 -2e-06 15.602102 -17.321173 2.585314 1.665667 -1.95592 -2.878293 4.727793 -4.170583 4.99392 11.020515 1e-06 0.0 12.109039 -3.735715 -2.86678 -0.0 -0.0 0.0 1.291986 -1.928547 -1.498086 14.800112 0.567466 3.865602 14.242556 -1.341737 -6.660648 19.631945 0.143923 -0.648243 49.259048 -0.617793 -6.35153 0.353029 -1.511149 -0.03194 20.222771 3.684304 2.316629 18.787254 1e-06 -2e-06 10.751617 -0.479869 1.397906 1e-06 -0.0 0.0 3.273801 0.305946 -0.58011 21.48679 11.830359 2.266131 8.162917 1e-06 -1e-06 18.399063 -3.798982 -4.940571 3e-06 0.0 -2e-06 1.227709 0.078444 12.080281 0.038669 -0.020751 1.692547 -1.810585 9.841585 -1.907838 1.604362 -1.916693 2.047652 0.0 -0.0 2e-06 -6.411539 -11.133878 14.815041 0.004066 0.028197 1.624894 3.433415 -12.854909 -4.481759 -1.429652 1.023542 1.541372 -0.0 -0.0 -1e-06 
0.0 0.0 0.0 0.0 -0.0 0.0 -0.676585 100.054802 1.117293 0.414942 8.441491 -10.011168 -2.004954 -0.296449 1.062576 -0.863024 -2.006058 -4.427789 -0.008433 -4.269024 13.703922 0.283799 3.230754 2.927778 -0.397701 1.430608 -3.829133 -2.134431 2.499073 -15.367163 7.7e-05 -2.3e-05 7e-06 0.004647 0.003789 0.076653 0.587698 -3.69465 -10.458235 -0.589082 3.713363 -10.476198 7.088679 -18.476841 5.738802 -36.044174 -38.02034 4.022799 177.172043 -73.597351 -174.956573 -12.156411 -10.087161 2.010811 -5.882093 9.861271 0.702589 -10.93685 -0.360576 7.156194 2e-06 8.774812 -1e-06 -17.153913 19.013407 5.282531 -1.844028 2.4985 -2.507273 -10.16358 4.678936 4.621103 -20.975986 -7e-06 5e-06 -21.226246 2.45169 -3.593992 1e-06 -7e-06 2e-06 -1.362678 2.240795 -0.746321 -21.334875 0.584904 3.008319 -13.821187 -5e-06 4e-06 -23.887123 -0.249081 -0.839478 -61.292683 2.586898 -1.832158 -0.294024 1.679684 0.833256 -14.218183 0.093213 1.300578 -34.211983 -0.287569 0.967175 -20.033178 0.964534 1.212844 -0.0 0.0 0.0 -3.440382 0.788231 0.501655 -15.928159 -3.167308 2.999704 -6.338814 -2e-06 3e-06 -18.123411 3.648175 -4.90566 -5e-06 -0.0 -3e-06 1.374703 13.353499 3.879639 30.132603 17.69792 -12.790201 -178.60585 45.280994 -179.458817 1.726523 12.42495 -32.800072 2.243535 -5.255027 -3.180151 14.282862 -0.826589 6.952487 -6e-06 -12.690584 2e-06 15.643066 -17.289595 2.579619 1.665662 -1.955917 -2.878295 4.727788 -4.17058 4.993914 11.020506 5e-06 -4e-06 12.109028 -3.735707 -2.866781 0.0 -0.0 -0.0 1.291983 -1.928545 -1.498088 14.800098 0.567471 3.865595 14.242544 -1.341729 -6.660646 19.631929 0.143933 -0.648242 49.231823 -0.599512 -6.332745 0.353028 -1.511149 -0.031941 20.222754 3.684309 2.316622 18.787237 1.1e-05 -3e-06 10.751607 -0.479865 1.397903 0.0 -1e-06 1e-06 3.2738 0.305947 -0.580113 21.486773 11.830359 2.266125 8.16291 3e-06 -2e-06 18.399046 -3.798975 -4.940565 4e-06 -1e-06 -1e-06 1.181475 -0.067614 10.784271 0.040323 -0.038862 1.781503 -1.845764 9.709493 -1.66835 1.602249 -1.918098 2.109913 0.0 -0.0 2e-06 -6.246444 -11.498487 13.672512 0.001708 0.051826 1.619791 3.463017 -13.021827 -4.241223 -1.42952 1.007366 1.577127 0.0 0.0 -1e-06 
0.0 0.0 0.0 0.0 -0.0 0.0 -0.679785 100.159157 0.964253 0.424701 8.782686 -8.919237 -1.951828 -0.288667 1.39467 -0.8354 -1.875335 -4.284073 -0.07967 -4.054347 13.313995 0.421032 3.219565 1.19879 -0.325593 1.621095 -3.777728 -1.720806 2.620875 -16.302351 7.7e-05 -2.3e-05 8e-06 0.005008 0.000513 0.076153 0.584118 -3.699136 -10.444529 -0.584428 3.712779 -10.464141 7.57003 -18.372452 5.365767 -37.103291 -37.658585 3.305206 177.389236 -72.27916 -175.20903 -12.53284 -9.168627 1.208108 -5.882103 9.861279 0.702589 -10.936865 -0.360576 7.1562 1e-06 8.774821 -2e-06 -17.069031 19.040705 5.402081 -1.844031 2.498503 -2.507275 -10.163595 4.678941 4.621103 -20.976011 -4e-06 3e-06 -21.226273 2.451695 -3.593999 2e-06 -7e-06 1e-06 -1.36268 2.240797 -0.746322 -21.334904 0.584908 3.008319 -13.821206 -3e-06 0.0 -23.887161 -0.249079 -0.839482 -61.287266 2.620382 -1.80488 -0.294025 1.679685 0.833254 -14.218199 0.093214 1.30058 -34.212032 -0.287565 0.967171 -20.033203 0.964535 1.212843 -0.0 -0.0 -1e-06 -3.440387 0.788233 0.501655 -15.928176 -3.167308 2.999705 -6.338821 -2e-06 0.0 -18.12343 3.648179 -4.905666 -4e-06 0.0 -2e-06 1.292541 13.810202 3.900419 30.358532 17.237816 -13.395662 -178.537628 44.440979 -179.444931 1.678845 12.448138 -32.631031 2.243541 -5.255032 -3.180155 14.282878 -0.826597 6.952496 -1e-06 -12.690593 3e-06 15.73036 -17.291714 2.580443 1.665663 -1.95592 -2.878299 4.727794 -4.170584 4.993918 11.020515 1e-06 -2e-06 12.109041 -3.735714 -2.866782 0.0 0.0 1e-06 1.291983 -1.928545 -1.498088 14.800117 0.567465 3.865607 14.242559 -1.341736 -6.660655 19.631948 0.143924 -0.648246 49.280281 -0.575797 -6.309592 0.353029 -1.511148 -0.03194 20.222771 3.684303 2.316628 18.787256 2e-06 -3e-06 10.751619 -0.47987 1.397904 0.0 0.0 -1e-06 3.273803 0.305945 -0.580109 21.48679 11.830359 2.266128 8.16292 1e-06 -1e-06 18.399067 -3.798985 -4.940571 4e-06 0.0 -1e-06 1.150392 -0.209721 9.417692 0.044083 -0.054641 1.881308 -1.885441 9.611824 -1.402132 1.600759 -1.926457 2.122514 0.0 -0.0 2e-06 -6.019306 -11.786556 12.448721 -0.002059 0.080902 1.614482 3.470023 -13.236466 -3.991984 -1.43028 0.985673 1.607695 0.0 0.0 -1e-06 
0.0 0.0 0.0 0.0 -0.0 0.0 -0.694679 100.268768 0.800487 0.414702 9.090528 -7.785511 -1.893992 -0.274115 1.793155 -0.807087 -1.75045 -4.119043 -0.165956 -3.82907 12.94111 0.552467 3.21821 -0.641311 -0.245885 1.829054 -3.721916 -1.310415 2.721752 -17.33913 7.7e-05 -2.3e-05 5e-06 0.002786 -0.006012 0.075535 0.577342 -3.706962 -10.432511 -0.581704 3.709423 -10.451375 8.066242 -18.261126 5.004051 -38.0835 -37.308388 2.814675 177.470047 -71.010239 -175.338974 -13.056751 -8.140992 0.492874 -5.882107 9.861283 0.70259 -10.936873 -0.360573 7.156207 0.0 8.774822 1e-06 -16.903778 19.025391 5.521083 -1.844033 2.498503 -2.507277 -10.163601 4.678946 4.621109 -20.976027 -3e-06 6e-06 -21.22629 2.451699 -3.593995 1e-06 -6e-06 -0.0 -1.362682 2.240797 -0.746323 -21.334917 0.58491 3.008327 -13.821215 -2e-06 5e-06 -23.887171 -0.249078 -0.839481 -61.14138 2.637497 -1.778738 -0.294025 1.679687 0.833257 -14.218208 0.093215 1.300582 -34.212051 -0.287561 0.967172 -20.033215 0.964538 1.212845 -1e-06 -1e-06 -2e-06 -3.440389 0.788233 0.501656 -15.928185 -3.167308 2.999707 -6.338827 -1e-06 3e-06 -18.123449 3.648182 -4.905668 -4e-06 1e-06 -3e-06 1.176971 14.291371 3.932834 30.590376 16.623863 -13.977382 -178.458954 43.755272 -179.43013 1.739138 12.502455 -32.247753 2.243543 -5.255038 -3.180157 14.282894 -0.826598 6.952499 -0.0 -12.690603 1e-06 15.861609 -17.366653 2.58467 1.665668 -1.955922 -2.878299 4.7278 -4.170588 4.993925 11.020527 2e-06 -2e-06 12.109055 -3.735717 -2.866785 0.0 -0.0 1e-06 1.291986 -1.928549 -1.49809 14.800132 0.567466 3.865608 14.242577 -1.341738 -6.66066 19.631971 0.143924 -0.648247 49.39325 -0.573851 -6.317836 0.353029 -1.511151 -0.031941 20.222794 3.684308 2.316629 18.787277 3e-06 -4e-06 10.751629 -0.479869 1.397905 1e-06 1e-06 -2e-06 3.273807 0.305947 -0.580111 21.486816 11.830371 2.266132 8.162928 0.0 -3e-06 18.399088 -3.798987 -4.940578 4e-06 -0.0 1e-06 1.14787 -0.347536 7.986563 0.046802 -0.076268 2.00909 -1.918289 9.535531 -1.139952 1.599905 -1.936536 2.112718 0.0 -0.0 2e-06 -5.722982 -11.947227 11.153482 -0.002308 0.110596 1.608113 3.460778 -13.487359 -3.748901 -1.432145 0.961851 1.654148 0.0 0.0 -1e-06 
0.0 0.0 0.0 0.0 -0.0 0.0 -0.732903 100.379051 0.61505 0.378759 9.408385 -6.599561 -1.839427 -0.277492 2.261965 -0.778794 -1.633668 -3.940041 -0.269731 -3.612954 12.612228 0.692666 3.213295 -2.536231 -0.155167 2.040104 -3.661977 -0.934838 2.798313 -18.473545 7.7e-05 -2.3e-05 7e-06 -0.003253 -0.020687 0.07625 0.56591 -3.723758 -10.421144 -0.581833 3.698493 -10.439435 8.577402 -18.187658 4.707191 -38.915455 -36.940338 2.640823 177.316391 -69.906242 -175.309219 -13.634016 -7.06095 0.100228 -5.882102 9.861279 0.70259 -10.936865 -0.360574 7.156204 1e-06 8.774821 -1e-06 -16.664015 18.969004 5.657173 -1.844031 2.498504 -2.507278 -10.163592 4.678941 4.621109 -20.976013 -5e-06 4e-06 -21.226273 2.451692 -3.593999 0.0 -6e-06 -0.0 -1.36268 2.240797 -0.746323 -21.334904 0.584907 3.008322 -13.821206 -3e-06 4e-06 -23.887156 -0.24908 -0.839482 -60.93367 2.633657 -1.727316 -0.294024 1.679686 0.833256 -14.218199 0.093214 1.30058 -34.212029 -0.287567 0.967172 -20.033201 0.964535 1.212844 -1e-06 0.0 -2e-06 -3.440386 0.788234 0.501654 -15.928179 -3.16731 2.999706 -6.338822 -2e-06 2e-06 -18.123438 3.648179 -4.905667 -5e-06 1e-06 -3e-06 1.036083 14.768298 3.9672 30.774569 15.886624 -14.618551 -178.479721 43.336685 -179.458542 1.833748 12.547978 -31.701979 2.243538 -5.255032 -3.180156 14.282874 -0.826594 6.952495 -2e-06 -12.690592 0.0 16.000534 -17.474766 2.58418 1.665664 -1.95592 -2.878297 4.727793 -4.170583 4.993921 11.020512 2e-06 -2e-06 12.109036 -3.735712 -2.866782 -0.0 -0.0 2e-06 1.291983 -1.928548 -1.49809 14.800108 0.567467 3.865604 14.242557 -1.341737 -6.660653 19.631943 0.143926 -0.648246 49.515327 -0.572426 -6.337799 0.353028 -1.511148 -0.031939 20.222769 3.684306 2.31663 18.787252 4e-06 -0.0 10.751616 -0.479868 1.397905 2e-06 1e-06 -2e-06 3.273803 0.305947 -0.580109 21.48679 11.830362 2.26613 8.162917 1e-06 0.0 18.399059 -3.798982 -4.94057 4e-06 -0.0 0.0 1.18765 -0.486108 6.419204 0.048302 -0.097284 2.252402 -1.949858 9.438272 -0.921393 1.600128 -1.949506 2.117874 -0.0 0.0 2e-06 -5.352095 -11.996758 9.762948 0.0054 0.131845 1.626785 3.427227 -13.778179 -3.540226 -1.432388 0.939095 1.708627 0.0 0.0 -1e-06 
0.0 0.0 0.0 0.0 -0.0 0.0 -0.800596 100.486252 0.389999 0.298587 9.766986 -5.323453 -1.777119 -0.302657 2.799625 -0.749817 -1.523604 -3.750844 -0.385492 -3.435144 12.348561 0.829837 3.212051 -4.468886 -0.075124 2.229189 -3.610532 -0.597143 2.832532 -19.738754 7.7e-05 -2.3e-05 7e-06 -0.008806 -0.031922 0.08062 0.554248 -3.737271 -10.413384 -0.580687 3.690903 -10.433664 9.143314 -18.185228 4.505249 -39.653397 -36.530605 2.893463 176.907837 -69.127136 -175.047089 -14.277803 -5.916006 0.085615 -5.882104 9.861283 0.702591 -10.936869 -0.360576 7.156205 1e-06 8.774822 0.0 -16.389042 18.877871 5.820794 -1.844032 2.498503 -2.507278 -10.163596 4.678944 4.621109 -20.976017 -3e-06 2e-06 -21.226278 2.451696 -3.593999 1e-06 -7e-06 1e-06 -1.36268 2.240798 -0.746323 -21.334906 0.58491 3.008323 -13.821209 -2e-06 4e-06 -23.887159 -0.249079 -0.839481 -60.716373 2.647436 -1.655229 -0.294025 1.679687 0.833256 -14.218202 0.093216 1.300581 -34.212036 -0.287564 0.96717 -20.033205 0.964538 1.212843 -2e-06 -0.0 0.0 -3.440387 0.788233 0.501655 -15.928179 -3.167308 2.999708 -6.338824 -0.0 2e-06 -18.123444 3.648182 -4.905671 -5e-06 0.0 -2e-06 0.8903 15.253956 4.005758 30.899694 15.019153 -15.211782 -178.594498 43.248348 -179.477051 1.954972 12.554394 -30.798109 2.243539 -5.255033 -3.180158 14.28288 -0.826593 6.952502 -3e-06 -12.690597 0.0 16.048729 -17.599602 2.588966 1.665664 -1.955921 -2.878298 4.727796 -4.170584 4.993923 11.02052 4e-06 -1e-06 12.109043 -3.735713 -2.86678 -0.0 -0.0 1e-06 1.291985 -1.928549 -1.498088 14.800122 0.567467 3.865603 14.242563 -1.341735 -6.660653 19.631956 0.143927 -0.648241 49.627293 -0.566116 -6.349301 0.353027 -1.511148 -0.031941 20.22278 3.684307 2.316631 18.787264 4e-06 -0.0 10.751622 -0.479868 1.397903 1e-06 1e-06 -1e-06 3.273807 0.305946 -0.580111 21.486801 11.830368 2.266132 8.162922 3e-06 -1e-06 18.399071 -3.798981 -4.940573 4e-06 -0.0 0.0 1.296335 -0.625943 4.604323 0.047717 -0.115172 2.712966 -2.003419 9.263788 -0.795301 1.600601 -1.955145 2.177222 0.0 -0.0 2e-06 -4.895263 -12.035049 8.238509 0.016376 0.143877 1.656865 3.364358 -14.075469 -3.357702 -1.431158 0.938314 1.779777 -0.0 1e-06 -1e-06 
0.0 0.0 0.0 0.0 -0.0 0.0 -0.882686 100.587227 0.104702 0.168547 10.154471 -3.942945 -1.691168 -0.334471 3.388932 -0.724113 -1.411877 -3.536239 -0.481165 -3.301943 12.150517 0.915633 3.212817 -6.421027 -0.011979 2.362701 -3.576577 -0.316431 2.846732 -21.155277 7.7e-05 -2.2e-05 7e-06 -0.008848 -0.031033 0.083613 0.547617 -3.740391 -10.415913 -0.573536 3.696356 -10.442127 9.752464 -18.254475 4.358073 -40.444138 -36.06292 3.605868 176.614288 -68.789902 -174.867126 -14.885568 -4.651991 0.204275 -5.882102 9.86128 0.702591 -10.936863 -0.360576 7.156202 1e-06 8.774822 -2e-06 -16.139566 18.780369 5.990872 -1.844031 2.498502 -2.507276 -10.163593 4.678938 4.621104 -20.976013 -8e-06 1e-06 -21.226273 2.451694 -3.593996 -1e-06 -6e-06 -2e-06 -1.362681 2.240797 -0.746324 -21.334898 0.584905 3.00832 -13.821205 -5e-06 1e-06 -23.88715 -0.249082 -0.839481 -60.521236 2.679558 -1.553819 -0.294025 1.679686 0.833256 -14.218199 0.093213 1.300581 -34.212032 -0.28757 0.96717 -20.033201 0.964535 1.212845 -0.0 -0.0 -2e-06 -3.440386 0.788232 0.501654 -15.928176 -3.167311 2.999707 -6.33882 -2e-06 1e-06 -18.12343 3.648179 -4.905668 -4e-06 0.0 -2e-06 0.777212 15.775131 4.103039 30.926691 14.07145 -15.767962 -178.796143 43.530823 -179.545822 2.153027 12.523579 -29.568306 2.243541 -5.255036 -3.180158 14.282883 -0.826592 6.952499 -5e-06 -12.6906 2e-06 16.083288 -17.686275 2.566118 1.665666 -1.955922 -2.878299 4.727794 -4.170584 4.993923 11.020519 4e-06 -2e-06 12.109043 -3.735713 -2.866783 0.0 -0.0 2e-06 1.291984 -1.928548 -1.498088 14.80012 0.567469 3.865603 14.242564 -1.341734 -6.660657 19.631958 0.14393 -0.648244 49.805641 -0.555492 -6.344657 0.353029 -1.51115 -0.031941 20.222778 3.684309 2.316628 18.787264 6e-06 -2e-06 10.751622 -0.479867 1.397904 1e-06 0.0 -2e-06 3.273805 0.305946 -0.58011 21.486799 11.830368 2.266128 8.162922 3e-06 -1e-06 18.399067 -3.79898 -4.940573 3e-06 -1e-06 -1e-06 1.480882 -0.727757 2.467198 0.04598 -0.139309 3.456987 -2.096971 8.994807 -0.746351 1.602148 -1.954909 2.265022 0.0 1e-06 2e-06 -4.356972 -12.092424 6.553969 0.02427 0.138102 1.688743 3.302374 -14.354187 -3.158826 -1.431497 0.946674 1.857185 -0.0 -0.0 -1e-06 
0.0 0.0 0.0 0.0 -0.0 0.0 -0.963411 100.692093 -0.27175 -0.030345 10.567395 -2.423136 -1.560583 -0.364372 4.032242 -0.697337 -1.300716 -3.290668 -0.541983 -3.18383 12.000791 0.918387 3.193203 -8.409346 0.038617 2.48346 -3.541838 -0.086613 2.849846 -22.734051 7.7e-05 -2.3e-05 8e-06 -0.005764 -0.028566 0.085755 0.542407 -3.744441 -10.422317 -0.561526 3.70515 -10.453096 10.41331 -18.329056 4.261737 -41.497868 -35.5471 4.784698 176.524109 -68.896423 -174.891083 -15.2719 -3.286888 0.13087 -5.882104 9.861284 0.70259 -10.93687 -0.360576 7.156206 2e-06 8.774822 -1e-06 -15.892472 18.678968 6.14254 -1.844032 2.498504 -2.507278 -10.163598 4.678943 4.621107 -20.976023 -7e-06 2e-06 -21.226286 2.451693 -3.593997 -0.0 -7e-06 -2e-06 -1.362681 2.240798 -0.746323 -21.334911 0.584905 3.00832 -13.821214 -5e-06 3e-06 -23.887173 -0.249081 -0.839482 -60.299465 2.71023 -1.446407 -0.294026 1.679687 0.833256 -14.218208 0.093214 1.30058 -34.212048 -0.287567 0.967173 -20.033215 0.964535 1.212845 -2e-06 2e-06 -0.0 -3.440387 0.788233 0.501656 -15.928185 -3.167312 2.999707 -6.338826 -2e-06 1e-06 -18.123444 3.64818 -4.905669 -4e-06 1e-06 -0.0 0.699822 16.396849 4.305134 30.806879 13.0696 -16.342041 -179.088104 44.282673 -179.70787 2.484045 12.442913 -27.911896 2.24354 -5.255033 -3.180155 14.28288 -0.826594 6.952496 -3e-06 -12.690597 -1e-06 16.158558 -17.741709 2.519234 1.665665 -1.95592 -2.878298 4.727797 -4.170586 4.993919 11.020517 3e-06 -2e-06 12.109043 -3.735712 -2.866785 0.0 -0.0 -0.0 1.291984 -1.928548 -1.498088 14.800118 0.567471 3.865602 14.24256 -1.341734 -6.660654 19.631954 0.143929 -0.64824 50.077145 -0.553346 -6.323869 0.35303 -1.51115 -0.031941 20.222776 3.684309 2.316629 18.787256 6e-06 -1e-06 10.75162 -0.479867 1.397905 1e-06 1e-06 0.0 3.273806 0.305946 -0.58011 21.486801 11.830369 2.266131 8.162921 3e-06 -1e-06 18.399071 -3.79898 -4.940572 3e-06 -1e-06 -0.0 1.751225 -0.798915 -0.078498 0.043378 -0.172876 4.546307 -2.216323 8.649788 -0.743277 1.605528 -1.958267 2.340534 -0.0 0.0 1e-06 -3.708802 -12.121171 4.637871 0.031121 0.123472 1.72012 3.229072 -14.654909 -2.8749 -1.433618 0.944888 1.906978 -0.0 -0.0 -1e-06 
0.0 0.0 0.0 0.0 -0.0 0.0 -1.038312 100.778755 -0.760162 -0.287063 11.063657 -0.752385 -1.375051 -0.390863 4.723345 -0.668777 -1.191268 -3.018004 -0.558859 -3.072563 11.89805 0.802541 3.144872 -10.366287 0.066736 2.568769 -3.507461 0.066426 2.794714 -24.490883 7.7e-05 -2.2e-05 7e-06 -0.000524 -0.024808 0.090306 0.534605 -3.752616 -10.436626 -0.542654 3.720449 -10.471794 11.101739 -18.362946 4.243486 -42.934425 -34.958229 6.529937 176.407257 -69.494843 -174.936188 -15.379098 -1.907009 -0.225737 -5.8821 9.861275 0.70259 -10.936863 -0.360576 7.1562 1e-06 8.77482 -2e-06 -15.675841 18.554113 6.246636 -1.844031 2.498501 -2.507275 -10.163591 4.67894 4.621106 -20.976006 -6e-06 6e-06 -21.226269 2.451693 -3.593993 2e-06 -6e-06 -1e-06 -1.36268 2.240796 -0.746323 -21.3349 0.584907 3.008322 -13.821203 -5e-06 2e-06 -23.887154 -0.24908 -0.839479 -60.145042 2.731846 -1.345742 -0.294024 1.679687 0.833253 -14.218197 0.093213 1.300581 -34.212021 -0.287567 0.967173 -20.033195 0.964534 1.212844 -1e-06 2e-06 -2e-06 -3.440386 0.788232 0.501655 -15.928176 -3.16731 2.999705 -6.338821 -2e-06 3e-06 -18.12343 3.648179 -4.905665 -5e-06 1e-06 -3e-06 0.598316 17.162066 4.559611 30.422199 12.054551 -16.893475 -179.483276 45.773827 -179.965637 3.007749 12.350237 -25.824841 2.243537 -5.25503 -3.180153 14.282872 -0.826593 6.952496 -3e-06 -12.690589 0.0 16.226461 -17.806974 2.483126 1.665664 -1.955919 -2.878295 4.727793 -4.170582 4.993915 11.020512 3e-06 -3e-06 12.109035 -3.735711 -2.866777 -0.0 -0.0 0.0 1.291983 -1.928547 -1.498086 14.800108 0.567469 3.865604 14.242553 -1.341734 -6.660653 19.631939 0.143926 -0.648244 50.427227 -0.590382 -6.294151 0.353027 -1.511148 -0.031939 20.222763 3.684307 2.316629 18.787249 7e-06 0.0 10.751615 -0.479869 1.397907 1e-06 -0.0 0.0 3.273801 0.305947 -0.58011 21.486786 11.83036 2.266129 8.162916 1e-06 -1e-06 18.399055 -3.798979 -4.940568 4e-06 0.0 -1e-06 2.087552 -0.87481 -3.063261 0.040172 -0.207223 5.996914 -2.344038 8.175587 -0.81481 1.607631 -1.966344 2.410639 -0.0 -1e-06 2e-06 -2.965438 -12.092727 2.476 0.036876 0.100214 1.7736 3.196476 -15.02764 -2.566085 -1.435259 0.932543 1.922113 0.0 0.0 -1e-06 
0.0 0.0 0.0 0.0 -0.0 0.0 -1.100174 100.832306 -1.318426 -0.586268 11.665444 0.96317 -1.128961 -0.419241 5.440694 -0.633332 -1.080387 -2.728712 -0.512722 -2.946151 11.873079 0.562042 3.088556 -12.110492 0.052081 2.575591 -3.467639 0.100947 2.550504 -26.290445 7.7e-05 -2.2e-05 6e-06 0.008927 -0.011766 0.101944 0.528317 -3.754891 -10.455218 -0.516761 3.748239 -10.497847 11.62992 -18.252234 4.331846 -44.735027 -34.293819 8.854058 176.038025 -70.666245 -174.791718 -15.310397 -0.587771 -0.792525 -5.882102 9.861279 0.702592 -10.936866 -0.360577 7.156201 2e-06 8.774821 -1e-06 -15.519839 18.388975 6.248878 -1.844032 2.498502 -2.507277 -10.163596 4.678941 4.621109 -20.976019 -7e-06 4e-06 -21.226282 2.451694 -3.593997 2e-06 -8e-06 -3e-06 -1.362678 2.240796 -0.746321 -21.334906 0.584906 3.008324 -13.82121 -5e-06 3e-06 -23.887165 -0.24908 -0.83948 -60.103413 2.733614 -1.242961 -0.294025 1.679685 0.833256 -14.218205 0.093212 1.300579 -34.21204 -0.287569 0.967175 -20.033209 0.964536 1.212846 -1e-06 0.0 0.0 -3.440386 0.788233 0.501656 -15.928181 -3.16731 2.999706 -6.338824 -2e-06 2e-06 -18.123442 3.648178 -4.905665 -4e-06 1e-06 -1e-06 0.460385 18.050701 4.851553 29.485704 11.225025 -17.430515 -179.980347 48.279095 179.705643 3.765485 12.264827 -23.124815 2.24354 -5.255032 -3.180153 14.282875 -0.826594 6.952493 -2e-06 -12.69059 -1e-06 16.248053 -17.880009 2.485618 1.665665 -1.95592 -2.878295 4.727794 -4.170583 4.993917 11.020514 1e-06 -2e-06 12.109039 -3.735713 -2.866783 -0.0 0.0 -1e-06 1.291984 -1.928548 -1.498088 14.800112 0.567468 3.865604 14.242558 -1.341737 -6.66065 19.631945 0.143923 -0.648243 50.779964 -0.646206 -6.232048 0.353029 -1.51115 -0.031941 20.222769 3.684305 2.316628 18.787254 4e-06 1e-06 10.751619 -0.479869 1.397906 0.0 -2e-06 1e-06 3.273804 0.305947 -0.580108 21.486788 11.830361 2.26613 8.162917 3e-06 -2e-06 18.399061 -3.798982 -4.940569 3e-06 1e-06 1e-06 2.456577 -1.027217 -6.224085 0.03508 -0.229266 7.556645 -2.437654 7.640523 -0.897448 1.610835 -1.980343 2.456406 0.0 -0.0 2e-06 -2.179099 -11.968071 0.20479 0.047834 0.079529 1.870877 3.214514 -15.529527 -2.305591 -1.436823 0.912573 1.916488 0.0 0.0 -1e-06 
0.0 0.0 0.0 0.0 -0.0 0.0 -1.160148 100.84919 -1.913393 -0.935129 12.400599 2.619089 -0.806381 -0.439258 6.148906 -0.571296 -0.952449 -2.446244 -0.38591 -2.787547 11.946345 0.226674 3.047732 -13.470284 -0.050125 2.398779 -3.44966 0.071048 2.022696 -27.978188 7.7e-05 -2.2e-05 5e-06 0.02184 0.012728 0.116477 0.525923 -3.741567 -10.466264 -0.487766 3.783869 -10.521476 11.909972 -17.916027 4.585323 -46.886353 -33.613197 11.442299 175.53154 -72.561874 -174.469772 -15.177212 0.677729 -1.309849 -5.882104 9.861281 0.702588 -10.936869 -0.360574 7.156206 2e-06 8.774821 -1e-06 -15.474198 18.166475 6.119824 -1.844031 2.498504 -2.507278 -10.163599 4.678942 4.621106 -20.976021 -5e-06 1e-06 -21.226282 2.451694 -3.593998 2e-06 -6e-06 -2e-06 -1.36268 2.240797 -0.746323 -21.334913 0.584907 3.00832 -13.821212 -3e-06 -0.0 -23.887167 -0.24908 -0.83948 -60.139297 2.728259 -1.167389 -0.294024 1.679688 0.833254 -14.218206 0.093214 1.30058 -34.212044 -0.287565 0.967169 -20.033209 0.964536 1.212844 1e-06 1e-06 0.0 -3.440388 0.788233 0.501654 -15.928185 -3.16731 2.999706 -6.338826 -1e-06 2e-06 -18.123444 3.648179 -4.905669 -5e-06 2e-06 -3e-06 0.247818 19.027611 5.178003 27.688093 10.719684 -17.970556 179.474487 52.06031 179.3535 4.908693 12.209302 -19.862476 2.243539 -5.255033 -3.180155 14.282881 -0.826593 6.952498 -3e-06 -12.690593 0.0 16.129358 -17.975864 2.56348 1.665666 -1.95592 -2.878296 4.727796 -4.170584 4.99392 11.020519 3e-06 1e-06 12.109046 -3.735713 -2.866779 -0.0 0.0 1e-06 1.291984 -1.928547 -1.498087 14.800118 0.567468 3.865604 14.24256 -1.341735 -6.660651 19.631952 0.143926 -0.648242 51.082455 -0.732483 -6.173903 0.353028 -1.511149 -0.031941 20.22278 3.684309 2.316631 18.787258 6e-06 1e-06 10.75162 -0.479868 1.397905 1e-06 -1e-06 1e-06 3.273803 0.305947 -0.58011 21.486801 11.830367 2.266133 8.162922 3e-06 -1e-06 18.399071 -3.798981 -4.940569 3e-06 1e-06 0.0 2.864053 -1.306537 -9.356021 0.038341 -0.24216 9.06364 -2.46345 7.094733 -0.989936 1.61395 -1.989319 2.495797 0.0 -0.0 2e-06 -1.372306 -11.735097 -2.041266 0.057899 0.042842 1.997594 3.247126 -16.172983 -2.04048 -1.441891 0.900473 1.928953 0.0 0.0 -1e-06 
0.0 0.0 0.0 0.0 -0.0 0.0 -1.242831 100.856613 -2.536394 -1.292253 13.30243 4.184332 -0.437064 -0.410906 6.827138 -0.47413 -0.784134 -2.170596 -0.212274 -2.573143 12.148927 -0.118676 3.045389 -14.414104 -0.270789 1.956308 -3.449863 0.051307 1.113262 -29.441988 7.7e-05 -2.3e-05 6e-06 0.03655 0.048209 0.133206 0.526688 -3.712149 -10.46234 -0.458248 3.825328 -10.532964 11.94799 -17.292938 5.007178 -49.530144 -32.921509 13.983212 175.098175 -75.263802 -174.004044 -15.014379 2.033235 -1.694902 -5.882098 9.861276 0.70259 -10.936859 -0.360575 7.156199 -0.0 8.774817 -3e-06 -15.607824 17.925974 5.839917 -1.844029 2.498502 -2.507276 -10.163589 4.678937 4.621103 -20.976006 -6e-06 4e-06 -21.226265 2.451691 -3.593995 0.0 -6e-06 1e-06 -1.362678 2.240796 -0.746323 -21.334896 0.584906 3.008322 -13.8212 -3e-06 5e-06 -23.887146 -0.249081 -0.839481 -60.178299 2.706452 -1.135798 -0.294024 1.679685 0.833256 -14.218197 0.093213 1.300577 -34.212013 -0.287567 0.96717 -20.033195 0.964535 1.212845 -2e-06 0.0 2e-06 -3.440386 0.788231 0.501654 -15.928172 -3.167308 2.999706 -6.338821 -3e-06 1e-06 -18.123426 3.648176 -4.905664 -6e-06 1e-06 -3e-06 -0.017688 20.084942 5.578952 24.918932 10.594981 -18.46084 179.070236 57.452316 179.132263 6.538986 12.054081 -15.810492 2.24354 -5.255031 -3.180153 14.28288 -0.826593 6.952495 -4e-06 -12.690592 0.0 15.865932 -18.160572 2.776106 1.665666 -1.955919 -2.878297 4.727794 -4.170584 4.993923 11.020519 4e-06 -1e-06 12.109042 -3.73571 -2.86678 -1e-06 0.0 1e-06 1.291984 -1.928548 -1.498088 14.800117 0.567468 3.865606 14.24256 -1.341733 -6.660653 19.631952 0.143928 -0.648245 51.399754 -0.870151 -6.12469 0.353028 -1.511149 -0.03194 20.22278 3.684308 2.316627 18.787262 7e-06 -2e-06 10.751622 -0.479867 1.397904 -0.0 -0.0 1e-06 3.273805 0.305947 -0.580113 21.486799 11.830367 2.266128 8.162921 3e-06 -1e-06 18.399067 -3.798979 -4.940569 1e-06 0.0 -2e-06 3.285577 -1.841304 -12.33146 0.044165 -0.258961 10.337968 -2.345327 6.684096 -0.950692 1.617927 -2.000535 2.468888 -0.0 -1e-06 2e-06 -0.602475 -11.452375 -4.238254 0.069762 0.014308 2.203876 3.243536 -16.956322 -1.780997 -1.45218 0.887946 1.871147 0.0 0.0 -1e-06 
0.0 0.0 0.0 0.0 -0.0 0.0 -1.359099 100.846542 -3.193092 -1.617722 14.451363 5.709785 -0.03847 -0.334687 7.449564 -0.339231 -0.566216 -1.906642 -0.039454 -2.280072 12.416825 -0.369565 3.10028 -14.86727 -0.604364 1.132867 -3.46667 0.095586 -0.181301 -30.616587 7.7e-05 -2.1e-05 6e-06 0.047635 0.084103 0.147148 0.526347 -3.680076 -10.453521 -0.434765 3.864924 -10.537292 11.807726 -16.382921 5.531533 -52.727962 -32.175388 16.078953 174.869736 -78.713966 -173.46846 -14.771469 3.750449 -1.64905 -5.882102 9.861278 0.70259 -10.936861 -0.360574 7.156199 -0.0 8.774817 -2e-06 -15.900283 17.691704 5.517342 -1.844034 2.498503 -2.507277 -10.163589 4.678942 4.621105 -20.976006 -4e-06 -2e-06 -21.226271 2.451695 -3.594001 1e-06 -6e-06 -0.0 -1.362681 2.240795 -0.746324 -21.334898 0.58491 3.008318 -13.821202 -3e-06 -1e-06 -23.887152 -0.24908 -0.839487 -60.237461 2.698849 -1.132929 -0.294023 1.679687 0.833256 -14.218197 0.093217 1.300577 -34.212021 -0.287565 0.967163 -20.033195 0.964534 1.212839 -2e-06 -0.0 1e-06 -3.440385 0.788234 0.501656 -15.928172 -3.167306 2.999704 -6.33882 0.0 -0.0 -18.123426 3.64818 -4.905668 -3e-06 -0.0 -4e-06 -0.404612 21.249252 5.945794 21.527098 10.813974 -18.749962 179.104309 64.789818 179.376801 8.409428 11.51111 -11.260519 2.243541 -5.255034 -3.180157 14.282887 -0.826596 6.952502 -1e-06 -12.690597 -1e-06 15.539543 -18.442795 3.075421 1.665666 -1.955921 -2.878298 4.727798 -4.170585 4.99392 11.020524 3e-06 -1e-06 12.109051 -3.735716 -2.866783 -0.0 -1e-06 1e-06 1.291985 -1.928549 -1.49809 14.800123 0.567468 3.865608 14.242568 -1.341737 -6.660657 19.631962 0.143924 -0.648243 51.652576 -1.076644 -6.127724 0.353029 -1.511151 -0.031939 20.222786 3.684307 2.316628 18.78727 4e-06 -2e-06 10.751624 -0.479868 1.397906 -3e-06 1e-06 -2e-06 3.273807 0.305947 -0.58011 21.486809 11.830367 2.266132 8.162924 1e-06 1e-06 18.399076 -3.798983 -4.940573 2e-06 0.0 -2e-06 3.741003 -2.677352 -15.215223 0.051334 -0.273971 11.379686 -2.16385 6.326557 -0.763259 1.620537 -2.002215 2.388796 0.0 -0.0 2e-06 0.11577 -11.172192 -6.476198 0.075856 -0.018359 2.5828 3.180955 -17.932413 -1.592007 -1.466441 0.876586 1.733498 -0.0 -0.0 -1e-06 
0.0 0.0 0.0 0.0 -0.0 0.0 -1.52112 100.820778 -3.871203 -1.860623 15.895701 7.210584 0.383087 -0.225021 8.004262 -0.188053 -0.290593 -1.67623 0.11952 -1.954682 12.723188 -0.456669 3.204766 -14.854458 -1.041927 -0.098043 -3.499675 0.284763 -1.862336 -31.446503 7.7e-05 -2.3e-05 7e-06 0.051781 0.105335 0.152133 0.526819 -3.65222 -10.425537 -0.426084 3.878933 -10.524508 11.378215 -15.220177 6.152805 -56.075027 -31.263132 17.298338 174.574738 -82.373985 -172.792221 -14.307713 5.945932 -1.440184 -5.882099 9.861279 0.702588 -10.936865 -0.360577 7.156201 1e-06 8.774822 -1e-06 -16.317665 17.497662 5.22912 -1.84403 2.498505 -2.507277 -10.163593 4.678941 4.621106 -20.976009 -5e-06 1e-06 -21.226271 2.451694 -3.593999 1e-06 -5e-06 -1e-06 -1.362681 2.240797 -0.746323 -21.3349 0.584909 3.008322 -13.821204 -3e-06 2e-06 -23.88715 -0.249081 -0.839483 -60.22036 2.719138 -1.195744 -0.294026 1.679687 0.833255 -14.218202 0.093213 1.300578 -34.212032 -0.287565 0.96717 -20.033203 0.964534 1.212843 -1e-06 0.0 -0.0 -3.440385 0.788234 0.501654 -15.928176 -3.167309 2.999704 -6.33882 0.0 0.0 -18.123436 3.64818 -4.905669 -4e-06 -2e-06 -2e-06 -0.932867 22.543293 6.238879 17.996485 11.475525 -18.777418 -179.715515 74.364037 -179.24791 9.865464 10.385557 -7.151874 2.24354 -5.255034 -3.180159 14.282885 -0.826592 6.952501 -2e-06 -12.6906 -1e-06 15.409961 -18.699976 3.265913 1.665666 -1.95592 -2.878297 4.727798 -4.170585 4.99392 11.020522 3e-06 0.0 12.10905 -3.735714 -2.866782 1e-06 -0.0 -2e-06 1.291985 -1.928548 -1.49809 14.800123 0.56747 3.865609 14.242564 -1.341735 -6.660654 19.631956 0.143926 -0.648243 51.574615 -1.266077 -6.186572 0.353028 -1.51115 -0.031939 20.222784 3.68431 2.316631 18.787266 5e-06 2e-06 10.751622 -0.479868 1.397908 0.0 0.0 0.0 3.273805 0.305947 -0.58011 21.486807 11.830368 2.266134 8.162924 2e-06 1e-06 18.399075 -3.798983 -4.940569 5e-06 -1e-06 -0.0 4.229087 -3.807514 -18.036327 0.06362 -0.267393 12.216228 -2.038099 5.939825 -0.418746 1.620028 -1.994381 2.238017 0.0 -0.0 2e-06 0.754256 -10.910365 -8.814196 0.0688 -0.066373 3.26374 3.081156 -19.220709 -1.565326 -1.482136 0.873214 1.527346 0.0 -0.0 -1e-06 
0.0 0.0 0.0 0.0 -0.0 0.0 -1.762403 100.765099 -4.557655 -1.988102 17.624453 8.655009 0.847361 -0.096781 8.544408 -0.048951 0.089164 -1.486681 0.290807 -1.634119 13.066119 -0.363913 3.327479 -14.498129 -1.598583 -1.746107 -3.53213 0.710697 -3.972147 -32.00293 7.7e-05 -2.3e-05 8e-06 0.055449 0.122763 0.150564 0.541134 -3.617511 -10.38724 -0.4324 3.877702 -10.506145 10.497481 -13.885705 6.872069 -58.980015 -30.093699 17.332308 175.189301 -85.471474 -173.250381 -13.569631 8.614796 -1.704935 -5.882099 9.861275 0.702587 -10.936858 -0.360576 7.156196 1e-06 8.774815 -3e-06 -16.670799 17.412262 5.075405 -1.844029 2.498503 -2.507274 -10.163586 4.678936 4.621102 -20.975994 -5e-06 2e-06 -21.226254 2.451693 -3.593995 2e-06 -5e-06 -0.0 -1.362681 2.240797 -0.746322 -21.334887 0.584907 3.00832 -13.821195 -5e-06 3e-06 -23.887136 -0.249082 -0.83948 -59.9258 2.734035 -1.334771 -0.294026 1.679684 0.833253 -14.21819 0.09321 1.300578 -34.212002 -0.287566 0.967171 -20.033188 0.964535 1.212842 0.0 2e-06 0.0 -3.440384 0.788232 0.501656 -15.928167 -3.167307 2.999705 -6.338819 -1e-06 1e-06 -18.123425 3.648179 -4.905665 -4e-06 -0.0 -2e-06 -1.65529 23.968069 6.445264 14.662518 12.629296 -18.745581 -172.121918 86.64579 -171.553497 10.465316 8.790623 -4.542521 2.243537 -5.255027 -3.180153 14.282871 -0.826592 6.952491 -2e-06 -12.690589 -2e-06 15.539202 -18.794668 3.278486 1.665663 -1.955919 -2.878297 4.727789 -4.17058 4.993917 11.020509 3e-06 -1e-06 12.109036 -3.73571 -2.866778 0.0 1e-06 0.0 1.291983 -1.928548 -1.498088 14.800108 0.567466 3.8656 14.242555 -1.341735 -6.66065 19.631941 0.143926 -0.648244 51.190647 -1.357285 -6.264727 0.353029 -1.511149 -0.031939 20.222765 3.684309 2.316627 18.787249 6e-06 0.0 10.751615 -0.479866 1.397904 -0.0 -1e-06 2e-06 3.273804 0.305947 -0.580111 21.486786 11.830364 2.26613 8.162915 3e-06 -1e-06 18.399057 -3.798979 -4.940569 2e-06 -0.0 -2e-06 4.744925 -5.20599 -20.779028 0.096632 -0.249997 12.892643 -1.967078 5.505496 0.058759 1.619633 -1.995442 2.059795 0.0 -1e-06 2e-06 1.296298 -10.721988 -11.296136 0.04015 -0.112231 4.430921 3.013865 -20.81246 -1.81158 -1.496863 0.881961 1.260372 0.0 0.0 -1e-06 
0.0 0.0 0.0 0.0 -0.0 0.0 -2.096745 100.658546 -5.243132 -1.895664 19.674887 10.018777 1.329907 0.049046 9.148719 0.057675 0.599125 -1.276448 0.446994 -1.294472 13.45539 -0.049645 3.414377 -14.000854 -2.230286 -3.806549 -3.538154 1.383356 -6.454504 -32.369629 7.7e-05 -2.2e-05 6e-06 0.060719 0.139973 0.149248 0.559591 -3.575509 -10.341007 -0.43991 3.868345 -10.480827 9.31147 -12.521065 7.681046 -60.908916 -28.675285 16.391382 -179.849594 -87.346199 -178.432098 -12.817138 11.31028 -3.162555 -5.882102 9.861275 0.70259 -10.936858 -0.360575 7.156197 1e-06 8.774815 -3e-06 -16.77384 17.479832 5.08787 -1.844032 2.498502 -2.507273 -10.163588 4.678938 4.621104 -20.976 -2e-06 5e-06 -21.226259 2.451697 -3.593995 0.0 -6e-06 0.0 -1.362678 2.240796 -0.746324 -21.334888 0.584908 3.008321 -13.821198 -1e-06 3e-06 -23.887142 -0.249077 -0.839481 -59.306286 2.664508 -1.453158 -0.294025 1.679684 0.833254 -14.21819 0.093214 1.300579 -34.212002 -0.287562 0.967169 -20.033188 0.964537 1.212842 0.0 0.0 0.0 -3.440386 0.788231 0.501656 -15.928168 -3.167304 2.999705 -6.33882 -1e-06 2e-06 -18.123426 3.64818 -4.905664 -3e-06 -0.0 -2e-06 -2.741281 25.557871 6.482253 11.858641 14.155824 -18.535187 -0.29891 77.664963 0.082384 10.853162 6.877993 -3.456161 2.243539 -5.255032 -3.180154 14.282872 -0.82659 6.952492 -2e-06 -12.69059 -3e-06 15.840876 -18.844992 3.182554 1.665663 -1.955918 -2.878297 4.727791 -4.17058 4.993917 11.020512 4e-06 -2e-06 12.109034 -3.735709 -2.86678 -0.0 -1e-06 1e-06 1.291986 -1.928548 -1.498088 14.800108 0.567469 3.865603 14.242554 -1.341734 -6.660649 19.631941 0.143926 -0.648244 50.991123 -1.36563 -6.367152 0.353028 -1.51115 -0.031941 20.222763 3.684311 2.316628 18.787249 6e-06 0.0 10.75161 -0.479866 1.397906 -2e-06 1e-06 -1e-06 3.273802 0.305947 -0.58011 21.486786 11.830362 2.266131 8.162915 2e-06 2e-06 18.399054 -3.798982 -4.940567 3e-06 -1e-06 -1e-06 5.201279 -6.879571 -23.451176 0.142784 -0.239081 13.515125 -1.911204 5.005282 0.686678 1.622684 -2.016679 1.912725 0.0 -0.0 2e-06 1.661295 -10.819609 -14.018426 0.004332 -0.142779 6.414373 3.0532 -22.537941 -2.538842 -1.505559 0.920659 1.015249 -0.0 -0.0 -1e-06 
0.0 0.0 0.0 0.0 -0.0 0.0 -2.533966 100.481941 -5.883967 -1.529642 21.995443 11.283945 1.804223 0.201641 9.848789 0.148591 1.208792 -0.998537 0.574194 -0.817053 13.888139 0.476861 3.416912 -13.419281 -2.885083 -6.213137 -3.532047 2.312618 -9.189554 -32.600998 7.7e-05 -2.3e-05 5e-06 0.061892 0.153881 0.144528 0.561921 -3.533234 -10.307858 -0.439967 3.851239 -10.462368 8.055741 -11.132783 8.568095 -61.582016 -27.0839 15.393963 -172.372864 -87.862381 173.595612 -13.004091 13.298283 -5.714514 -5.882102 9.861281 0.702591 -10.936865 -0.360573 7.1562 -0.0 8.774821 -0.0 -16.742525 17.710033 5.180312 -1.84403 2.498505 -2.507278 -10.163595 4.678942 4.621108 -20.976017 -3e-06 2e-06 -21.22628 2.451696 -3.593999 -0.0 -7e-06 1e-06 -1.36268 2.240796 -0.746322 -21.334902 0.584912 3.008321 -13.821207 -2e-06 0.0 -23.887161 -0.249079 -0.839484 -58.938705 2.589911 -1.443322 -0.294024 1.679688 0.833254 -14.218203 0.093212 1.30058 -34.212036 -0.287564 0.96717 -20.033205 0.964535 1.212843 1e-06 -0.0 1e-06 -3.440385 0.788233 0.501655 -15.928177 -3.167308 2.999705 -6.338822 -3e-06 1e-06 -18.123438 3.648181 -4.905668 -4e-06 0.0 -3e-06 -4.219593 27.397135 6.250027 9.936517 15.706548 -17.40027 2.862625 59.352459 2.317461 12.354699 4.238004 -3.098975 2.24354 -5.255033 -3.180156 14.282884 -0.826594 6.952501 -3e-06 -12.690597 2e-06 16.171198 -18.829281 2.900554 1.665667 -1.955921 -2.878298 4.727797 -4.170584 4.993923 11.02052 3e-06 -1e-06 12.109046 -3.735715 -2.866782 0.0 -1e-06 0.0 1.291986 -1.928548 -1.498088 14.800118 0.567467 3.865607 14.242564 -1.341733 -6.660654 19.631956 0.143926 -0.648244 51.13588 -1.244309 -6.466299 0.353028 -1.51115 -0.03194 20.222782 3.684308 2.31663 18.787266 4e-06 1e-06 10.751624 -0.479868 1.397905 -0.0 -0.0 1e-06 3.273806 0.305947 -0.580111 21.486807 11.830368 2.266131 8.162924 0.0 1e-06 18.399076 -3.798982 -4.940571 2e-06 0.0 -1e-06 5.524256 -8.707403 -26.047701 0.191553 -0.237466 14.263223 -1.933751 4.351675 1.297598 1.623353 -2.048409 1.827985 0.0 -0.0 2e-06 1.830729 -11.355453 -16.993891 -0.033707 -0.153905 9.399936 3.224249 -24.115807 -3.82868 -1.507311 0.961456 0.877009 -0.0 0.0 -1e-06 
0.0 0.0 0.0 0.0 -0.0 0.0 -3.0557 100.230072 -6.414541 -0.95108 24.519461 12.426466 2.280849 0.338565 10.604583 0.253809 1.824725 -0.655501 0.702451 -0.090939 14.367527 1.211503 3.287441 -12.714303 -3.583771 -8.744165 -3.48689 3.484193 -11.962965 -32.719398 7.7e-05 -2.3e-05 6e-06 0.052385 0.148844 0.129814 0.550012 -3.519147 -10.319865 -0.446977 3.822537 -10.479458 6.67428 -9.675294 9.641403 -60.981583 -25.290426 15.215392 -176.286041 -87.690468 177.122238 -14.965609 14.481034 -8.536466 -5.882104 9.861283 0.702589 -10.936867 -0.360576 7.156199 -1e-06 8.774824 -3e-06 -16.823843 18.050303 5.276965 -1.844031 2.498503 -2.507278 -10.163597 4.678944 4.621104 -20.976023 -4e-06 -1e-06 -21.226288 2.451694 -3.594005 -1e-06 -7e-06 -2e-06 -1.362681 2.240798 -0.746322 -21.334906 0.58491 3.008319 -13.821209 -2e-06 0.0 -23.887165 -0.24908 -0.839487 -59.182198 2.583832 -1.301318 -0.294025 1.679686 0.833255 -14.218207 0.093215 1.300579 -34.212048 -0.287569 0.967164 -20.033207 0.964533 1.212842 0.0 -0.0 0.0 -3.440388 0.788233 0.501654 -15.928183 -3.16731 2.999702 -6.338826 -1e-06 2e-06 -18.123444 3.648182 -4.905673 -4e-06 0.0 -2e-06 -5.703685 29.570335 5.859562 9.393245 17.117821 -14.567737 4.592584 40.690609 2.421327 15.93111 0.781947 -3.501879 2.243544 -5.255036 -3.180158 14.282896 -0.826595 6.952502 -4e-06 -12.690603 1e-06 15.971005 -18.576479 2.550302 1.665667 -1.955921 -2.878299 4.727799 -4.170586 4.993925 11.020529 3e-06 -1e-06 12.109055 -3.735714 -2.866783 0.0 -0.0 0.0 1.291984 -1.928548 -1.498089 14.800131 0.567468 3.865607 14.242576 -1.341734 -6.660657 19.631969 0.143926 -0.648245 50.91769 -0.932377 -6.498237 0.353029 -1.511151 -0.03194 20.222797 3.684309 2.316629 18.787279 5e-06 -2e-06 10.75163 -0.479869 1.397905 0.0 -0.0 1e-06 3.273808 0.305948 -0.58011 21.48682 11.830372 2.26613 8.162929 2e-06 -2e-06 18.399088 -3.798983 -4.940576 3e-06 -0.0 1e-06 5.755721 -10.519955 -28.536972 0.215174 -0.251256 15.282854 -2.139357 3.54255 1.723236 1.618533 -2.056782 1.7485 0.0 -0.0 2e-06 1.933185 -12.45539 -20.0632 -0.069472 -0.153018 13.179286 3.592522 -25.314569 -5.616468 -1.504166 0.966588 0.846525 0.0 -0.0 -1e-06 
0.0 0.0 0.0 0.0 -0.0 0.0 -3.623891 99.931618 -6.736867 -0.348161 27.277143 13.331699 2.760544 0.459607 11.313314 0.349719 2.444105 -0.30446 0.991882 0.743051 15.024784 2.099987 2.987794 -11.912987 -4.274758 -10.978889 -3.368968 4.842687 -14.677807 -32.844929 7.7e-05 -2.3e-05 6e-06 0.048378 0.173926 0.106737 0.558415 -3.499967 -10.401033 -0.462634 3.848613 -10.554259 5.213658 -8.194482 10.786253 -59.708546 -23.043549 16.01931 173.20697 -88.013374 -172.146103 -17.861917 15.083319 -10.29514 -5.882099 9.861281 0.702591 -10.936859 -0.360574 7.156199 1e-06 8.774821 2e-06 -16.837551 18.378218 5.452948 -1.84403 2.498504 -2.507277 -10.163591 4.678941 4.621106 -20.976004 -5e-06 4e-06 -21.226267 2.451695 -3.593997 -0.0 -6e-06 -2e-06 -1.36268 2.240796 -0.746321 -21.334896 0.584909 3.008322 -13.821201 -1e-06 4e-06 -23.887148 -0.249079 -0.839479 -59.580204 2.576762 -0.99767 -0.294024 1.679687 0.833256 -14.218196 0.093214 1.300579 -34.212021 -0.287566 0.967172 -20.033192 0.964536 1.212842 0.0 -0.0 1e-06 -3.440387 0.788233 0.501655 -15.928172 -3.167308 2.999704 -6.338819 -2e-06 4e-06 -18.123426 3.648181 -4.905663 -4e-06 1e-06 -3e-06 -6.381118 31.806843 5.696382 10.96967 17.895725 -10.798244 5.415374 26.19035 1.725286 19.704168 -2.030058 -4.077062 2.243537 -5.255033 -3.180155 14.282879 -0.826591 6.952496 -5e-06 -12.690598 1e-06 15.139357 -18.685003 2.671178 1.665664 -1.95592 -2.878297 4.727792 -4.170584 4.99392 11.020514 5e-06 -2e-06 12.109039 -3.735711 -2.866782 0.0 0.0 0.0 1.291984 -1.928548 -1.498088 14.800115 0.567471 3.865604 14.242558 -1.341733 -6.660653 19.63195 0.14393 -0.648243 50.483295 -0.671273 -6.703324 0.353028 -1.51115 -0.031939 20.222775 3.684311 2.316628 18.787256 7e-06 1e-06 10.751616 -0.479867 1.397906 1e-06 -0.0 0.0 3.273802 0.305947 -0.580111 21.486795 11.830372 2.266131 8.162919 3e-06 0.0 18.399063 -3.798981 -4.94057 2e-06 -0.0 -0.0 6.069668 -12.249342 -30.831125 0.192859 -0.299199 16.590345 -2.580343 2.524147 1.9533 1.611021 -2.027831 1.682329 0.0 -0.0 2e-06 2.160989 -14.049969 -22.737865 -0.088031 -0.169067 17.010052 4.160322 -26.163141 -7.632846 -1.50138 0.954632 0.880873 -0.0 -0.0 -1e-06 
0.0 0.0 0.0 0.0 -0.0 0.0 -4.201563 99.643456 -6.767497 0.132947 30.155569 13.932476 3.130589 0.56685 11.902645 0.409269 3.020946 -0.00012 1.445289 1.605716 15.864814 3.203627 2.525198 -10.966691 -4.818038 -12.756942 -3.216602 6.305203 -17.049492 -32.912014 7.7e-05 -2.3e-05 6e-06 0.047729 0.221719 0.078336 0.586244 -3.468291 -10.526056 -0.490599 3.909706 -10.657338 3.773987 -6.747001 11.915009 -58.590485 -19.990862 16.735163 121.247513 -89.659073 -119.461128 -19.751274 15.369126 -10.357424 -5.882105 9.861278 0.702591 -10.936867 -0.360572 7.156201 1e-06 8.774817 1e-06 -16.475443 18.587755 5.790164 -1.844032 2.498503 -2.507276 -10.163595 4.678942 4.621107 -20.976015 -0.0 5e-06 -21.226278 2.451699 -3.593997 0.0 -5e-06 -1e-06 -1.362682 2.240795 -0.746323 -21.334908 0.584913 3.008322 -13.821206 -1e-06 4e-06 -23.887161 -0.249075 -0.839483 -59.871067 2.547793 -0.658256 -0.294025 1.679687 0.833256 -14.218204 0.093218 1.300583 -34.21204 -0.28756 0.967169 -20.033209 0.964538 1.212844 0.0 0.0 2e-06 -3.440388 0.788233 0.501657 -15.928183 -3.167304 2.999707 -6.338825 -0.0 2e-06 -18.123444 3.64818 -4.905667 -6e-06 -0.0 -1e-06 -5.758101 33.501053 6.150888 14.61352 18.499561 -8.017855 5.083681 17.917566 1.071822 21.574638 -4.081917 -4.41061 2.24354 -5.255031 -3.180155 14.282881 -0.826593 6.952497 -2e-06 -12.690589 -2e-06 14.930066 -19.017443 2.836114 1.665665 -1.95592 -2.878296 4.727796 -4.170582 4.993918 11.020517 2e-06 -1e-06 12.109042 -3.735713 -2.866781 0.0 -1e-06 -0.0 1.291985 -1.928547 -1.498088 14.800118 0.567467 3.865605 14.24256 -1.341736 -6.660651 19.631954 0.143924 -0.648244 50.328865 -0.701773 -7.02435 0.353029 -1.511149 -0.031941 20.222775 3.684305 2.316629 18.787256 4e-06 0.0 10.751621 -0.479868 1.397905 2e-06 -1e-06 0.0 3.273804 0.305947 -0.58011 21.486795 11.830359 2.266132 8.16292 1e-06 -0.0 18.399071 -3.79898 -4.94057 2e-06 0.0 -1e-06 6.554844 -13.77739 -32.718777 0.135325 -0.366648 17.91189 -3.176752 1.147795 2.105874 1.601609 -1.992166 1.697732 0.0 -0.0 2e-06 2.569928 -15.834105 -24.562407 -0.078978 -0.206731 20.04476 4.742587 -26.783352 -9.530114 -1.494196 0.943493 0.983107 0.0 -0.0 -1e-06 
0.0 0.0 0.0 0.0 -0.0 0.0 -4.794226 99.422745 -6.489849 0.478344 32.942577 14.227146 3.355319 0.669022 12.397845 0.428921 3.511996 0.276259 1.825047 2.501269 16.775032 4.540981 1.992002 -9.837215 -5.182316 -14.074762 -3.092459 7.628066 -18.706566 -32.75494 7.7e-05 -2.3e-05 6e-06 0.03842 0.269996 0.035284 0.607339 -3.426199 -10.646356 -0.529436 3.963327 -10.746516 2.440816 -5.20845 13.088685 -58.254566 -15.953562 16.261023 -1.619785 -86.819862 4.232715 -19.331617 15.446147 -9.382032 -5.882097 9.861277 0.702591 -10.936861 -0.360577 7.156201 2e-06 8.774819 -1e-06 -15.782093 18.461943 6.129076 -1.84403 2.498503 -2.507275 -10.163588 4.678939 4.621106 -20.976 -6e-06 6e-06 -21.226259 2.451694 -3.593993 1e-06 -6e-06 -0.0 -1.36268 2.240796 -0.746323 -21.33489 0.584906 3.008324 -13.821197 -4e-06 4e-06 -23.887142 -0.24908 -0.839478 -59.966713 2.478722 -0.517778 -0.294024 1.679686 0.833256 -14.218194 0.093212 1.30058 -34.212013 -0.287567 0.967175 -20.033194 0.964536 1.212848 -0.0 -1e-06 -1e-06 -3.440384 0.788233 0.501655 -15.928172 -3.167309 2.999707 -6.338818 -2e-06 2e-06 -18.123425 3.648179 -4.905662 -6e-06 -0.0 -2e-06 -4.129033 34.381668 7.267391 20.082504 19.966425 -6.97299 3.252529 15.029457 0.602067 21.350845 -5.850957 -5.603791 2.243538 -5.255032 -3.180154 14.282868 -0.826589 6.952495 -4e-06 -12.690591 -1e-06 15.504263 -19.061197 2.719009 1.665664 -1.955919 -2.878296 4.727791 -4.170582 4.993917 11.020511 5e-06 -2e-06 12.109035 -3.735708 -2.866781 0.0 0.0 -0.0 1.291983 -1.928548 -1.498088 14.800108 0.567471 3.865602 14.24255 -1.341732 -6.660651 19.631941 0.14393 -0.648242 50.457844 -0.843756 -7.124505 0.353028 -1.511149 -0.03194 20.222761 3.684311 2.316627 18.787245 8e-06 0.0 10.751611 -0.479866 1.397905 0.0 -0.0 0.0 3.273802 0.305947 -0.580109 21.486782 11.830366 2.266131 8.162913 3e-06 0.0 18.399054 -3.798978 -4.940567 3e-06 0.0 -1e-06 7.102249 -15.012536 -33.963978 0.083348 -0.418001 18.87813 -3.795907 -0.496566 2.261981 1.59271 -1.943345 1.829803 -0.0 -0.0 2e-06 3.097526 -17.490664 -25.317516 -0.058724 -0.220152 21.768559 5.173719 -27.369442 -11.050957 -1.485341 0.944176 1.087854 0.0 0.0 -1e-06 
0.0 0.0 0.0 0.0 -0.0 0.0 -5.347454 99.333473 -5.967783 0.652225 35.494362 14.190001 3.510039 0.823798 12.826096 0.398372 3.940559 0.517689 2.045434 3.35474 17.587103 5.88569 1.434595 -8.368316 -5.287003 -14.915581 -3.024045 8.546268 -19.559942 -32.354378 7.7e-05 -2.3e-05 6e-06 0.021642 0.275785 -0.02109 0.610553 -3.423487 -10.742912 -0.565672 3.970724 -10.81461 1.437462 -3.51511 14.222356 -59.220493 -10.913995 13.963777 -5.156334 -82.197342 8.060212 -15.908984 15.372272 -8.137327 -5.882102 9.861278 0.702587 -10.936862 -0.360576 7.156197 0.0 8.774817 -3e-06 -15.078046 17.915895 6.33314 -1.844031 2.498503 -2.507275 -10.163592 4.67894 4.621102 -20.976006 -2e-06 1e-06 -21.226269 2.451696 -3.593999 -1e-06 -6e-06 -0.0 -1.362681 2.240796 -0.746323 -21.334896 0.584909 3.008318 -13.821201 -2e-06 0.0 -23.887152 -0.249078 -0.839484 -59.940342 2.406993 -0.678198 -0.294025 1.679686 0.833254 -14.218195 0.093215 1.300578 -34.212021 -0.287563 0.967167 -20.033197 0.964535 1.212841 -1e-06 -0.0 0.0 -3.440385 0.788233 0.501655 -15.928168 -3.167306 2.999704 -6.33882 -1e-06 0.0 -18.123428 3.648181 -4.905669 -5e-06 -0.0 -2e-06 -2.423743 34.252918 8.596338 27.257254 22.705824 -5.661456 0.844335 16.746183 0.248749 20.025976 -6.89974 -8.241097 2.243541 -5.255033 -3.180154 14.282882 -0.826596 6.952497 -3e-06 -12.690598 3e-06 16.216921 -19.033997 2.542519 1.665666 -1.95592 -2.878297 4.727797 -4.170586 4.993921 11.02052 2e-06 -1e-06 12.109046 -3.735714 -2.866782 -1e-06 0.0 -0.0 1.291985 -1.928548 -1.498088 14.800122 0.567467 3.865604 14.242568 -1.341735 -6.660652 19.631964 0.143925 -0.648245 50.774601 -0.861625 -7.017738 0.353029 -1.511149 -0.03194 20.222784 3.684307 2.316627 18.78727 4e-06 -2e-06 10.751625 -0.479868 1.397904 0.0 0.0 0.0 3.273805 0.305946 -0.58011 21.486805 11.830367 2.266128 8.162923 1e-06 -2e-06 18.399075 -3.798982 -4.940573 3e-06 0.0 -1e-06 7.624849 -15.979289 -34.429707 0.043715 -0.452446 19.276571 -4.297775 -2.128276 2.453366 1.592435 -1.873039 1.884869 0.0 -0.0 2e-06 3.688551 -18.865345 -24.928768 -0.020727 -0.198598 21.980814 5.323035 -28.169296 -12.080756 -1.482481 0.95864 1.169463 0.0 0.0 -1e-06 
0.0 0.0 0.0 0.0 -0.0 0.0 -5.693378 99.344162 -5.288205 0.552894 37.808548 13.752783 3.721496 1.037827 13.207592 0.335123 4.362454 0.679755 2.19621 4.163255 18.14082 6.905336 0.801353 -6.441339 -5.090093 -15.449444 -2.981802 9.077038 -19.835724 -31.738117 7.7e-05 -2.3e-05 6e-06 0.006293 0.256932 -0.063321 0.596836 -3.450847 -10.800803 -0.58237 3.958731 -10.84735 0.989825 -1.752011 15.106306 -61.397491 -5.292846 9.93376 -5.734911 -77.077454 7.87021 -10.393458 14.828785 -7.29905 -5.88211 9.86129 0.70259 -10.936877 -0.360574 7.156208 -0.0 8.774828 -1e-06 -14.806877 17.129251 6.257059 -1.844033 2.498505 -2.507277 -10.163604 4.678947 4.621109 -20.97603 -2e-06 2e-06 -21.226297 2.4517 -3.594002 -0.0 -5e-06 1e-06 -1.362682 2.240799 -0.746323 -21.334921 0.584912 3.008324 -13.821218 -1e-06 2e-06 -23.88718 -0.249076 -0.839484 -59.572807 2.325016 -1.014845 -0.294025 1.679688 0.833256 -14.218214 0.093217 1.300581 -34.212063 -0.287559 0.96717 -20.033222 0.964538 1.212842 0.0 -0.0 0.0 -3.44039 0.788234 0.501656 -15.928192 -3.167308 2.999709 -6.33883 -0.0 1e-06 -18.123457 3.648186 -4.905672 -5e-06 -0.0 -2e-06 -1.392739 33.355312 9.661811 35.419212 26.116249 -2.291323 -0.720419 20.859228 -0.047332 18.881189 -7.720627 -9.894446 2.243543 -5.255037 -3.180158 14.282898 -0.826597 6.952505 -1e-06 -12.690607 1e-06 16.646601 -19.083763 2.450532 1.665667 -1.955922 -2.878299 4.727801 -4.170589 4.993925 11.020534 2e-06 -2e-06 12.109058 -3.735717 -2.866785 -0.0 -0.0 0.0 1.291987 -1.928549 -1.498089 14.800134 0.567466 3.865607 14.242578 -1.341738 -6.660661 19.631975 0.143924 -0.648248 50.709423 -0.810104 -6.774443 0.35303 -1.511151 -0.03194 20.222801 3.684307 2.316629 18.787283 3e-06 -3e-06 10.751633 -0.47987 1.397905 3e-06 0.0 1e-06 3.273808 0.305947 -0.580111 21.486824 11.830374 2.266131 8.16293 1e-06 -2e-06 18.39909 -3.798987 -4.940578 3e-06 0.0 -1e-06 8.186173 -16.745647 -34.232857 0.012459 -0.48744 19.202003 -4.715127 -3.539462 2.599325 1.601258 -1.801221 1.827009 0.0 0.0 2e-06 4.289472 -19.761723 -23.614002 0.015276 -0.208831 21.019131 5.252937 -29.236168 -12.697879 -1.482554 0.957284 1.193567 0.0 -0.0 -1e-06 
0.0 0.0 0.0 0.0 -0.0 0.0 -5.957323 99.382591 -4.543547 0.321578 40.006268 13.009926 3.943008 1.29786 13.421662 0.276165 4.733744 0.715165 2.36691 4.870593 18.484385 7.570896 0.170722 -4.183672 -4.848181 -15.822785 -2.967808 9.399218 -19.886259 -31.00135 7.7e-05 -2.3e-05 6e-06 -0.008301 0.252585 -0.083181 0.580508 -3.468405 -10.850423 -0.595272 3.966438 -10.874744 1.024399 -0.19129 15.661552 -63.63834 0.275907 5.760181 -3.832941 -72.997856 5.058491 -5.747207 13.679463 -7.573522 -5.882101 9.861283 0.70259 -10.936865 -0.360576 7.156202 1e-06 8.774822 -1e-06 -15.101192 16.646442 5.962332 -1.844031 2.498504 -2.507276 -10.163592 4.678943 4.621109 -20.976009 -4e-06 3e-06 -21.226271 2.451696 -3.593997 0.0 -6e-06 -1e-06 -1.36268 2.240798 -0.746322 -21.3349 0.584907 3.008322 -13.821205 -3e-06 4e-06 -23.887156 -0.249079 -0.83948 -58.923935 2.262694 -1.325907 -0.294024 1.679687 0.833254 -14.218199 0.093213 1.30058 -34.212032 -0.287567 0.967172 -20.033205 0.964535 1.212846 -1e-06 -0.0 -2e-06 -3.440387 0.788232 0.501656 -15.928176 -3.167311 2.999705 -6.338822 -1e-06 3e-06 -18.123432 3.648182 -4.905667 -4e-06 1e-06 -2e-06 -0.796748 32.27103 10.546447 43.290359 29.321104 2.882688 -1.066231 25.113529 -0.179099 18.570961 -9.065096 -9.504642 2.243542 -5.255036 -3.180156 14.282896 -0.826595 6.952502 -2e-06 -12.690601 1e-06 16.839668 -18.887472 2.382602 1.665666 -1.955921 -2.878297 4.7278 -4.170587 4.993922 11.020529 3e-06 1e-06 12.109053 -3.735717 -2.866781 1e-06 -0.0 -0.0 1.291986 -1.928549 -1.498089 14.800129 0.567467 3.865608 14.242575 -1.341737 -6.660655 19.631969 0.143924 -0.648244 50.192734 -0.808819 -6.389103 0.353028 -1.51115 -0.03194 20.222794 3.684307 2.316629 18.787275 4e-06 -1e-06 10.75163 -0.479868 1.397906 -1e-06 0.0 0.0 3.273807 0.305947 -0.58011 21.486813 11.830369 2.266132 8.162929 1e-06 -2e-06 18.39908 -3.798985 -4.940576 3e-06 0.0 -1e-06 8.726217 -17.567524 -33.586147 -4.5e-05 -0.52096 18.818043 -5.073876 -4.689425 2.691785 1.613693 -1.758121 1.721315 0.0 -0.0 2e-06 4.774386 -20.274096 -21.734098 0.029363 -0.296525 19.472332 5.091541 -30.610846 -13.08667 -1.481168 0.932699 1.170006 0.0 0.0 -1e-06 
0.0 0.0 0.0 0.0 -0.0 0.0 -6.145405 99.430244 -3.833045 0.091194 42.230549 12.086728 4.129904 1.567211 13.414193 0.249074 5.0288 0.647033 2.603685 5.455229 18.6656 7.911305 -0.321804 -1.984336 -4.715566 -16.079374 -2.960883 9.488888 -19.966681 -30.209049 7.7e-05 -2.2e-05 6e-06 -0.018627 0.253048 -0.088196 0.572677 -3.483621 -10.906147 -0.608346 3.982187 -10.914761 1.471569 1.071017 15.994328 -65.366859 5.212751 2.683709 -0.431392 -70.742432 1.451353 -3.000824 12.547143 -8.816971 -5.882098 9.861276 0.702587 -10.936857 -0.360578 7.156196 1e-06 8.774817 -3e-06 -15.494417 16.647856 5.803268 -1.84403 2.498501 -2.507275 -10.163586 4.678939 4.621104 -20.975998 -5e-06 0.0 -21.226265 2.451689 -3.593999 -0.0 -7e-06 1e-06 -1.36268 2.240796 -0.746323 -21.334887 0.584905 3.008317 -13.821196 -5e-06 1e-06 -23.88714 -0.249082 -0.839482 -58.649059 2.274611 -1.554274 -0.294024 1.679685 0.833257 -14.21819 0.093213 1.300578 -34.212009 -0.28757 0.967168 -20.033188 0.964534 1.212843 0.0 0.0 -1e-06 -3.440382 0.788232 0.501655 -15.928165 -3.16731 2.999703 -6.338817 -2e-06 1e-06 -18.123421 3.648176 -4.905669 -3e-06 0.0 -2e-06 -0.333277 31.317419 11.336171 50.096878 31.775648 8.591555 -0.705418 28.747164 -0.155807 18.935505 -10.959936 -8.061033 2.243542 -5.255031 -3.180154 14.28288 -0.826596 6.952497 -3e-06 -12.690592 1e-06 16.997612 -18.453302 2.326014 1.665664 -1.955919 -2.878295 4.727795 -4.170584 4.993921 11.020516 3e-06 -2e-06 12.109042 -3.735713 -2.866781 1e-06 -1e-06 -1e-06 1.291982 -1.928548 -1.498088 14.800115 0.567465 3.865605 14.242563 -1.341736 -6.660649 19.631948 0.143924 -0.648244 49.782356 -0.843155 -5.981435 0.353028 -1.511149 -0.031941 20.222776 3.684305 2.316627 18.78726 4e-06 -1e-06 10.751619 -0.47987 1.397906 -0.0 0.0 1e-06 3.273802 0.305946 -0.580111 21.486795 11.83036 2.266131 8.162922 0.0 -0.0 18.399069 -3.798983 -4.94057 3e-06 1e-06 -1e-06 9.178696 -18.623205 -32.671936 -0.002069 -0.556111 18.236259 -5.342458 -5.5743 2.835249 1.625815 -1.751231 1.596233 0.0 -0.0 2e-06 5.106089 -20.597363 -19.57634 0.027878 -0.43204 17.749403 4.985432 -32.278088 -13.439078 -1.474328 0.900995 1.12329 0.0 -0.0 -1e-06 
0.0 0.0 0.0 0.0 -0.0 0.0 -6.243803 99.473953 -3.252847 -0.048295 44.46447 11.122876 4.265733 1.7891 13.224305 0.247563 5.325776 0.538483 2.920919 5.921708 18.724844 7.940994 -0.616373 -0.284753 -4.700949 -16.271652 -2.940056 9.354152 -20.14019 -29.445192 7.7e-05 -2.2e-05 5e-06 -0.015614 0.229842 -0.08298 0.581698 -3.52017 -10.941172 -0.611748 3.973083 -10.939817 2.163567 2.089513 16.080667 -66.642822 9.15971 0.463271 2.600475 -70.232742 -1.446399 -1.497088 11.547479 -10.765021 -5.8821 9.861275 0.702589 -10.936859 -0.360576 7.156199 1e-06 8.774815 -2e-06 -15.733677 16.853424 5.827968 -1.844029 2.498502 -2.507271 -10.163589 4.678939 4.621103 -20.976006 -6e-06 -2e-06 -21.226269 2.451691 -3.593999 1e-06 -7e-06 -2e-06 -1.36268 2.240796 -0.746324 -21.334892 0.584908 3.008317 -13.821201 -4e-06 0.0 -23.887152 -0.249082 -0.839483 -58.742065 2.308727 -1.702768 -0.294024 1.679684 0.833256 -14.218193 0.093214 1.300578 -34.212013 -0.287567 0.967166 -20.033194 0.964534 1.212842 2e-06 1e-06 0.0 -3.440384 0.788231 0.501655 -15.928172 -3.167308 2.999703 -6.33882 -2e-06 -1e-06 -18.123426 3.648176 -4.905663 -4e-06 1e-06 -2e-06 0.114874 30.647192 12.004724 54.968826 33.112385 13.410135 -0.044732 31.929411 -0.010122 19.664946 -12.782078 -6.92514 2.243541 -5.255034 -3.180155 14.28288 -0.826595 6.9525 -3e-06 -12.690601 3e-06 17.201143 -17.975338 2.283917 1.665664 -1.95592 -2.878297 4.727797 -4.170586 4.993923 11.02052 4e-06 1e-06 12.109041 -3.735714 -2.866781 2e-06 1e-06 -0.0 1.291984 -1.928549 -1.498088 14.800118 0.567468 3.865607 14.242564 -1.341734 -6.660653 19.631956 0.143926 -0.648243 49.788269 -0.8543 -5.664432 0.353028 -1.51115 -0.031939 20.222776 3.684309 2.31663 18.787256 4e-06 1e-06 10.75162 -0.479869 1.397908 -0.0 0.0 2e-06 3.273805 0.305947 -0.580108 21.486794 11.830368 2.26613 8.162921 1e-06 0.0 18.399071 -3.798985 -4.94057 3e-06 0.0 -1e-06 9.46535 -19.925661 -31.679735 0.003756 -0.574699 17.622118 -5.464279 -6.281929 3.066352 1.636117 -1.778594 1.47225 -0.0 0.0 2e-06 5.254383 -20.842615 -17.428396 0.022783 -0.531671 16.19591 4.996667 -34.091347 -13.778824 -1.462802 0.872299 1.103495 0.0 0.0 -1e-06 
0.0 0.0 0.0 0.0 -0.0 0.0 -6.249993 99.492325 -2.8298 -0.107525 46.67696 10.186591 4.366029 1.939494 12.937417 0.262379 5.644742 0.412185 3.275566 6.311919 18.628475 7.739053 -0.700724 0.875593 -4.704044 -16.434303 -2.901223 9.019759 -20.411205 -28.709345 7.7e-05 -2.1e-05 5e-06 -0.001604 0.189296 -0.071914 0.607197 -3.570428 -10.94939 -0.609842 3.943794 -10.9376 2.956851 2.91486 15.859599 -67.708023 12.214501 -1.412409 4.751979 -70.95665 -3.509007 -0.708441 10.78932 -12.820702 -5.882107 9.861281 0.70259 -10.936867 -0.360572 7.156203 -2e-06 8.77482 2e-06 -15.862827 17.027077 5.885077 -1.84403 2.498504 -2.507278 -10.163597 4.678944 4.621108 -20.976015 0.0 3e-06 -21.226278 2.451697 -3.593997 1e-06 -6e-06 -0.0 -1.362682 2.240798 -0.746322 -21.334904 0.584912 3.008323 -13.821209 0.0 -0.0 -23.887159 -0.249076 -0.839484 -58.839046 2.345699 -1.816318 -0.294025 1.679686 0.833256 -14.218207 0.093215 1.300581 -34.21204 -0.287561 0.967167 -20.033209 0.964538 1.212843 0.0 -1e-06 0.0 -3.440389 0.788233 0.501656 -15.928183 -3.167306 2.999707 -6.338825 -1e-06 2e-06 -18.123444 3.648183 -4.905671 -5e-06 -0.0 -2e-06 0.477802 30.247879 12.516061 57.714935 33.527615 16.976467 0.885754 34.900593 0.323751 20.540888 -14.061705 -6.561343 2.24354 -5.255034 -3.180156 14.282887 -0.826595 6.952502 -2e-06 -12.6906 0.0 17.335896 -17.587444 2.275941 1.665667 -1.95592 -2.878299 4.727797 -4.170586 4.993924 11.020525 4e-06 0.0 12.109049 -3.735715 -2.866781 -0.0 -1e-06 0.0 1.291986 -1.928549 -1.498088 14.800122 0.567467 3.865608 14.242568 -1.341735 -6.660655 19.631968 0.143927 -0.648244 50.079208 -0.850159 -5.450927 0.353028 -1.51115 -0.031939 20.222788 3.684309 2.316629 18.787271 4e-06 0.0 10.751628 -0.47987 1.397906 -0.0 2e-06 1e-06 3.273807 0.305946 -0.58011 21.486811 11.83037 2.266133 8.162926 2e-06 1e-06 18.399076 -3.798985 -4.940574 4e-06 1e-06 -3e-06 9.598233 -21.334309 -30.723444 0.008215 -0.573069 17.074776 -5.548442 -6.948407 3.271811 1.642457 -1.815066 1.371501 0.0 -0.0 2e-06 5.275174 -21.145893 -15.515456 0.00897 -0.577641 15.068967 5.099664 -35.89032 -14.157413 -1.451835 0.851559 1.097945 -0.0 -0.0 -1e-06 
0.0 0.0 0.0 0.0 -0.0 0.0 -6.210864 99.487183 -2.535116 -0.129452 48.882057 9.300611 4.455234 2.026527 12.613828 0.283323 5.956479 0.261211 3.615218 6.608547 18.389456 7.433004 -0.647581 1.621786 -4.723674 -16.563564 -2.849192 8.633763 -20.770227 -27.971504 7.7e-05 -2.5e-05 6e-06 0.014095 0.147666 -0.060742 0.641087 -3.617235 -10.93321 -0.612878 3.908941 -10.909347 3.728493 3.547239 15.422639 -68.802567 14.543187 -3.283792 6.215518 -72.422417 -5.051129 -0.228731 10.548014 -14.406577 -5.882106 9.861283 0.702592 -10.936872 -0.360573 7.156203 -1e-06 8.774823 -1e-06 -15.940208 17.128008 5.912361 -1.844031 2.498503 -2.507277 -10.163599 4.678945 4.621106 -20.976021 -2e-06 2e-06 -21.226286 2.451697 -3.593998 0.0 -6e-06 -3e-06 -1.362682 2.240798 -0.746322 -21.334913 0.58491 3.00832 -13.821213 -2e-06 1e-06 -23.887173 -0.249078 -0.839485 -58.73217 2.36393 -1.894635 -0.294025 1.679687 0.833256 -14.218208 0.093215 1.300579 -34.212048 -0.287562 0.967167 -20.033215 0.964536 1.212841 2e-06 0.0 -1e-06 -3.440389 0.788234 0.501657 -15.928185 -3.167307 2.999704 -6.338826 -1e-06 1e-06 -18.123446 3.648183 -4.905671 -4e-06 -0.0 -2e-06 0.634317 30.017429 12.833874 58.721691 33.365284 19.69014 1.995146 37.893021 0.842122 21.581467 -14.625811 -7.046678 2.243539 -5.255039 -3.180158 14.282885 -0.826594 6.952496 -2e-06 -12.690606 0.0 17.334721 -17.294044 2.299161 1.665666 -1.955921 -2.878298 4.727797 -4.170588 4.993921 11.020525 3e-06 -4e-06 12.109045 -3.735715 -2.866784 -0.0 -1e-06 2e-06 1.291984 -1.928549 -1.498088 14.800122 0.567469 3.865602 14.242568 -1.341734 -6.660658 19.63196 0.143929 -0.648248 50.336216 -0.836888 -5.311197 0.353031 -1.511149 -0.031941 20.222786 3.684311 2.316625 18.787268 6e-06 -4e-06 10.751624 -0.479868 1.397903 0.0 2e-06 0.0 3.273807 0.305946 -0.58011 21.486801 11.830376 2.266129 8.162923 2e-06 -1e-06 18.399076 -3.798984 -4.940577 2e-06 1e-06 -2e-06 9.620601 -22.722778 -29.844194 0.009291 -0.549102 16.583872 -5.664115 -7.641752 3.452223 1.644303 -1.833986 1.32245 -0.0 -1e-06 1e-06 5.234362 -21.631605 -13.900911 -0.010657 -0.595953 14.372851 5.212926 -37.53912 -14.57722 -1.443314 0.851246 1.091023 0.0 0.0 -1e-06 
0.0 0.0 0.0 0.0 -0.0 0.0 -6.166249 99.464783 -2.31696 -0.138889 51.038612 8.492131 4.533292 2.066458 12.267561 0.317415 6.208776 0.084519 3.88649 6.81405 18.070103 7.14997 -0.560917 2.113483 -4.807416 -16.623932 -2.784858 8.326612 -21.164961 -27.232372 7.7e-05 -2.3e-05 6e-06 0.023623 0.123985 -0.051256 0.670883 -3.642876 -10.902734 -0.624204 3.888775 -10.867553 4.406568 3.986269 14.942096 -69.97963 16.249262 -5.103566 7.429553 -74.357231 -6.369593 0.13868 10.895456 -15.340279 -5.882104 9.861283 0.70259 -10.936872 -0.360576 7.156203 1e-06 8.774824 -1e-06 -15.953614 17.212696 5.958303 -1.844033 2.498503 -2.507277 -10.163598 4.678942 4.621107 -20.976023 -6e-06 6e-06 -21.226284 2.451696 -3.593996 -1e-06 -6e-06 -1e-06 -1.362682 2.240797 -0.746323 -21.334913 0.584907 3.008323 -13.821213 -4e-06 4e-06 -23.887169 -0.24908 -0.83948 -58.540993 2.369852 -1.90518 -0.294024 1.679688 0.833256 -14.218208 0.093213 1.30058 -34.212048 -0.287568 0.967175 -20.033211 0.964534 1.212846 0.0 -0.0 0.0 -3.440389 0.788233 0.501656 -15.928185 -3.16731 2.999706 -6.338825 -2e-06 2e-06 -18.123444 3.648179 -4.905668 -4e-06 -0.0 -3e-06 0.552661 29.837585 12.957655 58.514107 32.86853 21.916906 3.149464 41.07795 1.511209 22.803249 -14.594187 -8.119871 2.243538 -5.255033 -3.180158 14.28288 -0.826592 6.952498 -6e-06 -12.690596 2e-06 17.254116 -17.097176 2.326816 1.665665 -1.95592 -2.878298 4.727793 -4.170583 4.993921 11.020518 4e-06 -2e-06 12.109042 -3.735709 -2.866781 0.0 -1e-06 -0.0 1.291985 -1.928547 -1.498088 14.800115 0.567469 3.865604 14.24256 -1.341732 -6.660653 19.631952 0.143929 -0.648244 50.514397 -0.808283 -5.243836 0.353028 -1.511149 -0.031941 20.222776 3.68431 2.316627 18.787262 1e-05 -1e-06 10.75162 -0.479866 1.397905 0.0 1e-06 -1e-06 3.273803 0.305947 -0.58011 21.486801 11.83037 2.26613 8.162921 3e-06 1e-06 18.399069 -3.79898 -4.940569 3e-06 0.0 -1e-06 9.559208 -23.983982 -29.054802 0.012757 -0.510051 16.11207 -5.817603 -8.352632 3.621238 1.641948 -1.830871 1.314334 0.0 -0.0 2e-06 5.177629 -22.285589 -12.602521 -0.032504 -0.605376 14.022267 5.263942 -39.010544 -15.007884 -1.438716 0.874616 1.072049 0.0 0.0 -1e-06 
0.0 0.0 0.0 0.0 -0.0 0.0 -6.14006 99.439102 -2.137573 -0.089349 53.139874 7.78555 4.587007 2.074036 11.904181 0.362509 6.38625 -0.092377 4.07345 6.94259 17.740721 6.967671 -0.53641 2.454619 -4.943794 -16.614721 -2.713074 8.106544 -21.591713 -26.515141 7.7e-05 -2.2e-05 6e-06 0.0271 0.116317 -0.043001 0.690893 -3.653541 -10.872284 -0.637636 3.885303 -10.831 4.987987 4.259594 14.509892 -71.195923 17.429688 -6.751398 8.48327 -76.662849 -7.56534 0.584067 11.711225 -15.768754 -5.882104 9.861278 0.70259 -10.936866 -0.360574 7.1562 -1e-06 8.774819 -1e-06 -15.90423 17.257153 6.021521 -1.844031 2.498503 -2.507277 -10.163595 4.678942 4.621105 -20.976017 -2e-06 1e-06 -21.226278 2.451696 -3.593998 0.0 -6e-06 -1e-06 -1.36268 2.240797 -0.746322 -21.334904 0.58491 3.008321 -13.821207 -3e-06 3e-06 -23.887159 -0.249078 -0.839483 -58.309673 2.369184 -1.858227 -0.294023 1.679685 0.833255 -14.218204 0.093216 1.300581 -34.212032 -0.28756 0.967168 -20.033201 0.964537 1.212842 -1e-06 -0.0 1e-06 -3.440386 0.788231 0.501654 -15.928176 -3.167306 2.999704 -6.338823 -1e-06 2e-06 -18.123438 3.648181 -4.90567 -4e-06 0.0 -3e-06 0.311015 29.652802 12.929464 57.468159 32.150211 23.865 4.197281 44.569492 2.263248 24.200371 -14.180213 -9.377986 2.243539 -5.255034 -3.180157 14.282885 -0.826592 6.952499 -0.0 -12.6906 -1e-06 17.114496 -16.980656 2.356519 1.665665 -1.955922 -2.878297 4.727798 -4.170584 4.993923 11.020521 3e-06 -0.0 12.109043 -3.735714 -2.866782 1e-06 -1e-06 -0.0 1.291984 -1.928549 -1.498089 14.80012 0.56747 3.865606 14.24256 -1.341739 -6.660654 19.631952 0.143925 -0.648242 50.60865 -0.763198 -5.236083 0.353028 -1.51115 -0.031941 20.222784 3.684307 2.316632 18.787266 4e-06 1e-06 10.751622 -0.479869 1.397905 1e-06 2e-06 -1e-06 3.273805 0.305947 -0.58011 21.486803 11.830374 2.266136 8.162922 2e-06 0.0 18.399071 -3.798983 -4.940569 3e-06 1e-06 1e-06 9.41142 -25.148523 -28.323204 0.015766 -0.46683 15.615808 -6.017585 -9.054477 3.867923 1.639476 -1.812905 1.317698 0.0 -0.0 2e-06 5.087529 -23.105188 -11.518012 -0.051184 -0.610362 13.845226 5.236014 -40.342537 -15.378663 -1.436448 0.909781 1.046659 0.0 0.0 -1e-06 
0.0 0.0 0.0 0.0 -0.0 0.0 -6.133241 99.415779 -1.966875 -0.014689 55.148228 7.139936 4.616306 2.061251 11.528979 0.422227 6.491179 -0.267276 4.180919 7.034901 17.421921 6.876634 -0.586742 2.751466 -5.079454 -16.571199 -2.629804 7.916988 -22.001112 -25.818308 7.7e-05 -2.2e-05 6e-06 0.026762 0.121739 -0.0333 0.700937 -3.651175 -10.835685 -0.648873 3.895282 -10.794923 5.52419 4.392977 14.146115 -72.422935 18.304304 -8.189274 9.576214 -79.392326 -8.876285 1.238248 12.73767 -15.836137 -5.882101 9.861279 0.702591 -10.936863 -0.360577 7.156201 1e-06 8.77482 -2e-06 -15.805953 17.286509 6.082074 -1.844029 2.498502 -2.507274 -10.163589 4.678942 4.621106 -20.976006 -5e-06 4e-06 -21.226269 2.451695 -3.593995 1e-06 -6e-06 -1e-06 -1.362679 2.240797 -0.746323 -21.334896 0.584906 3.008323 -13.821201 -3e-06 4e-06 -23.887152 -0.24908 -0.83948 -58.126644 2.3679 -1.802242 -0.294022 1.679685 0.833256 -14.218197 0.093214 1.300581 -34.212021 -0.287565 0.967173 -20.033197 0.964536 1.212845 1e-06 0.0 -1e-06 -3.440386 0.788232 0.501655 -15.928172 -3.167308 2.999707 -6.338819 -2e-06 2e-06 -18.123426 3.64818 -4.905664 -4e-06 0.0 -3e-06 -0.019838 29.443859 12.86471 55.82066 31.294411 25.590559 5.138195 48.659477 3.103909 25.82513 -13.582855 -10.544125 2.243541 -5.255031 -3.180155 14.28288 -0.826591 6.952492 -3e-06 -12.69059 -1e-06 16.96257 -16.949757 2.392483 1.665665 -1.955919 -2.878295 4.727796 -4.170582 4.993917 11.020518 4e-06 -2e-06 12.109044 -3.735711 -2.866784 -0.0 2e-06 1e-06 1.291985 -1.928547 -1.498088 14.800118 0.567468 3.865603 14.242565 -1.341733 -6.660655 19.631952 0.143929 -0.648245 50.696423 -0.707269 -5.268273 0.353028 -1.511149 -0.031939 20.22278 3.684306 2.316626 18.787262 6e-06 -4e-06 10.75162 -0.479867 1.397905 2e-06 1e-06 -2e-06 3.273805 0.305947 -0.580111 21.486795 11.830361 2.266127 8.16292 2e-06 -1e-06 18.399067 -3.798977 -4.940571 2e-06 1e-06 -1e-06 9.199294 -26.140949 -27.589434 0.015642 -0.434591 15.056319 -6.276447 -9.786424 4.145227 1.635979 -1.788823 1.328749 0.0 -0.0 2e-06 4.989402 -24.048052 -10.556994 -0.067904 -0.610528 13.724021 5.097336 -41.565426 -15.603029 -1.436744 0.941648 1.029288 0.0 0.0 -1e-06 
0.0 0.0 0.0 0.0 -0.0 0.0 -6.145963 99.407303 -1.803048 0.07224 56.988499 6.523646 4.621761 2.048294 11.152475 0.483176 6.542285 -0.430211 4.239505 7.067565 17.145617 6.847342 -0.672225 3.049568 -5.218969 -16.525913 -2.565544 7.734496 -22.368685 -25.117489 7.6e-05 -2e-05 6e-06 0.028204 0.117589 -0.027357 0.706063 -3.660539 -10.810765 -0.651523 3.89728 -10.774725 5.986788 4.386789 13.825712 -73.505676 19.051212 -9.382996 11.727334 -82.479576 -11.254923 2.130383 13.692629 -15.314327 -5.882105 9.861279 0.70259 -10.936872 -0.360574 7.156205 -1e-06 8.774819 -2e-06 -15.68311 17.318844 6.107535 -1.844029 2.498503 -2.507276 -10.163598 4.678944 4.621108 -20.976023 -1e-06 4e-06 -21.226286 2.451699 -3.593997 0.0 -6e-06 -1e-06 -1.362682 2.240797 -0.746324 -21.334913 0.584912 3.008322 -13.821214 -1e-06 1e-06 -23.887171 -0.249076 -0.839484 -58.028187 2.361934 -1.774052 -0.294026 1.679685 0.833255 -14.218207 0.093215 1.300581 -34.212048 -0.28756 0.967171 -20.033211 0.964539 1.212842 1e-06 -0.0 0.0 -3.440388 0.788233 0.501655 -15.928185 -3.167307 2.999706 -6.338825 0.0 1e-06 -18.123446 3.648184 -4.905669 -4e-06 1e-06 -3e-06 -0.334646 29.167538 12.806319 53.875923 30.360994 26.978035 6.069367 53.323372 4.089672 27.450094 -12.587875 -11.735863 2.243538 -5.255037 -3.180157 14.282885 -0.826595 6.952502 0.0 -12.690601 0.0 16.830902 -16.947437 2.427323 1.665665 -1.955922 -2.878298 4.727797 -4.170587 4.993922 11.020523 3e-06 -2e-06 12.109048 -3.735714 -2.866781 1e-06 1e-06 -0.0 1.291986 -1.928548 -1.498088 14.800122 0.567467 3.865608 14.242566 -1.341737 -6.660654 19.631958 0.143927 -0.648242 50.785213 -0.650852 -5.335608 0.353028 -1.511151 -0.03194 20.222784 3.684309 2.31663 18.787266 4e-06 0.0 10.751623 -0.47987 1.397905 -0.0 1e-06 -1e-06 3.273804 0.305946 -0.580111 21.486801 11.830366 2.266133 8.162923 1e-06 0.0 18.399075 -3.798985 -4.940571 3e-06 -1e-06 -1e-06 8.934186 -26.960981 -26.820665 0.016295 -0.409341 14.475191 -6.570574 -10.513918 4.441571 1.632609 -1.770758 1.322959 -0.0 -1e-06 2e-06 4.860866 -25.009684 -9.643204 -0.077897 -0.610209 13.593447 4.856994 -42.654541 -15.645873 -1.439748 0.973402 1.03363 -0.0 -0.0 -1e-06 
0.0 0.0 0.0 0.0 -0.0 0.0 -6.162261 99.408646 -1.643303 0.20269 58.612621 5.948819 4.598764 2.024114 10.79041 0.527562 6.570299 -0.604535 4.244703 7.045576 16.901278 6.835823 -0.773581 3.422505 -5.32755 -16.460835 -2.53842 7.497685 -22.604717 -24.34107 7.7e-05 -2.2e-05 6e-06 0.033162 0.095811 -0.027441 0.70851 -3.686811 -10.791165 -0.64436 3.88097 -10.761512 6.371375 4.28342 13.537216 -74.419685 19.752371 -10.562205 17.708324 -85.821434 -17.476049 3.264734 14.514354 -14.286233 -5.882102 9.861277 0.702588 -10.936868 -0.360576 7.156204 2e-06 8.774817 -1e-06 -15.545034 17.348907 6.116668 -1.844032 2.498503 -2.507277 -10.163595 4.678939 4.621107 -20.976013 -4e-06 4e-06 -21.226274 2.451694 -3.593995 1e-06 -6e-06 -1e-06 -1.362678 2.240796 -0.746323 -21.334908 0.584907 3.008325 -13.821207 -3e-06 4e-06 -23.887157 -0.249079 -0.839479 -57.995049 2.359787 -1.727182 -0.294024 1.679685 0.833255 -14.2182 0.093215 1.300581 -34.21204 -0.287563 0.967176 -20.033205 0.964537 1.212845 -1e-06 -1e-06 -1e-06 -3.440387 0.788232 0.501655 -15.928181 -3.167308 2.999709 -6.338825 -1e-06 2e-06 -18.123444 3.648179 -4.905668 -4e-06 0.0 -3e-06 -0.611334 28.847776 12.7499 51.868992 29.399239 28.186232 6.912416 58.379848 5.156241 28.773401 -11.21209 -12.816413 2.243536 -5.255032 -3.180153 14.282876 -0.826592 6.9525 -4e-06 -12.690592 1e-06 16.700838 -16.950441 2.488348 1.665663 -1.95592 -2.878296 4.727795 -4.170582 4.993921 11.020514 5e-06 3e-06 12.109035 -3.735713 -2.866777 1e-06 0.0 -1e-06 1.291984 -1.928548 -1.498088 14.800114 0.567469 3.865608 14.242552 -1.341735 -6.660645 19.631948 0.143923 -0.648236 50.854454 -0.587811 -5.402888 0.353029 -1.511149 -0.03194 20.222769 3.684311 2.316634 18.787251 3e-06 8e-06 10.751615 -0.47987 1.397909 2e-06 -1e-06 1e-06 3.273802 0.305947 -0.58011 21.486792 11.830361 2.266136 8.162919 1e-06 2e-06 18.399061 -3.798986 -4.940565 2e-06 0.0 -1e-06 8.593652 -27.602673 -25.99103 0.017605 -0.384183 13.905025 -6.870334 -11.246528 4.732388 1.631067 -1.751912 1.289101 0.0 1e-06 2e-06 4.66683 -25.914331 -8.727549 -0.083238 -0.596471 13.445035 4.556022 -43.583488 -15.583871 -1.442395 1.00168 1.048545 -0.0 0.0 -1e-06 
0.0 0.0 0.0 0.0 -0.0 0.0 -6.152833 99.407631 -1.496793 0.365377 59.976799 5.366878 4.54657 1.98914 10.4443 0.553804 6.588891 -0.792778 4.213951 6.974513 16.678947 6.803101 -0.86596 3.876712 -5.40405 -16.373732 -2.537874 7.203218 -22.688293 -23.505695 7.7e-05 -2.4e-05 6e-06 0.039036 0.064029 -0.02963 0.708317 -3.720457 -10.771919 -0.632775 3.851827 -10.750341 6.676033 4.131794 13.245764 -75.198677 20.500748 -11.863126 69.198166 -88.939278 -69.234047 4.733777 15.194407 -12.938014 -5.882108 9.861283 0.702588 -10.936869 -0.360573 7.156201 -1e-06 8.774822 -0.0 -15.444854 17.392351 6.112882 -1.844032 2.498503 -2.507277 -10.163596 4.678944 4.621106 -20.976021 -3e-06 -1e-06 -21.226282 2.451695 -3.594002 1e-06 -6e-06 -1e-06 -1.362679 2.240796 -0.746323 -21.334911 0.584911 3.008318 -13.821213 -2e-06 -1e-06 -23.887167 -0.24908 -0.839486 -58.054218 2.373816 -1.651941 -0.294025 1.679687 0.833256 -14.218206 0.093215 1.300578 -34.212036 -0.287566 0.967164 -20.033209 0.964534 1.212839 1e-06 -0.0 -0.0 -3.440388 0.788233 0.501655 -15.928183 -3.167309 2.999702 -6.338825 -0.0 -1e-06 -18.123444 3.648182 -4.905674 -4e-06 1e-06 -3e-06 -0.821068 28.490515 12.674379 49.92981 28.480507 29.323156 7.692373 63.527725 6.239638 29.593058 -9.572345 -13.589451 2.24354 -5.255038 -3.180159 14.282881 -0.82659 6.9525 -3e-06 -12.690603 -1e-06 16.545095 -16.957815 2.596824 1.665666 -1.955921 -2.878299 4.727797 -4.170587 4.993921 11.020522 7e-06 -3e-06 12.10905 -3.735717 -2.866785 -1e-06 -3e-06 -1e-06 1.291984 -1.928548 -1.498089 14.800122 0.567469 3.865603 14.242565 -1.341737 -6.660658 19.631958 0.143931 -0.648246 50.863754 -0.528454 -5.449437 0.353028 -1.511149 -0.03194 20.222784 3.684313 2.316626 18.787266 9e-06 -1e-06 10.751625 -0.479866 1.397904 1e-06 1e-06 2e-06 3.273805 0.305947 -0.58011 21.486809 11.830379 2.266131 8.162922 5e-06 -1e-06 18.399076 -3.798982 -4.940573 2e-06 1e-06 -3e-06 8.189495 -28.160591 -25.074516 0.02328 -0.365886 13.401985 -7.12005 -11.860622 4.954656 1.630729 -1.737626 1.243779 0.0 1e-06 2e-06 4.388146 -26.712111 -7.741336 -0.089478 -0.577865 13.264107 4.210335 -44.337585 -15.402336 -1.444794 1.025186 1.079185 -0.0 0.0 -1e-06 
0.0 0.0 0.0 0.0 -0.0 0.0 -6.120052 99.40126 -1.348524 0.498541 61.051395 4.693984 4.479992 1.952502 10.114168 0.562377 6.608548 -0.996781 4.167292 6.86066 16.473837 6.705456 -0.944833 4.394999 -5.445002 -16.229767 -2.541282 6.870843 -22.615501 -22.640739 7.7e-05 -2.4e-05 6e-06 0.044052 0.026388 -0.0339 0.705728 -3.758487 -10.75567 -0.620557 3.815515 -10.743523 6.940706 3.94782 12.991284 -75.900894 21.289022 -13.392439 168.07254 -86.596596 -168.41716 6.61927 15.707669 -11.257083 -5.882105 9.861277 0.702589 -10.936866 -0.360574 7.156201 -1e-06 8.774817 -1e-06 -15.388474 17.455334 6.103988 -1.844029 2.498503 -2.507275 -10.163595 4.678941 4.621107 -20.976007 -2e-06 3e-06 -21.226271 2.451696 -3.593996 0.0 -6e-06 -0.0 -1.362681 2.240796 -0.746322 -21.334904 0.58491 3.008322 -13.821206 -1e-06 2e-06 -23.887157 -0.249076 -0.83948 -58.220955 2.412325 -1.548041 -0.294024 1.679685 0.833255 -14.218201 0.093213 1.30058 -34.212021 -0.287564 0.967173 -20.033201 0.964537 1.212843 -2e-06 0.0 -0.0 -3.440385 0.788232 0.501657 -15.928176 -3.167307 2.999706 -6.338823 1e-06 2e-06 -18.123436 3.64818 -4.905663 -4e-06 1e-06 -2e-06 -0.961885 28.091387 12.598799 48.176964 27.719578 30.435972 8.469207 68.5457 7.357883 29.902067 -7.813889 -13.948729 2.243541 -5.255034 -3.180156 14.282887 -0.826596 6.952502 -2e-06 -12.690599 2e-06 16.376064 -16.992199 2.743226 1.665665 -1.95592 -2.878298 4.727799 -4.170584 4.993923 11.020524 3e-06 -1e-06 12.109051 -3.735714 -2.866783 -1e-06 0.0 0.0 1.291986 -1.928548 -1.498089 14.800122 0.567465 3.865607 14.242566 -1.341737 -6.660653 19.631958 0.143922 -0.648245 50.790337 -0.501363 -5.466075 0.353028 -1.511152 -0.031939 20.222786 3.684304 2.316629 18.78727 3e-06 1e-06 10.751625 -0.47987 1.397904 -1e-06 -0.0 -1e-06 3.273806 0.305947 -0.58011 21.486809 11.830368 2.26613 8.162926 1e-06 -1e-06 18.399078 -3.798984 -4.940572 2e-06 0.0 -1e-06 7.746045 -28.685247 -24.059065 0.031271 -0.360597 13.016023 -7.225599 -12.262409 5.048131 1.630608 -1.730636 1.221129 -0.0 1e-06 2e-06 4.048311 -27.377289 -6.621018 -0.099775 -0.550384 13.000791 3.760229 -44.92469 -15.08849 -1.447116 1.041814 1.123289 -0.0 1e-06 -1e-06 
0.0 0.0 0.0 0.0 -0.0 0.0 -6.078168 99.392471 -1.176809 0.595439 61.834946 3.918176 4.400298 1.917798 9.782037 0.566 6.616738 -1.209085 4.113737 6.702199 16.286436 6.49265 -0.952105 4.985869 -5.442655 -15.97814 -2.567668 6.475663 -22.361792 -21.744846 7.7e-05 -2.3e-05 6e-06 0.046543 -0.007246 -0.03955 0.702407 -3.788774 -10.73685 -0.612569 3.779318 -10.734764 7.096226 3.756874 12.812819 -76.479935 22.045609 -15.091132 175.878098 -82.958923 -176.466782 8.767609 16.057777 -9.135254 -5.882094 9.861276 0.702592 -10.936857 -0.360576 7.156198 -0.0 8.774819 -1e-06 -15.340168 17.524717 6.127697 -1.844029 2.498501 -2.507274 -10.163585 4.678941 4.621105 -20.975998 -6e-06 2e-06 -21.226261 2.451693 -3.593995 0.0 -6e-06 -1e-06 -1.362678 2.240797 -0.746322 -21.334887 0.584906 3.008322 -13.821196 -4e-06 6e-06 -23.887136 -0.24908 -0.83948 -58.452534 2.47868 -1.417024 -0.294024 1.679686 0.833255 -14.21819 0.093213 1.300581 -34.212009 -0.287566 0.967173 -20.033188 0.964535 1.212843 -1e-06 1e-06 -0.0 -3.440386 0.788232 0.501655 -15.928168 -3.167307 2.999705 -6.338818 -2e-06 4e-06 -18.123425 3.648178 -4.905662 -4e-06 -1e-06 -3e-06 -1.015893 27.650309 12.525441 46.64278 27.159451 31.46034 9.495411 73.356438 8.715651 29.701645 -6.120339 -13.891971 2.243541 -5.255037 -3.180157 14.282894 -0.826594 6.952501 -5e-06 -12.690602 3e-06 16.193825 -17.061186 2.902063 1.665667 -1.955921 -2.878299 4.727799 -4.170587 4.993925 11.020529 4e-06 -2e-06 12.109056 -3.735714 -2.866785 -0.0 -1e-06 1e-06 1.291985 -1.928549 -1.498088 14.800132 0.567468 3.865608 14.242577 -1.341733 -6.660658 19.631973 0.143926 -0.648245 50.570709 -0.523351 -5.458744 0.353029 -1.51115 -0.03194 20.222797 3.684311 2.316629 18.787273 7e-06 0.0 10.751632 -0.479867 1.397905 -2e-06 2e-06 2e-06 3.273808 0.305946 -0.580112 21.48682 11.830376 2.266132 8.162928 2e-06 0.0 18.399088 -3.798982 -4.940576 2e-06 -0.0 1e-06 7.257306 -29.172079 -22.943371 0.040976 -0.361682 12.766787 -7.189837 -12.458911 4.996634 1.63036 -1.729999 1.22443 -0.0 -1e-06 2e-06 3.644452 -27.895103 -5.353277 -0.11217 -0.515931 12.644972 3.231408 -45.354424 -14.664583 -1.450354 1.047089 1.169972 -0.0 -0.0 -1e-06 
0.0 0.0 0.0 0.0 -0.0 0.0 -6.030057 99.388702 -0.971639 0.665724 62.305538 3.088712 4.302437 1.891114 9.437349 0.564258 6.586863 -1.416718 4.051991 6.536051 16.1201 6.162066 -0.843313 5.578001 -5.384483 -15.614994 -2.616433 6.044277 -21.96002 -20.860544 7.7e-05 -2.1e-05 6e-06 0.045698 -0.029298 -0.040468 0.698441 -3.805802 -10.717099 -0.610565 3.75294 -10.724972 7.11721 3.557077 12.681299 -76.938232 22.769337 -16.926435 178.183655 -79.401772 -178.905151 11.050476 16.217077 -6.515569 -5.882106 9.861286 0.702593 -10.936872 -0.360572 7.156205 -1e-06 8.774828 2e-06 -15.284109 17.592012 6.175228 -1.844034 2.498503 -2.507277 -10.1636 4.678947 4.621109 -20.976027 -2e-06 2e-06 -21.226288 2.451698 -3.594001 -0.0 -7e-06 -1e-06 -1.362682 2.240796 -0.746324 -21.334917 0.584913 3.008321 -13.821216 -1e-06 1e-06 -23.887175 -0.249078 -0.839486 -58.673717 2.553705 -1.280967 -0.294027 1.679687 0.833256 -14.21821 0.093216 1.300581 -34.212055 -0.287562 0.967166 -20.033215 0.964539 1.212843 1e-06 1e-06 0.0 -3.440388 0.788233 0.501655 -15.928185 -3.167307 2.999706 -6.338827 1e-06 2e-06 -18.123451 3.648185 -4.905672 -4e-06 1e-06 -3e-06 -0.94678 27.140268 12.422196 45.4146 26.79632 32.196594 11.611965 77.809341 11.082772 28.942234 -4.626333 -13.623812 2.243541 -5.255033 -3.180157 14.28288 -0.826592 6.952497 -3e-06 -12.690595 1e-06 16.037842 -17.092854 3.005913 1.665666 -1.955919 -2.878298 4.727794 -4.170584 4.993919 11.020516 5e-06 -2e-06 12.109043 -3.735711 -2.866784 0.0 -2e-06 -0.0 1.291984 -1.928549 -1.498088 14.800118 0.567467 3.865603 14.242563 -1.341734 -6.660657 19.631956 0.14393 -0.648245 50.226677 -0.566941 -5.470037 0.353029 -1.511149 -0.031941 20.222776 3.684308 2.316627 18.787256 7e-06 -2e-06 10.751619 -0.479867 1.397904 1e-06 0.0 -2e-06 3.273804 0.305947 -0.58011 21.486799 11.830367 2.266128 8.162921 1e-06 0.0 18.399069 -3.79898 -4.940573 3e-06 -0.0 0.0 6.738011 -29.605745 -21.745333 0.054885 -0.343577 12.607816 -7.058254 -12.498515 4.838078 1.627505 -1.720421 1.252432 0.0 -1e-06 2e-06 3.177873 -28.265959 -3.968786 -0.1244 -0.496617 12.166838 2.662461 -45.583088 -14.13869 -1.454915 1.061323 1.181264 0.0 0.0 -1e-06 
0.0 0.0 0.0 0.0 -0.0 0.0 -5.964041 99.393585 -0.754825 0.729834 62.459076 2.246852 4.186741 1.85369 9.092827 0.55755 6.524905 -1.620947 3.967457 6.378807 15.967644 5.742006 -0.662607 6.149574 -5.276239 -15.087258 -2.681747 5.58232 -21.388508 -20.01288 7.7e-05 -2.1e-05 6e-06 0.042838 -0.042432 -0.036657 0.693482 -3.812989 -10.69606 -0.611454 3.734661 -10.714643 7.02743 3.372231 12.609236 -77.314667 23.421242 -18.889357 179.484756 -75.8918 179.757568 13.412125 16.111607 -3.578579 -5.882102 9.861278 0.70259 -10.936865 -0.360575 7.156199 -2e-06 8.774822 -3e-06 -15.253177 17.644083 6.191084 -1.844033 2.498502 -2.507277 -10.163593 4.678943 4.621105 -20.976009 -1e-06 3e-06 -21.226271 2.451696 -3.593997 0.0 -7e-06 2e-06 -1.36268 2.240796 -0.746322 -21.3349 0.584908 3.008322 -13.821205 -3e-06 2e-06 -23.887157 -0.249077 -0.839482 -58.858986 2.616824 -1.158737 -0.294026 1.679688 0.833256 -14.218199 0.093213 1.300577 -34.212021 -0.287566 0.96717 -20.033195 0.964537 1.212844 1e-06 2e-06 -2e-06 -3.440387 0.788234 0.501655 -15.928176 -3.167309 2.999705 -6.338821 -2e-06 2e-06 -18.123434 3.648181 -4.905668 -6e-06 2e-06 -3e-06 -0.795391 26.554571 12.344483 44.485291 26.668856 32.653862 16.079981 81.952431 15.7191 27.649708 -3.440095 -13.031709 2.243539 -5.255032 -3.180155 14.282878 -0.826596 6.952496 1e-06 -12.690592 -2e-06 15.919819 -17.09693 3.051198 1.665665 -1.955921 -2.878297 4.727794 -4.170583 4.993918 11.020512 1e-06 1e-06 12.109039 -3.735714 -2.866782 -0.0 -1e-06 1e-06 1.291984 -1.928547 -1.498087 14.800114 0.567467 3.865605 14.242558 -1.341738 -6.660651 19.631952 0.143921 -0.648243 49.820312 -0.616363 -5.505254 0.353029 -1.511149 -0.03194 20.222771 3.684304 2.316629 18.787256 4e-06 -0.0 10.75162 -0.479869 1.397905 -2e-06 1e-06 1e-06 3.273803 0.305945 -0.580109 21.48679 11.830359 2.266134 8.162915 1e-06 1e-06 18.399063 -3.798982 -4.940572 1e-06 -0.0 -2e-06 6.179511 -29.87661 -20.452646 0.066454 -0.315728 12.471719 -6.903668 -12.423698 4.62673 1.62518 -1.69946 1.279593 0.0 -1e-06 2e-06 2.653428 -28.518734 -2.502238 -0.133776 -0.494364 11.57019 2.148591 -45.580452 -13.571662 -1.458616 1.090384 1.159157 -0.0 0.0 -1e-06 
0.0 0.0 0.0 0.0 -0.0 0.0 -5.871153 99.414345 -0.542644 0.770601 62.260132 1.367876 4.047455 1.79498 8.754626 0.551144 6.441146 -1.823069 3.850322 6.25168 15.818823 5.273448 -0.469941 6.747879 -5.13112 -14.355656 -2.778575 5.102368 -20.561743 -19.210516 7.7e-05 -2.2e-05 6e-06 0.039278 -0.049207 -0.028201 0.689235 -3.810832 -10.666275 -0.614433 3.720181 -10.69551 6.836911 3.1764 12.603501 -77.668823 23.964756 -21.050797 -179.666641 -72.264168 178.933136 15.976571 15.64308 -0.326272 -5.882108 9.861284 0.702588 -10.936873 -0.360575 7.156204 -0.0 8.774824 -3e-06 -15.278235 17.699104 6.144173 -1.844034 2.498505 -2.507277 -10.163602 4.678946 4.621106 -20.976023 -1e-06 2e-06 -21.226288 2.451698 -3.594001 1e-06 -7e-06 -0.0 -1.362682 2.240798 -0.746322 -21.334913 0.58491 3.008321 -13.821215 -1e-06 3e-06 -23.887173 -0.249076 -0.839483 -58.994831 2.658694 -1.067473 -0.294027 1.679685 0.833255 -14.218208 0.093216 1.300581 -34.212051 -0.287561 0.967168 -20.033211 0.964538 1.212842 0.0 1e-06 -1e-06 -3.440389 0.788234 0.501656 -15.928183 -3.167309 2.999707 -6.338827 -1e-06 -1e-06 -18.123444 3.648186 -4.90567 -5e-06 1e-06 -2e-06 -0.592827 25.858648 12.283022 43.817345 26.788685 32.905521 28.851536 85.816284 28.616325 25.95236 -2.549139 -11.895084 2.243542 -5.255037 -3.180158 14.282894 -0.826596 6.952501 -4e-06 -12.690605 0.0 15.848728 -17.112505 3.045269 1.665667 -1.955921 -2.878299 4.7278 -4.170586 4.993923 11.020528 3e-06 -2e-06 12.109054 -3.735717 -2.866785 2e-06 -1e-06 -0.0 1.291986 -1.92855 -1.498089 14.800129 0.567469 3.865606 14.242576 -1.341736 -6.660659 19.631969 0.143927 -0.648245 49.390675 -0.695766 -5.533001 0.353029 -1.51115 -0.03194 20.222795 3.684311 2.316628 18.787277 6e-06 -3e-06 10.751631 -0.479869 1.397907 0.0 0.0 0.0 3.273808 0.305949 -0.580111 21.486818 11.830376 2.266131 8.162928 2e-06 -1e-06 18.399082 -3.798984 -4.940578 1e-06 1e-06 -1e-06 5.58109 -29.912363 -19.057764 0.078993 -0.297888 12.381751 -6.713971 -12.240961 4.326722 1.622608 -1.674062 1.290309 -0.0 -1e-06 2e-06 2.084444 -28.657564 -0.934897 -0.139359 -0.488227 10.820101 1.609702 -45.354946 -12.893814 -1.462692 1.120067 1.131263 -0.0 -0.0 -1e-06 
0.0 0.0 0.0 0.0 -0.0 0.0 -5.752518 99.439476 -0.341197 0.744022 61.676937 0.39103 3.901914 1.738913 8.425554 0.544378 6.323617 -2.021049 3.706427 6.132402 15.660292 4.790647 -0.239545 7.422372 -4.944093 -13.431575 -2.919408 4.595983 -19.439377 -18.451607 7.7e-05 -2.4e-05 6e-06 0.036429 -0.055754 -0.02189 0.686711 -3.809367 -10.64413 -0.617749 3.707193 -10.683002 6.563478 2.978645 12.658813 -77.973267 24.411028 -23.412348 -179.054993 -68.43924 178.409195 18.658381 14.779528 3.437984 -5.882103 9.861282 0.702589 -10.936869 -0.360574 7.156204 1e-06 8.774821 -2e-06 -15.429819 17.717253 6.00186 -1.844032 2.498503 -2.507277 -10.163597 4.678943 4.621106 -20.976021 -2e-06 1e-06 -21.22628 2.451697 -3.594001 0.0 -6e-06 -1e-06 -1.362681 2.240797 -0.746323 -21.334909 0.584909 3.008323 -13.821209 -3e-06 2e-06 -23.887165 -0.24908 -0.839482 -59.030212 2.688047 -1.007474 -0.294025 1.679686 0.833254 -14.218207 0.093216 1.300581 -34.212048 -0.287564 0.967171 -20.033211 0.964535 1.212846 2e-06 1e-06 -3e-06 -3.440388 0.788233 0.501654 -15.928183 -3.16731 2.999707 -6.338824 0.0 2e-06 -18.123442 3.648179 -4.90567 -6e-06 2e-06 -3e-06 -0.420517 25.099684 12.245358 43.426727 27.165291 32.938267 98.460655 88.149132 98.306633 23.965885 -1.871577 -10.157424 2.243542 -5.255037 -3.180158 14.282892 -0.826595 6.952504 -2e-06 -12.690606 -0.0 15.835758 -17.209908 2.999727 1.665666 -1.955921 -2.878299 4.727799 -4.170587 4.993925 11.020526 1e-06 -2e-06 12.109052 -3.735716 -2.866784 0.0 1e-06 0.0 1.291986 -1.928551 -1.498089 14.800129 0.567468 3.865608 14.242571 -1.341737 -6.660658 19.631968 0.143927 -0.648246 49.071503 -0.875099 -5.566151 0.353029 -1.511151 -0.03194 20.222794 3.684308 2.31663 18.787273 6e-06 -1e-06 10.751627 -0.479869 1.397905 0.0 -0.0 1e-06 3.273807 0.305947 -0.580111 21.486813 11.830376 2.266133 8.162927 1e-06 -1e-06 18.399088 -3.798985 -4.940577 3e-06 0.0 -0.0 4.966307 -29.707554 -17.55505 0.091468 -0.292259 12.360885 -6.44865 -11.940151 3.912966 1.621677 -1.65593 1.309937 0.0 -0.0 2e-06 1.484246 -28.634197 0.746795 -0.14206 -0.48675 9.951743 1.156512 -44.879673 -12.201199 -1.466739 1.148538 1.142883 -0.0 -0.0 -1e-06 
0.0 0.0 0.0 0.0 -0.0 0.0 -5.609442 99.46051 -0.130809 0.630039 60.702766 -0.723622 3.760681 1.69635 8.119843 0.536402 6.182681 -2.220103 3.53966 5.997388 15.501372 4.262188 0.036312 8.186208 -4.696451 -12.26733 -3.098958 4.097036 -17.988298 -17.726002 7.7e-05 -2.3e-05 6e-06 0.035644 -0.070154 -0.017941 0.683872 -3.817476 -10.631687 -0.616754 3.688241 -10.673162 6.252864 2.786719 12.74332 -78.192238 24.711641 -25.940346 -178.831482 -64.275177 178.325226 21.356142 13.41518 7.869571 -5.882105 9.86128 0.702591 -10.936866 -0.360573 7.156201 0.0 8.77482 2e-06 -15.749776 17.681774 5.724496 -1.844033 2.498503 -2.507276 -10.163597 4.678942 4.621106 -20.976021 -3e-06 -1e-06 -21.226282 2.451694 -3.593999 0.0 -5e-06 -2e-06 -1.36268 2.240798 -0.746322 -21.334906 0.584911 3.008317 -13.821213 -3e-06 -1e-06 -23.887165 -0.249081 -0.839487 -58.961021 2.692357 -0.989061 -0.294025 1.679685 0.833254 -14.218204 0.093216 1.300577 -34.21204 -0.287565 0.967165 -20.033205 0.964534 1.21284 -0.0 1e-06 -0.0 -3.440385 0.788234 0.501655 -15.928179 -3.167306 2.999701 -6.338823 -1e-06 0.0 -18.123442 3.648182 -4.905671 -4e-06 1e-06 -2e-06 -0.346153 24.267435 12.226562 43.352287 27.792933 32.57188 157.270279 85.563683 157.21669 21.690905 -1.278086 -8.243152 2.24354 -5.255033 -3.180156 14.282881 -0.826596 6.952498 -3e-06 -12.690601 2e-06 15.857944 -17.308546 2.937424 1.665666 -1.955922 -2.878298 4.727795 -4.170587 4.993922 11.020519 5e-06 -2e-06 12.109044 -3.735713 -2.866783 1e-06 -0.0 0.0 1.291985 -1.928549 -1.498089 14.800118 0.567468 3.865605 14.242562 -1.341735 -6.660656 19.631952 0.143926 -0.648246 48.855495 -1.100822 -5.581574 0.353029 -1.511151 -0.03194 20.222775 3.684307 2.316627 18.787256 5e-06 -2e-06 10.75162 -0.479867 1.397904 1e-06 1e-06 0.0 3.273804 0.305946 -0.580111 21.486797 11.830368 2.266129 8.162921 2e-06 -1e-06 18.399069 -3.798983 -4.940572 3e-06 -0.0 -0.0 4.349997 -29.225977 -15.981674 0.111638 -0.293282 12.508661 -6.090807 -11.579278 3.359373 1.621248 -1.660494 1.35717 0.0 -0.0 2e-06 0.877951 -28.42927 2.502682 -0.141907 -0.484356 9.066038 0.72828 -44.213169 -11.503837 -1.472272 1.16289 1.205654 -0.0 0.0 -1e-06 
0.0 0.0 0.0 0.0 -0.0 0.0 -5.456592 99.46756 0.095038 0.496219 59.404316 -1.906222 3.608408 1.633031 7.835878 0.52292 6.033619 -2.402621 3.351688 5.845599 15.348014 3.671213 0.378128 8.977481 -4.381141 -10.93997 -3.288945 3.635662 -16.270355 -17.024788 7.7e-05 -2.4e-05 6e-06 0.035814 -0.084507 -0.013584 0.679974 -3.827949 -10.629812 -0.612748 3.671707 -10.666953 5.924699 2.608588 12.753535 -78.235962 24.823542 -28.452261 -179.083557 -59.856705 178.715118 23.722704 11.569506 12.88698 -5.8821 9.861282 0.70259 -10.936863 -0.360575 7.156199 1e-06 8.774821 0.0 -16.254145 17.589828 5.331255 -1.844032 2.498504 -2.507276 -10.163592 4.678941 4.621105 -20.976007 -4e-06 1e-06 -21.226273 2.451696 -3.593999 0.0 -7e-06 -1e-06 -1.36268 2.240797 -0.746323 -21.334898 0.584911 3.008319 -13.821202 -2e-06 3e-06 -23.887148 -0.24908 -0.839483 -58.87619 2.639804 -0.99697 -0.294025 1.679686 0.833257 -14.218198 0.093214 1.300579 -34.212021 -0.287567 0.96717 -20.033195 0.964534 1.212843 -1e-06 -0.0 -1e-06 -3.440385 0.788233 0.501655 -15.928172 -3.167308 2.999704 -6.33882 -1e-06 -1e-06 -18.12343 3.64818 -4.905668 -5e-06 -1e-06 -3e-06 -0.368953 23.377237 12.200418 43.529819 28.608835 31.727961 167.492859 82.065857 167.602798 19.309542 -0.693641 -6.47058 2.243541 -5.255033 -3.180156 14.282881 -0.826592 6.952496 -4e-06 -12.690598 2e-06 15.865047 -17.359156 2.882045 1.665665 -1.95592 -2.878297 4.727795 -4.170584 4.99392 11.02052 4e-06 -3e-06 12.109046 -3.735713 -2.866785 -0.0 -2e-06 0.0 1.291985 -1.928548 -1.498088 14.800118 0.567468 3.865604 14.242562 -1.341732 -6.660654 19.631956 0.143928 -0.648246 48.754936 -1.273204 -5.594041 0.353028 -1.511149 -0.031939 20.222776 3.684308 2.316626 18.787262 7e-06 -3e-06 10.751619 -0.479868 1.397904 1e-06 -0.0 1e-06 3.273805 0.305947 -0.580111 21.486799 11.830368 2.266127 8.162921 3e-06 -2e-06 18.399071 -3.79898 -4.940572 3e-06 -0.0 -1e-06 3.730944 -28.484468 -14.375142 0.130913 -0.298315 12.838767 -5.65629 -11.196477 2.66295 1.620712 -1.671029 1.439812 0.0 -0.0 2e-06 0.256271 -28.036097 4.285229 -0.135998 -0.491646 8.239141 0.455693 -43.392994 -10.931585 -1.478086 1.164144 1.30419 -0.0 0.0 -1e-06 
0.0 0.0 0.0 0.0 -0.0 0.0 -5.316053 99.452354 0.335041 0.38311 57.86869 -3.081222 3.455434 1.552111 7.563993 0.499856 5.88159 -2.549272 3.155971 5.703802 15.215204 3.062557 0.763957 9.741468 -4.051133 -9.564736 -3.462645 3.248929 -14.464339 -16.371567 7.7e-05 -2.4e-05 6e-06 0.037608 -0.105072 -0.009836 0.678418 -3.847164 -10.640359 -0.607695 3.650791 -10.671021 5.648098 2.403494 12.702749 -78.125923 24.691946 -30.920696 -179.499435 -55.515026 179.201309 25.315662 9.666433 18.0331 -5.8821 9.861277 0.702591 -10.936862 -0.360575 7.156198 0.0 8.774817 -2e-06 -16.803358 17.460272 4.968438 -1.844032 2.498503 -2.507275 -10.163592 4.678939 4.621104 -20.976006 -5e-06 2e-06 -21.226271 2.451694 -3.593995 -0.0 -7e-06 -1e-06 -1.36268 2.240796 -0.746322 -21.334898 0.584907 3.008318 -13.821203 -4e-06 2e-06 -23.887152 -0.24908 -0.839479 -58.888882 2.545214 -1.015263 -0.294025 1.679685 0.833254 -14.218197 0.093212 1.300578 -34.212021 -0.287566 0.967173 -20.033197 0.964534 1.212843 -1e-06 0.0 1e-06 -3.440387 0.788231 0.501655 -15.928174 -3.167307 2.999704 -6.338821 -1e-06 2e-06 -18.12343 3.648177 -4.905666 -5e-06 1e-06 1e-06 -0.464346 22.505527 12.171143 43.771877 29.554075 30.544197 170.785889 78.721931 171.152542 17.267921 -0.088112 -5.196473 2.243542 -5.255033 -3.180155 14.282883 -0.826596 6.952499 -0.0 -12.690599 -0.0 15.853258 -17.399239 2.86048 1.665665 -1.955922 -2.878296 4.727798 -4.170586 4.993921 11.020519 2e-06 -1e-06 12.109043 -3.735717 -2.866782 0.0 -1e-06 0.0 1.291985 -1.928549 -1.498089 14.800118 0.567465 3.865605 14.242562 -1.341739 -6.660654 19.631952 0.143923 -0.648245 48.781368 -1.342323 -5.626925 0.35303 -1.511149 -0.031941 20.222776 3.684305 2.31663 18.787262 2e-06 -2e-06 10.751623 -0.479869 1.397906 0.0 -0.0 1e-06 3.273804 0.305946 -0.580109 21.486799 11.830368 2.266132 8.162922 1e-06 -0.0 18.399075 -3.798987 -4.940575 3e-06 0.0 -1e-06 3.150732 -27.547649 -12.794118 0.144921 -0.309363 13.291849 -5.238084 -10.805708 1.852815 1.618844 -1.685845 1.538655 0.0 -0.0 2e-06 -0.355471 -27.487049 6.001528 -0.12761 -0.517514 7.545984 0.329898 -42.472221 -10.497369 -1.484864 1.158595 1.39626 -0.0 0.0 -1e-06 
0.0 0.0 0.0 0.0 -0.0 0.0 -5.202092 99.421448 0.574003 0.311583 56.217941 -4.21893 3.301339 1.465624 7.311888 0.475092 5.708839 -2.659761 2.964337 5.566999 15.08746 2.46841 1.181189 10.485425 -3.711942 -8.247376 -3.623799 2.94446 -12.651841 -15.772882 7.7e-05 -2.2e-05 6e-06 0.039922 -0.130495 -0.009003 0.676745 -3.871479 -10.662455 -0.601323 3.624824 -10.685427 5.433194 2.142477 12.630822 -77.903038 24.321554 -33.344185 -179.799149 -51.59333 179.564087 25.990061 8.104821 22.690348 -5.882105 9.861287 0.70259 -10.93687 -0.360574 7.156203 -0.0 8.774825 -0.0 -17.202877 17.343559 4.782922 -1.844032 2.498503 -2.507279 -10.1636 4.678946 4.621108 -20.976021 -1e-06 3e-06 -21.226286 2.4517 -3.594002 0.0 -6e-06 -2e-06 -1.362682 2.240798 -0.746324 -21.334913 0.584911 3.008322 -13.821213 0.0 3e-06 -23.887167 -0.249077 -0.839486 -59.049343 2.449741 -1.015645 -0.294026 1.679687 0.833256 -14.218207 0.093216 1.300581 -34.212048 -0.28756 0.967168 -20.033211 0.964538 1.212842 -0.0 -0.0 -1e-06 -3.440388 0.788234 0.501658 -15.928185 -3.167307 2.999708 -6.338826 0.0 0.0 -18.123444 3.648184 -4.90567 -5e-06 1e-06 -1e-06 -0.611501 21.705366 12.098804 43.968788 30.494581 29.238388 172.452911 75.658836 173.051514 15.767285 0.49745 -4.324424 2.243542 -5.255036 -3.180158 14.282887 -0.826596 6.952503 -0.0 -12.690606 0.0 15.821465 -17.46096 2.87187 1.665666 -1.955922 -2.878299 4.727798 -4.170589 4.993924 11.020524 4e-06 -1e-06 12.109052 -3.735717 -2.866786 -0.0 -1e-06 0.0 1.291985 -1.928549 -1.498089 14.800123 0.567466 3.865608 14.242569 -1.341739 -6.66066 19.631964 0.143925 -0.648246 48.944275 -1.372694 -5.679381 0.353029 -1.511151 -0.031939 20.222786 3.684309 2.316628 18.78727 3e-06 -2e-06 10.751627 -0.47987 1.397906 -1e-06 0.0 -0.0 3.273806 0.305946 -0.580111 21.486809 11.830373 2.266133 8.162926 0.0 -1e-06 18.39908 -3.798986 -4.940577 3e-06 -0.0 -1e-06 2.619571 -26.465811 -11.212802 0.151174 -0.308918 13.729438 -4.900507 -10.410607 1.052439 1.616593 -1.697201 1.603301 0.0 1e-06 2e-06 -0.948353 -26.846071 7.598443 -0.120077 -0.5437 7.029375 0.302634 -41.507248 -10.177886 -1.492939 1.152502 1.463427 -0.0 -0.0 -1e-06 
0.0 0.0 0.0 0.0 -0.0 0.0 -5.102629 99.389229 0.796404 0.287776 54.50153 -5.29444 3.146611 1.38673 7.071214 0.453318 5.513881 -2.749933 2.771054 5.428685 14.960527 1.891484 1.5971 11.195285 -3.344361 -6.948209 -3.761576 2.694253 -10.851779 -15.213614 7.7e-05 -2.1e-05 6e-06 0.040694 -0.149684 -0.00928 0.674385 -3.889735 -10.693322 -0.597402 3.605067 -10.705513 5.286638 1.871299 12.575006 -77.601288 23.718102 -35.618649 -179.906738 -48.221073 179.785233 25.985846 6.768689 26.720467 -5.882101 9.861281 0.70259 -10.936866 -0.360578 7.156201 2e-06 8.774821 -2e-06 -17.396692 17.273623 4.770581 -1.84403 2.498502 -2.507276 -10.163594 4.67894 4.621107 -20.976011 -6e-06 6e-06 -21.226274 2.451695 -3.593993 1e-06 -6e-06 -1e-06 -1.362679 2.240796 -0.746324 -21.334906 0.584907 3.008323 -13.821206 -4e-06 4e-06 -23.887154 -0.249081 -0.839479 -59.317005 2.367393 -1.005527 -0.294023 1.679687 0.833255 -14.218202 0.093213 1.300581 -34.212032 -0.287567 0.967174 -20.033205 0.964535 1.212846 -0.0 -0.0 -1e-06 -3.440387 0.788233 0.501653 -15.928181 -3.167312 2.999706 -6.338823 -3e-06 0.0 -18.123438 3.648179 -4.905665 -4e-06 -0.0 -3e-06 -0.810967 20.992674 12.03445 44.057716 31.335539 27.798159 173.549759 72.795181 174.318848 14.687378 1.091212 -3.818568 2.243541 -5.255033 -3.180157 14.28289 -0.82659 6.9525 -3e-06 -12.690595 -3e-06 15.794533 -17.547588 2.899551 1.665664 -1.95592 -2.878297 4.727797 -4.170583 4.99392 11.020523 2e-06 -2e-06 12.10905 -3.735711 -2.866783 -0.0 -1e-06 0.0 1.291985 -1.928548 -1.498089 14.800125 0.567469 3.865606 14.242568 -1.341733 -6.660654 19.631968 0.143926 -0.648242 49.146336 -1.392404 -5.764811 0.353028 -1.511149 -0.031942 20.222786 3.684309 2.316629 18.78727 8e-06 -3e-06 10.751625 -0.479866 1.397905 2e-06 0.0 -0.0 3.273806 0.305947 -0.58011 21.486813 11.830368 2.266133 8.162925 3e-06 -1e-06 18.39908 -3.798978 -4.940571 2e-06 -1e-06 -1e-06 2.134692 -25.242006 -9.638152 0.156872 -0.296762 14.09311 -4.620816 -9.995838 0.285015 1.614645 -1.698391 1.663532 0.0 -0.0 2e-06 -1.512494 -26.160336 9.035909 -0.116649 -0.55929 6.706213 0.306528 -40.507526 -9.945102 -1.50177 1.146855 1.541154 -0.0 -0.0 -1e-06 
0.0 0.0 0.0 0.0 -0.0 0.0 -5.017472 99.362518 1.001767 0.29271 52.771973 -6.334936 2.992822 1.314431 6.837969 0.430953 5.303671 -2.824958 2.581531 5.260714 14.852568 1.341452 1.980225 11.853539 -2.950447 -5.640113 -3.874822 2.487156 -9.053527 -14.667542 7.7e-05 -2.1e-05 6e-06 0.039159 -0.16383 -0.006545 0.66803 -3.901346 -10.714867 -0.594056 3.588618 -10.715496 5.119475 1.636169 12.504709 -77.142723 22.89798 -37.567085 -179.950577 -45.419781 179.96521 25.479084 5.530401 29.957808 -5.882101 9.861279 0.70259 -10.936865 -0.360577 7.156203 1e-06 8.774821 -1e-06 -17.378771 17.219076 4.876662 -1.844029 2.498504 -2.507278 -10.163593 4.678941 4.621109 -20.976009 -5e-06 6e-06 -21.226271 2.451696 -3.593996 0.0 -6e-06 1e-06 -1.362679 2.240796 -0.746323 -21.334896 0.584907 3.008325 -13.821204 -2e-06 5e-06 -23.887152 -0.249078 -0.839479 -59.557858 2.301018 -1.012049 -0.294025 1.679685 0.833255 -14.218199 0.093213 1.300582 -34.212021 -0.287563 0.967175 -20.033201 0.964537 1.212845 0.0 0.0 1e-06 -3.440385 0.788233 0.501654 -15.928176 -3.167308 2.99971 -6.338821 -1e-06 3e-06 -18.12343 3.648181 -4.905665 -4e-06 0.0 -1e-06 -1.026587 20.330061 11.953544 44.024445 31.978472 26.233187 174.393204 70.060059 175.293243 13.831181 1.718443 -3.752564 2.243539 -5.255033 -3.180155 14.282881 -0.826594 6.952502 -3e-06 -12.690598 -0.0 15.766817 -17.586643 2.927366 1.665664 -1.95592 -2.878298 4.727796 -4.170586 4.993922 11.020522 3e-06 -0.0 12.109044 -3.735713 -2.866781 -0.0 -0.0 -1e-06 1.291986 -1.928548 -1.498087 14.800123 0.567469 3.865608 14.242564 -1.341734 -6.660654 19.631958 0.143926 -0.648242 49.329556 -1.365265 -5.83455 0.353028 -1.51115 -0.031939 20.222784 3.684309 2.316631 18.787262 5e-06 1e-06 10.751623 -0.479868 1.397906 1e-06 -0.0 -0.0 3.273804 0.305947 -0.580111 21.486801 11.83037 2.266133 8.162923 1e-06 1e-06 18.399075 -3.798983 -4.94057 3e-06 0.0 -1e-06 1.698079 -23.882612 -8.056232 0.163165 -0.272882 14.370197 -4.387424 -9.601384 -0.410478 1.614302 -1.695924 1.711524 -0.0 0.0 2e-06 -2.041214 -25.436687 10.376218 -0.112245 -0.564393 6.490165 0.314505 -39.544983 -9.756784 -1.509023 1.135009 1.633692 -0.0 -0.0 -1e-06 
0.0 0.0 0.0 0.0 -0.0 0.0 -4.940774 99.337082 1.200351 0.31016 51.00246 -7.350825 2.849461 1.248294 6.598854 0.404214 5.105412 -2.881033 2.390438 5.06939 14.777087 0.839388 2.315549 12.462969 -2.550589 -4.302133 -3.961369 2.322366 -7.284044 -14.145695 7.7e-05 -2.2e-05 6e-06 0.036019 -0.170365 -0.003344 0.659972 -3.905886 -10.73487 -0.592172 3.57986 -10.727672 4.925565 1.482941 12.428527 -76.521461 21.946075 -39.127697 -179.966751 -43.148754 -179.89212 24.575462 4.444528 32.320995 -5.882105 9.861283 0.702588 -10.936868 -0.360575 7.156204 -1e-06 8.774822 -2e-06 -17.164364 17.196367 5.070215 -1.844034 2.498505 -2.507278 -10.163597 4.678943 4.621107 -20.976017 -2e-06 1e-06 -21.226276 2.451697 -3.594001 1e-06 -6e-06 -0.0 -1.36268 2.240798 -0.746324 -21.334911 0.58491 3.008322 -13.82121 -1e-06 3e-06 -23.887165 -0.249077 -0.839485 -59.72683 2.253028 -1.027985 -0.294026 1.679688 0.833256 -14.218201 0.093215 1.300581 -34.212036 -0.287562 0.967167 -20.033205 0.964538 1.212843 1e-06 -0.0 -0.0 -3.440387 0.788233 0.501656 -15.928181 -3.167309 2.999707 -6.338824 -1e-06 1e-06 -18.123444 3.648182 -4.90567 -4e-06 0.0 -2e-06 -1.259461 19.736179 11.87394 43.898884 32.412228 24.557854 175.040253 67.480972 176.066223 13.088154 2.41721 -4.092899 2.243542 -5.255036 -3.180158 14.282895 -0.826596 6.952503 -3e-06 -12.690604 -1e-06 15.730268 -17.589684 2.952116 1.665667 -1.955921 -2.878298 4.727798 -4.170588 4.993924 11.020527 1e-06 1e-06 12.109055 -3.735715 -2.866784 -1e-06 1e-06 0.0 1.291985 -1.92855 -1.498089 14.800131 0.567467 3.865608 14.242576 -1.341738 -6.660658 19.631969 0.143923 -0.648245 49.472534 -1.287665 -5.87969 0.353028 -1.51115 -0.03194 20.222794 3.684308 2.316629 18.787273 4e-06 -3e-06 10.751631 -0.479869 1.397906 1e-06 0.0 -1e-06 3.273807 0.305947 -0.58011 21.486814 11.830372 2.266135 8.162928 1e-06 -1e-06 18.399086 -3.798985 -4.940576 3e-06 0.0 -1e-06 1.344984 -22.381939 -6.493991 0.159857 -0.25305 14.610364 -4.216259 -9.218426 -1.094115 1.615571 -1.701853 1.776854 0.0 -1e-06 2e-06 -2.518947 -24.649435 11.667785 -0.102306 -0.562096 6.301056 0.410699 -38.623943 -9.66883 -1.512474 1.120963 1.745877 -0.0 -0.0 -1e-06 
0.0 0.0 0.0 0.0 -0.0 0.0 -4.877801 99.304779 1.397176 0.31727 49.27346 -8.340173 2.721743 1.183757 6.360831 0.377595 4.920846 -2.931192 2.20036 4.879194 14.742785 0.401888 2.600554 13.010004 -2.142112 -3.035728 -4.020968 2.196757 -5.625764 -13.654042 7.7e-05 -2.2e-05 6e-06 0.032541 -0.173055 -0.004302 0.6518 -3.906614 -10.756941 -0.590793 3.574831 -10.746433 4.712212 1.360598 12.38512 -75.80204 20.956678 -40.149715 179.959091 -41.372978 -179.734787 23.398794 3.571887 34.090134 -5.882102 9.861279 0.70259 -10.936868 -0.360576 7.1562 1e-06 8.774821 -0.0 -16.824865 17.224995 5.311313 -1.844031 2.498503 -2.507277 -10.163595 4.678942 4.621107 -20.976015 -5e-06 2e-06 -21.226278 2.451693 -3.593997 -1e-06 -6e-06 0.0 -1.362681 2.240796 -0.746322 -21.334904 0.584906 3.008322 -13.821207 -5e-06 1e-06 -23.887161 -0.249082 -0.839481 -59.794674 2.222557 -1.031351 -0.294026 1.679687 0.833256 -14.218204 0.093214 1.300579 -34.21204 -0.287568 0.96717 -20.033205 0.964533 1.212844 2e-06 -0.0 -0.0 -3.440388 0.788233 0.501654 -15.928179 -3.167309 2.999704 -6.338823 -2e-06 1e-06 -18.12344 3.648179 -4.905667 -4e-06 -0.0 -2e-06 -1.500891 19.19076 11.780415 43.742126 32.637707 22.791809 175.487411 65.17971 176.618362 12.322645 3.142315 -4.698002 2.243538 -5.255031 -3.180153 14.282877 -0.826593 6.952492 -2e-06 -12.690593 -3e-06 15.691168 -17.59318 3.004829 1.665664 -1.95592 -2.878297 4.727796 -4.170584 4.993919 11.020518 3e-06 -2e-06 12.109043 -3.735713 -2.866785 -1e-06 2e-06 -0.0 1.291985 -1.928547 -1.498089 14.800114 0.567467 3.865603 14.242559 -1.341737 -6.660654 19.63195 0.143927 -0.648245 49.615463 -1.186514 -5.899442 0.353028 -1.511152 -0.031941 20.222771 3.684307 2.316628 18.787254 5e-06 -1e-06 10.751617 -0.479867 1.397905 -1e-06 0.0 -1e-06 3.273804 0.305946 -0.580108 21.486795 11.830364 2.266131 8.162921 1e-06 -3e-06 18.399067 -3.798981 -4.940573 3e-06 0.0 -2e-06 1.110143 -20.808214 -5.014575 0.145893 -0.236384 14.868323 -4.155739 -8.888215 -1.779038 1.616489 -1.716717 1.818056 0.0 -0.0 2e-06 -2.91566 -23.857 12.923029 -0.092257 -0.552061 6.073791 0.611372 -37.750591 -9.675595 -1.513233 1.10784 1.861906 -0.0 -0.0 -1e-06 
0.0 0.0 0.0 0.0 -0.0 0.0 -4.842395 99.266449 1.600397 0.28453 47.58688 -9.282106 2.615567 1.125552 6.137109 0.355824 4.762856 -2.978617 2.029493 4.6897 14.735337 0.051136 2.840241 13.453496 -1.761841 -1.883938 -4.057026 2.103169 -4.200735 -13.172253 7.7e-05 -2.2e-05 6e-06 0.028468 -0.172231 -0.005956 0.646319 -3.902629 -10.770399 -0.593391 3.572001 -10.759721 4.473782 1.256497 12.408613 -75.091911 19.99988 -40.721703 179.895767 -40.015835 -179.602097 22.151199 2.894551 35.620087 -5.882102 9.861276 0.702592 -10.936865 -0.360575 7.1562 2e-06 8.774816 -0.0 -16.471134 17.295013 5.565705 -1.844032 2.498502 -2.507274 -10.163597 4.678941 4.621108 -20.976011 -2e-06 8e-06 -21.226273 2.451698 -3.593991 0.0 -6e-06 1e-06 -1.362682 2.240797 -0.746323 -21.334902 0.584909 3.008327 -13.821205 -2e-06 6e-06 -23.887156 -0.249075 -0.839478 -59.842545 2.195844 -0.998363 -0.294024 1.679685 0.833255 -14.218202 0.093214 1.300583 -34.212032 -0.28756 0.967178 -20.033203 0.964539 1.212846 1e-06 -0.0 0.0 -3.440384 0.788232 0.501656 -15.928179 -3.167307 2.999708 -6.338822 -0.0 3e-06 -18.123436 3.648181 -4.905662 -4e-06 0.0 -2e-06 -1.709091 18.699743 11.646449 43.594341 32.633606 20.977306 175.800095 63.18787 176.998428 11.452476 3.840847 -5.387904 2.243539 -5.255035 -3.180156 14.282878 -0.826593 6.952502 -3e-06 -12.690598 -1e-06 15.689464 -17.589697 3.064194 1.665666 -1.95592 -2.878297 4.727795 -4.170584 4.99392 11.020515 4e-06 -2e-06 12.109041 -3.735713 -2.866783 -1e-06 0.0 1e-06 1.291985 -1.928548 -1.498088 14.800115 0.567469 3.865605 14.242559 -1.341734 -6.660657 19.631952 0.14393 -0.648243 49.748535 -1.072077 -5.906231 0.353028 -1.51115 -0.03194 20.222771 3.68431 2.316628 18.787254 5e-06 1e-06 10.751617 -0.479868 1.397908 -0.0 -0.0 0.0 3.273803 0.305947 -0.580111 21.486795 11.83037 2.266131 8.16292 2e-06 1e-06 18.399063 -3.798982 -4.940571 3e-06 1e-06 -1e-06 1.023168 -19.236626 -3.702007 0.130181 -0.214553 15.187561 -4.179523 -8.610488 -2.419985 1.617419 -1.727458 1.847916 0.0 -0.0 2e-06 -3.217284 -23.111784 14.085147 -0.084928 -0.550262 5.820449 0.879928 -36.854458 -9.711889 -1.512641 1.105415 1.978619 -0.0 -0.0 -1e-06 
0.0 0.0 0.0 0.0 -0.0 0.0 -4.843302 99.222321 1.806804 0.185052 45.901615 -10.160051 2.53094 1.074067 5.937096 0.33935 4.625108 -3.019821 1.897106 4.51333 14.731742 -0.211045 3.021241 13.766546 -1.437153 -0.845858 -4.075967 2.045291 -2.980099 -12.704815 7.7e-05 -2.3e-05 6e-06 0.022859 -0.163913 -0.004576 0.641014 -3.890504 -10.772228 -0.599395 3.576199 -10.764039 4.246781 1.17302 12.485882 -74.466064 19.179688 -41.008171 179.876877 -38.932457 -179.555618 20.958115 2.283125 37.07159 -5.882101 9.861281 0.702589 -10.936865 -0.360576 7.1562 -1e-06 8.774821 -1e-06 -16.154018 17.37627 5.804137 -1.844032 2.498504 -2.507277 -10.163595 4.678942 4.621105 -20.976013 -6e-06 -1e-06 -21.226276 2.451692 -3.594001 -0.0 -6e-06 0.0 -1.36268 2.240797 -0.746323 -21.334904 0.584907 3.008319 -13.821207 -5e-06 0.0 -23.887159 -0.249084 -0.839484 -59.905903 2.175638 -0.955993 -0.294024 1.679687 0.833256 -14.218198 0.093213 1.300578 -34.212036 -0.28757 0.967167 -20.033205 0.964532 1.212842 -1e-06 0.0 0.0 -3.440388 0.788233 0.501657 -15.928183 -3.16731 2.999703 -6.338824 -2e-06 0.0 -18.12344 3.648179 -4.905672 -4e-06 0.0 -1e-06 -1.865291 18.261398 11.519938 43.499477 32.465137 19.203835 176.084976 61.468678 177.309219 10.525077 4.418223 -6.167459 2.24354 -5.255035 -3.180155 14.282886 -0.826596 6.952498 -1e-06 -12.690599 -2e-06 15.696844 -17.58194 3.12056 1.665664 -1.955922 -2.878299 4.727797 -4.170585 4.993922 11.020521 1e-06 -2e-06 12.10905 -3.735715 -2.866785 -0.0 -0.0 -1e-06 1.291985 -1.92855 -1.498089 14.800125 0.567467 3.865605 14.242568 -1.341738 -6.660657 19.631964 0.143924 -0.648248 49.879555 -0.970799 -5.900098 0.353027 -1.511151 -0.031941 20.222784 3.684308 2.316627 18.787266 4e-06 -1e-06 10.751625 -0.479868 1.397905 -0.0 -0.0 1e-06 3.273807 0.305948 -0.580113 21.486809 11.830371 2.26613 8.162925 2e-06 -3e-06 18.399076 -3.798984 -4.940575 2e-06 1e-06 -2e-06 1.102519 -17.681738 -2.606508 0.120393 -0.197688 15.589384 -4.227917 -8.319627 -3.035745 1.615507 -1.728774 1.840856 0.0 -0.0 2e-06 -3.411681 -22.449301 15.069466 -0.081238 -0.548448 5.605525 1.159755 -35.862431 -9.707471 -1.512517 1.114412 2.05133 -0.0 -0.0 -1e-06 
0.0 0.0 0.0 0.0 -0.0 0.0 -4.890587 99.182571 1.977 -0.004526 44.165604 -10.980169 2.465182 1.037845 5.77503 0.330763 4.508441 -3.05622 1.81802 4.347313 14.725996 -0.38256 3.137879 13.941138 -1.170583 0.087921 -4.081147 2.009141 -1.917323 -12.250906 7.7e-05 -2.1e-05 6e-06 0.018082 -0.150325 -0.001688 0.637252 -3.8732 -10.770062 -0.605297 3.585738 -10.763331 4.084187 1.131235 12.559044 -73.997429 18.601099 -41.113953 179.902039 -37.997639 -179.593796 19.87269 1.675516 38.288837 -5.882099 9.861279 0.70259 -10.936865 -0.360575 7.156204 -0.0 8.774819 -2e-06 -15.890424 17.458208 6.009659 -1.84403 2.498503 -2.507277 -10.163593 4.678941 4.621108 -20.976006 -2e-06 4e-06 -21.226271 2.451697 -3.593997 1e-06 -6e-06 1e-06 -1.36268 2.240797 -0.746324 -21.3349 0.58491 3.008325 -13.821203 -3e-06 4e-06 -23.887154 -0.249076 -0.83948 -59.973461 2.169997 -0.909468 -0.294024 1.679686 0.833256 -14.218198 0.093214 1.300582 -34.212021 -0.28756 0.967174 -20.033197 0.964539 1.212844 -1e-06 -0.0 -0.0 -3.440384 0.788233 0.501657 -15.928176 -3.167306 2.999709 -6.338822 -1e-06 2e-06 -18.123432 3.648181 -4.905666 -4e-06 -0.0 -3e-06 -1.969863 17.908243 11.389656 43.520142 32.142731 17.604298 176.441711 59.964432 177.613632 9.592505 4.820442 -6.985507 2.24354 -5.255035 -3.180156 14.282886 -0.826596 6.952503 -1e-06 -12.6906 3e-06 15.688074 -17.570093 3.158477 1.665667 -1.95592 -2.878298 4.727798 -4.170587 4.993923 11.020523 3e-06 -0.0 12.109048 -3.735715 -2.866782 0.0 -1e-06 0.0 1.291985 -1.928549 -1.498088 14.800122 0.567465 3.865607 14.242564 -1.341738 -6.660658 19.631956 0.143923 -0.648244 50.004574 -0.899713 -5.880592 0.353028 -1.511151 -0.03194 20.222784 3.684306 2.31663 18.78727 3e-06 2e-06 10.751625 -0.479869 1.397904 -0.0 0.0 2e-06 3.273807 0.305948 -0.580111 21.486801 11.830368 2.266133 8.162924 1e-06 -1e-06 18.399076 -3.798986 -4.940573 2e-06 1e-06 -2e-06 1.360524 -16.134752 -1.710297 0.112283 -0.188367 16.046429 -4.234966 -7.998667 -3.598872 1.614348 -1.71876 1.810816 0.0 -0.0 2e-06 -3.459605 -21.804766 15.832732 -0.072285 -0.547791 5.463965 1.383559 -34.808968 -9.6524 -1.512445 1.130972 2.084918 -0.0 -0.0 -1e-06 
0.0 0.0 0.0 0.0 -0.0 0.0 -4.980319 99.148575 2.108434 -0.262895 42.350155 -11.745236 2.421833 1.010021 5.652154 0.3244 4.397563 -3.094425 1.781381 4.214926 14.71482 -0.477111 3.212164 14.028345 -0.927876 0.932773 -4.087444 1.949849 -0.937909 -11.833429 7.7e-05 -2.2e-05 6e-06 0.014316 -0.134742 -0.002117 0.633781 -3.853414 -10.76403 -0.609445 3.596774 -10.757574 3.991052 1.13228 12.6167 -73.725693 18.278315 -41.108261 179.951157 -37.133743 -179.658478 18.969933 1.125653 39.236988 -5.882102 9.861283 0.702589 -10.936873 -0.360576 7.156207 1e-06 8.774823 -3e-06 -15.686284 17.499163 6.157317 -1.844029 2.498505 -2.507277 -10.163597 4.678942 4.62111 -20.976021 -4e-06 6e-06 -21.226282 2.451698 -3.593996 2e-06 -6e-06 -0.0 -1.362682 2.240798 -0.746323 -21.334913 0.584907 3.008329 -13.821211 -3e-06 6e-06 -23.887167 -0.249076 -0.839478 -60.005684 2.171789 -0.894757 -0.294026 1.679687 0.833255 -14.218208 0.093213 1.300583 -34.212048 -0.287563 0.96718 -20.033211 0.964539 1.212848 -1e-06 1e-06 -0.0 -3.440389 0.788232 0.501656 -15.928185 -3.167311 2.999712 -6.338826 -1e-06 3e-06 -18.123444 3.648183 -4.905666 -4e-06 -0.0 -2e-06 -2.043757 17.674738 11.268028 43.702126 31.669378 16.189085 176.882019 58.624702 177.924988 8.769438 5.031681 -7.936604 2.24354 -5.255034 -3.180157 14.282884 -0.826592 6.952502 -2e-06 -12.690599 0.0 15.665177 -17.565798 3.178791 1.665667 -1.955919 -2.878298 4.727799 -4.170585 4.993921 11.020521 2e-06 -1e-06 12.109046 -3.735714 -2.866783 0.0 -1e-06 0.0 1.291985 -1.92855 -1.49809 14.800122 0.567469 3.865607 14.242564 -1.341736 -6.660655 19.631958 0.143925 -0.648244 50.112495 -0.848216 -5.879954 0.353029 -1.511151 -0.031941 20.222784 3.684309 2.316631 18.787266 5e-06 -1e-06 10.751624 -0.479869 1.397905 -0.0 -1e-06 1e-06 3.273805 0.30595 -0.58011 21.486803 11.83037 2.266135 8.162923 1e-06 1e-06 18.399075 -3.798983 -4.940573 3e-06 -0.0 0.0 1.773089 -14.619704 -0.962318 0.112157 -0.186073 16.538542 -4.220957 -7.64581 -4.146887 1.614308 -1.708507 1.789125 0.0 -0.0 2e-06 -3.352242 -21.124195 16.410589 -0.060946 -0.537562 5.362248 1.459802 -33.744377 -9.52558 -1.512699 1.142147 2.100186 0.0 -0.0 -1e-06 
0.0 0.0 0.0 0.0 -0.0 0.0 -5.107362 99.114204 2.210816 -0.593237 40.475597 -12.491324 2.416242 0.984861 5.558632 0.321459 4.302803 -3.12711 1.781687 4.109025 14.686976 -0.513091 3.273824 14.069708 -0.70481 1.681543 -4.087407 1.849063 -0.005875 -11.427618 7.7e-05 -2.1e-05 6e-06 0.01302 -0.131589 -0.004856 0.632337 -3.847106 -10.757786 -0.610619 3.596358 -10.751885 3.932534 1.17691 12.669092 -73.627892 18.176453 -41.004078 179.938599 -36.289261 -179.715881 18.172892 0.661949 40.168461 -5.882096 9.861276 0.702593 -10.936859 -0.360575 7.156201 1e-06 8.774818 1e-06 -15.515623 17.53875 6.277861 -1.844031 2.498501 -2.507275 -10.163589 4.678941 4.621108 -20.976004 -5e-06 6e-06 -21.226263 2.451696 -3.593992 1e-06 -6e-06 -0.0 -1.362681 2.240795 -0.746322 -21.334892 0.584909 3.008324 -13.821201 -2e-06 5e-06 -23.88715 -0.249076 -0.839478 -60.016762 2.184649 -0.89843 -0.294027 1.679686 0.833256 -14.218191 0.093213 1.300583 -34.212013 -0.287564 0.967177 -20.033194 0.964537 1.212846 0.0 2e-06 -0.0 -3.440384 0.788232 0.501656 -15.92817 -3.167307 2.999705 -6.338819 -2e-06 2e-06 -18.123426 3.648181 -4.90566 -4e-06 1e-06 -2e-06 -2.126686 17.536242 11.129812 44.146759 31.041592 14.964429 177.296036 57.429527 178.204208 8.00962 5.04101 -9.026929 2.243538 -5.255032 -3.180154 14.282877 -0.826593 6.952496 -5e-06 -12.690593 3e-06 15.663979 -17.575041 3.182091 1.665662 -1.955919 -2.878298 4.727796 -4.170582 4.99392 11.020516 6e-06 -1e-06 12.109038 -3.735708 -2.866779 1e-06 -0.0 1e-06 1.291984 -1.928547 -1.498088 14.80012 0.567472 3.865604 14.24256 -1.341731 -6.660649 19.631952 0.143929 -0.648241 50.192196 -0.823802 -5.876683 0.353025 -1.511149 -0.031942 20.222778 3.684309 2.31663 18.787256 9e-06 3e-06 10.75162 -0.479867 1.397908 0.0 1e-06 1e-06 3.273804 0.305948 -0.580112 21.486799 11.830367 2.266132 8.162921 2e-06 -1e-06 18.399067 -3.798979 -4.940567 3e-06 0.0 -1e-06 2.333925 -13.136503 -0.307277 0.113599 -0.183575 17.060938 -4.222153 -7.264307 -4.677733 1.61503 -1.704953 1.788934 -0.0 -1e-06 2e-06 -3.08819 -20.416573 16.912241 -0.051427 -0.527655 5.199461 1.367667 -32.725887 -9.291649 -1.513922 1.144928 2.111815 -0.0 -0.0 -1e-06 
0.0 0.0 0.0 0.0 -0.0 0.0 -5.261745 99.073219 2.304605 -0.924246 38.655167 -13.180793 2.431598 0.957648 5.485099 0.321673 4.209019 -3.146627 1.793591 4.039769 14.65553 -0.529359 3.338502 14.081095 -0.497341 2.306375 -4.082338 1.716746 0.840041 -11.00373 7.7e-05 -2.1e-05 6e-06 0.01396 -0.136407 -0.00931 0.632181 -3.850178 -10.754769 -0.608461 3.589476 -10.750069 3.848654 1.251949 12.69971 -73.689781 18.17281 -40.943459 179.891312 -35.498402 -179.751724 17.516842 0.272417 41.165779 -5.882101 9.861279 0.702589 -10.936859 -0.360575 7.156197 2e-06 8.774819 1e-06 -15.376925 17.57855 6.373134 -1.84403 2.498503 -2.507276 -10.163589 4.678942 4.621106 -20.976006 -5e-06 -1e-06 -21.226269 2.451692 -3.593998 0.0 -6e-06 0.0 -1.36268 2.240796 -0.746323 -21.334896 0.584907 3.008319 -13.8212 -3e-06 1e-06 -23.887152 -0.249081 -0.839482 -60.01181 2.201684 -0.903565 -0.294026 1.679686 0.833256 -14.218197 0.093213 1.300578 -34.212013 -0.287569 0.967168 -20.033194 0.964532 1.212842 0.0 3e-06 -1e-06 -3.440383 0.788233 0.501655 -15.92817 -3.167308 2.999703 -6.338821 -1e-06 1e-06 -18.12343 3.648178 -4.905666 -4e-06 -1e-06 -1e-06 -2.209692 17.450953 11.024425 44.775909 30.363392 14.003875 177.728134 56.436588 178.512634 7.40025 4.922018 -9.939686 2.243538 -5.255034 -3.180156 14.282881 -0.826592 6.952498 -3e-06 -12.690595 -0.0 15.686495 -17.580288 3.174848 1.665665 -1.95592 -2.878297 4.727796 -4.170584 4.993921 11.020519 6e-06 -4e-06 12.109043 -3.735709 -2.866783 2e-06 1e-06 2e-06 1.291982 -1.928548 -1.498088 14.800118 0.56747 3.865604 14.24256 -1.341734 -6.660655 19.631954 0.143928 -0.648247 50.230869 -0.808854 -5.863561 0.353029 -1.51115 -0.03194 20.22278 3.684312 2.316627 18.787258 9e-06 0.0 10.75162 -0.479867 1.397905 -0.0 -1e-06 0.0 3.273804 0.305947 -0.580111 21.486801 11.830369 2.266132 8.162921 3e-06 0.0 18.399071 -3.798979 -4.940568 3e-06 -0.0 1e-06 2.933675 -11.811255 0.284396 0.114497 -0.182023 17.571526 -4.232791 -6.822716 -5.14899 1.616918 -1.705769 1.782843 0.0 -0.0 2e-06 -2.745703 -19.725426 17.375315 -0.038088 -0.518998 4.973196 1.190278 -31.828133 -9.032508 -1.513799 1.128297 2.125718 -0.0 0.0 -1e-06 
0.0 0.0 0.0 0.0 -0.0 0.0 -5.422608 99.025154 2.429654 -1.252895 36.909515 -13.832084 2.467997 0.925144 5.407729 0.327019 4.107347 -3.165578 1.823097 4.022859 14.638921 -0.570685 3.414636 14.10733 -0.301062 2.841101 -4.076142 1.560164 1.58596 -10.572338 7.7e-05 -2.2e-05 6e-06 0.013932 -0.140091 -0.014589 0.634609 -3.852507 -10.759516 -0.610683 3.58388 -10.755689 3.755871 1.352774 12.722496 -73.909653 18.141876 -41.02853 179.832657 -34.785873 -179.786514 17.035112 -0.089475 42.195957 -5.882097 9.861278 0.702592 -10.936859 -0.360575 7.1562 1e-06 8.774819 -1e-06 -15.265306 17.600664 6.434042 -1.844028 2.498502 -2.507275 -10.163589 4.678941 4.621105 -20.976004 -4e-06 1e-06 -21.226267 2.451694 -3.593998 0.0 -7e-06 -0.0 -1.36268 2.240796 -0.746322 -21.33489 0.584908 3.008321 -13.821199 -3e-06 2e-06 -23.887142 -0.24908 -0.839482 -59.982681 2.224661 -0.911482 -0.294023 1.679687 0.833257 -14.218192 0.093214 1.300578 -34.212006 -0.287566 0.96717 -20.033194 0.964535 1.212842 -2e-06 2e-06 -1e-06 -3.440386 0.788233 0.501655 -15.928168 -3.167308 2.999705 -6.338819 -2e-06 1e-06 -18.123425 3.648179 -4.905665 -4e-06 2e-06 -1e-06 -2.299928 17.385208 10.979237 45.531555 29.646484 13.17593 177.993225 55.617054 178.708984 6.892132 4.741653 -10.578546 2.243539 -5.255033 -3.180154 14.282877 -0.826594 6.952493 -1e-06 -12.690592 -3e-06 15.681044 -17.574099 3.177448 1.665667 -1.95592 -2.878295 4.727796 -4.170584 4.993917 11.020516 3e-06 -4e-06 12.109039 -3.735713 -2.866781 1e-06 -0.0 1e-06 1.291984 -1.928549 -1.498088 14.800112 0.567466 3.8656 14.242558 -1.341738 -6.660652 19.631948 0.143925 -0.648247 50.206345 -0.807513 -5.851919 0.35303 -1.51115 -0.031941 20.222771 3.684305 2.316624 18.787254 5e-06 -2e-06 10.751617 -0.47987 1.397903 -0.0 1e-06 0.0 3.273803 0.305946 -0.58011 21.48679 11.83036 2.266126 8.162919 2e-06 -1e-06 18.399063 -3.798981 -4.940573 3e-06 -0.0 1e-06 3.556873 -10.646873 0.848753 0.111123 -0.181346 18.062981 -4.265641 -6.321982 -5.617518 1.618256 -1.714013 1.773741 -0.0 -1e-06 2e-06 -2.334225 -19.024601 17.844936 -0.027245 -0.511863 4.672497 1.007096 -31.008209 -8.814074 -1.511822 1.103997 2.1555 -0.0 -0.0 -1e-06 
0.0 0.0 0.0 0.0 -0.0 0.0 -5.560246 98.976456 2.583633 -1.540091 35.34948 -14.422221 2.522096 0.890217 5.327122 0.334614 4.023676 -3.187321 1.852716 4.027042 14.647069 -0.649425 3.501008 14.149563 -0.127456 3.293625 -4.065288 1.406601 2.17857 -10.155342 7.7e-05 -2.2e-05 6e-06 0.012193 -0.143588 -0.021718 0.63623 -3.853733 -10.764717 -0.615537 3.577795 -10.76223 3.661042 1.474526 12.760971 -74.267517 17.975643 -41.213799 179.751251 -34.186413 -179.810089 16.739058 -0.449306 43.302799 -5.8821 9.861275 0.702589 -10.936859 -0.360577 7.156196 3e-06 8.774817 -1e-06 -15.146692 17.596846 6.483733 -1.844028 2.4985 -2.507275 -10.163586 4.678937 4.621103 -20.975998 -7e-06 3e-06 -21.226257 2.45169 -3.593994 0.0 -5e-06 1e-06 -1.362676 2.240796 -0.746321 -21.334894 0.584906 3.008318 -13.821199 -5e-06 3e-06 -23.887144 -0.249082 -0.839481 -59.898903 2.256998 -0.917052 -0.294025 1.679685 0.833256 -14.218191 0.093213 1.300577 -34.212013 -0.287567 0.96717 -20.03319 0.964534 1.212843 -1e-06 -0.0 -0.0 -3.440384 0.788232 0.501655 -15.928168 -3.167308 2.999701 -6.338819 0.0 1e-06 -18.123425 3.648177 -4.905663 -4e-06 -1e-06 -2e-06 -2.390719 17.316132 10.99266 46.385651 28.892448 12.446903 178.05426 54.918598 178.738449 6.388061 4.531057 -11.138976 2.243539 -5.255032 -3.180155 14.28288 -0.826592 6.952497 -5e-06 -12.690593 1e-06 15.660176 -17.538668 3.164717 1.665664 -1.955919 -2.878297 4.727795 -4.170583 4.993918 11.020518 3e-06 -4e-06 12.109043 -3.735709 -2.866779 2e-06 1e-06 2e-06 1.291985 -1.928546 -1.498088 14.800118 0.56747 3.865602 14.24256 -1.341731 -6.660651 19.631952 0.143928 -0.648244 50.143242 -0.803327 -5.848093 0.353028 -1.511149 -0.03194 20.222778 3.684309 2.316626 18.787256 7e-06 -0.0 10.751619 -0.479867 1.397904 -1e-06 1e-06 0.0 3.273806 0.305949 -0.580111 21.486799 11.830363 2.266128 8.162921 1e-06 -2e-06 18.399067 -3.798981 -4.940569 3e-06 1e-06 0.0 4.133378 -9.67805 1.371388 0.110429 -0.173008 18.519625 -4.300763 -5.838965 -6.029162 1.618116 -1.725942 1.768058 -0.0 -1e-06 2e-06 -1.921273 -18.367182 18.320654 -0.021486 -0.505251 4.333078 0.844368 -30.276846 -8.653897 -1.509363 1.081331 2.180407 -0.0 -0.0 -1e-06 
0.0 0.0 0.0 0.0 -0.0 0.0 -5.679436 98.929138 2.744687 -1.760844 33.941975 -14.938765 2.584228 0.870745 5.229141 0.337922 3.961856 -3.204615 1.873129 4.024723 14.664121 -0.76546 3.595876 14.19699 0.017575 3.694407 -4.048442 1.261309 2.661455 -9.719827 7.7e-05 -2.1e-05 6e-06 0.009682 -0.141665 -0.026622 0.637294 -3.84955 -10.765093 -0.621455 3.577407 -10.765888 3.529383 1.622166 12.781317 -74.737091 17.684036 -41.577156 179.709076 -33.64048 -179.852997 16.607767 -0.80099 44.46637 -5.882099 9.86128 0.702592 -10.936865 -0.360576 7.156204 1e-06 8.774819 -1e-06 -15.032213 17.597389 6.53842 -1.844029 2.498502 -2.507275 -10.163594 4.678943 4.621109 -20.976009 -2e-06 7e-06 -21.226271 2.451699 -3.593996 1e-06 -7e-06 0.0 -1.36268 2.240796 -0.746322 -21.334896 0.584909 3.008324 -13.821205 -0.0 4e-06 -23.887154 -0.249075 -0.83948 -59.764526 2.293705 -0.910368 -0.294026 1.679685 0.833255 -14.218197 0.093213 1.300583 -34.212021 -0.28756 0.967177 -20.033201 0.96454 1.212846 -1e-06 -0.0 -0.0 -3.440387 0.788233 0.501656 -15.928179 -3.167309 2.999708 -6.338823 0.0 2e-06 -18.123434 3.648182 -4.905664 -4e-06 -1e-06 -2e-06 -2.453552 17.263964 11.041603 47.34726 28.050829 11.929044 178.102448 54.273312 178.75621 5.822855 4.301629 -11.543781 2.243541 -5.255033 -3.180156 14.282887 -0.826596 6.952502 -3e-06 -12.690594 3e-06 15.64954 -17.499887 3.139241 1.665665 -1.955919 -2.878295 4.7278 -4.170585 4.993922 11.020521 3e-06 0.0 12.109042 -3.735714 -2.86678 1e-06 2e-06 2e-06 1.291984 -1.928548 -1.498089 14.800125 0.567467 3.865608 14.242565 -1.341736 -6.66065 19.631956 0.143923 -0.648243 50.063103 -0.793185 -5.844462 0.353029 -1.511148 -0.031937 20.222784 3.684304 2.316629 18.78727 2e-06 2e-06 10.751624 -0.47987 1.397908 0.0 2e-06 0.0 3.273807 0.305947 -0.58011 21.486801 11.830362 2.266133 8.162923 -1e-06 -2e-06 18.399076 -3.798987 -4.940571 3e-06 -0.0 1e-06 4.651684 -8.831646 1.872287 0.105955 -0.161395 18.902569 -4.347302 -5.3906 -6.354188 1.618294 -1.73869 1.752724 0.0 -1e-06 2e-06 -1.543171 -17.738289 18.782816 -0.018861 -0.50409 3.989796 0.759475 -29.613781 -8.587887 -1.505614 1.071128 2.180552 -0.0 -0.0 -1e-06 
0.0 0.0 0.0 0.0 -0.0 0.0 -5.800834 98.881241 2.880735 -1.932193 32.750969 -15.380997 2.647215 0.857811 5.119322 0.333342 3.899718 -3.223744 1.895561 4.003775 14.677191 -0.906625 3.700198 14.240628 0.125245 3.98016 -4.03179 1.136583 3.07215 -9.30814 7.7e-05 -2.2e-05 6e-06 0.007298 -0.144493 -0.02756 0.63543 -3.850765 -10.758813 -0.624201 3.572927 -10.763358 3.37183 1.736679 12.760716 -75.286415 17.297962 -42.067753 179.713715 -33.143589 -179.893982 16.593899 -1.150781 45.620586 -5.882103 9.861279 0.702588 -10.936861 -0.360575 7.156199 2e-06 8.774819 -1e-06 -14.950717 17.606443 6.58655 -1.844029 2.498503 -2.507276 -10.16359 4.678941 4.621104 -20.976006 -3e-06 -1e-06 -21.226269 2.451693 -3.593999 0.0 -7e-06 -0.0 -1.362679 2.240796 -0.746322 -21.334896 0.584909 3.008317 -13.821205 -3e-06 1e-06 -23.887152 -0.249081 -0.839485 -59.629135 2.324657 -0.899591 -0.294025 1.679687 0.833256 -14.218195 0.093214 1.300578 -34.212021 -0.287566 0.967168 -20.033197 0.964535 1.212842 0.0 0.0 -0.0 -3.440387 0.788233 0.501654 -15.928172 -3.167308 2.999703 -6.338822 0.0 0.0 -18.123432 3.648181 -4.905667 -4e-06 -1e-06 -2e-06 -2.485245 17.19985 11.077558 48.446575 27.132296 11.715048 178.320923 53.652657 178.889099 5.219548 4.080501 -11.883613 2.243538 -5.255032 -3.180152 14.282872 -0.826593 6.952497 -3e-06 -12.69059 -1e-06 15.641024 -17.451031 3.101537 1.665664 -1.955919 -2.878295 4.727791 -4.170584 4.99392 11.020512 4e-06 -0.0 12.109034 -3.735712 -2.86678 1e-06 3e-06 2e-06 1.291984 -1.928546 -1.498088 14.800108 0.567467 3.865603 14.242549 -1.341737 -6.660648 19.631941 0.143926 -0.648242 49.984489 -0.76883 -5.824834 0.353028 -1.511149 -0.031941 20.222765 3.684308 2.316628 18.787249 7e-06 2e-06 10.751615 -0.479866 1.397907 -1e-06 1e-06 -0.0 3.273803 0.305949 -0.580109 21.486786 11.830366 2.266131 8.162916 2e-06 -1e-06 18.399057 -3.79898 -4.940566 3e-06 -1e-06 0.0 5.13319 -8.047113 2.31426 0.102189 -0.156537 19.217566 -4.404719 -5.073784 -6.605362 1.617029 -1.737005 1.70714 0.0 -0.0 2e-06 -1.199864 -17.188358 19.212347 -0.020197 -0.507618 3.656928 0.746219 -29.015829 -8.570633 -1.501325 1.072718 2.15185 -0.0 -0.0 -1e-06 
0.0 0.0 0.0 0.0 -0.0 0.0 -5.942813 98.845375 2.966736 -2.053222 31.759672 -15.724977 2.70269 0.85395 4.997084 0.328015 3.845375 -3.235357 1.912496 3.956923 14.665282 -1.065038 3.799831 14.257071 0.20358 4.205628 -4.01427 1.017825 3.392321 -8.934036 7.7e-05 -2.3e-05 6e-06 0.003982 -0.144119 -0.027659 0.633161 -3.848819 -10.74607 -0.628395 3.571529 -10.755276 3.241169 1.819611 12.679737 -75.885437 16.822765 -42.522835 179.673203 -32.66853 -179.89151 16.670197 -1.526446 46.715214 -5.882104 9.861278 0.702588 -10.936865 -0.360574 7.1562 2e-06 8.774819 1e-06 -14.858437 17.623945 6.641345 -1.84403 2.498502 -2.507275 -10.163594 4.67894 4.621106 -20.976009 -5e-06 5e-06 -21.226273 2.451695 -3.593993 0.0 -6e-06 -0.0 -1.362682 2.240796 -0.746323 -21.334902 0.584908 3.008322 -13.821206 -3e-06 4e-06 -23.887157 -0.24908 -0.83948 -59.522625 2.353179 -0.902267 -0.294024 1.679686 0.833258 -14.218199 0.093213 1.300583 -34.212032 -0.287563 0.967174 -20.033205 0.964537 1.212845 1e-06 0.0 -0.0 -3.440386 0.788232 0.501656 -15.928179 -3.167308 2.999706 -6.338824 -2e-06 1e-06 -18.123432 3.648178 -4.905663 -4e-06 -1e-06 -3e-06 -2.503621 17.148296 11.10689 49.675388 26.149012 11.629325 178.610168 52.989658 179.088135 4.594484 3.921642 -12.184402 2.243537 -5.255031 -3.180153 14.282873 -0.826592 6.952497 -4e-06 -12.690591 -2e-06 15.66124 -17.423599 3.046975 1.665665 -1.955918 -2.878293 4.727793 -4.170583 4.99392 11.020513 3e-06 1e-06 12.109035 -3.735711 -2.866778 -1e-06 1e-06 -0.0 1.291984 -1.928546 -1.498088 14.80011 0.567468 3.865604 14.242554 -1.341736 -6.660649 19.631945 0.143926 -0.64824 49.947613 -0.69763 -5.828588 0.353028 -1.511149 -0.031939 20.222769 3.684307 2.316631 18.787251 4e-06 1e-06 10.751616 -0.479868 1.397905 -1e-06 1e-06 -0.0 3.273802 0.305947 -0.58011 21.486786 11.830367 2.266133 8.162916 2e-06 1e-06 18.399059 -3.79898 -4.940565 4e-06 0.0 -1e-06 5.561572 -7.345697 2.670436 0.09671 -0.164093 19.452911 -4.471863 -4.848813 -6.753788 1.616376 -1.738981 1.659532 -0.0 -1e-06 2e-06 -0.904614 -16.721979 19.544193 -0.016598 -0.515813 3.38888 0.776462 -28.486729 -8.57838 -1.496961 1.081113 2.106224 0.0 0.0 -1e-06 
0.0 0.0 0.0 0.0 -0.0 0.0 -6.110807 98.82563 3.012212 -2.148454 30.973228 -15.991802 2.755408 0.851002 4.884555 0.325753 3.786931 -3.248359 1.923745 3.905571 14.635417 -1.223981 3.894065 14.24116 0.256254 4.350485 -3.999609 0.901886 3.640126 -8.62116 7.7e-05 -2.1e-05 6e-06 0.001163 -0.15017 -0.027368 0.631762 -3.853257 -10.732499 -0.632381 3.563761 -10.744954 3.131604 1.834576 12.606747 -76.500427 16.242762 -42.951851 179.601028 -32.217552 -179.868866 16.785778 -1.885394 47.798946 -5.882107 9.861281 0.70259 -10.936873 -0.360574 7.156203 1e-06 8.774819 -1e-06 -14.783876 17.628736 6.676116 -1.844033 2.498503 -2.507277 -10.163601 4.678944 4.621107 -20.976027 -1e-06 -0.0 -21.226292 2.451694 -3.594002 1e-06 -5e-06 0.0 -1.362682 2.240797 -0.746323 -21.334913 0.58491 3.00832 -13.821215 -3e-06 -0.0 -23.887173 -0.24908 -0.839486 -59.448254 2.36884 -0.895831 -0.294023 1.679686 0.833257 -14.21821 0.093217 1.30058 -34.212048 -0.287564 0.967165 -20.033211 0.964536 1.212842 0.0 -0.0 0.0 -3.440388 0.788233 0.501654 -15.928187 -3.167306 2.999705 -6.338826 -3e-06 -1e-06 -18.123447 3.648178 -4.90567 -4e-06 1e-06 -2e-06 -2.539346 17.096731 11.110053 51.027546 25.151724 11.63368 178.872467 52.306362 179.278915 3.973903 3.829483 -12.415386 2.243539 -5.255033 -3.180154 14.282876 -0.826593 6.952495 -1e-06 -12.690595 -2e-06 15.704096 -17.408739 2.984598 1.665665 -1.955921 -2.878295 4.727794 -4.170585 4.993917 11.020513 3e-06 -3e-06 12.10904 -3.735714 -2.866783 0.0 1e-06 0.0 1.291986 -1.928549 -1.498087 14.800112 0.567469 3.865604 14.242558 -1.341736 -6.660653 19.631948 0.143927 -0.648245 49.956013 -0.640725 -5.843248 0.353029 -1.51115 -0.031938 20.222773 3.684307 2.316627 18.787254 5e-06 -4e-06 10.751618 -0.479869 1.397903 0.0 1e-06 -1e-06 3.273804 0.305947 -0.58011 21.486792 11.830369 2.266131 8.162919 3e-06 -2e-06 18.399063 -3.798981 -4.940572 4e-06 0.0 -1e-06 5.947448 -6.749372 2.921379 0.087228 -0.1831 19.637438 -4.543525 -4.723148 -6.813863 1.615203 -1.742029 1.609718 -0.0 -1e-06 2e-06 -0.622487 -16.331905 19.788158 -0.011557 -0.517558 3.150457 0.782319 -28.05731 -8.558772 -1.492907 1.08658 2.059723 0.0 0.0 -1e-06 
0.0 0.0 0.0 0.0 -0.0 0.0 -6.308415 98.809692 3.038838 -2.220648 30.386139 -16.208315 2.810866 0.839289 4.797189 0.332064 3.738796 -3.261503 1.906023 3.843338 14.606339 -1.387675 3.994361 14.169776 0.300196 4.435501 -3.985824 0.777062 3.849298 -8.382002 7.7e-05 -2e-05 6e-06 -0.001166 -0.164476 -0.030847 0.631798 -3.865945 -10.721407 -0.636889 3.547511 -10.735829 3.01791 1.820405 12.545609 -77.070229 15.546627 -43.285305 179.473618 -31.808481 -179.834671 16.866827 -2.23387 48.924591 -5.882102 9.861279 0.702589 -10.936864 -0.360574 7.156202 -1e-06 8.774818 -2e-06 -14.683805 17.602448 6.70238 -1.844029 2.498501 -2.507274 -10.163591 4.678942 4.621107 -20.976013 0.0 5e-06 -21.226271 2.451698 -3.593996 0.0 -5e-06 -0.0 -1.362681 2.240796 -0.746322 -21.3349 0.584912 3.008324 -13.821205 -1e-06 4e-06 -23.887157 -0.249075 -0.839481 -59.370007 2.373741 -0.870627 -0.294026 1.679685 0.833256 -14.218202 0.093216 1.300582 -34.212032 -0.287559 0.967174 -20.033201 0.964539 1.212844 -1e-06 -0.0 -0.0 -3.440386 0.788232 0.501655 -15.928183 -3.167305 2.999705 -6.338822 1e-06 2e-06 -18.123436 3.648183 -4.905665 -4e-06 -1e-06 -2e-06 -2.58549 17.056717 11.118296 52.529995 24.143299 11.669438 179.081467 51.587166 179.42601 3.286694 3.788551 -12.616182 2.243542 -5.255032 -3.180154 14.282885 -0.826594 6.9525 -2e-06 -12.690597 -1e-06 15.770232 -17.387102 2.916636 1.665665 -1.955924 -2.878298 4.727798 -4.170584 4.993923 11.020522 3e-06 -1e-06 12.109046 -3.735716 -2.86678 2e-06 2e-06 1e-06 1.291986 -1.928548 -1.498088 14.800123 0.567469 3.865609 14.242562 -1.341735 -6.660654 19.631954 0.143924 -0.648244 49.998852 -0.593046 -5.864961 0.353028 -1.51115 -0.031941 20.222782 3.684307 2.316632 18.787266 4e-06 2e-06 10.751622 -0.479869 1.397905 -0.0 1e-06 -1e-06 3.273806 0.305947 -0.580111 21.486807 11.830368 2.266134 8.162923 1e-06 -0.0 18.399075 -3.798985 -4.940569 3e-06 0.0 -1e-06 6.283652 -6.270669 3.072313 0.076039 -0.203481 19.812923 -4.636043 -4.676603 -6.80811 1.615051 -1.752148 1.576024 -0.0 0.0 2e-06 -0.342822 -15.994215 19.966457 -0.009443 -0.514324 2.932673 0.736019 -27.760687 -8.51217 -1.490597 1.091847 2.029766 0.0 1e-06 -1e-06 
0.0 0.0 0.0 0.0 -0.0 0.0 -6.517656 98.78804 3.069676 -2.267745 29.972527 -16.394043 2.874332 0.827464 4.743678 0.34802 3.709145 -3.268558 1.865062 3.774324 14.584807 -1.55375 4.085269 14.055165 0.341993 4.488459 -3.974385 0.65075 4.021774 -8.21044 7.7e-05 -2e-05 6e-06 -0.003038 -0.186945 -0.03417 0.634371 -3.886485 -10.709232 -0.642963 3.522805 -10.726259 2.900527 1.775834 12.495621 -77.604813 14.752473 -43.482788 179.319763 -31.480612 -179.771561 16.99118 -2.555152 50.082096 -5.882109 9.861286 0.70259 -10.936873 -0.360575 7.156208 -1e-06 8.774824 -2e-06 -14.60554 17.572615 6.72619 -1.844036 2.498505 -2.507277 -10.163603 4.678944 4.621109 -20.976027 -2e-06 2e-06 -21.226292 2.451697 -3.594 0.0 -7e-06 -0.0 -1.362682 2.240798 -0.746324 -21.334917 0.58491 3.008323 -13.821217 -1e-06 2e-06 -23.887175 -0.249076 -0.839483 -59.306595 2.36865 -0.823865 -0.294023 1.679688 0.833256 -14.218208 0.093214 1.300582 -34.212051 -0.287562 0.96717 -20.033215 0.964537 1.212843 -0.0 0.0 0.0 -3.44039 0.788234 0.501654 -15.928187 -3.167309 2.999707 -6.338825 0.0 1e-06 -18.123449 3.648183 -4.905672 -4e-06 -0.0 -2e-06 -2.655296 17.021521 11.150714 54.16798 23.118269 11.749171 179.290634 50.881699 179.593964 2.552167 3.818758 -12.695894 2.243542 -5.255037 -3.180158 14.282888 -0.826597 6.952502 -1e-06 -12.690608 -2e-06 15.813712 -17.383312 2.88743 1.665666 -1.955923 -2.878298 4.727798 -4.170588 4.993924 11.020527 3e-06 -1e-06 12.109052 -3.735715 -2.866784 -0.0 3e-06 -2e-06 1.291986 -1.928549 -1.498088 14.800123 0.567463 3.865608 14.242568 -1.341741 -6.660657 19.631964 0.143924 -0.648245 50.041466 -0.540785 -5.88028 0.353029 -1.511151 -0.031939 20.22279 3.684304 2.316632 18.787271 1e-06 -1e-06 10.751629 -0.479869 1.397905 -0.0 1e-06 -1e-06 3.273806 0.305945 -0.580111 21.486809 11.830373 2.266136 8.162926 -0.0 0.0 18.399076 -3.798989 -4.940571 3e-06 0.0 -2e-06 6.554574 -5.921999 3.150381 0.065474 -0.21667 19.983704 -4.725022 -4.677934 -6.725448 1.615422 -1.766835 1.559452 -0.0 1e-06 2e-06 -0.095865 -15.746373 20.101038 -0.013989 -0.497933 2.753143 0.684537 -27.549969 -8.479933 -1.488485 1.098726 2.011664 0.0 -0.0 -1e-06 
0.0 0.0 0.0 0.0 -0.0 0.0 -6.718633 98.770103 3.103773 -2.277106 29.718489 -16.521849 2.931566 0.802478 4.710471 0.369718 3.681668 -3.278201 1.813356 3.715472 14.578923 -1.720611 4.180638 13.903725 0.381471 4.50935 -3.96057 0.517982 4.141625 -8.130528 7.7e-05 -2.2e-05 6e-06 -0.004074 -0.198998 -0.034492 0.637307 -3.895469 -10.691524 -0.647798 3.50762 -10.712 2.744944 1.688968 12.425936 -78.063644 13.906051 -43.659027 179.247391 -31.298584 -179.708496 17.143333 -2.85589 51.074825 -5.882106 9.861284 0.702589 -10.936871 -0.360575 7.156204 0.0 8.774822 -3e-06 -14.599082 17.54542 6.710463 -1.844031 2.498504 -2.507278 -10.163599 4.678944 4.621108 -20.976023 -2e-06 -0.0 -21.226284 2.451694 -3.594002 0.0 -6e-06 0.0 -1.362681 2.240798 -0.746324 -21.334906 0.58491 3.008323 -13.821213 -2e-06 2e-06 -23.887167 -0.249079 -0.839484 -59.248196 2.359506 -0.795454 -0.294027 1.679687 0.833254 -14.218205 0.093215 1.300581 -34.212036 -0.287563 0.967169 -20.033209 0.964536 1.212842 1e-06 -0.0 0.0 -3.440388 0.788233 0.501656 -15.928181 -3.16731 2.999708 -6.338825 -2e-06 0.0 -18.123444 3.648182 -4.905672 -4e-06 -1e-06 -2e-06 -2.733667 16.994152 11.231459 55.821892 22.102619 11.826406 179.480438 50.233444 179.752426 1.910956 3.900392 -12.523145 2.243541 -5.255034 -3.180155 14.282882 -0.826596 6.9525 -1e-06 -12.690595 -1e-06 15.79241 -17.371511 2.884436 1.665666 -1.95592 -2.878297 4.727798 -4.170586 4.993921 11.020518 2e-06 -3e-06 12.109046 -3.735718 -2.866783 -0.0 2e-06 -2e-06 1.291986 -1.928548 -1.498088 14.80012 0.567467 3.865604 14.242566 -1.341738 -6.660656 19.631958 0.143922 -0.648247 50.017433 -0.502537 -5.886199 0.353029 -1.51115 -0.031939 20.222778 3.684304 2.316626 18.787266 1e-06 -1e-06 10.751624 -0.479868 1.397905 -1e-06 1e-06 -0.0 3.273805 0.305946 -0.58011 21.486801 11.830367 2.266133 8.162925 -0.0 -1e-06 18.399075 -3.798987 -4.940574 4e-06 1e-06 -2e-06 6.751256 -5.670727 3.149552 0.057161 -0.223869 20.117418 -4.784563 -4.70296 -6.597129 1.616668 -1.782055 1.536338 -0.0 0.0 2e-06 0.112263 -15.552943 20.144737 -0.021643 -0.476481 2.644473 0.68345 -27.427782 -8.499548 -1.486108 1.104601 1.988357 0.0 -0.0 -1e-06 
0.0 0.0 0.0 0.0 -0.0 0.0 -6.904824 98.757622 3.122263 -2.239929 29.59745 -16.602757 2.987504 0.771893 4.68249 0.386437 3.653188 -3.282808 1.751373 3.650412 14.584622 -1.901995 4.283182 13.747773 0.41929 4.526741 -3.951236 0.388996 4.22638 -8.104525 7.7e-05 -2.3e-05 6e-06 -0.004932 -0.196606 -0.031572 0.638747 -3.889762 -10.667801 -0.650814 3.507033 -10.693725 2.564821 1.57503 12.34048 -78.46682 13.0137 -43.741966 179.217575 -31.252569 -179.626511 17.313416 -3.123369 52.008808 -5.882095 9.861274 0.702593 -10.936859 -0.360578 7.1562 1e-06 8.774816 -2e-06 -14.638475 17.522734 6.672173 -1.844029 2.498502 -2.507273 -10.163589 4.678938 4.621108 -20.976 -5e-06 7e-06 -21.226259 2.451696 -3.593991 0.0 -7e-06 -0.0 -1.362679 2.240796 -0.746324 -21.33489 0.584905 3.008326 -13.821197 -3e-06 6e-06 -23.887142 -0.249076 -0.839476 -59.175354 2.350255 -0.782623 -0.294026 1.679685 0.833256 -14.218192 0.093211 1.300583 -34.212013 -0.287564 0.967181 -20.033192 0.964538 1.212849 0.0 -1e-06 0.0 -3.440385 0.788233 0.501656 -15.928172 -3.167308 2.999708 -6.338821 -2e-06 3e-06 -18.123426 3.648179 -4.90566 -5e-06 -2e-06 -2e-06 -2.830013 16.976336 11.352203 57.491199 21.122005 11.947979 179.699768 49.653637 179.946411 1.360221 4.022554 -12.161589 2.243538 -5.255029 -3.180155 14.282878 -0.826591 6.952497 -5e-06 -12.69059 -0.0 15.735228 -17.363779 2.906044 1.665664 -1.95592 -2.878298 4.727795 -4.170578 4.993917 11.020515 6e-06 -1e-06 12.109039 -3.735708 -2.866777 -1e-06 1e-06 -0.0 1.291983 -1.928547 -1.498088 14.800118 0.567471 3.865605 14.242558 -1.341732 -6.660651 19.631952 0.143928 -0.648241 49.980598 -0.463438 -5.875433 0.353028 -1.511146 -0.03194 20.222773 3.684309 2.316629 18.787254 9e-06 1e-06 10.751619 -0.479867 1.397906 1e-06 2e-06 1e-06 3.273805 0.305946 -0.58011 21.486799 11.830364 2.266131 8.162922 5e-06 1e-06 18.399063 -3.798977 -4.940567 3e-06 -0.0 -1e-06 6.856565 -5.528617 3.105661 0.052072 -0.225263 20.206707 -4.819669 -4.70035 -6.43584 1.617684 -1.793644 1.504803 0.0 -0.0 2e-06 0.255656 -15.417347 20.14197 -0.027716 -0.461916 2.582727 0.722308 -27.364992 -8.553278 -1.483265 1.113184 1.966364 -0.0 0.0 -1e-06 
0.0 0.0 0.0 0.0 -0.0 0.0 -7.087752 98.757599 3.100304 -2.143767 29.560041 -16.622814 3.044624 0.746829 4.651951 0.396909 3.613733 -3.283626 1.675616 3.581741 14.596285 -2.118065 4.419466 13.594522 0.445413 4.535857 -3.946588 0.279696 4.310166 -8.135179 7.7e-05 -2.1e-05 6e-06 -0.005929 -0.181547 -0.027487 0.637849 -3.872183 -10.646795 -0.651844 3.519737 -10.679091 2.344215 1.455494 12.288404 -78.774078 12.053703 -43.720924 179.193192 -31.297041 -179.539948 17.471613 -3.346563 52.883278 -5.882106 9.861286 0.702588 -10.936867 -0.360577 7.156205 1e-06 8.774826 -2e-06 -14.699339 17.483994 6.614976 -1.844034 2.498505 -2.507277 -10.1636 4.678944 4.621107 -20.976027 -4e-06 1e-06 -21.226288 2.451695 -3.594002 1e-06 -5e-06 -0.0 -1.362681 2.240798 -0.746324 -21.334915 0.584907 3.008322 -13.821217 -3e-06 1e-06 -23.887175 -0.24908 -0.839484 -59.112274 2.349611 -0.776861 -0.294026 1.679687 0.833256 -14.218209 0.093215 1.300581 -34.212048 -0.287565 0.967169 -20.033215 0.964534 1.212844 1e-06 -1e-06 0.0 -3.440387 0.788233 0.501654 -15.928185 -3.167311 2.999708 -6.338825 -1e-06 -0.0 -18.123446 3.648183 -4.905673 -4e-06 -0.0 -3e-06 -2.922773 16.978203 11.520766 59.11063 20.198084 12.018273 179.922012 49.087734 -179.870499 0.893603 4.200753 -11.684652 2.243542 -5.255037 -3.180156 14.282892 -0.826597 6.952502 -2e-06 -12.690601 0.0 15.692853 -17.333532 2.912642 1.665665 -1.955921 -2.878298 4.7278 -4.170588 4.993923 11.020525 2e-06 -2e-06 12.109052 -3.735717 -2.866783 -0.0 1e-06 -1e-06 1.291986 -1.92855 -1.498089 14.800127 0.567467 3.865606 14.242571 -1.341738 -6.660655 19.631968 0.143924 -0.648245 49.974751 -0.426841 -5.853175 0.35303 -1.511149 -0.03194 20.222788 3.684307 2.316632 18.78727 4e-06 1e-06 10.751628 -0.479868 1.397905 0.0 2e-06 0.0 3.273806 0.305946 -0.580111 21.486809 11.830369 2.266132 8.162926 1e-06 -1e-06 18.399082 -3.798984 -4.940575 3e-06 1e-06 -1e-06 6.874293 -5.449385 3.041903 0.048475 -0.232478 20.204926 -4.840315 -4.657321 -6.226769 1.619754 -1.799572 1.473573 -0.0 1e-06 2e-06 0.32601 -15.321948 20.075983 -0.029464 -0.4534 2.569802 0.756713 -27.350149 -8.599836 -1.481451 1.122812 1.938207 -0.0 -0.0 -1e-06 
0.0 0.0 0.0 0.0 -0.0 0.0 -7.263092 98.778244 3.03538 -1.99966 29.576649 -16.586163 3.104923 0.723808 4.617363 0.406221 3.57721 -3.285855 1.588373 3.523885 14.611874 -2.352278 4.552067 13.443498 0.448971 4.589046 -3.953243 0.191467 4.386371 -8.230321 7.7e-05 -2.1e-05 6e-06 -0.007608 -0.160332 -0.024963 0.635189 -3.847452 -10.626945 -0.652583 3.53758 -10.665653 2.145839 1.35044 12.269599 -78.997879 11.071014 -43.605404 179.162537 -31.341167 -179.455505 17.587322 -3.487825 53.728306 -5.882103 9.861284 0.702588 -10.936869 -0.360574 7.156204 -1e-06 8.774823 -2e-06 -14.779112 17.442852 6.550669 -1.844029 2.498504 -2.507276 -10.163597 4.678944 4.621108 -20.976019 -2e-06 1e-06 -21.226282 2.451698 -3.594001 0.0 -5e-06 0.0 -1.362684 2.240799 -0.746323 -21.334906 0.584912 3.008323 -13.82121 -3e-06 1e-06 -23.887163 -0.249077 -0.839484 -59.108532 2.371389 -0.789948 -0.294023 1.679686 0.833256 -14.218205 0.093215 1.300581 -34.212036 -0.28756 0.967168 -20.033209 0.964536 1.212841 1e-06 -0.0 0.0 -3.440388 0.788234 0.501656 -15.928183 -3.167308 2.999706 -6.338824 1e-06 -1e-06 -18.123444 3.648184 -4.905672 -5e-06 -0.0 -2e-06 -3.01274 17.010736 11.710388 60.57085 19.351242 11.892355 -179.912155 48.507114 -179.741013 0.492786 4.365197 -11.2308 2.24354 -5.255033 -3.180154 14.282878 -0.826591 6.952494 -2e-06 -12.690594 -1e-06 15.662416 -17.285786 2.923051 1.665665 -1.955918 -2.878297 4.727793 -4.170583 4.993919 11.020514 4e-06 -2e-06 12.109041 -3.735711 -2.866782 -0.0 0.0 -1e-06 1.291985 -1.928547 -1.498088 14.800115 0.56747 3.865602 14.242561 -1.341733 -6.660649 19.631952 0.143927 -0.648243 50.020447 -0.378746 -5.824518 0.353028 -1.511149 -0.031941 20.222771 3.684307 2.316626 18.787256 8e-06 -0.0 10.751618 -0.479867 1.397904 1e-06 3e-06 -1e-06 3.273804 0.305947 -0.58011 21.486795 11.830365 2.266129 8.162922 3e-06 -0.0 18.399067 -3.798981 -4.940571 3e-06 1e-06 -1e-06 6.821804 -5.387239 2.959083 0.050761 -0.244719 20.121326 -4.839265 -4.601617 -5.921231 1.621617 -1.801995 1.425992 -0.0 0.0 2e-06 0.335167 -15.27414 19.954884 -0.030918 -0.456297 2.574744 0.749246 -27.347387 -8.614555 -1.48235 1.129256 1.902429 -0.0 -0.0 -1e-06 
0.0 0.0 0.0 0.0 -0.0 0.0 -7.424581 98.813835 2.936604 -1.816227 29.58659 -16.479549 3.167222 0.707449 4.576965 0.419482 3.551416 -3.296135 1.495645 3.467602 14.621128 -2.624839 4.696626 13.26799 0.44749 4.663243 -3.957409 0.115259 4.492208 -8.377778 7.7e-05 -2.2e-05 6e-06 -0.008893 -0.141313 -0.022671 0.630377 -3.826751 -10.61585 -0.650493 3.555166 -10.660931 1.96921 1.276159 12.255562 -79.132164 10.160692 -43.465389 179.102814 -31.347874 -179.352005 17.642178 -3.50335 54.582726 -5.882101 9.86128 0.702588 -10.936863 -0.360575 7.1562 -2e-06 8.77482 -2e-06 -14.876552 17.39768 6.503661 -1.84403 2.498503 -2.507277 -10.163592 4.678943 4.621105 -20.976006 -2e-06 1e-06 -21.226271 2.451696 -3.593999 0.0 -5e-06 0.0 -1.362681 2.240796 -0.746323 -21.3349 0.584909 3.008321 -13.821205 -2e-06 1e-06 -23.887156 -0.249077 -0.839484 -59.178078 2.405937 -0.791986 -0.294025 1.679686 0.833256 -14.218195 0.093216 1.30058 -34.212013 -0.287561 0.967168 -20.033197 0.964538 1.212842 0.0 -0.0 0.0 -3.440384 0.788233 0.501656 -15.928176 -3.167306 2.999706 -6.338821 0.0 2e-06 -18.123436 3.64818 -4.90567 -5e-06 -0.0 -2e-06 -3.137763 17.103292 11.876352 61.867867 18.555998 11.589866 -179.788406 47.90892 -179.634094 0.151297 4.501444 -10.744599 2.24354 -5.255033 -3.180153 14.282878 -0.826594 6.952495 -0.0 -12.690593 1e-06 15.649815 -17.260029 2.941901 1.665665 -1.95592 -2.878296 4.727794 -4.170585 4.993919 11.020514 2e-06 -1e-06 12.109042 -3.735713 -2.866779 1e-06 1e-06 -1e-06 1.291984 -1.928548 -1.498087 14.800115 0.567466 3.865604 14.242558 -1.341736 -6.660648 19.631948 0.143925 -0.648246 50.088634 -0.346864 -5.796759 0.353029 -1.511149 -0.03194 20.222771 3.684305 2.316628 18.787254 4e-06 -1e-06 10.751619 -0.479869 1.397905 2e-06 2e-06 0.0 3.273804 0.305945 -0.58011 21.48679 11.83036 2.266129 8.162917 -0.0 -0.0 18.399063 -3.798985 -4.940572 3e-06 0.0 -1e-06 6.726222 -5.301689 2.879368 0.055281 -0.262276 19.922085 -4.833088 -4.511752 -5.548844 1.624752 -1.801691 1.385055 -0.0 1e-06 2e-06 0.312206 -15.236937 19.762821 -0.033671 -0.464801 2.577296 0.679912 -27.350702 -8.58981 -1.484231 1.127445 1.899758 0.0 0.0 -1e-06 
0.0 0.0 0.0 0.0 -0.0 0.0 -7.585142 98.859383 2.80886 -1.600722 29.592474 -16.301226 3.234942 0.6854 4.539792 0.436443 3.542845 -3.309111 1.393441 3.429353 14.601541 -2.937633 4.840407 13.051072 0.4575 4.745188 -3.957685 0.007983 4.65748 -8.549994 7.7e-05 -2.2e-05 6e-06 -0.008755 -0.140226 -0.020906 0.624023 -3.826474 -10.611512 -0.644004 3.557178 -10.663308 1.834545 1.224279 12.16682 -79.190308 9.39328 -43.268616 178.962753 -31.341068 -179.20903 17.645639 -3.456187 55.456512 -5.882102 9.861275 0.702592 -10.936863 -0.360575 7.156199 1e-06 8.774819 1e-06 -14.928823 17.37022 6.509685 -1.844031 2.498501 -2.507273 -10.163594 4.678942 4.621106 -20.976006 -6e-06 2e-06 -21.226271 2.451693 -3.593995 0.0 -6e-06 0.0 -1.362679 2.240796 -0.746322 -21.334898 0.584908 3.008319 -13.821204 -3e-06 1e-06 -23.887154 -0.249081 -0.83948 -59.260998 2.425041 -0.76173 -0.294023 1.679685 0.833255 -14.218195 0.093216 1.300581 -34.212013 -0.287566 0.967168 -20.033194 0.964535 1.212842 0.0 -0.0 0.0 -3.440386 0.788233 0.501655 -15.928174 -3.167308 2.999702 -6.338822 0.0 1e-06 -18.123428 3.648178 -4.905664 -4e-06 -1e-06 -2e-06 -3.339306 17.220812 11.960113 63.061909 17.777819 11.066893 -179.74382 47.282017 -179.564423 -0.135333 4.588561 -10.138943 2.24354 -5.255031 -3.180155 14.282885 -0.826594 6.952498 -3e-06 -12.690599 -1e-06 15.638453 -17.267807 2.980501 1.665666 -1.955921 -2.878297 4.727795 -4.170586 4.993918 11.02052 4e-06 -3e-06 12.109047 -3.735713 -2.866784 0.0 0.0 -3e-06 1.291986 -1.928548 -1.498088 14.80012 0.567469 3.865604 14.242566 -1.341734 -6.660656 19.631964 0.14393 -0.648246 50.113216 -0.340583 -5.768322 0.353028 -1.511148 -0.03194 20.222784 3.684311 2.316628 18.787266 7e-06 -1e-06 10.751622 -0.479864 1.397905 -0.0 2e-06 -0.0 3.273805 0.305949 -0.580111 21.486803 11.830374 2.266132 8.162924 4e-06 -0.0 18.399071 -3.79898 -4.940572 2e-06 0.0 -2e-06 6.592166 -5.211978 2.802423 0.057632 -0.278753 19.593269 -4.833801 -4.361817 -5.129417 1.628228 -1.811928 1.350552 -0.0 0.0 2e-06 0.266503 -15.209196 19.490128 -0.039315 -0.467981 2.585942 0.549412 -27.36339 -8.533348 -1.48491 1.115141 1.927301 -0.0 -0.0 -1e-06 
0.0 0.0 0.0 0.0 -0.0 0.0 -7.740635 98.91095 2.648997 -1.388118 29.6381 -16.084 3.325498 0.657225 4.535244 0.454227 3.538724 -3.316911 1.288176 3.406935 14.543347 -3.276781 4.970598 12.765779 0.494613 4.838385 -3.942836 -0.156836 4.829755 -8.757123 7.7e-05 -2.1e-05 6e-06 -0.008485 -0.149369 -0.01961 0.616203 -3.835536 -10.604819 -0.635627 3.548252 -10.663042 1.727991 1.173958 11.997277 -79.161095 8.788163 -43.04874 178.781403 -31.375683 -179.064346 17.613222 -3.43178 56.249454 -5.882103 9.861284 0.70259 -10.936866 -0.360576 7.156203 2e-06 8.774823 -2e-06 -14.883512 17.365665 6.567959 -1.844034 2.498505 -2.507277 -10.163597 4.678942 4.621104 -20.976015 -4e-06 3e-06 -21.226276 2.451696 -3.593999 -0.0 -5e-06 0.0 -1.362678 2.240797 -0.746322 -21.334906 0.584907 3.008322 -13.821213 -2e-06 2e-06 -23.887159 -0.24908 -0.839481 -59.273952 2.424338 -0.699523 -0.294028 1.679687 0.833255 -14.218204 0.093213 1.300579 -34.212032 -0.287566 0.967173 -20.033205 0.964536 1.212844 1e-06 -0.0 0.0 -3.440387 0.788233 0.501655 -15.928179 -3.167312 2.999706 -6.338823 -1e-06 1e-06 -18.123442 3.648182 -4.905669 -5e-06 -2e-06 -2e-06 -3.614166 17.330935 11.988699 64.099945 17.038517 10.280975 -179.774994 46.620827 -179.548798 -0.362281 4.637082 -9.393717 2.243541 -5.255034 -3.180156 14.282887 -0.826596 6.952499 -3e-06 -12.690601 1e-06 15.603128 -17.290167 3.020268 1.665666 -1.955921 -2.878298 4.727798 -4.170588 4.993924 11.020522 1e-06 -1e-06 12.109048 -3.735717 -2.866784 -2e-06 0.0 -3e-06 1.291985 -1.928549 -1.498088 14.800122 0.567464 3.865607 14.242568 -1.341738 -6.660655 19.631956 0.143925 -0.648244 50.065075 -0.337614 -5.75774 0.353028 -1.511148 -0.03194 20.222786 3.684304 2.316629 18.78727 2e-06 -1e-06 10.751625 -0.479869 1.397905 1e-06 2e-06 -0.0 3.273805 0.305947 -0.580111 21.486803 11.830368 2.26613 8.162924 -0.0 0.0 18.399075 -3.798987 -4.940576 3e-06 -0.0 -2e-06 6.439408 -5.156785 2.705216 0.055642 -0.293267 19.186684 -4.874034 -4.177979 -4.70647 1.631493 -1.830289 1.324687 -0.0 1e-06 2e-06 0.220261 -15.198527 19.155106 -0.044184 -0.457935 2.607318 0.383279 -27.406218 -8.452639 -1.484455 1.099746 1.971089 0.0 0.0 -1e-06 
0.0 0.0 0.0 0.0 -0.0 0.0 -7.902143 98.964836 2.443636 -1.187263 29.721462 -15.844302 3.442508 0.631797 4.566368 0.470068 3.535607 -3.306575 1.199071 3.384404 14.453737 -3.638573 5.102584 12.394804 0.54952 4.910581 -3.916123 -0.341106 5.003061 -9.004272 7.7e-05 -2.2e-05 6e-06 -0.009371 -0.161449 -0.017392 0.609203 -3.846401 -10.595895 -0.630238 3.535212 -10.657918 1.624623 1.107549 11.791271 -79.041298 8.286131 -42.841007 178.633652 -31.493351 -178.962372 17.561316 -3.455914 56.897156 -5.882096 9.861275 0.702591 -10.936857 -0.360576 7.156198 2e-06 8.774816 -1e-06 -14.773491 17.3797 6.645483 -1.84403 2.498502 -2.507274 -10.163588 4.678938 4.621103 -20.976 -4e-06 5e-06 -21.226259 2.451693 -3.593993 -0.0 -4e-06 0.0 -1.36268 2.240795 -0.746321 -21.334888 0.584908 3.008322 -13.821197 -3e-06 4e-06 -23.887142 -0.249079 -0.839478 -59.234188 2.424583 -0.645436 -0.294024 1.679686 0.833256 -14.218193 0.093214 1.300583 -34.212006 -0.287564 0.967174 -20.03319 0.964536 1.212844 0.0 -0.0 1e-06 -3.440384 0.788231 0.501655 -15.928168 -3.167309 2.999705 -6.338821 -1e-06 2e-06 -18.123426 3.64818 -4.905663 -5e-06 -0.0 -2e-06 -3.940352 17.421022 11.982808 64.889511 16.308094 9.15541 -179.867554 45.906567 -179.562698 -0.510903 4.685254 -8.400928 2.243538 -5.255029 -3.180154 14.282873 -0.826592 6.952494 -4e-06 -12.69059 0.0 15.520473 -17.322561 3.061461 1.665664 -1.955918 -2.878296 4.727791 -4.17058 4.993919 11.020511 5e-06 -1e-06 12.109035 -3.735709 -2.866778 -0.0 0.0 -2e-06 1.291984 -1.928549 -1.498088 14.800108 0.567469 3.865604 14.242551 -1.341734 -6.660648 19.631937 0.143926 -0.648241 49.944176 -0.326451 -5.769128 0.353028 -1.511148 -0.031939 20.222765 3.68431 2.316627 18.787251 6e-06 1e-06 10.751616 -0.479869 1.397907 0.0 3e-06 1e-06 3.273803 0.305946 -0.58011 21.486788 11.830363 2.266132 8.162917 2e-06 -0.0 18.399059 -3.798978 -4.940568 3e-06 1e-06 -0.0 6.284486 -5.110773 2.571601 0.051435 -0.300119 18.749414 -4.953773 -4.007555 -4.298488 1.633479 -1.852001 1.307891 -0.0 0.0 1e-06 0.185163 -15.186388 18.774666 -0.050405 -0.45689 2.634283 0.220701 -27.468653 -8.350392 -1.48197 1.09488 2.019331 -0.0 -0.0 -1e-06 
0.0 0.0 0.0 0.0 -0.0 0.0 -8.073894 99.03392 2.1688 -0.965084 29.831104 -15.518169 3.575725 0.615333 4.603748 0.485213 3.530595 -3.276229 1.11394 3.357753 14.357193 -4.042317 5.235766 11.88622 0.611686 4.944948 -3.888131 -0.525533 5.137872 -9.391556 7.7e-05 -2.2e-05 6e-06 -0.011923 -0.153061 -0.009684 0.60242 -3.834871 -10.577554 -0.628468 3.540996 -10.641793 1.447548 1.008603 11.621376 -78.776138 7.750375 -42.829643 178.66481 -31.770844 -178.960785 17.440126 -3.530706 57.248699 -5.882099 9.861276 0.70259 -10.936863 -0.360577 7.1562 0.0 8.774817 -1e-06 -14.664669 17.396753 6.676448 -1.84403 2.498502 -2.507277 -10.163594 4.678941 4.621107 -20.976013 -4e-06 3e-06 -21.226273 2.451694 -3.593996 -0.0 -5e-06 0.0 -1.36268 2.240796 -0.746322 -21.334904 0.584909 3.008322 -13.821205 -3e-06 3e-06 -23.887157 -0.24908 -0.83948 -59.222843 2.429212 -0.64487 -0.294024 1.679685 0.833254 -14.218198 0.093215 1.300582 -34.212032 -0.287563 0.967172 -20.033201 0.964537 1.212844 0.0 -0.0 0.0 -3.440386 0.788233 0.501656 -15.928179 -3.167308 2.999706 -6.338823 -2e-06 1e-06 -18.123432 3.64818 -4.905664 -5e-06 -0.0 -2e-06 -4.273909 17.490931 11.96669 65.422241 15.541059 7.58258 179.987671 45.113453 -179.603958 -0.583362 4.781614 -6.889965 2.243538 -5.255028 -3.180154 14.282878 -0.826596 6.952498 -3e-06 -12.69059 0.0 15.347439 -17.318615 3.096636 1.665663 -1.955919 -2.878298 4.727795 -4.170583 4.993921 11.020515 3e-06 -1e-06 12.10904 -3.735712 -2.866778 -1e-06 0.0 0.0 1.291984 -1.928546 -1.498087 14.800114 0.567469 3.865605 14.242558 -1.341734 -6.660649 19.631952 0.143925 -0.648241 49.77499 -0.332889 -5.758933 0.353029 -1.51115 -0.031941 20.222771 3.684307 2.31663 18.787254 6e-06 0.0 10.751616 -0.479869 1.397905 0.0 1e-06 2e-06 3.273804 0.305947 -0.58011 21.486792 11.830363 2.266129 8.16292 1e-06 0.0 18.399067 -3.79898 -4.940569 2e-06 1e-06 -1e-06 6.116325 -4.949164 2.323798 0.051265 -0.295975 18.297676 -5.031916 -3.888977 -3.823747 1.635368 -1.862245 1.280051 0.0 -0.0 2e-06 0.141672 -15.178666 18.285559 -0.057966 -0.458983 2.648713 0.05004 -27.528 -8.196319 -1.478025 1.10381 2.055869 -0.0 -0.0 -1e-06 
0.0 0.0 0.0 0.0 -0.0 0.0 -8.24461 99.133316 1.821087 -0.690262 29.983526 -15.041303 3.718473 0.632542 4.621794 0.509781 3.520983 -3.241404 0.986764 3.310194 14.258849 -4.468083 5.372208 11.228912 0.655917 4.942764 -3.86302 -0.688752 5.212103 -9.941877 7.7e-05 -2.2e-05 6e-06 -0.015135 -0.132388 0.006447 0.598029 -3.810837 -10.553856 -0.630503 3.55919 -10.620704 1.178543 0.891783 11.48637 -78.337555 7.106208 -42.958412 178.870239 -32.215687 -179.04213 17.255438 -3.580133 57.155052 -5.8821 9.861279 0.702592 -10.936867 -0.360577 7.156201 2e-06 8.774822 -2e-06 -14.687016 17.412611 6.653542 -1.84403 2.498503 -2.507277 -10.163595 4.678943 4.621105 -20.976011 -6e-06 6e-06 -21.226273 2.451694 -3.593994 0.0 -4e-06 1e-06 -1.362679 2.240797 -0.746323 -21.334904 0.584908 3.008324 -13.821208 -4e-06 3e-06 -23.887159 -0.249078 -0.83948 -59.394287 2.432981 -0.691009 -0.294026 1.679687 0.833255 -14.218199 0.093213 1.300583 -34.212032 -0.287567 0.967174 -20.033205 0.964536 1.212846 1e-06 0.0 -0.0 -3.440388 0.788233 0.501656 -15.928177 -3.167309 2.999707 -6.338824 -3e-06 2e-06 -18.123436 3.648178 -4.905664 -5e-06 -0.0 -2e-06 -4.601708 17.571941 11.928561 65.770332 14.66987 5.533656 179.74501 44.238434 -179.722107 -0.6063 4.941736 -4.739833 2.243541 -5.255038 -3.180157 14.282883 -0.826595 6.9525 -3e-06 -12.690601 -1e-06 15.205272 -17.338503 3.102845 1.665667 -1.955923 -2.878299 4.727797 -4.170587 4.993921 11.02052 3e-06 -1e-06 12.109048 -3.735716 -2.866784 -1e-06 1e-06 -0.0 1.291985 -1.928549 -1.498088 14.800123 0.567469 3.865606 14.242569 -1.341738 -6.66066 19.631958 0.143926 -0.648246 49.699528 -0.389 -5.734541 0.353029 -1.51115 -0.03194 20.222784 3.684309 2.316628 18.787262 6e-06 -3e-06 10.751625 -0.479868 1.397905 -0.0 2e-06 -1e-06 3.273804 0.305946 -0.58011 21.486807 11.830376 2.266131 8.162925 2e-06 2e-06 18.399076 -3.798984 -4.940575 3e-06 -1e-06 -0.0 5.929101 -4.544476 1.912396 0.055096 -0.290801 17.790478 -5.124916 -3.884273 -3.214714 1.63772 -1.855893 1.17495 0.0 1e-06 2e-06 0.062472 -15.182158 17.608957 -0.064584 -0.472086 2.664244 -0.142975 -27.588951 -7.946328 -1.475264 1.1276 2.070658 -0.0 -0.0 -1e-06 
0.0 0.0 0.0 0.0 -0.0 0.0 -8.415831 99.268608 1.416293 -0.366671 30.211813 -14.40653 3.88369 0.658792 4.62624 0.539673 3.502125 -3.21476 0.781317 3.241462 14.125917 -4.889456 5.503569 10.46814 0.671506 4.930227 -3.824177 -0.828467 5.27798 -10.631723 7.7e-05 -2e-05 6e-06 -0.016204 -0.105369 0.029595 0.597727 -3.781137 -10.528549 -0.632506 3.584462 -10.596642 0.869264 0.762295 11.324136 -77.763939 6.312585 -43.010899 179.061249 -32.733742 -179.107071 17.02841 -3.601365 56.593498 -5.882106 9.861284 0.702589 -10.936868 -0.360578 7.156208 3e-06 8.774824 -1e-06 -14.804568 17.422632 6.606426 -1.844033 2.498505 -2.507277 -10.1636 4.678943 4.621109 -20.976023 -6e-06 2e-06 -21.226282 2.451695 -3.593999 0.0 -5e-06 1e-06 -1.36268 2.240798 -0.746324 -21.334913 0.584907 3.008326 -13.821213 -4e-06 4e-06 -23.887171 -0.249079 -0.839481 -59.699993 2.426252 -0.747741 -0.294025 1.679687 0.833255 -14.21821 0.093214 1.300583 -34.212051 -0.287566 0.967175 -20.033215 0.964538 1.212846 1e-06 -1e-06 0.0 -3.440389 0.788232 0.501654 -15.928189 -3.167312 2.999709 -6.338829 -3e-06 1e-06 -18.123444 3.64818 -4.905669 -4e-06 2e-06 -2e-06 -4.968342 17.708508 11.870307 66.049736 13.617294 2.958601 179.357269 43.222054 -179.919235 -0.679487 5.123043 -2.141108 2.24354 -5.255034 -3.180157 14.282885 -0.826596 6.952503 -2e-06 -12.690598 -2e-06 15.22147 -17.426338 3.081077 1.665666 -1.955921 -2.878298 4.727798 -4.170584 4.993923 11.020521 3e-06 -1e-06 12.109046 -3.735716 -2.866781 0.0 1e-06 1e-06 1.291986 -1.92855 -1.498088 14.800122 0.567467 3.865611 14.242564 -1.341737 -6.660655 19.63196 0.143923 -0.648237 49.802883 -0.496393 -5.715599 0.353029 -1.511151 -0.03194 20.222784 3.684308 2.316632 18.787266 3e-06 2e-06 10.751623 -0.47987 1.397907 -0.0 3e-06 -1e-06 3.273805 0.305946 -0.58011 21.486809 11.830367 2.266138 8.162922 1e-06 1e-06 18.399076 -3.798985 -4.940569 3e-06 -1e-06 -0.0 5.746786 -3.770759 1.335287 0.057495 -0.305388 17.207796 -5.297125 -4.084105 -2.496315 1.642549 -1.838902 0.997091 -0.0 1e-06 2e-06 -0.076153 -15.282394 16.749365 -0.067498 -0.4814 2.663988 -0.370548 -27.643183 -7.579009 -1.475496 1.160568 2.091554 0.0 0.0 -1e-06 
0.0 0.0 0.0 0.0 -0.0 0.0 -8.580673 99.43293 0.97743 -0.002585 30.454857 -13.649957 4.074516 0.676617 4.622565 0.567146 3.465712 -3.208446 0.489554 3.14291 13.957552 -5.300231 5.63983 9.672995 0.668925 4.912911 -3.792645 -0.922784 5.460188 -11.321749 7.7e-05 -2.2e-05 6e-06 -0.015379 -0.083647 0.0446 0.599481 -3.7585 -10.512498 -0.632973 3.605972 -10.582124 0.54149 0.656773 11.111824 -77.07869 5.3213 -43.018982 179.153732 -33.22683 -179.11673 16.810469 -3.520766 55.643173 -5.882105 9.861284 0.702588 -10.936871 -0.360574 7.156204 1e-06 8.774824 -1e-06 -14.93203 17.390541 6.537676 -1.844032 2.498505 -2.507276 -10.163601 4.678944 4.621107 -20.976025 -2e-06 3e-06 -21.226288 2.451698 -3.594002 -0.0 -6e-06 0.0 -1.362683 2.240798 -0.746324 -21.334913 0.584911 3.008321 -13.821213 -3e-06 2e-06 -23.887169 -0.249077 -0.839482 -59.936188 2.438795 -0.79254 -0.294025 1.679688 0.833256 -14.218207 0.093216 1.300581 -34.212051 -0.287561 0.967171 -20.033215 0.964539 1.212842 -0.0 0.0 0.0 -3.440389 0.788234 0.501656 -15.928185 -3.167309 2.999707 -6.338825 -2e-06 1e-06 -18.123446 3.648184 -4.905671 -4e-06 -0.0 -2e-06 -5.356459 17.896122 11.764988 66.347229 12.333261 0.072542 178.94429 42.030041 179.906387 -0.856873 5.259243 0.328611 2.24354 -5.255033 -3.180153 14.282884 -0.826594 6.952501 -2e-06 -12.690598 -1e-06 15.457982 -17.547169 3.012991 1.665665 -1.955921 -2.878298 4.727797 -4.170583 4.993923 11.020522 1e-06 1e-06 12.109043 -3.735714 -2.866783 0.0 0.0 0.0 1.291984 -1.928548 -1.498088 14.800122 0.567467 3.865608 14.242565 -1.341735 -6.660654 19.631954 0.143923 -0.648244 50.024853 -0.623197 -5.719672 0.353029 -1.511149 -0.031939 20.222782 3.684307 2.31663 18.787266 1e-06 0.0 10.751625 -0.479871 1.397907 0.0 0.0 -1e-06 3.273803 0.305949 -0.580111 21.486805 11.830365 2.266135 8.162925 0.0 1e-06 18.399076 -3.798982 -4.940571 2e-06 0.0 -1e-06 5.56195 -2.574239 0.709174 0.05024 -0.34504 16.517143 -5.553355 -4.356003 -1.827029 1.655792 -1.822185 0.7179 -0.0 -1e-06 2e-06 -0.286824 -15.466578 15.791533 -0.067439 -0.482346 2.589396 -0.660422 -27.639606 -7.106735 -1.48013 1.177722 2.116572 0.0 0.0 -1e-06 
0.0 0.0 0.0 0.0 -0.0 0.0 -8.696054 99.574562 0.562667 0.319125 30.775946 -12.967809 4.318594 0.707258 4.623621 0.602721 3.369984 -3.213196 0.13606 3.043267 13.806847 -5.673172 5.817955 9.058333 0.675393 4.914705 -3.745485 -1.028094 5.680188 -12.132357 7.7e-05 -2.3e-05 6e-06 -0.012987 -0.094824 0.045026 0.60592 -3.776369 -10.551757 -0.634981 3.601966 -10.611362 0.314877 0.415751 10.62322 -76.400185 4.362977 -42.735458 178.994278 -33.692173 -179.058975 16.81414 -3.443343 54.344334 -5.882102 9.861279 0.702594 -10.936866 -0.360576 7.156206 3e-06 8.774823 0.0 -15.019075 17.33449 6.455183 -1.844032 2.498503 -2.507278 -10.163595 4.678942 4.62111 -20.976021 -8e-06 4e-06 -21.22628 2.451693 -3.593994 -0.0 -7e-06 1e-06 -1.362681 2.240797 -0.746323 -21.334906 0.584908 3.008325 -13.821211 -3e-06 5e-06 -23.887161 -0.249082 -0.839478 -60.117023 2.50674 -0.912194 -0.294025 1.679686 0.833256 -14.218205 0.093213 1.300581 -34.212044 -0.287569 0.967176 -20.033209 0.964536 1.212847 -0.0 0.0 0.0 -3.440388 0.788233 0.501656 -15.928183 -3.167312 2.999708 -6.338824 -2e-06 2e-06 -18.12344 3.648181 -4.905663 -5e-06 -1e-06 -3e-06 -5.719728 17.933603 11.738201 66.726028 11.093481 -2.813936 178.590393 40.855694 179.898468 -1.116194 5.398404 2.78317 2.243539 -5.255032 -3.180154 14.282868 -0.826591 6.952491 -4e-06 -12.690593 -1e-06 15.692792 -17.714504 2.962499 1.665664 -1.95592 -2.878295 4.727791 -4.170584 4.993916 11.020511 5e-06 -4e-06 12.109036 -3.735711 -2.866783 0.0 0.0 -1e-06 1.291983 -1.928547 -1.498087 14.800108 0.56747 3.865602 14.242555 -1.341732 -6.660655 19.631941 0.143932 -0.648247 50.298428 -0.62945 -5.596951 0.353028 -1.51115 -0.031941 20.222765 3.684307 2.316625 18.787247 5e-06 -1e-06 10.751612 -0.479866 1.397903 -0.0 2e-06 -2e-06 3.273802 0.305946 -0.580111 21.486786 11.830364 2.266125 8.162915 2e-06 -2e-06 18.399057 -3.79898 -4.940571 2e-06 -3e-06 -1e-06 5.430339 -1.051708 0.224004 0.039405 -0.380208 15.837324 -6.023412 -4.598993 -1.585602 1.674199 -1.809621 0.454331 0.0 -0.0 2e-06 -0.548156 -15.924109 14.942307 -0.072827 -0.424625 2.472712 -1.046973 -27.591164 -6.639447 -1.4732 1.158063 2.285504 -0.0 -0.0 -1e-06 
0.0 0.0 0.0 0.0 -0.0 0.0 -8.839581 99.771683 0.144304 0.594199 31.041389 -12.388865 4.4991 0.611362 4.641528 0.620334 3.403035 -3.267821 -0.188983 2.819262 13.701418 -5.935344 5.931583 8.573619 0.819875 5.046578 -3.751658 -1.260084 5.992368 -12.634008 7.7e-05 -2.2e-05 6e-06 -0.005673 -0.077978 0.029503 0.614622 -3.758458 -10.568164 -0.62868 3.616773 -10.635692 0.206314 0.158453 10.348767 -75.820908 2.951968 -42.926891 178.978546 -34.216721 -179.041702 16.905563 -3.203873 52.513016 -5.882102 9.861279 0.702587 -10.936867 -0.360576 7.156203 2e-06 8.774821 -1e-06 -15.224942 17.333004 6.244834 -1.844032 2.498503 -2.507277 -10.16359 4.678941 4.621107 -20.976013 -5e-06 3e-06 -21.226276 2.451694 -3.593997 0.0 -6e-06 0.0 -1.362681 2.240798 -0.746324 -21.334904 0.584906 3.008321 -13.821205 -5e-06 1e-06 -23.887157 -0.249082 -0.839481 -60.326977 2.411071 -0.995575 -0.294025 1.679687 0.833255 -14.218204 0.093212 1.300579 -34.212032 -0.287568 0.967172 -20.033201 0.964534 1.212845 0.0 -0.0 0.0 -3.440386 0.788233 0.501657 -15.928179 -3.167311 2.999705 -6.338823 -1e-06 2e-06 -18.123438 3.648181 -4.905666 -6e-06 -1e-06 -2e-06 -5.924795 17.992279 11.576488 67.073441 9.693427 -5.029848 178.398453 39.735298 179.876419 -1.508986 5.244017 4.503273 2.243539 -5.255034 -3.180155 14.28288 -0.826593 6.9525 -3e-06 -12.690595 0.0 16.068277 -17.943541 3.014476 1.665665 -1.955917 -2.878294 4.727796 -4.170582 4.993922 11.020518 3e-06 1e-06 12.109043 -3.735713 -2.866781 -1e-06 -0.0 -1e-06 1.291983 -1.928547 -1.498087 14.800118 0.567466 3.865608 14.242562 -1.341737 -6.660654 19.631952 0.143925 -0.648241 50.650841 -0.785957 -5.539452 0.353029 -1.51115 -0.031939 20.222775 3.684306 2.31663 18.787256 3e-06 0.0 10.751619 -0.479869 1.397907 1e-06 2e-06 -1e-06 3.273804 0.305947 -0.58011 21.486797 11.830365 2.266132 8.162921 1e-06 -1e-06 18.399069 -3.798982 -4.940567 3e-06 -3e-06 -1e-06 5.412304 0.604618 -0.259879 0.011254 -0.364432 15.632108 -6.643732 -4.225999 -1.801669 1.689923 -1.849741 0.288446 0.0 -0.0 2e-06 -0.72701 -16.252895 14.16801 -0.053142 -0.439298 2.405896 -1.414829 -27.358545 -6.241568 -1.476894 1.116318 2.316132 -0.0 -0.0 -1e-06 
0.0 0.0 0.0 0.0 -0.0 0.0 -8.920849 99.829147 -0.199089 0.931427 31.041161 -11.844129 4.531807 0.570415 4.575505 0.592977 3.240199 -3.218932 -0.40063 2.891029 13.494422 -6.062026 5.764233 8.362749 0.81731 5.303345 -3.759084 -1.191344 6.394067 -13.019809 7.7e-05 -2.2e-05 6e-06 -0.007323 -0.099675 0.03448 0.608211 -3.773829 -10.550455 -0.626507 3.589094 -10.599441 0.017285 -0.143877 10.066259 -75.311577 1.658559 -42.70816 179.026215 -34.726086 -179.014435 17.042175 -2.979571 50.476738 -5.882104 9.861284 0.702588 -10.936868 -0.360576 7.156202 0.0 8.774824 -1e-06 -14.908914 17.215578 6.19866 -1.844032 2.498505 -2.507276 -10.163594 4.678942 4.621106 -20.976013 -7e-06 -1e-06 -21.226276 2.451694 -3.594001 0.0 -6e-06 1e-06 -1.36268 2.240797 -0.746324 -21.334906 0.584907 3.008317 -13.821208 -3e-06 0.0 -23.887165 -0.249084 -0.839484 -59.852783 2.556732 -1.074633 -0.294025 1.679687 0.833256 -14.218201 0.093213 1.300578 -34.212036 -0.287568 0.967171 -20.033205 0.964533 1.212845 0.0 -0.0 0.0 -3.440386 0.788233 0.501657 -15.928181 -3.167311 2.999704 -6.338823 -1e-06 2e-06 -18.12344 3.648181 -4.905671 -5e-06 2e-06 -3e-06 -5.881596 17.885487 11.653404 67.14299 8.405716 -6.448115 178.552872 39.183449 -179.920456 -1.72341 5.422028 6.44973 2.243539 -5.255034 -3.180156 14.282885 -0.826594 6.952498 -2e-06 -12.690599 0.0 16.043205 -17.86772 2.962024 1.665664 -1.955918 -2.878298 4.727798 -4.170587 4.993922 11.02052 2e-06 -1e-06 12.109046 -3.735715 -2.866779 0.0 0.0 -1e-06 1.291984 -1.928548 -1.498088 14.80012 0.567467 3.865606 14.242563 -1.341737 -6.660651 19.631956 0.143924 -0.648241 50.628986 -0.762574 -5.611382 0.353029 -1.51115 -0.03194 20.222784 3.684308 2.316629 18.787266 4e-06 2e-06 10.751624 -0.479869 1.397907 -0.0 1e-06 -2e-06 3.273806 0.305946 -0.58011 21.486801 11.830368 2.266134 8.162924 1e-06 0.0 18.399075 -3.798985 -4.940573 2e-06 0.0 -3e-06 5.369077 2.044098 -0.594056 0.055695 -0.322724 16.095493 -7.393257 -3.747866 -2.569334 1.681448 -1.822488 0.109567 -0.0 1e-06 2e-06 -0.94861 -16.065458 13.587291 -0.066797 -0.475727 2.239933 -1.675391 -27.289967 -5.922991 -1.480554 1.097695 2.475094 0.0 0.0 -1e-06 
0.0 0.0 0.0 0.0 -0.0 0.0 -8.953922 99.904648 -0.522768 1.153207 30.909861 -11.475984 4.5794 0.529204 4.485028 0.571689 3.121781 -3.244651 -0.614976 2.828559 13.411171 -6.061969 5.726912 8.35469 0.878001 5.556387 -3.747691 -1.111371 6.807899 -13.16457 7.7e-05 -2.3e-05 6e-06 -0.0053 -0.096436 0.02849 0.613222 -3.767503 -10.554719 -0.627677 3.588501 -10.594682 -0.071776 -0.456512 9.874646 -75.065498 0.338629 -42.656837 179.213226 -35.317932 -179.047623 17.07156 -2.76977 48.360516 -5.8821 9.861276 0.70259 -10.936868 -0.360576 7.156204 3e-06 8.774821 -1e-06 -14.860658 17.247114 6.155185 -1.84403 2.498502 -2.507279 -10.163597 4.678941 4.621108 -20.976017 -7e-06 5e-06 -21.226278 2.451691 -3.593995 -0.0 -6e-06 -1e-06 -1.362679 2.240796 -0.746323 -21.334906 0.584906 3.008324 -13.82121 -5e-06 4e-06 -23.887161 -0.249084 -0.839477 -59.638542 2.575335 -1.1288 -0.294024 1.679686 0.833256 -14.218199 0.093212 1.300581 -34.212036 -0.287569 0.967176 -20.033205 0.964536 1.212848 0.0 1e-06 0.0 -3.440386 0.788231 0.501656 -15.928183 -3.167312 2.999708 -6.338823 -1e-06 2e-06 -18.12344 3.64818 -4.905664 -6e-06 3e-06 -1e-06 -5.594785 17.691282 11.782734 67.023903 7.325688 -7.256823 178.723511 38.922237 -179.78125 -1.874512 5.431149 7.333839 2.243542 -5.255036 -3.180161 14.282885 -0.826594 6.952502 0.0 -12.690601 -1e-06 16.083614 -17.93676 2.966906 1.665667 -1.955923 -2.878299 4.727797 -4.170588 4.993921 11.020521 2e-06 -2e-06 12.10905 -3.735717 -2.866786 -0.0 -0.0 -1e-06 1.291984 -1.928548 -1.49809 14.800122 0.567468 3.865608 14.242566 -1.341737 -6.660657 19.631958 0.143926 -0.648246 50.698669 -0.847893 -5.654563 0.353029 -1.511149 -0.031938 20.222784 3.684308 2.316628 18.787266 4e-06 -5e-06 10.751622 -0.479868 1.397905 0.0 -1e-06 -1e-06 3.273805 0.305947 -0.580111 21.486801 11.830368 2.266131 8.162924 1e-06 -1e-06 18.399073 -3.798984 -4.940577 3e-06 1e-06 -3e-06 5.532427 3.408932 -0.658761 0.066723 -0.25312 16.877026 -8.5756 -3.451264 -3.273576 1.678743 -1.819501 0.002745 0.0 -0.0 2e-06 -1.111373 -16.022295 13.122033 -0.072289 -0.493357 2.178897 -1.839333 -27.029173 -5.697662 -1.47762 1.085977 2.517164 0.0 0.0 -1e-06 
0.0 0.0 0.0 0.0 -0.0 0.0 -8.924769 99.964874 -0.801544 1.167145 30.650433 -11.319995 4.639008 0.461906 4.360383 0.57174 3.069134 -3.347152 -0.743091 2.612209 13.435683 -5.944048 5.821928 8.567844 1.002136 5.836987 -3.722409 -1.055812 7.134152 -13.151987 7.7e-05 -2.3e-05 6e-06 0.001326 -0.064105 0.023786 0.619248 -3.734099 -10.561963 -0.620389 3.619207 -10.601661 -0.098428 -0.733255 9.817649 -75.066849 -0.886907 -42.471077 179.471954 -35.9468 -179.082626 17.049551 -2.645955 46.792828 -5.882101 9.861276 0.702589 -10.936863 -0.360579 7.156203 2e-06 8.774821 -2e-06 -14.977143 17.3934 6.136389 -1.844029 2.498502 -2.507276 -10.163592 4.678939 4.621109 -20.976006 -5e-06 5e-06 -21.226271 2.451692 -3.593992 -0.0 -7e-06 -1e-06 -1.362682 2.240796 -0.746322 -21.334902 0.584905 3.008324 -13.821204 -4e-06 4e-06 -23.887154 -0.249081 -0.839476 -59.706905 2.477887 -1.166426 -0.294024 1.679685 0.833256 -14.218198 0.093212 1.300583 -34.212021 -0.28757 0.967176 -20.033197 0.964536 1.212846 0.0 1e-06 0.0 -3.440385 0.788232 0.501654 -15.928179 -3.167311 2.999707 -6.338823 -2e-06 1e-06 -18.123438 3.648175 -4.905665 -6e-06 3e-06 -0.0 -5.088597 17.431402 11.95933 66.716995 6.543088 -7.576089 178.928955 38.961399 -179.736694 -1.885031 5.207402 7.36864 2.243541 -5.255034 -3.180155 14.282876 -0.826596 6.952499 1e-06 -12.690596 -1e-06 16.10672 -18.100994 3.036471 1.665665 -1.955921 -2.878298 4.727795 -4.170584 4.993919 11.020515 1e-06 -3e-06 12.109039 -3.735715 -2.866782 -1e-06 0.0 -0.0 1.291983 -1.928548 -1.498088 14.800115 0.567466 3.865606 14.242558 -1.341739 -6.660652 19.631948 0.143922 -0.648244 50.849041 -1.055899 -5.595573 0.353029 -1.51115 -0.031941 20.222769 3.684305 2.316628 18.787254 2e-06 1e-06 10.751616 -0.479869 1.397906 0.0 0.0 -1e-06 3.273802 0.305947 -0.58011 21.48679 11.830363 2.266136 8.162919 -0.0 -1e-06 18.399059 -3.798988 -4.940571 4e-06 1e-06 -2e-06 5.958023 4.612302 -0.313213 0.032215 -0.198799 17.834644 -9.900506 -3.232489 -3.930801 1.667437 -1.841402 0.015641 -0.0 0.0 2e-06 -1.106189 -16.109236 12.770458 -0.069104 -0.490077 2.191085 -1.88868 -26.617836 -5.544289 -1.469912 1.082289 2.493071 0.0 -0.0 -1e-06 
0.0 0.0 0.0 0.0 -0.0 0.0 -8.815998 99.95118 -1.000189 1.020709 30.185932 -11.304416 4.688228 0.436887 4.166416 0.563256 2.916667 -3.418531 -0.733919 2.481225 13.414734 -5.812642 5.778633 8.973222 1.05562 6.270599 -3.723523 -0.874125 7.425436 -12.916047 7.7e-05 -2.2e-05 6e-06 0.003867 -0.060284 0.024461 0.62545 -3.730615 -10.572349 -0.621816 3.623243 -10.606518 -0.210134 -0.982928 9.778295 -75.048264 -1.886194 -41.968906 179.876663 -36.663147 -179.232529 17.098713 -2.578535 45.269161 -5.882102 9.861278 0.70259 -10.936862 -0.360573 7.156199 1e-06 8.774817 0.0 -15.019887 17.462915 6.147434 -1.844032 2.498503 -2.507274 -10.163594 4.678944 4.621105 -20.976006 -1e-06 1e-06 -21.226271 2.451697 -3.593996 1e-06 -6e-06 -2e-06 -1.362681 2.240797 -0.746321 -21.334898 0.584912 3.00832 -13.821206 0.0 1e-06 -23.887156 -0.249074 -0.839487 -59.457508 2.530272 -1.156841 -0.294024 1.679685 0.833256 -14.218197 0.093216 1.300577 -34.212021 -0.287559 0.967166 -20.033197 0.964537 1.21284 0.0 1e-06 0.0 -3.440385 0.788232 0.501655 -15.928174 -3.167304 2.999704 -6.338821 -1e-06 2e-06 -18.123432 3.648181 -4.905665 -6e-06 2e-06 -0.0 -4.39222 17.126965 12.31374 66.314003 5.945401 -7.393717 179.357803 39.397915 -179.550262 -1.893151 5.116684 7.325547 2.24354 -5.255033 -3.180156 14.282875 -0.826595 6.952494 -0.0 -12.690593 0.0 16.088245 -18.069138 3.049951 1.665666 -1.95592 -2.878296 4.727794 -4.170585 4.993922 11.020515 1e-06 -1e-06 12.109042 -3.735714 -2.866783 -0.0 0.0 -3e-06 1.291986 -1.928547 -1.498089 14.800115 0.567466 3.865602 14.242559 -1.341736 -6.660651 19.631947 0.143926 -0.648247 50.939583 -1.122287 -5.607275 0.353029 -1.51115 -0.031938 20.222773 3.684304 2.316626 18.787254 4e-06 -5e-06 10.751617 -0.479868 1.397903 -0.0 1e-06 -2e-06 3.273805 0.305947 -0.580109 21.486788 11.830362 2.266129 8.162919 2e-06 -3e-06 18.399061 -3.798982 -4.940573 3e-06 1e-06 -3e-06 6.560454 5.569026 0.423347 0.039124 -0.185183 19.182829 -10.573211 -2.835318 -4.905726 1.670711 -1.845568 0.000308 0.0 -1e-06 2e-06 -0.976707 -15.928833 12.555404 -0.061241 -0.501007 2.160649 -1.816399 -26.175467 -5.469719 -1.469068 1.07474 2.479643 0.0 -0.0 -1e-06 
0.0 0.0 0.0 0.0 -0.0 0.0 -8.637865 99.906662 -1.15079 0.698156 29.512514 -11.405872 4.738288 0.409421 3.926085 0.563022 2.775336 -3.524 -0.645201 2.333896 13.412095 -5.64553 5.725445 9.52231 1.133732 6.789238 -3.72481 -0.697794 7.796112 -12.492583 7.7e-05 -2.1e-05 6e-06 0.008031 -0.055487 0.021643 0.633138 -3.730682 -10.59386 -0.621364 3.632153 -10.623785 -0.329894 -1.14356 9.740438 -75.025047 -2.83371 -41.206806 -179.611954 -37.542503 -179.509018 17.102737 -2.62561 43.644234 -5.882106 9.861286 0.702588 -10.936868 -0.360578 7.156205 -1e-06 8.774824 -4e-06 -15.089233 17.541456 6.153964 -1.844033 2.498505 -2.507277 -10.163597 4.678945 4.621105 -20.976021 -3e-06 -4e-06 -21.226284 2.451694 -3.594005 0.0 -5e-06 -0.0 -1.362681 2.240798 -0.746328 -21.334913 0.584908 3.008319 -13.821213 -2e-06 -2e-06 -23.887169 -0.249083 -0.839487 -59.204933 2.584618 -1.135691 -0.294026 1.679687 0.833254 -14.218203 0.093216 1.300581 -34.212044 -0.287566 0.967166 -20.033209 0.964535 1.212842 0.0 -2e-06 -0.0 -3.440389 0.788233 0.501654 -15.928183 -3.16731 2.999705 -6.338825 1e-06 -0.0 -18.123444 3.648182 -4.905676 -4e-06 3e-06 -2e-06 -3.453042 16.805288 12.824287 65.891327 5.51826 -6.859597 179.850128 40.18401 -179.321716 -2.100807 5.057681 6.857308 2.24354 -5.255033 -3.180154 14.282884 -0.826597 6.9525 -1e-06 -12.690597 4e-06 16.190681 -18.064011 3.092758 1.665665 -1.955919 -2.878296 4.727797 -4.170587 4.993924 11.020518 2e-06 0.0 12.109046 -3.735714 -2.866779 0.0 0.0 -1e-06 1.291985 -1.928549 -1.498087 14.80012 0.567465 3.865607 14.242563 -1.341737 -6.660653 19.631954 0.143924 -0.648245 51.118732 -1.155345 -5.617212 0.353029 -1.511149 -0.031941 20.222778 3.684306 2.31663 18.787262 1e-06 3e-06 10.751622 -0.47987 1.397905 -0.0 -0.0 -2e-06 3.273805 0.305947 -0.58011 21.486801 11.830368 2.26613 8.162924 1e-06 -2e-06 18.399076 -3.798985 -4.940572 3e-06 1e-06 -2e-06 7.364218 6.268055 1.611392 0.033948 -0.212135 20.335505 -11.038785 -2.490027 -5.779972 1.677442 -1.853609 -0.000732 0.0 -1e-06 2e-06 -0.686619 -15.621299 12.386193 -0.045865 -0.516291 2.165472 -1.686907 -25.636463 -5.440695 -1.465541 1.060679 2.470037 -0.0 -0.0 -1e-06 
0.0 0.0 0.0 0.0 -0.0 0.0 -8.399642 99.798874 -1.240582 0.098295 28.620955 -11.626838 4.830771 0.369034 3.606225 0.571392 2.606087 -3.685075 -0.427094 2.173444 13.42933 -5.463449 5.731602 10.267024 1.224315 7.360162 -3.718645 -0.488718 8.260954 -11.878202 7.7e-05 -2.1e-05 6e-06 0.008995 -0.072059 0.013549 0.639617 -3.75745 -10.634023 -0.625798 3.624822 -10.659487 -0.454355 -1.26667 9.68213 -74.894257 -3.73629 -40.212273 -179.040909 -38.664005 -179.8918 17.040049 -2.809157 41.791809 -5.882102 9.861276 0.702591 -10.936868 -0.360576 7.156203 1e-06 8.774816 1e-06 -15.062888 17.58877 6.189328 -1.844031 2.498503 -2.507275 -10.163595 4.67894 4.621109 -20.976017 -4e-06 7e-06 -21.226274 2.451695 -3.593993 2e-06 -8e-06 -1e-06 -1.362681 2.240795 -0.746322 -21.334904 0.58491 3.008323 -13.821206 -0.0 4e-06 -23.887161 -0.249078 -0.839478 -58.957451 2.612366 -1.061643 -0.294026 1.679686 0.833255 -14.218202 0.093214 1.300582 -34.212036 -0.287565 0.967176 -20.033205 0.964537 1.212846 -0.0 -1e-06 0.0 -3.440388 0.788232 0.501655 -15.928179 -3.167307 2.999706 -6.338825 -3e-06 0.0 -18.12344 3.648178 -4.905665 -4e-06 2e-06 -2e-06 -2.213472 16.446041 13.538372 65.492569 5.277128 -5.988629 -179.563385 41.479137 -179.028824 -2.529198 5.03922 6.052387 2.243541 -5.255035 -3.180155 14.282885 -0.826592 6.952498 -4e-06 -12.6906 -1e-06 16.35487 -18.088648 3.149108 1.665667 -1.955923 -2.878301 4.727797 -4.170583 4.99392 11.020521 3e-06 -3e-06 12.109048 -3.735712 -2.866783 -0.0 0.0 -0.0 1.291986 -1.92855 -1.498089 14.800122 0.567469 3.865606 14.242568 -1.341734 -6.660657 19.631964 0.143928 -0.648246 51.279896 -1.203241 -5.668733 0.353028 -1.511149 -0.031939 20.222786 3.68431 2.316628 18.787266 9e-06 -1e-06 10.751625 -0.479868 1.397904 0.0 0.0 0.0 3.273804 0.305949 -0.58011 21.486807 11.830372 2.266128 8.162924 4e-06 -1e-06 18.399073 -3.79898 -4.940574 4e-06 0.0 -1e-06 8.421897 6.649147 3.399047 0.012377 -0.296536 20.523964 -11.251357 -1.820365 -6.399954 1.68905 -1.891208 -0.012523 -0.0 0.0 2e-06 -0.117731 -15.238166 12.245415 -0.033142 -0.516643 2.163044 -1.489365 -25.003691 -5.446316 -1.457388 1.031739 2.495959 -0.0 -0.0 -1e-06 
0.0 0.0 0.0 0.0 -0.0 0.0 -8.115719 99.621292 -1.271385 -0.772496 27.531038 -11.902828 4.952327 0.331557 3.188666 0.595073 2.391993 -3.908037 -0.046103 2.020756 13.472811 -5.339538 5.835963 11.181746 1.327063 7.976291 -3.688914 -0.199875 8.727579 -11.003182 7.7e-05 -2.1e-05 6e-06 0.007514 -0.118504 0.000964 0.650614 -3.815064 -10.688148 -0.639219 3.588751 -10.707581 -0.607031 -1.386993 9.585779 -74.439117 -4.487559 -39.041924 -178.396637 -40.188282 179.631088 16.873886 -3.166944 39.331337 -5.882104 9.861279 0.70259 -10.936865 -0.360574 7.156204 1e-06 8.774821 0.0 -14.963483 17.562737 6.198122 -1.844031 2.498502 -2.507278 -10.163597 4.678942 4.621107 -20.976017 -3e-06 2e-06 -21.22628 2.451698 -3.593999 0.0 -7e-06 -1e-06 -1.362683 2.240799 -0.746321 -21.334906 0.584913 3.008322 -13.821211 -2e-06 1e-06 -23.887163 -0.249076 -0.839483 -58.882206 2.57553 -0.988123 -0.294024 1.679686 0.833257 -14.218203 0.093216 1.300578 -34.212048 -0.28756 0.967169 -20.033211 0.964538 1.212843 -0.0 -2e-06 0.0 -3.440389 0.788234 0.501655 -15.928181 -3.167307 2.999705 -6.338823 -2e-06 0.0 -18.123444 3.648179 -4.905666 -3e-06 -0.0 -3e-06 -0.536888 15.90853 14.436664 65.082558 5.236144 -4.949669 -179.05957 43.460644 -178.72023 -3.23183 5.167275 4.915473 2.24354 -5.255035 -3.180156 14.282881 -0.826594 6.952495 -1e-06 -12.6906 -2e-06 16.349203 -18.108248 3.162995 1.665664 -1.955919 -2.878296 4.727795 -4.170588 4.993922 11.02052 2e-06 -6e-06 12.109048 -3.735713 -2.866787 0.0 0.0 1e-06 1.291986 -1.92855 -1.49809 14.80012 0.567469 3.865603 14.242565 -1.341734 -6.660657 19.631956 0.14393 -0.648248 51.249485 -1.254158 -5.765802 0.353031 -1.511149 -0.031941 20.222778 3.684311 2.316624 18.787266 7e-06 -2e-06 10.751622 -0.479866 1.397902 -1e-06 0.0 0.0 3.273805 0.305947 -0.580112 21.486801 11.830372 2.26613 8.162922 2e-06 -4e-06 18.399071 -3.798982 -4.940578 3e-06 1e-06 -2e-06 9.593259 6.690379 5.811036 -0.007809 -0.406534 19.000845 -11.026017 -0.482337 -6.805006 1.699404 -1.946847 -0.094339 -0.0 -1e-06 2e-06 0.70497 -14.924601 12.101594 -0.034493 -0.478216 2.120598 -1.174206 -24.265877 -5.452777 -1.445715 0.984725 2.612517 0.0 0.0 -1e-06 
0.0 0.0 0.0 0.0 -0.0 0.0 -7.780379 99.426842 -1.255065 -1.835198 26.246424 -12.089799 5.053716 0.247541 2.556309 0.614276 2.215218 -4.160553 0.531398 1.690217 13.612067 -5.348176 6.099904 12.10863 1.46621 8.601301 -3.670041 0.061301 9.281994 -9.620769 7.7e-05 -2.2e-05 6e-06 0.008247 -0.139035 -0.024837 0.668491 -3.832587 -10.695064 -0.654761 3.563984 -10.709503 -0.816628 -1.462622 9.457986 -73.509003 -5.034254 -38.141029 -177.600723 -42.233536 179.046326 16.319941 -3.532916 36.256561 -5.882104 9.861279 0.702591 -10.936871 -0.360575 7.156204 2e-06 8.77482 0.0 -14.89103 17.631357 6.212612 -1.844031 2.498502 -2.507277 -10.163595 4.678944 4.621108 -20.976021 -2e-06 6e-06 -21.226286 2.451696 -3.593993 1e-06 -5e-06 -2e-06 -1.362681 2.240797 -0.746323 -21.334906 0.584909 3.008325 -13.821211 -2e-06 5e-06 -23.887163 -0.249077 -0.839478 -58.780746 2.454986 -0.938075 -0.294024 1.679687 0.833255 -14.218204 0.093213 1.300582 -34.212048 -0.287564 0.967177 -20.033209 0.964539 1.212846 0.0 -2e-06 1e-06 -3.440387 0.788233 0.501654 -15.928185 -3.167311 2.999708 -6.338827 -4e-06 2e-06 -18.12344 3.64818 -4.905666 -3e-06 2e-06 -2e-06 1.529226 15.294488 15.337876 64.736565 5.215768 -4.084526 -179.085266 46.211685 -178.712524 -4.558814 5.485734 3.414234 2.243541 -5.255033 -3.180156 14.282883 -0.826593 6.952497 -3e-06 -12.690598 -3e-06 16.138592 -18.088642 3.06189 1.665664 -1.955922 -2.878297 4.727797 -4.170586 4.99392 11.02052 4e-06 -2e-06 12.109046 -3.735713 -2.866785 -1e-06 0.0 -1e-06 1.291984 -1.928549 -1.498089 14.80012 0.567468 3.865606 14.242563 -1.341735 -6.660655 19.631956 0.143927 -0.648244 50.887283 -1.24684 -5.95293 0.353028 -1.51115 -0.03194 20.222778 3.68431 2.31663 18.787264 5e-06 3e-06 10.751622 -0.479867 1.397906 0.0 0.0 -1e-06 3.273804 0.305947 -0.580111 21.486803 11.83037 2.266135 8.162922 2e-06 -2e-06 18.399071 -3.798984 -4.940574 3e-06 1e-06 -3e-06 10.58628 6.367424 8.818637 -0.060491 -0.421358 14.542885 -10.238945 1.437128 -7.470712 1.705089 -1.943792 0.210725 0.0 1e-06 2e-06 1.713286 -14.761084 11.803016 -0.055474 -0.42345 2.10287 -0.809602 -23.455564 -5.335972 -1.444359 0.909333 2.561667 -0.0 -0.0 -1e-06 
0.0 0.0 0.0 0.0 -0.0 0.0 -7.431685 99.298706 -1.175148 -2.655775 25.302471 -12.286696 4.794036 0.184413 1.912626 0.683938 1.936838 -4.363868 1.142839 1.201818 13.890825 -5.607702 6.479143 13.068561 1.546709 9.029706 -3.6065 0.322994 9.808147 -8.259168 7.7e-05 -2.3e-05 6e-06 0.00017 -0.145847 -0.01456 0.661369 -3.844097 -10.681404 -0.665777 3.564304 -10.705084 -1.178317 -1.61651 9.406165 -71.702644 -5.675033 -37.476116 -176.322449 -45.205902 178.138779 15.929436 -4.069278 33.28772 -5.882103 9.86128 0.70259 -10.936866 -0.360575 7.156204 2e-06 8.774822 -1e-06 -14.93021 17.664108 6.17497 -1.844029 2.498504 -2.507277 -10.163595 4.67894 4.621107 -20.976011 -3e-06 5e-06 -21.226274 2.451696 -3.593997 0.0 -5e-06 -2e-06 -1.362682 2.240798 -0.746322 -21.334904 0.584907 3.008324 -13.821205 -3e-06 3e-06 -23.887157 -0.249079 -0.839479 -58.793114 2.41824 -0.961581 -0.294024 1.679687 0.833256 -14.218202 0.093214 1.300581 -34.212036 -0.287568 0.967175 -20.033205 0.964535 1.212845 0.0 1e-06 1e-06 -3.440386 0.788233 0.501655 -15.928179 -3.167309 2.999707 -6.338822 -2e-06 2e-06 -18.123436 3.648178 -4.905667 -4e-06 -2e-06 -1e-06 3.850231 14.489441 16.415722 64.744583 5.339058 -3.802016 -179.649261 50.048676 -179.067657 -6.450552 5.65993 0.253544 2.243539 -5.255033 -3.180155 14.282881 -0.826594 6.952504 -4e-06 -12.690592 1e-06 15.933389 -17.72522 2.834362 1.665664 -1.95592 -2.878298 4.727796 -4.17058 4.993922 11.020516 4e-06 3e-06 12.109041 -3.735711 -2.866777 -1e-06 0.0 -1e-06 1.291984 -1.928548 -1.498086 14.800115 0.567468 3.86561 14.242558 -1.341733 -6.660648 19.631952 0.143925 -0.64824 50.51215 -1.198472 -5.998864 0.353028 -1.511147 -0.031941 20.22278 3.684307 2.316635 18.787262 3e-06 7e-06 10.751621 -0.479869 1.397907 0.0 -0.0 0.0 3.273804 0.305947 -0.58011 21.486799 11.830362 2.266136 8.162924 0.0 3e-06 18.399071 -3.798984 -4.940565 3e-06 1e-06 -1e-06 11.067662 6.190995 11.831671 -0.022152 -0.312697 9.16101 -9.095274 3.299496 -7.706559 1.66174 -1.889453 0.983745 -0.0 1e-06 2e-06 2.300056 -14.943748 11.854862 -0.059249 -0.506777 1.893034 -0.391724 -22.451456 -5.061032 -1.444144 0.91978 2.535473 -0.0 -0.0 -1e-06 
0.0 0.0 0.0 0.0 -0.0 0.0 -7.147981 99.383583 -1.175612 -2.571332 24.526873 -12.278445 4.22957 0.172247 1.500049 0.569277 1.844984 -4.466225 1.23532 0.720828 14.273287 -5.815921 6.915031 14.011721 1.60153 9.409622 -3.617509 0.493713 10.241924 -7.015305 7.7e-05 -2.1e-05 6e-06 -0.001819 -0.089226 -0.014314 0.671383 -3.785556 -10.670515 -0.680925 3.619952 -10.714302 -0.826107 -1.91209 9.436094 -69.611626 -6.658546 -36.811531 -175.060883 -49.539223 177.084412 16.163612 -4.779447 31.624842 -5.882098 9.861279 0.702586 -10.936857 -0.360579 7.156198 1e-06 8.774821 -3e-06 -15.187142 17.852568 6.056821 -1.844029 2.498503 -2.507277 -10.163588 4.678939 4.621104 -20.976004 -8e-06 1e-06 -21.226265 2.451689 -3.594 1e-06 -5e-06 -1e-06 -1.36268 2.240795 -0.746325 -21.334892 0.584904 3.008319 -13.821199 -5e-06 2e-06 -23.887142 -0.249085 -0.839481 -59.016518 2.466275 -1.143643 -0.294025 1.679687 0.833255 -14.218193 0.093211 1.300578 -34.212013 -0.287574 0.96717 -20.033192 0.96453 1.212845 -0.0 -1e-06 0.0 -3.440385 0.788232 0.501654 -15.928172 -3.167314 2.999703 -6.33882 -3e-06 1e-06 -18.12343 3.648176 -4.90567 -3e-06 -0.0 -2e-06 6.065209 13.884672 17.467001 66.040604 5.258728 -4.169541 178.863693 55.140114 179.722504 -9.727024 5.198343 -2.589969 2.243539 -5.255029 -3.180154 14.282874 -0.826593 6.952494 -4e-06 -12.690588 3e-06 15.689262 -17.432835 2.959335 1.665665 -1.95592 -2.878297 4.72779 -4.170581 4.993919 11.020513 6e-06 -1e-06 12.109037 -3.735708 -2.866781 0.0 -0.0 1e-06 1.291983 -1.928546 -1.498088 14.800112 0.567469 3.865603 14.242557 -1.341733 -6.660648 19.631945 0.143929 -0.648243 50.674431 -1.158914 -5.83265 0.353028 -1.511148 -0.03194 20.222771 3.684307 2.316627 18.787254 7e-06 1e-06 10.751617 -0.479867 1.397905 -0.0 1e-06 -1e-06 3.273802 0.305947 -0.58011 21.48679 11.830361 2.266125 8.162917 3e-06 -2e-06 18.399059 -3.79898 -4.940567 3e-06 -0.0 -2e-06 10.590847 5.906535 13.820686 0.02259 -0.200042 5.686141 -8.224183 4.987796 -6.976882 1.651258 -1.890242 1.277792 0.0 1e-06 2e-06 1.902031 -15.263395 11.989311 -0.037439 -0.461055 1.897294 -0.020349 -21.545536 -4.778812 -1.438542 0.987885 2.474347 0.0 -0.0 -1e-06 
0.0 0.0 0.0 0.0 -0.0 0.0 -6.931393 99.472275 -1.231114 -2.533289 23.930292 -12.225311 3.909272 0.153097 1.242951 0.470773 1.772316 -4.528219 1.1776 0.363727 14.470396 -6.234632 7.389606 15.018965 1.680046 9.53571 -3.678045 0.443195 10.612344 -6.080999 7.7e-05 -2.2e-05 6e-06 0.002684 -0.033334 -0.012696 0.682463 -3.724219 -10.65414 -0.684075 3.672121 -10.734432 0.391263 -2.443953 9.361193 -67.971703 -7.465374 -36.535446 -173.791306 -54.670486 175.554581 16.349483 -5.360229 30.873108 -5.882106 9.861281 0.70259 -10.936872 -0.360578 7.156206 1e-06 8.774823 -3e-06 -15.289351 17.935547 5.942371 -1.844033 2.498503 -2.507276 -10.163596 4.678941 4.621108 -20.976017 -5e-06 5e-06 -21.226276 2.451694 -3.593996 -0.0 -8e-06 -1e-06 -1.362681 2.240797 -0.746323 -21.334913 0.584907 3.008326 -13.821211 -3e-06 4e-06 -23.887167 -0.249079 -0.839477 -59.024754 2.616144 -1.235349 -0.294025 1.679687 0.833255 -14.218207 0.093214 1.300582 -34.212048 -0.287565 0.967176 -20.033211 0.964538 1.212847 -0.0 -1e-06 1e-06 -3.440389 0.788235 0.501656 -15.928185 -3.167312 2.999709 -6.338826 -0.0 2e-06 -18.123444 3.64818 -4.905666 -6e-06 -0.0 -2e-06 7.115394 13.654011 18.250057 68.559196 5.024307 -4.59037 176.905838 60.973633 177.683578 -13.804036 4.300695 -4.691293 2.243539 -5.255029 -3.180154 14.282872 -0.826593 6.952492 -3e-06 -12.69059 1e-06 15.340166 -17.237598 3.187064 1.665667 -1.95592 -2.878296 4.727796 -4.170584 4.993916 11.02052 5e-06 -2e-06 12.109039 -3.735712 -2.866782 -1e-06 -1e-06 -0.0 1.291986 -1.928548 -1.498088 14.800112 0.567469 3.865602 14.242558 -1.341735 -6.660651 19.631948 0.143927 -0.648246 50.904175 -1.157924 -5.701799 0.353025 -1.51115 -0.031939 20.222771 3.684306 2.316624 18.787252 7e-06 -3e-06 10.751616 -0.479867 1.397904 0.0 0.0 1e-06 3.273804 0.305947 -0.580111 21.486788 11.830367 2.266128 8.162917 0.0 -1e-06 18.399061 -3.798978 -4.940571 3e-06 -1e-06 -0.0 10.312469 5.949192 14.760333 -0.003149 -0.163408 4.044053 -7.557514 6.13248 -6.551727 1.652763 -1.94725 1.374592 0.0 1e-06 2e-06 1.670748 -15.320896 11.95674 -0.004957 -0.427018 1.896535 0.151073 -21.029711 -4.466094 -1.434712 1.028943 2.42573 -0.0 -0.0 -1e-06 
0.0 0.0 0.0 0.0 -0.0 0.0 -6.770375 99.520317 -1.296142 -2.601507 23.3647 -12.197383 3.75278 0.136555 1.145335 0.396571 1.689309 -4.652845 1.218611 0.293596 14.685499 -6.627528 7.68334 15.815743 1.817275 9.495653 -3.744029 0.365824 10.70481 -5.606551 7.7e-05 -2.1e-05 6e-06 0.009958 0.003083 -0.023091 0.685776 -3.687233 -10.675508 -0.673248 3.709195 -10.775966 1.473874 -3.070369 9.380465 -66.668915 -8.300838 -36.35273 -172.543808 -59.483593 173.831451 16.074034 -5.482369 30.2215 -5.882103 9.861283 0.702589 -10.936865 -0.360575 7.156202 2e-06 8.774822 -2e-06 -15.27111 17.901184 5.667199 -1.844033 2.498503 -2.507276 -10.163593 4.678942 4.621106 -20.976013 -2e-06 3e-06 -21.226273 2.451696 -3.593998 -1e-06 -8e-06 -1e-06 -1.36268 2.240798 -0.746323 -21.334902 0.58491 3.008322 -13.821204 -2e-06 2e-06 -23.887159 -0.249077 -0.839481 -58.642284 2.755418 -1.253122 -0.294024 1.679687 0.833256 -14.218197 0.093216 1.300581 -34.212032 -0.287561 0.967171 -20.033201 0.964535 1.212843 -0.0 -0.0 -0.0 -3.440385 0.788233 0.501655 -15.928174 -3.167306 2.999706 -6.338823 0.0 1e-06 -18.12343 3.64818 -4.90567 -3e-06 -0.0 -1e-06 7.716566 13.461441 18.748993 70.027405 5.028923 -4.452137 176.052338 66.152237 176.436462 -16.297424 3.861632 -6.223295 2.24354 -5.255032 -3.180155 14.282879 -0.826594 6.952495 -3e-06 -12.690593 0.0 15.002565 -17.25938 3.483445 1.665664 -1.955919 -2.878297 4.727794 -4.170584 4.99392 11.020513 3e-06 -1e-06 12.109039 -3.735711 -2.866781 -1e-06 -0.0 0.0 1.291984 -1.928548 -1.498088 14.800115 0.567467 3.865603 14.242561 -1.341735 -6.660654 19.631952 0.143926 -0.648245 51.063137 -1.209007 -5.584224 0.353029 -1.511147 -0.03194 20.222771 3.684305 2.316627 18.787254 5e-06 -2e-06 10.751619 -0.479868 1.397904 0.0 0.0 1e-06 3.273805 0.305947 -0.58011 21.486794 11.830363 2.266129 8.162921 3e-06 -1e-06 18.399067 -3.79898 -4.940571 3e-06 0.0 -2e-06 10.217403 6.099516 15.064198 -0.031742 -0.10408 3.578896 -7.23666 6.704168 -6.547954 1.649671 -2.0074 1.483781 -0.0 0.0 2e-06 1.607306 -15.258171 11.869861 0.014671 -0.402397 1.891196 0.185212 -20.780279 -4.304753 -1.438535 1.034157 2.531534 -0.0 -0.0 -1e-06 
