HIERARCHY
ROOT Root
{
  OFFSET 0.0 0.0 0.0
  CHANNELS 6 Xposition Yposition Zposition Zrotation Yrotation Xrotation
  JOINT Hips
  {
    OFFSET 0.0 100.0 0.0
    CHANNELS 6 Xposition Yposition Zposition Zrotation Yrotation Xrotation
    JOINT Spine1
    {
      OFFSET -0.013727 5.003763 -0.053727
      CHANNELS 3 Zrotation Yrotation Xrotation
      JOINT Spine2
      {
        OFFSET -0.0 7.125301 -0.029825
        CHANNELS 3 Zrotation Yrotation Xrotation
        JOINT Chest
        {
          OFFSET -1e-06 7.550063 -0.815971
          CHANNELS 3 Zrotation Yrotation Xrotation
          JOINT Neck1
          {
            OFFSET -0.181677 26.311295 -0.553348
            CHANNELS 3 Zrotation Yrotation Xrotation
            JOINT Neck2
            {
              OFFSET -3e-06 7.709397 2.302585
              CHANNELS 3 Zrotation Yrotation Xrotation
              JOINT Head
              {
                OFFSET -5e-06 6.128916 1.953709
                CHANNELS 3 Zrotation Yrotation Xrotation
                JOINT HeadEnd
                {
                  OFFSET 0.003598 16.065403 -1.835379
                  CHANNELS 3 Zrotation Yrotation Xrotation
                }
                JOINT Jaw
                {
                  OFFSET 0.002637 0.475592 3.094941
                  CHANNELS 3 Zrotation Yrotation Xrotation
                }
                JOINT LeftEye
                {
                  OFFSET 3.206381 5.380205 7.586883
                  CHANNELS 3 Zrotation Yrotation Xrotation
                }
                JOINT RightEye
                {
                  OFFSET -3.22244 5.361869 7.558234
                  CHANNELS 3 Zrotation Yrotation Xrotation
                }
              }
            }
          }
          JOINT LeftShoulder
          {
            OFFSET 1.621652 23.237164 5.113413
            CHANNELS 3 Zrotation Yrotation Xrotation
            JOINT LeftArm
            {
              OFFSET 14.919846 2e-06 -5.502326
              CHANNELS 3 Zrotation Yrotation Xrotation
              JOINT LeftForeArm
              {
                OFFSET 28.739307 0.0 -0.002588
                CHANNELS 3 Zrotation Yrotation Xrotation
                JOINT LeftHand
                {
                  OFFSET 27.093981 -1e-06 0.002609
                  CHANNELS 3 Zrotation Yrotation Xrotation
                  JOINT LeftHandThumb1
                  {
                    OFFSET 2.276482 -1.392045 3.191413
                    CHANNELS 3 Zrotation Yrotation Xrotation
                    JOINT LeftHandThumb2
                    {
                      OFFSET 4.012836 -1.828127 1.641654
                      CHANNELS 3 Zrotation Yrotation Xrotation
                      JOINT LeftHandThumb3
                      {
                        OFFSET 2.798515 0.0 -3e-06
                        CHANNELS 3 Zrotation Yrotation Xrotation
                        JOINT LeftHandThumbEnd
                        {
                          OFFSET 3.180793 -4e-06 4e-06
                          CHANNELS 3 Zrotation Yrotation Xrotation
                        }
                      }
                    }
                  }
                  JOINT LeftHandIndex1
                  {
                    OFFSET 3.247555 -0.531998 2.296169
                    CHANNELS 3 Zrotation Yrotation Xrotation
                    JOINT LeftHandIndex2
                    {
                      OFFSET 6.364578 0.01206 0.1786
                      CHANNELS 3 Zrotation Yrotation Xrotation
                      JOINT LeftHandIndex3
                      {
                        OFFSET 3.662364 0.0 0.0
                        CHANNELS 3 Zrotation Yrotation Xrotation
                        JOINT LeftHandIndex4
                        {
                          OFFSET 2.329242 4e-06 4e-06
                          CHANNELS 3 Zrotation Yrotation Xrotation
                          JOINT LeftHandIndexEnd
                          {
                            OFFSET 2.759615 -0.180537 -0.113024
                            CHANNELS 3 Zrotation Yrotation Xrotation
                          }
                        }
                      }
                    }
                  }
                  JOINT LeftHandMiddle1
                  {
                    OFFSET 3.163495 0.240981 1.000332
                    CHANNELS 3 Zrotation Yrotation Xrotation
                    JOINT LeftHandMiddle2
                    {
                      OFFSET 6.19078 -0.259278 -1.002548
                      CHANNELS 3 Zrotation Yrotation Xrotation
                      JOINT LeftHandMiddle3
                      {
                        OFFSET 4.35652 -4e-06 -1e-06
                        CHANNELS 3 Zrotation Yrotation Xrotation
                        JOINT LeftHandMiddle4
                        {
                          OFFSET 2.996877 -8e-06 0.0
                          CHANNELS 3 Zrotation Yrotation Xrotation
                          JOINT LeftHandMiddleEnd
                          {
                            OFFSET 2.304287 -0.294569 -0.031741
                            CHANNELS 3 Zrotation Yrotation Xrotation
                          }
                        }
                      }
                    }
                  }
                  JOINT LeftHandRing1
                  {
                    OFFSET 2.882643 -0.053652 -0.322543
                    CHANNELS 3 Zrotation Yrotation Xrotation
                    JOINT LeftHandRing2
                    {
                      OFFSET 5.854541 -0.486202 -1.373841
                      CHANNELS 3 Zrotation Yrotation Xrotation
                      JOINT LeftHandRing3
                      {
                        OFFSET 4.350578 0.0 3e-06
                        CHANNELS 3 Zrotation Yrotation Xrotation
                        JOINT LeftHandRing4
                        {
                          OFFSET 2.651321 7e-06 2e-06
                          CHANNELS 3 Zrotation Yrotation Xrotation
                          JOINT LeftHandRingEnd
                          {
                            OFFSET 1.936105 0.077687 -7.1e-05
                            CHANNELS 3 Zrotation Yrotation Xrotation
                          }
                        }
                      }
                    }
                  }
                  JOINT LeftHandPinky1
                  {
                    OFFSET 2.8655 -0.310005 -1.600378
                    CHANNELS 3 Zrotation Yrotation Xrotation
                    JOINT LeftHandPinky2
                    {
                      OFFSET 5.087849 -1.331141 -1.77123
                      CHANNELS 3 Zrotation Yrotation Xrotation
                      JOINT LeftHandPinky3
                      {
                        OFFSET 3.070974 4e-06 0.0
                        CHANNELS 3 Zrotation Yrotation Xrotation
                        JOINT LeftHandPinky4
                        {
                          OFFSET 1.549672 0.0 1e-06
                          CHANNELS 3 Zrotation Yrotation Xrotation
                          JOINT LeftHandPinkyEnd
                          {
                            OFFSET 1.944893 -0.157802 0.057219
                            CHANNELS 3 Zrotation Yrotation Xrotation
                          }
                        }
                      }
                    }
                  }
                }
              }
            }
          }
          JOINT RightShoulder
          {
            OFFSET -1.380118 23.180309 5.214158
            CHANNELS 3 Zrotation Yrotation Xrotation
            JOINT RightArm
            {
              OFFSET -15.037196 1.2e-05 -5.545604
              CHANNELS 3 Zrotation Yrotation Xrotation
              JOINT RightForeArm
              {
                OFFSET -28.736639 2e-06 -0.002597
                CHANNELS 3 Zrotation Yrotation Xrotation
                JOINT RightHand
                {
                  OFFSET -27.133619 -0.0 0.002613
                  CHANNELS 3 Zrotation Yrotation Xrotation
                  JOINT RightHandThumb1
                  {
                    OFFSET -2.274032 -1.383988 3.163127
                    CHANNELS 3 Zrotation Yrotation Xrotation
                    JOINT RightHandThumb2
                    {
                      OFFSET -4.011429 -1.827466 1.640914
                      CHANNELS 3 Zrotation Yrotation Xrotation
                      JOINT RightHandThumb3
                      {
                        OFFSET -2.794935 -4e-06 -3e-06
                        CHANNELS 3 Zrotation Yrotation Xrotation
                        JOINT RightHandThumbEnd
                        {
                          OFFSET -3.183852 4e-06 1e-06
                          CHANNELS 3 Zrotation Yrotation Xrotation
                        }
                      }
                    }
                  }
                  JOINT RightHandIndex1
                  {
                    OFFSET -3.253266 -0.520057 2.282866
                    CHANNELS 3 Zrotation Yrotation Xrotation
                    JOINT RightHandIndex2
                    {
                      OFFSET -6.341917 0.012471 0.178266
                      CHANNELS 3 Zrotation Yrotation Xrotation
                      JOINT RightHandIndex3
                      {
                        OFFSET -3.654871 -8e-06 -0.0
                        CHANNELS 3 Zrotation Yrotation Xrotation
                        JOINT RightHandIndex4
                        {
                          OFFSET -2.327586 0.0 1e-06
                          CHANNELS 3 Zrotation Yrotation Xrotation
                          JOINT RightHandIndexEnd
                          {
                            OFFSET -2.76179 -0.180656 -0.113078
                            CHANNELS 3 Zrotation Yrotation Xrotation
                          }
                        }
                      }
                    }
                  }
                  JOINT RightHandMiddle1
                  {
                    OFFSET -3.168106 0.246593 1.00103
                    CHANNELS 3 Zrotation Yrotation Xrotation
                    JOINT RightHandMiddle2
                    {
                      OFFSET -6.180828 -0.258836 -1.000895
                      CHANNELS 3 Zrotation Yrotation Xrotation
                      JOINT RightHandMiddle3
                      {
                        OFFSET -4.348901 0.0 -0.0
                        CHANNELS 3 Zrotation Yrotation Xrotation
                        JOINT RightHandMiddle4
                        {
                          OFFSET -3.00024 -4e-06 -2e-06
                          CHANNELS 3 Zrotation Yrotation Xrotation
                          JOINT RightHandMiddleEnd
                          {
                            OFFSET -2.30252 -0.29437 -0.031706
                            CHANNELS 3 Zrotation Yrotation Xrotation
                          }
                        }
                      }
                    }
                  }
                  JOINT RightHandRing1
                  {
                    OFFSET -2.88569 -0.067952 -0.308858
                    CHANNELS 3 Zrotation Yrotation Xrotation
                    JOINT RightHandRing2
                    {
                      OFFSET -5.854198 -0.48613 -1.373731
                      CHANNELS 3 Zrotation Yrotation Xrotation
                      JOINT RightHandRing3
                      {
                        OFFSET -4.33881 -4e-06 -0.0
                        CHANNELS 3 Zrotation Yrotation Xrotation
                        JOINT RightHandRing4
                        {
                          OFFSET -2.654903 -4e-06 4e-06
                          CHANNELS 3 Zrotation Yrotation Xrotation
                          JOINT RightHandRingEnd
                          {
                            OFFSET -1.933568 0.077527 -5.2e-05
                            CHANNELS 3 Zrotation Yrotation Xrotation
                          }
                        }
                      }
                    }
                  }
                  JOINT RightHandPinky1
                  {
                    OFFSET -2.866425 -0.342796 -1.584145
                    CHANNELS 3 Zrotation Yrotation Xrotation
                    JOINT RightHandPinky2
                    {
                      OFFSET -5.091371 -1.332055 -1.772385
                      CHANNELS 3 Zrotation Yrotation Xrotation
                      JOINT RightHandPinky3
                      {
                        OFFSET -3.062664 -4e-06 1e-06
                        CHANNELS 3 Zrotation Yrotation Xrotation
                        JOINT RightHandPinky4
                        {
                          OFFSET -1.546529 4e-06 -2e-06
                          CHANNELS 3 Zrotation Yrotation Xrotation
                          JOINT RightHandPinkyEnd
                          {
                            OFFSET -1.945119 -0.157718 0.057211
                            CHANNELS 3 Zrotation Yrotation Xrotation
                          }
                        }
                      }
                    }
                  }
                }
              }
            }
          }
        }
      }
    }
    JOINT LeftLeg
    {
      OFFSET 10.043214 -8.434526 2.595655
      CHANNELS 3 Zrotation Yrotation Xrotation
      JOINT LeftShin
      {
        OFFSET -1e-06 -43.221752 -0.802913
        CHANNELS 3 Zrotation Yrotation Xrotation
        JOINT LeftFoot
        {
          OFFSET 1e-06 -42.155094 -3.481523
          CHANNELS 3 Zrotation Yrotation Xrotation
          JOINT LeftToeBase
          {
            OFFSET 0.0 -5.059472 13.231529
            CHANNELS 3 Zrotation Yrotation Xrotation
            JOINT LeftToeEnd
            {
              OFFSET -0.009607 -1.647619 6.513017
              CHANNELS 3 Zrotation Yrotation Xrotation
            }
          }
        }
      }
    }
    JOINT RightLeg
    {
      OFFSET -10.047278 -8.29526 2.620317
      CHANNELS 3 Zrotation Yrotation Xrotation
      JOINT RightShin
      {
        OFFSET 1e-06 -43.362206 -0.805556
        CHANNELS 3 Zrotation Yrotation Xrotation
        JOINT RightFoot
        {
          OFFSET 2e-06 -42.117393 -3.478398
          CHANNELS 3 Zrotation Yrotation Xrotation
          JOINT RightToeBase
          {
            OFFSET -0.0 -5.079609 13.284196
            CHANNELS 3 Zrotation Yrotation Xrotation
            JOINT RightToeEnd
            {
              OFFSET 0.009532 -1.634378 6.460591
              CHANNELS 3 Zrotation Yrotation Xrotation
            }
          }
        }
      }
    }
  }
}
MOTION
Frames: 105
Frame Time: 0.03333333333333333
0.0 0.0 0.0 0.0 -0.0 0.0 1.666458 100.816795 -1.938856 0.217126 0.052536 1.585449 0.63329 0.083724 -0.617418 -0.258332 -0.009469 -4.962596 -1.457967 -1.647586 9.513371 -0.997898 3.124055 0.6147 -0.022931 1.904471 -3.65941 2.269667 1.136525 -16.861427 7.7e-05 -2.2e-05 6e-06 0.020561 0.07152 0.078872 0.660042 -3.707249 -10.496475 -0.620281 3.86152 -10.519288 -23.49214 -0.18652 15.420692 -53.620338 -11.917072 10.305983 -0.156246 -25.808342 0.100298 8.302184 4.890899 -9.882122 -5.882101 9.861278 0.70259 -10.936863 -0.360575 7.156202 1e-06 8.774819 -2e-06 -15.701465 18.268875 6.384742 -1.84403 2.498502 -2.507276 -10.163592 4.678941 4.621107 -20.976006 -2e-06 6e-06 -21.226269 2.451698 -3.593995 -0.0 -6e-06 -1e-06 -1.36268 2.240797 -0.746324 -21.3349 0.584909 3.008324 -13.821204 -1e-06 5e-06 -23.887152 -0.249076 -0.839479 -60.269302 2.455878 -1.173131 -0.294025 1.679687 0.833256 -14.218198 0.093214 1.300582 -34.212021 -0.287562 0.967175 -20.033195 0.964539 1.212847 -1e-06 -1e-06 -1e-06 -3.440386 0.788233 0.501657 -15.928172 -3.167309 2.999707 -6.338821 -0.0 3e-06 -18.123432 3.648182 -4.905663 -6e-06 -0.0 -3e-06 15.764428 3.148299 15.298792 63.178719 13.232011 22.900908 0.595578 25.099503 0.148059 -7.694655 -1.010478 0.80481 2.24354 -5.255033 -3.180155 14.282886 -0.826591 6.952502 -5e-06 -12.690598 -0.0 15.752629 -17.628075 2.826498 1.665664 -1.95592 -2.878299 4.727797 -4.170585 4.993922 11.020522 5e-06 -1e-06 12.109048 -3.735711 -2.866784 -0.0 -0.0 -1e-06 1.291984 -1.928548 -1.498089 14.800125 0.56747 3.86561 14.242564 -1.341732 -6.660655 19.631958 0.143928 -0.648242 49.986423 -0.574752 -6.018331 0.353029 -1.511151 -0.031941 20.222784 3.684312 2.316629 18.787266 8e-06 1e-06 10.751624 -0.479866 1.397906 3e-06 1e-06 2e-06 3.273806 0.305948 -0.58011 21.486809 11.830372 2.266134 8.162924 3e-06 1e-06 18.399075 -3.798981 -4.940567 3e-06 -0.0 -0.0 0.713916 8.422036 -1.174235 -0.026206 -0.159998 1.628715 -3.477675 1.57427 -2.225076 1.654535 -1.947421 -2.690949 -0.0 -0.0 2e-06 -1.022976 -2.685716 0.070169 0.011048 0.112378 2.031174 2.879965 0.771793 -4.136584 -1.444342 0.985402 -1.938564 -0.0 -0.0 -1e-06 
0.0 0.0 0.0 0.0 -0.0 0.0 1.61225 100.843552 -1.943516 0.230567 0.161443 1.600332 0.60334 0.087978 -0.612955 -0.25181 0.019484 -4.986302 -1.470459 -1.664143 9.547353 -0.938196 3.061994 0.614992 -0.070493 1.937892 -3.6632 2.280643 1.023959 -16.813065 7.7e-05 -2.3e-05 6e-06 0.030135 0.091188 0.071562 0.672252 -3.685199 -10.504751 -0.613799 3.879194 -10.536698 -23.482765 -0.158848 15.381795 -53.584454 -11.829809 10.253322 -0.182964 -25.958286 0.08267 8.298576 4.844611 -9.708518 -5.882095 9.861271 0.702589 -10.936854 -0.360576 7.156196 1e-06 8.774815 -2e-06 -15.708341 18.263828 6.393759 -1.84403 2.498501 -2.507274 -10.163585 4.678937 4.621104 -20.975994 -6e-06 3e-06 -21.226254 2.451693 -3.593993 -0.0 -6e-06 -0.0 -1.362679 2.240796 -0.746322 -21.334883 0.584906 3.00832 -13.821191 -3e-06 2e-06 -23.887136 -0.249081 -0.839481 -60.301704 2.462261 -1.139173 -0.294024 1.679685 0.833255 -14.218186 0.093213 1.300579 -34.211994 -0.287566 0.967172 -20.03318 0.964533 1.212843 -1e-06 -1e-06 -2e-06 -3.440383 0.788232 0.501654 -15.928162 -3.167306 2.999704 -6.338816 -2e-06 2e-06 -18.123413 3.648176 -4.905662 -5e-06 -0.0 -3e-06 15.755116 3.120654 15.387918 63.181873 13.128402 22.908607 0.515095 25.00194 0.119751 -7.669262 -1.044539 0.789639 2.243537 -5.25503 -3.180155 14.282876 -0.826592 6.952498 -4e-06 -12.69059 0.0 15.778708 -17.648157 2.807927 1.665663 -1.95592 -2.878299 4.727792 -4.170582 4.993919 11.020513 4e-06 0.0 12.109036 -3.73571 -2.866777 -1e-06 -0.0 -1e-06 1.291984 -1.928547 -1.498088 14.800114 0.56747 3.865605 14.242555 -1.341733 -6.660647 19.631945 0.143926 -0.648241 49.943832 -0.56187 -6.065716 0.353029 -1.51115 -0.031939 20.222769 3.684308 2.316633 18.787254 6e-06 5e-06 10.751618 -0.479868 1.397908 2e-06 2e-06 1e-06 3.273803 0.305947 -0.580109 21.48679 11.830362 2.266131 8.162918 3e-06 2e-06 18.399059 -3.79898 -4.940563 3e-06 0.0 -1e-06 0.720148 8.336758 -1.194595 -0.030751 -0.168528 1.660789 -3.435459 1.602056 -2.261488 1.652755 -1.943728 -2.710866 0.0 0.0 2e-06 -1.010766 -2.656959 0.099423 0.008454 0.067843 2.012693 2.8901 0.733307 -4.195323 -1.44321 0.982301 -2.03293 0.0 0.0 -1e-06 
0.0 0.0 0.0 0.0 -0.0 0.0 1.581729 100.850677 -1.937671 0.23037 0.281618 1.579683 0.592461 0.09688 -0.614319 -0.252659 0.02793 -5.01324 -1.495507 -1.671761 9.604845 -0.85924 3.038178 0.69361 -0.100675 1.922619 -3.670464 2.305763 1.010386 -16.83139 7.7e-05 -2.3e-05 6e-06 0.030444 0.081408 0.069913 0.668794 -3.69726 -10.517694 -0.610094 3.871749 -10.551741 -23.509768 -0.110983 15.368906 -53.51767 -11.738246 10.151088 -0.192105 -26.113089 0.076189 8.295237 4.861789 -9.634957 -5.882105 9.86128 0.70259 -10.936868 -0.360574 7.156205 1e-06 8.774821 -1e-06 -15.727311 18.281092 6.390622 -1.844032 2.498504 -2.507277 -10.163598 4.678943 4.621109 -20.976019 -3e-06 2e-06 -21.226282 2.451696 -3.593999 1e-06 -6e-06 -1e-06 -1.362682 2.240798 -0.746323 -21.334911 0.58491 3.008323 -13.821213 -2e-06 0.0 -23.887159 -0.24908 -0.839483 -60.299595 2.455307 -1.086973 -0.294025 1.679686 0.833256 -14.218207 0.093215 1.30058 -34.212048 -0.287564 0.967169 -20.033211 0.964537 1.212842 -0.0 -0.0 0.0 -3.440387 0.788233 0.501656 -15.928183 -3.167308 2.999707 -6.338825 -0.0 1e-06 -18.123444 3.64818 -4.905669 -5e-06 -0.0 -2e-06 15.785474 3.115328 15.480977 63.178822 13.044665 22.875097 0.445888 24.847021 0.084419 -7.629365 -1.051704 0.874576 2.243538 -5.25503 -3.180155 14.282872 -0.826593 6.952499 -2e-06 -12.690592 0.0 15.794937 -17.662834 2.81275 1.665664 -1.955921 -2.878299 4.727792 -4.170582 4.993918 11.020513 3e-06 0.0 12.109035 -3.735712 -2.86678 -0.0 0.0 -1e-06 1.291983 -1.928547 -1.498088 14.800108 0.56747 3.865607 14.242552 -1.341735 -6.660649 19.631941 0.143926 -0.648242 49.912399 -0.545249 -6.07068 0.353028 -1.511149 -0.031939 20.222765 3.684307 2.316629 18.787249 5e-06 3e-06 10.751616 -0.479869 1.397905 0.0 1e-06 0.0 3.273803 0.305947 -0.580107 21.486786 11.830362 2.266134 8.162916 2e-06 1e-06 18.399059 -3.798982 -4.940566 3e-06 1e-06 1e-06 0.742739 8.271712 -1.157783 -0.027903 -0.176824 1.69493 -3.428191 1.592908 -2.328689 1.651232 -1.94703 -2.674471 0.0 -0.0 2e-06 -0.979591 -2.621194 0.175503 0.005224 0.038493 2.000241 2.845264 0.714225 -4.210305 -1.438432 0.962164 -2.064353 -0.0 -0.0 -1e-06 
0.0 0.0 0.0 0.0 -0.0 0.0 1.551966 100.825691 -1.894088 0.221533 0.362248 1.546963 0.595879 0.107431 -0.628177 -0.255067 0.040537 -5.035735 -1.523364 -1.690506 9.661791 -0.772592 3.051386 0.803512 -0.135503 1.86796 -3.678721 2.335066 1.027315 -16.835514 7.7e-05 -2.3e-05 6e-06 0.02714 0.065115 0.070982 0.657326 -3.71557 -10.526316 -0.605426 3.857345 -10.560547 -23.578493 -0.055144 15.340974 -53.436954 -11.57377 10.0111 -0.193592 -26.313484 0.074378 8.290709 4.912872 -9.650085 -5.882101 9.861277 0.702591 -10.93686 -0.360574 7.1562 -0.0 8.774816 -3e-06 -15.744974 18.28977 6.369596 -1.844031 2.498503 -2.507275 -10.16359 4.678941 4.621105 -20.976004 -2e-06 3e-06 -21.226269 2.451696 -3.593996 -0.0 -6e-06 -1e-06 -1.36268 2.240797 -0.746322 -21.334892 0.58491 3.008323 -13.8212 -1e-06 3e-06 -23.887148 -0.249075 -0.839482 -60.287075 2.425849 -1.060554 -0.294024 1.679684 0.833255 -14.218195 0.093216 1.300581 -34.212013 -0.287559 0.967172 -20.033194 0.964539 1.212844 -0.0 -0.0 -1e-06 -3.440384 0.788233 0.501656 -15.928172 -3.167305 2.999706 -6.33882 0.0 1e-06 -18.123428 3.648181 -4.905664 -4e-06 -0.0 -3e-06 15.827825 3.096384 15.542656 63.1493 12.974027 22.773069 0.411933 24.685648 0.054052 -7.57617 -0.986878 0.97346 2.243538 -5.255032 -3.180154 14.282869 -0.826595 6.952497 0.0 -12.690589 -3e-06 15.789355 -17.67535 2.828636 1.665663 -1.955919 -2.878295 4.727793 -4.170583 4.993915 11.020509 1e-06 2e-06 12.109035 -3.735713 -2.866779 -0.0 0.0 -1e-06 1.291983 -1.928547 -1.498086 14.800105 0.567465 3.865604 14.242549 -1.341738 -6.660649 19.631937 0.14392 -0.648243 49.896126 -0.548686 -6.051157 0.353028 -1.511149 -0.031942 20.222757 3.684301 2.31663 18.787243 0.0 1e-06 10.751613 -0.47987 1.397906 1e-06 1e-06 0.0 3.273801 0.305947 -0.580109 21.486774 11.830355 2.266132 8.162914 1e-06 3e-06 18.399054 -3.798984 -4.940567 3e-06 -0.0 -0.0 0.774046 8.232734 -1.100981 -0.021566 -0.187028 1.73355 -3.443759 1.589566 -2.405852 1.650341 -1.94745 -2.618044 0.0 0.0 2e-06 -0.943767 -2.595739 0.289398 0.002297 0.017039 1.968671 2.811414 0.701845 -4.237841 -1.434557 0.955523 -2.05762 -0.0 -0.0 -1e-06 
0.0 0.0 0.0 0.0 -0.0 0.0 1.518468 100.787231 -1.808331 0.209074 0.409476 1.503376 0.6063 0.116817 -0.652054 -0.25767 0.041384 -5.05816 -1.545989 -1.712849 9.714228 -0.708915 3.068503 0.938115 -0.153085 1.82702 -3.688608 2.365242 1.038668 -16.7913 7.7e-05 -2.2e-05 6e-06 0.024917 0.059785 0.07259 0.647504 -3.720506 -10.524544 -0.600206 3.851303 -10.558462 -23.665956 0.001684 15.31561 -53.355892 -11.394337 9.887025 -0.191729 -26.461664 0.076087 8.236926 4.948719 -9.798411 -5.882099 9.861275 0.702589 -10.936863 -0.360576 7.156202 1e-06 8.774816 -1e-06 -15.742105 18.290796 6.354642 -1.844031 2.498502 -2.507277 -10.16359 4.678938 4.621106 -20.976006 -5e-06 4e-06 -21.226267 2.451693 -3.593995 -0.0 -6e-06 0.0 -1.36268 2.240796 -0.746322 -21.334896 0.584906 3.008322 -13.821203 -3e-06 4e-06 -23.887154 -0.249079 -0.839479 -60.260006 2.395174 -1.052568 -0.294025 1.679685 0.833255 -14.218197 0.093214 1.300581 -34.212021 -0.287565 0.967173 -20.033194 0.964536 1.212845 -1e-06 -0.0 0.0 -3.440386 0.788232 0.501656 -15.928174 -3.167308 2.999706 -6.33882 0.0 2e-06 -18.12343 3.648177 -4.905663 -5e-06 -0.0 -3e-06 15.87409 3.049988 15.570956 63.096825 12.923018 22.640568 0.385215 24.554958 0.023694 -7.550148 -0.886771 0.929172 2.243541 -5.255034 -3.180155 14.282885 -0.826592 6.952498 -5e-06 -12.690599 -0.0 15.769547 -17.688559 2.840324 1.665665 -1.95592 -2.878298 4.727795 -4.170584 4.993919 11.02052 6e-06 -3e-06 12.109045 -3.735711 -2.86678 -1e-06 0.0 0.0 1.291985 -1.928548 -1.498087 14.80012 0.56747 3.865604 14.242565 -1.341733 -6.660655 19.631958 0.143931 -0.648244 49.884178 -0.580779 -6.041203 0.353028 -1.51115 -0.031941 20.222784 3.684313 2.316628 18.787266 1e-05 2e-06 10.751624 -0.479866 1.397905 -1e-06 0.0 0.0 3.273806 0.305947 -0.58011 21.486807 11.830377 2.266127 8.162922 5e-06 -1e-06 18.399075 -3.79898 -4.940572 5e-06 0.0 1e-06 0.810378 8.208317 -1.018426 -0.01498 -0.197341 1.76778 -3.44709 1.602573 -2.485957 1.650752 -1.946029 -2.555068 0.0 -0.0 2e-06 -0.913901 -2.584666 0.424926 -0.001763 0.004521 1.923962 2.810431 0.711796 -4.246191 -1.433171 0.955307 -2.063658 -0.0 -0.0 -1e-06 
0.0 0.0 0.0 0.0 -0.0 0.0 1.486354 100.750038 -1.700133 0.19302 0.42729 1.453024 0.622736 0.124512 -0.685832 -0.254718 0.032382 -5.083338 -1.57138 -1.736639 9.764894 -0.674257 3.072633 1.093393 -0.145942 1.824822 -3.693156 2.398541 1.021677 -16.687912 7.7e-05 -2.3e-05 6e-06 0.024427 0.067201 0.075067 0.641852 -3.712712 -10.522023 -0.595751 3.857814 -10.556196 -23.74251 0.048441 15.283003 -53.296436 -11.223949 9.799993 -0.197292 -26.502672 0.075347 8.136925 4.945562 -9.980868 -5.882103 9.86128 0.702589 -10.936868 -0.360575 7.156203 0.0 8.774822 -2e-06 -15.723926 18.285872 6.356239 -1.844033 2.498503 -2.507277 -10.163597 4.678942 4.621108 -20.976017 -4e-06 2e-06 -21.226282 2.451694 -3.593998 -0.0 -6e-06 0.0 -1.362681 2.240797 -0.746324 -21.334906 0.584908 3.008322 -13.821209 -2e-06 2e-06 -23.887161 -0.249079 -0.839482 -60.240383 2.371199 -1.046363 -0.294025 1.679688 0.833256 -14.218203 0.093214 1.30058 -34.212036 -0.287565 0.96717 -20.033207 0.964536 1.212844 -1e-06 0.0 0.0 -3.440387 0.788233 0.501655 -15.928183 -3.167308 2.999707 -6.338824 -0.0 1e-06 -18.123442 3.648182 -4.905669 -6e-06 0.0 -3e-06 15.909783 3.001982 15.58564 63.044189 12.895645 22.490047 0.350764 24.477591 -0.009315 -7.585894 -0.78325 0.76721 2.243539 -5.255032 -3.180154 14.282882 -0.826593 6.952497 -3e-06 -12.690597 -2e-06 15.748315 -17.683374 2.852448 1.665665 -1.95592 -2.878296 4.727796 -4.170585 4.99392 11.02052 4e-06 -0.0 12.109046 -3.735713 -2.866781 -0.0 0.0 0.0 1.291985 -1.928548 -1.498088 14.800117 0.567468 3.865605 14.242561 -1.341735 -6.660651 19.631952 0.143926 -0.648242 49.872562 -0.619199 -6.039117 0.353028 -1.511149 -0.031938 20.22278 3.684309 2.316629 18.787258 5e-06 1e-06 10.751622 -0.479868 1.397904 -0.0 -1e-06 1e-06 3.273805 0.305947 -0.58011 21.486801 11.830368 2.266132 8.162921 1e-06 -2e-06 18.399071 -3.798982 -4.940572 4e-06 1e-06 1e-06 0.849312 8.168952 -0.913035 -0.010589 -0.205138 1.793669 -3.441383 1.634876 -2.571086 1.650529 -1.944244 -2.495721 0.0 -0.0 2e-06 -0.893376 -2.564669 0.559321 -0.004041 0.00141 1.888235 2.830174 0.717424 -4.24885 -1.4336 0.958364 -2.068282 -0.0 -0.0 -1e-06 
0.0 0.0 0.0 0.0 -0.0 0.0 1.469494 100.719032 -1.594995 0.175582 0.407867 1.394009 0.641833 0.133963 -0.713669 -0.248152 0.016549 -5.105408 -1.595528 -1.753382 9.813329 -0.649876 3.065485 1.249289 -0.137095 1.845061 -3.693606 2.43888 1.000578 -16.563946 7.7e-05 -2.2e-05 6e-06 0.024983 0.079704 0.078193 0.640312 -3.701586 -10.528754 -0.5933 3.871197 -10.563023 -23.809467 0.095859 15.254144 -53.260754 -11.099412 9.728179 -0.20675 -26.426155 0.069015 8.048982 4.927638 -10.116943 -5.882104 9.861286 0.70259 -10.93687 -0.360577 7.156203 1e-06 8.774826 -3e-06 -15.713023 18.287849 6.371842 -1.844033 2.498504 -2.507277 -10.163599 4.678945 4.621105 -20.976023 -5e-06 1e-06 -21.226286 2.451696 -3.593999 -0.0 -6e-06 -1e-06 -1.362681 2.240798 -0.746323 -21.334913 0.584907 3.008322 -13.821213 -4e-06 1e-06 -23.887167 -0.249081 -0.839482 -60.253586 2.377576 -1.051832 -0.294024 1.679687 0.833255 -14.218208 0.093213 1.300578 -34.212048 -0.287568 0.96717 -20.033211 0.964534 1.212845 -1e-06 -0.0 -1e-06 -3.440388 0.788233 0.501656 -15.928185 -3.167311 2.999704 -6.338825 -0.0 0.0 -18.123444 3.648182 -4.905671 -5e-06 -0.0 -3e-06 15.931302 2.969576 15.612807 62.991688 12.899641 22.371317 0.306123 24.45048 -0.035117 -7.670923 -0.7111 0.609642 2.24354 -5.255035 -3.180156 14.282883 -0.826595 6.952497 -1e-06 -12.690601 -3e-06 15.729259 -17.660471 2.867036 1.665665 -1.955921 -2.878297 4.727797 -4.170587 4.99392 11.02052 2e-06 -2e-06 12.109046 -3.735717 -2.866783 -0.0 0.0 1e-06 1.291984 -1.928548 -1.498088 14.800118 0.567467 3.865604 14.242562 -1.341738 -6.660654 19.631952 0.143924 -0.648244 49.870865 -0.633925 -6.038141 0.353029 -1.51115 -0.031938 20.222778 3.684309 2.31663 18.787266 4e-06 -1e-06 10.751623 -0.479869 1.397904 0.0 1e-06 1e-06 3.273805 0.305947 -0.580111 21.486801 11.830371 2.266133 8.162921 1e-06 -1e-06 18.399075 -3.798986 -4.940576 5e-06 1e-06 1e-06 0.881197 8.133724 -0.78316 -0.008557 -0.213447 1.794818 -3.433318 1.680892 -2.650078 1.651114 -1.943712 -2.441883 0.0 0.0 2e-06 -0.880809 -2.527065 0.691471 -0.006368 0.002994 1.864324 2.837198 0.739942 -4.267746 -1.434944 0.958243 -2.056945 -0.0 -0.0 -1e-06 
0.0 0.0 0.0 0.0 -0.0 0.0 1.464882 100.698997 -1.497739 0.161354 0.357236 1.334691 0.658162 0.136998 -0.730177 -0.24184 0.016659 -5.121693 -1.6138 -1.768968 9.860738 -0.631552 3.042603 1.378422 -0.133274 1.883826 -3.689786 2.465657 0.97151 -16.45059 7.7e-05 -2.2e-05 5e-06 0.026285 0.092232 0.081224 0.641649 -3.690224 -10.542746 -0.592179 3.884512 -10.577014 -23.867071 0.126777 15.247689 -53.230824 -11.034745 9.700675 -0.213467 -26.271473 0.061637 7.983926 4.924706 -10.254081 -5.882102 9.861281 0.702591 -10.936863 -0.360574 7.156201 -0.0 8.774822 1e-06 -15.723811 18.298649 6.394503 -1.844031 2.498503 -2.507276 -10.163592 4.678943 4.621107 -20.976009 -2e-06 1e-06 -21.226271 2.451698 -3.593999 -0.0 -6e-06 -0.0 -1.36268 2.240797 -0.746322 -21.334896 0.584911 3.008323 -13.821203 -1e-06 2e-06 -23.887152 -0.249075 -0.839482 -60.287289 2.399505 -1.050664 -0.294025 1.679686 0.833256 -14.218198 0.093216 1.30058 -34.212021 -0.287561 0.96717 -20.033197 0.964538 1.212844 -1e-06 -0.0 0.0 -3.440387 0.788233 0.501656 -15.928176 -3.167308 2.999705 -6.33882 1e-06 1e-06 -18.12343 3.648185 -4.905668 -6e-06 0.0 -3e-06 15.950705 2.948011 15.662818 62.931198 12.956474 22.263668 0.282063 24.442627 -0.046749 -7.758726 -0.654553 0.527145 2.24354 -5.255033 -3.180154 14.282878 -0.826594 6.952495 -0.0 -12.690594 -2e-06 15.706286 -17.645676 2.888457 1.665664 -1.95592 -2.878295 4.727795 -4.170585 4.993918 11.020514 2e-06 -2e-06 12.109038 -3.735714 -2.86678 -1e-06 0.0 1e-06 1.291984 -1.928548 -1.498088 14.800114 0.567466 3.865605 14.242559 -1.341737 -6.660653 19.631947 0.143922 -0.648244 49.868015 -0.622909 -6.041888 0.353029 -1.51115 -0.031939 20.222773 3.684307 2.316629 18.787258 3e-06 -0.0 10.75162 -0.479868 1.397906 1e-06 -0.0 1e-06 3.273804 0.305946 -0.580111 21.486795 11.830364 2.266134 8.16292 1e-06 -2e-06 18.399067 -3.798983 -4.940569 3e-06 -1e-06 -0.0 0.899936 8.114545 -0.645164 -0.009803 -0.22275 1.77115 -3.416571 1.732677 -2.715556 1.651835 -1.950664 -2.39352 0.0 1e-06 2e-06 -0.87344 -2.481791 0.811621 -0.00795 0.003501 1.850432 2.838226 0.782293 -4.298274 -1.436347 0.955226 -2.043704 -0.0 -0.0 -1e-06 
0.0 0.0 0.0 0.0 -0.0 0.0 1.469293 100.691711 -1.414539 0.15253 0.29777 1.295938 0.668066 0.139094 -0.744017 -0.237176 0.009368 -5.130632 -1.620836 -1.768803 9.889604 -0.629159 3.024052 1.467774 -0.122211 1.901656 -3.683121 2.477858 0.945892 -16.352854 7.7e-05 -2.2e-05 6e-06 0.028105 0.101832 0.084864 0.642142 -3.680526 -10.549016 -0.589048 3.893803 -10.582808 -23.913128 0.12819 15.267096 -53.212288 -11.006797 9.662656 -0.228727 -26.089863 0.057379 7.945899 4.936471 -10.403072 -5.882105 9.861284 0.702591 -10.936868 -0.360574 7.156203 -0.0 8.774822 -1e-06 -15.739999 18.30715 6.418804 -1.844033 2.498503 -2.507277 -10.163597 4.678944 4.621107 -20.976017 -3e-06 1e-06 -21.226276 2.451698 -3.594002 -0.0 -6e-06 -0.0 -1.362681 2.240798 -0.746323 -21.334908 0.584911 3.008321 -13.821211 -1e-06 2e-06 -23.887165 -0.249078 -0.839485 -60.328739 2.413124 -1.034856 -0.294025 1.679687 0.833256 -14.218204 0.093215 1.300579 -34.212036 -0.287563 0.967168 -20.033205 0.964536 1.212842 -1e-06 0.0 -2e-06 -3.440387 0.788233 0.501655 -15.928183 -3.167309 2.999706 -6.338823 0.0 0.0 -18.12344 3.648183 -4.90567 -4e-06 -0.0 -2e-06 15.968588 2.925817 15.691624 62.873348 13.031014 22.166691 0.291209 24.434278 -0.048583 -7.82138 -0.59243 0.513975 2.243543 -5.255036 -3.180157 14.282892 -0.826598 6.952502 -1e-06 -12.690602 0.0 15.691122 -17.644886 2.91153 1.665666 -1.955922 -2.878298 4.727798 -4.170587 4.993923 11.020525 1e-06 -3e-06 12.109052 -3.735717 -2.866782 -1e-06 -0.0 1e-06 1.291985 -1.928548 -1.498088 14.800125 0.567466 3.865605 14.242572 -1.341738 -6.660657 19.631962 0.143923 -0.648246 49.879852 -0.609155 -6.033163 0.353029 -1.511151 -0.031941 20.222786 3.684305 2.31663 18.78727 2e-06 -1e-06 10.751625 -0.47987 1.397903 1e-06 0.0 0.0 3.273806 0.305947 -0.580111 21.486809 11.83037 2.266129 8.162926 0.0 -2e-06 18.39908 -3.798986 -4.940577 4e-06 -0.0 -0.0 0.905897 8.088452 -0.533632 -0.012077 -0.229392 1.735684 -3.411218 1.782768 -2.779723 1.651761 -1.95621 -2.361419 0.0 0.0 2e-06 -0.873177 -2.428865 0.901448 -0.008298 -0.003762 1.838101 2.831731 0.826648 -4.316952 -1.4372 0.952359 -2.019551 -0.0 0.0 -1e-06 
0.0 0.0 0.0 0.0 -0.0 0.0 1.476189 100.696144 -1.356501 0.145813 0.243153 1.29116 0.681494 0.138614 -0.762794 -0.235054 -0.010436 -5.138546 -1.623272 -1.754347 9.913495 -0.652599 3.00987 1.494939 -0.093762 1.909821 -3.674767 2.474468 0.927685 -16.275213 7.7e-05 -2.3e-05 5e-06 0.028467 0.10348 0.087308 0.642485 -3.676442 -10.544296 -0.588597 3.892863 -10.578305 -23.927952 0.110023 15.312823 -53.19883 -11.030357 9.648411 -0.251573 -25.906494 0.064031 7.924718 4.938744 -10.577024 -5.882106 9.861283 0.702591 -10.936871 -0.360575 7.156205 1e-06 8.774824 -2e-06 -15.738747 18.314013 6.440082 -1.844032 2.498504 -2.507277 -10.163598 4.678943 4.621108 -20.976021 -5e-06 2e-06 -21.226286 2.451695 -3.593999 -0.0 -6e-06 0.0 -1.362681 2.240796 -0.746323 -21.334911 0.584909 3.008323 -13.821213 -3e-06 1e-06 -23.887169 -0.24908 -0.839482 -60.35257 2.42161 -1.02019 -0.294025 1.679687 0.833255 -14.218207 0.093213 1.30058 -34.212048 -0.287565 0.96717 -20.033211 0.964536 1.212844 -1e-06 -0.0 -1e-06 -3.440388 0.788233 0.501655 -15.928185 -3.167309 2.999707 -6.338825 -1e-06 1e-06 -18.123444 3.648182 -4.90567 -5e-06 0.0 -3e-06 15.986524 2.900596 15.700457 62.816582 13.11863 22.112429 0.301602 24.435223 -0.05226 -7.859202 -0.512108 0.511981 2.243539 -5.255033 -3.180157 14.282878 -0.826592 6.952497 -3e-06 -12.690595 -1e-06 15.68658 -17.643475 2.929381 1.665664 -1.95592 -2.878297 4.727795 -4.170584 4.993918 11.020515 3e-06 -1e-06 12.10904 -3.735713 -2.866781 -1e-06 -0.0 0.0 1.291984 -1.928548 -1.498088 14.800115 0.567469 3.865604 14.242558 -1.341736 -6.660651 19.63195 0.143926 -0.648242 49.901844 -0.602525 -6.004307 0.353028 -1.511149 -0.031941 20.222773 3.684308 2.316628 18.787256 6e-06 2e-06 10.751622 -0.479867 1.397904 2e-06 1e-06 1e-06 3.273804 0.305947 -0.58011 21.486795 11.830368 2.266134 8.162919 2e-06 -1e-06 18.399067 -3.798982 -4.940569 3e-06 -1e-06 1e-06 0.906052 8.058928 -0.471462 -0.015104 -0.232617 1.69864 -3.424829 1.819946 -2.82162 1.650961 -1.962075 -2.335999 -0.0 -0.0 2e-06 -0.880179 -2.396818 0.937596 -0.00683 -0.006611 1.836132 2.836665 0.863262 -4.328213 -1.438278 0.953931 -2.015051 -0.0 -0.0 -1e-06 
0.0 0.0 0.0 0.0 -0.0 0.0 1.495466 100.704445 -1.33419 0.138771 0.180682 1.316196 0.696565 0.140408 -0.779154 -0.234895 -0.032812 -5.139037 -1.613329 -1.747538 9.92396 -0.701758 3.008848 1.46397 -0.065709 1.9063 -3.671156 2.446713 0.91894 -16.22386 7.7e-05 -2.2e-05 5e-06 0.027241 0.097167 0.088148 0.643003 -3.680541 -10.540996 -0.591441 3.884468 -10.575252 -23.918438 0.071349 15.36045 -53.200886 -11.081405 9.604439 -0.291543 -25.733103 0.081372 7.956089 4.904738 -10.622359 -5.882104 9.861282 0.702591 -10.93687 -0.360575 7.156208 1e-06 8.774822 -1e-06 -15.726123 18.324455 6.457539 -1.844032 2.498505 -2.507278 -10.163598 4.678944 4.62111 -20.976017 -3e-06 4e-06 -21.226276 2.451697 -3.593998 -0.0 -6e-06 -0.0 -1.362681 2.240798 -0.746323 -21.334911 0.58491 3.008326 -13.821211 -1e-06 3e-06 -23.887167 -0.249077 -0.83948 -60.368908 2.427857 -1.015316 -0.294025 1.679686 0.833256 -14.218207 0.093215 1.300583 -34.212048 -0.287563 0.967175 -20.033209 0.964537 1.212845 -1e-06 -0.0 -1e-06 -3.440387 0.788233 0.501657 -15.928183 -3.167309 2.999708 -6.338824 -1e-06 1e-06 -18.123444 3.648182 -4.905666 -6e-06 0.0 -2e-06 15.992159 2.885263 15.700554 62.783474 13.201478 22.085182 0.295719 24.456726 -0.059397 -7.913915 -0.42076 0.450898 2.24354 -5.255033 -3.180156 14.282887 -0.826592 6.952498 -5e-06 -12.690599 -0.0 15.685699 -17.645247 2.946085 1.665666 -1.955922 -2.878298 4.727798 -4.170585 4.993924 11.020523 3e-06 -1e-06 12.10905 -3.735714 -2.866784 -0.0 -0.0 -1e-06 1.291985 -1.928548 -1.498089 14.800127 0.567471 3.865607 14.242569 -1.341734 -6.660656 19.631969 0.14393 -0.648244 49.934078 -0.605833 -5.96353 0.353028 -1.51115 -0.031941 20.222786 3.684311 2.316628 18.78727 8e-06 1e-06 10.751625 -0.479867 1.397908 1e-06 0.0 0.0 3.273806 0.305948 -0.58011 21.486809 11.830373 2.266131 8.162925 2e-06 -2e-06 18.399076 -3.798981 -4.940573 3e-06 -1e-06 -0.0 0.899075 8.042978 -0.450686 -0.017859 -0.231518 1.661956 -3.465856 1.858909 -2.859235 1.649521 -1.964514 -2.314933 0.0 -0.0 2e-06 -0.887221 -2.362267 0.924676 -0.003707 -0.006026 1.847272 2.830306 0.868692 -4.338028 -1.439101 0.962807 -2.010415 -0.0 -0.0 -1e-06 
0.0 0.0 0.0 0.0 -0.0 0.0 1.527622 100.717735 -1.340361 0.130727 0.121457 1.373227 0.712137 0.144302 -0.787548 -0.235733 -0.045864 -5.134212 -1.595666 -1.758077 9.917518 -0.759346 3.028404 1.380981 -0.056315 1.905062 -3.671805 2.410387 0.907149 -16.20063 7.7e-05 -2.3e-05 6e-06 0.025849 0.089012 0.087754 0.643363 -3.68705 -10.53953 -0.594448 3.875147 -10.572235 -23.900322 0.028263 15.394391 -53.213753 -11.137709 9.575914 -0.315593 -25.619755 0.099326 8.045338 4.859821 -10.628131 -5.882099 9.861276 0.702589 -10.936856 -0.360574 7.156197 -1e-06 8.774816 -3e-06 -15.710219 18.326084 6.464228 -1.84403 2.498502 -2.507275 -10.163588 4.678939 4.621103 -20.975996 -2e-06 2e-06 -21.226259 2.451696 -3.593999 -0.0 -6e-06 0.0 -1.36268 2.240796 -0.746323 -21.334887 0.584911 3.008321 -13.821197 -1e-06 2e-06 -23.88714 -0.249076 -0.839483 -60.378143 2.42668 -1.016905 -0.294024 1.679686 0.833256 -14.21819 0.093216 1.300578 -34.212009 -0.287562 0.967167 -20.033188 0.964536 1.212841 -1e-06 -0.0 -1e-06 -3.440383 0.788233 0.501655 -15.928164 -3.167305 2.999704 -6.338816 0.0 1e-06 -18.123423 3.64818 -4.905665 -6e-06 0.0 -3e-06 15.979986 2.886811 15.684873 62.799656 13.268152 22.108866 0.271357 24.488249 -0.063592 -7.980818 -0.33876 0.307627 2.243541 -5.255034 -3.180156 14.282881 -0.826599 6.9525 2e-06 -12.690595 -0.0 15.690195 -17.644743 2.947694 1.665665 -1.955921 -2.878298 4.727797 -4.170586 4.993925 11.020519 -0.0 -0.0 12.109043 -3.735717 -2.866782 -1e-06 -0.0 0.0 1.291985 -1.928549 -1.498088 14.800115 0.567463 3.865606 14.242561 -1.34174 -6.660657 19.631952 0.143918 -0.648248 49.955231 -0.604227 -5.935014 0.353029 -1.51115 -0.031941 20.222776 3.684302 2.316631 18.787262 -0.0 -1e-06 10.751622 -0.479871 1.397907 0.0 -0.0 -0.0 3.273805 0.305946 -0.58011 21.486792 11.830359 2.266132 8.162922 -1e-06 2e-06 18.399071 -3.798988 -4.940574 2e-06 -0.0 -0.0 0.884398 8.05193 -0.471799 -0.020694 -0.231114 1.623083 -3.513661 1.895696 -2.866688 1.648545 -1.959319 -2.309698 -0.0 -0.0 2e-06 -0.890743 -2.332422 0.862019 1.9e-05 -0.003886 1.862697 2.829378 0.848171 -4.348602 -1.440072 0.970291 -2.014737 -0.0 0.0 -1e-06 
0.0 0.0 0.0 0.0 -0.0 0.0 1.566915 100.73764 -1.36355 0.119663 0.051047 1.459137 0.728263 0.149179 -0.789093 -0.234368 -0.050447 -5.128369 -1.569648 -1.780671 9.901006 -0.822248 3.067819 1.260119 -0.052944 1.907405 -3.670661 2.373985 0.919537 -16.199278 7.7e-05 -2.3e-05 6e-06 0.024039 0.079012 0.085928 0.643712 -3.696344 -10.540483 -0.598288 3.864802 -10.570377 -23.861067 -0.006437 15.407053 -53.249016 -11.201033 9.675728 -0.296551 -25.554625 0.108348 8.180219 4.819545 -10.778897 -5.882099 9.861275 0.70259 -10.936859 -0.360575 7.1562 1e-06 8.774816 -2e-06 -15.678058 18.324997 6.46831 -1.844029 2.498502 -2.507275 -10.163588 4.678939 4.621106 -20.976 -4e-06 2e-06 -21.226259 2.451693 -3.593996 1e-06 -6e-06 -0.0 -1.36268 2.240796 -0.746324 -21.334888 0.584908 3.008322 -13.821198 -2e-06 2e-06 -23.887144 -0.249078 -0.83948 -60.360111 2.436049 -1.03106 -0.294024 1.679686 0.833255 -14.218193 0.093214 1.30058 -34.212013 -0.287564 0.967172 -20.03319 0.964536 1.212844 -1e-06 -1e-06 -1e-06 -3.440386 0.788232 0.501656 -15.928168 -3.167308 2.999706 -6.338819 -1e-06 2e-06 -18.123426 3.648179 -4.905666 -6e-06 0.0 -3e-06 15.936158 2.921723 15.659274 62.851471 13.320216 22.16864 0.244501 24.553581 -0.065628 -8.014854 -0.274984 0.192401 2.24354 -5.255034 -3.180156 14.282887 -0.826592 6.952501 -5e-06 -12.690597 -0.0 15.695775 -17.635118 2.93199 1.665666 -1.95592 -2.878299 4.727797 -4.170583 4.993923 11.020522 4e-06 -1e-06 12.109046 -3.73571 -2.866783 -0.0 -0.0 0.0 1.291985 -1.928548 -1.498089 14.800123 0.567471 3.865608 14.242566 -1.341732 -6.660654 19.63196 0.143927 -0.648244 49.93906 -0.595681 -5.933535 0.353029 -1.511149 -0.031941 20.222786 3.684311 2.316633 18.787266 6e-06 2e-06 10.751625 -0.479868 1.397909 1e-06 1e-06 1e-06 3.273806 0.305947 -0.580111 21.486809 11.830369 2.266132 8.162924 3e-06 -1e-06 18.399071 -3.798982 -4.940566 4e-06 0.0 0.0 0.865803 8.106938 -0.540589 -0.021221 -0.232696 1.603702 -3.551497 1.905689 -2.84528 1.647884 -1.958341 -2.336812 0.0 -0.0 2e-06 -0.889711 -2.305288 0.753488 0.003498 0.001751 1.876466 2.832496 0.827597 -4.338027 -1.441741 0.967678 -2.042199 -0.0 0.0 -1e-06 
0.0 0.0 0.0 0.0 -0.0 0.0 1.612085 100.760284 -1.389671 0.10888 -0.017127 1.552626 0.746228 0.152614 -0.779784 -0.232228 -0.040748 -5.119147 -1.544272 -1.818919 9.881558 -0.888469 3.111588 1.119343 -0.052335 1.910449 -3.661183 2.325828 0.953102 -16.238686 7.7e-05 -2.3e-05 6e-06 0.022506 0.070109 0.086459 0.645856 -3.70567 -10.540364 -0.603285 3.85634 -10.568267 -23.808405 -0.050442 15.41253 -53.303303 -11.274115 9.852912 -0.241236 -25.506062 0.100485 8.367512 4.778708 -11.018342 -5.882101 9.861275 0.70259 -10.936861 -0.360575 7.156198 1e-06 8.774817 -1e-06 -15.652849 18.331938 6.464437 -1.844031 2.498502 -2.507276 -10.163591 4.67894 4.621105 -20.976006 -3e-06 3e-06 -21.226269 2.451694 -3.593994 -0.0 -6e-06 -1e-06 -1.36268 2.240796 -0.746323 -21.334892 0.584909 3.008321 -13.821199 -3e-06 1e-06 -23.887152 -0.249077 -0.83948 -60.336853 2.449361 -1.057022 -0.294024 1.679684 0.833255 -14.218196 0.093214 1.30058 -34.212013 -0.287563 0.96717 -20.033201 0.964536 1.212844 -1e-06 -0.0 0.0 -3.440385 0.788231 0.501655 -15.928174 -3.167305 2.999705 -6.338821 -1e-06 0.0 -18.12343 3.64818 -4.905663 -5e-06 0.0 -3e-06 15.857944 2.975297 15.654878 62.943348 13.393412 22.263453 0.214174 24.644094 -0.070145 -8.020049 -0.209851 0.092431 2.243538 -5.255029 -3.180155 14.282873 -0.826591 6.952497 -4e-06 -12.690585 -1e-06 15.703817 -17.633108 2.906182 1.665664 -1.955919 -2.878297 4.727793 -4.17058 4.993921 11.020512 3e-06 -1e-06 12.109036 -3.735709 -2.866781 -1e-06 -0.0 0.0 1.291984 -1.928547 -1.498088 14.800112 0.567469 3.865605 14.242555 -1.341733 -6.660651 19.631945 0.143927 -0.648243 49.907536 -0.59684 -5.954765 0.353028 -1.511149 -0.031941 20.222765 3.684307 2.316628 18.787251 4e-06 2e-06 10.751613 -0.479869 1.397905 1e-06 0.0 1e-06 3.273804 0.305947 -0.58011 21.486788 11.830359 2.266128 8.162917 1e-06 -1e-06 18.399059 -3.798978 -4.940569 3e-06 -0.0 -1e-06 0.841367 8.190103 -0.632072 -0.020785 -0.235458 1.594545 -3.579732 1.874837 -2.806905 1.647398 -1.961564 -2.372061 -0.0 0.0 2e-06 -0.890319 -2.295406 0.626433 0.007508 0.009673 1.888059 2.829787 0.834284 -4.315287 -1.443651 0.957284 -2.061169 -0.0 -0.0 -1e-06 
0.0 0.0 0.0 0.0 -0.0 0.0 1.656144 100.776382 -1.412125 0.097642 -0.078271 1.629356 0.764924 0.152633 -0.74958 -0.228664 -0.030908 -5.108855 -1.517833 -1.847893 9.868974 -0.961475 3.143154 0.983011 -0.060569 1.932003 -3.649788 2.283476 0.973688 -16.311655 7.7e-05 -2.2e-05 6e-06 0.022138 0.067487 0.086428 0.649809 -3.709161 -10.54398 -0.607656 3.854473 -10.571839 -23.745678 -0.111691 15.415541 -53.355888 -11.362252 10.088677 -0.1731 -25.466597 0.087997 8.556393 4.743817 -11.265916 -5.882105 9.861284 0.702589 -10.93687 -0.360576 7.156202 0.0 8.774823 -3e-06 -15.652692 18.342676 6.454796 -1.844032 2.498505 -2.507277 -10.163597 4.678944 4.621105 -20.976019 -3e-06 1e-06 -21.226282 2.451697 -3.594001 -1e-06 -6e-06 -0.0 -1.362681 2.240798 -0.746324 -21.334911 0.58491 3.008319 -13.821213 -2e-06 1e-06 -23.887165 -0.249079 -0.839485 -60.327045 2.463733 -1.077729 -0.294024 1.679687 0.833256 -14.218207 0.093214 1.300579 -34.212048 -0.287565 0.967166 -20.033211 0.964535 1.21284 -1e-06 -0.0 -2e-06 -3.440387 0.788233 0.501654 -15.928185 -3.167309 2.999704 -6.338826 0.0 0.0 -18.123444 3.648181 -4.905671 -4e-06 0.0 -3e-06 15.754895 3.040064 15.666903 63.069874 13.476803 22.373491 0.186777 24.748772 -0.077408 -8.017623 -0.15017 -0.00347 2.243543 -5.25504 -3.180157 14.282898 -0.826594 6.952505 -3e-06 -12.690609 -1e-06 15.709481 -17.638023 2.885168 1.665667 -1.955921 -2.8783 4.727801 -4.170588 4.993923 11.020531 2e-06 -1e-06 12.109057 -3.735717 -2.866786 -1e-06 -0.0 -1e-06 1.291986 -1.92855 -1.498088 14.800136 0.567468 3.865607 14.24258 -1.341738 -6.660659 19.631975 0.143926 -0.648246 49.871483 -0.606726 -5.989116 0.35303 -1.511151 -0.03194 20.222801 3.684311 2.316628 18.787283 5e-06 -2e-06 10.751636 -0.479867 1.397907 0.0 1e-06 1e-06 3.273808 0.305949 -0.58011 21.486824 11.830379 2.266135 8.16293 2e-06 -3e-06 18.399092 -3.798985 -4.940579 5e-06 -0.0 -0.0 0.817515 8.266512 -0.718295 -0.021336 -0.240846 1.597753 -3.584786 1.839221 -2.790184 1.646261 -1.969504 -2.398465 0.0 -0.0 2e-06 -0.89413 -2.290895 0.511928 0.011171 0.015228 1.901427 2.845767 0.875975 -4.29247 -1.444845 0.952639 -2.059871 -0.0 -0.0 -1e-06 
0.0 0.0 0.0 0.0 -0.0 0.0 1.693714 100.787941 -1.429171 0.100879 -0.110954 1.697003 0.776438 0.151996 -0.712607 -0.227924 -0.02571 -5.099818 -1.497298 -1.867604 9.864344 -1.023967 3.162568 0.873425 -0.067756 1.963357 -3.643534 2.236554 0.982741 -16.404816 7.7e-05 -2.3e-05 5e-06 0.023617 0.07173 0.08845 0.653938 -3.704205 -10.545018 -0.60843 3.858302 -10.573255 -23.693466 -0.192489 15.432022 -53.390774 -11.471163 10.311683 -0.107597 -25.422792 0.071321 8.698642 4.717676 -11.399167 -5.882099 9.861277 0.702589 -10.936858 -0.360575 7.156199 0.0 8.774817 -2e-06 -15.687923 18.339928 6.429015 -1.84403 2.498502 -2.507276 -10.163588 4.67894 4.621105 -20.975996 -3e-06 1e-06 -21.226259 2.451693 -3.593998 -0.0 -5e-06 0.0 -1.36268 2.240796 -0.746324 -21.334887 0.584908 3.008321 -13.821197 -2e-06 2e-06 -23.887142 -0.249079 -0.839483 -60.327263 2.461429 -1.083601 -0.294025 1.679685 0.833256 -14.218191 0.093213 1.30058 -34.212009 -0.287564 0.96717 -20.033188 0.964536 1.212844 0.0 -0.0 -1e-06 -3.440384 0.788231 0.501655 -15.928168 -3.167308 2.999704 -6.338818 0.0 1e-06 -18.123426 3.648179 -4.905664 -5e-06 0.0 -3e-06 15.662028 3.090057 15.669208 63.211975 13.543159 22.473692 0.160486 24.840528 -0.084764 -8.044309 -0.094753 -0.188505 2.243538 -5.255029 -3.180155 14.282869 -0.826592 6.952497 -3e-06 -12.690588 -1e-06 15.712922 -17.648117 2.871614 1.665662 -1.955917 -2.878296 4.72779 -4.170579 4.993918 11.020508 3e-06 0.0 12.109032 -3.735709 -2.86678 -0.0 -0.0 1e-06 1.291983 -1.928547 -1.498087 14.800105 0.56747 3.865604 14.24255 -1.341732 -6.660649 19.631937 0.143928 -0.648241 49.829552 -0.626428 -6.017385 0.353028 -1.511148 -0.031941 20.222761 3.684307 2.316629 18.787249 6e-06 4e-06 10.751616 -0.479868 1.397906 2e-06 -0.0 1e-06 3.273802 0.305945 -0.58011 21.48678 11.830359 2.266132 8.162912 2e-06 0.0 18.399054 -3.798981 -4.940568 4e-06 -0.0 -0.0 0.780961 8.297946 -0.80115 -0.025469 -0.243628 1.599875 -3.599223 1.821761 -2.782708 1.645466 -1.968145 -2.405884 -0.0 -0.0 2e-06 -0.912766 -2.304619 0.415935 0.014279 0.015333 1.90861 2.872716 0.927263 -4.29278 -1.444877 0.956768 -2.02437 -0.0 -0.0 -1e-06 
0.0 0.0 0.0 0.0 -0.0 0.0 1.72364 100.802399 -1.439765 0.119301 -0.117064 1.763541 0.782991 0.152565 -0.684545 -0.231863 -0.032638 -5.099154 -1.486773 -1.877465 9.87986 -1.070076 3.171803 0.786667 -0.059815 1.998294 -3.643539 2.191172 0.983921 -16.48074 7.7e-05 -2.2e-05 6e-06 0.025592 0.082017 0.090022 0.658154 -3.690703 -10.542161 -0.608409 3.865966 -10.570534 -23.660313 -0.268442 15.460238 -53.378208 -11.613825 10.503202 -0.082893 -25.379875 0.061063 8.79587 4.678863 -11.459343 -5.882102 9.861281 0.702591 -10.936867 -0.360575 7.156204 1e-06 8.774822 -2e-06 -15.721827 18.33149 6.406318 -1.844031 2.498502 -2.507276 -10.163595 4.678942 4.621107 -20.976013 -3e-06 4e-06 -21.226271 2.451698 -3.593996 -1e-06 -6e-06 -0.0 -1.362681 2.240798 -0.746323 -21.334904 0.584908 3.008325 -13.821206 -3e-06 2e-06 -23.887159 -0.249078 -0.83948 -60.317844 2.45332 -1.076944 -0.294025 1.679688 0.833256 -14.218204 0.093213 1.300581 -34.21204 -0.287563 0.967174 -20.033209 0.964536 1.212844 -1e-06 -1e-06 -1e-06 -3.440387 0.788232 0.501656 -15.928179 -3.167309 2.999707 -6.338823 -1e-06 1e-06 -18.123436 3.648182 -4.905667 -5e-06 0.0 -3e-06 15.593546 3.125788 15.655868 63.343483 13.589113 22.57917 0.128988 24.906548 -0.09733 -8.113185 -0.039059 -0.437562 2.243541 -5.255033 -3.180157 14.28288 -0.826593 6.952498 -3e-06 -12.690598 -1e-06 15.710472 -17.6465 2.867639 1.665665 -1.95592 -2.878296 4.727795 -4.170585 4.993918 11.020519 3e-06 -1e-06 12.109043 -3.735712 -2.866785 -1e-06 0.0 0.0 1.291986 -1.928548 -1.498088 14.800118 0.56747 3.865606 14.242562 -1.341734 -6.660656 19.631952 0.143929 -0.648245 49.790577 -0.654486 -6.042796 0.353029 -1.51115 -0.031938 20.222778 3.684309 2.316626 18.78726 7e-06 -1e-06 10.751619 -0.479866 1.397904 0.0 0.0 1e-06 3.273804 0.305947 -0.580111 21.486799 11.83037 2.266132 8.162921 1e-06 -2e-06 18.399071 -3.798982 -4.940573 3e-06 -1e-06 -1e-06 0.733879 8.324858 -0.889488 -0.030033 -0.249391 1.607381 -3.633678 1.794698 -2.764589 1.644224 -1.959728 -2.416792 0.0 -0.0 2e-06 -0.944437 -2.32899 0.339254 0.015472 0.018388 1.902464 2.908261 0.955775 -4.296432 -1.444279 0.970752 -2.000807 -0.0 -0.0 -1e-06 
0.0 0.0 0.0 0.0 -0.0 0.0 1.757517 100.824211 -1.449016 0.145816 -0.105375 1.839664 0.783683 0.160373 -0.67683 -0.236428 -0.054526 -5.104615 -1.484 -1.886803 9.909526 -1.096824 3.183494 0.72423 -0.043609 2.006156 -3.650399 2.158266 0.999108 -16.49749 7.7e-05 -2.3e-05 6e-06 0.025933 0.091256 0.088444 0.661851 -3.678349 -10.543895 -0.611261 3.872491 -10.571305 -23.650469 -0.320957 15.505327 -53.311337 -11.796542 10.66572 -0.08915 -25.326563 0.055158 8.867541 4.618534 -11.538123 -5.882101 9.861277 0.702589 -10.936862 -0.360576 7.1562 1e-06 8.774817 -2e-06 -15.708725 18.308817 6.406012 -1.844031 2.498502 -2.507276 -10.163592 4.67894 4.621106 -20.976006 -5e-06 3e-06 -21.226269 2.451694 -3.593994 -0.0 -6e-06 0.0 -1.362681 2.240796 -0.746323 -21.3349 0.584907 3.008321 -13.821203 -3e-06 4e-06 -23.887154 -0.249079 -0.839481 -60.285019 2.459888 -1.065735 -0.294024 1.679685 0.833255 -14.218197 0.093213 1.30058 -34.212021 -0.287566 0.967174 -20.033194 0.964535 1.212845 -1e-06 -0.0 -2e-06 -3.440386 0.788234 0.501655 -15.928176 -3.167308 2.999706 -6.338821 -2e-06 1e-06 -18.12343 3.64818 -4.905666 -6e-06 0.0 -3e-06 15.552008 3.167006 15.635994 63.451187 13.62597 22.65748 0.100848 24.92275 -0.112003 -8.184266 0.014729 -0.67183 2.243537 -5.255032 -3.180154 14.282874 -0.826593 6.952497 -2e-06 -12.690592 -2e-06 15.703757 -17.631081 2.86574 1.665664 -1.955919 -2.878296 4.727793 -4.170582 4.993918 11.020514 4e-06 -0.0 12.109038 -3.73571 -2.866781 -0.0 0.0 0.0 1.291984 -1.928547 -1.498088 14.800114 0.567469 3.865605 14.242559 -1.341734 -6.660651 19.631948 0.143928 -0.648243 49.758427 -0.66648 -6.065686 0.353028 -1.511149 -0.031941 20.222769 3.684309 2.316629 18.787252 7e-06 2e-06 10.751619 -0.479868 1.397908 0.0 -0.0 1e-06 3.273804 0.305947 -0.580108 21.486792 11.830363 2.266136 8.162918 1e-06 0.0 18.399059 -3.798982 -4.940569 4e-06 -0.0 -1e-06 0.682264 8.364536 -0.99222 -0.029489 -0.258614 1.622175 -3.676576 1.73451 -2.710835 1.642278 -1.947567 -2.450698 0.0 -0.0 2e-06 -0.987055 -2.370276 0.26024 0.018237 0.026292 1.888854 2.941317 0.96008 -4.279716 -1.443859 0.978714 -2.018685 -0.0 -0.0 -1e-06 
0.0 0.0 0.0 0.0 -0.0 0.0 1.795152 100.848831 -1.454243 0.179049 -0.06434 1.929699 0.781538 0.172832 -0.687368 -0.242073 -0.075322 -5.107907 -1.4836 -1.90393 9.924788 -1.111153 3.204919 0.680148 -0.030856 1.97756 -3.657841 2.125963 1.028697 -16.462658 7.7e-05 -2.3e-05 6e-06 0.026417 0.099235 0.084284 0.667103 -3.669081 -10.552472 -0.615366 3.879219 -10.577712 -23.656807 -0.366844 15.552351 -53.238873 -11.980123 10.774402 -0.094605 -25.252407 0.051629 8.918487 4.5671 -11.575297 -5.882102 9.861279 0.702589 -10.936866 -0.360576 7.156202 1e-06 8.774818 -2e-06 -15.673452 18.290537 6.407143 -1.844031 2.498502 -2.507277 -10.163595 4.67894 4.621106 -20.976013 -4e-06 3e-06 -21.226273 2.451694 -3.593996 -1e-06 -6e-06 0.0 -1.362681 2.240798 -0.746323 -21.334906 0.584908 3.008322 -13.821208 -3e-06 2e-06 -23.887157 -0.249079 -0.839481 -60.248028 2.465207 -1.069499 -0.294024 1.679685 0.833256 -14.218201 0.093215 1.300581 -34.212036 -0.287564 0.967172 -20.033205 0.964536 1.212843 -1e-06 -0.0 -1e-06 -3.440387 0.788232 0.501655 -15.928179 -3.167309 2.999707 -6.338822 -1e-06 2e-06 -18.123438 3.64818 -4.905667 -5e-06 0.0 -3e-06 15.527935 3.201494 15.630292 63.541904 13.667816 22.706301 0.090105 24.866732 -0.119356 -8.265118 0.046714 -0.863876 2.243541 -5.255034 -3.180156 14.282885 -0.826593 6.952498 -3e-06 -12.690599 -1e-06 15.697802 -17.601702 2.85605 1.665665 -1.955921 -2.878297 4.727797 -4.170584 4.99392 11.020522 4e-06 -2e-06 12.109048 -3.735713 -2.866783 -1e-06 -0.0 0.0 1.291984 -1.928547 -1.498088 14.800122 0.56747 3.865605 14.242564 -1.341735 -6.660656 19.631956 0.143927 -0.648244 49.732922 -0.670384 -6.072645 0.353029 -1.511149 -0.03194 20.222784 3.68431 2.316628 18.787268 5e-06 1e-06 10.751625 -0.479866 1.397904 1e-06 -0.0 1e-06 3.273804 0.305948 -0.58011 21.486809 11.830371 2.266132 8.162924 3e-06 -1e-06 18.399076 -3.798982 -4.940574 3e-06 -1e-06 -0.0 0.629235 8.404902 -1.106868 -0.026663 -0.26617 1.635329 -3.723605 1.649495 -2.649004 1.641245 -1.933785 -2.481511 0.0 -0.0 2e-06 -1.033365 -2.410489 0.175563 0.021932 0.03187 1.869799 2.955357 0.937333 -4.268669 -1.44385 0.978572 -2.064275 -0.0 -0.0 -1e-06 
0.0 0.0 0.0 0.0 -0.0 0.0 1.828633 100.867989 -1.458127 0.210661 -0.013241 2.018374 0.786958 0.182768 -0.700074 -0.250437 -0.081167 -5.107595 -1.481821 -1.932445 9.926777 -1.110481 3.240428 0.654793 -0.033948 1.924442 -3.658033 2.090957 1.073442 -16.409199 7.7e-05 -2.2e-05 6e-06 0.024734 0.093277 0.080596 0.671688 -3.676343 -10.56765 -0.623145 3.874248 -10.590544 -23.661287 -0.414128 15.586988 -53.193943 -12.147706 10.867078 -0.083311 -25.158846 0.042307 8.956969 4.553101 -11.58185 -5.882102 9.861279 0.70259 -10.936863 -0.360575 7.1562 0.0 8.77482 -1e-06 -15.633322 18.287966 6.41015 -1.844031 2.498504 -2.507275 -10.163593 4.678942 4.621106 -20.976013 -3e-06 4e-06 -21.226276 2.451697 -3.593997 1e-06 -6e-06 -0.0 -1.362681 2.240797 -0.746322 -21.3349 0.584909 3.008322 -13.821204 -1e-06 3e-06 -23.887154 -0.249078 -0.83948 -60.220459 2.473316 -1.080867 -0.294025 1.679686 0.833255 -14.218199 0.093215 1.300579 -34.212025 -0.287562 0.967171 -20.033201 0.964538 1.212844 -0.0 -0.0 -2e-06 -3.440387 0.788233 0.501655 -15.928176 -3.167308 2.999705 -6.338822 0.0 1e-06 -18.123436 3.648181 -4.905667 -5e-06 0.0 -3e-06 15.509918 3.24508 15.640259 63.619431 13.721178 22.733017 0.10592 24.753601 -0.108661 -8.390903 0.043898 -0.954821 2.243539 -5.255032 -3.180158 14.282885 -0.826593 6.9525 -4e-06 -12.690597 0.0 15.694998 -17.562725 2.838256 1.665666 -1.955921 -2.878298 4.727798 -4.170585 4.993921 11.020524 4e-06 -1e-06 12.109048 -3.735713 -2.86678 -0.0 -0.0 -1e-06 1.291985 -1.928548 -1.498089 14.800123 0.567468 3.865609 14.242567 -1.341734 -6.660657 19.63196 0.143928 -0.648243 49.708511 -0.670054 -6.07268 0.353028 -1.51115 -0.03194 20.222784 3.68431 2.316631 18.787266 6e-06 2e-06 10.751625 -0.479866 1.397906 0.0 -0.0 2e-06 3.273806 0.305947 -0.58011 21.486803 11.830368 2.266131 8.162922 2e-06 -1e-06 18.399073 -3.798982 -4.94057 3e-06 -0.0 -1e-06 0.581477 8.433145 -1.223616 -0.025368 -0.268114 1.653237 -3.762527 1.574049 -2.58799 1.640926 -1.930137 -2.518562 0.0 -0.0 2e-06 -1.070175 -2.416336 0.094952 0.025459 0.039031 1.854626 2.945324 0.864334 -4.285441 -1.443823 0.972449 -2.134963 -0.0 -0.0 -1e-06 
0.0 0.0 0.0 0.0 -0.0 0.0 1.858299 100.877968 -1.46193 0.246137 0.036878 2.093695 0.797014 0.185981 -0.707636 -0.261691 -0.072119 -5.103565 -1.483238 -1.965017 9.927937 -1.105647 3.273528 0.654556 -0.032532 1.878552 -3.654524 2.033621 1.123784 -16.367817 7.7e-05 -2.3e-05 6e-06 0.020798 0.074097 0.079272 0.674578 -3.698769 -10.586589 -0.633725 3.85783 -10.608333 -23.640697 -0.479741 15.611259 -53.166145 -12.300053 10.959984 -0.068176 -25.070404 0.03165 9.00921 4.571187 -11.625061 -5.882101 9.861279 0.70259 -10.936861 -0.360575 7.1562 -0.0 8.774819 -3e-06 -15.613191 18.307945 6.419708 -1.84403 2.498502 -2.507276 -10.16359 4.678943 4.621106 -20.976002 -2e-06 3e-06 -21.226263 2.451698 -3.593998 -0.0 -6e-06 -0.0 -1.36268 2.240797 -0.746322 -21.334892 0.58491 3.008322 -13.8212 -1e-06 1e-06 -23.887152 -0.249077 -0.839482 -60.211227 2.472415 -1.075022 -0.294024 1.679686 0.833255 -14.218195 0.093215 1.300581 -34.212013 -0.28756 0.967171 -20.033194 0.964538 1.212843 -1e-06 0.0 -1e-06 -3.440384 0.788233 0.501656 -15.928172 -3.167306 2.999707 -6.33882 0.0 1e-06 -18.123426 3.648183 -4.905666 -5e-06 1e-06 -2e-06 15.487671 3.295452 15.651227 63.674759 13.771998 22.788055 0.11767 24.654076 -0.094957 -8.5083 0.005116 -0.994844 2.24354 -5.255032 -3.180157 14.282879 -0.826596 6.952501 0.0 -12.690593 -1e-06 15.694468 -17.535994 2.826557 1.665665 -1.955922 -2.878298 4.727796 -4.170585 4.99392 11.020517 1e-06 0.0 12.109042 -3.735715 -2.866785 -0.0 -1e-06 1e-06 1.291984 -1.928547 -1.498087 14.800115 0.567466 3.865608 14.242558 -1.341738 -6.660653 19.631948 0.143923 -0.648247 49.697113 -0.654187 -6.062236 0.353029 -1.511149 -0.031939 20.222771 3.684304 2.316631 18.787256 0.0 2e-06 10.75162 -0.479869 1.397902 1e-06 1e-06 0.0 3.273803 0.305947 -0.58011 21.486795 11.830359 2.266135 8.162919 -1e-06 1e-06 18.399065 -3.798987 -4.940573 4e-06 -0.0 -1e-06 0.531026 8.422787 -1.332572 -0.025906 -0.262482 1.684913 -3.790031 1.527138 -2.535602 1.641358 -1.935697 -2.558427 0.0 -0.0 2e-06 -1.106722 -2.411314 0.021635 0.025864 0.051739 1.855826 2.922079 0.777028 -4.335564 -1.443077 0.958712 -2.191087 -0.0 -0.0 -1e-06 
0.0 0.0 0.0 0.0 -0.0 0.0 1.872458 100.877892 -1.450314 0.282134 0.089266 2.134373 0.81145 0.186694 -0.6976 -0.272652 -0.06331 -5.099171 -1.489918 -1.993073 9.945044 -1.102171 3.299924 0.668149 -0.022836 1.856591 -3.648234 1.962354 1.156548 -16.356426 7.7e-05 -2.2e-05 6e-06 0.018042 0.057067 0.08057 0.675715 -3.718456 -10.600733 -0.640131 3.843049 -10.622057 -23.585705 -0.560648 15.641048 -53.142864 -12.432297 11.025301 -0.065147 -25.060911 0.025622 9.071918 4.617025 -11.658139 -5.882098 9.861276 0.70259 -10.936856 -0.360574 7.156199 -1e-06 8.774816 -3e-06 -15.595962 18.332933 6.447739 -1.844029 2.498502 -2.507274 -10.163586 4.67894 4.621105 -20.97599 -1e-06 4e-06 -21.226254 2.451698 -3.593996 -1e-06 -6e-06 -0.0 -1.36268 2.240796 -0.746322 -21.334887 0.584911 3.008322 -13.821195 0.0 3e-06 -23.887135 -0.249073 -0.83948 -60.23555 2.477733 -1.043501 -0.294025 1.679685 0.833255 -14.218188 0.093216 1.300582 -34.212002 -0.287557 0.967173 -20.033184 0.964539 1.212841 -1e-06 -0.0 0.0 -3.440384 0.788233 0.501656 -15.928165 -3.167306 2.999707 -6.338816 1e-06 2e-06 -18.123417 3.648183 -4.905662 -5e-06 1e-06 -3e-06 15.43758 3.365718 15.652612 63.710651 13.795754 22.869791 0.106753 24.658243 -0.094366 -8.580078 -0.044923 -1.069194 2.243539 -5.255033 -3.180156 14.282881 -0.826597 6.952501 -1e-06 -12.690594 1e-06 15.688798 -17.541552 2.822463 1.665664 -1.955919 -2.878297 4.727796 -4.170584 4.993922 11.020517 1e-06 2e-06 12.109043 -3.735713 -2.866782 -0.0 0.0 0.0 1.291984 -1.928549 -1.498088 14.800118 0.567465 3.865608 14.242562 -1.341737 -6.660653 19.631952 0.143923 -0.648243 49.698837 -0.627041 -6.048819 0.353029 -1.51115 -0.031941 20.222776 3.684303 2.316634 18.787262 1e-06 0.0 10.751622 -0.479869 1.397903 0.0 -0.0 -0.0 3.273804 0.305947 -0.58011 21.486794 11.83036 2.266135 8.162919 -0.0 0.0 18.399071 -3.798985 -4.940572 4e-06 0.0 -1e-06 0.485512 8.356947 -1.418958 -0.0282 -0.250637 1.74683 -3.826915 1.50284 -2.527411 1.641708 -1.940977 -2.607143 0.0 -0.0 2e-06 -1.140073 -2.391991 -0.019936 0.020712 0.061756 1.868231 2.887409 0.690242 -4.410924 -1.441386 0.949645 -2.196004 -0.0 -0.0 -1e-06 
0.0 0.0 0.0 0.0 -0.0 0.0 1.880024 100.865112 -1.4166 0.314935 0.153134 2.125303 0.825728 0.184619 -0.661823 -0.284332 -0.058653 -5.09568 -1.500413 -2.017342 9.995717 -1.080978 3.309479 0.698353 -0.000465 1.862629 -3.639488 1.890974 1.157835 -16.384533 7.7e-05 -2.2e-05 6e-06 0.018719 0.05681 0.083668 0.67646 -3.718839 -10.604192 -0.639292 3.842959 -10.626269 -23.49542 -0.660696 15.726993 -53.10989 -12.592614 11.083942 -0.077769 -25.162941 0.024724 9.121569 4.702779 -11.634554 -5.882108 9.861284 0.702589 -10.936873 -0.360574 7.156205 0.0 8.774822 -3e-06 -15.600724 18.349903 6.475157 -1.844033 2.498505 -2.507278 -10.163601 4.678944 4.621109 -20.976027 -3e-06 1e-06 -21.226288 2.451697 -3.594001 -0.0 -6e-06 -1e-06 -1.362682 2.240799 -0.746324 -21.334919 0.58491 3.008322 -13.821217 -2e-06 1e-06 -23.887175 -0.249078 -0.839484 -60.289021 2.494511 -1.005473 -0.294025 1.679688 0.833256 -14.218212 0.093216 1.30058 -34.212063 -0.287563 0.967168 -20.033224 0.964536 1.212844 -0.0 0.0 0.0 -3.440391 0.788235 0.501655 -15.928192 -3.167308 2.999707 -6.338829 -1e-06 1e-06 -18.123453 3.648182 -4.905673 -5e-06 0.0 -3e-06 15.350457 3.452699 15.676097 63.706432 13.817057 22.911591 0.102784 24.802338 -0.100937 -8.641394 -0.049517 -1.15001 2.24354 -5.255033 -3.180155 14.282882 -0.826593 6.9525 -3e-06 -12.690596 -1e-06 15.681922 -17.576517 2.822599 1.665665 -1.95592 -2.878298 4.727797 -4.170584 4.993919 11.02052 4e-06 0.0 12.109046 -3.735713 -2.866782 -0.0 -0.0 1e-06 1.291985 -1.928548 -1.49809 14.800122 0.567469 3.865603 14.242564 -1.341734 -6.660655 19.631958 0.143927 -0.648245 49.708263 -0.614955 -6.042964 0.353028 -1.511149 -0.03194 20.222778 3.684309 2.316628 18.787266 5e-06 1e-06 10.751624 -0.479869 1.397904 2e-06 -0.0 -0.0 3.273805 0.305946 -0.580112 21.486801 11.830367 2.266129 8.162922 2e-06 -3e-06 18.399071 -3.79898 -4.940572 3e-06 1e-06 -1e-06 0.458476 8.24901 -1.478659 -0.036418 -0.234118 1.859048 -3.889647 1.475671 -2.602191 1.640376 -1.937298 -2.615609 -0.0 0.0 2e-06 -1.169201 -2.374432 -0.00191 0.009476 0.057715 1.882679 2.869116 0.623569 -4.540311 -1.438102 0.953834 -2.123823 -0.0 -0.0 -1e-06 
0.0 0.0 0.0 0.0 -0.0 0.0 1.895528 100.84938 -1.379909 0.338078 0.257781 2.069519 0.830849 0.177237 -0.612681 -0.286598 -0.075694 -5.09961 -1.510339 -2.029775 10.088617 -1.016119 3.302391 0.75202 0.015772 1.898748 -3.635653 1.841244 1.102476 -16.379766 7.7e-05 -2.3e-05 6e-06 0.020709 0.074583 0.087955 0.677159 -3.696916 -10.595372 -0.635958 3.857058 -10.619291 -23.413237 -0.769189 15.866395 -53.020565 -12.765536 11.164392 -0.091242 -25.413601 0.021657 9.108632 4.823704 -11.572203 -5.882104 9.861283 0.70259 -10.936868 -0.360574 7.156204 -0.0 8.774822 -2e-06 -15.611291 18.331579 6.486391 -1.844031 2.498505 -2.507277 -10.163597 4.678944 4.621108 -20.976017 -2e-06 3e-06 -21.226276 2.451698 -3.593997 -0.0 -6e-06 -1e-06 -1.362682 2.240797 -0.746323 -21.334906 0.58491 3.008324 -13.821208 -0.0 4e-06 -23.887159 -0.249076 -0.839482 -60.313305 2.51018 -0.987403 -0.294024 1.679687 0.833256 -14.218205 0.093215 1.300581 -34.212044 -0.287561 0.967172 -20.033211 0.964539 1.212845 -1e-06 -0.0 -1e-06 -3.440387 0.788232 0.501656 -15.928179 -3.167307 2.999707 -6.338823 -1e-06 2e-06 -18.123442 3.648184 -4.905666 -5e-06 0.0 -2e-06 15.267389 3.535593 15.737202 63.5896 13.861604 22.84746 0.143552 25.068314 -0.097455 -8.760456 -0.001802 -1.253431 2.243541 -5.255034 -3.180155 14.282882 -0.826593 6.952496 -2e-06 -12.690598 -2e-06 15.673034 -17.615347 2.834246 1.665665 -1.955921 -2.878297 4.727796 -4.170586 4.993918 11.02052 3e-06 0.0 12.109043 -3.735715 -2.866783 -1e-06 0.0 0.0 1.291985 -1.928549 -1.498087 14.80012 0.567469 3.865604 14.242565 -1.341736 -6.660653 19.631956 0.143926 -0.648246 49.729862 -0.631956 -6.049937 0.353029 -1.51115 -0.03194 20.22278 3.684309 2.316628 18.787262 5e-06 -0.0 10.751624 -0.479867 1.397904 0.0 -0.0 1e-06 3.273805 0.305947 -0.580109 21.486801 11.830368 2.266132 8.162921 2e-06 -1e-06 18.399071 -3.798982 -4.940572 3e-06 -0.0 -0.0 0.462259 8.160325 -1.515947 -0.051336 -0.225921 2.029475 -3.995251 1.387468 -2.73217 1.636861 -1.917934 -2.57746 0.0 -0.0 2e-06 -1.196103 -2.369167 0.09718 0.004104 0.039065 1.871572 2.893828 0.540559 -4.699252 -1.432407 0.979116 -2.020869 -0.0 -0.0 -1e-06 
0.0 0.0 0.0 0.0 -0.0 0.0 1.912348 100.859406 -1.357051 0.364802 0.35914 1.986472 0.809047 0.170132 -0.564022 -0.274191 -0.105411 -5.108942 -1.513448 -2.025575 10.189147 -0.928098 3.272557 0.856168 0.012918 1.945023 -3.643984 1.848982 1.059444 -16.249933 7.7e-05 -2.2e-05 6e-06 0.020596 0.095718 0.085855 0.67304 -3.6687 -10.586313 -0.6324 3.871398 -10.612043 -23.396318 -0.877073 16.04133 -52.853844 -12.877232 11.140858 -0.104744 -25.799183 0.01604 9.078466 4.900553 -11.775405 -5.882106 9.861286 0.702592 -10.936875 -0.360573 7.156208 1e-06 8.774825 0.0 -15.592261 18.274897 6.456395 -1.844033 2.498504 -2.507277 -10.163601 4.678945 4.62111 -20.976027 -2e-06 3e-06 -21.226292 2.451697 -3.594 -1e-06 -6e-06 -1e-06 -1.362682 2.240798 -0.746324 -21.334917 0.58491 3.008325 -13.821217 -1e-06 3e-06 -23.887175 -0.249076 -0.839482 -60.230042 2.530688 -1.028345 -0.294025 1.679687 0.833257 -14.218212 0.093215 1.300581 -34.212063 -0.287562 0.967172 -20.033215 0.964538 1.212843 -1e-06 -1e-06 -1e-06 -3.440389 0.788233 0.501656 -15.928189 -3.167309 2.999709 -6.338828 -1e-06 2e-06 -18.123453 3.648184 -4.90567 -5e-06 0.0 -2e-06 15.239529 3.61724 15.816437 63.30447 13.915812 22.739313 0.1934 25.370939 -0.094886 -8.973644 0.006522 -1.467628 2.243541 -5.255036 -3.180156 14.282885 -0.826593 6.9525 -2e-06 -12.690599 0.0 15.670882 -17.638968 2.859463 1.665665 -1.95592 -2.878299 4.727797 -4.170584 4.993922 11.02052 3e-06 0.0 12.109046 -3.735713 -2.866783 -0.0 0.0 1e-06 1.291985 -1.928548 -1.498088 14.800122 0.567469 3.865608 14.242563 -1.341736 -6.660653 19.631954 0.143925 -0.648241 49.795464 -0.666549 -6.065521 0.353028 -1.51115 -0.03194 20.222782 3.684308 2.316631 18.78726 3e-06 1e-06 10.751622 -0.47987 1.397906 0.0 1e-06 1e-06 3.273806 0.305947 -0.58011 21.486801 11.830369 2.266135 8.162922 1e-06 1e-06 18.399075 -3.798986 -4.940572 4e-06 1e-06 0.0 0.469092 8.158805 -1.504192 -0.061159 -0.240696 2.172381 -4.129588 1.261146 -2.84486 1.630937 -1.894246 -2.555579 -0.0 -0.0 2e-06 -1.238588 -2.348863 0.251167 0.012661 0.016281 1.826938 2.983371 0.393723 -4.859488 -1.426704 1.008275 -2.044001 -0.0 -0.0 -1e-06 
0.0 0.0 0.0 0.0 -0.0 0.0 1.909375 100.913094 -1.333903 0.432881 0.426267 1.888907 0.738061 0.157542 -0.512085 -0.265617 -0.121813 -5.088627 -1.509264 -2.039937 10.191009 -0.827614 3.244277 1.0223 0.001714 1.989676 -3.665143 1.901549 1.12767 -15.998218 7.7e-05 -2.3e-05 6e-06 0.019882 0.110181 0.076654 0.667266 -3.654018 -10.602398 -0.628839 3.885326 -10.630219 -23.352812 -1.019202 16.241222 -52.84737 -12.837573 10.703538 -0.076643 -26.189877 -0.003055 9.203268 4.89655 -12.479964 -5.882103 9.861277 0.702589 -10.936869 -0.360577 7.156204 3e-06 8.774818 -1e-06 -15.616761 18.23551 6.353261 -1.844031 2.498504 -2.507277 -10.163596 4.678939 4.621108 -20.976021 -7e-06 3e-06 -21.226282 2.451691 -3.593997 -1e-06 -6e-06 -0.0 -1.36268 2.240796 -0.746324 -21.334911 0.584905 3.008323 -13.82121 -4e-06 3e-06 -23.887165 -0.249082 -0.839478 -60.084499 2.53467 -1.118352 -0.294024 1.679685 0.833255 -14.218206 0.093213 1.30058 -34.212044 -0.287569 0.967173 -20.033209 0.964534 1.212848 -1e-06 -0.0 -2e-06 -3.440387 0.788233 0.501655 -15.928185 -3.167308 2.999707 -6.338825 -2e-06 1e-06 -18.123444 3.648176 -4.905667 -5e-06 1e-06 -2e-06 15.213858 3.74762 15.902262 63.009102 13.939378 22.609388 0.182125 25.580643 -0.115258 -9.316452 -0.142089 -1.588014 2.243539 -5.25503 -3.180156 14.282882 -0.82659 6.952497 -7e-06 -12.690591 -0.0 15.691099 -17.633068 2.857461 1.665665 -1.955919 -2.878298 4.727796 -4.170582 4.993917 11.020518 6e-06 -2e-06 12.109043 -3.735709 -2.866781 -1e-06 -0.0 0.0 1.291983 -1.928546 -1.498088 14.800118 0.567471 3.865603 14.24256 -1.341731 -6.660649 19.631952 0.143928 -0.648241 49.845638 -0.692196 -6.082651 0.353028 -1.511149 -0.031939 20.22278 3.684311 2.316627 18.787262 9e-06 2e-06 10.75162 -0.479865 1.397905 0.0 1e-06 1e-06 3.273804 0.305948 -0.58011 21.486801 11.830367 2.26613 8.162921 3e-06 1e-06 18.399067 -3.798975 -4.940567 3e-06 -1e-06 -1e-06 0.423236 8.204968 -1.416443 -0.062891 -0.268652 2.221944 -4.255481 1.248792 -2.907434 1.629391 -1.870948 -2.62537 -0.0 0.0 2e-06 -1.317579 -2.206045 0.39147 0.032788 0.004462 1.848737 3.133171 0.137965 -5.07337 -1.425009 1.014909 -2.264096 0.0 -0.0 -1e-06 
0.0 0.0 0.0 0.0 -0.0 0.0 1.909301 100.979805 -1.337388 0.533895 0.482316 1.80129 0.616767 0.124782 -0.417033 -0.279262 -0.13606 -5.020797 -1.471921 -2.137509 10.053215 -0.742244 3.28603 1.199443 -0.002203 1.994193 -3.702838 1.961714 1.371244 -15.760252 7.7e-05 -2.3e-05 6e-06 0.015301 0.089622 0.067126 0.660901 -3.685415 -10.638662 -0.632491 3.875928 -10.669404 -23.071156 -1.229201 16.471886 -53.216549 -12.738719 9.85863 -0.038817 -26.425522 -0.030444 9.627911 4.936714 -13.484683 -5.882104 9.86128 0.70259 -10.936872 -0.360576 7.156202 1e-06 8.774821 -2e-06 -15.713488 18.233574 6.228376 -1.844032 2.498503 -2.507277 -10.163599 4.678942 4.621106 -20.976023 -6e-06 1e-06 -21.226288 2.451692 -3.593999 1e-06 -6e-06 -0.0 -1.362681 2.240797 -0.746324 -21.334913 0.584908 3.008319 -13.821214 -5e-06 1e-06 -23.887169 -0.249083 -0.839482 -60.03442 2.51857 -1.200507 -0.294025 1.679687 0.833256 -14.218208 0.093214 1.300578 -34.212048 -0.28757 0.96717 -20.033211 0.964532 1.212843 -1e-06 -1e-06 -1e-06 -3.440389 0.788233 0.501655 -15.928189 -3.16731 2.999704 -6.338826 -2e-06 0.0 -18.123446 3.648179 -4.905671 -5e-06 0.0 -3e-06 15.025824 4.024721 15.958968 63.014603 13.865222 22.146641 0.098674 25.717438 -0.156416 -9.835502 -0.358405 -1.21669 2.243539 -5.255032 -3.180155 14.282878 -0.826593 6.952503 -4e-06 -12.690593 0.0 15.748965 -17.611372 2.811295 1.665664 -1.95592 -2.878298 4.727795 -4.170582 4.993923 11.020515 4e-06 -2e-06 12.109042 -3.73571 -2.866781 -0.0 0.0 1e-06 1.291983 -1.928548 -1.498087 14.800115 0.567469 3.865607 14.242558 -1.341733 -6.660651 19.631948 0.143927 -0.64824 49.829048 -0.679489 -6.110911 0.353029 -1.511149 -0.03194 20.222771 3.684309 2.316631 18.787254 5e-06 4e-06 10.75162 -0.479866 1.397907 -1e-06 1e-06 -0.0 3.273804 0.305948 -0.580111 21.486799 11.830364 2.266135 8.162919 3e-06 1e-06 18.399067 -3.798982 -4.940569 2e-06 -1e-06 -0.0 0.321793 8.169397 -1.478653 -0.051603 -0.281764 2.539891 -4.323368 1.406456 -3.007908 1.640734 -1.870324 -2.89529 -0.0 0.0 2e-06 -1.396466 -1.824367 0.351907 0.055781 -0.002273 2.169766 3.21723 -0.278541 -5.363036 -1.430813 0.991577 -2.638141 0.0 0.0 -1e-06 
0.0 0.0 0.0 0.0 -0.0 0.0 1.906461 100.959106 -1.412877 0.629592 0.616353 1.6787 0.484761 0.109376 -0.225415 -0.298275 -0.181844 -4.920426 -1.392023 -2.272099 9.935145 -0.749519 3.327954 1.263107 0.023086 2.001222 -3.74347 1.903112 1.622503 -15.789832 7.7e-05 -2.2e-05 6e-06 0.010983 0.057638 0.070167 0.658407 -3.728473 -10.662807 -0.638943 3.855206 -10.703366 -22.37451 -1.586202 16.743473 -53.960518 -12.888976 9.043015 -0.057476 -26.403099 -0.070198 10.088153 5.086648 -14.334281 -5.88211 9.861288 0.70259 -10.936876 -0.360575 7.156208 1e-06 8.774828 -2e-06 -15.85267 18.269651 6.148991 -1.844033 2.498504 -2.507278 -10.163604 4.678946 4.621109 -20.976034 -5e-06 0.0 -21.226297 2.451696 -3.594 -0.0 -6e-06 -0.0 -1.362682 2.2408 -0.746324 -21.334925 0.584909 3.008322 -13.821218 -3e-06 1e-06 -23.887182 -0.249079 -0.839485 -60.182491 2.507511 -1.280641 -0.294026 1.679687 0.833256 -14.218215 0.093214 1.30058 -34.212067 -0.287568 0.967167 -20.033226 0.964534 1.212843 -1e-06 0.0 -1e-06 -3.44039 0.788234 0.501655 -15.928192 -3.167311 2.999707 -6.338829 -1e-06 -0.0 -18.123457 3.648182 -4.905673 -3e-06 -0.0 -2e-06 14.442691 4.458147 15.967775 63.550465 13.826994 21.116405 0.06227 25.794483 -0.182442 -10.48092 -0.5642 -1.028196 2.243541 -5.255034 -3.180154 14.282889 -0.826592 6.952498 -4e-06 -12.690601 1e-06 15.752696 -17.579735 2.764301 1.665667 -1.955921 -2.878298 4.727797 -4.170587 4.993919 11.020524 5e-06 0.0 12.109049 -3.735713 -2.866781 -0.0 -0.0 1e-06 1.291984 -1.928548 -1.498087 14.800125 0.56747 3.865606 14.242568 -1.341734 -6.660653 19.631966 0.143927 -0.648241 49.731709 -0.614393 -6.091169 0.353029 -1.511149 -0.03194 20.22279 3.684313 2.31663 18.78727 8e-06 1e-06 10.751625 -0.479866 1.397907 -1e-06 -0.0 0.0 3.273806 0.305947 -0.580112 21.486814 11.830373 2.266132 8.162924 4e-06 -2e-06 18.399078 -3.798981 -4.940575 2e-06 -1e-06 -1e-06 0.198576 7.929358 -2.110431 -0.010303 -0.258791 3.971477 -4.358066 1.517045 -3.47697 1.654982 -1.889463 -3.332722 -0.0 -0.0 2e-06 -1.445145 -1.379797 -0.260323 0.062505 -0.024119 3.591568 3.146382 -0.707002 -6.015069 -1.438807 0.957454 -2.997532 0.0 -0.0 -1e-06 
0.0 0.0 0.0 0.0 -0.0 0.0 1.884858 100.644043 -1.69463 0.612986 0.770652 1.230723 0.482772 0.126372 0.333206 -0.289356 -0.221371 -4.745212 -1.332566 -2.398328 9.979096 -0.83999 3.327166 1.0638 0.066741 2.047485 -3.732634 1.710574 1.751046 -16.314842 7.7e-05 -2.3e-05 6e-06 0.011114 0.038323 0.079746 0.660973 -3.752594 -10.681068 -0.64153 3.84043 -10.726536 -21.113829 -2.06616 17.05448 -55.091362 -13.62107 8.587675 -0.043412 -26.311359 -0.159956 10.425041 5.417546 -14.769786 -5.882105 9.861284 0.702589 -10.936868 -0.360575 7.156201 0.0 8.774824 -2e-06 -15.926333 18.390955 6.172725 -1.844033 2.498502 -2.507277 -10.163595 4.678943 4.621104 -20.976017 -4e-06 -0.0 -21.226273 2.451696 -3.594001 1e-06 -6e-06 -0.0 -1.362682 2.240797 -0.746323 -21.334911 0.584909 3.008318 -13.82121 -3e-06 1e-06 -23.887165 -0.24908 -0.839484 -60.328903 2.541076 -1.303866 -0.294025 1.679688 0.833256 -14.218205 0.093215 1.300577 -34.212036 -0.287567 0.967165 -20.033209 0.964534 1.212842 -1e-06 0.0 -0.0 -3.440387 0.788233 0.501654 -15.928181 -3.167309 2.999702 -6.338824 -1e-06 -0.0 -18.123444 3.648183 -4.905673 -5e-06 -0.0 -2e-06 13.283464 5.151512 16.104353 64.728569 14.133746 19.681784 0.185313 25.808716 -0.199738 -11.009669 -0.787573 -1.588489 2.243543 -5.255038 -3.180155 14.282887 -0.826598 6.952496 -0.0 -12.690607 1e-06 15.74166 -17.515827 2.736561 1.665667 -1.955923 -2.878298 4.727798 -4.170589 4.993923 11.020526 1e-06 -3e-06 12.109052 -3.735719 -2.866786 -0.0 -0.0 0.0 1.291985 -1.928549 -1.498088 14.800127 0.567466 3.865605 14.242573 -1.341739 -6.660657 19.631968 0.143925 -0.64825 49.530563 -0.498154 -6.018633 0.353031 -1.511152 -0.031939 20.222786 3.684307 2.316626 18.78727 3e-06 -5e-06 10.751627 -0.479868 1.397903 0.0 -0.0 2e-06 3.273808 0.305946 -0.58011 21.486811 11.830374 2.266128 8.162925 0.0 -3e-06 18.399082 -3.798986 -4.940581 3e-06 -1e-06 -2e-06 0.240079 7.325267 -4.077623 0.04424 -0.177256 8.588989 -4.490708 1.575483 -5.36836 1.670377 -1.93738 -3.69121 0.0 -0.0 2e-06 -1.370071 -1.220688 -2.08075 0.00618 -0.032914 7.932365 3.10899 -0.808128 -7.882322 -1.441986 0.938315 -3.118029 -0.0 -0.0 -1e-06 
0.0 0.0 0.0 0.0 -0.0 0.0 1.886373 99.908028 -2.232975 0.368961 0.874734 0.256634 0.735175 0.148571 1.459732 -0.28632 -0.172105 -4.468408 -1.325778 -2.477524 10.277578 -0.918701 3.18839 0.682107 0.202794 2.143282 -3.625809 1.231795 1.597698 -17.57328 7.7e-05 -2.3e-05 5e-06 0.032334 0.081149 0.082793 0.690225 -3.713494 -10.665682 -0.627927 3.88571 -10.718484 -19.433296 -2.701681 17.457796 -56.297283 -15.04138 8.385136 -0.233568 -26.263603 -0.106709 10.704876 5.857657 -14.656942 -5.882098 9.861275 0.70259 -10.936857 -0.360575 7.156197 1e-06 8.774815 -3e-06 -15.91454 18.564898 6.20796 -1.84403 2.498502 -2.507275 -10.163586 4.678938 4.621105 -20.97599 -4e-06 3e-06 -21.226254 2.451694 -3.593995 1e-06 -6e-06 -0.0 -1.36268 2.240795 -0.746323 -21.334887 0.584906 3.00832 -13.821195 -3e-06 3e-06 -23.88714 -0.249078 -0.83948 -60.321358 2.551486 -1.289679 -0.294024 1.679686 0.833255 -14.21819 0.093213 1.30058 -34.212006 -0.287565 0.967173 -20.033192 0.964536 1.212845 -1e-06 1e-06 -1e-06 -3.440384 0.788232 0.501654 -15.928167 -3.167307 2.999705 -6.338818 -0.0 1e-06 -18.123423 3.648178 -4.905663 -5e-06 -0.0 -2e-06 11.886241 6.070191 16.523537 65.92495 15.06284 19.041786 0.320698 25.915569 -0.236696 -10.700988 -1.062688 -2.765404 2.24354 -5.255033 -3.180155 14.28288 -0.826592 6.952498 -4e-06 -12.690595 -0.0 15.739247 -17.447828 2.708935 1.665665 -1.95592 -2.878297 4.727794 -4.170581 4.993918 11.020518 5e-06 -0.0 12.109042 -3.735711 -2.866783 -0.0 0.0 -1e-06 1.291984 -1.928548 -1.498089 14.800118 0.567469 3.865607 14.242562 -1.341733 -6.660649 19.631954 0.143929 -0.648242 49.302593 -0.39118 -6.08359 0.353028 -1.511149 -0.031941 20.222775 3.684309 2.31663 18.787258 7e-06 1e-06 10.751619 -0.479867 1.397904 -1e-06 -1e-06 1e-06 3.273805 0.305947 -0.580109 21.486799 11.830368 2.26613 8.16292 4e-06 -1e-06 18.399067 -3.798981 -4.940569 2e-06 -0.0 -2e-06 0.731651 6.830754 -7.165502 0.073709 0.023331 16.280523 -4.913536 1.228479 -8.055183 1.71265 -1.993381 -3.904583 -0.0 -0.0 2e-06 -1.051813 -1.662035 -4.405038 -0.063386 0.08388 14.214164 2.954544 -0.147447 -10.548058 -1.435136 0.943383 -2.617167 -0.0 -0.0 -1e-06 
0.0 0.0 0.0 0.0 -0.0 0.0 1.79307 98.772789 -2.702036 -0.311047 1.034214 -1.097871 1.16333 0.141143 2.712789 -0.235339 -0.301552 -4.128696 -1.053 -2.315655 11.107267 -0.924603 3.056052 0.129578 0.222196 1.915036 -3.499364 0.753999 1.184316 -19.357504 7.7e-05 -2.3e-05 6e-06 0.039682 0.089675 0.096618 0.712826 -3.70254 -10.597054 -0.637382 3.89306 -10.655394 -18.621944 -3.255912 18.171255 -56.351292 -17.000477 8.070766 -0.552465 -26.75469 -0.004831 11.124029 6.726388 -12.405262 -5.882103 9.861281 0.702589 -10.936868 -0.360575 7.156201 1e-06 8.774822 -1e-06 -15.71082 18.611244 6.347807 -1.844032 2.498504 -2.507277 -10.163596 4.678942 4.621105 -20.976017 -4e-06 2e-06 -21.226276 2.451695 -3.593999 -0.0 -6e-06 -0.0 -1.362682 2.240797 -0.746323 -21.334909 0.584908 3.00832 -13.82121 -4e-06 1e-06 -23.887159 -0.24908 -0.839482 -60.27623 2.782973 -1.182075 -0.294025 1.679687 0.833256 -14.218204 0.093213 1.300577 -34.21204 -0.287567 0.967168 -20.033205 0.964534 1.212843 -0.0 -1e-06 0.0 -3.440388 0.788233 0.501654 -15.928183 -3.167309 2.999705 -6.338825 -2e-06 1e-06 -18.123444 3.64818 -4.905669 -4e-06 -0.0 -3e-06 11.049667 6.751401 16.899357 66.165291 16.242954 19.552858 0.510147 26.536705 -0.158172 -9.304868 -1.592005 -4.242243 2.24354 -5.255033 -3.180155 14.282884 -0.826593 6.952497 -3e-06 -12.690597 0.0 15.679974 -17.531111 2.696304 1.665666 -1.95592 -2.878298 4.727797 -4.170585 4.99392 11.020521 3e-06 -1e-06 12.109046 -3.735713 -2.866782 -0.0 -0.0 -1e-06 1.291984 -1.928546 -1.498088 14.800122 0.567468 3.865604 14.242566 -1.341735 -6.660653 19.631958 0.143928 -0.648244 49.431 -0.466023 -6.212495 0.353028 -1.51115 -0.031939 20.222784 3.684308 2.316628 18.787268 6e-06 -2e-06 10.751623 -0.479869 1.397906 0.0 -0.0 -1e-06 3.273806 0.305947 -0.580111 21.486809 11.830368 2.26613 8.162923 3e-06 -1e-06 18.399075 -3.798981 -4.940573 2e-06 -0.0 -2e-06 1.926327 6.9511 -10.778495 0.065884 0.059295 25.559002 -5.740375 -0.100503 -10.373541 1.729234 -2.013931 -4.015165 0.0 0.0 2e-06 -0.395924 -2.546731 -6.381295 -0.024543 0.16952 20.586447 2.688562 1.025559 -13.444319 -1.446617 0.95952 -1.998712 0.0 -0.0 -1e-06 
0.0 0.0 0.0 0.0 -0.0 0.0 1.746606 97.950676 -2.943635 -1.228893 0.688112 -2.048465 1.636733 0.186539 3.488959 -0.199974 -0.448334 -3.856984 -0.462527 -2.0298 12.022236 -1.211548 3.066982 -0.183618 0.353074 1.509738 -3.523958 0.538758 1.252483 -21.148001 7.7e-05 -2.3e-05 4e-06 0.01753 0.01745 0.11134 0.688849 -3.772995 -10.553963 -0.659227 3.819312 -10.627646 -19.45883 -3.005684 18.894384 -54.559849 -17.731436 9.004737 -0.392695 -29.306942 -0.012923 11.245111 7.253856 -7.145564 -5.882096 9.86127 0.702589 -10.936854 -0.360576 7.156196 1e-06 8.774813 0.0 -15.645127 18.506262 6.390513 -1.844029 2.498501 -2.507274 -10.163582 4.678936 4.621105 -20.975988 -3e-06 3e-06 -21.226254 2.451692 -3.593993 0.0 -6e-06 1e-06 -1.362679 2.240794 -0.746322 -21.334887 0.584908 3.008321 -13.821193 -2e-06 3e-06 -23.887136 -0.249077 -0.839481 -60.263142 2.896386 -1.045177 -0.294024 1.679685 0.833254 -14.218187 0.093215 1.30058 -34.212002 -0.287563 0.967172 -20.033182 0.964536 1.212844 0.0 -0.0 0.0 -3.440383 0.788231 0.501655 -15.928162 -3.167306 2.999705 -6.338816 -0.0 2e-06 -18.123423 3.648177 -4.905663 -4e-06 0.0 -2e-06 11.5479 6.598048 17.953131 64.733978 17.428431 20.217665 -0.025156 29.383228 -0.292346 -7.162951 -1.801184 -5.186225 2.243539 -5.25503 -3.180153 14.282869 -0.826593 6.952491 -3e-06 -12.690588 2e-06 15.542811 -17.824806 2.803415 1.665663 -1.955918 -2.878294 4.72779 -4.170583 4.993915 11.020509 3e-06 -2e-06 12.109034 -3.73571 -2.866781 -1e-06 0.0 0.0 1.291984 -1.928546 -1.498087 14.800105 0.567468 3.865601 14.24255 -1.341734 -6.660648 19.631937 0.143926 -0.648244 49.839176 -0.642072 -6.262985 0.353029 -1.511149 -0.03194 20.222761 3.684305 2.316622 18.787245 6e-06 0.0 10.751611 -0.479867 1.397904 -1e-06 -0.0 2e-06 3.273802 0.305947 -0.58011 21.486778 11.830359 2.266126 8.162913 2e-06 -2e-06 18.399054 -3.798978 -4.940568 3e-06 1e-06 1e-06 3.354365 8.175597 -13.966604 0.069646 -0.026153 33.407299 -6.232553 -1.913485 -11.224247 1.728868 -2.029256 -4.342692 -0.0 0.0 2e-06 0.483846 -2.582309 -7.280325 0.028048 0.157793 24.13117 2.884523 1.783851 -15.20437 -1.46048 0.979278 -1.596706 -0.0 -0.0 -1e-06 
0.0 0.0 0.0 0.0 -0.0 0.0 1.851292 98.119049 -2.801911 -1.654493 -0.038267 -2.080727 1.718651 0.214977 3.513417 -0.212286 -0.41723 -3.815775 -0.078082 -1.961382 12.469143 -1.492294 3.055577 -0.447094 0.403009 1.695281 -3.482995 0.735426 1.436573 -21.325865 7.7e-05 -2.2e-05 5e-06 0.029249 0.082995 0.129306 0.659421 -3.693101 -10.488561 -0.60693 3.870394 -10.563661 -20.795944 -2.097146 19.127462 -52.138992 -14.951572 10.252027 -0.259313 -36.302582 -0.114357 10.871997 6.263271 -0.879312 -5.882105 9.861283 0.702591 -10.936868 -0.360575 7.156203 0.0 8.774823 -1e-06 -15.722841 18.286682 6.306566 -1.844032 2.498503 -2.507275 -10.163597 4.678945 4.621107 -20.976017 -3e-06 1e-06 -21.226282 2.451695 -3.593999 1e-06 -6e-06 -0.0 -1.362681 2.240798 -0.746322 -21.334906 0.584909 3.008321 -13.821209 -4e-06 3e-06 -23.887165 -0.249079 -0.839482 -60.012993 2.661453 -0.812995 -0.294025 1.679683 0.833255 -14.218206 0.093215 1.300581 -34.212044 -0.287562 0.967171 -20.033209 0.964536 1.212844 0.0 2e-06 1e-06 -3.440388 0.788234 0.501654 -15.928181 -3.167308 2.999706 -6.338823 0.0 0.0 -18.12344 3.648182 -4.905672 -5e-06 -1e-06 -2e-06 13.746124 5.881963 18.931173 62.614914 16.121695 17.236351 -1.144945 36.537018 -0.740494 -7.552145 -0.015148 -7.324923 2.243542 -5.255037 -3.180156 14.282881 -0.826595 6.952497 1e-06 -12.690601 -0.0 15.519448 -18.05554 2.943243 1.665666 -1.955921 -2.878297 4.727796 -4.170588 4.993921 11.020519 2e-06 -4e-06 12.109043 -3.735717 -2.866785 -1e-06 -0.0 0.0 1.291985 -1.92855 -1.498088 14.800117 0.567467 3.865602 14.242564 -1.341738 -6.660659 19.631952 0.143926 -0.648249 50.273197 -0.802205 -6.297231 0.353029 -1.511151 -0.03194 20.222778 3.684307 2.316625 18.787258 4e-06 -5e-06 10.751624 -0.479868 1.397903 2e-06 1e-06 0.0 3.273805 0.305946 -0.580111 21.486801 11.83037 2.266129 8.162922 2e-06 -1e-06 18.399071 -3.798983 -4.940577 3e-06 1e-06 -1e-06 4.050057 9.852047 -15.268744 0.010772 -0.161855 36.030575 -6.357465 -2.857195 -10.18238 1.741886 -2.006265 -5.341153 0.0 -0.0 2e-06 0.918944 -1.34101 -6.667783 0.076621 0.172859 23.053587 3.361258 1.136526 -15.189557 -1.460594 0.987477 -1.494103 -0.0 -0.0 -1e-06 
0.0 0.0 0.0 0.0 -0.0 0.0 2.043419 98.831451 -2.570592 -0.963729 -0.200403 -1.524402 1.062678 0.172228 3.393205 -0.392914 -0.45065 -3.822013 -0.190463 -2.157252 11.963483 -1.245059 3.108405 -0.194091 0.417647 2.106018 -3.586381 0.855781 1.680001 -21.300104 7.7e-05 -2.3e-05 4e-06 0.01831 0.070444 0.106529 0.617106 -3.707211 -10.526073 -0.58719 3.858632 -10.595964 -19.678473 -1.355804 19.227207 -51.943573 -9.91469 13.178162 0.360398 -46.380444 -0.468211 9.097137 2.950923 5.869297 -5.882096 9.861275 0.702592 -10.936857 -0.360577 7.156199 2e-06 8.774817 0.0 -16.074211 18.160444 6.092203 -1.844031 2.4985 -2.507273 -10.163586 4.678939 4.621106 -20.975996 -6e-06 2e-06 -21.226255 2.451692 -3.593996 3e-06 -6e-06 -0.0 -1.36268 2.240796 -0.746322 -21.334888 0.584906 3.00832 -13.821198 -4e-06 3e-06 -23.887142 -0.249081 -0.839481 -59.855789 2.420361 -0.736994 -0.294025 1.679685 0.833256 -14.21819 0.093212 1.300578 -34.212006 -0.287567 0.967175 -20.033188 0.964531 1.212844 -0.0 -0.0 1e-06 -3.440385 0.788232 0.501655 -15.928167 -3.167309 2.999705 -6.338818 -2e-06 0.0 -18.123423 3.648178 -4.905663 -3e-06 1e-06 -0.0 14.835919 4.85423 19.07196 63.045681 12.271435 12.470437 -2.037876 49.15609 -1.575157 -8.896153 1.470364 -8.799817 2.243541 -5.255035 -3.180157 14.282893 -0.826594 6.952503 -3e-06 -12.6906 1e-06 15.511631 -17.937305 3.011897 1.665666 -1.955922 -2.878298 4.727798 -4.170586 4.993923 11.020524 5e-06 -2e-06 12.10905 -3.735714 -2.866784 0.0 -1e-06 -1e-06 1.291985 -1.928548 -1.498088 14.800125 0.567469 3.865607 14.242569 -1.341736 -6.660655 19.631962 0.143925 -0.648242 50.140297 -0.888433 -6.155559 0.353029 -1.511149 -0.03194 20.222792 3.684307 2.31663 18.78727 4e-06 2e-06 10.751626 -0.479869 1.397906 2e-06 2e-06 0.0 3.273806 0.305948 -0.58011 21.486813 11.830373 2.266132 8.162927 -1e-06 -1e-06 18.399076 -3.798984 -4.940573 4e-06 0.0 0.0 3.234705 10.452539 -15.399195 -0.049603 -0.298905 35.157104 -6.231579 -3.631005 -7.770061 1.777425 -2.009003 -6.800455 0.0 -0.0 2e-06 0.28211 1.119937 -5.327501 0.048376 0.138565 19.556036 4.378543 -0.752614 -14.304884 -1.463833 0.949403 -2.162558 -0.0 0.0 -1e-06 
0.0 0.0 0.0 0.0 -0.0 0.0 2.349127 99.601784 -2.233082 -0.263122 -0.112295 -0.698909 0.580465 0.07932 3.227298 -0.534463 -0.490604 -3.911098 -0.456133 -2.365672 11.140336 -1.069882 3.393793 0.000466 0.294618 2.242084 -3.660899 1.189361 2.04449 -21.454491 7.7e-05 -2.3e-05 6e-06 -0.011187 0.000668 0.082186 0.59814 -3.779189 -10.636631 -0.627615 3.791618 -10.683723 -16.746399 -0.841694 19.438187 -52.805443 -5.454046 17.177078 0.616362 -55.891785 -0.5858 4.972767 -1.467368 12.212555 -5.882104 9.861284 0.702591 -10.936872 -0.360577 7.156209 0.0 8.774823 -2e-06 -16.332088 17.854973 5.706 -1.844033 2.498504 -2.507278 -10.1636 4.678945 4.62111 -20.976023 -1e-06 5e-06 -21.226286 2.451698 -3.594 1e-06 -5e-06 -2e-06 -1.362681 2.240795 -0.746323 -21.334917 0.584909 3.008327 -13.821215 -1e-06 4e-06 -23.887171 -0.249076 -0.839478 -59.819393 2.412547 -0.866205 -0.294026 1.679687 0.833256 -14.218208 0.093215 1.300583 -34.212051 -0.287563 0.967175 -20.033215 0.964537 1.212845 -1e-06 1e-06 1e-06 -3.440389 0.788233 0.501657 -15.928187 -3.16731 2.999708 -6.338828 -0.0 3e-06 -18.123449 3.648182 -4.905667 -3e-06 1e-06 -2e-06 13.593168 3.745149 19.051662 65.885994 8.738782 9.652249 -2.135488 64.386238 -2.406339 -8.732099 1.948389 -5.673478 2.243539 -5.255034 -3.180156 14.282883 -0.826592 6.952499 -4e-06 -12.690595 -0.0 15.659835 -17.402887 2.787334 1.665665 -1.955921 -2.878297 4.727796 -4.170586 4.993921 11.020519 6e-06 0.0 12.109045 -3.735714 -2.866782 1e-06 0.0 -1e-06 1.291984 -1.928546 -1.498088 14.800122 0.567471 3.865608 14.242561 -1.341734 -6.660653 19.631958 0.143929 -0.648241 49.350609 -0.964046 -5.911605 0.353028 -1.511148 -0.03194 20.222778 3.684309 2.31663 18.787262 8e-06 2e-06 10.751621 -0.479868 1.397904 1e-06 1e-06 -2e-06 3.273805 0.305948 -0.58011 21.486801 11.830369 2.266131 8.162921 4e-06 -1e-06 18.399069 -3.798983 -4.940571 2e-06 0.0 -1e-06 2.241647 10.228089 -14.527531 -0.05127 -0.323105 32.019009 -6.446757 -4.186457 -6.135742 1.794982 -1.99805 -7.498382 -0.0 0.0 2e-06 -0.402306 4.181392 -3.79284 -0.039454 0.048812 15.207036 5.299012 -2.978824 -13.031034 -1.455281 0.944104 -3.304903 -0.0 -0.0 -1e-06 
0.0 0.0 0.0 0.0 -0.0 0.0 2.617065 99.877296 -1.671599 0.172088 0.433736 -0.089747 0.267268 0.002962 3.147254 -0.59134 -0.605985 -3.931994 -0.655401 -2.614245 10.508823 -1.240117 3.496449 -0.39159 0.305965 2.378943 -3.650827 1.433676 2.520702 -21.601549 7.7e-05 -2.3e-05 5e-06 0.012288 0.038008 0.073252 0.635783 -3.741043 -10.726774 -0.616905 3.828551 -10.775333 -12.574898 -1.320107 19.38117 -54.163486 -2.925638 21.281195 -0.941993 -61.780087 0.720026 -0.988331 -8.128855 18.665304 -5.882098 9.861275 0.702592 -10.936858 -0.360575 7.156199 2e-06 8.774815 0.0 -16.284546 17.712767 5.381876 -1.844029 2.498501 -2.507276 -10.163587 4.678939 4.621105 -20.976 -3e-06 6e-06 -21.226259 2.451697 -3.593992 1e-06 -6e-06 -1e-06 -1.362678 2.240795 -0.746322 -21.334887 0.584909 3.008326 -13.821197 -3e-06 5e-06 -23.887138 -0.249077 -0.839474 -59.758385 2.469496 -0.955137 -0.294027 1.679687 0.833255 -14.218193 0.093214 1.300582 -34.212013 -0.287563 0.967178 -20.033192 0.96454 1.212845 -0.0 3e-06 -1e-06 -3.440386 0.788232 0.501657 -15.928167 -3.167307 2.999708 -6.338818 -1e-06 2e-06 -18.123425 3.648182 -4.905661 -4e-06 0.0 -2e-06 11.533978 3.046692 19.294964 68.933701 6.972529 9.243812 -4.557631 79.982407 -5.178404 -5.163347 -0.145276 4.185958 2.24354 -5.255033 -3.180155 14.282883 -0.826596 6.952497 -1e-06 -12.690596 3e-06 15.581893 -17.071503 2.618114 1.665665 -1.95592 -2.878297 4.727797 -4.170584 4.993919 11.02052 1e-06 -1e-06 12.109046 -3.735713 -2.866781 2e-06 -2e-06 -0.0 1.291985 -1.928547 -1.498088 14.800122 0.567465 3.865606 14.242564 -1.341736 -6.660653 19.631958 0.143924 -0.648244 49.029972 -1.067978 -5.952137 0.35303 -1.511151 -0.03194 20.222784 3.684308 2.31663 18.787264 5e-06 0.0 10.751622 -0.479867 1.397905 1e-06 1e-06 0.0 3.273806 0.305947 -0.58011 21.486801 11.830367 2.26613 8.162921 2e-06 -1e-06 18.399075 -3.798982 -4.940572 3e-06 1e-06 -2e-06 1.380612 8.685691 -12.774063 0.00355 -0.276921 27.834572 -5.905954 -3.186496 -6.796453 1.784042 -2.053508 -7.239696 -0.0 -0.0 2e-06 -0.87242 6.728875 -3.14439 -0.171971 0.034826 13.326494 5.443642 -4.6434 -12.999765 -1.463903 0.843756 -4.490289 0.0 0.0 -1e-06 
0.0 0.0 0.0 0.0 -0.0 0.0 2.785339 99.471733 -1.367692 -0.088541 1.226101 0.273532 0.228097 0.088146 3.083345 -0.521375 -0.829755 -4.007415 -0.579518 -2.866817 10.422743 -1.065906 3.456522 -1.046667 0.235372 2.52537 -3.527429 1.548226 2.427124 -21.893877 7.7e-05 -2.3e-05 7e-06 0.042293 0.122136 0.078313 0.675223 -3.655245 -10.690845 -0.596896 3.9147 -10.763239 -9.48202 -2.75281 18.46315 -54.648392 -3.416195 23.571228 -3.708792 -63.240578 3.1223 -4.828104 -14.683242 20.28224 -5.882102 9.861281 0.702592 -10.936865 -0.360577 7.156202 2e-06 8.774822 -1e-06 -16.21422 17.767836 5.257972 -1.844032 2.498503 -2.507277 -10.163592 4.678941 4.621107 -20.976013 -6e-06 1e-06 -21.226276 2.451694 -3.593997 1e-06 -5e-06 -0.0 -1.362681 2.240798 -0.746323 -21.334906 0.584907 3.008321 -13.821209 -4e-06 2e-06 -23.887159 -0.249082 -0.83948 -59.850994 2.688494 -1.10744 -0.294023 1.679686 0.833256 -14.218199 0.093213 1.300579 -34.212032 -0.287569 0.967171 -20.033201 0.964533 1.212844 -1e-06 1e-06 -1e-06 -3.440387 0.788231 0.501655 -15.928177 -3.167311 2.999704 -6.338822 0.0 1e-06 -18.123438 3.648178 -4.905668 -3e-06 -1e-06 -0.0 9.968346 3.521053 19.137508 71.621902 7.938261 8.47363 -82.95755 89.876457 -84.418076 -2.01003 -1.93285 9.939621 2.24354 -5.255033 -3.180155 14.282878 -0.826595 6.952497 -2e-06 -12.690595 3e-06 15.723325 -17.743122 2.750187 1.665666 -1.955919 -2.878296 4.727795 -4.170584 4.993922 11.020515 3e-06 -1e-06 12.109041 -3.735712 -2.86678 -1e-06 1e-06 -1e-06 1.291985 -1.928547 -1.498087 14.800115 0.56747 3.865604 14.24256 -1.341734 -6.660653 19.631952 0.143927 -0.648244 49.650311 -1.234896 -6.399618 0.353029 -1.511149 -0.031939 20.222775 3.684307 2.316628 18.787256 6e-06 1e-06 10.751619 -0.479868 1.397905 0.0 1e-06 0.0 3.273803 0.305947 -0.580111 21.486799 11.830368 2.266131 8.162921 2e-06 1e-06 18.399067 -3.798983 -4.94057 3e-06 -1e-06 -0.0 1.261626 6.331029 -12.088568 0.029903 -0.199283 26.168947 -4.850262 -1.902096 -9.764103 1.715972 -2.155547 -5.270995 -0.0 0.0 2e-06 -0.718618 8.199308 -4.529273 -0.111689 -0.040712 15.492744 4.30023 -5.327226 -13.716765 -1.455582 0.813864 -3.66687 -0.0 -0.0 -1e-06 
0.0 0.0 0.0 0.0 -0.0 0.0 2.707684 98.489555 -1.436209 0.495061 2.327477 0.100035 -0.542926 -0.093426 3.493874 -0.575718 -1.032148 -3.956208 -1.120474 -2.931179 10.690075 0.001449 3.013584 -1.154261 0.382255 2.603919 -3.459627 1.648741 2.399651 -23.008924 7.7e-05 -2.3e-05 7e-06 0.082385 0.16857 0.074312 0.753405 -3.608558 -10.591113 -0.594297 3.957295 -10.673912 -8.493909 -4.399523 18.233538 -53.096233 -8.557043 22.585518 -3.212193 -58.61837 2.790264 -2.657633 -14.660647 14.869887 -5.882107 9.861283 0.702589 -10.936872 -0.360574 7.156205 0.0 8.774822 -1e-06 -15.973485 18.025505 5.532964 -1.844034 2.498503 -2.507277 -10.1636 4.678944 4.621108 -20.976021 -2e-06 0.0 -21.226282 2.451696 -3.593999 -0.0 -6e-06 1e-06 -1.36268 2.240795 -0.746325 -21.334913 0.584909 3.008322 -13.821213 -3e-06 2e-06 -23.887173 -0.249078 -0.839483 -59.393951 2.663052 -1.246375 -0.294026 1.679687 0.833255 -14.218208 0.093214 1.300581 -34.212048 -0.287563 0.967171 -20.033211 0.964537 1.212842 -1e-06 2e-06 -1e-06 -3.44039 0.788231 0.501654 -15.928185 -3.167308 2.999706 -6.338825 -2e-06 1e-06 -18.123444 3.648182 -4.90567 -3e-06 -0.0 -0.0 8.569442 4.418945 18.125744 75.449539 12.803099 7.203787 0.525161 86.819489 -1.400981 -6.291588 0.20235 9.512609 2.243539 -5.255031 -3.180155 14.28288 -0.826592 6.952496 -2e-06 -12.690593 -0.0 15.246927 -17.896025 3.166776 1.665664 -1.955919 -2.878297 4.727795 -4.170583 4.993919 11.020517 3e-06 1e-06 12.109042 -3.735713 -2.866781 -1e-06 -0.0 -2e-06 1.291985 -1.928548 -1.498088 14.800115 0.567469 3.865604 14.242558 -1.341737 -6.660651 19.631948 0.143927 -0.648243 49.438053 -1.045531 -6.480731 0.353029 -1.511149 -0.031941 20.222775 3.684306 2.31663 18.78726 5e-06 1e-06 10.751621 -0.479868 1.397905 0.0 0.0 0.0 3.273804 0.305946 -0.580111 21.486795 11.830363 2.266132 8.162921 2e-06 -1e-06 18.399063 -3.798982 -4.940571 3e-06 0.0 -0.0 0.582004 3.881774 -13.426269 0.054655 -0.069599 28.794086 -4.913 -2.019606 -11.507968 1.757711 -2.223067 -4.521721 0.0 -0.0 2e-06 -1.279607 9.272831 -7.776747 -0.133093 0.060764 22.584715 4.263264 -5.876379 -16.395395 -1.466808 0.925446 -2.824722 0.0 0.0 -1e-06 
0.0 0.0 0.0 0.0 -0.0 0.0 2.622856 97.5466 -1.703589 1.592294 3.751443 -0.650073 -1.543819 -0.261111 3.807435 -0.728536 -1.210785 -3.809754 -2.23803 -2.835284 11.440012 1.531325 2.527346 -0.387591 0.267347 2.083564 -3.541514 2.145354 1.548027 -22.786226 7.7e-05 -2.2e-05 7e-06 0.113637 0.247106 0.037025 0.751501 -3.496404 -10.439617 -0.531866 4.000124 -10.540292 -9.626564 -6.566584 18.442776 -49.001801 -16.946075 19.612282 -1.910414 -47.477921 1.788035 3.145513 -8.876708 6.242168 -5.882105 9.861284 0.702589 -10.936868 -0.360577 7.156204 2e-06 8.774824 -1e-06 -15.904128 18.368464 5.829784 -1.844032 2.498503 -2.507277 -10.163596 4.678943 4.621105 -20.976021 -3e-06 1e-06 -21.226286 2.451694 -3.594 0.0 -6e-06 -1e-06 -1.362683 2.240798 -0.746321 -21.334909 0.584907 3.008319 -13.821213 -2e-06 2e-06 -23.887167 -0.24908 -0.839484 -59.275524 2.646389 -1.470651 -0.294024 1.679687 0.833254 -14.218208 0.093214 1.300579 -34.212048 -0.287567 0.96717 -20.033211 0.964534 1.212843 1e-06 2e-06 1e-06 -3.440387 0.788233 0.501655 -15.928183 -3.167311 2.999704 -6.338825 1e-06 -1e-06 -18.123444 3.648182 -4.90567 -3e-06 2e-06 -2e-06 7.267858 5.632751 17.498135 78.5047 20.755627 6.67625 -1.133289 69.815323 -2.167367 -15.621917 2.655154 6.535501 2.243541 -5.255036 -3.180157 14.282891 -0.826595 6.952503 -3e-06 -12.690603 2e-06 14.624532 -17.968513 3.412345 1.665666 -1.955923 -2.878298 4.727798 -4.170587 4.993924 11.020526 2e-06 -1e-06 12.109053 -3.735717 -2.866784 -1e-06 1e-06 -2e-06 1.291986 -1.928548 -1.49809 14.800127 0.567467 3.865606 14.242573 -1.341735 -6.660658 19.631962 0.143928 -0.648246 49.213181 -0.713519 -6.527031 0.353029 -1.511149 -0.03194 20.222794 3.684311 2.31663 18.78727 5e-06 -2e-06 10.751625 -0.47987 1.397905 -1e-06 0.0 0.0 3.273807 0.305947 -0.58011 21.486811 11.830373 2.266131 8.16293 2e-06 0.0 18.39908 -3.798985 -4.940574 4e-06 1e-06 0.0 -0.500525 2.225035 -13.937047 0.001941 -0.09803 30.80875 -4.863911 -2.670182 -12.542555 1.725712 -2.061984 -3.102958 0.0 -0.0 2e-06 -2.479086 9.045965 -10.329715 -0.120087 0.190625 29.673464 4.909307 -4.967466 -18.056572 -1.473732 1.049922 -2.467277 0.0 0.0 -1e-06 
0.0 0.0 0.0 0.0 -0.0 0.0 2.608408 97.014328 -1.816604 2.892738 4.117524 -1.411983 -2.587342 -0.454123 3.763012 -0.960319 -0.941402 -3.648281 -3.364735 -2.660017 12.423313 2.506445 2.147018 0.459859 -0.033151 1.790378 -3.668015 3.28284 0.432463 -21.885809 7.7e-05 -2.3e-05 6e-06 0.092385 0.19558 0.03419 0.662583 -3.532386 -10.435604 -0.486215 3.931925 -10.541615 -12.157523 -8.338454 18.390636 -43.914951 -24.095728 13.133629 -1.314889 -35.422989 0.906487 8.379475 -5.85478 -2.504301 -5.882094 9.861269 0.70259 -10.936852 -0.360577 7.156198 2e-06 8.774813 -1e-06 -15.715631 18.526417 6.246257 -1.844027 2.4985 -2.507276 -10.163584 4.678936 4.621103 -20.975988 -6e-06 4e-06 -21.22625 2.451689 -3.593993 -0.0 -5e-06 2e-06 -1.362679 2.240794 -0.746321 -21.334879 0.584903 3.008322 -13.821191 -5e-06 4e-06 -23.887133 -0.249083 -0.839477 -59.631691 2.78613 -1.472039 -0.294022 1.679685 0.833254 -14.218185 0.093212 1.300579 -34.211994 -0.287567 0.967173 -20.03318 0.964535 1.212846 1e-06 -0.0 1e-06 -3.440382 0.788232 0.501655 -15.928159 -3.167307 2.999704 -6.338813 -1e-06 3e-06 -18.123413 3.648176 -4.905661 -4e-06 1e-06 -1e-06 7.221743 6.712033 17.493502 77.154831 29.243168 9.292723 -0.453923 47.807858 -0.369676 -22.358917 2.858265 1.154037 2.243537 -5.255031 -3.180155 14.282874 -0.82659 6.952498 -5e-06 -12.690585 -0.0 14.8613 -18.225466 3.407864 1.665664 -1.955917 -2.878298 4.727792 -4.170581 4.993921 11.020512 4e-06 -1e-06 12.109035 -3.735708 -2.866782 0.0 -2e-06 -0.0 1.291983 -1.928547 -1.498088 14.800112 0.567467 3.865606 14.242555 -1.341732 -6.660652 19.631945 0.143926 -0.648243 50.00428 -0.593686 -6.365899 0.353029 -1.511149 -0.03194 20.222769 3.684309 2.316631 18.787251 8e-06 1e-06 10.751617 -0.479867 1.397904 -1e-06 -0.0 -1e-06 3.273802 0.305947 -0.58011 21.48679 11.83036 2.266131 8.162918 4e-06 2e-06 18.399059 -3.79898 -4.940566 3e-06 1e-06 -1e-06 -1.876276 1.633789 -12.988758 0.001688 -0.093888 30.652557 -4.718063 -3.049524 -13.07317 1.65886 -1.903725 -2.057459 -0.0 0.0 2e-06 -4.253314 7.590171 -12.28069 -0.018118 0.121374 35.400166 5.765456 -2.08778 -18.501205 -1.470861 1.030589 -2.651149 0.0 -0.0 -1e-06 
0.0 0.0 0.0 0.0 -0.0 0.0 2.500898 97.076454 -1.834361 3.376449 3.230367 -2.025353 -3.021099 -0.304009 3.900455 -1.168291 -0.448655 -3.539448 -3.91915 -2.397692 13.232578 2.908803 1.993494 0.598055 -0.260843 1.946318 -3.78203 4.388278 -0.578323 -21.522364 7.7e-05 -2.3e-05 6e-06 0.084228 0.177587 0.047977 0.65142 -3.551763 -10.543544 -0.489572 3.917761 -10.618 -14.874197 -8.789242 18.231163 -40.181469 -27.766678 0.538969 -0.626248 -30.079197 0.410732 14.165134 -5.156724 -15.64239 -5.882098 9.861276 0.70259 -10.936861 -0.360575 7.156199 1e-06 8.774818 -2e-06 -15.154853 17.95941 6.712812 -1.844028 2.498504 -2.507274 -10.163589 4.678939 4.621105 -20.975998 -1e-06 5e-06 -21.226259 2.451698 -3.593994 -1e-06 -8e-06 0.0 -1.36268 2.240796 -0.746323 -21.33489 0.584907 3.008325 -13.821198 -0.0 4e-06 -23.887142 -0.249076 -0.839476 -59.725224 2.78871 -1.47482 -0.294024 1.679684 0.833255 -14.218195 0.093216 1.300581 -34.212013 -0.287561 0.967174 -20.033192 0.964537 1.212845 0.0 1e-06 0.0 -3.440386 0.788233 0.501655 -15.92817 -3.167307 2.999708 -6.33882 0.0 2e-06 -18.123423 3.648181 -4.905662 -3e-06 -0.0 -2e-06 8.278675 7.869384 17.800653 72.217003 34.207882 11.944327 0.903399 33.37315 0.489282 -25.310081 0.284531 -1.093108 2.243541 -5.255033 -3.180157 14.28288 -0.826591 6.952497 -4e-06 -12.690593 -0.0 14.673519 -18.056053 3.261454 1.665665 -1.955921 -2.878296 4.727796 -4.170585 4.993919 11.020519 4e-06 -1e-06 12.109043 -3.735713 -2.866781 0.0 -1e-06 -2e-06 1.291984 -1.928546 -1.498086 14.800115 0.567468 3.865605 14.24256 -1.341733 -6.660653 19.631952 0.143925 -0.648243 49.54427 -0.644721 -6.115539 0.353028 -1.511149 -0.03194 20.222773 3.684306 2.316629 18.787254 3e-06 1e-06 10.751618 -0.479867 1.397904 -0.0 1e-06 -1e-06 3.273804 0.305947 -0.58011 21.486799 11.830364 2.266132 8.162921 0.0 -1e-06 18.399067 -3.798982 -4.940569 3e-06 -1e-06 -0.0 -2.329816 2.138525 -11.905965 -0.021034 -0.113475 30.074333 -5.035278 -3.09756 -13.193639 1.634586 -1.785005 -1.762315 -0.0 -0.0 2e-06 -5.428259 5.288153 -14.420627 0.133298 0.288626 40.06776 6.428528 1.738664 -16.369709 -1.489478 1.107213 -4.189207 -0.0 -0.0 -1e-06 
0.0 0.0 0.0 0.0 -0.0 0.0 2.262038 97.610039 -1.518389 2.681262 2.614553 -2.246934 -2.844376 -0.061677 4.184187 -1.260864 -0.400095 -3.495283 -3.72271 -2.264801 12.986884 3.39698 1.94638 1.209669 -0.480028 2.015358 -3.702976 5.18738 -0.916061 -21.986698 7.7e-05 -2.2e-05 6e-06 0.077749 0.211469 0.086462 0.676248 -3.531816 -10.58246 -0.526582 3.967905 -10.652072 -14.497665 -8.480666 18.42804 -42.995514 -27.051788 -10.409122 0.01129 -33.53614 0.16705 18.838634 -6.495511 -31.617857 -5.882101 9.861277 0.702591 -10.936861 -0.360575 7.156201 0.0 8.774816 -1e-06 -15.477105 16.862591 6.582605 -1.844029 2.498504 -2.507275 -10.163592 4.67894 4.621107 -20.976006 -1e-06 4e-06 -21.226269 2.451695 -3.593994 0.0 -6e-06 1e-06 -1.362679 2.240796 -0.746322 -21.334892 0.584911 3.008324 -13.821199 0.0 4e-06 -23.887144 -0.249077 -0.83948 -59.468258 2.537656 -1.221724 -0.294024 1.679683 0.833255 -14.218196 0.093214 1.300582 -34.212013 -0.287561 0.967174 -20.033194 0.964539 1.212843 -1e-06 0.0 0.0 -3.440385 0.788233 0.501655 -15.928172 -3.167305 2.999707 -6.338821 -1e-06 2e-06 -18.123426 3.64818 -4.905665 -5e-06 1e-06 -2e-06 8.206273 8.409825 17.80858 68.088005 32.249062 12.290135 1.643032 32.860046 0.625344 -27.994171 -1.592466 -0.822178 2.243539 -5.255032 -3.180155 14.28288 -0.826593 6.952498 -2e-06 -12.690593 -1e-06 14.632094 -17.552164 3.232338 1.665662 -1.95592 -2.878294 4.727796 -4.170584 4.99392 11.020515 3e-06 0.0 12.10904 -3.735713 -2.86678 0.0 -0.0 0.0 1.291982 -1.928548 -1.498087 14.800115 0.567469 3.865607 14.24256 -1.341738 -6.66065 19.631952 0.143925 -0.648242 48.963379 -0.562169 -5.958132 0.353027 -1.511149 -0.031939 20.222775 3.684307 2.316631 18.787262 4e-06 3e-06 10.751619 -0.479869 1.397907 -0.0 0.0 -1e-06 3.273803 0.30595 -0.58011 21.486799 11.830367 2.266136 8.162921 -1e-06 -0.0 18.399071 -3.798982 -4.940569 3e-06 -0.0 -0.0 -1.216935 3.307747 -10.538508 -0.083858 -0.266667 28.267706 -5.58959 -4.112754 -12.563559 1.636256 -1.716453 -2.080106 -0.0 0.0 2e-06 -5.093104 2.910892 -15.273524 0.225777 0.395077 40.44812 5.90311 2.609124 -14.8045 -1.501378 1.152087 -4.72141 -0.0 -0.0 -1e-06 
0.0 0.0 0.0 0.0 -0.0 0.0 1.686825 98.709091 -0.679336 1.760984 2.664375 -1.698923 -2.638914 0.130492 4.039058 -1.216217 -0.630107 -3.61783 -3.334098 -2.579024 11.838674 4.123876 1.900005 2.449358 -0.423214 2.209607 -3.667472 5.388683 -0.955119 -22.042507 7.7e-05 -2.2e-05 6e-06 0.079026 0.258756 0.128148 0.718683 -3.523842 -10.673137 -0.565414 4.051819 -10.733367 -13.106506 -7.454235 18.388897 -48.128433 -20.710468 -11.912613 0.018295 -40.392715 0.089831 16.301491 -8.093969 -37.04567 -5.882102 9.861276 0.70259 -10.936865 -0.360575 7.156203 1e-06 8.774817 -1e-06 -16.362803 16.79216 6.134695 -1.844032 2.498502 -2.507277 -10.163593 4.678941 4.621108 -20.976009 -2e-06 4e-06 -21.226271 2.451695 -3.593995 0.0 -4e-06 -1e-06 -1.362681 2.240797 -0.746323 -21.3349 0.584907 3.008325 -13.821203 -1e-06 3e-06 -23.887152 -0.249076 -0.839479 -59.542946 2.215867 -1.034066 -0.294024 1.679685 0.833255 -14.218198 0.093215 1.300581 -34.212021 -0.287561 0.967175 -20.033199 0.964538 1.212845 -3e-06 1e-06 -2e-06 -3.440386 0.788231 0.501655 -15.928176 -3.167308 2.999708 -6.338821 0.0 3e-06 -18.123436 3.648182 -4.905665 -4e-06 -1e-06 -1e-06 8.108615 7.461631 17.844719 65.164513 25.688831 14.090933 1.201928 40.942566 0.406346 -26.693501 -2.079853 1.726295 2.243541 -5.255035 -3.180157 14.282887 -0.826592 6.952497 -5e-06 -12.690598 1e-06 14.729528 -17.532871 3.222092 1.665665 -1.95592 -2.878299 4.727795 -4.170583 4.993922 11.020521 5e-06 -2e-06 12.109047 -3.735712 -2.866782 -1e-06 -0.0 -2e-06 1.291984 -1.928548 -1.498089 14.800125 0.567471 3.865604 14.242568 -1.341733 -6.660653 19.63196 0.143928 -0.648244 48.848743 -0.419534 -5.934194 0.353027 -1.51115 -0.031941 20.222786 3.684308 2.316629 18.78727 8e-06 1e-06 10.751625 -0.479867 1.397907 -1e-06 -0.0 -1e-06 3.273804 0.305948 -0.580111 21.486809 11.830371 2.266134 8.162922 3e-06 -1e-06 18.399075 -3.79898 -4.940571 3e-06 0.0 -1e-06 0.387281 4.704973 -8.520117 -0.087163 -0.33349 23.87734 -6.11224 -6.110105 -10.210945 1.671683 -1.765839 -3.044941 -0.0 0.0 2e-06 -4.501308 0.68532 -14.856601 0.230432 0.452211 36.143227 5.451 1.672957 -13.270065 -1.492505 1.205567 -5.0974 0.0 -0.0 -1e-06 
0.0 0.0 0.0 0.0 -0.0 0.0 0.987376 99.986183 0.491848 0.926262 3.101998 -0.542717 -2.393359 0.019981 3.196333 -1.120471 -0.904323 -3.895233 -2.850961 -3.070356 10.427226 4.849685 1.64764 3.773569 -0.167351 2.144084 -3.662422 5.397725 -0.59427 -20.839096 7.7e-05 -2.3e-05 6e-06 0.069675 0.278014 0.134272 0.749939 -3.528526 -10.755169 -0.616173 4.093911 -10.799382 -12.668784 -5.574085 18.200272 -51.591805 -10.912954 -8.589952 -0.270742 -45.093803 0.374717 9.506884 -6.402553 -36.370636 -5.8821 9.861279 0.702592 -10.936861 -0.360574 7.1562 1e-06 8.774819 -0.0 -16.882881 17.324913 5.937438 -1.84403 2.498504 -2.507275 -10.16359 4.67894 4.621107 -20.976006 -3e-06 5e-06 -21.226271 2.451698 -3.593994 -2e-06 -3e-06 -2e-06 -1.36268 2.240796 -0.746323 -21.334896 0.584907 3.008324 -13.821199 -1e-06 4e-06 -23.887152 -0.249076 -0.839478 -60.158482 2.210884 -1.041466 -0.294023 1.679686 0.833256 -14.218195 0.093215 1.300581 -34.212013 -0.287563 0.967175 -20.033197 0.96454 1.212845 -0.0 1e-06 -3e-06 -3.440384 0.788233 0.501656 -15.928172 -3.167308 2.999707 -6.338821 -3e-06 2e-06 -18.123426 3.648181 -4.905661 -4e-06 -0.0 -2e-06 8.945434 5.297023 17.965899 62.22702 16.99474 17.40966 -0.565571 51.964222 -0.476531 -19.745461 -1.949474 5.272119 2.24354 -5.255033 -3.180154 14.282875 -0.826595 6.952498 -2e-06 -12.690595 -1e-06 15.422921 -17.954779 2.933897 1.665664 -1.955921 -2.878296 4.727793 -4.170584 4.993921 11.020515 1e-06 -1e-06 12.10904 -3.735714 -2.866779 -1e-06 0.0 -1e-06 1.291982 -1.928547 -1.498087 14.80011 0.567467 3.865604 14.242555 -1.341735 -6.660651 19.631945 0.143922 -0.648243 49.453629 -0.363372 -6.003132 0.35303 -1.511149 -0.031939 20.222769 3.684304 2.316627 18.787251 0.0 0.0 10.751616 -0.47987 1.397903 -1e-06 0.0 1e-06 3.273804 0.305947 -0.580111 21.486784 11.830362 2.26613 8.162916 -1e-06 1e-06 18.399057 -3.798985 -4.940569 3e-06 -2e-06 -1e-06 1.803426 5.668429 -6.20383 -0.004223 -0.373409 17.780977 -6.666671 -7.314486 -6.947716 1.691139 -1.799336 -4.423327 -0.0 0.0 2e-06 -4.298105 -1.56095 -13.8124 0.218233 0.477355 29.448341 6.013662 0.655562 -10.304612 -1.493245 1.218213 -5.745297 -0.0 -0.0 -1e-06 
0.0 0.0 0.0 0.0 -0.0 0.0 0.260159 100.985565 1.812259 -0.054791 3.401373 0.539011 -1.800722 -0.250965 2.021347 -0.95492 -1.106092 -4.216 -2.240866 -3.297597 9.253645 5.397811 1.090535 5.218217 -0.157905 1.596878 -3.613163 5.628579 -0.476853 -18.98348 7.7e-05 -2.2e-05 6e-06 0.057471 0.263824 0.122662 0.741928 -3.54048 -10.701564 -0.633452 4.079286 -10.731569 -14.086371 -2.556043 17.894302 -51.653954 0.156828 -4.94327 -0.156662 -47.789673 1.085206 0.805519 -0.868102 -30.167805 -5.882104 9.861281 0.702589 -10.936866 -0.360573 7.156202 0.0 8.774821 -1e-06 -16.795296 18.037319 5.738951 -1.844032 2.498505 -2.507276 -10.163595 4.678943 4.621106 -20.976013 -2e-06 1e-06 -21.226273 2.451697 -3.593999 -1e-06 -6e-06 0.0 -1.36268 2.240798 -0.746324 -21.334904 0.584911 3.008322 -13.821208 -2e-06 2e-06 -23.887161 -0.249078 -0.839483 -60.629997 2.394704 -1.27471 -0.294024 1.679688 0.833255 -14.218203 0.093216 1.30058 -34.212032 -0.287562 0.967169 -20.033205 0.964537 1.212844 0.0 -0.0 1e-06 -3.440387 0.788231 0.501655 -15.928179 -3.167307 2.999706 -6.338822 -1e-06 1e-06 -18.123438 3.648181 -4.905667 -4e-06 -1e-06 -2e-06 10.993966 2.178137 17.990152 58.799404 6.972579 18.480164 -2.508507 63.591309 -1.581415 -9.23939 -2.605963 6.75001 2.243539 -5.255033 -3.180155 14.282875 -0.826594 6.952495 -2e-06 -12.690595 -1e-06 15.9349 -17.888811 2.596723 1.665664 -1.955919 -2.878294 4.727794 -4.170584 4.993921 11.020515 1e-06 -2e-06 12.10904 -3.735713 -2.866784 0.0 0.0 0.0 1.291985 -1.928547 -1.498088 14.800114 0.567468 3.865603 14.242556 -1.341738 -6.660654 19.631947 0.143926 -0.648246 49.784115 -0.390244 -5.945943 0.353029 -1.511151 -0.03194 20.222771 3.684305 2.316627 18.787256 3e-06 -1e-06 10.751618 -0.479869 1.397905 0.0 1e-06 -1e-06 3.273804 0.305947 -0.58011 21.48679 11.830366 2.266129 8.162921 1e-06 -3e-06 18.399065 -3.798984 -4.940573 1e-06 -2e-06 -2e-06 3.038741 5.664431 -4.622378 0.156887 -0.248261 13.649691 -6.337308 -6.238574 -4.919565 1.675963 -1.824321 -5.723499 0.0 0.0 2e-06 -3.955051 -4.124448 -13.329977 0.21784 0.490177 25.171568 7.276632 0.369442 -6.801977 -1.500478 1.120825 -6.662239 0.0 0.0 -1e-06 
0.0 0.0 0.0 0.0 -0.0 0.0 -0.392922 101.263977 3.001895 -1.34111 3.315988 0.531631 -0.942383 -0.300832 1.161291 -0.782347 -1.186767 -4.491536 -1.537305 -3.525724 8.830978 6.100817 0.094362 7.589247 -0.263074 1.28545 -3.706329 5.844095 -0.680682 -18.390234 7.7e-05 -2.3e-05 6e-06 0.027323 0.184835 0.121289 0.691643 -3.60368 -10.583852 -0.643918 3.982533 -10.611565 -14.695516 1.415094 17.901432 -51.212303 11.446911 -4.78509 0.639818 -52.826504 1.740711 -3.985752 4.265211 -25.970535 -5.882109 9.861288 0.702588 -10.936873 -0.360576 7.156202 0.0 8.774826 -1e-06 -16.499849 18.344347 5.77935 -1.844033 2.498505 -2.507277 -10.163601 4.678946 4.621106 -20.976028 -5e-06 -2e-06 -21.226292 2.451694 -3.594004 -1e-06 -6e-06 -1e-06 -1.362681 2.240799 -0.746322 -21.334917 0.584909 3.008319 -13.821218 -2e-06 -1e-06 -23.887175 -0.249082 -0.839486 -60.921841 2.461407 -1.011233 -0.294025 1.679687 0.833256 -14.218213 0.093216 1.300577 -34.212063 -0.287569 0.967165 -20.033218 0.964533 1.21284 -1e-06 0.0 -0.0 -3.440389 0.788234 0.501655 -15.928189 -3.167311 2.999703 -6.338827 -0.0 -0.0 -18.123453 3.64818 -4.905675 -4e-06 -0.0 -1e-06 12.584491 -1.690812 18.19416 56.905453 -3.224346 14.85873 -2.061841 74.533066 -0.565991 -1.039235 -4.741898 4.194245 2.243543 -5.255039 -3.180158 14.282894 -0.826596 6.952499 -3e-06 -12.69061 -1e-06 15.41689 -17.731165 2.800821 1.665668 -1.955923 -2.878298 4.7278 -4.170588 4.993923 11.02053 2e-06 -3e-06 12.109058 -3.735719 -2.866786 1e-06 -0.0 1e-06 1.291987 -1.928551 -1.498091 14.800132 0.567467 3.865605 14.242579 -1.341739 -6.66066 19.631973 0.143926 -0.648246 49.871452 -0.35814 -5.608423 0.35303 -1.511154 -0.03194 20.222797 3.684311 2.316626 18.787281 7e-06 -2e-06 10.751631 -0.479868 1.397906 1e-06 1e-06 1e-06 3.273808 0.305949 -0.580112 21.486818 11.830381 2.266131 8.16293 2e-06 -2e-06 18.399088 -3.798985 -4.94058 1e-06 -0.0 -0.0 4.319465 6.195032 -4.379643 0.190931 -0.174511 16.009878 -4.951757 -4.081087 -7.144594 1.652651 -1.996036 -6.133839 0.0 0.0 2e-06 -2.978371 -6.089055 -13.29054 0.181576 0.54008 25.610878 9.073429 2.385035 -4.954489 -1.490431 0.871709 -7.50545 0.0 0.0 -1e-06 
0.0 0.0 0.0 0.0 -0.0 0.0 -1.165051 100.302971 3.953044 -1.927908 2.827065 -1.152188 -0.606771 -0.138879 1.14322 -0.806058 -1.450421 -4.62183 -1.135439 -3.371899 9.082169 6.983105 -1.011631 11.629654 -0.262428 1.27908 -3.863925 6.234681 -0.784167 -18.947933 7.6e-05 -2.2e-05 6e-06 0.002576 0.070211 0.134037 0.666942 -3.692533 -10.532827 -0.668379 3.840205 -10.551818 -12.243687 5.589462 19.023811 -52.060505 21.690855 -9.17807 1.160308 -63.218742 1.842604 -2.408031 6.342183 -27.46582 -5.882107 9.861291 0.702592 -10.936875 -0.360575 7.156206 0.0 8.774828 0.0 -16.790812 18.840853 5.978681 -1.844033 2.498505 -2.507277 -10.163603 4.678948 4.621109 -20.97603 -4e-06 2e-06 -21.226292 2.451698 -3.594001 -0.0 -5e-06 0.0 -1.362682 2.240798 -0.746323 -21.334919 0.584911 3.008324 -13.821218 0.0 1e-06 -23.887178 -0.249079 -0.839484 -61.974098 2.230873 -1.042681 -0.294025 1.679687 0.833256 -14.218211 0.093215 1.30058 -34.212051 -0.287566 0.967171 -20.033215 0.964537 1.212843 1e-06 1e-06 1e-06 -3.44039 0.788233 0.501655 -15.928189 -3.167312 2.999707 -6.338828 -2e-06 1e-06 -18.123453 3.648184 -4.905671 -2e-06 1e-06 -2e-06 11.560776 -5.782739 18.996092 59.334324 -11.701096 6.205597 0.886935 82.776558 2.974331 0.169057 -6.347644 -2.292523 2.243543 -5.255039 -3.18016 14.2829 -0.826597 6.952505 -1e-06 -12.690614 0.0 14.9044 -17.347929 3.259706 1.665669 -1.955921 -2.878302 4.727801 -4.170591 4.993926 11.020535 2e-06 -2e-06 12.109059 -3.735719 -2.866788 -0.0 1e-06 -1e-06 1.291986 -1.92855 -1.49809 14.800139 0.567468 3.865605 14.242584 -1.341738 -6.660666 19.631985 0.143927 -0.648249 50.386887 -0.480755 -5.376891 0.35303 -1.511154 -0.03194 20.222803 3.684313 2.316629 18.787287 5e-06 -4e-06 10.751636 -0.479868 1.397904 2e-06 -1e-06 1e-06 3.273809 0.305949 -0.580111 21.486828 11.830384 2.266132 8.162932 3e-06 -2e-06 18.399097 -3.798988 -4.940583 4e-06 -0.0 2e-06 4.716317 7.549382 -4.768411 0.053033 -0.299757 26.057899 -4.919445 -5.029342 -10.643112 1.719921 -2.068366 -6.634195 0.0 -0.0 2e-06 -2.223337 -6.664095 -12.186633 0.147222 0.698304 28.563591 9.052658 3.735807 -5.817894 -1.463808 0.800776 -7.953684 0.0 0.0 -1e-06 
0.0 0.0 0.0 0.0 -0.0 0.0 -1.955323 98.29377 4.579978 -1.731169 1.996086 -4.008442 -0.761758 -0.235121 1.777431 -0.853522 -1.561947 -4.525567 -1.155239 -2.769879 9.708495 7.546353 -2.131944 16.619434 -0.248852 1.705066 -3.870121 6.935169 -1.011869 -19.61628 7.8e-05 -2.3e-05 6e-06 0.012313 0.055928 0.139629 0.649238 -3.685161 -10.526164 -0.630229 3.807355 -10.523562 -8.369268 9.180464 20.309912 -52.610519 30.871138 -15.468656 0.209858 -77.779518 2.022847 3.729449 6.906276 -31.47681 -5.882102 9.861281 0.702592 -10.936865 -0.360573 7.156201 0.0 8.77482 -2e-06 -16.373631 19.283182 6.75752 -1.844033 2.498504 -2.507276 -10.163594 4.678943 4.621107 -20.976013 -3e-06 3e-06 -21.226276 2.451696 -3.593998 -0.0 -6e-06 1e-06 -1.36268 2.240797 -0.746322 -21.334904 0.58491 3.00832 -13.821208 -3e-06 1e-06 -23.887159 -0.249078 -0.839484 -62.571705 2.242534 -0.910315 -0.294023 1.679686 0.833256 -14.218199 0.093216 1.30058 -34.21204 -0.287563 0.967169 -20.033209 0.964535 1.212844 0.0 1e-06 0.0 -3.440387 0.788233 0.501657 -15.928179 -3.167309 2.999705 -6.338825 2e-06 2e-06 -18.123444 3.648182 -4.905668 -4e-06 -0.0 -2e-06 8.566021 -9.33247 19.955439 64.745895 -19.079512 -6.632737 141.406769 89.245155 143.78389 -1.440235 -5.954986 -13.444606 2.24354 -5.255033 -3.180157 14.282882 -0.826591 6.952502 -3e-06 -12.690597 1e-06 15.477607 -17.086975 2.899904 1.665665 -1.95592 -2.878299 4.727797 -4.170583 4.993922 11.020519 3e-06 -0.0 12.109042 -3.735714 -2.866781 -0.0 1e-06 0.0 1.291984 -1.928547 -1.498089 14.800118 0.567469 3.865608 14.242562 -1.341736 -6.660654 19.631956 0.143926 -0.648243 50.237427 -0.69598 -5.677605 0.353028 -1.511149 -0.031939 20.222778 3.684311 2.316631 18.78726 7e-06 2e-06 10.751622 -0.47987 1.397908 -1e-06 1e-06 -0.0 3.273805 0.305947 -0.58011 21.486803 11.830369 2.266134 8.162922 3e-06 1e-06 18.399075 -3.798982 -4.940571 3e-06 0.0 -0.0 3.829491 7.903565 -4.945187 -0.038326 -0.499494 39.429073 -3.981895 -8.75721 -12.021668 1.802054 -1.938256 -10.395987 0.0 -0.0 2e-06 -1.800323 -4.654848 -10.754551 0.186954 0.719009 33.666279 6.636525 2.561859 -11.334702 -1.486082 0.797567 -6.411152 0.0 -0.0 -1e-06 
0.0 0.0 0.0 0.0 -0.0 0.0 -2.590976 95.369377 5.002276 -1.397498 0.450339 -6.934701 -0.752454 -0.289517 2.511501 -0.860309 -1.081581 -4.466804 -1.371171 -2.503066 10.634501 7.355094 -2.521238 21.554533 -0.124098 1.43555 -3.983288 7.654637 -0.846183 -20.08799 7.7e-05 -2.3e-05 6e-06 0.022437 -0.112698 0.083957 0.588567 -3.84171 -10.537231 -0.545886 3.62522 -10.541409 -5.126975 11.785607 21.376715 -51.781063 37.956818 -24.090908 -148.707611 -88.156334 148.939407 10.082466 7.803853 -32.573284 -5.882102 9.861278 0.702587 -10.936865 -0.360576 7.156196 -1e-06 8.774816 -3e-06 -15.863101 18.938198 6.523172 -1.844029 2.498502 -2.507276 -10.163594 4.67894 4.621103 -20.976009 -1e-06 0.0 -21.226273 2.451699 -3.593999 0.0 -7e-06 -1e-06 -1.362684 2.240796 -0.746323 -21.3349 0.58491 3.008317 -13.821202 1e-06 -1e-06 -23.887152 -0.249078 -0.839485 -61.059578 2.195101 -1.315777 -0.294024 1.679684 0.833256 -14.218198 0.093216 1.300578 -34.212021 -0.28756 0.967165 -20.033199 0.964537 1.21284 -0.0 -0.0 -0.0 -3.440388 0.788233 0.501654 -15.928176 -3.167306 2.999703 -6.338821 1e-06 2e-06 -18.123438 3.648182 -4.905669 -4e-06 -0.0 -2e-06 5.806486 -11.282386 20.542582 68.185905 -25.436947 -21.451399 173.665115 81.207619 175.206268 -3.359152 -4.067636 -22.6553 2.243537 -5.25503 -3.180153 14.282873 -0.826593 6.952493 -2e-06 -12.690591 1e-06 16.711594 -17.447248 2.167183 1.665664 -1.95592 -2.878294 4.727792 -4.170582 4.993918 11.020514 2e-06 -2e-06 12.109038 -3.735713 -2.86678 0.0 -2e-06 0.0 1.291985 -1.928545 -1.498088 14.800108 0.567466 3.865604 14.242555 -1.341735 -6.660648 19.631941 0.143926 -0.648244 50.295261 -0.445996 -6.256711 0.353029 -1.511148 -0.03194 20.222771 3.684304 2.316627 18.787252 4e-06 -0.0 10.751616 -0.479868 1.397905 -1e-06 -0.0 -0.0 3.273804 0.305947 -0.580108 21.486786 11.830359 2.266128 8.162917 1e-06 -1e-06 18.399059 -3.798981 -4.940569 2e-06 1e-06 -1e-06 2.01781 6.090735 -5.009372 0.029258 -0.231963 50.599037 0.76662 -7.903439 -14.242462 1.878494 -1.779179 -15.534597 -0.0 0.0 2e-06 -1.096482 -1.28644 -9.833461 0.269515 0.567371 38.871716 3.303352 -0.231131 -18.309908 -1.467768 0.788511 -4.227469 -0.0 0.0 -1e-06 
0.0 0.0 0.0 0.0 -0.0 0.0 -3.139294 92.948494 4.991989 -1.829019 -0.95131 -8.877045 -0.410265 -0.327581 3.107715 -0.755599 -0.88094 -4.189143 -1.167708 -2.673886 11.644113 6.938845 -2.542445 24.955194 -0.06973 1.181929 -4.080134 8.33927 -1.264516 -19.812286 7.7e-05 -2.2e-05 6e-06 0.03657 -0.068536 0.030136 0.556425 -3.801965 -10.5993 -0.484807 3.678394 -10.633588 -3.670248 12.497747 21.489525 -51.010101 41.192333 -33.93425 -172.150299 -80.838989 171.425598 14.971283 9.563398 -30.352835 -5.882113 9.861289 0.702592 -10.936877 -0.360572 7.156209 0.0 8.77483 2e-06 -15.479922 18.406992 6.323442 -1.844035 2.498506 -2.507277 -10.163611 4.678948 4.62111 -20.97604 3e-06 2e-06 -21.226303 2.451701 -3.594002 0.0 -6e-06 -1e-06 -1.362684 2.240799 -0.746323 -21.33493 0.584916 3.008324 -13.821224 4e-06 1e-06 -23.887188 -0.249074 -0.839489 -61.279659 2.472001 -1.211331 -0.294024 1.679688 0.833256 -14.218219 0.093219 1.300582 -34.212078 -0.287558 0.967167 -20.03323 0.964538 1.212841 -0.0 -0.0 -0.0 -3.440391 0.788234 0.501654 -15.928201 -3.167307 2.999707 -6.338833 -0.0 -1e-06 -18.123463 3.648187 -4.905675 -4e-06 3e-06 -1e-06 5.333985 -11.737802 20.423464 66.876053 -29.570717 -34.609364 -179.046066 74.824493 -178.979874 -8.515462 -1.646717 -28.835932 2.243542 -5.255037 -3.180159 14.282886 -0.826596 6.952502 2e-06 -12.690605 1e-06 17.437155 -17.591919 1.834828 1.665668 -1.955922 -2.878298 4.727798 -4.170589 4.993923 11.020527 1e-06 -4e-06 12.109052 -3.735717 -2.866786 0.0 -0.0 0.0 1.291986 -1.92855 -1.498088 14.800122 0.567465 3.865605 14.242569 -1.341739 -6.660662 19.631962 0.143926 -0.64825 50.590504 -0.364063 -6.2776 0.353029 -1.511151 -0.03194 20.222786 3.684307 2.316625 18.78727 4e-06 -5e-06 10.751626 -0.479871 1.397904 -0.0 1e-06 -0.0 3.273807 0.305947 -0.580111 21.486809 11.830373 2.266129 8.162923 -0.0 -2e-06 18.399078 -3.798986 -4.940581 3e-06 0.0 -1e-06 1.049358 2.407572 -5.632245 0.081854 0.05498 57.555859 2.450815 -3.832095 -17.982704 1.91849 -1.818092 -15.569493 0.0 0.0 2e-06 0.275406 1.363554 -11.073164 0.205299 0.367741 45.626106 1.728038 -0.906971 -23.194546 -1.467972 0.766426 -3.182465 -0.0 -0.0 -1e-06 
0.0 0.0 0.0 0.0 -0.0 0.0 -3.648453 91.266251 4.466137 -2.485053 -1.543868 -9.768786 -0.317465 -0.473718 3.795362 -0.725989 -0.960256 -3.809874 -0.823545 -3.039837 12.559904 7.163051 -3.16994 26.695219 -0.119312 1.241398 -4.156066 9.029397 -1.479859 -18.967487 7.7e-05 -2.3e-05 6e-06 0.049667 -0.012457 -0.000788 0.509432 -3.752372 -10.635202 -0.41135 3.745298 -10.66792 -3.236447 11.060047 20.924175 -51.788383 40.508835 -43.307804 -174.206467 -79.329597 173.844604 18.960154 11.187441 -26.179041 -5.882105 9.861284 0.702592 -10.93687 -0.360573 7.156202 -1e-06 8.774822 -0.0 -15.1835 18.106634 6.35253 -1.844032 2.498503 -2.507279 -10.163596 4.678947 4.621109 -20.976021 1e-06 1e-06 -21.226286 2.451698 -3.594 -0.0 -6e-06 -1e-06 -1.362682 2.240798 -0.746321 -21.334906 0.584913 3.008324 -13.82121 1e-06 2e-06 -23.887161 -0.249073 -0.839485 -61.94733 2.606566 -0.941927 -0.294025 1.679686 0.833254 -14.218206 0.093218 1.300581 -34.212044 -0.287559 0.967168 -20.033209 0.96454 1.212841 -0.0 -0.0 -0.0 -3.440388 0.788234 0.501655 -15.928183 -3.167306 2.999708 -6.338826 -1e-06 2e-06 -18.123444 3.648187 -4.905669 -4e-06 3e-06 -0.0 6.691053 -11.304189 19.947329 62.094185 -30.194952 -44.086678 -172.582321 72.738136 -174.017242 -16.315798 -0.027796 -30.638042 2.243542 -5.255036 -3.180158 14.282887 -0.826594 6.952501 -3e-06 -12.690602 0.0 17.478411 -17.450371 1.935583 1.665664 -1.955921 -2.878298 4.727796 -4.170586 4.993922 11.02052 3e-06 -2e-06 12.10905 -3.735714 -2.866783 1e-06 1e-06 0.0 1.291986 -1.928549 -1.498089 14.800122 0.567469 3.865607 14.242565 -1.341734 -6.660657 19.631958 0.143929 -0.648245 50.554932 -0.229577 -6.157542 0.35303 -1.51115 -0.031941 20.222784 3.684308 2.316629 18.787268 6e-06 -2e-06 10.751625 -0.479868 1.397904 0.0 2e-06 1e-06 3.273807 0.305948 -0.580111 21.486801 11.830373 2.26613 8.162925 2e-06 1e-06 18.399075 -3.798984 -4.940573 3e-06 -0.0 -3e-06 0.848695 -0.233715 -7.544619 0.094775 0.16771 63.148834 3.036745 -1.240928 -19.857288 1.917564 -1.814058 -15.162421 0.0 -0.0 2e-06 1.356776 2.021512 -13.006802 0.206978 0.271821 50.745625 0.932281 -0.355954 -25.525316 -1.478384 0.763559 -3.002645 0.0 -0.0 -1e-06 
0.0 0.0 0.0 0.0 -0.0 0.0 -4.17989 89.987511 3.413742 -2.826489 -1.650613 -9.749396 -0.481384 -0.66679 4.882504 -0.797146 -1.131449 -3.373598 -0.971045 -3.423368 13.110595 8.054484 -3.642899 26.689913 -0.122224 1.195495 -4.17523 9.268541 -1.205136 -19.054028 7.8e-05 -2.3e-05 6e-06 0.064372 -0.042565 -0.017697 0.496542 -3.783772 -10.613132 -0.367783 3.717999 -10.656201 -2.594778 7.908363 19.729853 -53.849556 37.658363 -51.189827 -176.999649 -79.719978 177.453552 22.506708 12.544898 -22.815931 -5.882099 9.861278 0.702589 -10.936863 -0.360576 7.1562 0.0 8.774817 0.0 -15.219686 17.829973 6.240674 -1.84403 2.498503 -2.507277 -10.16359 4.678942 4.621108 -20.976 -1e-06 2e-06 -21.226263 2.451695 -3.593996 -0.0 -6e-06 0.0 -1.362681 2.240796 -0.746322 -21.334892 0.584911 3.008326 -13.821202 -3e-06 5e-06 -23.887152 -0.249075 -0.839479 -62.102821 2.730049 -0.855434 -0.294025 1.679686 0.833256 -14.218197 0.093215 1.300579 -34.212013 -0.28756 0.967174 -20.033195 0.964537 1.212845 1e-06 -0.0 2e-06 -3.440386 0.788232 0.501654 -15.928174 -3.167308 2.999706 -6.338819 0.0 3e-06 -18.123432 3.648182 -4.905667 -5e-06 2e-06 -1e-06 7.296591 -9.93508 19.265091 58.349392 -29.588364 -48.155346 -168.654602 72.898201 -170.827438 -20.579119 -0.515599 -29.331869 2.243539 -5.255031 -3.180155 14.28288 -0.826593 6.952497 -3e-06 -12.690591 -1e-06 16.836515 -16.946453 2.214568 1.665663 -1.955918 -2.878296 4.727796 -4.170584 4.993919 11.020516 3e-06 -1e-06 12.109038 -3.735713 -2.866781 -2e-06 0.0 0.0 1.291984 -1.928548 -1.498088 14.800115 0.567469 3.865605 14.242558 -1.341735 -6.660651 19.631948 0.143925 -0.648241 50.00565 -0.124424 -6.094125 0.353028 -1.511148 -0.03194 20.222771 3.684306 2.316628 18.787256 4e-06 3e-06 10.751617 -0.479868 1.397905 2e-06 -0.0 0.0 3.273804 0.305947 -0.58011 21.48679 11.830364 2.266132 8.162921 2e-06 -0.0 18.399063 -3.798982 -4.940569 3e-06 -0.0 -2e-06 0.92042 -1.943808 -10.441287 0.092788 0.224633 67.516037 3.145302 -0.49976 -20.090782 1.922128 -1.830347 -14.916341 -0.0 1e-06 2e-06 1.975381 2.014048 -15.525618 0.257735 0.224831 54.240597 0.194568 0.15808 -26.388449 -1.486069 0.745773 -2.916924 0.0 0.0 -1e-06 
0.0 0.0 0.0 0.0 -0.0 0.0 -4.690032 89.209076 1.702223 -3.321587 -1.500139 -8.746691 -0.547458 -0.805938 6.369071 -0.882198 -1.368575 -2.889615 -1.357062 -3.686439 13.548899 9.211165 -3.516902 24.58453 -0.121494 1.228608 -4.126187 9.438027 -0.982034 -20.142132 7.7e-05 -2.4e-05 6e-06 0.07011 0.016085 -0.036874 0.529772 -3.708619 -10.541122 -0.388885 3.76011 -10.605636 -2.08937 3.515248 18.073704 -56.381676 32.509151 -58.950409 177.498245 -79.539047 -176.018341 27.735247 12.874872 -19.746147 -5.8821 9.861278 0.702592 -10.936863 -0.360576 7.156203 2e-06 8.77482 -1e-06 -15.299714 17.732624 6.194398 -1.844031 2.498502 -2.507276 -10.163592 4.67894 4.621106 -20.976006 -5e-06 6e-06 -21.226269 2.451696 -3.593992 -1e-06 -7e-06 0.0 -1.362681 2.240796 -0.746322 -21.3349 0.584906 3.008324 -13.821203 -2e-06 5e-06 -23.887156 -0.249079 -0.839477 -62.162277 2.767616 -0.844206 -0.294026 1.679685 0.833256 -14.218199 0.093213 1.300581 -34.212025 -0.287563 0.96718 -20.033199 0.964537 1.212846 -0.0 2e-06 0.0 -3.440386 0.788232 0.501658 -15.928176 -3.167308 2.999707 -6.338822 -3e-06 0.0 -18.123436 3.648177 -4.905657 -6e-06 -2e-06 -3e-06 7.557593 -7.824241 19.094873 56.894798 -28.026421 -47.872929 -168.185867 73.172623 -170.03688 -22.140898 -2.155959 -25.708054 2.24354 -5.255033 -3.180158 14.282883 -0.826595 6.952507 -2e-06 -12.690598 0.0 16.310976 -16.843876 2.309443 1.665664 -1.955921 -2.878298 4.727798 -4.170584 4.993925 11.020519 3e-06 0.0 12.109044 -3.735714 -2.866781 0.0 -0.0 1e-06 1.291985 -1.928548 -1.498088 14.80012 0.567469 3.865611 14.242561 -1.341735 -6.660651 19.631952 0.143925 -0.64824 49.30183 -0.202918 -6.299867 0.353028 -1.51115 -0.031941 20.222784 3.684308 2.316636 18.787266 4e-06 3e-06 10.751622 -0.479869 1.397908 0.0 -0.0 1e-06 3.273805 0.305948 -0.58011 21.486803 11.830369 2.266139 8.162922 -0.0 1e-06 18.399076 -3.798985 -4.940568 3e-06 -0.0 1e-06 1.548761 -3.524796 -14.385598 0.123547 0.250041 70.747635 2.674747 -0.636199 -19.93622 1.932162 -1.890133 -14.39125 -0.0 0.0 1e-06 2.765346 2.01241 -19.202694 0.238603 0.178615 56.766613 -0.317404 0.755255 -26.165525 -1.487085 0.737036 -2.837224 0.0 0.0 -1e-06 
0.0 0.0 0.0 0.0 -0.0 0.0 -5.184912 89.08374 -0.721842 -4.037048 -1.06261 -7.148614 -0.592896 -0.842759 8.273698 -1.010178 -1.619328 -2.244719 -1.797502 -3.884949 14.118844 10.64529 -3.039311 20.801191 -0.263325 1.462925 -4.004043 9.432023 -0.250047 -21.759233 7.7e-05 -2.3e-05 6e-06 0.059059 0.125965 -0.06989 0.57254 -3.566317 -10.482485 -0.453511 3.83545 -10.549896 -1.630702 -1.942014 16.326544 -58.082733 24.677298 -66.295311 171.78653 -77.384506 -169.411636 36.122574 10.618742 -16.132402 -5.882102 9.86128 0.702591 -10.936866 -0.360573 7.156206 0.0 8.774821 0.0 -15.499102 17.853554 6.229388 -1.844031 2.498502 -2.507277 -10.163595 4.678944 4.621109 -20.976011 -2e-06 2e-06 -21.226276 2.451695 -3.593998 1e-06 -7e-06 -0.0 -1.362681 2.2408 -0.746322 -21.334906 0.584912 3.008322 -13.821207 -1e-06 3e-06 -23.887157 -0.249076 -0.839481 -62.677963 2.722698 -0.888277 -0.294026 1.679688 0.833256 -14.218201 0.093216 1.300581 -34.212032 -0.287557 0.967172 -20.033201 0.96454 1.212845 -1e-06 1e-06 1e-06 -3.440387 0.788233 0.501656 -15.928179 -3.167307 2.999709 -6.338823 -1e-06 3e-06 -18.12344 3.648183 -4.905669 -4e-06 -0.0 -2e-06 7.717356 -4.994359 19.117439 57.777378 -25.497507 -45.378437 -171.125046 72.261391 -172.64537 -21.693087 -4.559834 -19.449049 2.243542 -5.255037 -3.180159 14.282886 -0.826598 6.952503 1e-06 -12.690601 -0.0 16.210627 -16.988323 2.280206 1.665666 -1.955922 -2.878299 4.727798 -4.170587 4.993925 11.020526 2e-06 -3e-06 12.109053 -3.735716 -2.866784 -1e-06 -0.0 -1e-06 1.291985 -1.92855 -1.498089 14.800125 0.567466 3.865607 14.242566 -1.341741 -6.660656 19.63196 0.14392 -0.648246 48.486706 -0.501871 -6.637779 0.353028 -1.511151 -0.031941 20.222786 3.684304 2.316632 18.78727 2e-06 -2e-06 10.751625 -0.479869 1.397904 1e-06 -1e-06 0.0 3.273806 0.305946 -0.580111 21.486805 11.830368 2.266134 8.162926 1e-06 -0.0 18.399076 -3.798987 -4.940574 3e-06 1e-06 -2e-06 2.619635 -5.369928 -19.313894 0.195655 0.205948 73.013695 1.856881 -0.70371 -18.495977 1.961326 -1.942052 -14.397223 0.0 0.0 1e-06 3.760562 2.220772 -23.554422 0.162104 0.148179 58.024467 -0.815603 1.477921 -24.229294 -1.487049 0.751441 -3.125008 -0.0 -0.0 -1e-06 
0.0 0.0 0.0 0.0 -0.0 0.0 -5.706419 89.402702 -3.714991 -4.549847 -0.16671 -5.183165 -0.904905 -0.799993 10.334655 -1.213982 -1.808517 -1.374491 -2.229787 -3.917813 14.931005 11.932201 -2.426255 16.142719 -0.291433 2.086221 -3.893062 9.009352 0.913213 -23.201435 7.7e-05 -2.3e-05 6e-06 0.06022 0.130808 -0.098441 0.62112 -3.545368 -10.49419 -0.499168 3.822695 -10.53106 -1.053183 -7.786018 15.054212 -56.275352 14.829611 -70.322311 168.826126 -73.351128 -166.096222 44.949184 2.848974 -12.503689 -5.882103 9.861276 0.702591 -10.936866 -0.360572 7.156204 1e-06 8.774817 0.0 -15.829321 18.005032 6.502032 -1.844031 2.498501 -2.507276 -10.163597 4.678938 4.621109 -20.976011 -3e-06 5e-06 -21.226273 2.451696 -3.593993 0.0 -6e-06 -1e-06 -1.36268 2.2408 -0.746323 -21.334908 0.584909 3.008326 -13.821207 -2e-06 4e-06 -23.887159 -0.249076 -0.839478 -63.74522 2.611171 -0.940197 -0.294024 1.679682 0.833255 -14.218204 0.093213 1.300584 -34.212032 -0.28756 0.967177 -20.033205 0.964539 1.212846 0.0 1e-06 0.0 -3.440387 0.788235 0.501655 -15.928177 -3.167306 2.999707 -6.338825 -1e-06 1e-06 -18.123436 3.648182 -4.905665 -5e-06 2e-06 -0.0 7.684243 -1.836383 18.937822 60.292976 -21.347761 -42.579292 -175.098877 69.804016 -176.333481 -19.781506 -6.817139 -11.437834 2.243539 -5.255033 -3.180158 14.282885 -0.826592 6.952503 -5e-06 -12.690599 1e-06 16.423594 -16.984316 2.2179 1.665663 -1.955921 -2.878298 4.727797 -4.170584 4.993923 11.02052 5e-06 0.0 12.109043 -3.735714 -2.866782 -0.0 0.0 1e-06 1.291985 -1.928548 -1.498091 14.800122 0.567468 3.865609 14.242566 -1.341735 -6.660653 19.631962 0.143927 -0.648241 48.176273 -0.779085 -6.894952 0.353031 -1.511149 -0.031939 20.222784 3.684313 2.316632 18.787266 5e-06 3e-06 10.751624 -0.479868 1.397909 0.0 -0.0 1e-06 3.273805 0.305947 -0.58011 21.486805 11.830372 2.266135 8.162924 1e-06 0.0 18.399075 -3.798983 -4.94057 3e-06 2e-06 -2e-06 3.910579 -6.871969 -24.92135 0.199129 -0.01482 74.290344 0.590935 -1.016965 -15.802261 2.022449 -2.019859 -14.685168 0.0 -0.0 2e-06 4.334632 2.792719 -28.079556 0.115672 0.11288 57.912811 -1.476053 2.436536 -21.218847 -1.499363 0.828629 -3.946744 0.0 0.0 -1e-06 
0.0 0.0 0.0 0.0 -0.0 0.0 -6.259538 89.870445 -6.93419 -4.715163 1.455863 -2.657026 -1.509565 -0.733794 12.200388 -1.406155 -1.935756 -0.4367 -2.416474 -3.952056 15.917563 12.605999 -1.816403 11.019564 0.009894 2.934545 -3.799283 8.140551 1.747967 -23.807594 7.7e-05 -2.2e-05 6e-06 0.038769 0.162829 -0.084305 0.656413 -3.524749 -10.545481 -0.577969 3.867714 -10.538832 -0.575788 -14.024295 14.630694 -50.03434 5.211326 -69.651649 168.002838 -70.037819 -165.414688 48.16898 -7.491515 -7.693162 -5.882104 9.861279 0.702591 -10.936872 -0.360573 7.156205 2e-06 8.774819 0.0 -15.809658 18.252245 6.707517 -1.844032 2.498502 -2.507275 -10.163599 4.678943 4.621109 -20.976023 -1e-06 7e-06 -21.226288 2.451701 -3.593994 1e-06 -6e-06 -2e-06 -1.362682 2.240797 -0.746323 -21.334911 0.584912 3.008326 -13.821213 1e-06 6e-06 -23.887163 -0.249073 -0.839481 -63.444351 2.408219 -1.223043 -0.294026 1.679684 0.833256 -14.218205 0.093218 1.300582 -34.212048 -0.287557 0.967175 -20.033209 0.964541 1.212844 -0.0 -0.0 1e-06 -3.440388 0.788233 0.501656 -15.928185 -3.167305 2.999709 -6.338826 0.0 3e-06 -18.123446 3.648184 -4.905664 -4e-06 0.0 -2e-06 7.654708 1.374323 18.618738 62.926731 -14.781935 -39.819305 -176.486191 66.879639 -177.152161 -16.754942 -8.510845 -2.230222 2.243541 -5.255036 -3.180156 14.28289 -0.826597 6.952504 -0.0 -12.690604 1e-06 16.422876 -16.990791 2.309068 1.665666 -1.955921 -2.878296 4.727798 -4.170587 4.993922 11.020526 1e-06 1e-06 12.109051 -3.735717 -2.866781 1e-06 -1e-06 2e-06 1.291986 -1.928549 -1.498089 14.800125 0.567467 3.865608 14.242571 -1.341737 -6.660655 19.631968 0.143923 -0.648246 48.822872 -0.997896 -6.856949 0.353028 -1.51115 -0.03194 20.222788 3.684307 2.316632 18.78727 -1e-06 1e-06 10.751627 -0.47987 1.397906 1e-06 1e-06 -2e-06 3.273808 0.305948 -0.580109 21.486809 11.830371 2.266133 8.162928 -1e-06 -0.0 18.39908 -3.798988 -4.940572 3e-06 0.0 -0.0 5.346516 -7.043811 -30.853884 0.046266 -0.35265 74.151154 -0.899527 -2.332052 -13.045283 2.082609 -2.172228 -15.437857 0.0 -0.0 2e-06 3.994303 3.337534 -32.719898 0.229179 0.156971 56.576645 -1.759294 4.208043 -17.992641 -1.537653 0.866615 -4.731839 0.0 0.0 -1e-06 
0.0 0.0 0.0 0.0 -0.0 0.0 -6.826063 90.18013 -10.032938 -4.471441 3.943412 0.451632 -2.002085 -0.669912 13.543869 -1.507863 -2.036539 0.18267 -2.37835 -4.076088 17.272192 12.489561 -1.094189 6.305444 0.296796 3.334149 -3.731942 7.360726 2.040667 -23.718801 7.7e-05 -2.2e-05 6e-06 0.003625 0.179585 -0.047585 0.643687 -3.512483 -10.49229 -0.637044 3.889834 -10.485715 0.07629 -20.094315 14.411034 -40.844479 -2.649753 -64.089218 166.061829 -72.611603 -163.924759 45.462002 -13.020978 1.008756 -5.882098 9.861274 0.70259 -10.936859 -0.360573 7.156196 3e-06 8.774815 1e-06 -15.223464 18.377054 6.656127 -1.844029 2.498501 -2.507275 -10.163589 4.678941 4.621102 -20.976004 -4e-06 -3e-06 -21.226265 2.451692 -3.593998 0.0 -6e-06 -1e-06 -1.36268 2.240796 -0.746324 -21.334888 0.584909 3.008317 -13.821197 -4e-06 -1e-06 -23.887142 -0.249082 -0.839486 -61.706177 2.362243 -1.607548 -0.294024 1.679684 0.833255 -14.218192 0.093215 1.300577 -34.212017 -0.287566 0.967162 -20.033192 0.964535 1.21284 0.0 -0.0 1e-06 -3.440387 0.788233 0.501655 -15.92817 -3.167303 2.999701 -6.338819 -1e-06 -1e-06 -18.123426 3.648178 -4.905665 -3e-06 -0.0 -1e-06 7.921727 4.392759 18.210361 64.237534 -6.184609 -37.189487 -177.148438 65.156143 -177.355057 -14.879781 -9.703845 6.96367 2.243539 -5.255036 -3.180157 14.282887 -0.82659 6.952502 -4e-06 -12.690601 -2e-06 16.474106 -17.116344 2.429121 1.665664 -1.955922 -2.8783 4.727797 -4.170585 4.993924 11.020524 4e-06 -1e-06 12.109047 -3.73571 -2.866783 -0.0 1e-06 0.0 1.291985 -1.928548 -1.49809 14.800127 0.567473 3.865609 14.242569 -1.341731 -6.660657 19.631962 0.14393 -0.648242 49.836235 -1.050415 -6.677332 0.353028 -1.511151 -0.031941 20.222786 3.68431 2.31663 18.78727 7e-06 3e-06 10.751625 -0.479866 1.397907 -0.0 -1e-06 1e-06 3.273804 0.305947 -0.580109 21.486811 11.830376 2.266138 8.162925 2e-06 2e-06 18.399076 -3.798981 -4.940567 3e-06 0.0 -2e-06 6.173739 -5.716329 -36.670246 -0.107146 -0.518821 72.675278 -1.566752 -4.822188 -11.630507 2.06997 -2.245892 -14.68358 -0.0 0.0 2e-06 2.449993 3.107042 -37.229191 0.394104 0.295479 55.464787 -1.382278 6.408893 -16.99695 -1.539966 0.988229 -5.056883 0.0 0.0 -1e-06 
0.0 0.0 0.0 0.0 -0.0 0.0 -7.408962 90.022331 -12.756756 -3.750034 7.082126 3.660429 -2.171273 -0.56049 14.471089 -1.419998 -2.119914 0.621019 -2.070086 -4.331021 18.311424 11.555946 -0.409256 2.90696 0.157072 3.086615 -3.684512 6.799188 1.552821 -23.778198 7.7e-05 -2.3e-05 6e-06 -0.028166 0.222481 -0.007963 0.62964 -3.469274 -10.463987 -0.689928 3.930558 -10.483426 1.536736 -24.958895 14.147338 -30.713844 -10.415204 -56.816505 145.454788 -84.046127 -143.838181 41.709198 -10.256806 9.763326 -5.8821 9.861281 0.70259 -10.93686 -0.360576 7.156201 -0.0 8.774822 -3e-06 -14.821847 18.544704 7.017144 -1.844033 2.498503 -2.507276 -10.163589 4.678942 4.621104 -20.976009 -6e-06 -0.0 -21.226273 2.451694 -3.594002 -0.0 -6e-06 0.0 -1.362684 2.240798 -0.746323 -21.334898 0.584906 3.008319 -13.821203 -4e-06 0.0 -23.88715 -0.249083 -0.839484 -60.880058 2.518816 -1.549916 -0.294025 1.679686 0.833256 -14.218199 0.093213 1.300579 -34.212021 -0.287568 0.967169 -20.033197 0.964532 1.212842 1e-06 0.0 2e-06 -3.440386 0.788233 0.501655 -15.928172 -3.167311 2.999704 -6.33882 -2e-06 1e-06 -18.12343 3.64818 -4.905672 -4e-06 0.0 -3e-06 7.14397 6.891865 17.919165 65.283035 3.561849 -33.116283 -177.664124 66.236237 -177.864914 -14.111954 -9.858421 14.772657 2.24354 -5.255034 -3.180157 14.282879 -0.826592 6.952496 -3e-06 -12.690595 1e-06 16.389826 -17.446848 2.440641 1.665666 -1.95592 -2.878298 4.727795 -4.170584 4.993921 11.020519 5e-06 -4e-06 12.109043 -3.73571 -2.866784 1e-06 -1e-06 -1e-06 1.291986 -1.928548 -1.498088 14.800118 0.567467 3.865601 14.242562 -1.341732 -6.660655 19.631952 0.143928 -0.648245 50.338554 -1.067769 -6.59607 0.353029 -1.51115 -0.031942 20.222776 3.684307 2.316625 18.787262 6e-06 -4e-06 10.75162 -0.479866 1.397903 0.0 1e-06 0.0 3.273805 0.305949 -0.58011 21.486799 11.830367 2.266128 8.16292 2e-06 -3e-06 18.399067 -3.798979 -4.940574 3e-06 -1e-06 -2e-06 5.758656 -3.366866 -41.897942 -0.273651 -0.608209 70.66172 -1.985115 -8.560039 -12.024241 2.020228 -2.27603 -13.088174 0.0 -0.0 2e-06 0.337938 0.768311 -41.39156 0.404039 0.326389 58.412708 -0.339096 8.746301 -16.823402 -1.518046 1.084265 -5.926003 0.0 0.0 -1e-06 
0.0 0.0 0.0 0.0 -0.0 0.0 -7.983331 89.248901 -14.974463 -2.75681 9.887694 6.037033 -2.088856 -0.49632 15.346076 -1.333667 -2.049782 1.047877 -1.69449 -4.663876 19.111425 10.388186 0.481283 0.741971 -0.21211 2.448887 -3.693731 6.349243 0.860572 -24.273933 7.7e-05 -2.3e-05 6e-06 -0.029289 0.233473 0.003991 0.64173 -3.459235 -10.45933 -0.707376 3.938994 -10.485274 3.228365 -28.187778 13.82221 -20.846401 -17.549997 -51.791481 7.72891 -76.950249 -7.051329 38.827145 -3.002176 16.392235 -5.882113 9.86129 0.702591 -10.936881 -0.360574 7.156212 -1e-06 8.774828 -2e-06 -14.374299 18.666557 7.322297 -1.844033 2.498506 -2.507279 -10.163609 4.678949 4.621112 -20.976038 2e-06 2e-06 -21.226305 2.451705 -3.594001 0.0 -6e-06 0.0 -1.362684 2.240799 -0.746322 -21.33493 0.584914 3.008327 -13.821225 -0.0 2e-06 -23.887192 -0.249074 -0.839485 -60.212536 2.508679 -1.46767 -0.294026 1.679687 0.833256 -14.218221 0.093217 1.300583 -34.212078 -0.287557 0.967173 -20.033232 0.964543 1.212843 1e-06 -0.0 2e-06 -3.44039 0.788235 0.501656 -15.9282 -3.167307 2.999709 -6.338831 -0.0 0.0 -18.123461 3.648188 -4.905674 -4e-06 1e-06 -0.0 5.329793 8.733142 17.599054 66.208633 13.37242 -26.639071 -176.897232 70.89045 -177.131943 -12.725868 -8.885796 19.03577 2.243542 -5.255041 -3.180159 14.282896 -0.826599 6.95251 2e-06 -12.690617 2e-06 16.346718 -17.728662 2.376681 1.665667 -1.955921 -2.878301 4.727802 -4.17059 4.993928 11.020528 -2e-06 -1e-06 12.109056 -3.735723 -2.866787 0.0 -0.0 0.0 1.291986 -1.928551 -1.498092 14.800132 0.567463 3.865611 14.242577 -1.341741 -6.660663 19.631973 0.143921 -0.648247 50.084461 -0.901006 -6.470827 0.35303 -1.511151 -0.031939 20.222792 3.684305 2.316636 18.787281 -2e-06 -0.0 10.751632 -0.479869 1.397905 -2e-06 0.0 0.0 3.273808 0.305947 -0.58011 21.486814 11.830376 2.266137 8.16293 -1e-06 1e-06 18.39909 -3.798994 -4.94058 2e-06 0.0 -3e-06 4.183563 -0.806498 -46.115517 -0.375562 -0.564052 70.182091 -1.317628 -11.468787 -13.618665 1.944528 -2.271256 -11.416929 0.0 -0.0 2e-06 -1.470416 -2.42728 -44.216194 0.351437 0.29215 65.725693 0.012305 10.7729 -16.080534 -1.520589 1.053319 -7.617754 -0.0 -0.0 -1e-06 
0.0 0.0 0.0 0.0 -0.0 0.0 -8.612909 88.130028 -17.03459 -1.556143 11.927484 7.946031 -1.920378 -0.3774 15.983775 -1.204128 -2.096134 1.3798 -1.510311 -4.830779 19.734758 9.249262 1.313461 -0.831899 -0.477971 1.606218 -3.641314 5.947129 0.247025 -24.578457 7.7e-05 -2.3e-05 5e-06 -0.015339 0.230934 0.006821 0.658885 -3.461783 -10.448327 -0.698842 3.93167 -10.477313 4.106875 -30.426062 13.748284 -12.503127 -23.401031 -48.439304 -1.140674 -58.81123 0.629734 35.889618 2.826157 18.283484 -5.882099 9.861276 0.702591 -10.936861 -0.360574 7.1562 2e-06 8.774818 -1e-06 -14.566724 19.02449 7.114837 -1.84403 2.498502 -2.507277 -10.163589 4.678939 4.621105 -20.976002 -8e-06 1e-06 -21.226267 2.451691 -3.593997 3e-06 -7e-06 -1e-06 -1.362681 2.240795 -0.746323 -21.334892 0.584905 3.008319 -13.821201 -5e-06 1e-06 -23.887146 -0.249082 -0.839478 -59.400566 2.431795 -1.49828 -0.294025 1.679686 0.833256 -14.218195 0.093212 1.30058 -34.212013 -0.287569 0.967175 -20.033194 0.964535 1.212842 -3e-06 -0.0 -1e-06 -3.440384 0.788233 0.501655 -15.92817 -3.167309 2.999705 -6.338819 -2e-06 1e-06 -18.123426 3.648176 -4.905663 -6e-06 1e-06 -0.0 3.360683 10.196449 16.843256 67.14846 22.999001 -19.357401 -172.803619 78.687744 -173.028824 -10.306108 -8.054242 20.257519 2.24354 -5.255032 -3.180154 14.282881 -0.82659 6.952495 -3e-06 -12.690595 -1e-06 16.074715 -18.039371 2.54642 1.665664 -1.955918 -2.878296 4.727795 -4.170582 4.99392 11.02052 4e-06 -0.0 12.109041 -3.735711 -2.866778 -2e-06 -0.0 -3e-06 1.291985 -1.928548 -1.498089 14.80012 0.567471 3.865606 14.242559 -1.341733 -6.660649 19.631952 0.143929 -0.648241 49.680637 -0.67016 -6.45941 0.353028 -1.511149 -0.03194 20.22278 3.684309 2.316628 18.787262 5e-06 1e-06 10.751621 -0.479865 1.397906 -2e-06 0.0 0.0 3.273805 0.305948 -0.580112 21.486803 11.830368 2.26613 8.16292 3e-06 -2e-06 18.399069 -3.79898 -4.940571 4e-06 0.0 -1e-06 2.012381 1.454078 -49.842701 -0.379698 -0.443421 71.027313 -0.154038 -12.805536 -14.989223 1.871166 -2.234613 -10.632693 0.0 -0.0 2e-06 -3.069592 -5.212162 -45.28125 0.339783 0.283567 72.580902 -0.161439 11.554599 -15.338077 -1.531829 1.006445 -10.129357 -0.0 -0.0 -1e-06 
0.0 0.0 0.0 0.0 -0.0 0.0 -9.046885 86.934402 -18.275284 -0.513418 12.843116 9.47279 -1.598081 -0.211492 16.361282 -1.141283 -1.977357 1.586126 -1.440537 -4.792074 20.44215 8.009548 1.879358 -2.061668 -0.370949 0.848746 -3.645027 5.638565 -0.272242 -24.548347 7.7e-05 -2.2e-05 4e-06 -0.000768 0.20266 0.001398 0.675373 -3.493032 -10.438495 -0.686991 3.904717 -10.480643 4.014383 -32.006386 13.961647 -7.591918 -28.199793 -46.398556 -3.622869 -45.125961 1.944866 32.838501 5.460389 16.238214 -5.882099 9.861277 0.702587 -10.936863 -0.360578 7.156199 3e-06 8.774818 -2e-06 -15.319714 19.031389 6.441099 -1.844031 2.498502 -2.507277 -10.163592 4.678939 4.621102 -20.976009 -1e-05 1e-06 -21.226273 2.45169 -3.593995 0.0 -6e-06 -1e-06 -1.36268 2.240798 -0.746323 -21.334898 0.584903 3.008319 -13.821206 -6e-06 2e-06 -23.887156 -0.249083 -0.839479 -59.145 2.230414 -1.764393 -0.294024 1.679685 0.833254 -14.218198 0.09321 1.300578 -34.212032 -0.287573 0.967173 -20.033199 0.964529 1.212846 -0.0 0.0 -2e-06 -3.440386 0.788232 0.501653 -15.928179 -3.167311 2.999705 -6.33882 -2e-06 2e-06 -18.123432 3.648176 -4.905666 -6e-06 2e-06 -0.0 1.672729 11.840355 15.953026 68.401344 33.066868 -13.121603 -115.943489 87.490799 -116.07859 -7.723155 -8.479586 19.805986 2.243539 -5.255032 -3.180154 14.282881 -0.826591 6.952498 -8e-06 -12.690592 -2e-06 15.747974 -18.291237 2.960335 1.665664 -1.95592 -2.878297 4.727796 -4.170584 4.993921 11.020516 7e-06 1e-06 12.109041 -3.735707 -2.86678 0.0 -0.0 -2e-06 1.291983 -1.928546 -1.498088 14.800122 0.567473 3.865603 14.242563 -1.341733 -6.660651 19.631956 0.143931 -0.648241 49.831123 -0.474302 -6.19414 0.353028 -1.51115 -0.031939 20.22278 3.68431 2.316628 18.787256 7e-06 -1e-06 10.75162 -0.479867 1.397906 -0.0 2e-06 -1e-06 3.273803 0.305948 -0.580111 21.486807 11.830368 2.266135 8.16292 3e-06 -1e-06 18.399073 -3.798977 -4.940569 2e-06 -1e-06 -2e-06 0.13338 3.228445 -52.888813 -0.343217 -0.311588 72.090218 1.376531 -13.153235 -15.54543 1.794796 -2.112006 -10.410983 -0.0 -0.0 2e-06 -4.267732 -6.204469 -44.900173 0.426749 0.316656 75.290695 -0.248703 10.670818 -16.632793 -1.564455 1.000568 -13.978275 -0.0 -0.0 -1e-06 
0.0 0.0 0.0 0.0 -0.0 0.0 -9.343402 85.839203 -19.031992 0.239231 12.969358 10.373177 -1.211952 -0.02481 16.628817 -0.920487 -1.821528 1.719566 -1.425772 -4.346338 21.158802 6.945092 1.865813 -2.480384 -0.265611 0.305531 -3.618147 5.561292 -0.772671 -24.499947 7.7e-05 -2.3e-05 7e-06 0.000923 0.168565 -0.010807 0.667745 -3.518715 -10.447628 -0.675872 3.861223 -10.50913 3.765961 -32.735367 14.206376 -6.807429 -32.920643 -45.130184 -4.031559 -37.093765 1.956669 30.37599 5.971436 12.652633 -5.8821 9.861281 0.702588 -10.936863 -0.360578 7.156202 -0.0 8.774822 -1e-06 -15.720683 18.756012 6.087445 -1.844029 2.498505 -2.507275 -10.163592 4.678942 4.621106 -20.976011 -5e-06 4e-06 -21.226271 2.451695 -3.593997 0.0 -5e-06 -2e-06 -1.36268 2.240796 -0.746322 -21.3349 0.584906 3.008322 -13.821206 -2e-06 4e-06 -23.887154 -0.249077 -0.839482 -59.32748 2.126889 -1.530951 -0.294024 1.679688 0.833255 -14.218198 0.093214 1.300581 -34.212017 -0.287564 0.967171 -20.033194 0.964535 1.212845 -0.0 0.0 -1e-06 -3.440387 0.788233 0.501654 -15.928172 -3.16731 2.999707 -6.338821 -2e-06 3e-06 -18.123438 3.648182 -4.905667 -4e-06 -1e-06 -1e-06 0.434907 13.580259 15.548029 68.777382 43.681347 -9.576805 -14.779859 79.239418 -15.035669 -5.34953 -10.450593 19.076366 2.24354 -5.255035 -3.180154 14.282885 -0.826595 6.9525 -3e-06 -12.690598 -1e-06 15.777656 -18.416193 3.10211 1.665667 -1.955922 -2.878299 4.727797 -4.170584 4.993923 11.02052 2e-06 0.0 12.109046 -3.735714 -2.866783 1e-06 1e-06 0.0 1.291986 -1.928549 -1.498088 14.80012 0.567467 3.865607 14.242567 -1.341739 -6.660655 19.631958 0.143925 -0.648245 50.044079 -0.477912 -6.066657 0.353028 -1.511149 -0.031939 20.222784 3.684307 2.31663 18.78727 4e-06 -0.0 10.751624 -0.47987 1.397907 0.0 2e-06 0.0 3.273805 0.305948 -0.58011 21.486803 11.830369 2.266133 8.162924 -0.0 0.0 18.399076 -3.798985 -4.940573 2e-06 -2e-06 -1e-06 -1.066336 4.046353 -55.108971 -0.316355 -0.229815 73.3078 2.220736 -13.140605 -15.741213 1.761081 -1.998649 -10.023762 -0.0 0.0 2e-06 -5.145395 -5.114501 -44.210545 0.37247 0.273372 74.796097 0.723914 8.82688 -21.290958 -1.539006 1.044311 -13.811534 0.0 -1e-06 -1e-06 
0.0 0.0 0.0 0.0 -0.0 0.0 -9.474283 84.948746 -19.358185 0.537788 12.437158 10.570238 -0.728534 0.144467 16.931658 -0.593964 -1.48684 1.846436 -1.269668 -3.417085 21.704346 5.909423 1.441445 -1.850292 -0.100101 -0.130039 -3.579056 5.613576 -1.383121 -24.161531 7.7e-05 -2.3e-05 5e-06 0.010361 0.096209 -0.050907 0.669043 -3.596706 -10.489262 -0.657045 3.794008 -10.583822 3.788664 -31.854525 14.094115 -10.596786 -38.990704 -44.304501 -3.454291 -33.744316 1.545947 28.56407 5.428479 9.14122 -5.882104 9.861284 0.70259 -10.936869 -0.360577 7.156203 1e-06 8.774826 -3e-06 -15.632181 18.747416 6.248528 -1.844032 2.498505 -2.507275 -10.163601 4.678943 4.621107 -20.976023 -3e-06 2e-06 -21.226286 2.451698 -3.594 0.0 -6e-06 -2e-06 -1.362679 2.240796 -0.746322 -21.334913 0.584907 3.008323 -13.821213 -5e-06 2e-06 -23.887167 -0.249078 -0.839483 -59.323143 2.448982 -1.617117 -0.294026 1.679688 0.833254 -14.218204 0.093212 1.30058 -34.212048 -0.287565 0.96717 -20.033211 0.964536 1.212847 1e-06 2e-06 1e-06 -3.440389 0.788233 0.501656 -15.928185 -3.167312 2.999707 -6.338827 -2e-06 0.0 -18.123444 3.648182 -4.905669 -4e-06 1e-06 -4e-06 -0.177884 15.490072 15.524308 66.702591 53.313747 -8.972735 -7.207189 68.539055 -6.922091 -2.047837 -13.990684 18.99515 2.243541 -5.255034 -3.180155 14.282883 -0.826595 6.9525 -2e-06 -12.690593 -2e-06 16.14065 -18.310707 2.980026 1.665666 -1.95592 -2.878297 4.727797 -4.170584 4.993922 11.020519 2e-06 0.0 12.109045 -3.735714 -2.866781 -0.0 1e-06 -2e-06 1.291986 -1.928549 -1.498089 14.80012 0.567466 3.865605 14.242562 -1.341737 -6.660652 19.631954 0.143924 -0.648245 50.451756 -0.526885 -6.0121 0.353028 -1.51115 -0.031938 20.222782 3.684306 2.316631 18.787262 3e-06 -1e-06 10.751622 -0.479868 1.397906 1e-06 1e-06 2e-06 3.273806 0.305946 -0.580111 21.486801 11.830362 2.266135 8.162923 4e-06 1e-06 18.399073 -3.798985 -4.940573 3e-06 -0.0 -2e-06 -1.492386 4.087436 -56.027985 -0.251203 -0.142372 74.297707 2.453824 -12.431454 -16.602997 1.746602 -1.897317 -9.396181 -0.0 0.0 2e-06 -5.528981 -2.017908 -43.786545 0.275164 0.213683 74.06144 2.073525 5.131502 -26.358974 -1.504859 1.120315 -10.534133 -0.0 -0.0 -1e-06 
0.0 0.0 0.0 0.0 -0.0 0.0 -9.356343 84.577438 -19.265566 0.736468 11.766939 10.346652 -0.231267 0.376326 17.182138 -0.326255 -0.974235 2.017623 -0.821148 -2.545727 21.812481 5.097382 0.96542 0.081532 0.023586 -0.637649 -3.549253 5.555008 -2.074959 -23.742496 7.7e-05 -2.3e-05 3e-06 0.003251 0.096314 -0.085034 0.65893 -3.587385 -10.483585 -0.661123 3.784631 -10.591185 3.547553 -29.038704 14.256631 -19.680082 -46.141289 -40.951077 -2.393077 -35.016373 1.095565 26.26573 5.114452 3.694141 -5.882101 9.861281 0.702592 -10.936865 -0.360576 7.156199 2e-06 8.774822 0.0 -15.271345 18.55365 6.477272 -1.844032 2.498502 -2.507277 -10.163595 4.678944 4.621105 -20.976015 -5e-06 0.0 -21.226274 2.451694 -3.593999 1e-06 -7e-06 -1e-06 -1.362682 2.240797 -0.746325 -21.334904 0.584908 3.008319 -13.821206 -4e-06 -0.0 -23.887161 -0.24908 -0.839482 -58.765591 2.586387 -1.611135 -0.294025 1.679687 0.833256 -14.218202 0.093215 1.300577 -34.212036 -0.287568 0.96717 -20.033205 0.964533 1.212843 0.0 0.0 1e-06 -3.440386 0.788233 0.501655 -15.928179 -3.167311 2.999703 -6.338823 -1e-06 -2e-06 -18.12344 3.648178 -4.905667 -5e-06 0.0 1e-06 -0.11882 17.214325 16.031387 62.025524 58.625938 -10.043121 -5.367584 63.913319 -4.494758 0.632302 -16.532225 18.770058 2.243542 -5.255035 -3.180157 14.28289 -0.826594 6.9525 -1e-06 -12.690601 0.0 16.287781 -17.908125 2.842618 1.665666 -1.955921 -2.878299 4.727799 -4.170588 4.993921 11.020526 3e-06 1e-06 12.10905 -3.735715 -2.866782 1e-06 0.0 1e-06 1.291985 -1.928548 -1.498088 14.800129 0.567469 3.865607 14.242571 -1.341736 -6.660655 19.631968 0.143926 -0.648241 50.435322 -0.56011 -6.018259 0.353028 -1.511151 -0.031941 20.222788 3.684309 2.316631 18.78727 6e-06 1e-06 10.751628 -0.479867 1.397906 0.0 2e-06 2e-06 3.273808 0.305946 -0.580109 21.486818 11.830377 2.266137 8.162928 2e-06 0.0 18.399084 -3.798982 -4.940574 3e-06 1e-06 1e-06 -1.528041 3.199375 -55.330662 -0.166941 -0.118681 74.108032 1.70288 -10.895124 -18.840782 1.701028 -1.768174 -8.501135 0.0 0.0 2e-06 -5.864138 1.172078 -43.601185 0.190181 0.185829 74.003502 3.749102 1.562454 -28.767572 -1.528413 1.238546 -9.35172 -0.0 -0.0 -1e-06 
0.0 0.0 0.0 0.0 -0.0 0.0 -9.012272 84.718987 -18.841763 0.744058 10.913125 9.772037 0.350337 0.574234 17.151138 -0.194706 -0.198435 2.17763 -0.160612 -1.894307 21.865303 4.358665 0.39029 3.314946 0.071319 -1.067316 -3.592014 5.251326 -2.597765 -22.994898 7.7e-05 -2.3e-05 5e-06 -0.050067 0.190566 -0.091729 0.592942 -3.456601 -10.370384 -0.70313 3.841935 -10.492108 1.890635 -24.45249 15.329528 -35.377747 -51.257675 -31.09428 -1.425915 -41.498211 0.662601 23.07111 5.500808 -3.724035 -5.882098 9.861274 0.702588 -10.936859 -0.360581 7.156198 3e-06 8.774817 -3e-06 -15.160889 17.960974 6.437894 -1.84403 2.498501 -2.507275 -10.163588 4.678938 4.621102 -20.976004 -9e-06 3e-06 -21.226267 2.45169 -3.593996 -0.0 -6e-06 0.0 -1.362679 2.240794 -0.746321 -21.334888 0.584902 3.008322 -13.821198 -7e-06 3e-06 -23.887146 -0.249083 -0.839479 -57.875015 2.382933 -1.302704 -0.294024 1.679685 0.833255 -14.218193 0.09321 1.30058 -34.212013 -0.287571 0.967172 -20.033192 0.964531 1.212846 1e-06 1e-06 1e-06 -3.440386 0.788232 0.501654 -15.92817 -3.167312 2.999703 -6.338821 -3e-06 1e-06 -18.123426 3.648175 -4.905664 -3e-06 1e-06 -2e-06 0.640413 17.846132 16.725615 58.474091 58.064526 -9.391255 -5.111635 68.937233 -4.445556 1.872761 -18.20812 19.517036 2.243538 -5.255033 -3.180156 14.282883 -0.826591 6.952497 -3e-06 -12.690595 -0.0 16.048868 -17.39143 2.886619 1.665665 -1.955919 -2.878296 4.727796 -4.170584 4.993919 11.020519 4e-06 -0.0 12.109043 -3.735711 -2.866782 0.0 -1e-06 1e-06 1.291986 -1.928548 -1.498086 14.800118 0.56747 3.865604 14.242564 -1.341735 -6.660653 19.631954 0.143927 -0.648245 50.104675 -0.485595 -5.973777 0.353028 -1.51115 -0.031938 20.22278 3.684308 2.31663 18.787262 7e-06 2e-06 10.751622 -0.479868 1.397905 -0.0 1e-06 1e-06 3.273804 0.30595 -0.580111 21.486801 11.830366 2.266132 8.162921 4e-06 -1e-06 18.399071 -3.798982 -4.940571 2e-06 0.0 -0.0 -1.312638 2.145728 -53.190079 -0.054711 -0.083685 72.738007 0.373522 -9.597528 -21.643198 1.674496 -1.685012 -7.84446 0.0 -0.0 2e-06 -5.990076 2.701993 -44.121952 0.161459 0.156262 75.559639 4.694524 -0.632548 -26.943029 -1.588473 1.334166 -11.608754 -0.0 -0.0 -1e-06 
0.0 0.0 0.0 0.0 -0.0 0.0 -8.458076 84.87896 -18.079645 0.814195 9.742728 8.784098 0.696482 0.77853 16.956556 0.002041 0.274691 2.075663 0.263708 -1.073267 21.863199 3.925018 -0.274715 8.132988 -0.285591 -1.207302 -3.647477 5.115774 -2.819112 -21.711788 7.7e-05 -2.2e-05 7e-06 -0.10455 0.254027 -0.086037 0.511725 -3.374159 -10.34661 -0.732111 3.883009 -10.462195 -0.619221 -19.042389 16.783459 -54.283474 -48.852577 -16.565004 -1.67965 -53.063419 0.619935 20.24519 6.370594 -11.05403 -5.882106 9.861286 0.702591 -10.936872 -0.360574 7.156209 -0.0 8.774824 -2e-06 -15.481973 17.619518 6.274432 -1.844032 2.498505 -2.507277 -10.163599 4.678944 4.62111 -20.976021 0.0 6e-06 -21.226284 2.451702 -3.593997 -0.0 -7e-06 0.0 -1.362681 2.240798 -0.746323 -21.334911 0.58491 3.008327 -13.821213 -0.0 4e-06 -23.887167 -0.249074 -0.83948 -57.710106 2.17558 -1.162816 -0.294026 1.679688 0.833256 -14.218207 0.093213 1.300583 -34.212048 -0.287558 0.967178 -20.033211 0.964541 1.212846 -2e-06 2e-06 -3e-06 -3.440389 0.788233 0.501656 -15.928185 -3.16731 2.999712 -6.338826 -2e-06 3e-06 -18.123444 3.648183 -4.905667 -4e-06 -0.0 -2e-06 1.592358 16.862343 17.563705 57.499981 53.479565 -5.218589 -3.178985 79.574135 -3.001922 3.724902 -19.292501 22.537601 2.243541 -5.255037 -3.180157 14.282892 -0.826592 6.952501 -4e-06 -12.6906 -0.0 15.78473 -17.214155 2.859732 1.665665 -1.955922 -2.878298 4.7278 -4.170586 4.993923 11.020528 6e-06 -0.0 12.109053 -3.735713 -2.866784 -0.0 -2e-06 0.0 1.291982 -1.928547 -1.49809 14.800131 0.567469 3.865607 14.242574 -1.341731 -6.660657 19.631969 0.143929 -0.648243 49.781567 -0.528399 -5.994755 0.353028 -1.511149 -0.03194 20.222794 3.684313 2.316628 18.787273 7e-06 -1e-06 10.75163 -0.479867 1.397905 1e-06 1e-06 1e-06 3.273806 0.305946 -0.58011 21.486818 11.830376 2.266134 8.162928 2e-06 -0.0 18.39908 -3.798981 -4.940573 2e-06 1e-06 -1e-06 -1.450411 2.051387 -50.725491 0.109805 0.05911 72.083549 -0.695822 -8.802253 -23.589603 1.697381 -1.715278 -8.005987 -0.0 -0.0 2e-06 -5.909348 2.058194 -45.251934 0.170583 0.088377 79.038582 3.315507 -1.071073 -21.815004 -1.640716 1.288576 -16.044306 0.0 0.0 -1e-06 
0.0 0.0 0.0 0.0 -0.0 0.0 -7.843605 84.716682 -17.032284 1.263819 8.649688 7.080454 0.834968 0.913851 16.69438 0.060604 0.49899 1.784915 0.249132 -0.617295 21.772987 3.842346 -0.989005 14.409017 -0.478074 -1.189665 -3.696655 4.812758 -2.586942 -19.677212 7.7e-05 -2.3e-05 9e-06 -0.109771 0.219662 -0.084317 0.490071 -3.403241 -10.439651 -0.719946 3.835423 -10.506831 -3.211767 -13.614403 18.480606 -64.900009 -39.760429 -6.764312 -2.741694 -66.760704 1.364321 18.132507 8.149073 -18.697691 -5.882098 9.861276 0.702589 -10.936859 -0.360576 7.156199 1e-06 8.774819 -1e-06 -16.009375 17.708858 6.209397 -1.844031 2.498504 -2.507275 -10.163588 4.67894 4.621103 -20.976 -4e-06 -0.0 -21.226265 2.451692 -3.593997 -2e-06 -5e-06 -2e-06 -1.36268 2.240798 -0.746323 -21.334892 0.584906 3.00832 -13.821199 -3e-06 2e-06 -23.887146 -0.24908 -0.839479 -58.849102 1.952967 -1.095149 -0.294025 1.679683 0.833255 -14.218193 0.093214 1.300579 -34.212013 -0.287566 0.967171 -20.033192 0.964532 1.212844 1e-06 0.0 -3e-06 -3.440385 0.788232 0.501655 -15.928168 -3.167306 2.999703 -6.338819 -2e-06 1e-06 -18.123426 3.648178 -4.905665 -4e-06 -0.0 -1e-06 2.099954 14.389217 18.645412 57.399277 47.244747 0.999233 70.432365 89.379768 70.719032 6.270288 -19.179268 27.093582 2.24354 -5.255033 -3.180156 14.282883 -0.826596 6.9525 -3e-06 -12.690597 2e-06 15.171479 -17.268463 2.920068 1.665665 -1.95592 -2.878298 4.727797 -4.170584 4.993922 11.020519 2e-06 0.0 12.109042 -3.735713 -2.866781 0.0 -1e-06 0.0 1.291985 -1.928548 -1.498087 14.800118 0.567467 3.865607 14.242559 -1.341735 -6.660653 19.63195 0.143928 -0.648242 49.15892 -0.767178 -6.065287 0.353026 -1.511151 -0.031941 20.222775 3.684304 2.316631 18.787256 4e-06 2e-06 10.75162 -0.479872 1.397906 -1e-06 1e-06 -0.0 3.273804 0.305945 -0.58011 21.486799 11.830368 2.266132 8.162921 1e-06 1e-06 18.399069 -3.798983 -4.940569 3e-06 1e-06 -1e-06 -2.28864 3.332975 -48.333664 0.202947 0.209706 73.174675 -0.805807 -8.935506 -24.189674 1.734747 -1.813633 -8.862795 -0.0 0.0 2e-06 -6.126555 0.348067 -45.454933 0.114912 -0.087882 83.136627 0.772487 0.335387 -17.32671 -1.648764 1.132288 -19.047813 -0.0 -0.0 -1e-06 
0.0 0.0 0.0 0.0 -0.0 0.0 -7.21805 84.016815 -15.650615 1.920406 7.867861 4.759999 0.995645 0.95213 16.457249 0.043598 0.380366 1.320888 -0.029744 -0.321429 21.372696 3.839114 -1.723846 21.675482 -0.525612 -1.33903 -3.6471 4.31534 -2.372037 -16.690981 7.7e-05 -2.2e-05 7e-06 -0.058272 0.124809 -0.087481 0.54352 -3.476974 -10.552034 -0.66803 3.710114 -10.560784 -4.990728 -7.882848 19.983372 -67.341324 -28.211578 -1.382725 -1.968722 -81.732597 0.995441 14.312531 10.395325 -23.598076 -5.882097 9.861278 0.70259 -10.936856 -0.360577 7.156198 -0.0 8.774815 -1e-06 -16.403828 18.064672 6.309582 -1.844029 2.498503 -2.507275 -10.163589 4.678939 4.621105 -20.976004 -6e-06 4e-06 -21.226265 2.451692 -3.593995 -0.0 -7e-06 1e-06 -1.362679 2.240796 -0.746322 -21.334887 0.584907 3.008322 -13.821198 -3e-06 3e-06 -23.887142 -0.249079 -0.839481 -60.240452 1.768477 -1.019095 -0.294024 1.679684 0.833255 -14.21819 0.093211 1.30058 -34.212002 -0.287564 0.967173 -20.033188 0.964535 1.212845 0.0 -0.0 1e-06 -3.440384 0.788231 0.501655 -15.928168 -3.16731 2.999705 -6.338818 -2e-06 2e-06 -18.123425 3.64818 -4.905665 -3e-06 2e-06 -2e-06 1.481922 10.648989 19.708305 57.192619 39.820019 7.159143 168.223251 82.364571 169.171051 8.269731 -17.785074 31.562584 2.243538 -5.255027 -3.180154 14.282876 -0.826591 6.952495 -3e-06 -12.690589 -0.0 14.813889 -17.592951 3.075167 1.665663 -1.955918 -2.878294 4.727793 -4.170581 4.993919 11.020512 4e-06 1e-06 12.109036 -3.735713 -2.866779 -0.0 -1e-06 0.0 1.291983 -1.928546 -1.498088 14.80011 0.567467 3.865606 14.242553 -1.341736 -6.660646 19.631941 0.143925 -0.648241 49.035419 -0.932993 -5.990097 0.35303 -1.511151 -0.03194 20.222769 3.684307 2.316629 18.787251 4e-06 2e-06 10.751616 -0.479867 1.397906 0.0 1e-06 1e-06 3.273803 0.305947 -0.58011 21.486788 11.830359 2.266134 8.162917 0.0 1e-06 18.399059 -3.798982 -4.940566 4e-06 1e-06 0.0 -3.205401 5.544744 -46.173737 0.264289 0.337817 76.196617 -0.311632 -9.945941 -23.990803 1.778633 -1.88228 -10.153702 -0.0 0.0 2e-06 -6.584915 -1.329624 -44.225956 -0.021629 -0.236894 87.290009 -1.594491 1.921229 -15.055797 -1.610256 1.005354 -20.737953 0.0 0.0 -1e-06 
0.0 0.0 0.0 0.0 -0.0 0.0 -6.540115 82.803551 -14.163825 2.421193 7.28946 2.180945 1.2204 0.902742 16.266893 0.006797 0.243147 0.879462 -0.196703 -0.08846 20.646667 3.737727 -2.206388 28.269161 -0.650998 -1.640927 -3.562165 3.861548 -2.52528 -13.644049 7.7e-05 -2.3e-05 6e-06 -0.026255 0.071712 -0.098184 0.597175 -3.519305 -10.644053 -0.655861 3.643082 -10.616223 -4.646482 -2.410323 21.089806 -66.383102 -16.903292 1.360414 174.071884 -82.535919 -173.780472 8.376822 11.221134 -26.393843 -5.882106 9.861281 0.702589 -10.93687 -0.360575 7.156202 1e-06 8.774822 -1e-06 -16.495743 18.240406 6.296153 -1.844033 2.498502 -2.507276 -10.163599 4.678941 4.621107 -20.976021 -3e-06 2e-06 -21.226286 2.451699 -3.593999 -0.0 -7e-06 -1e-06 -1.362681 2.240797 -0.746324 -21.334909 0.584912 3.008321 -13.821208 -2e-06 2e-06 -23.887165 -0.249076 -0.839486 -60.608265 1.72416 -0.92681 -0.294025 1.679687 0.833256 -14.218207 0.093215 1.300579 -34.212048 -0.287562 0.967169 -20.033211 0.964535 1.212843 0.0 1e-06 -1e-06 -3.440387 0.788233 0.501655 -15.928183 -3.167303 2.999705 -6.338825 -2e-06 -0.0 -18.123444 3.648183 -4.905669 -4e-06 2e-06 -1e-06 -0.564571 6.771707 20.821304 55.729729 31.617069 12.066614 171.710831 76.774803 173.288971 9.875616 -15.811442 34.569977 2.243539 -5.255034 -3.180157 14.282881 -0.826594 6.952497 -4e-06 -12.690595 0.0 15.102525 -17.800095 3.102753 1.665664 -1.955919 -2.878298 4.727796 -4.170585 4.99392 11.020519 4e-06 -1e-06 12.109043 -3.735711 -2.866783 0.0 0.0 -1e-06 1.291984 -1.928547 -1.498088 14.800117 0.567467 3.865604 14.24256 -1.341733 -6.660653 19.631952 0.143927 -0.648244 49.50407 -0.863194 -5.848056 0.353028 -1.511149 -0.031941 20.222776 3.684307 2.316627 18.787262 4e-06 2e-06 10.751619 -0.479866 1.397905 -1e-06 1e-06 1e-06 3.273806 0.305945 -0.580111 21.486799 11.830368 2.26613 8.162922 1e-06 -2e-06 18.399071 -3.798982 -4.940571 3e-06 -2e-06 -2e-06 -3.796166 7.754829 -43.96085 0.261983 0.40761 79.88427 1.253881 -10.358506 -24.139563 1.81442 -1.893013 -11.546177 -0.0 0.0 2e-06 -7.204724 -1.858271 -41.875622 -0.068712 -0.201542 91.115967 -2.567221 3.477026 -14.523461 -1.583584 0.931941 -22.251999 -0.0 -0.0 -1e-06 
0.0 0.0 0.0 0.0 -0.0 0.0 -5.788697 81.121025 -12.823547 2.600838 6.607882 -0.168279 1.38407 0.802574 16.112888 -0.039595 0.322223 0.488555 -0.027141 0.141224 19.697084 3.444169 -2.225843 33.103683 -0.684024 -1.870485 -3.55218 3.318568 -2.914257 -11.128169 7.7e-05 -2.2e-05 6e-06 0.003579 0.032612 -0.129462 0.675198 -3.586065 -10.778243 -0.672495 3.632575 -10.740263 -2.133372 2.523414 22.001768 -64.848114 -5.577868 0.884711 178.432129 -65.850395 -176.500305 2.136051 9.462008 -28.871948 -5.882102 9.861274 0.702589 -10.936864 -0.360573 7.156199 1e-06 8.774815 -1e-06 -16.43288 18.037146 6.025528 -1.844031 2.4985 -2.507276 -10.163593 4.678936 4.621104 -20.976006 -2e-06 2e-06 -21.226274 2.451694 -3.593997 0.0 -6e-06 -2e-06 -1.36268 2.240795 -0.746323 -21.334896 0.584908 3.008321 -13.821205 -1e-06 2e-06 -23.887154 -0.249076 -0.839481 -59.580589 1.850934 -0.925118 -0.294024 1.679685 0.833255 -14.218199 0.093217 1.300579 -34.212029 -0.287564 0.96717 -20.033201 0.964536 1.212842 3e-06 -0.0 1e-06 -3.440386 0.788233 0.501655 -15.928172 -3.167304 2.999704 -6.338822 0.0 1e-06 -18.123434 3.64818 -4.905665 -5e-06 -0.0 -2e-06 -3.499472 3.675703 21.990097 51.912819 22.63237 16.218212 174.396439 71.507408 176.485764 11.174951 -13.731615 35.218746 2.243538 -5.255029 -3.180154 14.282871 -0.826593 6.952499 -1e-06 -12.690592 -2e-06 15.67879 -17.92919 3.022972 1.665661 -1.955919 -2.878294 4.727794 -4.170584 4.993918 11.02051 4e-06 2e-06 12.109035 -3.735714 -2.866778 -0.0 -1e-06 0.0 1.291983 -1.928548 -1.498088 14.800108 0.567466 3.865608 14.24255 -1.341737 -6.660645 19.631937 0.143922 -0.648239 50.193989 -0.66747 -5.746068 0.353028 -1.511148 -0.03194 20.222765 3.684304 2.316635 18.787249 4e-06 4e-06 10.751615 -0.479868 1.397909 -0.0 2e-06 -1e-06 3.273802 0.305944 -0.580106 21.486784 11.830362 2.266139 8.162913 -1e-06 1e-06 18.399059 -3.798985 -4.940565 3e-06 -0.0 1e-06 -4.014353 9.876797 -41.950836 0.23397 0.424867 83.807274 3.956566 -9.378983 -25.743408 1.814215 -1.822173 -13.072343 0.0 -0.0 2e-06 -7.845332 -0.90456 -39.29237 0.046954 -0.070188 94.670395 -2.045181 5.989616 -14.898831 -1.62855 0.889944 -23.805645 -0.0 0.0 -1e-06 
0.0 0.0 0.0 0.0 -0.0 0.0 -5.07452 78.855698 -11.67299 2.674833 6.151457 -1.833801 1.414913 0.683879 16.041183 -0.037511 0.322067 0.148885 0.38918 0.329608 18.502043 3.270833 -1.805401 35.583633 -0.84302 -2.045236 -3.542214 2.907913 -3.375016 -8.762362 7.7e-05 -2.3e-05 6e-06 0.031676 0.001302 -0.176269 0.752639 -3.668446 -10.948568 -0.692793 3.653854 -10.915065 1.706017 6.631883 22.434647 -63.01469 6.602005 -4.357725 -179.484192 -49.055462 -177.878326 -2.91487 5.508414 -32.82235 -5.882098 9.861274 0.70259 -10.936859 -0.360575 7.156199 2e-06 8.774817 -2e-06 -16.453197 17.588867 5.549941 -1.84403 2.498502 -2.507275 -10.163589 4.678937 4.621105 -20.976004 -4e-06 5e-06 -21.226265 2.451694 -3.593991 0.0 -5e-06 -2e-06 -1.36268 2.240796 -0.746323 -21.33489 0.584906 3.008322 -13.821199 -2e-06 4e-06 -23.887148 -0.249079 -0.83948 -58.305622 2.075988 -1.113416 -0.294024 1.679685 0.833255 -14.218193 0.093214 1.30058 -34.212013 -0.287567 0.967175 -20.033192 0.964536 1.212845 -1e-06 0.0 0.0 -3.440384 0.788233 0.501655 -15.928168 -3.167309 2.999704 -6.338819 -2e-06 1e-06 -18.123423 3.648177 -4.905664 -3e-06 1e-06 -3e-06 -6.186539 1.357681 22.90942 46.19762 13.0674 19.236675 175.040268 65.296349 177.848572 11.880325 -11.79828 33.460526 2.24354 -5.255031 -3.180155 14.282876 -0.826592 6.952496 -2e-06 -12.690592 0.0 16.241188 -17.903597 2.902716 1.665665 -1.955918 -2.878298 4.727795 -4.170583 4.993918 11.020518 4e-06 -1e-06 12.109042 -3.73571 -2.866785 -0.0 1e-06 -2e-06 1.291986 -1.928547 -1.498088 14.800115 0.567467 3.865602 14.24256 -1.341732 -6.660653 19.631948 0.143927 -0.648246 51.16362 -0.536603 -5.631369 0.353028 -1.511147 -0.031939 20.222771 3.684307 2.316628 18.787254 5e-06 -4e-06 10.751617 -0.479865 1.397905 -1e-06 -2e-06 -2e-06 3.273804 0.305947 -0.580111 21.486792 11.830361 2.266125 8.162917 0.0 -3e-06 18.399065 -3.79898 -4.940573 2e-06 -0.0 0.0 -4.111532 11.27249 -41.191097 0.228791 0.523488 88.626053 6.057509 -7.292338 -28.246948 1.820708 -1.737177 -13.952783 -0.0 -0.0 2e-06 -8.278572 0.537151 -37.007759 0.077904 0.068528 97.704491 -1.110904 7.789575 -16.971102 -1.75562 0.9796 -25.781765 0.0 0.0 -1e-06 
0.0 0.0 0.0 0.0 -0.0 0.0 -4.521359 76.47303 -10.893764 2.639913 6.057054 -2.989918 1.415163 0.499677 15.891318 0.040008 0.303951 0.080694 0.995108 0.296276 17.486633 3.10598 -1.213971 36.00972 -1.086014 -1.987738 -3.523109 2.497786 -3.486629 -6.468474 7.7e-05 -2.2e-05 5e-06 0.012075 0.020245 -0.211076 0.776253 -3.681674 -11.020317 -0.756595 3.706961 -11.008232 5.562274 9.785011 22.419277 -60.578964 18.898573 -15.613218 179.565887 -35.475822 -178.614822 -5.348527 -0.409933 -39.260124 -5.882104 9.861283 0.702591 -10.936865 -0.360575 7.1562 -1e-06 8.774823 -3e-06 -16.324718 16.965891 5.125065 -1.844031 2.498504 -2.507276 -10.163594 4.678943 4.621107 -20.976009 1e-06 3e-06 -21.226269 2.451699 -3.593998 1e-06 -8e-06 -0.0 -1.362681 2.240798 -0.746322 -21.3349 0.58491 3.008322 -13.821205 1e-06 2e-06 -23.887156 -0.249075 -0.839484 -57.632698 2.198057 -1.250614 -0.294025 1.679688 0.833256 -14.2182 0.093214 1.300582 -34.212021 -0.287557 0.967169 -20.033201 0.964539 1.212843 0.0 1e-06 0.0 -3.440387 0.788232 0.501656 -15.928177 -3.167306 2.999707 -6.338821 -0.0 2e-06 -18.123436 3.648185 -4.905669 -6e-06 2e-06 -1e-06 -8.067709 -0.207527 23.421352 40.039814 3.48259 20.503859 174.908829 57.687313 178.492004 10.689838 -10.701326 30.238564 2.24354 -5.25503 -3.180156 14.28288 -0.826592 6.952494 -5e-06 -12.69059 1e-06 16.361639 -17.588505 2.703724 1.665665 -1.955918 -2.878296 4.727796 -4.170584 4.993918 11.020517 6e-06 -2e-06 12.109042 -3.735709 -2.866781 0.0 -0.0 -1e-06 1.291984 -1.928545 -1.498088 14.800115 0.567469 3.865603 14.24256 -1.341733 -6.660651 19.631952 0.143928 -0.648243 51.063808 -0.367756 -5.601604 0.353029 -1.511149 -0.03194 20.222775 3.684307 2.316625 18.787262 7e-06 -2e-06 10.751622 -0.479867 1.397904 3e-06 0.0 -1e-06 3.273804 0.305946 -0.58011 21.486797 11.830365 2.266128 8.162919 1e-06 -2e-06 18.399067 -3.798976 -4.940569 3e-06 0.0 -1e-06 -4.316877 12.187396 -41.583363 0.296006 0.581151 93.703239 7.471535 -5.413084 -30.011322 1.806213 -1.669658 -15.343884 -0.0 0.0 1e-06 -8.372363 1.68202 -35.604187 0.063311 0.113577 101.091232 -0.748511 7.925628 -20.151945 -1.84883 1.034424 -27.581018 0.0 0.0 -1e-06 
0.0 0.0 0.0 0.0 -0.0 0.0 -4.275585 74.171753 -10.532894 2.357713 6.119193 -4.028841 1.524989 0.398038 15.794803 0.15107 0.229031 0.096916 1.792092 0.169157 16.917177 2.932765 -0.435028 35.368996 -1.309348 -1.764016 -3.522477 2.366684 -3.293043 -4.11332 7.7e-05 -2.3e-05 6e-06 -0.05529 0.077957 -0.219481 0.738375 -3.642739 -11.042021 -0.855152 3.785074 -11.037446 8.742011 11.80199 22.156855 -57.817558 29.262638 -27.378187 174.685699 -29.541067 -178.739502 -3.950224 -6.610593 -45.241425 -5.882102 9.861278 0.702588 -10.936861 -0.360576 7.156198 -1e-06 8.774817 -2e-06 -16.189161 16.443624 4.837754 -1.844031 2.498503 -2.507275 -10.163591 4.678941 4.621101 -20.976009 -2e-06 -0.0 -21.226271 2.451694 -3.594002 -0.0 -5e-06 1e-06 -1.36268 2.240798 -0.746322 -21.3349 0.58491 3.008317 -13.821205 -1e-06 -0.0 -23.887152 -0.249081 -0.839486 -57.842026 2.373634 -1.39808 -0.294024 1.679686 0.833254 -14.218197 0.093216 1.300579 -34.212021 -0.287565 0.967163 -20.033194 0.964534 1.21284 1e-06 1e-06 -0.0 -3.440386 0.788233 0.501654 -15.928174 -3.167307 2.999704 -6.338822 -0.0 1e-06 -18.12343 3.64818 -4.90567 -5e-06 1e-06 -2e-06 -9.259384 -1.350854 23.813242 34.826401 -4.542357 20.393328 175.237259 50.02301 178.96756 7.733515 -10.733524 26.853571 2.24354 -5.25503 -3.180155 14.282878 -0.826593 6.952494 -3e-06 -12.690592 -1e-06 16.542025 -17.385168 2.425839 1.665665 -1.955918 -2.878298 4.727794 -4.170584 4.993917 11.020516 4e-06 -2e-06 12.109041 -3.735711 -2.866783 0.0 -1e-06 -1e-06 1.291984 -1.928546 -1.498088 14.800115 0.567472 3.865602 14.24256 -1.341735 -6.660654 19.631952 0.143929 -0.648244 50.788242 -0.28124 -5.654256 0.35303 -1.511148 -0.031941 20.222771 3.684308 2.316627 18.787254 5e-06 -3e-06 10.751618 -0.479866 1.397904 -1e-06 0.0 -2e-06 3.273804 0.305947 -0.580111 21.486794 11.830361 2.266129 8.16292 2e-06 -1e-06 18.399067 -3.798977 -4.940573 2e-06 -0.0 1e-06 -4.238689 12.998041 -42.123566 0.388756 0.632606 98.301941 8.316412 -4.199339 -31.419294 1.804291 -1.634093 -16.476561 0.0 -0.0 2e-06 -8.057686 2.238213 -34.616245 0.04546 0.118977 104.38176 -0.586373 7.237213 -23.026447 -1.908789 1.069691 -28.771685 0.0 0.0 -1e-06 
0.0 0.0 0.0 0.0 -0.0 0.0 -4.117108 72.055771 -10.187449 2.173496 6.433781 -5.265228 1.661071 0.453405 15.753217 0.326316 -0.034605 0.077246 2.491111 0.132453 16.600889 3.005531 0.197035 35.021526 -1.614867 -1.501855 -3.479214 2.658776 -2.860199 -1.960703 7.7e-05 -2.2e-05 5e-06 -0.159872 0.162824 -0.204683 0.635259 -3.566463 -11.046721 -0.962049 3.877357 -11.046154 11.509127 12.71887 21.892382 -54.545479 36.552193 -34.101528 170.010712 -29.712994 -178.650146 -0.97738 -10.226311 -49.561317 -5.882098 9.861275 0.70259 -10.93686 -0.360576 7.1562 2e-06 8.774817 -2e-06 -15.889215 16.251472 5.045177 -1.84403 2.498502 -2.507276 -10.163589 4.678937 4.621106 -20.976004 -5e-06 7e-06 -21.226265 2.451693 -3.593991 0.0 -6e-06 -0.0 -1.36268 2.240796 -0.746322 -21.334894 0.584905 3.008322 -13.821201 -4e-06 5e-06 -23.887146 -0.24908 -0.839475 -58.413548 2.522112 -1.417958 -0.294024 1.679686 0.833254 -14.218194 0.093212 1.300582 -34.212013 -0.287567 0.967175 -20.033194 0.964534 1.212846 0.0 1e-06 0.0 -3.440385 0.788232 0.501655 -15.928172 -3.16731 2.999706 -6.33882 -2e-06 3e-06 -18.123425 3.648176 -4.905663 -3e-06 -1e-06 -3e-06 -10.688203 -2.04416 24.175476 31.822996 -10.986212 20.860582 176.440842 43.356609 179.557907 3.487447 -11.567856 24.622179 2.243537 -5.255033 -3.180155 14.282877 -0.826595 6.9525 -2e-06 -12.690593 1e-06 16.745457 -17.308119 2.277941 1.665663 -1.955919 -2.878296 4.727794 -4.170583 4.993921 11.020513 3e-06 1e-06 12.109037 -3.735712 -2.86678 -0.0 0.0 -0.0 1.291985 -1.928547 -1.498088 14.800115 0.567467 3.865607 14.242558 -1.341738 -6.660652 19.631947 0.143924 -0.648243 50.904915 -0.423981 -5.764579 0.353028 -1.51115 -0.031939 20.222769 3.684307 2.316632 18.787254 3e-06 0.0 10.751616 -0.47987 1.397907 2e-06 1e-06 0.0 3.273804 0.305945 -0.58011 21.486792 11.830363 2.266135 8.16292 1e-06 2e-06 18.399063 -3.798985 -4.940568 3e-06 -1e-06 -1e-06 -4.113348 13.502177 -42.090309 0.522246 0.719573 102.204063 8.632853 -3.696524 -32.539894 1.794207 -1.594133 -17.050106 -0.0 0.0 2e-06 -7.826044 2.138858 -33.184334 -0.000228 0.13743 107.189919 -0.258939 6.518405 -25.217216 -1.981485 1.126258 -30.148483 -0.0 -0.0 -1e-06 
0.0 0.0 0.0 0.0 -0.0 0.0 -4.149684 70.09948 -9.907145 2.26598 6.6266 -6.772161 1.774118 0.441704 15.586473 0.3357 0.042408 -0.041961 2.782021 0.084178 16.475533 3.106194 0.498717 35.233692 -1.523182 -0.752388 -3.595779 2.793529 -2.131798 0.13247 7.7e-05 -2.2e-05 5e-06 -0.239466 0.240508 -0.235495 0.566175 -3.50393 -11.10816 -1.051762 3.968979 -11.105904 13.782604 13.326106 22.085218 -50.058422 40.918983 -35.812534 167.619949 -31.451523 -178.766052 0.700256 -11.493033 -51.15255 -5.8821 9.861277 0.70259 -10.936864 -0.360575 7.156204 2e-06 8.774819 0.0 -15.2073 16.154102 5.448721 -1.844031 2.498502 -2.507274 -10.163592 4.67894 4.621105 -20.976009 -5e-06 6e-06 -21.226271 2.451695 -3.593995 0.0 -6e-06 0.0 -1.362679 2.240796 -0.746323 -21.3349 0.584907 3.008324 -13.821203 -4e-06 4e-06 -23.887154 -0.249078 -0.839476 -58.333424 2.672858 -1.48229 -0.294024 1.679686 0.833257 -14.218197 0.093213 1.300581 -34.212021 -0.287566 0.967176 -20.033197 0.964537 1.212846 -0.0 -1e-06 1e-06 -3.440386 0.788233 0.501655 -15.928176 -3.16731 2.999707 -6.338821 -3e-06 1e-06 -18.123436 3.648179 -4.905665 -5e-06 -0.0 -1e-06 -12.870605 -1.942736 24.35648 30.89105 -16.209835 23.806557 177.515656 38.158531 -179.905945 -1.210715 -12.846662 23.312757 2.243539 -5.255033 -3.180156 14.282882 -0.826594 6.952502 -2e-06 -12.690597 -1e-06 16.781273 -17.456398 2.376066 1.665665 -1.955921 -2.878297 4.727797 -4.170583 4.993923 11.020518 5e-06 1e-06 12.109042 -3.735713 -2.86678 0.0 1e-06 1e-06 1.291985 -1.928549 -1.498089 14.800118 0.567466 3.865607 14.242561 -1.341737 -6.660653 19.631952 0.143924 -0.648243 50.808846 -0.298936 -5.723791 0.353028 -1.511149 -0.031939 20.222782 3.684307 2.316632 18.787266 3e-06 3e-06 10.751622 -0.479867 1.397906 -0.0 2e-06 -1e-06 3.273803 0.305944 -0.58011 21.486799 11.830366 2.266135 8.162922 -0.0 1e-06 18.399071 -3.798982 -4.94057 3e-06 -0.0 -1e-06 -4.161528 14.071438 -41.685974 0.583987 0.737766 105.939987 8.95693 -2.985021 -32.895184 1.768288 -1.544393 -18.446283 0.0 -0.0 2e-06 -7.762064 2.127286 -31.199318 0.10179 0.227885 109.681908 -0.334657 6.050667 -27.204052 -1.988786 1.073536 -31.452076 -0.0 -0.0 -0.0 
0.0 0.0 0.0 0.0 -0.0 0.0 -4.254741 68.078941 -9.412816 2.498112 6.951736 -8.689325 1.970171 0.454184 15.485748 0.321004 0.082076 -0.223238 2.857901 0.225526 16.274801 3.187272 0.706132 35.692318 -1.465151 -0.086996 -3.611933 3.525659 -1.486997 1.88316 7.7e-05 -2.2e-05 7e-06 -0.241481 0.268691 -0.245526 0.565876 -3.501978 -11.165858 -1.056218 4.023432 -11.201101 15.203096 13.604401 22.294348 -44.007538 43.162453 -34.104855 167.356354 -32.940681 -179.120148 0.852932 -11.92048 -50.166656 -5.882102 9.861279 0.702589 -10.936868 -0.360576 7.156201 1e-06 8.774819 -1e-06 -14.900751 16.274759 5.931941 -1.844032 2.498503 -2.507277 -10.163595 4.678942 4.621109 -20.976015 -5e-06 3e-06 -21.226274 2.451695 -3.593997 -1e-06 -6e-06 -1e-06 -1.36268 2.240797 -0.746324 -21.334906 0.584907 3.008322 -13.821209 -2e-06 3e-06 -23.887161 -0.249076 -0.839481 -58.33802 2.760768 -1.338219 -0.294025 1.679686 0.833254 -14.218204 0.093214 1.300581 -34.21204 -0.287566 0.967173 -20.033209 0.964537 1.212846 0.0 -2e-06 -1e-06 -3.440387 0.788233 0.501654 -15.928181 -3.167309 2.999706 -6.338823 -2e-06 0.0 -18.123444 3.64818 -4.905667 -3e-06 1e-06 -1e-06 -15.659097 -1.401623 24.630083 31.492569 -20.984184 28.460258 177.304977 34.523315 179.992615 -4.572705 -13.998618 22.120882 2.24354 -5.255036 -3.180155 14.28288 -0.826595 6.952499 -1e-06 -12.6906 1e-06 16.714209 -17.430998 2.53842 1.665666 -1.95592 -2.878298 4.727798 -4.170587 4.993923 11.020518 2e-06 -2e-06 12.109043 -3.735717 -2.866783 0.0 -0.0 -0.0 1.291986 -1.928547 -1.498088 14.800118 0.567466 3.865605 14.242561 -1.341737 -6.660655 19.631954 0.143926 -0.648245 50.851746 -0.510213 -5.775208 0.353027 -1.511151 -0.03194 20.222775 3.684308 2.316628 18.787258 3e-06 -0.0 10.75162 -0.47987 1.397904 0.0 1e-06 2e-06 3.273804 0.305947 -0.580111 21.486794 11.830368 2.266131 8.162921 2e-06 -1e-06 18.399071 -3.798988 -4.940573 3e-06 -1e-06 -1e-06 -3.967794 14.4924 -40.841049 0.798114 0.931618 110.186836 9.189792 -1.751395 -32.692383 1.764521 -1.513168 -20.266483 -0.0 0.0 2e-06 -7.758574 2.178074 -28.377068 0.121033 0.327012 111.990845 0.076667 5.49549 -29.014599 -1.984634 1.056347 -32.588455 0.0 0.0 -1e-06 
0.0 0.0 0.0 0.0 -0.0 0.0 -4.460491 65.967644 -8.683968 2.781487 7.016233 -10.859044 2.220043 0.429523 15.332433 0.279112 0.317082 -0.45368 2.657964 0.542719 16.082481 2.947468 0.773421 35.692913 -1.340042 0.808667 -3.708997 4.561145 -1.082057 3.48857 7.7e-05 -2.3e-05 6e-06 -0.247494 0.279502 -0.257328 0.5702 -3.512007 -11.196046 -1.073672 4.055784 -11.245809 15.503928 14.178255 22.786976 -37.390644 43.427498 -31.271656 168.916138 -34.023674 -179.675079 -0.509405 -11.62097 -46.283413 -5.882099 9.861278 0.702591 -10.936864 -0.360578 7.156202 2e-06 8.77482 -2e-06 -14.7795 16.571413 6.363442 -1.84403 2.498503 -2.507275 -10.16359 4.678937 4.621105 -20.976009 -9e-06 6e-06 -21.226271 2.451689 -3.593992 1e-06 -5e-06 -1e-06 -1.36268 2.240797 -0.746324 -21.334896 0.584903 3.008323 -13.821203 -6e-06 4e-06 -23.887152 -0.249081 -0.839475 -58.434299 2.9008 -1.456535 -0.294024 1.679686 0.833256 -14.218198 0.093212 1.300582 -34.212025 -0.287569 0.967175 -20.033201 0.964535 1.212847 -1e-06 1e-06 -0.0 -3.440387 0.788232 0.501654 -15.928176 -3.167312 2.999707 -6.338821 -4e-06 1e-06 -18.12343 3.648176 -4.905664 -6e-06 -0.0 -0.0 -18.345089 -0.625056 25.005161 33.023712 -24.9583 34.758373 175.851624 33.209232 179.633698 -6.392393 -15.786784 21.80459 2.243537 -5.255033 -3.180156 14.282877 -0.826592 6.952503 -3e-06 -12.690597 -0.0 16.723995 -17.15881 2.621778 1.665663 -1.955921 -2.878297 4.727795 -4.170583 4.993921 11.020514 4e-06 2e-06 12.109037 -3.735713 -2.866779 0.0 -0.0 -0.0 1.291984 -1.928548 -1.498088 14.800115 0.567469 3.865609 14.242558 -1.341736 -6.660649 19.63195 0.143924 -0.648238 50.886532 -0.63233 -5.653005 0.35303 -1.511149 -0.03194 20.222775 3.684308 2.316635 18.787256 5e-06 6e-06 10.75162 -0.479869 1.397908 0.0 1e-06 1e-06 3.273805 0.305948 -0.58011 21.486801 11.830367 2.266139 8.162921 -0.0 2e-06 18.399067 -3.798985 -4.940568 3e-06 0.0 -1e-06 -3.278459 15.328813 -39.088455 0.946172 1.058162 114.564835 8.884206 -1.18558 -33.243744 1.791342 -1.580067 -21.525564 -0.0 -0.0 2e-06 -7.585509 2.667552 -25.025213 0.172826 0.434459 114.460579 0.548363 5.318171 -31.179073 -1.96683 1.014111 -33.616096 -0.0 0.0 -1e-06 
0.0 0.0 0.0 0.0 -0.0 0.0 -4.746062 63.869774 -7.756968 3.23195 6.675597 -12.951333 2.501502 0.387602 15.05594 0.248148 0.599732 -0.592524 2.033696 0.933813 15.894156 2.243211 1.035709 34.720043 -0.697968 1.585098 -3.806419 5.099447 -0.630677 4.965214 7.7e-05 -2.2e-05 5e-06 -0.240309 0.271816 -0.2604 0.587591 -3.550344 -11.209848 -1.077896 4.080462 -11.316449 14.248086 15.424557 23.544481 -32.535961 41.970268 -30.244202 172.363617 -34.706383 179.45491 -3.201049 -10.105152 -39.613079 -5.882097 9.861275 0.70259 -10.936861 -0.360576 7.156202 3e-06 8.774816 -0.0 -14.999619 16.995728 6.710235 -1.84403 2.498501 -2.507274 -10.163589 4.678938 4.621105 -20.976 -7e-06 7e-06 -21.226269 2.451693 -3.59399 0.0 -6e-06 0.0 -1.362679 2.240795 -0.746323 -21.334894 0.584904 3.008324 -13.821198 -5e-06 6e-06 -23.887146 -0.249077 -0.839476 -58.894966 3.003988 -1.409532 -0.294024 1.679685 0.833255 -14.218194 0.093211 1.300583 -34.212013 -0.287567 0.967179 -20.033194 0.964536 1.212848 0.0 0.0 -0.0 -3.440385 0.788231 0.501653 -15.928172 -3.167309 2.999706 -6.338822 -2e-06 3e-06 -18.123426 3.648176 -4.905662 -5e-06 -0.0 -1e-06 -20.463167 0.354291 25.336622 36.43269 -27.858578 41.721111 173.358261 34.926731 179.067734 -7.001132 -19.137075 21.919409 2.24354 -5.255033 -3.180155 14.282881 -0.826594 6.952497 -2e-06 -12.690598 -0.0 16.424826 -16.701221 2.771348 1.665665 -1.95592 -2.878296 4.727795 -4.170584 4.993919 11.020517 3e-06 -1e-06 12.109041 -3.735714 -2.866782 0.0 -1e-06 -0.0 1.291984 -1.928549 -1.498087 14.800117 0.567468 3.865604 14.24256 -1.341736 -6.660653 19.63195 0.143926 -0.648244 50.598042 -0.70076 -5.417604 0.353029 -1.51115 -0.031939 20.222776 3.684308 2.316627 18.787258 4e-06 -1e-06 10.75162 -0.479868 1.397905 -2e-06 1e-06 1e-06 3.273804 0.305946 -0.580111 21.486797 11.830368 2.26613 8.16292 -2e-06 -1e-06 18.399067 -3.798983 -4.940573 3e-06 1e-06 -1e-06 -2.283058 16.634054 -36.667667 0.928519 0.971805 118.693169 8.023816 -1.374421 -34.705956 1.831514 -1.64703 -23.2784 0.0 -0.0 2e-06 -7.325007 3.692441 -21.522144 0.288347 0.561773 117.079048 1.171821 5.360677 -33.555058 -1.98969 0.95666 -35.297832 0.0 0.0 -1e-06 
0.0 0.0 0.0 0.0 -0.0 0.0 -5.089778 61.833225 -6.762587 3.747319 6.177153 -14.628531 2.658118 0.253988 14.921832 0.231309 0.825713 -0.67175 1.285189 1.258176 15.631858 1.445117 1.606252 32.778534 -0.194995 1.890416 -3.742822 5.616647 -0.476595 5.534375 7.6e-05 -2.3e-05 7e-06 -0.192632 0.202772 -0.254396 0.620562 -3.639127 -11.21549 -1.016596 4.033037 -11.359474 11.409983 16.342871 24.038572 -32.377541 39.968304 -30.580793 175.378937 -35.051994 179.285309 -6.10395 -8.815085 -32.630283 -5.882099 9.86128 0.702588 -10.936862 -0.360574 7.156199 1e-06 8.774818 -1e-06 -15.722083 17.289698 6.584195 -1.84403 2.498504 -2.507277 -10.163589 4.678938 4.621104 -20.976006 -3e-06 2e-06 -21.226271 2.451694 -3.593997 2e-06 -6e-06 -0.0 -1.36268 2.240796 -0.746323 -21.334896 0.584909 3.008322 -13.821201 -3e-06 2e-06 -23.887148 -0.249079 -0.839481 -59.413769 3.002475 -1.271549 -0.294025 1.679686 0.833256 -14.218193 0.093215 1.300581 -34.212013 -0.287562 0.967173 -20.033192 0.964534 1.212843 -0.0 1e-06 -0.0 -3.440385 0.788233 0.501656 -15.928174 -3.167308 2.999705 -6.338822 -2e-06 2e-06 -18.12343 3.64818 -4.905665 -6e-06 1e-06 -2e-06 -20.585951 0.833362 25.629473 41.755627 -29.331482 45.104904 171.11348 38.832298 178.214523 -5.483976 -21.238153 20.970898 2.24354 -5.255034 -3.180155 14.282882 -0.826594 6.952497 -2e-06 -12.690599 1e-06 16.191704 -16.195843 2.771825 1.665664 -1.955921 -2.878298 4.727796 -4.170586 4.993921 11.020519 3e-06 -1e-06 12.109044 -3.735713 -2.866783 0.0 -0.0 -0.0 1.291984 -1.928549 -1.498088 14.800118 0.567469 3.865605 14.242564 -1.341735 -6.660655 19.631952 0.143926 -0.648246 50.497688 -0.994396 -5.302568 0.353028 -1.511148 -0.031939 20.222782 3.684309 2.316628 18.787266 4e-06 -1e-06 10.751624 -0.479867 1.397904 2e-06 1e-06 -0.0 3.273805 0.305945 -0.58011 21.486801 11.83037 2.26613 8.162922 3e-06 -1e-06 18.399071 -3.798984 -4.940573 3e-06 -0.0 -0.0 -1.017112 17.916191 -34.152504 0.939818 1.024413 122.243721 7.899872 -1.454736 -35.637009 1.916101 -1.662321 -25.95207 -0.0 0.0 2e-06 -7.243406 4.321428 -18.65317 0.339673 0.738636 119.823006 2.183332 5.133919 -35.134224 -2.038742 0.990623 -36.736294 0.0 -0.0 -1e-06 
0.0 0.0 0.0 0.0 -0.0 0.0 -5.525006 59.673264 -6.016685 3.931059 5.122035 -15.883371 2.789986 -0.023935 14.913983 0.289863 1.109097 -0.551202 0.597701 1.094796 15.753109 0.382723 2.666634 29.586668 0.211943 1.879503 -3.703851 5.712299 -0.170278 4.861355 7.7e-05 -2.2e-05 8e-06 -0.15982 0.157061 -0.277729 0.632983 -3.671645 -11.155494 -0.962129 3.97466 -11.302258 6.846537 17.623835 23.816597 -35.657318 37.033211 -32.492115 177.647675 -36.138767 179.80658 -8.313049 -6.916701 -28.354944 -5.882102 9.86128 0.702589 -10.936866 -0.360574 7.156204 1e-06 8.77482 0.0 -16.275278 17.492811 6.206551 -1.844032 2.498503 -2.507277 -10.163595 4.678943 4.621109 -20.976013 -3e-06 3e-06 -21.226273 2.451695 -3.593995 -1e-06 -6e-06 0.0 -1.362681 2.240797 -0.746323 -21.334902 0.584909 3.008326 -13.821208 -2e-06 2e-06 -23.887157 -0.249076 -0.83948 -59.792564 2.859513 -1.256344 -0.294025 1.679686 0.833254 -14.218199 0.093214 1.30058 -34.212032 -0.287562 0.967173 -20.033203 0.964538 1.212843 -0.0 -0.0 1e-06 -3.440386 0.788232 0.501656 -15.928179 -3.167307 2.999706 -6.338823 -1e-06 0.0 -18.12344 3.648182 -4.905668 -6e-06 1e-06 -2e-06 -18.310982 0.582146 25.475241 48.736088 -28.366835 43.478661 171.78064 44.073956 178.235397 -2.968699 -18.357752 14.370193 2.243541 -5.255033 -3.180155 14.282878 -0.826596 6.952496 -0.0 -12.690593 -0.0 16.56789 -16.071108 2.737267 1.665665 -1.95592 -2.878297 4.727797 -4.170583 4.99392 11.020517 3e-06 -2e-06 12.109042 -3.735713 -2.866782 -1e-06 2e-06 -0.0 1.291985 -1.928545 -1.498088 14.800117 0.567466 3.865605 14.242561 -1.341736 -6.660654 19.631952 0.143925 -0.648246 50.471798 -1.028876 -4.998962 0.353029 -1.51115 -0.031938 20.222776 3.684305 2.316627 18.787256 2e-06 -1e-06 10.751619 -0.479869 1.397905 -0.0 2e-06 -1e-06 3.273803 0.305946 -0.58011 21.486794 11.83036 2.26613 8.162921 -0.0 -1e-06 18.399071 -3.798983 -4.940574 1e-06 -0.0 -0.0 0.643841 19.488462 -31.831318 0.834723 0.99261 125.612564 7.978153 -1.009038 -37.171341 1.941636 -1.662038 -27.681356 0.0 -0.0 1e-06 -6.991997 4.673832 -17.278252 0.339857 0.859962 123.811836 3.016598 4.90306 -35.182259 -2.040873 0.923927 -38.510956 0.0 0.0 -2e-06 
0.0 0.0 0.0 0.0 -0.0 0.0 -5.990722 57.48167 -5.653147 3.513143 3.859616 -17.069904 2.92326 -0.267064 15.204705 0.441316 1.152045 -0.25134 0.324793 0.66642 16.597357 -0.50063 3.565998 25.909285 0.186358 1.706202 -3.604617 5.612978 0.146212 2.742999 7.6e-05 -2.2e-05 6e-06 -0.122231 0.136571 -0.261084 0.63469 -3.663436 -10.951559 -0.886898 3.927061 -11.094834 1.069053 18.140755 22.847366 -40.831707 32.683388 -34.877033 179.353317 -38.989307 -179.836258 -8.062085 -3.975899 -26.569365 -5.88211 9.861288 0.70259 -10.936875 -0.360572 7.156206 0.0 8.774826 2e-06 -16.622396 17.789118 5.889353 -1.844034 2.498503 -2.507279 -10.163603 4.678949 4.621109 -20.97603 -0.0 -0.0 -21.226299 2.451702 -3.594004 1e-06 -8e-06 -2e-06 -1.362682 2.240798 -0.746324 -21.334925 0.584912 3.008323 -13.82122 0.0 0.0 -23.887184 -0.249077 -0.839488 -59.665131 2.59029 -1.262225 -0.294024 1.679688 0.833259 -14.218212 0.093217 1.30058 -34.212063 -0.287561 0.967165 -20.03322 0.964538 1.212839 0.0 -0.0 2e-06 -3.440389 0.788235 0.501655 -15.928189 -3.167307 2.999707 -6.338827 0.0 1e-06 -18.123447 3.648185 -4.905671 -7e-06 2e-06 -0.0 -13.416014 -0.057908 25.185612 56.075203 -24.847363 35.135868 176.135086 50.462181 179.677048 -1.739253 -11.18922 5.139339 2.243542 -5.255037 -3.180161 14.282895 -0.826592 6.9525 -5e-06 -12.69061 -0.0 17.34149 -16.732155 2.607575 1.665668 -1.955922 -2.8783 4.727799 -4.170588 4.993923 11.020531 5e-06 -3e-06 12.109056 -3.735715 -2.866786 0.0 1e-06 -2e-06 1.291985 -1.92855 -1.49809 14.800136 0.56747 3.865607 14.242579 -1.341737 -6.660663 19.631975 0.143928 -0.648247 50.544083 -1.205219 -5.109787 0.353028 -1.511152 -0.031941 20.222797 3.684315 2.316626 18.787279 1e-05 -2e-06 10.751629 -0.479866 1.397908 -0.0 -0.0 -1e-06 3.273808 0.305945 -0.58011 21.486824 11.830382 2.266132 8.16293 3e-06 -2e-06 18.399088 -3.798982 -4.940579 3e-06 1e-06 -1e-06 2.842109 20.53866 -29.837044 0.675558 0.844616 128.839813 8.264746 -0.345466 -38.707218 1.960942 -1.665683 -29.851418 -0.0 -0.0 2e-06 -6.585158 4.203074 -16.946815 0.270979 0.785929 128.270828 3.699384 4.699062 -34.130009 -1.991902 0.836689 -39.359753 -0.0 -0.0 -3e-06 
0.0 0.0 0.0 0.0 -0.0 0.0 -6.42874 54.965042 -5.777822 2.877158 2.647623 -18.484966 2.921233 -0.322378 16.014957 0.546695 0.990765 0.238904 0.500459 0.284846 18.120667 -0.88522 3.776262 22.650253 0.188867 1.580694 -3.537191 5.062657 0.670231 0.609345 7.7e-05 -2.3e-05 6e-06 -0.048461 0.113825 -0.258732 0.699498 -3.660991 -10.751766 -0.801109 3.881315 -10.897856 -3.773834 17.169184 22.060398 -46.141277 26.319376 -35.515766 -178.630951 -44.686825 179.45726 -4.728117 -0.332407 -24.200428 -5.882098 9.861274 0.70259 -10.936859 -0.360578 7.1562 2e-06 8.774817 -3e-06 -16.591167 18.460213 5.61579 -1.84403 2.498501 -2.507277 -10.163589 4.678936 4.621104 -20.976002 -1e-05 6e-06 -21.226263 2.451687 -3.59399 0.0 -7e-06 -2e-06 -1.362679 2.240795 -0.746323 -21.33489 0.584901 3.008322 -13.8212 -7e-06 3e-06 -23.887146 -0.249085 -0.839477 -59.389416 2.581971 -1.622666 -0.294024 1.679687 0.833255 -14.218195 0.09321 1.300578 -34.212013 -0.287572 0.967176 -20.033194 0.964533 1.212847 -2e-06 0.0 -0.0 -3.440385 0.78823 0.501654 -15.928172 -3.167313 2.999708 -6.33882 -3e-06 1e-06 -18.123426 3.648175 -4.905663 -3e-06 -0.0 -1e-06 -7.56012 0.531717 24.726353 62.082077 -18.866547 20.529192 -177.9319 58.693081 -177.453918 -5.245041 -5.373339 2.879528 2.243539 -5.255032 -3.180154 14.282878 -0.826592 6.952497 -5e-06 -12.690592 -0.0 17.209682 -17.635342 3.020602 1.665665 -1.95592 -2.878294 4.727794 -4.170581 4.99392 11.020518 7e-06 -1e-06 12.10904 -3.735708 -2.866781 -0.0 1e-06 -2e-06 1.291985 -1.928548 -1.498087 14.800115 0.567469 3.865602 14.24256 -1.341732 -6.660649 19.631954 0.143927 -0.648243 50.703339 -1.193991 -5.341252 0.353028 -1.51115 -0.031941 20.222775 3.684309 2.316629 18.787262 9e-06 1e-06 10.751619 -0.479868 1.397905 1e-06 0.0 -2e-06 3.273802 0.305948 -0.580111 21.486803 11.830368 2.266133 8.162921 4e-06 0.0 18.399067 -3.798981 -4.940568 3e-06 1e-06 0.0 4.851319 20.529484 -28.886408 0.416769 0.618008 132.343597 8.944621 -1.043937 -39.405231 2.008779 -1.672562 -32.06472 0.0 -0.0 2e-06 -6.738704 2.911121 -16.494228 0.241359 0.562506 132.303497 4.147275 4.042872 -33.71524 -2.033818 0.829064 -40.286469 -0.0 -0.0 0.0 
0.0 0.0 0.0 0.0 -0.0 0.0 -6.76391 52.527523 -6.351861 2.614638 1.391651 -19.945225 2.830652 -0.259257 17.085348 0.557042 0.915712 0.942304 0.596116 0.2924 20.063366 -0.757355 3.637025 19.944439 0.19101 1.231809 -3.481364 4.409267 0.682378 -0.560102 7.7e-05 -2.2e-05 7e-06 0.002986 0.083357 -0.242873 0.757758 -3.695963 -10.746359 -0.755004 3.858485 -10.934005 -7.546463 15.012223 21.771099 -49.581509 18.426325 -34.827362 -176.344177 -53.23875 178.218155 -0.467924 2.494829 -21.733624 -5.882103 9.861285 0.70259 -10.936872 -0.360574 7.156203 1e-06 8.774822 -2e-06 -16.405243 18.932426 5.753839 -1.844032 2.498503 -2.507278 -10.163601 4.678944 4.621108 -20.976021 -4e-06 3e-06 -21.226282 2.451699 -3.593999 1e-06 -8e-06 -0.0 -1.362681 2.240798 -0.746323 -21.334913 0.584908 3.008325 -13.821213 -2e-06 1e-06 -23.887167 -0.249079 -0.839483 -59.777767 2.532616 -1.558668 -0.294025 1.679687 0.833256 -14.218207 0.093214 1.300581 -34.212048 -0.287561 0.967171 -20.033211 0.964537 1.212844 0.0 1e-06 1e-06 -3.440389 0.788233 0.501655 -15.928185 -3.167309 2.999707 -6.338827 -2e-06 0.0 -18.123444 3.64818 -4.90567 -4e-06 1e-06 -2e-06 -1.693464 2.55044 24.357687 66.073669 -10.635265 3.590274 -172.567062 68.136742 -173.775742 -12.062888 -3.107839 9.181752 2.243543 -5.255039 -3.18016 14.282896 -0.826599 6.952507 -2e-06 -12.690608 1e-06 16.354767 -17.465525 3.485613 1.665665 -1.955921 -2.8783 4.7278 -4.170592 4.993927 11.020528 2e-06 -2e-06 12.109056 -3.735717 -2.866787 -2e-06 -3e-06 -2e-06 1.291986 -1.928551 -1.498091 14.800132 0.567466 3.86561 14.242578 -1.341738 -6.660663 19.631969 0.143927 -0.648246 50.088383 -0.927088 -5.53952 0.353029 -1.511151 -0.03194 20.222797 3.684307 2.316633 18.787283 1e-06 -1e-06 10.751631 -0.479869 1.397907 0.0 2e-06 0.0 3.273808 0.305946 -0.580112 21.486822 11.830379 2.266135 8.16293 1e-06 0.0 18.399092 -3.798988 -4.940578 2e-06 -0.0 -1e-06 5.583894 19.642519 -29.43367 0.372116 0.564083 135.96315 9.294879 -1.561802 -38.65567 2.024228 -1.671522 -33.807068 0.0 -0.0 2e-06 -7.78472 1.851886 -15.966654 0.166298 0.426213 136.045486 4.228096 3.704722 -34.022358 -2.095213 0.84873 -42.117172 -0.0 0.0 -1e-06 
0.0 0.0 0.0 0.0 -0.0 0.0 -6.938312 50.383251 -7.245657 2.222182 -0.192593 -21.22924 2.94961 -0.123161 18.180222 0.640377 1.08352 1.78465 1.027383 0.38723 22.637897 -0.981462 3.55602 17.284767 0.00293 0.929039 -3.568179 3.839024 0.251197 -1.227053 7.7e-05 -2.3e-05 7e-06 0.006955 0.07919 -0.251594 0.760086 -3.688274 -10.784349 -0.74896 3.845075 -10.980431 -11.30671 12.610625 21.871458 -49.806747 9.7813 -32.935688 -174.433533 -63.613281 177.078537 2.765936 3.49999 -18.329479 -5.8821 9.86128 0.70259 -10.936863 -0.360577 7.1562 -0.0 8.774822 -1e-06 -15.909121 18.772314 5.997704 -1.844031 2.498502 -2.507276 -10.163592 4.678941 4.621107 -20.976006 -6e-06 5e-06 -21.226269 2.451692 -3.593996 1e-06 -8e-06 -1e-06 -1.36268 2.240798 -0.746323 -21.334896 0.584907 3.008321 -13.821205 -1e-06 3e-06 -23.887148 -0.249078 -0.83948 -60.302807 2.418681 -1.210802 -0.294024 1.679686 0.833256 -14.218198 0.093215 1.300579 -34.212021 -0.287564 0.967172 -20.033194 0.964534 1.212843 -2e-06 1e-06 2e-06 -3.440385 0.788233 0.501656 -15.928176 -3.16731 2.999704 -6.338822 -0.0 -0.0 -18.12343 3.64818 -4.905665 -3e-06 2e-06 -1e-06 3.512975 5.365289 24.375231 65.369881 -1.46246 -9.326935 -170.18808 75.961525 -171.803467 -16.412123 -1.469487 18.540461 2.243541 -5.255034 -3.180156 14.282885 -0.826596 6.952501 -1e-06 -12.690599 -1e-06 16.098856 -17.200058 3.346969 1.665667 -1.95592 -2.878298 4.727797 -4.170584 4.993921 11.02052 0.0 -2e-06 12.109046 -3.735716 -2.866781 2e-06 -3e-06 -1e-06 1.291985 -1.928549 -1.498088 14.800122 0.567466 3.865606 14.242566 -1.341737 -6.660653 19.631958 0.143926 -0.648244 49.360821 -0.735634 -5.411166 0.353028 -1.511151 -0.031938 20.222784 3.684304 2.316631 18.787264 2e-06 1e-06 10.751625 -0.479869 1.397904 -2e-06 0.0 -2e-06 3.273805 0.305946 -0.580112 21.486801 11.830367 2.266135 8.162924 0.0 -1e-06 18.399076 -3.798985 -4.940574 3e-06 2e-06 -3e-06 5.846074 18.598486 -30.760714 0.419278 0.57261 139.277267 8.940738 -1.531915 -37.51099 2.031008 -1.664997 -34.727077 0.0 -0.0 1e-06 -8.519007 0.973165 -15.896661 0.167999 0.348228 139.301498 3.927211 2.681372 -34.067909 -2.0475 0.814662 -44.15118 -0.0 -0.0 -1e-06 
0.0 0.0 0.0 0.0 -0.0 0.0 -7.021758 48.655476 -8.144252 1.70329 -1.821047 -21.734432 3.123742 0.024616 19.303459 0.75268 1.252523 2.547544 1.512347 0.532674 24.953955 -1.257247 3.472631 14.792582 -0.135879 0.829432 -3.645885 3.10226 -0.214285 -2.233208 7.7e-05 -2.3e-05 6e-06 -0.028324 0.122352 -0.264823 0.718771 -3.627889 -10.796271 -0.778472 3.871945 -10.974712 -13.203042 10.401982 22.277412 -48.740772 2.48073 -29.259407 -172.571609 -73.62149 175.369843 4.392639 2.245401 -13.488596 -5.882106 9.861285 0.70259 -10.936867 -0.360575 7.156206 -0.0 8.774824 -1e-06 -15.326899 18.395729 6.187254 -1.844033 2.498505 -2.507277 -10.163597 4.678946 4.621109 -20.976021 -4e-06 -0.0 -21.226284 2.451694 -3.594002 0.0 -4e-06 0.0 -1.362681 2.240798 -0.746324 -21.334911 0.584909 3.008321 -13.821213 -3e-06 0.0 -23.887165 -0.249081 -0.839486 -59.919189 2.368777 -0.985885 -0.294024 1.679687 0.833255 -14.218207 0.093216 1.300577 -34.212048 -0.287565 0.967167 -20.033211 0.964536 1.212841 -2e-06 -1e-06 3e-06 -3.440387 0.788234 0.501656 -15.928181 -3.167308 2.999706 -6.338824 -1e-06 1e-06 -18.123444 3.648181 -4.905672 -5e-06 -0.0 -2e-06 5.830914 7.936297 24.230072 62.65213 5.568273 -14.219789 -171.830124 80.408249 -173.008331 -16.439426 -0.452988 26.200788 2.243542 -5.255037 -3.180156 14.282883 -0.826597 6.9525 1e-06 -12.690601 0.0 16.178549 -17.584126 2.974553 1.665665 -1.95592 -2.8783 4.727797 -4.170586 4.993922 11.020521 1e-06 -3e-06 12.109047 -3.735716 -2.866785 0.0 -1e-06 -2e-06 1.291985 -1.928548 -1.498089 14.80012 0.567465 3.865605 14.242564 -1.341739 -6.660656 19.631954 0.143925 -0.648249 49.488609 -0.711639 -5.570118 0.353029 -1.51115 -0.03194 20.222778 3.684302 2.316629 18.78726 1e-06 -2e-06 10.751621 -0.47987 1.397903 0.0 -0.0 0.0 3.273804 0.305947 -0.580111 21.486797 11.830365 2.266129 8.162923 -1e-06 -1e-06 18.399075 -3.798983 -4.940578 3e-06 -1e-06 1e-06 5.822325 17.606586 -32.772728 0.529349 0.60249 142.017532 8.075624 -0.667941 -36.612038 2.021658 -1.630383 -35.543701 0.0 -0.0 2e-06 -8.837381 0.372339 -16.967756 0.155627 0.311432 142.195587 3.518042 2.337672 -34.071091 -2.007381 0.781784 -45.153759 -0.0 1e-06 -0.0 
0.0 0.0 0.0 0.0 -0.0 0.0 -7.086308 47.483616 -8.972909 1.217249 -3.03111 -21.406553 3.083526 0.189238 20.381224 0.768421 1.299624 3.165237 1.775435 0.695285 26.612255 -1.030767 3.109653 12.853293 -0.251746 0.861838 -3.678907 2.447512 -0.367634 -3.15542 7.6e-05 -2.3e-05 5e-06 -0.053757 0.146515 -0.296444 0.687387 -3.590426 -10.791756 -0.798195 3.88121 -10.925552 -13.643723 8.525172 22.767252 -47.352371 -1.84275 -25.134085 -168.960464 -80.158035 171.319229 5.306374 -0.112907 -10.084765 -5.882099 9.861278 0.70259 -10.93686 -0.360574 7.156198 -1e-06 8.774817 -2e-06 -14.916321 18.029194 6.26187 -1.844029 2.498504 -2.507274 -10.163589 4.678941 4.621103 -20.976 -1e-06 4e-06 -21.226259 2.451695 -3.593995 2e-06 -6e-06 -1e-06 -1.362679 2.240795 -0.746322 -21.33489 0.584907 3.00832 -13.821199 -1e-06 3e-06 -23.887142 -0.249075 -0.839482 -58.94698 2.35944 -0.996157 -0.294023 1.679684 0.833255 -14.218193 0.093214 1.300581 -34.212013 -0.287563 0.96717 -20.033194 0.964538 1.212842 0.0 2e-06 1e-06 -3.440384 0.788233 0.501656 -15.92817 -3.167308 2.999704 -6.338819 -1e-06 2e-06 -18.123428 3.648182 -4.905665 -5e-06 2e-06 -1e-06 6.377122 9.678927 23.789551 60.715286 10.00063 -14.826901 -174.840744 82.183975 -175.473862 -14.85317 -0.246944 30.412384 2.243539 -5.255031 -3.180156 14.282876 -0.826592 6.952495 -3e-06 -12.690593 -1e-06 16.34277 -17.844395 2.718927 1.665665 -1.95592 -2.878296 4.727793 -4.170582 4.993918 11.020514 3e-06 1e-06 12.109039 -3.735712 -2.866781 0.0 1e-06 0.0 1.291985 -1.928548 -1.49809 14.800114 0.567469 3.865607 14.242558 -1.341735 -6.660652 19.631948 0.143925 -0.648243 49.809967 -0.75758 -5.685904 0.353028 -1.51115 -0.031941 20.222773 3.684305 2.316629 18.787254 6e-06 2e-06 10.751619 -0.479868 1.397907 -2e-06 0.0 0.0 3.273804 0.305946 -0.580111 21.486792 11.830364 2.266132 8.162919 2e-06 0.0 18.399063 -3.798983 -4.940569 3e-06 0.0 -0.0 5.609104 16.768543 -35.299656 0.649077 0.586525 143.927658 7.36329 0.331614 -35.963444 2.00745 -1.588506 -36.706184 0.0 -0.0 2e-06 -8.842274 0.0495 -18.753056 0.107794 0.282763 144.560654 3.103516 2.938073 -34.075954 -1.979571 0.755999 -44.745548 -0.0 0.0 -1e-06 
0.0 0.0 0.0 0.0 -0.0 0.0 -7.205439 46.640163 -9.619583 0.935481 -3.782697 -20.919535 2.807581 0.331569 21.3321 0.658537 1.258134 3.698474 1.7294 0.874096 28.007999 -0.345217 2.533217 11.923822 -0.322661 0.882383 -3.718958 2.010144 -0.234233 -3.664644 7.7e-05 -2.2e-05 5e-06 -0.028289 0.08969 -0.326342 0.711092 -3.651431 -10.818674 -0.77044 3.825814 -10.90831 -13.928931 7.14078 23.241978 -45.557182 -3.115344 -20.77466 -167.301117 -82.412216 168.874863 5.253408 -1.751829 -8.753639 -5.8821 9.861279 0.70259 -10.936863 -0.360574 7.156204 1e-06 8.774815 -2e-06 -14.8503 17.75861 6.083179 -1.844031 2.498505 -2.507277 -10.163593 4.678939 4.621106 -20.976006 -4e-06 6e-06 -21.226269 2.451694 -3.593996 -0.0 -6e-06 -1e-06 -1.36268 2.240798 -0.746323 -21.3349 0.584906 3.008325 -13.821203 -2e-06 5e-06 -23.887152 -0.249075 -0.83948 -58.252464 2.372579 -1.208264 -0.294024 1.679684 0.833256 -14.218198 0.093215 1.30058 -34.212021 -0.287561 0.967176 -20.033199 0.964539 1.212847 -0.0 2e-06 2e-06 -3.440385 0.788231 0.501657 -15.928176 -3.167309 2.999711 -6.33882 -1e-06 2e-06 -18.12343 3.64818 -4.905667 -3e-06 2e-06 -3e-06 6.643311 10.479556 23.510639 59.896389 12.657574 -14.242215 -176.900208 82.430893 -177.243027 -13.499549 -0.240234 31.607626 2.243537 -5.255028 -3.180155 14.282867 -0.826589 6.952496 -3e-06 -12.690584 -0.0 16.317734 -17.831232 2.705613 1.665662 -1.955918 -2.878296 4.727791 -4.170581 4.993921 11.020509 6e-06 -2e-06 12.109028 -3.735708 -2.866782 -1e-06 -1e-06 1e-06 1.291984 -1.928547 -1.498086 14.800105 0.567471 3.865605 14.242547 -1.341732 -6.660646 19.631935 0.14393 -0.648239 49.972347 -0.890787 -5.652117 0.353028 -1.511149 -0.03194 20.222757 3.684308 2.316629 18.787243 6e-06 3e-06 10.751613 -0.479867 1.397906 -2e-06 -0.0 -0.0 3.2738 0.305948 -0.580107 21.486786 11.830359 2.266134 8.162917 3e-06 2e-06 18.399055 -3.798978 -4.940562 2e-06 1e-06 -1e-06 5.556901 16.191914 -37.405361 0.74339 0.540761 145.321777 7.160517 0.549534 -35.691696 2.030995 -1.580006 -37.817085 -0.0 -0.0 1e-06 -8.723694 -0.122193 -20.049791 0.086859 0.263656 146.400314 2.855024 3.375705 -34.266167 -1.958931 0.739453 -44.150295 0.0 0.0 -1e-06 
0.0 0.0 0.0 0.0 -0.0 0.0 -7.31806 45.784077 -10.014743 0.713817 -4.246967 -20.679106 2.505893 0.434848 22.145555 0.475642 1.211234 4.087995 1.541949 1.025775 29.376886 0.482934 1.808149 12.489025 -0.360541 0.833447 -3.759935 1.808746 -0.291628 -3.40409 7.6e-05 -2.3e-05 7e-06 0.016601 0.010912 -0.321138 0.768317 -3.752733 -10.887786 -0.737802 3.76661 -10.964121 -14.125381 6.470946 23.689161 -44.151951 -2.462336 -16.748745 -172.463394 -81.576477 173.422226 4.63358 -1.726691 -8.259725 -5.882104 9.861285 0.702592 -10.936866 -0.360575 7.156204 1e-06 8.774825 -1e-06 -14.987486 17.739601 5.886878 -1.844031 2.498504 -2.507276 -10.163595 4.678943 4.621107 -20.976019 -5e-06 -0.0 -21.22628 2.451694 -3.594 -1e-06 -7e-06 0.0 -1.362682 2.240797 -0.746324 -21.334908 0.584908 3.008321 -13.821213 -4e-06 -0.0 -23.887165 -0.24908 -0.839483 -58.048042 2.350691 -1.38422 -0.294025 1.679686 0.833254 -14.218207 0.093213 1.300578 -34.212048 -0.287567 0.967168 -20.033209 0.964533 1.212842 1e-06 0.0 1e-06 -3.440388 0.788234 0.501656 -15.928183 -3.167311 2.999704 -6.338826 0.0 0.0 -18.123444 3.64818 -4.905672 -6e-06 2e-06 -2e-06 6.769627 10.49803 23.442709 60.204861 14.097262 -13.321642 -176.860443 82.497993 -177.066986 -12.316634 -0.463982 30.975954 2.243539 -5.255031 -3.180155 14.282876 -0.826595 6.952497 -2e-06 -12.690595 2e-06 16.097193 -17.654821 2.777688 1.665665 -1.95592 -2.878296 4.727794 -4.170584 4.99392 11.020515 4e-06 -3e-06 12.109041 -3.735713 -2.866784 -1e-06 -0.0 -2e-06 1.291985 -1.928547 -1.498089 14.800115 0.567467 3.865604 14.242558 -1.341735 -6.660653 19.631947 0.143925 -0.648245 49.816471 -1.010843 -5.637133 0.353029 -1.51115 -0.031939 20.222771 3.684304 2.316628 18.787254 5e-06 -2e-06 10.751618 -0.479871 1.397904 1e-06 1e-06 -0.0 3.273804 0.305947 -0.580112 21.48679 11.830367 2.266129 8.162919 1e-06 1e-06 18.399067 -3.798983 -4.940571 2e-06 -0.0 -1e-06 6.131208 15.771582 -38.495731 0.740219 0.513052 146.710861 7.266042 -0.372177 -36.053204 2.076632 -1.612479 -38.116558 0.0 -0.0 2e-06 -8.529826 -0.129549 -20.312471 0.051877 0.278062 148.009491 2.68486 3.921993 -35.273346 -1.980557 0.743792 -44.102005 -0.0 0.0 -0.0 
0.0 0.0 0.0 0.0 -0.0 0.0 -7.400575 44.868614 -10.252044 0.437458 -4.560423 -20.570625 2.249949 0.546912 22.836367 0.295613 1.187319 4.316836 1.381799 1.182478 30.716791 1.260824 0.949887 14.495974 -0.449728 0.700973 -3.819551 1.75778 -0.528291 -2.141699 7.7e-05 -2.3e-05 7e-06 0.068724 -0.048604 -0.300097 0.849531 -3.832928 -10.989653 -0.715411 3.725218 -11.077785 -14.128865 6.261806 24.183336 -43.916401 -1.285788 -14.322124 -178.193253 -79.066071 178.772781 5.058536 -0.732757 -8.316651 -5.882103 9.861281 0.702591 -10.936865 -0.360575 7.156206 0.0 8.774819 -3e-06 -15.131079 17.859535 5.787745 -1.84403 2.498505 -2.507275 -10.163595 4.678944 4.621108 -20.976011 -1e-06 6e-06 -21.226273 2.4517 -3.593996 -1e-06 -7e-06 1e-06 -1.362681 2.240799 -0.746322 -21.334904 0.584912 3.008324 -13.821205 -2e-06 1e-06 -23.887159 -0.249074 -0.839481 -58.093792 2.260639 -1.456078 -0.294026 1.679687 0.833255 -14.218201 0.093216 1.300581 -34.212032 -0.287559 0.967173 -20.033205 0.964539 1.212843 -1e-06 0.0 -0.0 -3.440387 0.788233 0.501656 -15.928179 -3.167306 2.999708 -6.338824 2e-06 -1e-06 -18.12344 3.648183 -4.905667 -5e-06 -1e-06 -2e-06 6.978278 10.114471 23.620001 60.907265 14.934941 -12.446317 -175.274918 83.26091 -175.394028 -11.290936 -1.038807 29.950411 2.243542 -5.255033 -3.180153 14.282874 -0.826595 6.952496 -1e-06 -12.690594 -3e-06 15.927624 -17.571703 2.857898 1.665665 -1.95592 -2.878297 4.727796 -4.170584 4.993918 11.020516 1e-06 1e-06 12.109041 -3.735716 -2.866781 -1e-06 -0.0 -3e-06 1.291984 -1.928548 -1.498088 14.800114 0.56747 3.865605 14.242558 -1.341738 -6.66065 19.63195 0.143922 -0.648241 49.670586 -1.026614 -5.626604 0.353029 -1.511149 -0.031941 20.222771 3.684303 2.316632 18.787254 0.0 -0.0 10.751618 -0.47987 1.397904 -0.0 1e-06 1e-06 3.273802 0.305947 -0.580109 21.486794 11.830361 2.266134 8.162917 -1e-06 -0.0 18.399067 -3.798985 -4.940572 3e-06 -1e-06 -2e-06 6.989421 15.590336 -39.084927 0.694097 0.524894 148.292099 7.595661 -1.402955 -36.47366 2.090616 -1.614946 -38.334866 0.0 0.0 2e-06 -8.242454 -0.107062 -20.070539 0.028108 0.323345 149.515091 2.621909 4.575002 -36.887497 -2.004812 0.752752 -44.07148 0.0 0.0 -1e-06 
0.0 0.0 0.0 0.0 -0.0 0.0 -7.443914 43.985241 -10.416165 0.057106 -4.780138 -20.403797 2.039231 0.678376 23.357903 0.168958 1.163061 4.47395 1.33695 1.39941 32.165211 1.993606 0.042592 17.24559 -0.619183 0.416946 -3.876405 1.692949 -0.8385 -0.245878 7.7e-05 -2.3e-05 7e-06 0.105368 -0.064877 -0.271703 0.929891 -3.847952 -11.079613 -0.723036 3.7065 -11.18653 -14.104875 6.234997 24.702074 -44.426304 -0.338105 -13.495763 179.256882 -75.896896 -178.97612 6.511649 0.450778 -9.165749 -5.882099 9.86127 0.70259 -10.936862 -0.360575 7.156199 2e-06 8.774813 0.0 -15.207331 17.875483 5.716732 -1.844029 2.498499 -2.507274 -10.163589 4.678936 4.621106 -20.976006 -6e-06 7e-06 -21.226269 2.451694 -3.593988 -0.0 -7e-06 2e-06 -1.362679 2.240793 -0.746322 -21.334894 0.584906 3.008323 -13.821199 -4e-06 4e-06 -23.887148 -0.249077 -0.839476 -58.079269 2.127229 -1.460539 -0.294024 1.679686 0.833255 -14.218195 0.093211 1.300581 -34.212017 -0.287564 0.967176 -20.033194 0.964535 1.212846 0.0 2e-06 0.0 -3.440385 0.788232 0.501655 -15.928172 -3.16731 2.999705 -6.338819 -2e-06 2e-06 -18.123425 3.648177 -4.905663 -5e-06 -0.0 -3e-06 7.528244 9.700253 24.117933 61.175404 15.650426 -11.992759 -172.703888 84.558136 -172.72757 -10.210671 -2.019933 29.279474 2.243537 -5.25503 -3.180156 14.282872 -0.826593 6.952497 -5e-06 -12.690589 1e-06 15.831864 -17.569674 2.948872 1.665663 -1.955919 -2.878298 4.727792 -4.170581 4.993916 11.02051 4e-06 -1e-06 12.109035 -3.735709 -2.86678 0.0 0.0 -2e-06 1.291982 -1.928546 -1.498088 14.800108 0.567469 3.865603 14.242551 -1.341731 -6.660648 19.631937 0.143927 -0.648242 49.648323 -0.946766 -5.620272 0.353028 -1.511149 -0.031943 20.222765 3.684307 2.316631 18.787249 5e-06 1e-06 10.751615 -0.479868 1.397908 0.0 0.0 -1e-06 3.273803 0.305947 -0.580111 21.48679 11.830362 2.26613 8.162916 3e-06 2e-06 18.399057 -3.79898 -4.940565 2e-06 -2e-06 -3e-06 7.849055 15.597244 -39.826431 0.641418 0.547899 149.94548 8.095947 -2.264222 -36.49332 2.091485 -1.597356 -38.619053 -0.0 -0.0 1e-06 -7.824205 -0.161601 -19.807755 0.031145 0.352989 150.889511 2.505325 4.968557 -38.701462 -2.004518 0.750932 -44.142426 -0.0 0.0 -1e-06 
0.0 0.0 0.0 0.0 -0.0 0.0 -7.468152 43.238411 -10.555168 -0.393865 -4.840809 -19.966047 1.809391 0.823773 23.684372 0.13192 1.134695 4.646958 1.418947 1.645619 33.734055 2.658414 -0.80918 20.272516 -0.810531 0.006654 -3.907767 1.442549 -1.10989 1.77536 7.7e-05 -2.3e-05 4e-06 0.109516 -0.051126 -0.239304 0.993066 -3.818945 -11.181422 -0.777855 3.705093 -11.306821 -13.999869 6.244155 25.216261 -45.256878 0.027213 -13.358963 178.839355 -72.830673 -178.744873 8.275908 1.492949 -10.462966 -5.882103 9.861281 0.702588 -10.936866 -0.360577 7.156201 3e-06 8.77482 0.0 -15.164128 17.762199 5.678691 -1.844032 2.498503 -2.507278 -10.163594 4.678942 4.621107 -20.976015 -9e-06 -1e-06 -21.226276 2.451691 -3.593998 -0.0 -6e-06 -1e-06 -1.362681 2.240797 -0.746323 -21.334906 0.584904 3.008318 -13.821209 -5e-06 -1e-06 -23.887165 -0.249084 -0.839482 -57.967556 2.03832 -1.418281 -0.294023 1.679687 0.833255 -14.2182 0.093212 1.300577 -34.212032 -0.287572 0.967168 -20.033201 0.964532 1.212843 0.0 1e-06 -1e-06 -3.440387 0.788233 0.501656 -15.928179 -3.167311 2.999702 -6.338825 -1e-06 -1e-06 -18.12344 3.648174 -4.905669 -5e-06 1e-06 -2e-06 8.340508 9.409449 24.747417 60.888905 16.296698 -12.019175 -168.951172 85.951988 -168.89653 -8.983302 -3.244025 29.611233 2.243542 -5.255033 -3.180154 14.28288 -0.826588 6.952494 -7e-06 -12.690597 3e-06 15.837681 -17.566025 3.000239 1.665665 -1.955919 -2.878297 4.727793 -4.170585 4.993918 11.020517 5e-06 -2e-06 12.109042 -3.73571 -2.866781 -1e-06 -0.0 -2e-06 1.291985 -1.92855 -1.498089 14.800122 0.567472 3.865604 14.242563 -1.34173 -6.660652 19.631954 0.143931 -0.648242 49.703445 -0.796195 -5.667833 0.353028 -1.511151 -0.031942 20.22278 3.684313 2.316626 18.787262 1.1e-05 -3e-06 10.751619 -0.479865 1.397905 0.0 2e-06 -1e-06 3.273803 0.305947 -0.58011 21.486805 11.830373 2.266125 8.162923 3e-06 -0.0 18.399071 -3.798978 -4.940571 3e-06 -3e-06 -2e-06 8.530438 15.631836 -40.911072 0.600315 0.587906 151.327713 8.679082 -3.026879 -36.363907 2.114125 -1.585228 -39.107651 -0.0 -0.0 2e-06 -7.325779 -0.381218 -19.87672 0.038379 0.337664 152.060379 2.290004 5.045581 -40.287392 -1.982483 0.736626 -44.17907 -0.0 -0.0 -3e-06 
0.0 0.0 0.0 0.0 -0.0 0.0 -7.484449 42.720879 -10.655946 -0.800931 -4.638574 -19.182821 1.553074 0.947894 23.863483 0.153007 1.118203 4.822793 1.538587 1.829917 35.268749 3.228116 -1.47265 23.411013 -1.013982 -0.396677 -3.903393 1.072313 -1.346892 3.572091 7.6e-05 -2.2e-05 6e-06 0.095663 -0.037344 -0.212357 1.042103 -3.770198 -11.249483 -0.85376 3.683875 -11.391496 -13.737387 6.211558 25.702263 -46.107075 -0.214311 -13.186542 179.410919 -70.58094 -179.260086 9.798874 2.047377 -11.621991 -5.882107 9.861286 0.702591 -10.936873 -0.360575 7.156206 -0.0 8.77483 -1e-06 -15.095555 17.58774 5.658764 -1.844034 2.498504 -2.507278 -10.163601 4.678948 4.621108 -20.976028 -3e-06 1e-06 -21.22629 2.451699 -3.594 -1e-06 -6e-06 -1e-06 -1.362682 2.2408 -0.746323 -21.334915 0.58491 3.008326 -13.821215 -1e-06 3e-06 -23.887171 -0.249077 -0.839485 -57.793488 2.007672 -1.359498 -0.294025 1.679687 0.833257 -14.21821 0.093214 1.300581 -34.212048 -0.287562 0.967171 -20.033215 0.964538 1.212843 0.0 1e-06 0.0 -3.440388 0.788235 0.501655 -15.928189 -3.167312 2.999707 -6.338827 1e-06 3e-06 -18.123447 3.648183 -4.905673 -3e-06 2e-06 -1e-06 9.110972 9.260569 25.285755 60.504959 16.539865 -12.31086 -163.637054 86.81353 -163.535187 -8.398841 -3.994097 31.130838 2.243544 -5.255039 -3.180157 14.282896 -0.826597 6.952505 -1e-06 -12.690607 0.0 15.854424 -17.429552 2.992893 1.665668 -1.955923 -2.878299 4.727801 -4.170589 4.993924 11.020527 4e-06 -1e-06 12.109055 -3.735719 -2.866783 -0.0 -0.0 -1e-06 1.291987 -1.928549 -1.49809 14.800131 0.567468 3.86561 14.242577 -1.341739 -6.66066 19.631971 0.143924 -0.648248 49.764648 -0.632229 -5.690657 0.353029 -1.511149 -0.031941 20.222795 3.684309 2.316631 18.787279 3e-06 -2e-06 10.751631 -0.47987 1.397907 0.0 1e-06 -1e-06 3.273808 0.305949 -0.580112 21.486814 11.830376 2.266134 8.162928 1e-06 -2e-06 18.399088 -3.798986 -4.940576 2e-06 -0.0 -2e-06 8.836007 15.63063 -42.322018 0.591223 0.610705 152.272842 9.327551 -3.431472 -36.367455 2.130318 -1.576253 -39.483784 0.0 -0.0 2e-06 -6.933829 -0.755176 -20.343643 0.021655 0.296017 152.86319 1.912022 5.081265 -41.494328 -1.967339 0.718028 -44.463825 0.0 0.0 -1e-06 
0.0 0.0 0.0 0.0 -0.0 0.0 -7.515146 42.469734 -10.650994 -1.142828 -4.150608 -18.10837 1.330727 0.984538 23.976805 0.183383 1.124561 4.974779 1.645536 1.88054 36.535629 3.637086 -1.754297 26.408175 -1.152933 -0.759453 -3.874663 0.788353 -1.501768 4.905987 7.7e-05 -2.2e-05 6e-06 0.095454 -0.031673 -0.198431 1.086033 -3.712118 -11.233675 -0.895974 3.636095 -11.377261 -13.388542 6.092792 26.114328 -46.868919 -0.867838 -12.630542 -179.878708 -69.551155 -179.783997 11.007393 2.133524 -12.102994 -5.8821 9.861279 0.702588 -10.936861 -0.360576 7.1562 0.0 8.774817 0.0 -15.12383 17.445816 5.605917 -1.84403 2.498502 -2.507275 -10.16359 4.67894 4.621105 -20.976006 -4e-06 2e-06 -21.226269 2.451693 -3.593998 -1e-06 -7e-06 0.0 -1.362679 2.240797 -0.746323 -21.334896 0.584908 3.008321 -13.821201 -1e-06 3e-06 -23.887154 -0.249079 -0.839481 -57.596344 2.013515 -1.369759 -0.294024 1.679686 0.833256 -14.218197 0.093214 1.30058 -34.212021 -0.287563 0.967171 -20.033197 0.964535 1.212843 -1e-06 0.0 -1e-06 -3.440387 0.788232 0.501656 -15.928172 -3.16731 2.999706 -6.338821 1e-06 2e-06 -18.12343 3.64818 -4.905665 -3e-06 1e-06 -2e-06 9.565778 9.105814 25.557415 60.419033 16.082449 -12.614336 -160.162811 86.690094 -160.053589 -9.177826 -3.474798 32.494301 2.24354 -5.255032 -3.180155 14.282876 -0.826595 6.952496 -2e-06 -12.69059 2e-06 15.827332 -17.180956 2.910062 1.665666 -1.95592 -2.878296 4.727793 -4.170584 4.993921 11.020515 1e-06 -1e-06 12.10904 -3.735713 -2.86678 0.0 -0.0 1e-06 1.291986 -1.928548 -1.498091 14.800112 0.567467 3.865606 14.242558 -1.341735 -6.660652 19.631948 0.143923 -0.648243 49.816895 -0.520095 -5.603596 0.353028 -1.511149 -0.031941 20.222769 3.684304 2.31663 18.787251 2e-06 -1e-06 10.751616 -0.47987 1.397905 -1e-06 -0.0 -2e-06 3.273804 0.305946 -0.58011 21.486788 11.830359 2.266128 8.162917 2e-06 -2e-06 18.399061 -3.798984 -4.940569 2e-06 -0.0 -2e-06 8.839297 15.574908 -43.736584 0.631087 0.634791 152.792114 9.978548 -3.395395 -36.49588 2.113987 -1.543322 -39.856266 -0.0 -0.0 1e-06 -6.659367 -1.332187 -21.088127 0.012717 0.293138 153.24675 1.47949 5.230638 -42.223888 -1.9837 0.707668 -45.05508 0.0 0.0 -1e-06 
0.0 0.0 0.0 0.0 -0.0 0.0 -7.541963 42.37019 -10.459931 -1.386686 -3.437982 -16.933102 1.149674 0.922101 24.105099 0.198411 1.148918 5.101078 1.704004 1.798182 37.452492 3.870194 -1.650988 28.756517 -1.146442 -1.02416 -3.835143 0.612018 -1.533725 5.664826 7.7e-05 -2.3e-05 6e-06 0.138964 -0.031718 -0.198195 1.146367 -3.659668 -11.161072 -0.867833 3.58333 -11.296339 -13.134541 5.905057 26.429571 -47.453129 -1.632893 -11.747496 -179.563263 -69.52832 -179.933289 12.064712 2.011706 -12.350586 -5.882105 9.861285 0.702591 -10.93687 -0.360576 7.156203 0.0 8.774825 1e-06 -15.205429 17.401756 5.53144 -1.844033 2.498502 -2.507278 -10.163599 4.678944 4.621108 -20.976021 -7e-06 -0.0 -21.226284 2.451693 -3.594 -1e-06 -6e-06 0.0 -1.362682 2.240797 -0.746324 -21.334909 0.584906 3.008321 -13.821213 -5e-06 2e-06 -23.887167 -0.249083 -0.839482 -57.497803 1.987578 -1.408815 -0.294024 1.679686 0.833256 -14.218205 0.093213 1.30058 -34.212044 -0.287568 0.96717 -20.033211 0.964533 1.212842 -1e-06 0.0 -0.0 -3.440388 0.788234 0.501655 -15.928183 -3.167311 2.999703 -6.338826 1e-06 3e-06 -18.123444 3.64818 -4.905671 -3e-06 2e-06 -2e-06 9.737525 8.812592 25.582613 60.665291 14.695917 -12.830367 -161.089584 85.512535 -161.070663 -11.623 -1.203518 33.133236 2.243541 -5.255034 -3.180156 14.282885 -0.826592 6.952499 -5e-06 -12.690601 1e-06 15.799426 -16.977308 2.755616 1.665666 -1.955921 -2.878298 4.727796 -4.170586 4.993918 11.020522 2e-06 -1e-06 12.109046 -3.735713 -2.866781 -0.0 -0.0 1e-06 1.291986 -1.928548 -1.498085 14.800122 0.56747 3.865604 14.242566 -1.341734 -6.660654 19.631964 0.143929 -0.648244 49.828831 -0.456182 -5.509432 0.35303 -1.51115 -0.031938 20.222786 3.684311 2.316626 18.78727 6e-06 -3e-06 10.751626 -0.479867 1.397907 0.0 -1e-06 -2e-06 3.273806 0.305947 -0.58011 21.486803 11.830371 2.26613 8.162923 4e-06 -2e-06 18.399073 -3.798981 -4.940572 2e-06 -0.0 -1e-06 8.672373 15.421169 -44.904781 0.667808 0.666164 153.138596 10.524304 -3.197572 -36.755123 2.110036 -1.520741 -40.245468 -0.0 0.0 1e-06 -6.547842 -1.960957 -21.811522 0.06402 0.379097 153.434509 1.159772 5.647891 -42.747368 -2.006312 0.703927 -45.580364 0.0 0.0 -1e-06 
0.0 0.0 0.0 0.0 -0.0 0.0 -7.557757 42.261833 -10.044003 -1.577289 -2.672636 -15.704241 1.018913 0.829432 24.191528 0.196152 1.171627 5.18459 1.740559 1.674547 38.093269 3.935112 -1.358006 30.297829 -1.021346 -1.124795 -3.759326 0.494627 -1.521767 6.023331 7.7e-05 -2.3e-05 6e-06 0.186852 -0.02574 -0.194823 1.21315 -3.613188 -11.078964 -0.838714 3.549443 -11.208547 -13.028314 5.666119 26.624493 -47.901508 -2.304962 -10.736278 -179.529724 -70.047531 -179.689148 13.094246 1.819958 -12.806688 -5.882102 9.861281 0.702589 -10.936866 -0.360577 7.156202 1e-06 8.774819 -1e-06 -15.241823 17.510899 5.492556 -1.84403 2.498502 -2.507277 -10.163595 4.678942 4.621107 -20.976013 -4e-06 4e-06 -21.226273 2.451696 -3.593996 -1e-06 -6e-06 0.0 -1.362682 2.240798 -0.746323 -21.334906 0.584908 3.008322 -13.821208 -3e-06 5e-06 -23.887161 -0.249078 -0.83948 -57.540916 1.951598 -1.467937 -0.294025 1.679685 0.833256 -14.218201 0.093213 1.300581 -34.212032 -0.287565 0.967174 -20.033199 0.964537 1.212842 -1e-06 1e-06 -2e-06 -3.440388 0.788233 0.501656 -15.928179 -3.16731 2.999706 -6.338823 0.0 3e-06 -18.123438 3.648182 -4.905665 -3e-06 2e-06 -1e-06 9.713754 8.364163 25.464714 61.036045 12.410639 -12.83456 -162.860336 83.933884 -162.946991 -15.602695 2.561739 33.006073 2.243543 -5.255033 -3.180153 14.28288 -0.826597 6.952496 1e-06 -12.690593 -0.0 15.818865 -16.91597 2.565914 1.665663 -1.95592 -2.878295 4.727797 -4.170585 4.993921 11.020516 0.0 2e-06 12.109044 -3.735715 -2.86678 -1e-06 0.0 -1e-06 1.291986 -1.928548 -1.498088 14.800118 0.567464 3.865604 14.242559 -1.341737 -6.660651 19.631952 0.143922 -0.648244 49.747864 -0.425044 -5.502673 0.353029 -1.51115 -0.031941 20.222775 3.684301 2.31663 18.787256 -1e-06 -0.0 10.751619 -0.479872 1.397906 0.0 -0.0 -2e-06 3.273805 0.305946 -0.580109 21.486792 11.830362 2.266131 8.162918 -0.0 -2e-06 18.399065 -3.798988 -4.940574 4e-06 1e-06 0.0 8.48907 15.124001 -45.797447 0.703555 0.705149 153.561798 10.959709 -3.053998 -37.253563 2.137434 -1.534133 -40.451717 0.0 -0.0 1e-06 -6.530141 -2.410832 -22.386906 0.122657 0.484109 153.673035 0.963971 6.413891 -43.276184 -2.029431 0.707367 -45.482384 0.0 0.0 0.0 
0.0 0.0 0.0 0.0 -0.0 0.0 -7.584167 42.106998 -9.413597 -1.741809 -2.045054 -14.517516 0.935907 0.780158 24.191145 0.199486 1.182408 5.244798 1.739602 1.591172 38.597755 3.888996 -1.0391 31.153641 -0.86011 -1.063911 -3.674214 0.425047 -1.479375 6.194331 7.7e-05 -2.3e-05 6e-06 0.203231 -0.015121 -0.18325 1.254606 -3.577368 -10.995944 -0.848119 3.53569 -11.124369 -13.122335 5.357691 26.801687 -48.279926 -2.865472 -10.159286 -178.902573 -70.804573 -179.826797 14.1363 1.698851 -13.468404 -5.882104 9.861281 0.702589 -10.936866 -0.360574 7.1562 1e-06 8.774822 0.0 -15.22456 17.641857 5.490007 -1.844032 2.498505 -2.507276 -10.163593 4.678944 4.621106 -20.976009 -4e-06 1e-06 -21.226273 2.451695 -3.594001 0.0 -7e-06 -2e-06 -1.362681 2.240798 -0.746323 -21.3349 0.584912 3.008319 -13.821205 -3e-06 -1e-06 -23.887157 -0.249083 -0.839487 -57.694637 1.939477 -1.480171 -0.294025 1.679686 0.833256 -14.218199 0.093214 1.300581 -34.212032 -0.287565 0.967167 -20.033201 0.964535 1.212843 1e-06 -0.0 -0.0 -3.440386 0.788233 0.501655 -15.928176 -3.167308 2.999704 -6.338822 -2e-06 1e-06 -18.12344 3.648183 -4.90567 -4e-06 1e-06 -0.0 9.656118 7.81969 25.420631 61.335606 9.942976 -12.852816 -163.630997 82.753998 -163.807648 -20.037233 6.226946 32.311428 2.243543 -5.255037 -3.180158 14.282896 -0.826595 6.952506 -2e-06 -12.690603 0.0 15.764032 -16.986851 2.436917 1.665665 -1.955921 -2.878299 4.7278 -4.170587 4.993927 11.020527 3e-06 -2e-06 12.109055 -3.735714 -2.866781 -1e-06 0.0 1e-06 1.291986 -1.928548 -1.498088 14.800131 0.567468 3.865607 14.242576 -1.341737 -6.660659 19.631971 0.143927 -0.648246 49.592037 -0.439397 -5.552678 0.353028 -1.51115 -0.031939 20.222797 3.68431 2.31663 18.787273 5e-06 -1e-06 10.751629 -0.479869 1.397908 -0.0 0.0 -3e-06 3.273808 0.305947 -0.580111 21.486818 11.830373 2.266133 8.16293 1e-06 -1e-06 18.399088 -3.798985 -4.940577 4e-06 0.0 -1e-06 8.335148 14.81041 -46.366463 0.760397 0.745545 154.039368 11.309992 -2.770227 -37.873394 2.185131 -1.562921 -40.524437 0.0 -0.0 2e-06 -6.501842 -2.647983 -22.801748 0.168464 0.554657 153.932693 0.79901 7.240506 -43.760208 -2.05277 0.711586 -44.876835 -0.0 0.0 -1e-06 
0.0 0.0 0.0 0.0 -0.0 0.0 -7.621981 41.956242 -8.564556 -1.875634 -1.578472 -13.445938 0.893932 0.769748 24.131941 0.207232 1.184797 5.2954 1.682756 1.536135 38.987423 3.795864 -0.769493 31.542196 -0.784178 -0.92424 -3.62453 0.411326 -1.398766 6.295774 7.7e-05 -2.3e-05 6e-06 0.191517 -0.006645 -0.167676 1.269013 -3.564908 -10.941045 -0.887281 3.542389 -11.073102 -13.349494 4.972985 27.068409 -48.603947 -3.471601 -10.044024 -177.899353 -71.813034 179.618027 15.249573 1.64999 -13.800259 -5.882098 9.861278 0.70259 -10.936859 -0.360575 7.156199 1e-06 8.774816 0.0 -15.196727 17.711712 5.520915 -1.84403 2.498504 -2.507275 -10.163589 4.678939 4.621106 -20.976002 -4e-06 5e-06 -21.226265 2.451693 -3.593993 0.0 -6e-06 -0.0 -1.36268 2.240793 -0.746323 -21.334894 0.584908 3.008323 -13.821198 -3e-06 4e-06 -23.88714 -0.249077 -0.839479 -57.899891 1.976673 -1.459293 -0.294024 1.679685 0.833255 -14.218192 0.093213 1.300581 -34.212017 -0.287562 0.967173 -20.033195 0.964536 1.212846 -0.0 -0.0 -1e-06 -3.440385 0.788233 0.501656 -15.928168 -3.167304 2.999706 -6.33882 0.0 2e-06 -18.123426 3.648179 -4.905662 -4e-06 2e-06 -1e-06 9.538878 7.230866 25.412008 61.581425 7.907471 -12.862648 -163.271225 82.395866 -163.465347 -23.846352 8.567474 31.04427 2.243539 -5.255031 -3.180155 14.282871 -0.82659 6.952496 -6e-06 -12.690593 -0.0 15.677325 -17.088985 2.349496 1.665665 -1.955921 -2.878298 4.727792 -4.170583 4.993919 11.020512 6e-06 -4e-06 12.109036 -3.735711 -2.866783 -0.0 0.0 1e-06 1.291985 -1.928549 -1.498088 14.800108 0.567471 3.865602 14.242555 -1.34173 -6.660653 19.631945 0.143931 -0.648244 49.461845 -0.481933 -5.615988 0.353028 -1.51115 -0.031942 20.222769 3.684311 2.316625 18.787254 7e-06 0.0 10.751618 -0.479866 1.397907 -0.0 -1e-06 -2e-06 3.273804 0.305947 -0.58011 21.486788 11.830369 2.266129 8.162916 4e-06 -1e-06 18.399055 -3.798976 -4.940569 4e-06 0.0 -1e-06 8.204429 14.599063 -46.55175 0.805336 0.788362 154.429825 11.608017 -2.300007 -38.283852 2.23943 -1.579697 -40.791004 -0.0 0.0 2e-06 -6.422814 -2.796503 -23.145157 0.223862 0.593266 154.060699 0.668062 7.794363 -43.784267 -2.063454 0.70753 -44.319611 -0.0 0.0 -1e-06 
0.0 0.0 0.0 0.0 -0.0 0.0 -7.655156 41.891228 -7.511177 -2.016687 -1.196737 -12.471343 0.885848 0.747676 24.025726 0.201534 1.210757 5.315839 1.605198 1.456102 39.235291 3.640916 -0.510049 31.692566 -0.819511 -0.78153 -3.611778 0.406125 -1.304137 6.366475 7.7e-05 -2.3e-05 6e-06 0.161624 -0.002559 -0.153761 1.260443 -3.569106 -10.917406 -0.940122 3.557959 -11.057366 -13.580256 4.595695 27.319687 -48.834469 -4.176737 -9.930549 -177.221069 -73.127869 179.125244 16.321171 1.618357 -13.616201 -5.882105 9.861285 0.702592 -10.936871 -0.360575 7.156205 1e-06 8.774824 0.0 -15.218022 17.765156 5.577194 -1.844032 2.498504 -2.507277 -10.163599 4.678943 4.621109 -20.976021 -2e-06 4e-06 -21.226278 2.451697 -3.593996 1e-06 -6e-06 1e-06 -1.362681 2.240796 -0.746323 -21.334911 0.584909 3.008326 -13.821213 -3e-06 4e-06 -23.887161 -0.249076 -0.839481 -58.113449 2.070381 -1.466085 -0.294025 1.679686 0.833256 -14.218207 0.093214 1.300581 -34.212048 -0.287561 0.967175 -20.033207 0.964539 1.212845 -1e-06 -0.0 -1e-06 -3.440388 0.788234 0.501655 -15.928185 -3.167309 2.999707 -6.338827 -1e-06 1e-06 -18.123444 3.648183 -4.905669 -4e-06 2e-06 -3e-06 9.325216 6.697392 25.330278 61.729679 6.518592 -12.452065 -161.308578 82.911774 -161.512512 -26.500296 9.52381 29.487413 2.243543 -5.255038 -3.18016 14.282896 -0.826593 6.952505 -4e-06 -12.690609 2e-06 15.664026 -17.152496 2.253682 1.665668 -1.955924 -2.878301 4.727801 -4.170589 4.993925 11.020531 3e-06 -2e-06 12.109057 -3.735719 -2.866785 -0.0 -0.0 -2e-06 1.291989 -1.928549 -1.498091 14.800134 0.56747 3.865612 14.242579 -1.341736 -6.660659 19.631975 0.143926 -0.648245 49.408001 -0.519511 -5.663661 0.353031 -1.511151 -0.03194 20.222803 3.684312 2.316632 18.787283 5e-06 -0.0 10.751634 -0.479868 1.397907 -0.0 0.0 -2e-06 3.273806 0.305949 -0.580111 21.486824 11.83038 2.266136 8.16293 3e-06 1e-06 18.399092 -3.798985 -4.940577 4e-06 -0.0 -1e-06 8.098744 14.498853 -46.357891 0.809737 0.823032 154.653076 11.895164 -1.650886 -38.432106 2.293076 -1.581863 -41.352589 -0.0 -0.0 2e-06 -6.248825 -2.947131 -23.394566 0.291737 0.62577 153.951752 0.629776 8.079858 -43.129795 -2.06722 0.692019 -44.152496 0.0 0.0 -3e-06 
0.0 0.0 0.0 0.0 -0.0 0.0 -7.66563 41.933186 -6.274872 -2.17687 -0.886887 -11.549361 0.913126 0.707068 23.877562 0.177525 1.258603 5.286426 1.51875 1.363314 39.280602 3.38094 -0.204984 31.756254 -0.898991 -0.679716 -3.635014 0.367132 -1.191789 6.43214 7.7e-05 -2.2e-05 6e-06 0.128001 -0.000561 -0.143791 1.245866 -3.584253 -10.922418 -0.993559 3.57959 -11.071776 -13.793655 4.241261 27.491652 -48.974388 -4.96314 -9.707451 -176.832458 -74.721123 178.67131 17.292036 1.453611 -13.014142 -5.882099 9.861273 0.702591 -10.936861 -0.360575 7.156202 0.0 8.774815 -2e-06 -15.268716 17.830126 5.660773 -1.844029 2.4985 -2.507274 -10.163589 4.678939 4.621107 -20.976004 0.0 7e-06 -21.226265 2.451699 -3.593991 1e-06 -6e-06 1e-06 -1.36268 2.240794 -0.746323 -21.334894 0.584908 3.008326 -13.821199 -0.0 6e-06 -23.887142 -0.249073 -0.839474 -58.301258 2.183296 -1.480708 -0.294025 1.679684 0.833256 -14.218194 0.093214 1.300584 -34.212013 -0.287557 0.967179 -20.033194 0.964541 1.212844 -1e-06 -0.0 -1e-06 -3.440385 0.788232 0.501656 -15.928172 -3.167306 2.999709 -6.33882 1e-06 5e-06 -18.123426 3.64818 -4.90566 -4e-06 2e-06 -3e-06 9.040929 6.346679 25.145693 61.714409 5.88837 -11.324947 -156.62645 84.241386 -156.745087 -27.866692 9.490309 27.975407 2.243537 -5.255031 -3.180152 14.282866 -0.826593 6.952492 -3e-06 -12.690585 0.0 15.739179 -17.159012 2.142879 1.665663 -1.955916 -2.878294 4.727791 -4.170579 4.993914 11.020509 3e-06 -1e-06 12.109032 -3.735709 -2.86678 0.0 -0.0 -1e-06 1.291985 -1.928548 -1.498088 14.800103 0.567469 3.865601 14.242549 -1.341733 -6.660647 19.631937 0.143926 -0.648241 49.418346 -0.536449 -5.699134 0.353027 -1.511149 -0.031941 20.222757 3.684307 2.316628 18.787239 5e-06 2e-06 10.751609 -0.479867 1.397904 0.0 -0.0 0.0 3.273798 0.305947 -0.580109 21.486782 11.830359 2.266132 8.162913 3e-06 -1e-06 18.399054 -3.79898 -4.940566 3e-06 0.0 -1e-06 8.050023 14.4344 -45.758862 0.794558 0.853008 154.67186 12.149915 -0.946849 -38.470963 2.332944 -1.567887 -42.168678 0.0 -0.0 2e-06 -6.02673 -3.063527 -23.490898 0.353313 0.666218 153.565338 0.691315 8.275589 -41.984123 -2.066813 0.66666 -44.289364 0.0 0.0 -3e-06 
0.0 0.0 0.0 0.0 -0.0 0.0 -7.62947 42.089714 -4.906973 -2.323877 -0.639055 -10.611329 0.955381 0.654935 23.659628 0.13672 1.333458 5.217921 1.427265 1.257832 39.087936 2.968632 0.165643 31.738791 -0.91084 -0.591829 -3.665302 0.239205 -1.065999 6.456506 7.7e-05 -2.2e-05 6e-06 0.10261 0.000272 -0.139848 1.23763 -3.602687 -10.946804 -1.036015 3.600805 -11.106987 -13.960847 3.899101 27.501505 -49.030197 -5.800432 -9.240958 -176.736343 -76.490875 178.401459 18.079287 1.234198 -12.144698 -5.882104 9.861283 0.702588 -10.936865 -0.360575 7.1562 1e-06 8.774822 -1e-06 -15.341377 17.92148 5.735879 -1.844032 2.498503 -2.507277 -10.163594 4.678943 4.621105 -20.976013 -4e-06 -1e-06 -21.226276 2.451695 -3.594002 1e-06 -6e-06 -1e-06 -1.36268 2.240798 -0.746323 -21.334904 0.584909 3.008319 -13.821206 -2e-06 0.0 -23.887157 -0.249081 -0.839485 -58.44099 2.268468 -1.506736 -0.294024 1.679685 0.833255 -14.2182 0.093216 1.300579 -34.212029 -0.287566 0.967168 -20.033207 0.964535 1.21284 -0.0 -0.0 -2e-06 -3.440387 0.788233 0.501655 -15.928179 -3.167309 2.999704 -6.338823 3e-06 -1e-06 -18.12344 3.64818 -4.905671 -5e-06 1e-06 -1e-06 8.701973 6.217669 24.86235 61.478477 6.070786 -9.457778 -145.609665 86.105904 -145.469864 -27.847372 8.689383 26.457972 2.243538 -5.255034 -3.180156 14.282887 -0.826593 6.952499 -5e-06 -12.690598 1e-06 15.98859 -17.094017 1.994489 1.665663 -1.95592 -2.878297 4.727798 -4.170584 4.993922 11.020524 3e-06 -2e-06 12.109048 -3.735713 -2.86678 -1e-06 -0.0 -2e-06 1.291986 -1.928548 -1.498088 14.800123 0.567469 3.865606 14.242566 -1.341735 -6.660653 19.63196 0.143925 -0.648243 49.463829 -0.512325 -5.708667 0.353028 -1.51115 -0.031937 20.222784 3.684307 2.316627 18.78727 4e-06 -0.0 10.751625 -0.479868 1.397906 -0.0 -0.0 1e-06 3.273804 0.305946 -0.58011 21.486801 11.830366 2.26613 8.162924 2e-06 1e-06 18.399075 -3.798982 -4.940571 4e-06 0.0 0.0 7.98707 14.363357 -44.880322 0.791774 0.879482 154.491119 12.290046 -0.263671 -38.447212 2.352189 -1.538904 -43.070076 0.0 -0.0 3e-06 -5.805735 -3.136041 -23.50226 0.39722 0.731968 152.951431 0.866976 8.468317 -40.561195 -2.065469 0.643091 -44.242134 0.0 0.0 -4e-06 
0.0 0.0 0.0 0.0 -0.0 0.0 -7.580258 42.330135 -3.417226 -2.478808 -0.452815 -9.645478 1.028041 0.608984 23.367489 0.098573 1.372298 5.131898 1.324218 1.205055 38.739502 2.414251 0.560219 31.624487 -0.86829 -0.526953 -3.692119 0.061534 -0.904385 6.46019 7.7e-05 -2.3e-05 6e-06 0.077117 0.000721 -0.144458 1.217319 -3.615342 -10.979033 -1.065749 3.61406 -11.149648 -14.066116 3.510895 27.326483 -49.0224 -6.70818 -8.463799 -176.951904 -78.39093 178.389557 18.820044 1.136252 -10.956433 -5.882101 9.861276 0.702589 -10.936864 -0.360574 7.156199 1e-06 8.774819 -1e-06 -15.39178 17.992676 5.814332 -1.844032 2.498502 -2.507277 -10.163594 4.67894 4.621104 -20.976011 -2e-06 1e-06 -21.226271 2.451693 -3.593998 2e-06 -5e-06 -1e-06 -1.36268 2.240795 -0.746323 -21.3349 0.584907 3.00832 -13.821205 -3e-06 2e-06 -23.887157 -0.24908 -0.839482 -58.480545 2.308017 -1.490139 -0.294024 1.679685 0.833255 -14.2182 0.093214 1.300578 -34.212032 -0.287566 0.967167 -20.033201 0.964535 1.212843 -0.0 -0.0 -2e-06 -3.440386 0.78823 0.501655 -15.928176 -3.167308 2.999703 -6.338821 -2e-06 1e-06 -18.123436 3.648177 -4.905668 -4e-06 1e-06 -3e-06 8.293635 6.244045 24.472734 60.910137 7.187155 -6.83824 -105.385208 87.813316 -104.840843 -25.988928 6.92426 24.892342 2.243538 -5.255033 -3.180156 14.282881 -0.826591 6.9525 -4e-06 -12.690597 0.0 16.39115 -16.996658 1.924562 1.665663 -1.955919 -2.878298 4.727796 -4.170584 4.993923 11.020519 5e-06 -3e-06 12.109044 -3.735712 -2.86678 -0.0 -0.0 -1e-06 1.291983 -1.928548 -1.498088 14.800118 0.567468 3.865607 14.242561 -1.341735 -6.66065 19.631954 0.143928 -0.648245 49.555714 -0.419436 -5.698565 0.353028 -1.511149 -0.031941 20.222782 3.684309 2.31663 18.78726 7e-06 4e-06 10.751622 -0.479868 1.397907 -0.0 0.0 -0.0 3.273805 0.305947 -0.580111 21.486799 11.830369 2.266129 8.162921 3e-06 1e-06 18.399067 -3.798979 -4.94057 3e-06 -1e-06 1e-06 7.913499 14.297225 -43.762642 0.79255 0.902129 154.148254 12.293324 0.421055 -38.408821 2.351457 -1.502744 -43.831619 -0.0 0.0 3e-06 -5.600441 -3.158639 -23.437361 0.441374 0.829001 152.128571 1.21009 8.718194 -38.958351 -2.048249 0.624188 -43.646885 0.0 0.0 -4e-06 
0.0 0.0 0.0 0.0 -0.0 0.0 -7.568886 42.618473 -1.972925 -2.626878 -0.352425 -8.654879 1.109062 0.565135 22.995867 0.078646 1.324112 5.034733 1.178993 1.264567 38.287384 1.690839 1.026397 31.468834 -0.721079 -0.526772 -3.728632 -0.108414 -0.738929 6.436588 7.7e-05 -2.2e-05 6e-06 0.042772 0.002133 -0.16059 1.16759 -3.615597 -11.022952 -1.083777 3.61626 -11.195883 -14.085072 3.096594 26.950813 -48.987541 -7.657225 -7.355787 -177.212173 -80.356064 178.423019 19.621355 1.281513 -9.515421 -5.882104 9.861282 0.70259 -10.936867 -0.360575 7.156201 1e-06 8.774822 -2e-06 -15.430571 17.993788 5.853319 -1.844031 2.498504 -2.507275 -10.163597 4.678943 4.621106 -20.976017 -3e-06 5e-06 -21.226278 2.451698 -3.593997 2e-06 -5e-06 -2e-06 -1.362681 2.240796 -0.746323 -21.334906 0.584908 3.008322 -13.821209 -2e-06 2e-06 -23.887165 -0.249078 -0.839482 -58.40324 2.289459 -1.439804 -0.294026 1.679687 0.833255 -14.218205 0.093215 1.30058 -34.212044 -0.287564 0.967172 -20.033211 0.964536 1.212845 -1e-06 -2e-06 0.0 -3.440388 0.788234 0.501655 -15.928179 -3.16731 2.999705 -6.338824 -2e-06 1e-06 -18.123444 3.64818 -4.905666 -4e-06 0.0 -2e-06 7.772207 6.399289 24.018297 60.042751 9.390595 -4.01896 -38.24976 86.780762 -37.207264 -21.959993 3.989387 22.941425 2.24354 -5.255034 -3.180156 14.282887 -0.826595 6.952502 -1e-06 -12.690601 2e-06 16.680037 -16.934622 2.113341 1.665665 -1.955921 -2.878298 4.727797 -4.170585 4.993924 11.02052 2e-06 -3e-06 12.109046 -3.735717 -2.866787 0.0 -0.0 0.0 1.291986 -1.928548 -1.498088 14.800122 0.567467 3.865606 14.242566 -1.341737 -6.660655 19.631958 0.143924 -0.648245 49.59309 -0.312965 -5.708852 0.353029 -1.511152 -0.031942 20.222786 3.684307 2.316632 18.78727 2e-06 1e-06 10.751627 -0.479868 1.397904 1e-06 0.0 1e-06 3.273806 0.305947 -0.58011 21.486801 11.830367 2.266131 8.162924 4e-06 -1e-06 18.399075 -3.798987 -4.940574 3e-06 0.0 -1e-06 7.78709 14.253976 -42.472599 0.779979 0.919898 153.636276 12.069547 1.196145 -38.543579 2.327171 -1.464346 -44.201061 -0.0 -0.0 3e-06 -5.419399 -3.069433 -23.35314 0.473815 0.934156 151.155365 1.786239 9.073529 -37.253983 -2.004006 0.618182 -41.883888 0.0 0.0 -4e-06 
0.0 0.0 0.0 0.0 -0.0 0.0 -7.592215 42.913574 -0.486218 -2.753554 -0.302115 -7.69031 1.190712 0.509382 22.598881 0.075531 1.237845 4.901304 1.045066 1.405385 37.871666 0.902178 1.478439 31.321606 -0.603574 -0.601965 -3.773951 -0.250677 -0.583368 6.381073 7.7e-05 -2.2e-05 6e-06 0.010237 0.000874 -0.174831 1.114142 -3.620046 -11.084327 -1.094492 3.617227 -11.243114 -14.019205 2.647633 26.531126 -48.989563 -8.825391 -6.303223 -175.987946 -82.388359 176.943024 20.451792 1.51367 -8.004817 -5.882105 9.861281 0.702589 -10.936872 -0.360572 7.156202 1e-06 8.774821 -3e-06 -15.429992 17.87121 5.822985 -1.844033 2.498503 -2.507277 -10.163597 4.678944 4.621105 -20.976021 -4e-06 0.0 -21.226286 2.451696 -3.593998 1e-06 -6e-06 -2e-06 -1.362681 2.240797 -0.746324 -21.334911 0.584909 3.008321 -13.821213 -3e-06 1e-06 -23.887167 -0.249079 -0.839484 -58.148857 2.190448 -1.393886 -0.294025 1.679688 0.833256 -14.218208 0.093215 1.300579 -34.212048 -0.287563 0.967167 -20.033211 0.964535 1.21284 -1e-06 -0.0 -2e-06 -3.440388 0.788233 0.501656 -15.928185 -3.167308 2.999703 -6.338826 1e-06 1e-06 -18.123449 3.648182 -4.90567 -4e-06 -0.0 -3e-06 7.293315 6.792424 23.63343 59.252781 12.256726 -1.981614 -18.918217 83.926712 -17.662462 -18.756672 1.534013 21.216179 2.24354 -5.255033 -3.180155 14.282885 -0.826592 6.952495 -5e-06 -12.6906 -0.0 16.577875 -16.953289 2.486147 1.665666 -1.95592 -2.878298 4.727795 -4.170586 4.993919 11.020519 5e-06 -2e-06 12.109043 -3.735712 -2.866781 -0.0 0.0 -1e-06 1.291986 -1.928548 -1.498088 14.800122 0.56747 3.865604 14.242564 -1.341734 -6.660653 19.631958 0.143928 -0.648243 49.574093 -0.310313 -5.719393 0.353028 -1.511149 -0.031941 20.22278 3.684311 2.31663 18.787262 7e-06 1e-06 10.751622 -0.479866 1.397905 1e-06 0.0 0.0 3.273805 0.305947 -0.58011 21.486803 11.830374 2.266129 8.162922 4e-06 -1e-06 18.399071 -3.798979 -4.940569 3e-06 -0.0 -2e-06 7.576305 14.06109 -41.172607 0.748749 0.937845 152.910645 11.729478 1.876945 -38.652428 2.310913 -1.436772 -44.315994 0.0 -0.0 4e-06 -5.29129 -2.879759 -23.204123 0.43517 0.976524 150.05574 2.577533 9.289282 -35.619133 -1.963789 0.627796 -39.668652 0.0 0.0 -3e-06 
0.0 0.0 0.0 0.0 -0.0 0.0 -7.643687 43.326324 1.103532 -2.915572 -0.222578 -6.752221 1.298725 0.422749 22.215199 0.089151 1.174809 4.714636 0.99303 1.556419 37.497406 0.153443 1.873184 31.213049 -0.576669 -0.707129 -3.82997 -0.345046 -0.473617 6.352345 7.7e-05 -2.3e-05 6e-06 -0.021994 -0.001297 -0.183703 1.073612 -3.646821 -11.204847 -1.11792 3.639355 -11.339817 -13.855289 2.146917 26.103989 -49.135681 -10.223346 -5.400683 -172.434937 -84.614967 172.929016 21.087437 1.516393 -6.596321 -5.882104 9.86128 0.702589 -10.936866 -0.360573 7.156201 1e-06 8.774819 -2e-06 -15.435865 17.69084 5.721896 -1.844032 2.498503 -2.507276 -10.163596 4.678944 4.621105 -20.976017 -2e-06 3e-06 -21.226278 2.451697 -3.593997 2e-06 -6e-06 -1e-06 -1.362679 2.240796 -0.746323 -21.334904 0.584911 3.008322 -13.821205 -2e-06 5e-06 -23.887154 -0.249077 -0.839482 -57.774418 2.103976 -1.406556 -0.294025 1.679686 0.833256 -14.2182 0.093216 1.300581 -34.212032 -0.28756 0.96717 -20.033205 0.964538 1.212842 -1e-06 -1e-06 -2e-06 -3.440387 0.788232 0.501656 -15.928179 -3.167305 2.999705 -6.338824 0.0 2e-06 -18.12344 3.648181 -4.905667 -3e-06 1e-06 -2e-06 6.871284 7.446706 23.359911 58.666634 15.143469 -1.017949 -12.733894 81.143127 -11.726174 -17.415726 -0.057379 20.013729 2.243543 -5.255037 -3.180157 14.282891 -0.826596 6.952504 -1e-06 -12.690603 -2e-06 16.366341 -17.013916 2.824466 1.665666 -1.955922 -2.878298 4.727798 -4.170586 4.993924 11.020526 2e-06 -1e-06 12.109052 -3.735715 -2.866783 -0.0 -0.0 1e-06 1.291986 -1.928549 -1.498087 14.800127 0.567469 3.865607 14.242571 -1.341736 -6.660655 19.631968 0.143925 -0.648241 49.623722 -0.318989 -5.678786 0.353028 -1.51115 -0.031939 20.222794 3.684309 2.316634 18.787275 3e-06 1e-06 10.751631 -0.479869 1.397907 1e-06 0.0 1e-06 3.273806 0.305947 -0.58011 21.486813 11.830371 2.266134 8.162928 1e-06 -2e-06 18.399086 -3.798982 -4.940577 3e-06 -1e-06 1e-06 7.397748 13.646955 -39.938477 0.687227 0.966097 151.882919 11.350125 2.333629 -38.466995 2.326741 -1.422126 -44.665035 0.0 0.0 3e-06 -5.170388 -2.770114 -22.96571 0.377513 0.967878 148.663437 3.39357 9.355908 -33.85741 -1.924317 0.640959 -37.750946 0.0 -0.0 -3e-06 
0.0 0.0 0.0 0.0 -0.0 0.0 -7.72271 43.858547 2.68083 -3.077504 -0.0914 -5.847117 1.450329 0.344636 21.903288 0.096046 1.116177 4.497376 1.016107 1.625401 37.138031 -0.402771 2.213533 31.086557 -0.598896 -0.836604 -3.84637 -0.447594 -0.408437 6.356267 7.7e-05 -2.2e-05 6e-06 -0.018982 -0.000328 -0.188601 1.076502 -3.684173 -11.35827 -1.11568 3.680405 -11.474387 -13.63372 1.57714 25.649073 -49.430725 -11.487153 -4.644558 -167.681793 -86.670395 167.766617 21.272034 1.443797 -5.633737 -5.882105 9.861286 0.702591 -10.936867 -0.360572 7.156204 -1e-06 8.774824 -1e-06 -15.400743 17.503929 5.592824 -1.844032 2.498505 -2.507276 -10.163597 4.678944 4.621108 -20.976017 -0.0 4e-06 -21.226276 2.451699 -3.593998 1e-06 -7e-06 -1e-06 -1.362683 2.240799 -0.746322 -21.334906 0.584912 3.008323 -13.821209 -1e-06 3e-06 -23.887165 -0.249077 -0.83948 -57.323612 2.066034 -1.465314 -0.294025 1.679686 0.833256 -14.218205 0.093215 1.300583 -34.212036 -0.287558 0.967173 -20.033209 0.964539 1.212843 -1e-06 -0.0 -1e-06 -3.440386 0.788233 0.501657 -15.928183 -3.167308 2.999709 -6.338824 1e-06 1e-06 -18.123444 3.648185 -4.905669 -3e-06 1e-06 -2e-06 6.447965 8.276609 23.106319 58.330853 17.493229 -1.119668 -9.264424 79.108017 -8.763023 -17.222343 -1.093825 18.9792 2.243544 -5.255037 -3.180158 14.282892 -0.826597 6.952503 -0.0 -12.690603 -2e-06 16.220158 -17.017281 3.050786 1.665664 -1.955922 -2.878297 4.7278 -4.170587 4.993921 11.020526 1e-06 -2e-06 12.109053 -3.735718 -2.866782 -0.0 -0.0 0.0 1.291985 -1.928549 -1.498088 14.800125 0.567465 3.865608 14.242571 -1.34174 -6.660654 19.631968 0.143922 -0.648244 49.777981 -0.249352 -5.539567 0.353029 -1.511151 -0.03194 20.222792 3.684305 2.316631 18.787275 1e-06 -2e-06 10.751627 -0.47987 1.397902 0.0 0.0 1e-06 3.273807 0.305947 -0.58011 21.486811 11.830369 2.266132 8.162928 1e-06 -2e-06 18.399088 -3.798988 -4.940578 4e-06 -1e-06 -0.0 7.260844 13.032232 -38.978004 0.599358 0.986791 150.724426 10.971574 2.37033 -37.920731 2.372194 -1.414342 -45.273819 0.0 0.0 3e-06 -5.098131 -2.845286 -22.781937 0.378638 0.97226 147.133606 4.157861 9.387367 -32.030499 -1.893298 0.655346 -36.286255 0.0 -0.0 -2e-06 
