HIERARCHY
ROOT Root
{
  OFFSET 0.0 0.0 0.0
  CHANNELS 6 Xposition Yposition Zposition Zrotation Yrotation Xrotation
  JOINT Hips
  {
    OFFSET 0.0 100.0 0.0
    CHANNELS 6 Xposition Yposition Zposition Zrotation Yrotation Xrotation
    JOINT Spine1
    {
      OFFSET 5.003913 -0.037094 -0.013727
      CHANNELS 3 Zrotation Yrotation Xrotation
      JOINT Spine2
      {
        OFFSET 7.125363 -1e-06 0.0
        CHANNELS 3 Zrotation Yrotation Xrotation
        JOINT Chest
        {
          OFFSET 7.594027 1e-06 0.0
          CHANNELS 3 Zrotation Yrotation Xrotation
          JOINT Neck1
          {
            OFFSET 26.313086 -0.460272 -0.181672
            CHANNELS 3 Zrotation Yrotation Xrotation
            JOINT Neck2
            {
              OFFSET 8.045911 0.0 0.0
              CHANNELS 3 Zrotation Yrotation Xrotation
              JOINT Head
              {
                OFFSET 6.432774 0.0 0.0
                CHANNELS 3 Zrotation Yrotation Xrotation
                JOINT HeadEnd
                {
                  OFFSET 16.169773 0.06451 0.00362
                  CHANNELS 3 Zrotation Yrotation Xrotation
                }
                JOINT Jaw
                {
                  OFFSET 0.108741 3.12938 0.002639
                  CHANNELS 3 Zrotation Yrotation Xrotation
                }
                JOINT LeftEye
                {
                  OFFSET 4.45173 8.166359 3.206392
                  CHANNELS 3 Zrotation Yrotation Xrotation
                }
                JOINT RightEye
                {
                  OFFSET 4.436895 8.135758 -3.222429
                  CHANNELS 3 Zrotation Yrotation Xrotation
                }
              }
            }
          }
          JOINT LeftShoulder
          {
            OFFSET 23.218927 5.195579 1.621656
            CHANNELS 3 Zrotation Yrotation Xrotation
            JOINT LeftArm
            {
              OFFSET 15.902118 2e-06 -2e-06
              CHANNELS 3 Zrotation Yrotation Xrotation
              JOINT LeftForeArm
              {
                OFFSET 28.739307 0.0 -1e-06
                CHANNELS 3 Zrotation Yrotation Xrotation
                JOINT LeftHand
                {
                  OFFSET 27.093981 -4e-06 0.0
                  CHANNELS 3 Zrotation Yrotation Xrotation
                  JOINT LeftHandThumb1
                  {
                    OFFSET 2.276781 3.380274 0.83384
                    CHANNELS 3 Zrotation Yrotation Xrotation
                    JOINT LeftHandThumb2
                    {
                      OFFSET 4.705309 -1e-06 -1e-06
                      CHANNELS 3 Zrotation Yrotation Xrotation
                      JOINT LeftHandThumb3
                      {
                        OFFSET 2.798515 0.0 3e-06
                        CHANNELS 3 Zrotation Yrotation Xrotation
                        JOINT LeftHandThumbEnd
                        {
                          OFFSET 3.180793 4e-06 -4e-06
                          CHANNELS 3 Zrotation Yrotation Xrotation
                        }
                      }
                    }
                  }
                  JOINT LeftHandIndex1
                  {
                    OFFSET 3.247786 2.352677 0.137192
                    CHANNELS 3 Zrotation Yrotation Xrotation
                    JOINT LeftHandIndex2
                    {
                      OFFSET 6.367095 1e-06 0.0
                      CHANNELS 3 Zrotation Yrotation Xrotation
                      JOINT LeftHandIndex3
                      {
                        OFFSET 3.662364 0.0 0.0
                        CHANNELS 3 Zrotation Yrotation Xrotation
                        JOINT LeftHandIndex4
                        {
                          OFFSET 2.329242 4e-06 -4e-06
                          CHANNELS 3 Zrotation Yrotation Xrotation
                          JOINT LeftHandIndexEnd
                          {
                            OFFSET 2.767823 1e-06 0.0
                            CHANNELS 3 Zrotation Yrotation Xrotation
                          }
                        }
                      }
                    }
                  }
                  JOINT LeftHandMiddle1
                  {
                    OFFSET 3.163612 0.945023 -0.406112
                    CHANNELS 3 Zrotation Yrotation Xrotation
                    JOINT LeftHandMiddle2
                    {
                      OFFSET 6.276789 3e-06 0.0
                      CHANNELS 3 Zrotation Yrotation Xrotation
                      JOINT LeftHandMiddle3
                      {
                        OFFSET 4.35652 -1e-06 4e-06
                        CHANNELS 3 Zrotation Yrotation Xrotation
                        JOINT LeftHandMiddle4
                        {
                          OFFSET 2.996877 0.0 8e-06
                          CHANNELS 3 Zrotation Yrotation Xrotation
                          JOINT LeftHandMiddleEnd
                          {
                            OFFSET 2.323256 3e-06 -4e-06
                            CHANNELS 3 Zrotation Yrotation Xrotation
                          }
                        }
                      }
                    }
                  }
                  JOINT LeftHandRing1
                  {
                    OFFSET 2.882606 -0.309162 0.107445
                    CHANNELS 3 Zrotation Yrotation Xrotation
                    JOINT LeftHandRing2
                    {
                      OFFSET 6.033198 0.0 4e-06
                      CHANNELS 3 Zrotation Yrotation Xrotation
                      JOINT LeftHandRing3
                      {
                        OFFSET 4.350578 3e-06 0.0
                        CHANNELS 3 Zrotation Yrotation Xrotation
                        JOINT LeftHandRing4
                        {
                          OFFSET 2.651321 2e-06 -7e-06
                          CHANNELS 3 Zrotation Yrotation Xrotation
                          JOINT LeftHandRingEnd
                          {
                            OFFSET 1.937663 1e-06 -4e-06
                            CHANNELS 3 Zrotation Yrotation Xrotation
                          }
                        }
                      }
                    }
                  }
                  JOINT LeftHandPinky1
                  {
                    OFFSET 2.865315 -1.525436 0.575687
                    CHANNELS 3 Zrotation Yrotation Xrotation
                    JOINT LeftHandPinky2
                    {
                      OFFSET 5.54936 1e-06 -8e-06
                      CHANNELS 3 Zrotation Yrotation Xrotation
                      JOINT LeftHandPinky3
                      {
                        OFFSET 3.070974 0.0 -4e-06
                        CHANNELS 3 Zrotation Yrotation Xrotation
                        JOINT LeftHandPinky4
                        {
                          OFFSET 1.549672 1e-06 0.0
                          CHANNELS 3 Zrotation Yrotation Xrotation
                          JOINT LeftHandPinkyEnd
                          {
                            OFFSET 1.952123 0.0 0.0
                            CHANNELS 3 Zrotation Yrotation Xrotation
                          }
                        }
                      }
                    }
                  }
                }
              }
            }
          }
          JOINT RightShoulder
          {
            OFFSET 23.161716 5.296122 -1.380114
            CHANNELS 3 Zrotation Yrotation Xrotation
            JOINT RightArm
            {
              OFFSET -16.027195 -2e-06 1.1e-05
              CHANNELS 3 Zrotation Yrotation Xrotation
              JOINT RightForeArm
              {
                OFFSET -28.736639 4e-06 2e-06
                CHANNELS 3 Zrotation Yrotation Xrotation
                JOINT RightHand
                {
                  OFFSET -27.133619 6e-06 0.0
                  CHANNELS 3 Zrotation Yrotation Xrotation
                  JOINT RightHandThumb1
                  {
                    OFFSET -2.274328 -3.351035 -0.83067
                    CHANNELS 3 Zrotation Yrotation Xrotation
                    JOINT RightHandThumb2
                    {
                      OFFSET -4.703594 -3e-06 2e-06
                      CHANNELS 3 Zrotation Yrotation Xrotation
                      JOINT RightHandThumb3
                      {
                        OFFSET -2.794935 -4e-06 -3e-06
                        CHANNELS 3 Zrotation Yrotation Xrotation
                        JOINT RightHandThumbEnd
                        {
                          OFFSET -3.183852 4e-06 1e-06
                          CHANNELS 3 Zrotation Yrotation Xrotation
                        }
                      }
                    }
                  }
                  JOINT RightHandIndex1
                  {
                    OFFSET -3.253496 -2.33755 -0.127667
                    CHANNELS 3 Zrotation Yrotation Xrotation
                    JOINT RightHandIndex2
                    {
                      OFFSET -6.344434 0.0 0.0
                      CHANNELS 3 Zrotation Yrotation Xrotation
                      JOINT RightHandIndex3
                      {
                        OFFSET -3.654871 0.0 -8e-06
                        CHANNELS 3 Zrotation Yrotation Xrotation
                        JOINT RightHandIndex4
                        {
                          OFFSET -2.327586 -1e-06 0.0
                          CHANNELS 3 Zrotation Yrotation Xrotation
                          JOINT RightHandIndexEnd
                          {
                            OFFSET -2.770001 3e-06 8e-06
                            CHANNELS 3 Zrotation Yrotation Xrotation
                          }
                        }
                      }
                    }
                  }
                  JOINT RightHandMiddle1
                  {
                    OFFSET -3.168223 -0.944764 0.411762
                    CHANNELS 3 Zrotation Yrotation Xrotation
                    JOINT RightHandMiddle2
                    {
                      OFFSET -6.266691 -1e-06 -4e-06
                      CHANNELS 3 Zrotation Yrotation Xrotation
                      JOINT RightHandMiddle3
                      {
                        OFFSET -4.348901 0.0 0.0
                        CHANNELS 3 Zrotation Yrotation Xrotation
                        JOINT RightHandMiddle4
                        {
                          OFFSET -3.00024 2e-06 -4e-06
                          CHANNELS 3 Zrotation Yrotation Xrotation
                          JOINT RightHandMiddleEnd
                          {
                            OFFSET -2.321477 -4e-06 -4e-06
                            CHANNELS 3 Zrotation Yrotation Xrotation
                          }
                        }
                      }
                    }
                  }
                  JOINT RightHandRing1
                  {
                    OFFSET -2.885654 0.293261 -0.119232
                    CHANNELS 3 Zrotation Yrotation Xrotation
                    JOINT RightHandRing2
                    {
                      OFFSET -6.032835 -1e-06 -4e-06
                      CHANNELS 3 Zrotation Yrotation Xrotation
                      JOINT RightHandRing3
                      {
                        OFFSET -4.33881 0.0 -4e-06
                        CHANNELS 3 Zrotation Yrotation Xrotation
                        JOINT RightHandRing4
                        {
                          OFFSET -2.654903 -4e-06 -4e-06
                          CHANNELS 3 Zrotation Yrotation Xrotation
                          JOINT RightHandRingEnd
                          {
                            OFFSET -1.935122 0.0 4e-06
                            CHANNELS 3 Zrotation Yrotation Xrotation
                          }
                        }
                      }
                    }
                  }
                  JOINT RightHandPinky1
                  {
                    OFFSET -2.866241 1.503904 -0.60527
                    CHANNELS 3 Zrotation Yrotation Xrotation
                    JOINT RightHandPinky2
                    {
                      OFFSET -5.553177 -2e-06 0.0
                      CHANNELS 3 Zrotation Yrotation Xrotation
                      JOINT RightHandPinky3
                      {
                        OFFSET -3.062664 -1e-06 -4e-06
                        CHANNELS 3 Zrotation Yrotation Xrotation
                        JOINT RightHandPinky4
                        {
                          OFFSET -1.546529 2e-06 4e-06
                          CHANNELS 3 Zrotation Yrotation Xrotation
                          JOINT RightHandPinkyEnd
                          {
                            OFFSET -1.952341 0.0 -4e-06
                            CHANNELS 3 Zrotation Yrotation Xrotation
                          }
                        }
                      }
                    }
                  }
                }
              }
            }
          }
        }
      }
    }
    JOINT LeftLeg
    {
      OFFSET -8.443107 2.567604 10.043214
      CHANNELS 3 Zrotation Yrotation Xrotation
      JOINT LeftShin
      {
        OFFSET 43.229198 1e-06 -1e-06
        CHANNELS 3 Zrotation Yrotation Xrotation
        JOINT LeftFoot
        {
          OFFSET 42.298611 1e-06 1e-06
          CHANNELS 3 Zrotation Yrotation Xrotation
          JOINT LeftToeBase
          {
            OFFSET 14.165858 1e-06 0.0
            CHANNELS 3 Zrotation Yrotation Xrotation
            JOINT LeftToeEnd
            {
              OFFSET 6.7141 -0.234461 0.0
              CHANNELS 3 Zrotation Yrotation Xrotation
            }
          }
        }
      }
    }
    JOINT RightLeg
    {
      OFFSET -8.303923 2.592729 -10.047278
      CHANNELS 3 Zrotation Yrotation Xrotation
      JOINT RightShin
      {
        OFFSET -43.369682 0.0 1e-06
        CHANNELS 3 Zrotation Yrotation Xrotation
        JOINT RightFoot
        {
          OFFSET -42.260784 4e-06 2e-06
          CHANNELS 3 Zrotation Yrotation Xrotation
          JOINT RightToeBase
          {
            OFFSET -14.222245 -2e-06 -1e-06
            CHANNELS 3 Zrotation Yrotation Xrotation
            JOINT RightToeEnd
            {
              OFFSET -6.660062 0.232574 -2e-06
              CHANNELS 3 Zrotation Yrotation Xrotation
            }
          }
        }
      }
    }
  }
}
MOTION
Frames: 105
Frame Time: 0.03333333333333333
0.0 0.0 0.0 0.0 -0.0 0.0 0.76254 99.890388 6.248745 89.855835 2.25223 90.032341 -1.9901 0.369398 -0.0513 -11.203812 -0.304439 0.58785 16.213924 -0.664643 -1.452496 20.578453 2.08011 2.551731 -2.41014 -0.683051 -1.40775 -29.095551 0.889808 -2.406792 6e-06 0.0 -0.0 0.055218 -0.002531 -0.01159 0.080001 0.028922 -0.007734 0.069495 -0.032625 -0.009577 -127.373276 -72.931282 139.997574 32.804306 -55.776619 14.030261 28.428169 -0.156604 -0.034584 -0.653934 1.03031 12.203795 17.636787 -26.322834 52.411362 -19.466837 -14.395667 29.410566 9e-06 -8.774917 -8e-06 16.003363 -18.150581 6.088079 -0.609781 -1.79567 -3.889347 -4.807145 -11.046931 -2.93787 -1.1e-05 -20.976301 -1.6e-05 -5.020041 -25.034014 -4.031971 4e-06 3e-06 2e-06 -10.634618 -5.687029 -3.565598 10.573352 -17.923126 -3.113929 -5e-06 -13.821392 -1.9e-05 -0.501775 -31.182093 -4.027131 -11.125628 -59.507942 7.058335 -13.98282 -7.15027 -2.875042 13.772841 -8.401564 -3.218264 0.347731 -34.212048 0.771618 -0.963031 -17.733675 2.621035 0.0 -3e-06 -1e-06 -17.346577 -20.095407 -4.201777 21.757755 -1.638369 3.866472 -3e-06 -6.338905 -9e-06 -1.697616 -22.592157 -6.19414 2e-06 -5e-06 -2e-06 36.922352 -73.810318 158.569016 29.847845 -46.905884 26.112108 50.23455 -0.227419 0.413535 -0.759838 -8.72116 14.309365 22.182213 -20.375807 49.9333 -16.701937 -16.743551 28.476562 -1.2e-05 -12.69067 -1.8e-05 16.086166 -18.237553 2.823817 -0.105918 -1.513871 -4.275887 -5.039067 -5.612902 -2.953566 1.3e-05 -11.020594 -2.1e-05 -6.111317 -15.895464 -3.840513 -3e-06 2e-06 2e-06 -10.283407 -5.680322 -4.341838 11.028348 -11.302466 -2.372654 -1.384268 -14.238676 -6.32016 -0.625382 -26.924431 -3.827668 -4.566406 -50.138325 -4.128756 -13.70858 -7.363514 -3.720938 18.141243 -14.052818 -3.242699 4.2e-05 -18.78739 -4.3e-05 -0.429686 -8.456112 2.555506 3e-06 3e-06 0.0 -15.923603 -20.094587 -5.473594 30.419344 -7.190884 1.735943 1.8e-05 -8.162967 -2.1e-05 -1.861838 -22.861647 -6.168043 -5e-06 -3e-06 -3e-06 -174.772842 -5.446594 -10.717629 5.242342 -0.041104 -0.092985 -76.365349 -1.879209 -7.02939 -4.652313 1.537279 2.120263 -0.999999 0.0 -0.0 4.210611 -4.40675 -13.821083 5.39786 0.006823 -0.163695 -75.508286 -1.733103 -6.209864 -4.266199 0.709091 1.698934 -1.000007 2e-06 -1e-06 
0.0 0.0 0.0 0.0 -0.0 0.0 0.796994 99.93013 6.138084 89.835716 2.355745 89.83828 -1.953875 0.414181 -0.072429 -11.163199 -0.24943 0.633593 16.151876 -0.747144 -1.40795 20.634054 1.989247 2.666856 -2.423251 -0.662466 -1.541513 -28.977163 0.736801 -2.478539 6e-06 -0.0 0.0 0.039797 -0.008131 -0.01876 0.082211 0.018906 -0.014263 0.063921 -0.03354 -0.018777 -126.728065 -72.792671 139.390213 32.810677 -55.692566 13.727444 28.802355 -0.243808 -0.087987 -0.175891 1.488993 12.484305 17.636633 -26.322577 52.410995 -19.466637 -14.395542 29.410299 1.8e-05 -8.77483 -9e-06 16.023302 -18.205414 6.034822 -0.609781 -1.795656 -3.889316 -4.807115 -11.046829 -2.93785 -3.4e-05 -20.976051 -2.6e-05 -5.020001 -25.033684 -4.03195 6e-06 -2e-06 2e-06 -10.634543 -5.686993 -3.565575 10.573238 -17.922947 -3.113899 -1.5e-05 -13.82124 -2.4e-05 -0.501774 -31.181684 -4.027114 -11.23067 -59.466476 7.142314 -13.982726 -7.150226 -2.875026 13.772714 -8.401472 -3.21823 0.347697 -34.21162 0.771593 -0.963021 -17.73344 2.62098 -1e-06 0.0 2e-06 -17.346462 -20.095261 -4.201752 21.757568 -1.638332 3.866444 -6e-06 -6.338835 -1.2e-05 -1.697607 -22.591858 -6.194083 1e-06 -3e-06 2e-06 37.751385 -74.40493 157.777939 28.377911 -43.568722 26.827028 58.75774 -0.287134 0.462362 0.428323 -9.143885 14.085732 22.182108 -20.375814 49.933384 -16.701801 -16.743443 28.476545 1.4e-05 -12.690578 -1e-05 16.200409 -18.505774 2.802525 -0.105927 -1.513865 -4.275883 -5.039045 -5.612894 -2.953574 -7e-06 -11.020555 -1.9e-05 -6.111297 -15.895432 -3.840526 -1e-06 -0.0 1e-06 -10.283368 -5.680316 -4.341853 11.028258 -11.302409 -2.372635 -1.384281 -14.238627 -6.320165 -0.62542 -26.924314 -3.827696 -4.707313 -50.177322 -4.11829 -13.708518 -7.363513 -3.720958 18.141102 -14.052741 -3.242673 1e-06 -18.787317 -3.8e-05 -0.429716 -8.456078 2.555501 3e-06 -0.0 1e-06 -15.923536 -20.094551 -5.473615 30.419136 -7.190794 1.735958 -2e-06 -8.162933 -1.4e-05 -1.861873 -22.861546 -6.168026 2e-06 -3e-06 -0.0 -174.64537 -5.421558 -10.661712 5.227003 -0.016801 -0.070334 -76.435249 -2.139674 -7.162504 -4.686634 1.548831 2.121798 -0.999996 0.0 -0.0 4.314959 -4.42201 -13.689748 5.379251 0.018746 -0.123364 -75.51754 -1.560907 -6.106435 -4.248506 0.69871 1.701268 -1.000005 -1e-06 -1e-06 
0.0 0.0 0.0 0.0 -0.0 0.0 0.840767 99.922028 5.942072 89.830185 2.49141 89.637756 -1.926069 0.435199 -0.092688 -11.160712 -0.211984 0.679831 16.159712 -0.73054 -1.374697 20.852768 1.91751 2.755431 -2.475382 -0.661874 -1.715078 -28.680723 0.463662 -2.455822 6e-06 -0.0 -0.0 0.032107 -0.011585 -0.04657 0.063864 0.010709 -0.038931 0.039784 -0.032477 -0.05081 -126.057358 -72.724693 138.789978 32.513252 -55.639168 13.989038 29.509914 -0.176645 -0.107964 0.247213 1.91395 12.406317 17.636475 -26.322641 52.411171 -19.466343 -14.395442 29.410246 6.7e-05 -8.774755 -9e-06 15.977571 -18.272413 6.023028 -0.609791 -1.795643 -3.889311 -4.807137 -11.046781 -2.937827 -0.000165 -20.975897 2.4e-05 -5.020106 -25.033503 -4.031935 8e-06 -2e-06 3e-06 -10.634501 -5.687001 -3.565579 10.573062 -17.922783 -3.113826 -0.0001 -13.821139 -3e-06 -0.501972 -31.181406 -4.027092 -11.301604 -59.442036 7.142304 -13.982667 -7.150239 -2.875032 13.772571 -8.401355 -3.218188 0.347435 -34.211372 0.771705 -0.963144 -17.733318 2.620955 1e-06 2e-06 3e-06 -17.346428 -20.095217 -4.201742 21.75742 -1.638218 3.866462 -4.7e-05 -6.338794 3e-06 -1.697754 -22.591696 -6.194024 0.0 -5e-06 0.0 38.344967 -75.073776 157.064453 26.457979 -39.015873 26.367849 69.019753 -0.153664 0.449566 3.042032 -8.724739 14.078023 22.18206 -20.375832 49.933239 -16.701576 -16.743135 28.476326 2.8e-05 -12.690375 -4.6e-05 16.282051 -18.76318 2.822935 -0.10594 -1.513856 -4.27586 -5.038993 -5.612873 -2.953571 -2.3e-05 -11.020526 -0.0 -6.111211 -15.895392 -3.840499 -1e-06 0.0 1e-06 -10.283272 -5.680292 -4.341867 11.0281 -11.302379 -2.372564 -1.384271 -14.238584 -6.320127 -0.625479 -26.924232 -3.827645 -4.862352 -50.033527 -3.978198 -13.708378 -7.36348 -3.720988 18.140831 -14.052705 -3.242572 -1.5e-05 -18.78727 -2e-05 -0.429724 -8.456059 2.555494 -0.0 2e-06 1e-06 -15.923359 -20.094475 -5.473635 30.418688 -7.190757 1.73602 -1e-06 -8.162922 -9e-06 -1.861838 -22.861532 -6.167982 1e-06 -1e-06 -0.0 -174.534286 -5.368416 -10.626767 5.285522 -0.014227 -0.053963 -76.521797 -2.407282 -7.267503 -4.729842 1.550364 2.120254 -1.000003 2e-06 -1e-06 4.410775 -4.48875 -13.518914 5.385653 0.035945 -0.097291 -75.510628 -1.362769 -6.076808 -4.2491 0.726751 1.709203 -1.000002 -1e-06 -1e-06 
0.0 0.0 0.0 0.0 -0.0 0.0 0.878953 99.874817 5.722865 89.828987 2.628513 89.403748 -1.900496 0.438556 -0.106247 -11.202942 -0.177078 0.72029 16.207878 -0.640304 -1.379375 21.216486 1.906876 2.773884 -2.510584 -0.694929 -1.753857 -28.334063 0.072607 -2.422304 6e-06 -0.0 0.0 0.024439 -0.011369 -0.067953 0.035168 0.010562 -0.057894 0.003712 -0.032262 -0.075047 -125.036514 -72.76001 137.766754 31.901587 -55.738308 14.781206 30.33205 0.019443 -0.105355 0.609196 2.395566 12.211795 17.636656 -26.32271 52.411133 -19.466656 -14.395598 29.410376 2e-06 -8.774838 -5e-06 15.865611 -18.315891 6.063602 -0.609778 -1.795654 -3.889327 -4.807096 -11.046816 -2.937848 3e-06 -20.976055 -0.0 -5.019978 -25.033653 -4.031898 4e-06 2e-06 5e-06 -10.634543 -5.686972 -3.565583 10.57328 -17.922962 -3.113896 0.0 -13.821238 2e-06 -0.501771 -31.181641 -4.02703 -11.339346 -59.442379 7.148871 -13.982726 -7.150208 -2.875037 13.77274 -8.401493 -3.218235 0.347723 -34.211639 0.77166 -0.963039 -17.733456 2.621038 -3e-06 3e-06 3e-06 -17.346437 -20.095228 -4.201774 21.757584 -1.638371 3.866436 1e-06 -6.338836 -1e-06 -1.697588 -22.591839 -6.194036 -1e-06 -5e-06 -1e-06 39.0056 -75.740074 156.201202 24.609333 -33.607449 23.46183 79.835899 0.328767 0.237909 7.026639 -6.848137 14.285801 22.18211 -20.37583 49.933346 -16.701828 -16.743517 28.476557 4e-06 -12.690618 -7e-06 16.038853 -18.868528 2.996778 -0.105922 -1.513856 -4.275882 -5.039053 -5.612885 -2.953562 -0.0 -11.020538 -1.4e-05 -6.11131 -15.895395 -3.840516 -2e-06 1e-06 0.0 -10.283382 -5.680302 -4.341841 11.028294 -11.302402 -2.37264 -1.384276 -14.238607 -6.320154 -0.625414 -26.924282 -3.827666 -5.030477 -49.835545 -3.633813 -13.708542 -7.363495 -3.720939 18.141155 -14.052732 -3.242682 7e-06 -18.787287 -2.5e-05 -0.429711 -8.456063 2.555506 1e-06 -0.0 0.0 -15.923563 -20.094513 -5.473597 30.419239 -7.19081 1.735942 0.0 -8.162931 -9e-06 -1.861883 -22.861532 -6.168011 -1e-06 -3e-06 -0.0 -174.465836 -5.305039 -10.696581 5.40685 -0.024225 -0.018666 -76.646889 -2.68255 -7.421476 -4.844114 1.551127 2.110936 -1.0 0.0 0.0 4.481202 -4.562841 -13.334115 5.351473 0.043271 -0.075502 -75.444687 -1.179875 -6.067636 -4.383094 0.768212 1.710801 -1.000003 -1e-06 -0.0 
0.0 0.0 0.0 0.0 -0.0 0.0 0.90626 99.822029 5.532592 89.862488 2.752446 89.178192 -1.887668 0.431506 -0.092073 -11.265025 -0.155476 0.687698 16.237976 -0.521636 -1.427866 21.691833 2.002717 2.734167 -2.525757 -0.735687 -1.753312 -27.968683 -0.431038 -2.381965 6e-06 -0.0 0.0 0.000781 -0.006855 -0.073133 0.010577 0.018222 -0.060617 -0.036344 -0.030693 -0.083308 -123.548042 -72.873215 136.28566 31.182344 -56.013454 15.825487 30.960325 0.311586 -0.019845 0.74702 2.862794 12.139585 17.636759 -26.323019 52.411694 -19.466892 -14.395732 29.410723 3e-06 -8.774933 -1e-06 15.722201 -18.361753 6.132992 -0.609782 -1.795671 -3.889362 -4.807145 -11.046945 -2.937877 -5e-06 -20.976334 2e-06 -5.020052 -25.034035 -4.031952 5e-06 -2e-06 -1e-06 -10.634626 -5.687034 -3.56562 10.573385 -17.923164 -3.11394 -2e-06 -13.821413 -4e-06 -0.501776 -31.182133 -4.027097 -11.301775 -59.356339 7.055507 -13.982836 -7.150275 -2.875063 13.77287 -8.401583 -3.218282 0.347725 -34.212112 0.771662 -0.96305 -17.733706 2.621064 0.0 -4e-06 -3e-06 -17.346588 -20.095432 -4.201807 21.757788 -1.638379 3.866462 0.0 -6.338917 -2e-06 -1.697616 -22.592186 -6.194124 2e-06 -4e-06 -2e-06 39.511539 -76.338676 155.413528 23.067636 -27.524725 16.631092 90.202843 0.95631 -0.024411 12.432807 -2.485986 15.167146 22.182318 -20.376022 49.933598 -16.70196 -16.74361 28.476702 -9e-06 -12.690712 -1.7e-05 15.170736 -18.607498 3.361616 -0.105921 -1.513865 -4.275903 -5.039082 -5.612916 -2.953581 1.3e-05 -11.020632 -9e-06 -6.111346 -15.895529 -3.84053 1e-06 3e-06 1e-06 -10.283443 -5.680325 -4.341866 11.028379 -11.302499 -2.372644 -1.38427 -14.238719 -6.320184 -0.625403 -26.924538 -3.827661 -5.009705 -49.561768 -3.25505 -13.708616 -7.363519 -3.720963 18.141293 -14.052868 -3.24269 2.9e-05 -18.78746 -1.7e-05 -0.429702 -8.456154 2.555534 1e-06 1e-06 0.0 -15.923647 -20.094618 -5.473622 30.419439 -7.190907 1.735962 1.4e-05 -8.163 -6e-06 -1.861869 -22.861759 -6.168045 -3e-06 -5e-06 1e-06 -174.422821 -5.19644 -10.763021 5.517391 -0.034787 0.026982 -76.780121 -3.039931 -7.594265 -4.952921 1.540326 2.100144 -1.000005 -0.0 -0.0 4.53634 -4.654196 -13.138991 5.258154 0.043713 -0.039793 -75.297287 -1.082217 -6.052411 -4.604214 0.791724 1.703924 -1.000004 0.0 0.0 
0.0 0.0 0.0 0.0 -0.0 0.0 0.914551 99.801407 5.352454 89.943405 2.831981 88.929779 -1.886829 0.414053 -0.027715 -11.300276 -0.157036 0.602199 16.170172 -0.385319 -1.543255 22.173412 2.186556 2.673731 -2.53443 -0.744068 -1.820619 -27.613182 -0.931153 -2.236587 6e-06 0.0 0.0 -0.020628 -0.002494 -0.063727 -0.012678 0.028557 -0.05193 -0.06868 -0.032603 -0.076039 -122.128731 -72.957405 134.834106 30.247114 -56.266247 17.292114 31.286041 0.608488 0.142966 0.614475 3.060126 11.907149 17.636599 -26.322704 52.411263 -19.466692 -14.395604 29.410488 5.4e-05 -8.774879 0.0 15.590667 -18.41717 6.202564 -0.609786 -1.795667 -3.889329 -4.807177 -11.046926 -2.937853 -0.000123 -20.976227 -2.1e-05 -5.020133 -25.033962 -4.032017 7e-06 1e-06 2e-06 -10.634589 -5.687054 -3.56558 10.573222 -17.923029 -3.113916 -7.4e-05 -13.821342 -3.7e-05 -0.501876 -31.181978 -4.027231 -11.204931 -59.258881 6.857766 -13.982788 -7.150308 -2.87502 13.772749 -8.40148 -3.21826 0.347557 -34.211945 0.771586 -0.963083 -17.733618 2.62094 -0.0 -4e-06 1e-06 -17.34659 -20.095427 -4.201731 21.757675 -1.638254 3.866459 -3.5e-05 -6.338883 -1.7e-05 -1.697717 -22.592096 -6.19416 1e-06 -3e-06 1e-06 39.53318 -77.002388 154.853149 22.251469 -21.697292 4.890077 97.215836 1.13542 0.309539 19.101389 6.417402 16.548893 22.18219 -20.375547 49.933414 -16.701906 -16.743336 28.47657 2.4e-05 -12.690588 -4.8e-05 15.12878 -18.514814 3.394957 -0.10593 -1.513882 -4.275885 -5.039066 -5.612922 -2.953599 -1e-05 -11.020576 -7.6e-05 -6.111296 -15.895501 -3.840632 -0.0 -2e-06 2e-06 -10.283391 -5.680356 -4.341876 11.028265 -11.302425 -2.372666 -1.384281 -14.238682 -6.320252 -0.625314 -26.924383 -3.827888 -4.832225 -49.750496 -3.329659 -13.708543 -7.363561 -3.720991 18.141104 -14.052758 -3.242697 4.5e-05 -18.787317 -0.00015 -0.429677 -8.456053 2.555455 0.0 1e-06 0.0 -15.923577 -20.09465 -5.473685 30.419159 -7.19081 1.736003 1.4e-05 -8.162927 -5.7e-05 -1.861765 -22.861559 -6.168208 -3e-06 -4e-06 -2e-06 -174.456955 -5.036665 -10.811144 5.648139 -0.041475 0.055192 -76.849686 -3.513224 -7.738877 -4.976285 1.515614 2.093461 -1.000002 2e-06 -0.0 4.530592 -4.788998 -12.882656 5.159527 0.052332 0.001207 -75.120644 -1.094236 -6.073917 -4.796535 0.797759 1.701717 -1.000005 -0.0 -0.0 
0.0 0.0 0.0 0.0 -0.0 0.0 0.91835 99.815857 5.152764 90.066399 2.96637 88.763412 -1.812194 0.380301 0.039366 -11.291225 -0.174872 0.56362 16.047243 -0.274946 -1.668917 22.507368 2.484865 2.654588 -2.563303 -0.693302 -2.031292 -27.240538 -1.382275 -2.03767 6e-06 -0.0 0.0 -0.012788 0.005614 -0.020735 0.002802 0.03748 -0.008953 -0.042182 -0.026606 -0.037475 -121.570946 -72.974968 134.192474 28.979769 -56.279289 19.239601 31.497608 0.860738 0.218632 0.413545 3.05655 11.166229 17.63669 -26.322742 52.411137 -19.466791 -14.395662 29.41044 -2.8e-05 -8.774862 -5e-06 15.639626 -18.46129 6.233123 -0.60977 -1.79566 -3.889331 -4.807071 -11.046824 -2.937859 7.4e-05 -20.97611 -8e-06 -5.01992 -25.033705 -4.031878 7e-06 2e-06 3e-06 -10.634544 -5.686957 -3.565582 10.573359 -17.923025 -3.113928 4.9e-05 -13.821264 -2e-06 -0.501684 -31.181692 -4.02699 -11.242595 -59.456169 6.923758 -13.982731 -7.150182 -2.875039 13.772799 -8.401552 -3.218262 0.347852 -34.211727 0.771642 -0.962983 -17.733503 2.621066 -3e-06 4e-06 2e-06 -17.346416 -20.095213 -4.201782 21.757624 -1.638437 3.866415 2.2e-05 -6.338848 -2e-06 -1.697517 -22.591875 -6.194032 1e-06 -6e-06 -3e-06 38.546345 -77.815239 154.895126 22.40344 -16.472597 -10.4296 97.817398 0.609471 1.433135 24.5322 21.196115 19.393591 22.182096 -20.376028 49.933331 -16.701717 -16.743517 28.476482 -1e-05 -12.690555 6e-06 16.406324 -18.55822 2.616158 -0.105921 -1.513845 -4.27588 -5.039021 -5.612848 -2.953549 1.3e-05 -11.0205 2.2e-05 -6.111259 -15.895287 -3.840438 1e-06 -0.0 -1e-06 -10.283346 -5.680262 -4.341837 11.028263 -11.302383 -2.372606 -1.384258 -14.23853 -6.320085 -0.62545 -26.924135 -3.827525 -4.551472 -49.802135 -3.920583 -13.708491 -7.363445 -3.720941 18.141098 -14.052719 -3.242642 -5e-06 -18.787241 5.1e-05 -0.429724 -8.456048 2.555532 2e-06 -0.0 1e-06 -15.92349 -20.094416 -5.473571 30.419115 -7.190817 1.735919 2e-06 -8.162919 2.1e-05 -1.86192 -22.861448 -6.167854 1e-06 -5e-06 1e-06 -174.508255 -4.847872 -10.758224 5.847121 -0.030647 0.019115 -76.842331 -3.998451 -7.786644 -4.971707 1.507436 2.099076 -0.999999 0.0 0.0 4.526772 -4.961153 -12.746521 5.18919 0.058488 0.018475 -75.053688 -1.167898 -6.174093 -4.851199 0.781317 1.701286 -1.000003 -1e-06 0.0 
0.0 0.0 0.0 0.0 -0.0 0.0 0.932189 99.801788 4.984149 90.168289 3.313767 88.785103 -1.647473 0.359824 0.0716 -11.241124 -0.147571 0.655001 16.014444 -0.200309 -1.775869 22.703667 2.795272 2.622545 -2.580423 -0.679061 -2.220034 -26.778757 -1.643159 -2.035999 6e-06 -0.0 -0.0 0.011791 0.012432 0.015752 0.012339 0.044922 0.023206 -0.006036 -0.02207 0.00062 -121.84156 -72.935585 134.538986 27.626328 -55.886703 21.43058 31.864777 1.039936 0.132316 0.489152 2.896882 10.571204 17.63662 -26.322678 52.41116 -19.46673 -14.395619 29.410437 -1.6e-05 -8.774838 0.0 15.669696 -18.454115 6.313433 -0.609774 -1.795658 -3.889328 -4.807079 -11.046806 -2.937866 4.9e-05 -20.976038 -3.2e-05 -5.019904 -25.033613 -4.031923 5e-06 -0.0 3e-06 -10.634534 -5.686969 -3.565591 10.573311 -17.922962 -3.113929 2.8e-05 -13.821226 -9e-06 -0.501691 -31.181601 -4.027042 -11.375044 -59.754818 7.187956 -13.982712 -7.150189 -2.875044 13.772754 -8.401507 -3.218259 0.347812 -34.211609 0.771614 -0.962998 -17.733433 2.621039 2e-06 1e-06 0.0 -17.346405 -20.095207 -4.201795 21.757576 -1.638401 3.866416 1.3e-05 -6.338828 -6e-06 -1.697524 -22.591797 -6.194053 -0.0 -4e-06 1e-06 36.303253 -79.026443 155.921494 22.901745 -11.239656 -25.882576 90.367424 -0.44275 1.958949 21.363054 38.106464 17.845613 22.18214 -20.375946 49.933353 -16.701773 -16.743538 28.476524 -1.3e-05 -12.690601 -5e-06 17.109806 -17.779167 2.288893 -0.105922 -1.513851 -4.275881 -5.03904 -5.612852 -2.953557 1.8e-05 -11.020512 8e-06 -6.111274 -15.895312 -3.840483 -0.0 4e-06 -1e-06 -10.283366 -5.680273 -4.341845 11.028296 -11.302384 -2.372617 -1.384254 -14.23855 -6.320123 -0.625409 -26.924175 -3.82757 -4.573925 -50.721001 -3.818427 -13.708519 -7.363454 -3.720948 18.141146 -14.052726 -3.242649 1.7e-05 -18.787252 3.3e-05 -0.429715 -8.45605 2.555539 -2e-06 1e-06 -0.0 -15.923521 -20.09444 -5.473598 30.419193 -7.190845 1.735937 8e-06 -8.162921 2e-05 -1.861893 -22.861465 -6.167892 -2e-06 -3e-06 -2e-06 -174.360489 -4.707515 -10.457572 6.023017 0.007148 -0.028413 -76.786812 -4.462085 -7.720704 -4.940248 1.489591 2.107732 -1.0 0.0 -0.0 4.697475 -5.098444 -12.748575 5.392448 0.034958 0.007181 -75.138786 -1.318141 -6.29531 -4.814443 0.712596 1.683826 -1.000002 -0.0 -0.0 
0.0 0.0 0.0 0.0 -0.0 0.0 0.914929 99.769684 4.888505 90.265945 3.750666 89.014977 -1.537261 0.312882 0.114035 -11.187214 -0.052936 0.825937 16.098959 -0.166264 -1.79317 22.775803 2.94557 2.597596 -2.563743 -0.710627 -2.288789 -26.295937 -1.826305 -2.243327 6e-06 -0.0 -0.0 0.029701 0.006073 -0.001969 -0.001286 0.043829 0.00606 0.002147 -0.034957 -0.016066 -122.728149 -72.904961 135.738968 26.592396 -55.169785 23.198574 32.154243 0.989624 0.004085 0.86044 2.72363 10.603838 17.636688 -26.322861 52.411362 -19.466764 -14.395688 29.410532 -6e-06 -8.774883 -1e-06 15.612293 -18.420605 6.386603 -0.609774 -1.795658 -3.88934 -4.807105 -11.046856 -2.937859 2.1e-05 -20.976151 8e-06 -5.019994 -25.033766 -4.031903 5e-06 4e-06 3e-06 -10.634571 -5.686986 -3.565594 10.573339 -17.923037 -3.113916 1e-05 -13.821297 1e-05 -0.501768 -31.181808 -4.027022 -11.314662 -59.904419 7.297883 -13.982762 -7.150217 -2.875043 13.772805 -8.401537 -3.218261 0.347753 -34.211796 0.771677 -0.963039 -17.73353 2.62107 0.0 -3e-06 -3e-06 -17.346478 -20.095282 -4.201779 21.75766 -1.638394 3.866431 7e-06 -6.338862 0.0 -1.697581 -22.591936 -6.194045 -0.0 -6e-06 -2e-06 33.658222 -80.584785 157.119644 22.934702 -5.763656 -36.46426 76.332382 -1.422815 2.100942 4.966413 48.275742 1.388781 22.182293 -20.37598 49.93346 -16.701857 -16.743574 28.476597 -2e-06 -12.690682 -2.6e-05 16.449402 -17.67956 2.846839 -0.105923 -1.513861 -4.275892 -5.039072 -5.612892 -2.95357 5e-06 -11.02059 8e-06 -6.111347 -15.895468 -3.84051 1e-06 3e-06 -0.0 -10.283421 -5.680304 -4.341856 11.02835 -11.302451 -2.372623 -1.384284 -14.238666 -6.320158 -0.625436 -26.92444 -3.827621 -4.683403 -51.158981 -3.634201 -13.708588 -7.363497 -3.720959 18.141235 -14.052802 -3.242656 9e-06 -18.787401 1.1e-05 -0.42971 -8.456127 2.555539 -0.0 -1e-06 1e-06 -15.923616 -20.094542 -5.473604 30.419352 -7.190875 1.735981 8e-06 -8.162977 6e-06 -1.861901 -22.861679 -6.167989 -3e-06 -3e-06 2e-06 -174.013367 -4.602894 -10.089591 5.999823 0.052565 -0.021603 -76.548485 -4.716167 -7.6988 -4.897063 1.448115 2.115752 -0.999995 -0.0 -0.0 5.045484 -5.1732 -12.885695 5.601979 0.016714 0.015881 -75.31189 -1.535257 -6.264774 -4.793264 0.682991 1.673862 -1.000001 0.0 0.0 
0.0 0.0 0.0 0.0 -0.0 0.0 0.852321 99.733231 4.826451 90.361252 4.077795 89.365036 -1.535772 0.295759 0.148757 -11.178351 -0.006459 0.796035 16.195122 -0.136323 -1.440739 22.701998 2.870404 2.63617 -2.58285 -0.696985 -2.444552 -25.788702 -2.132241 -2.201143 6e-06 -0.0 -0.0 0.005568 -0.009933 -0.059239 -0.001438 0.019204 -0.046437 -0.007559 -0.042205 -0.076971 -123.537865 -72.737244 137.118546 26.649069 -54.331253 23.077328 31.702082 0.242472 -0.008025 1.130708 2.833185 11.310922 17.636644 -26.322641 52.411018 -19.466707 -14.395602 29.410347 -1e-06 -8.774843 -5e-06 15.432726 -18.397139 6.445616 -0.609775 -1.795659 -3.889324 -4.807094 -11.046828 -2.937851 1.9e-05 -20.976078 -1.7e-05 -5.019959 -25.033682 -4.031911 6e-06 -2e-06 2e-06 -10.634542 -5.686978 -3.565575 10.573292 -17.922977 -3.113914 1.4e-05 -13.82124 -1.6e-05 -0.501729 -31.181644 -4.027065 -11.55676 -59.675877 7.43734 -13.982727 -7.150206 -2.875027 13.772752 -8.401506 -3.218249 0.347767 -34.211658 0.771608 -0.963002 -17.733461 2.621008 2e-06 -1e-06 -2e-06 -17.346441 -20.09524 -4.201762 21.757595 -1.63838 3.866422 6e-06 -6.33884 -8e-06 -1.697566 -22.591856 -6.194051 1e-06 -4e-06 2e-06 32.278183 -82.397911 157.25293 22.550163 -0.767121 -40.479729 61.3321 -1.609427 1.563247 -15.887305 49.965134 -22.261034 22.182077 -20.375868 49.933243 -16.701794 -16.743507 28.476494 -8e-06 -12.690572 8e-06 15.914391 -17.10866 3.327527 -0.105914 -1.513854 -4.275877 -5.039032 -5.612861 -2.953551 9e-06 -11.020511 -7e-06 -6.111262 -15.895334 -3.840478 -2e-06 -2e-06 0.0 -10.283357 -5.68028 -4.34183 11.028269 -11.302382 -2.372633 -1.384254 -14.238558 -6.320115 -0.625401 -26.924179 -3.827619 -4.870195 -51.165691 -3.180354 -13.708503 -7.363465 -3.720932 18.141113 -14.052717 -3.242678 1.5e-05 -18.787247 -1.2e-05 -0.429709 -8.456048 2.555502 0.0 3e-06 1e-06 -15.923512 -20.094454 -5.473574 30.419153 -7.19081 1.735912 1e-06 -8.162913 -2e-06 -1.861878 -22.861465 -6.167947 2e-06 -1e-06 1e-06 -173.668304 -4.508647 -9.805176 5.840976 0.034856 -0.014595 -76.299126 -4.553585 -7.605084 -4.855332 1.454783 2.125628 -0.999998 0.0 -0.0 5.418772 -5.218978 -13.199512 5.6705 0.046974 0.069651 -75.433952 -1.72317 -6.161451 -4.738559 0.654387 1.66779 -0.999999 1e-06 -0.0 
0.0 0.0 0.0 0.0 -0.0 0.0 0.738035 99.741135 4.797925 90.351074 4.269148 89.711044 -1.529046 0.323741 0.159435 -11.10904 0.016386 0.716015 16.131439 -0.134003 -1.331573 22.486015 2.941373 2.587973 -2.479554 -0.699204 -2.251193 -25.741611 -2.434371 -2.154113 6e-06 -0.0 0.0 -0.007289 -0.009075 -0.028126 0.022265 0.017039 -0.007712 0.01204 -0.037912 -0.053168 -123.526558 -72.713959 137.524704 26.55179 -54.184219 22.574251 30.606853 -0.105154 -0.043114 1.113132 2.638288 12.216816 17.636587 -26.32279 52.411362 -19.466713 -14.395643 29.410519 -1.8e-05 -8.77484 7e-06 15.673365 -18.340422 6.213958 -0.609775 -1.795649 -3.88934 -4.807073 -11.046795 -2.937867 4.7e-05 -20.976036 -1.2e-05 -5.019917 -25.033615 -4.031902 4e-06 0.0 -2e-06 -10.634523 -5.686954 -3.565602 10.573309 -17.922958 -3.113922 2.8e-05 -13.821227 2e-06 -0.501715 -31.181623 -4.027012 -11.606008 -59.522579 7.288543 -13.9827 -7.150176 -2.875058 13.772752 -8.401506 -3.218262 0.347791 -34.21162 0.771664 -0.963026 -17.733459 2.621071 0.0 2e-06 0.0 -17.346382 -20.095179 -4.201816 21.757572 -1.638402 3.866412 1e-05 -6.338832 6e-06 -1.697533 -22.591825 -6.194047 1e-06 -6e-06 -4e-06 33.242172 -83.460068 155.737885 21.504438 2.484256 -41.027065 56.614025 -1.670334 1.074772 -21.468573 51.69611 -31.889091 22.181976 -20.37574 49.933224 -16.701817 -16.74342 28.476507 -1.8e-05 -12.690525 6e-06 16.088884 -16.768341 3.4088 -0.105918 -1.513859 -4.275874 -5.039013 -5.612861 -2.953562 2e-05 -11.020505 -2.8e-05 -6.111213 -15.895334 -3.840509 -1e-06 -1e-06 0.0 -10.283317 -5.680277 -4.341839 11.028242 -11.302378 -2.372648 -1.384232 -14.238553 -6.32014 -0.625348 -26.92417 -3.827655 -5.092118 -51.289108 -2.750384 -13.708458 -7.363461 -3.720945 18.141069 -14.052713 -3.242694 4.4e-05 -18.78722 -4.2e-05 -0.429696 -8.456028 2.555491 -0.0 -1e-06 1e-06 -15.923435 -20.094442 -5.473609 30.419043 -7.190814 1.735891 1.3e-05 -8.162902 -1.4e-05 -1.861814 -22.861433 -6.167977 -1e-06 -3e-06 0.0 -173.431808 -4.589475 -9.470672 5.635795 -0.011266 0.013688 -76.148476 -4.443302 -7.636081 -4.755128 1.506066 2.137503 -0.999996 0.0 -0.0 5.781889 -5.097802 -13.270981 5.536265 0.051848 0.098776 -75.411903 -2.014505 -6.272434 -4.698076 0.667168 1.669771 -0.999999 2e-06 -0.0 
0.0 0.0 0.0 0.0 -0.0 0.0 0.579197 99.749146 4.761817 90.280685 4.341974 89.929909 -1.51784 0.310787 0.130853 -11.142863 0.025673 0.648614 16.062477 -0.128463 -1.407649 22.376427 3.181827 2.502341 -2.388474 -0.696831 -1.931273 -25.65802 -2.612514 -1.972404 6e-06 -0.0 0.0 -0.015216 0.003613 0.044089 0.023843 0.035844 0.068048 0.016577 -0.031319 0.013916 -123.186096 -72.794975 137.16745 25.478918 -54.465549 22.791101 29.812099 -0.081968 -0.08574 1.102027 2.411546 12.554532 17.636534 -26.322668 52.411034 -19.466534 -14.395575 29.410278 -2e-06 -8.774788 1e-06 16.009396 -18.323961 6.011456 -0.609774 -1.795643 -3.889312 -4.807065 -11.046737 -2.937829 3e-06 -20.975891 3.1e-05 -5.019958 -25.033411 -4.031836 3e-06 1e-06 0.0 -10.634488 -5.68694 -3.565574 10.573225 -17.922842 -3.113867 -1e-06 -13.821136 2.6e-05 -0.501813 -31.18136 -4.026934 -11.56343 -59.681572 7.174492 -13.982654 -7.150156 -2.875025 13.772672 -8.401442 -3.218227 0.347703 -34.211357 0.771719 -0.963058 -17.733307 2.621056 -2e-06 -1e-06 2e-06 -17.34634 -20.095098 -4.20176 21.757467 -1.638369 3.8664 2e-06 -6.338794 9e-06 -1.697594 -22.591642 -6.193946 -0.0 -5e-06 -2e-06 33.203213 -83.49247 155.892532 20.705025 4.805374 -40.424995 59.616459 -1.667376 0.741934 -13.546498 56.752724 -24.828741 22.182013 -20.375763 49.933147 -16.701773 -16.74346 28.476439 -1e-05 -12.690547 7e-06 16.517115 -17.288427 2.963631 -0.105916 -1.513853 -4.275868 -5.039019 -5.612849 -2.953548 1.6e-05 -11.020483 -1.7e-05 -6.111246 -15.895293 -3.840483 -0.0 1e-06 -1e-06 -10.283329 -5.68027 -4.341826 11.028252 -11.30236 -2.372636 -1.384248 -14.238531 -6.320114 -0.62538 -26.924107 -3.827622 -5.320472 -51.569408 -2.748941 -13.708472 -7.363451 -3.72093 18.141081 -14.052678 -3.242678 2.6e-05 -18.787188 -2.3e-05 -0.429699 -8.456016 2.55549 1e-06 3e-06 0.0 -15.923465 -20.094412 -5.473578 30.419081 -7.190802 1.735901 9e-06 -8.162889 -8e-06 -1.861851 -22.86138 -6.167948 1e-06 -1e-06 -0.0 -173.350418 -4.76895 -9.209702 5.524497 -0.028827 0.010917 -76.041603 -4.416317 -7.864042 -4.640121 1.480421 2.126494 -0.999995 -0.0 -0.0 6.013427 -4.841908 -13.211927 5.330709 0.026496 0.139152 -75.391693 -2.315375 -6.273999 -4.720345 0.730419 1.684385 -0.999999 -0.0 -0.0 
0.0 0.0 0.0 0.0 -0.0 0.0 0.414248 99.728928 4.663872 90.200851 4.36811 90.057365 -1.530845 0.299976 0.160515 -11.18834 0.017742 0.630709 15.975962 -0.078949 -1.459159 22.31428 3.431892 2.424684 -2.384875 -0.657464 -1.741807 -25.284399 -2.708338 -1.640417 6e-06 -0.0 0.0 -0.016117 0.011287 0.069965 0.04493 0.05327 0.09706 0.040121 -0.033733 0.036493 -122.895988 -72.826309 136.783325 24.324329 -54.74424 22.862299 29.434093 0.015814 -0.104058 1.235836 2.343326 12.608223 17.636475 -26.322571 52.410973 -19.466503 -14.395505 29.410248 -1.7e-05 -8.774741 -0.0 16.159241 -18.358891 5.973887 -0.609771 -1.79564 -3.88931 -4.807028 -11.046697 -2.937841 4.6e-05 -20.975809 -4e-06 -5.019852 -25.033304 -4.031847 5e-06 3e-06 0.0 -10.634444 -5.686908 -3.565583 10.573202 -17.922787 -3.113876 2.6e-05 -13.821073 1.4e-05 -0.501718 -31.181173 -4.026944 -11.610247 -59.778061 7.244204 -13.982594 -7.150122 -2.875044 13.772616 -8.401433 -3.218221 0.347782 -34.211197 0.771673 -0.963016 -17.733223 2.621049 0.0 2e-06 2e-06 -17.346237 -20.095015 -4.201799 21.75736 -1.638393 3.866393 1.2e-05 -6.338763 6e-06 -1.697517 -22.591513 -6.193949 0.0 -5e-06 -0.0 31.740562 -83.461929 157.517395 20.409513 6.668749 -39.413532 63.266323 -1.463591 0.387072 0.325763 60.361355 -6.895465 22.181864 -20.375675 49.933075 -16.701708 -16.743383 28.476381 -2.7e-05 -12.690457 1.7e-05 16.694042 -17.472218 2.349017 -0.105916 -1.513847 -4.27586 -5.038984 -5.612816 -2.953549 2.5e-05 -11.02041 -2.7e-05 -6.111177 -15.895174 -3.840484 1e-06 2e-06 1e-06 -10.283283 -5.680239 -4.341821 11.028202 -11.302296 -2.37264 -1.384215 -14.238428 -6.320102 -0.62532 -26.923889 -3.827628 -5.222227 -50.946327 -3.196211 -13.708407 -7.36341 -3.72093 18.140989 -14.052611 -3.242683 4.3e-05 -18.78706 -2.6e-05 -0.429695 -8.455956 2.555481 -0.0 -3e-06 1e-06 -15.92337 -20.094301 -5.473595 30.418924 -7.190773 1.735869 1.3e-05 -8.162829 -3e-06 -1.861814 -22.861189 -6.167898 1e-06 -2e-06 1e-06 -173.371384 -4.969963 -9.013246 5.511246 -0.027618 -0.033097 -75.92543 -4.479469 -8.049457 -4.715641 1.478738 2.124334 -0.999997 -0.0 1e-06 6.138615 -4.603445 -13.220595 5.174884 0.027051 0.139591 -75.438248 -2.375234 -6.187919 -4.879918 0.742157 1.682041 -1.000004 0.0 0.0 
0.0 0.0 0.0 0.0 -0.0 0.0 0.260767 99.702499 4.539376 90.129784 4.378799 90.191528 -1.576221 0.305356 0.213211 -11.21767 -0.001937 0.620778 15.909963 -0.028542 -1.403991 22.323048 3.671428 2.362075 -2.419278 -0.607256 -1.597935 -24.822876 -2.748772 -1.396722 6e-06 -0.0 0.0 -0.014862 0.01081 0.065468 0.059387 0.057158 0.09488 0.059628 -0.038984 0.03087 -122.531982 -72.91748 136.408997 23.586275 -54.971664 22.632788 29.440367 0.11321 -0.097118 1.401198 2.641192 12.550827 17.636595 -26.32263 52.410969 -19.466616 -14.395566 29.410273 -5e-06 -8.774799 -0.0 16.184103 -18.414125 5.996393 -0.609772 -1.795649 -3.889316 -4.807071 -11.046779 -2.937839 1.9e-05 -20.975964 -3e-06 -5.019941 -25.033504 -4.031861 5e-06 3e-06 3e-06 -10.634507 -5.686952 -3.565569 10.573253 -17.922909 -3.113893 1e-05 -13.821179 -1e-06 -0.501755 -31.181463 -4.027 -11.620405 -59.7897 7.318788 -13.982684 -7.150174 -2.875029 13.772699 -8.401474 -3.218238 0.347757 -34.211472 0.77165 -0.963011 -17.733355 2.621023 0.0 -0.0 1e-06 -17.346376 -20.095165 -4.201759 21.757507 -1.638378 3.866408 5e-06 -6.338809 1e-06 -1.697566 -22.591721 -6.194001 -3e-06 -5e-06 -1e-06 30.060818 -83.556793 159.299728 20.358257 8.097652 -38.223774 66.151505 -1.092919 0.293557 14.710033 61.446178 14.298973 22.182121 -20.375868 49.933197 -16.701799 -16.743498 28.476469 -6e-06 -12.690594 -7e-06 16.574406 -17.319206 2.001178 -0.105919 -1.513856 -4.275872 -5.039038 -5.612874 -2.953551 8e-06 -11.020544 2e-06 -6.111292 -15.895389 -3.840472 -0.0 -2e-06 0.0 -10.283361 -5.680285 -4.34183 11.028282 -11.302412 -2.372621 -1.384267 -14.2386 -6.320112 -0.62543 -26.924278 -3.827596 -4.950823 -50.053833 -3.67976 -13.708512 -7.363472 -3.720931 18.141134 -14.052747 -3.242659 1.3e-05 -18.787304 -1e-06 -0.429705 -8.456079 2.555512 -0.0 -4e-06 -0.0 -15.923526 -20.094477 -5.473567 30.41918 -7.190833 1.735937 6e-06 -8.162937 -3e-06 -1.861875 -22.861546 -6.167959 0.0 -1e-06 -0.0 -173.463089 -5.163088 -8.7864 5.569364 -0.016057 -0.0672 -75.792274 -4.620029 -8.139717 -4.831341 1.503979 2.1304 -0.999999 -0.0 0.0 6.19474 -4.403602 -13.308078 5.08759 0.037866 0.117372 -75.464233 -2.351849 -6.093428 -5.02466 0.743047 1.681045 -1.000003 1e-06 0.0 
0.0 0.0 0.0 0.0 -0.0 0.0 0.127219 99.685555 4.407482 90.082283 4.407987 90.317413 -1.61521 0.30916 0.237787 -11.241572 -0.005228 0.630498 15.889915 0.003574 -1.29291 22.440216 3.845029 2.320558 -2.448436 -0.55677 -1.469598 -24.418907 -2.773396 -1.247345 5e-06 -0.0 -0.0 -0.023982 0.010449 0.070094 0.055021 0.056101 0.098201 0.061076 -0.038993 0.037932 -121.907814 -73.036819 135.819 23.194685 -55.245216 22.219938 29.789474 0.221523 -0.077007 1.538933 3.23527 12.52866 17.636545 -26.322609 52.411087 -19.466402 -14.395469 29.410229 4.8e-05 -8.774769 -1.6e-05 16.146461 -18.463818 6.014932 -0.609787 -1.795647 -3.889316 -4.807121 -11.046768 -2.937832 -0.000111 -20.975883 1.3e-05 -5.020047 -25.033455 -4.031929 3e-06 3e-06 4e-06 -10.634513 -5.686985 -3.565581 10.573116 -17.922798 -3.113838 -6.7e-05 -13.821125 0.0 -0.501907 -31.18133 -4.027067 -11.570333 -59.781601 7.256853 -13.982683 -7.150222 -2.875035 13.772609 -8.401381 -3.218192 0.34753 -34.211323 0.771695 -0.96311 -17.733278 2.620987 0.0 0.0 -3e-06 -17.346432 -20.0952 -4.201755 21.75745 -1.638267 3.866459 -3e-05 -6.338788 6e-06 -1.697701 -22.591642 -6.194007 0.0 -4e-06 -1e-06 28.316801 -83.794708 161.114929 20.222452 9.132276 -36.977898 68.641594 -0.611805 0.483593 28.543528 60.254906 36.372982 22.182028 -20.375937 49.933212 -16.70187 -16.743431 28.47654 -3e-05 -12.690544 9e-06 16.254583 -17.201603 2.026649 -0.105916 -1.513863 -4.275878 -5.039006 -5.612893 -2.953558 2.4e-05 -11.020613 -2e-06 -6.111235 -15.895494 -3.840462 0.0 2e-06 0.0 -10.283314 -5.680288 -4.341838 11.028262 -11.302484 -2.372637 -1.384226 -14.23869 -6.320128 -0.625396 -26.924511 -3.827606 -4.666724 -49.182808 -4.051859 -13.708447 -7.363474 -3.720941 18.141092 -14.052848 -3.242688 4.4e-05 -18.787428 -1.4e-05 -0.429699 -8.456145 2.555512 -1e-06 3e-06 -0.0 -15.923424 -20.094521 -5.473575 30.419064 -7.19088 1.735882 1.7e-05 -8.162986 -1.5e-05 -1.86181 -22.861721 -6.16799 -1e-06 -1e-06 -1e-06 -173.549072 -5.312263 -8.604016 5.630893 -0.002959 -0.080597 -75.644882 -4.69216 -8.171463 -4.877164 1.520386 2.13397 -0.999998 1e-06 -0.0 6.243048 -4.254643 -13.46185 5.039559 0.049669 0.096678 -75.472717 -2.33215 -6.017551 -5.105994 0.74272 1.681108 -1.000003 -0.0 -0.0 
0.0 0.0 0.0 0.0 -0.0 0.0 0.031849 99.674255 4.280219 90.066719 4.494062 90.452873 -1.608445 0.300875 0.239173 -11.239798 0.013173 0.664677 15.89142 0.008978 -1.190631 22.680826 3.953016 2.288463 -2.472087 -0.510532 -1.366191 -24.127348 -2.792459 -1.158509 5e-06 0.0 0.0 -0.038202 0.011789 0.078711 0.03731 0.056199 0.101577 0.046491 -0.036458 0.052267 -121.053467 -73.134232 134.998657 23.006639 -55.549416 21.846901 30.421591 0.387003 -0.031766 1.667059 3.861048 12.361509 17.636467 -26.322596 52.411083 -19.466385 -14.395445 29.410217 3.2e-05 -8.77473 -8e-06 16.102964 -18.497232 6.016121 -0.609783 -1.795636 -3.889309 -4.807087 -11.046727 -2.937832 -7.8e-05 -20.975807 9e-06 -5.019981 -25.033331 -4.031897 4e-06 1e-06 -1e-06 -10.634472 -5.686957 -3.565579 10.573101 -17.92276 -3.113846 -5e-05 -13.821083 5e-06 -0.501863 -31.181225 -4.02703 -11.460631 -59.758514 7.069567 -13.982627 -7.150189 -2.875044 13.772571 -8.401372 -3.218193 0.347577 -34.211208 0.771692 -0.963095 -17.733225 2.620992 2e-06 -3e-06 -3e-06 -17.346344 -20.095121 -4.20177 21.757372 -1.638288 3.866428 -2.3e-05 -6.338771 6e-06 -1.697652 -22.591574 -6.19399 -1e-06 -4e-06 3e-06 26.955023 -84.157852 162.597794 19.916727 9.82055 -35.964153 71.004021 -0.060458 0.770484 39.880505 57.090282 56.264832 22.181978 -20.375975 49.933315 -16.701843 -16.743504 28.476585 -3.7e-05 -12.690553 2.9e-05 16.019854 -17.28787 2.398668 -0.105914 -1.513855 -4.275883 -5.039004 -5.612864 -2.953556 2.7e-05 -11.020548 -0.0 -6.111228 -15.895377 -3.84046 -1e-06 2e-06 -1e-06 -10.283316 -5.680266 -4.341839 11.028272 -11.302429 -2.372642 -1.384221 -14.238594 -6.320117 -0.625378 -26.92428 -3.827581 -4.499751 -48.579727 -4.177821 -13.708453 -7.363449 -3.720941 18.141113 -14.052779 -3.242698 3.4e-05 -18.787312 1.2e-05 -0.42971 -8.456091 2.555521 0.0 -4e-06 -0.0 -15.923422 -20.094448 -5.473585 30.419098 -7.190856 1.735851 1.2e-05 -8.162946 6e-06 -1.861846 -22.86157 -6.167919 1e-06 -2e-06 1e-06 -173.571869 -5.399433 -8.418865 5.664783 0.005222 -0.084021 -75.509979 -4.723714 -8.170607 -4.858202 1.513315 2.13395 -0.999999 0.0 -0.0 6.339297 -4.160949 -13.678667 5.025962 0.058761 0.089085 -75.483894 -2.319924 -5.98829 -5.10971 0.736881 1.679338 -1.000005 -0.0 -1e-06 
0.0 0.0 0.0 0.0 -0.0 0.0 -0.02405 99.662209 4.149 90.079033 4.619453 90.634087 -1.56516 0.279156 0.227489 -11.214033 0.039884 0.713987 15.905807 -0.005742 -1.121793 23.012533 4.023968 2.243524 -2.487299 -0.477491 -1.284098 -23.972952 -2.808046 -1.10475 5e-06 0.0 0.0 -0.048221 0.014121 0.087476 0.022509 0.055766 0.103968 0.032272 -0.03123 0.067307 -120.096039 -73.220161 134.065521 23.003799 -55.830956 21.485249 31.247198 0.507187 -0.008387 1.774592 4.357137 12.077181 17.636562 -26.32262 52.41106 -19.466471 -14.39549 29.410225 6e-06 -8.774749 -1.1e-05 16.018438 -18.489597 6.032784 -0.609777 -1.795641 -3.889312 -4.80706 -11.046721 -2.937842 -4e-06 -20.975821 6e-06 -5.019916 -25.033308 -4.031875 5e-06 2e-06 3e-06 -10.634479 -5.686933 -3.565586 10.573182 -17.922802 -3.113862 -2e-06 -13.821089 1.1e-05 -0.501776 -31.181196 -4.026976 -11.348341 -59.699883 6.880628 -13.982642 -7.150155 -2.875049 13.772625 -8.401423 -3.218205 0.34771 -34.211224 0.771686 -0.963043 -17.733223 2.621029 2e-06 -2e-06 -2e-06 -17.346323 -20.095087 -4.201792 21.757402 -1.638359 3.866425 1e-06 -6.338768 9e-06 -1.697579 -22.591524 -6.193958 1e-06 -5e-06 -3e-06 26.412962 -84.573608 163.276016 19.506914 10.18449 -35.33688 73.199844 0.563115 0.981302 46.824921 53.313389 70.166977 22.182123 -20.375971 49.933449 -16.701797 -16.743563 28.476601 2e-06 -12.690623 2e-06 15.988715 -17.471622 2.906139 -0.105922 -1.513853 -4.275887 -5.03905 -5.612875 -2.953562 0.0 -11.020545 3e-06 -6.111319 -15.895404 -3.840501 0.0 1e-06 2e-06 -10.283374 -5.680288 -4.341848 11.028296 -11.302404 -2.372628 -1.384276 -14.238603 -6.32014 -0.625443 -26.924294 -3.827618 -4.481625 -48.374226 -4.111032 -13.708531 -7.36348 -3.720949 18.141155 -14.052739 -3.242666 -1e-05 -18.787315 1.6e-05 -0.429722 -8.456084 2.555532 -2e-06 0.0 0.0 -15.923552 -20.094482 -5.473593 30.419235 -7.190812 1.735936 -5e-06 -8.162949 1.1e-05 -1.861923 -22.861578 -6.167958 0.0 -5e-06 -1e-06 -173.57457 -5.437471 -8.217481 5.701993 0.008142 -0.076046 -75.383011 -4.741048 -8.171885 -4.811998 1.496811 2.131313 -0.999998 -0.0 0.0 6.460063 -4.114491 -13.988449 5.046272 0.063186 0.091946 -75.504601 -2.261828 -5.97145 -5.063709 0.730128 1.678414 -1.000003 3e-06 1e-06 
0.0 0.0 0.0 0.0 -0.0 0.0 -0.041757 99.642181 4.017191 90.107262 4.755015 90.863289 -1.503177 0.254616 0.215727 -11.185365 0.058392 0.755199 15.940675 -0.036355 -1.077628 23.388201 4.063648 2.205442 -2.4972 -0.457248 -1.247177 -23.920561 -2.817612 -1.097246 6e-06 0.0 0.0 -0.056855 0.016837 0.090626 0.009311 0.052252 0.101484 0.018728 -0.022074 0.075694 -119.080894 -73.28759 133.099945 23.262049 -56.077797 20.965708 32.129761 0.518386 -0.022274 1.848246 4.713169 11.842837 17.636587 -26.322557 52.410931 -19.466562 -14.395527 29.410213 -3e-06 -8.774786 -1e-05 15.888599 -18.464664 6.08965 -0.609774 -1.795647 -3.889313 -4.807066 -11.046753 -2.93784 2.1e-05 -20.975899 -1.5e-05 -5.019913 -25.033424 -4.031877 6e-06 3e-06 1e-06 -10.634495 -5.686948 -3.565569 10.573231 -17.922857 -3.113887 1.6e-05 -13.821137 -2e-06 -0.501736 -31.181343 -4.026996 -11.331948 -59.625591 6.809361 -13.982666 -7.150169 -2.875029 13.772672 -8.401453 -3.21822 0.347765 -34.211357 0.771627 -0.963003 -17.733295 2.621012 0.0 1e-06 0.0 -17.346357 -20.095131 -4.201767 21.757473 -1.638375 3.866418 6e-06 -6.338789 -1e-06 -1.697558 -22.591631 -6.193986 -1e-06 -3e-06 0.0 26.907282 -84.971024 162.91925 19.038553 10.321567 -35.121071 74.968903 1.211499 1.047625 50.298851 50.357067 78.233711 22.182152 -20.375933 49.933392 -16.701864 -16.743578 28.476608 -5e-06 -12.690654 -1e-06 16.046776 -17.651007 3.323231 -0.105921 -1.513858 -4.275891 -5.03906 -5.612889 -2.953563 7e-06 -11.020576 -4e-06 -6.111323 -15.895442 -3.840508 -0.0 -3e-06 2e-06 -10.283392 -5.6803 -4.341844 11.028323 -11.302432 -2.372642 -1.384271 -14.238642 -6.320153 -0.625419 -26.924372 -3.827641 -4.505105 -48.368515 -4.043269 -13.708551 -7.363491 -3.720943 18.141205 -14.052772 -3.242686 1.2e-05 -18.787352 -6e-06 -0.429712 -8.456102 2.555521 0.0 -0.0 2e-06 -15.923573 -20.094522 -5.473587 30.419304 -7.190843 1.735929 2e-06 -8.16296 -1e-06 -1.861896 -22.861612 -6.167992 1e-06 -5e-06 -1e-06 -173.591644 -5.449212 -8.014521 5.762254 0.006911 -0.063841 -75.289513 -4.729637 -8.145398 -4.765814 1.483317 2.129314 -0.999999 -0.0 0.0 6.565233 -4.097313 -14.297935 5.113165 0.061177 0.087917 -75.538406 -2.231185 -5.978063 -5.001574 0.716801 1.676579 -1.000001 1e-06 1e-06 
0.0 0.0 0.0 0.0 -0.0 0.0 -0.035084 99.623375 3.885917 90.145042 4.928608 91.123558 -1.40724 0.227183 0.197572 -11.160478 0.055553 0.781637 16.001883 -0.07043 -1.045627 23.814272 4.089175 2.194632 -2.495983 -0.440575 -1.279588 -24.002853 -2.828465 -1.096113 6e-06 -0.0 0.0 -0.062045 0.018477 0.069883 0.00331 0.045029 0.077573 0.013623 -0.011304 0.057561 -118.108887 -73.335381 132.230911 23.746078 -56.302822 20.12113 32.966827 0.390448 -0.055062 1.964929 5.003437 11.700847 17.636675 -26.322741 52.411221 -19.466805 -14.39565 29.410477 -6e-06 -8.774874 3e-06 15.75598 -18.442108 6.150485 -0.609774 -1.795665 -3.889337 -4.807105 -11.04687 -2.937861 2.8e-05 -20.976173 -2.8e-05 -5.019971 -25.033806 -4.031933 5e-06 -4e-06 -2e-06 -10.634567 -5.686995 -3.565591 10.573336 -17.923052 -3.11394 1.5e-05 -13.821304 -1.8e-05 -0.501715 -31.181835 -4.027092 -11.32112 -59.560936 6.779068 -13.98276 -7.150224 -2.875034 13.772795 -8.401543 -3.218272 0.347789 -34.21183 0.771586 -0.962998 -17.733549 2.621011 2e-06 1e-06 0.0 -17.346474 -20.095299 -4.201776 21.75765 -1.638384 3.866426 5e-06 -6.338864 -1.2e-05 -1.697564 -22.591972 -6.194092 2e-06 -6e-06 -0.0 28.886034 -85.342842 160.988617 18.630556 10.17444 -35.419033 75.951744 1.693474 1.034886 51.533089 49.138317 81.601303 22.182245 -20.375923 49.933529 -16.701941 -16.743631 28.476702 2e-05 -12.690723 -4e-06 16.165154 -17.793066 3.462031 -0.105922 -1.51387 -4.275897 -5.039094 -5.612927 -2.953574 -1.3e-05 -11.020638 -1.2e-05 -6.111395 -15.895575 -3.84054 1e-06 -3e-06 3e-06 -10.283449 -5.680344 -4.34185 11.028368 -11.302472 -2.37266 -1.384308 -14.238737 -6.320194 -0.62545 -26.924564 -3.82772 -4.474111 -48.386547 -4.095637 -13.708628 -7.363548 -3.720946 18.141275 -14.052821 -3.242705 -1e-05 -18.787464 -3.8e-05 -0.429717 -8.456153 2.555514 -1e-06 2e-06 -2e-06 -15.923686 -20.094646 -5.473592 30.41946 -7.190834 1.735957 -6e-06 -8.163002 -1.7e-05 -1.861923 -22.861784 -6.168097 0.0 -5e-06 2e-06 -173.570557 -5.442153 -7.874774 5.821843 -0.004726 -0.044089 -75.217674 -4.626247 -8.046415 -4.782243 1.47112 2.126335 -0.999999 -0.0 0.0 6.663562 -4.106136 -14.566568 5.276346 0.04873 0.068271 -75.596718 -2.224228 -6.018952 -4.957159 0.704264 1.674171 -1.000004 0.0 0.0 
0.0 0.0 0.0 0.0 -0.0 0.0 -0.027117 99.612686 3.759761 90.178879 5.146651 91.382523 -1.283994 0.205298 0.174457 -11.156816 0.042512 0.810677 16.097876 -0.121279 -1.021365 24.298492 4.122556 2.210501 -2.486267 -0.42396 -1.36123 -24.282337 -2.831649 -1.099592 6e-06 -0.0 0.0 -0.062644 0.018686 0.031378 0.00933 0.036572 0.04029 0.025498 -0.002336 0.016993 -117.42334 -73.365662 131.641602 24.306276 -56.482201 19.138668 33.631947 0.174229 -0.083312 2.135094 5.272263 11.576532 17.636696 -26.322744 52.411205 -19.466824 -14.395657 29.41049 -1.1e-05 -8.774885 -3e-06 15.656472 -18.414648 6.198024 -0.609774 -1.795667 -3.889333 -4.8071 -11.046878 -2.93787 4e-05 -20.976208 -2.7e-05 -5.019959 -25.033865 -4.031936 4e-06 2e-06 4e-06 -10.634572 -5.686995 -3.565589 10.573353 -17.923073 -3.113939 1.9e-05 -13.82133 -1.1e-05 -0.501717 -31.181911 -4.027075 -11.292953 -59.572289 6.798654 -13.982764 -7.150226 -2.875037 13.772809 -8.401554 -3.218272 0.347808 -34.211884 0.771598 -0.96299 -17.733587 2.621032 0.0 -1e-06 -0.0 -17.346478 -20.095308 -4.201775 21.757669 -1.638399 3.866431 1.1e-05 -6.338874 -7e-06 -1.69755 -22.59201 -6.194096 -1e-06 -4e-06 -3e-06 32.769173 -85.662613 157.062988 18.440262 9.732702 -36.437962 75.871605 1.70493 1.071725 49.710373 50.636059 79.758606 22.182199 -20.375895 49.933395 -16.701862 -16.743595 28.476599 1.4e-05 -12.690677 -5e-06 16.203411 -17.876911 3.261385 -0.105922 -1.513862 -4.275889 -5.03907 -5.612898 -2.953563 -9e-06 -11.020582 -2e-06 -6.11136 -15.895462 -3.840501 -0.0 1e-06 2e-06 -10.283418 -5.680317 -4.341843 11.028332 -11.302431 -2.372639 -1.384299 -14.238655 -6.320153 -0.625461 -26.924387 -3.827652 -4.34768 -48.33498 -4.287559 -13.708589 -7.363513 -3.720938 18.14122 -14.052767 -3.242681 -1.1e-05 -18.787369 -1.5e-05 -0.429719 -8.456107 2.555518 2e-06 2e-06 1e-06 -15.923635 -20.094568 -5.473579 30.419365 -7.190823 1.735956 -4e-06 -8.162966 -7e-06 -1.861932 -22.861647 -6.168015 -0.0 -5e-06 0.0 -173.494385 -5.434828 -7.777798 5.876019 -0.022386 -0.024892 -75.164604 -4.463563 -7.892551 -4.868241 1.460679 2.123158 -0.999999 -0.0 -0.0 6.770817 -4.125171 -14.773836 5.523086 0.024839 0.037619 -75.645615 -2.247943 -6.072536 -4.941243 0.696088 1.672785 -1.000005 1e-06 -1e-06 
0.0 0.0 0.0 0.0 -0.0 0.0 -0.024121 99.607101 3.657233 90.191856 5.330535 91.594032 -1.196788 0.189786 0.160985 -11.173382 0.046246 0.845828 16.196074 -0.199452 -1.043439 24.735867 4.166082 2.296701 -2.488735 -0.413905 -1.47208 -24.67523 -2.826833 -1.055569 6e-06 -0.0 0.0 -0.054507 0.016686 0.006314 0.008054 0.026292 0.015878 0.029697 0.003954 -0.009082 -116.986214 -73.338646 131.240448 24.959343 -56.605049 18.451199 33.870358 0.07238 -0.092138 2.227165 5.494545 11.28933 17.6366 -26.322569 52.410957 -19.466612 -14.395575 29.410263 -7e-06 -8.774813 -5e-06 15.596843 -18.402433 6.249318 -0.609774 -1.79565 -3.889314 -4.807072 -11.04676 -2.937841 2.9e-05 -20.975916 -1.1e-05 -5.019922 -25.033445 -4.03189 4e-06 0.0 -2e-06 -10.634509 -5.686949 -3.565573 10.57326 -17.922873 -3.113899 1.9e-05 -13.821143 -5e-06 -0.501722 -31.181368 -4.027008 -11.302489 -59.644669 6.937239 -13.982687 -7.150171 -2.875029 13.772709 -8.401464 -3.218235 0.347785 -34.211388 0.77163 -0.962996 -17.733313 2.621025 4e-06 -0.0 1e-06 -17.346375 -20.095135 -4.201771 21.757519 -1.638385 3.866414 8e-06 -6.338793 -2e-06 -1.697553 -22.591652 -6.194001 -3e-06 -3e-06 1e-06 37.920536 -85.90213 151.857742 18.433313 9.358793 -37.816833 74.883926 1.110818 1.167071 41.269798 54.331627 69.876534 22.182163 -20.375811 49.93325 -16.701883 -16.743536 28.476543 -1e-05 -12.690654 -1.5e-05 16.061373 -17.743755 2.889458 -0.10592 -1.513862 -4.27588 -5.039056 -5.612889 -2.953563 1.5e-05 -11.020576 -2.1e-05 -6.11131 -15.89546 -3.840522 0.0 -0.0 0.0 -10.283389 -5.680299 -4.341836 11.028329 -11.302434 -2.372644 -1.384269 -14.238652 -6.32016 -0.625381 -26.924412 -3.827672 -4.224666 -48.307625 -4.407674 -13.708549 -7.363491 -3.720937 18.141212 -14.052779 -3.242688 3.4e-05 -18.787355 -3.5e-05 -0.429692 -8.456108 2.55551 -2e-06 3e-06 -3e-06 -15.923571 -20.094519 -5.473587 30.419296 -7.190862 1.735942 1.5e-05 -8.162953 -1.5e-05 -1.861851 -22.861628 -6.168028 0.0 -4e-06 -2e-06 -173.425461 -5.446157 -7.66996 5.914316 -0.023956 -0.0223 -75.166634 -4.266621 -7.764319 -4.98729 1.461749 2.128235 -0.999998 -0.0 -0.0 6.826497 -4.140285 -14.933394 5.800458 0.014347 0.004855 -75.664856 -2.270425 -6.107503 -4.932329 0.69799 1.675841 -1.000003 1e-06 0.0 
0.0 0.0 0.0 0.0 -0.0 0.0 -0.035694 99.592613 3.585139 90.181732 5.416431 91.711067 -1.204374 0.186964 0.171548 -11.187746 0.054497 0.858573 16.256674 -0.264241 -1.083713 24.961468 4.174533 2.407441 -2.491474 -0.372909 -1.615697 -24.962076 -2.838307 -0.945662 6e-06 -0.0 0.0 -0.037268 0.013114 0.001465 0.004855 0.017347 0.009372 0.030111 0.005518 -0.010897 -116.957672 -73.281303 131.219772 25.690979 -56.605148 18.211636 33.573498 0.067673 -0.093776 2.101882 5.639799 11.079469 17.636723 -26.322966 52.411591 -19.466778 -14.395667 29.410624 -1.2e-05 -8.774881 -5e-06 15.57813 -18.387262 6.250186 -0.60978 -1.795658 -3.889349 -4.807097 -11.046861 -2.937878 3.2e-05 -20.976185 1.2e-05 -5.019969 -25.033821 -4.031909 7e-06 -1e-06 -0.0 -10.634567 -5.686982 -3.565617 10.573343 -17.923059 -3.113914 1.6e-05 -13.821324 1.7e-05 -0.501743 -31.181896 -4.027014 -11.304399 -59.566601 7.006039 -13.982759 -7.150214 -2.875072 13.7728 -8.401547 -3.218257 0.347759 -34.211868 0.771707 -0.963042 -17.733589 2.621094 0.0 -0.0 0.0 -17.346462 -20.095276 -4.201827 21.757658 -1.63841 3.866458 7e-06 -6.338874 6e-06 -1.697562 -22.591997 -6.194076 -2e-06 -5e-06 -3e-06 42.572769 -85.980782 147.128464 18.288778 9.680285 -38.182026 73.691093 0.274258 0.923569 27.525869 55.667831 54.735668 22.182146 -20.375999 49.933605 -16.701857 -16.743597 28.476698 1.4e-05 -12.690662 7e-06 15.958956 -17.383316 2.61322 -0.105922 -1.513858 -4.2759 -5.039066 -5.612896 -2.953571 -9e-06 -11.020576 -4e-06 -6.111343 -15.895459 -3.840524 1e-06 1e-06 -2e-06 -10.283403 -5.680314 -4.341857 11.028319 -11.302427 -2.372645 -1.384286 -14.238653 -6.320171 -0.625446 -26.924385 -3.827668 -4.283914 -48.518738 -4.296465 -13.708568 -7.36351 -3.720953 18.141195 -14.05276 -3.24269 -2.1e-05 -18.787352 -3e-06 -0.42973 -8.456104 2.555525 0.0 2e-06 4e-06 -15.923599 -20.094559 -5.473608 30.419313 -7.190806 1.735935 -1e-05 -8.162963 3e-06 -1.861937 -22.861629 -6.168003 0.0 -5e-06 -2e-06 -173.397491 -5.475166 -7.624881 5.903261 -0.014226 -0.028596 -75.215172 -3.978983 -7.710369 -5.095881 1.486864 2.145253 -1.0 0.0 0.0 6.805344 -4.155484 -15.070654 5.996354 0.031716 -0.004832 -75.622818 -2.259193 -6.156144 -4.954666 0.70009 1.678425 -1.000003 -1e-06 0.0 
0.0 0.0 0.0 0.0 -0.0 0.0 -0.069592 99.575081 3.526449 90.16729 5.39572 91.685783 -1.287719 0.198299 0.178807 -11.200935 0.045084 0.840215 16.290501 -0.346331 -1.167875 24.980452 4.237186 2.4491 -2.456191 -0.329932 -1.613443 -25.292837 -2.890666 -0.887599 6e-06 -0.0 0.0 -0.018873 0.012193 0.018808 0.021927 0.017559 0.025341 0.050167 0.003081 0.009007 -117.143562 -73.286255 131.37561 26.261963 -56.571083 18.36611 32.869202 0.112728 -0.084067 1.725669 5.561391 11.115774 17.636576 -26.322603 52.411018 -19.466709 -14.395592 29.41036 -1.4e-05 -8.774816 6e-06 15.612821 -18.396891 6.195357 -0.609773 -1.795656 -3.889321 -4.807067 -11.046797 -2.937859 4.7e-05 -20.976006 -3.5e-05 -5.019896 -25.033562 -4.031903 4e-06 3e-06 2e-06 -10.634514 -5.686961 -3.565573 10.57329 -17.922945 -3.113931 2.6e-05 -13.821203 -1.9e-05 -0.501686 -31.181545 -4.027055 -11.354639 -59.515831 6.961072 -13.982687 -7.150185 -2.875032 13.772726 -8.401501 -3.218261 0.347819 -34.211529 0.771581 -0.962981 -17.733383 2.621007 0.0 -1e-06 2e-06 -17.346375 -20.095188 -4.201776 21.757532 -1.638391 3.866397 1.2e-05 -6.338818 -8e-06 -1.697525 -22.591763 -6.194041 1e-06 -5e-06 -8e-06 45.005486 -85.87014 144.663101 17.965572 10.663593 -37.10955 73.854195 -0.269913 0.565685 20.459673 53.481541 48.33963 22.182137 -20.375904 49.933353 -16.701832 -16.743578 28.476585 1e-06 -12.690645 7e-06 16.118832 -17.211655 2.458254 -0.10592 -1.513856 -4.275886 -5.039055 -5.612879 -2.953557 0.0 -11.020552 -5e-06 -6.111327 -15.895414 -3.840497 0.0 0.0 -3e-06 -10.283388 -5.680295 -4.341837 11.028314 -11.302407 -2.372636 -1.384278 -14.238621 -6.32014 -0.625434 -26.92433 -3.827628 -4.440969 -48.9674 -4.129457 -13.708548 -7.363485 -3.720939 18.141186 -14.052747 -3.24268 -2e-06 -18.787319 0.0 -0.42972 -8.456083 2.555523 0.0 -0.0 0.0 -15.923572 -20.0945 -5.473583 30.419275 -7.190818 1.735931 -5e-06 -8.162946 4e-06 -1.86192 -22.861582 -6.16797 -0.0 -4e-06 -2e-06 -173.423813 -5.486383 -7.657293 5.845919 -0.011932 -0.029755 -75.267479 -3.776444 -7.671407 -5.144652 1.497379 2.147978 -1.0 1e-06 -0.0 6.734859 -4.161936 -15.112789 6.021913 0.049731 -0.00469 -75.540161 -2.247863 -6.172471 -5.006609 0.701637 1.675918 -1.000002 0.0 0.0 
0.0 0.0 0.0 0.0 -0.0 0.0 -0.106681 99.581543 3.4905 90.148903 5.295986 91.552147 -1.373913 0.222708 0.154042 -11.209389 0.055261 0.821693 16.279594 -0.443428 -1.283962 24.827383 4.347885 2.414002 -2.433327 -0.311924 -1.471355 -25.725212 -2.919819 -0.859075 6e-06 -0.0 -0.0 -0.012868 0.014317 0.050123 0.02322 0.021584 0.053956 0.052703 0.003096 0.042802 -117.430122 -73.26429 131.656113 26.586185 -56.536785 18.569841 32.080864 0.190352 -0.062507 1.29584 5.252702 11.232192 17.636663 -26.322886 52.411442 -19.466616 -14.395624 29.410477 7e-06 -8.774842 -7e-06 15.724772 -18.429808 6.134583 -0.609781 -1.795648 -3.889336 -4.807104 -11.046804 -2.937852 -1.5e-05 -20.976021 3.6e-05 -5.020007 -25.03359 -4.031888 7e-06 3e-06 2e-06 -10.634547 -5.686967 -3.565606 10.57327 -17.922941 -3.113873 -1.4e-05 -13.821218 2.9e-05 -0.501838 -31.18158 -4.026976 -11.477589 -59.619678 6.969422 -13.982728 -7.150196 -2.875062 13.772741 -8.401484 -3.218233 0.347668 -34.211601 0.771751 -0.963086 -17.73344 2.621083 -0.0 0.0 2e-06 -17.346441 -20.095211 -4.201797 21.757578 -1.638373 3.866452 -5e-06 -6.33883 1.5e-05 -1.697627 -22.591801 -6.194003 1e-06 -3e-06 -4e-06 45.74884 -85.700577 144.036285 17.487585 11.829657 -35.925388 76.414536 -0.365144 0.501692 19.542507 49.914288 49.602875 22.182096 -20.375906 49.933384 -16.701813 -16.743547 28.476568 9e-06 -12.690617 6e-06 16.349642 -17.130939 2.420322 -0.105921 -1.513856 -4.275886 -5.039047 -5.612876 -2.953559 -5e-06 -11.020539 -3e-06 -6.111315 -15.895386 -3.840496 2e-06 -2e-06 -0.0 -10.283376 -5.680293 -4.341838 11.02829 -11.302397 -2.372638 -1.384277 -14.238592 -6.320135 -0.625432 -26.924259 -3.827641 -4.627025 -49.441162 -3.906853 -13.708533 -7.363485 -3.720938 18.141148 -14.052725 -3.242682 -7e-06 -18.787291 -1e-05 -0.429717 -8.456065 2.555507 1e-06 -2e-06 -1e-06 -15.923552 -20.094496 -5.473588 30.419222 -7.190795 1.735924 -3e-06 -8.16293 1e-06 -1.861907 -22.861523 -6.167984 -0.0 -5e-06 -1e-06 -173.509323 -5.487978 -7.767077 5.779342 -0.013712 -0.030616 -75.296837 -3.662813 -7.672548 -5.147753 1.489194 2.140244 -0.999998 -0.0 0.0 6.615512 -4.154981 -15.043826 5.941899 0.053721 0.004741 -75.429932 -2.263768 -6.118872 -5.045529 0.711065 1.673158 -0.999997 0.0 0.0 
0.0 0.0 0.0 0.0 -0.0 0.0 -0.133598 99.600105 3.469398 90.112343 5.141988 91.34539 -1.436968 0.261208 0.131799 -11.209575 0.071206 0.783313 16.215864 -0.514387 -1.360327 24.545416 4.487437 2.345351 -2.444784 -0.316242 -1.369214 -26.242813 -2.878736 -0.77166 6e-06 -0.0 -0.0 -0.016926 0.016075 0.065506 0.008293 0.025009 0.065381 0.042822 0.002744 0.061205 -117.828316 -73.165825 132.072723 26.724434 -56.529667 18.46085 31.410152 0.210506 -0.047948 0.990443 4.838547 11.530622 17.636534 -26.322727 52.411213 -19.466534 -14.395565 29.410355 1.1e-05 -8.774795 1e-06 15.843062 -18.450821 6.077279 -0.609779 -1.795644 -3.889315 -4.80708 -11.046761 -2.937841 -2.4e-05 -20.975924 1.5e-05 -5.01998 -25.03348 -4.031883 6e-06 -0.0 -1e-06 -10.634498 -5.686954 -3.565584 10.573208 -17.922852 -3.113878 -2e-05 -13.821157 1.5e-05 -0.501824 -31.181419 -4.027008 -11.590808 -59.780548 6.988245 -13.982667 -7.150177 -2.87504 13.772668 -8.401437 -3.218227 0.347663 -34.211411 0.771708 -0.963067 -17.733337 2.621041 -2e-06 -1e-06 2e-06 -17.346361 -20.095133 -4.201779 21.757475 -1.638346 3.866422 -6e-06 -6.338799 7e-06 -1.697609 -22.59169 -6.193993 -1e-06 -2e-06 2e-06 45.087208 -85.546577 144.949738 16.709213 12.92384 -35.614342 81.217064 -0.118777 0.681526 22.238697 45.346214 55.187107 22.181904 -20.375896 49.933125 -16.701662 -16.743464 28.476398 -2.1e-05 -12.690482 3e-05 16.596371 -17.075449 2.485598 -0.105916 -1.51384 -4.275862 -5.038991 -5.61282 -2.953532 1.3e-05 -11.020441 1.6e-05 -6.111211 -15.8952 -3.840413 0.0 -0.0 1e-06 -10.283287 -5.680235 -4.341818 11.028209 -11.302326 -2.372612 -1.384233 -14.238452 -6.320057 -0.625422 -26.923965 -3.827508 -4.85407 -49.943981 -3.565727 -13.708416 -7.363412 -3.720917 18.141005 -14.052633 -3.242656 1e-06 -18.787128 4.4e-05 -0.429724 -8.455997 2.55551 -1e-06 2e-06 -2e-06 -15.9234 -20.094318 -5.473543 30.418964 -7.190767 1.735866 -3e-06 -8.162872 2e-05 -1.861902 -22.861313 -6.167823 0.0 -2e-06 -5e-06 -173.65184 -5.507769 -7.892264 5.717718 -0.01348 -0.040453 -75.266411 -3.638865 -7.731289 -5.063552 1.457459 2.127815 -1.000004 0.0 -0.0 6.434033 -4.11734 -14.938816 5.832385 0.040322 0.02637 -75.317307 -2.259557 -5.977587 -5.015579 0.710716 1.671518 -1.000002 2e-06 -0.0 
0.0 0.0 0.0 0.0 -0.0 0.0 -0.159805 99.620209 3.434549 90.070488 4.95265 91.157272 -1.484526 0.301542 0.12563 -11.20346 0.073789 0.734901 16.11376 -0.545911 -1.373929 24.19425 4.638084 2.296872 -2.459436 -0.326496 -1.363556 -26.795012 -2.832012 -0.671776 6e-06 -0.0 0.0 -0.022786 0.016458 0.0567 -0.005517 0.026856 0.052862 0.037059 0.000884 0.054893 -118.22686 -73.027153 132.46875 26.787767 -56.599331 17.991932 30.966385 0.12432 -0.080393 0.83535 4.490581 11.92765 17.636604 -26.322638 52.411072 -19.466469 -14.395485 29.410229 1.3e-05 -8.774767 -1.9e-05 15.910226 -18.429228 6.020213 -0.60978 -1.795641 -3.889308 -4.807079 -11.046744 -2.937841 -2.5e-05 -20.97587 1.6e-05 -5.019954 -25.033394 -4.031884 7e-06 4e-06 -2e-06 -10.634492 -5.686948 -3.565583 10.573177 -17.922825 -3.113851 -1.4e-05 -13.821117 1e-05 -0.501811 -31.181307 -4.026987 -11.554475 -59.845291 6.881437 -13.982657 -7.150174 -2.875047 13.772635 -8.40143 -3.218196 0.347685 -34.211338 0.771689 -0.963052 -17.733295 2.621032 -2e-06 -2e-06 1e-06 -17.346355 -20.095123 -4.201787 21.757435 -1.638346 3.866448 -4e-06 -6.338784 5e-06 -1.697605 -22.591614 -6.193976 -1e-06 -3e-06 1e-06 43.802212 -85.394226 146.537308 15.746942 13.758972 -36.404633 87.30912 0.301576 0.712535 26.402813 39.859238 62.081532 22.182007 -20.375872 49.933155 -16.701723 -16.743469 28.476412 -8e-06 -12.690527 1.4e-05 16.828012 -17.060789 2.608483 -0.105918 -1.51385 -4.275869 -5.039011 -5.612845 -2.953538 7e-06 -11.020485 7e-06 -6.111248 -15.895274 -3.840439 1e-06 0.0 -3e-06 -10.283322 -5.680261 -4.341825 11.028236 -11.302366 -2.372613 -1.384252 -14.238518 -6.320083 -0.625439 -26.924093 -3.827555 -5.069396 -50.342957 -3.182073 -13.70846 -7.363442 -3.720925 18.141054 -14.052682 -3.24266 4e-06 -18.787201 1.3e-05 -0.429716 -8.456021 2.555504 3e-06 2e-06 3e-06 -15.923456 -20.0944 -5.473557 30.419054 -7.190791 1.735902 -2e-06 -8.162894 6e-06 -1.861891 -22.861399 -6.167892 -1e-06 -0.0 -2e-06 -173.850739 -5.545158 -7.931503 5.660812 -0.012215 -0.05179 -75.157928 -3.683521 -7.820552 -4.911057 1.432181 2.117198 -0.999996 0.0 0.0 6.22785 -4.058101 -14.857552 5.69652 0.026307 0.044892 -75.233574 -2.206901 -5.826011 -4.953155 0.697653 1.668599 -0.999999 0.0 0.0 
0.0 0.0 0.0 0.0 -0.0 0.0 -0.187277 99.630447 3.379409 90.033241 4.761001 91.026749 -1.515674 0.336902 0.116608 -11.184292 0.065579 0.707045 15.991575 -0.548783 -1.321375 23.824173 4.762615 2.295343 -2.49238 -0.334476 -1.390607 -27.281824 -2.811294 -0.664221 6e-06 -0.0 0.0 -0.03065 0.015603 0.03504 -0.015442 0.029062 0.028807 0.03285 -0.003706 0.034759 -118.529793 -72.899437 132.763824 26.874002 -56.770065 17.28603 30.733683 0.001145 -0.12602 0.808651 4.297914 12.28702 17.636641 -26.322657 52.411068 -19.466618 -14.39558 29.410313 1.8e-05 -8.774831 -1.1e-05 15.941377 -18.377687 5.963935 -0.609779 -1.795657 -3.889323 -4.807115 -11.04682 -2.937842 -3.4e-05 -20.976019 0.0 -5.020014 -25.033596 -4.031919 4e-06 3e-06 3e-06 -10.634551 -5.686988 -3.565576 10.573245 -17.92293 -3.113893 -2.1e-05 -13.821209 -4e-06 -0.501817 -31.181541 -4.027057 -11.410396 -59.793991 6.700781 -13.982737 -7.150219 -2.875027 13.772723 -8.401468 -3.218233 0.347675 -34.211555 0.771645 -0.963049 -17.733393 2.621001 -0.0 -2e-06 1e-06 -17.346478 -20.095251 -4.20175 21.757586 -1.638335 3.866435 -8e-06 -6.338825 -1e-06 -1.697635 -22.59178 -6.194034 1e-06 -4e-06 -2e-06 42.996067 -85.26712 147.524246 14.905517 14.170888 -37.834133 93.694695 0.806563 0.375396 29.941006 33.98156 67.563805 22.182116 -20.375933 49.933502 -16.702011 -16.743612 28.476751 -4.6e-05 -12.690668 2.2e-05 16.94758 -17.15563 2.714249 -0.105913 -1.513869 -4.2759 -5.039041 -5.612892 -2.953579 4.2e-05 -11.020601 -2.6e-05 -6.111257 -15.895466 -3.840527 -1e-06 1e-06 -1e-06 -10.283389 -5.680302 -4.34185 11.028365 -11.30248 -2.372685 -1.38421 -14.238668 -6.320187 -0.625301 -26.92444 -3.827678 -5.227347 -50.444431 -2.937003 -13.708553 -7.363491 -3.720952 18.141275 -14.052846 -3.242752 7.6e-05 -18.787388 -3.1e-05 -0.429685 -8.456111 2.555516 2e-06 -2e-06 -1e-06 -15.923539 -20.094549 -5.473623 30.419344 -7.190915 1.73586 2.8e-05 -8.162969 -1e-05 -1.861798 -22.861656 -6.168015 -2e-06 -1e-06 -3e-06 -174.070923 -5.596127 -7.860215 5.607731 -0.007738 -0.063759 -75.011978 -3.757035 -7.931109 -4.794404 1.43835 2.112905 -1.000002 0.0 0.0 6.022983 -3.998014 -14.754197 5.563005 0.021506 0.054977 -75.154816 -2.167311 -5.726207 -4.910205 0.670453 1.66098 -1.000005 -1e-06 0.0 
0.0 0.0 0.0 0.0 -0.0 0.0 -0.217792 99.638901 3.305233 90.004921 4.579399 90.924004 -1.536535 0.347105 0.106308 -11.160639 0.059955 0.716331 15.873425 -0.539796 -1.248321 23.473112 4.850503 2.315223 -2.534053 -0.338607 -1.417948 -27.663519 -2.77949 -0.776421 6e-06 -0.0 -0.0 -0.03813 0.013141 0.016147 -0.015441 0.032029 0.010781 0.035041 -0.01196 0.015398 -118.621506 -72.785957 132.867569 26.994942 -56.994667 16.560419 30.710142 -0.060266 -0.149824 0.808348 4.21943 12.552174 17.636557 -26.322718 52.411278 -19.466461 -14.395507 29.410337 3.3e-05 -8.774779 -5e-06 15.957477 -18.313604 5.915231 -0.609787 -1.795644 -3.889325 -4.807112 -11.046776 -2.937843 -8.4e-05 -20.97592 2.1e-05 -5.020023 -25.033484 -4.031921 7e-06 3e-06 0.0 -10.63452 -5.686983 -3.565593 10.573153 -17.922844 -3.113851 -5.1e-05 -13.821158 1.1e-05 -0.501876 -31.181433 -4.027045 -11.271479 -59.68697 6.581967 -13.982688 -7.150216 -2.87505 13.772635 -8.401414 -3.218205 0.347578 -34.211411 0.771712 -0.9631 -17.733324 2.621014 1e-06 -1e-06 3e-06 -17.346422 -20.095203 -4.201781 21.757465 -1.638294 3.866454 -2.1e-05 -6.338799 8e-06 -1.697662 -22.591681 -6.194013 -0.0 -4e-06 2e-06 42.753193 -85.187569 147.755829 14.340621 14.092358 -39.200481 99.353943 1.372196 -0.028308 31.871136 28.604439 70.388206 22.181828 -20.375921 49.933113 -16.70178 -16.743481 28.476482 -4.6e-05 -12.690479 5.1e-05 16.840958 -17.258877 2.762452 -0.105906 -1.513844 -4.27587 -5.038972 -5.612838 -2.953534 3.6e-05 -11.020494 1.1e-05 -6.111173 -15.895263 -3.840399 -1e-06 -0.0 -3e-06 -10.283273 -5.680238 -4.341815 11.028229 -11.302386 -2.372646 -1.384196 -14.238519 -6.320073 -0.625373 -26.924131 -3.827523 -5.290786 -50.107609 -2.874933 -13.70839 -7.363407 -3.720913 18.141037 -14.05272 -3.242708 3.7e-05 -18.78721 2.6e-05 -0.429709 -8.456031 2.555505 2e-06 -1e-06 -3e-06 -15.92334 -20.094353 -5.47355 30.418968 -7.190827 1.735798 1.2e-05 -8.16291 6e-06 -1.861842 -22.861437 -6.167846 0.0 -3e-06 -0.0 -174.289795 -5.652214 -7.703284 5.560947 -0.000482 -0.074552 -74.861061 -3.868191 -8.071409 -4.756971 1.464278 2.112117 -0.999998 1e-06 -1e-06 5.816562 -3.946119 -14.617537 5.448888 0.025937 0.058537 -75.057129 -2.181083 -5.662733 -4.910351 0.650839 1.654944 -1.000002 -0.0 -1e-06 
0.0 0.0 0.0 0.0 -0.0 0.0 -0.253245 99.648766 3.225648 89.988533 4.427088 90.816666 -1.543969 0.323241 0.107341 -11.141152 0.052309 0.751141 15.78257 -0.535565 -1.192622 23.174324 4.945551 2.345404 -2.573375 -0.351815 -1.443062 -27.987173 -2.7388 -0.943762 6e-06 0.0 -0.0 -0.044591 0.009806 0.002907 -0.016016 0.035354 -0.000691 0.033882 -0.022086 0.001279 -118.464035 -72.688782 132.704575 27.050564 -57.222 16.079296 30.842371 -0.023305 -0.15598 0.804051 4.177871 12.654201 17.636587 -26.322647 52.411083 -19.466724 -14.395568 29.410378 -3.6e-05 -8.774801 3e-06 15.955578 -18.248943 5.876317 -0.609768 -1.795653 -3.889326 -4.807036 -11.046782 -2.937864 9.3e-05 -20.976011 -3.5e-05 -5.019831 -25.03356 -4.031876 8e-06 2e-06 -1e-06 -10.63449 -5.68694 -3.565588 10.573303 -17.922953 -3.113928 5.8e-05 -13.8212 -1.1e-05 -0.501623 -31.181541 -4.027004 -11.168177 -59.601624 6.518715 -13.982656 -7.150155 -2.875052 13.772708 -8.401519 -3.218258 0.347884 -34.211544 0.771601 -0.962964 -17.7334 2.621044 -0.0 -0.0 2e-06 -17.346312 -20.095139 -4.201804 21.757483 -1.63843 3.866394 2.7e-05 -6.338819 -4e-06 -1.697459 -22.591753 -6.194029 2e-06 -3e-06 1e-06 42.85923 -85.17128 147.529724 14.047456 13.470228 -40.302921 103.869789 1.841431 -0.299879 32.801666 24.200727 71.531715 22.182108 -20.375782 49.933121 -16.701721 -16.743471 28.476381 1.5e-05 -12.690584 -1.7e-05 16.694166 -17.269079 2.715262 -0.105925 -1.513851 -4.275863 -5.039046 -5.612861 -2.953544 -1e-05 -11.020494 1e-06 -6.111312 -15.895317 -3.840475 -1e-06 2e-06 1e-06 -10.283363 -5.680285 -4.341818 11.028256 -11.302354 -2.37261 -1.384294 -14.238542 -6.320103 -0.625458 -26.924139 -3.827612 -5.274634 -49.604794 -2.906128 -13.708519 -7.363472 -3.720924 18.14109 -14.052674 -3.242636 -1e-05 -18.787214 -1.1e-05 -0.429712 -8.456032 2.555493 -2e-06 -1e-06 -1e-06 -15.923543 -20.094446 -5.473556 30.419146 -7.190774 1.735967 -1e-06 -8.162896 -5e-06 -1.861906 -22.861431 -6.167963 1e-06 -3e-06 -3e-06 -174.483902 -5.703094 -7.515999 5.519842 0.012797 -0.080511 -74.734009 -4.03104 -8.204051 -4.742036 1.48993 2.111395 -0.999997 0.0 0.0 5.636775 -3.897886 -14.448227 5.345551 0.033853 0.059323 -74.965042 -2.239228 -5.600836 -4.921132 0.646803 1.651973 -1.0 0.0 1e-06 
0.0 0.0 0.0 0.0 -0.0 0.0 -0.294826 99.650322 3.134961 89.99369 4.319188 90.696671 -1.531021 0.260398 0.13415 -11.129119 0.032561 0.762052 15.735158 -0.538791 -1.140257 22.953287 5.069678 2.364365 -2.606434 -0.372363 -1.45684 -28.284967 -2.708604 -1.101921 6e-06 0.0 -0.0 -0.046196 0.007738 0.000297 -0.029051 0.039347 -0.003443 0.020313 -0.030344 -0.000477 -118.12326 -72.631226 132.376862 27.078127 -57.444725 15.798298 30.969406 0.116508 -0.155151 0.828519 4.148123 12.651922 17.6367 -26.322832 52.411327 -19.46685 -14.39568 29.410566 -2.4e-05 -8.774887 3e-06 15.925643 -18.186039 5.86359 -0.609775 -1.795664 -3.889342 -4.807089 -11.04687 -2.937874 6.4e-05 -20.976212 -1.2e-05 -5.019939 -25.033852 -4.03191 6e-06 2e-06 -3e-06 -10.634562 -5.686979 -3.565598 10.573374 -17.923086 -3.113939 4e-05 -13.821337 0.0 -0.501681 -31.181934 -4.027041 -11.090446 -59.556728 6.505201 -13.982752 -7.150208 -2.87505 13.772817 -8.40157 -3.218276 0.347835 -34.211895 0.771639 -0.962997 -17.733597 2.621069 0.0 -3e-06 -0.0 -17.346455 -20.095282 -4.2018 21.757668 -1.638425 3.866431 1.9e-05 -6.33888 -3e-06 -1.697523 -22.592033 -6.194081 -0.0 -4e-06 0.0 43.299507 -85.222954 146.956085 13.904371 12.29492 -41.201992 107.188354 2.157048 -0.328497 33.404724 20.705971 71.705322 22.182219 -20.375914 49.933388 -16.701813 -16.743563 28.47654 1e-05 -12.69065 -1.8e-05 16.626999 -17.220533 2.579864 -0.105925 -1.513856 -4.275887 -5.039064 -5.612882 -2.95356 1e-06 -11.020549 4e-06 -6.111335 -15.895395 -3.840497 -5e-06 -1e-06 -0.0 -10.283406 -5.6803 -4.341846 11.028319 -11.30241 -2.37262 -1.384291 -14.238602 -6.320136 -0.625447 -26.924276 -3.827617 -5.235331 -49.215565 -2.948822 -13.708574 -7.363492 -3.720944 18.141191 -14.052744 -3.242656 -4e-06 -18.787308 6e-06 -0.429712 -8.456079 2.555521 2e-06 -6e-06 1e-06 -15.923603 -20.094515 -5.47359 30.419304 -7.190831 1.735969 -1e-06 -8.162943 2e-06 -1.861915 -22.861568 -6.16798 0.0 -4e-06 -4e-06 -174.630402 -5.731299 -7.314404 5.481153 0.029856 -0.072434 -74.651245 -4.258337 -8.324917 -4.739563 1.519937 2.115282 -0.999994 -0.0 0.0 5.496929 -3.868942 -14.256772 5.27213 0.047588 0.053485 -74.918564 -2.28124 -5.518528 -4.937084 0.65182 1.649429 -1.0 1e-06 -0.0 
0.0 0.0 0.0 0.0 -0.0 0.0 -0.354326 99.645401 3.018879 90.008018 4.210119 90.614227 -1.527994 0.183178 0.165165 -11.107399 -0.001972 0.748056 15.718463 -0.533456 -1.097212 22.772894 5.205534 2.353932 -2.626067 -0.407548 -1.441402 -28.534126 -2.711442 -1.24062 6e-06 0.0 -0.0 -0.037442 0.008482 0.007984 -0.029404 0.047463 0.005162 0.014148 -0.036855 0.006281 -117.67498 -72.619698 131.960373 27.14113 -57.651455 15.51254 31.012611 0.225496 -0.145952 0.934678 4.191712 12.599105 17.636581 -26.322617 52.411003 -19.46653 -14.395496 29.410225 -2.4e-05 -8.774747 -1e-05 15.887379 -18.176786 5.878527 -0.609772 -1.795639 -3.889312 -4.807029 -11.046707 -2.937849 6.3e-05 -20.975836 4e-06 -5.019845 -25.033304 -4.031837 5e-06 -1e-06 -3e-06 -10.634462 -5.68691 -3.565584 10.57323 -17.922827 -3.113877 4e-05 -13.821096 1.8e-05 -0.501701 -31.181229 -4.026917 -11.077249 -59.542221 6.542497 -13.982616 -7.15012 -2.875052 13.772637 -8.401458 -3.218215 0.347812 -34.211246 0.771686 -0.963004 -17.733242 2.621062 2e-06 -3e-06 2e-06 -17.346258 -20.095036 -4.201806 21.757389 -1.638417 3.866407 2.1e-05 -6.338771 9e-06 -1.697497 -22.591536 -6.193942 1e-06 -6e-06 -2e-06 44.762653 -85.365273 145.303986 13.918013 10.393076 -42.233849 109.515762 2.362432 -0.134262 34.602402 17.646975 70.95134 22.182125 -20.375872 49.932983 -16.701612 -16.743435 28.476254 1.2e-05 -12.690539 -2e-05 16.774452 -17.261526 2.227734 -0.105925 -1.513842 -4.27585 -5.039024 -5.612839 -2.953528 -1.1e-05 -11.020487 3.3e-05 -6.111305 -15.895283 -3.840412 -1e-06 2e-06 -0.0 -10.283341 -5.680258 -4.341807 11.028227 -11.302342 -2.37257 -1.384302 -14.23851 -6.320042 -0.62553 -26.924082 -3.827491 -5.218115 -49.103531 -3.09085 -13.708481 -7.363442 -3.720913 18.141041 -14.052669 -3.242587 -3.1e-05 -18.787214 4.9e-05 -0.429721 -8.456042 2.555517 1e-06 -1e-06 -1e-06 -15.923507 -20.094385 -5.473518 30.41906 -7.190781 1.735981 -7e-06 -8.16291 1.4e-05 -1.861943 -22.861441 -6.16787 -1e-06 -3e-06 1e-06 -174.796005 -5.751265 -7.164887 5.457177 0.039237 -0.047113 -74.618973 -4.410896 -8.465384 -4.725906 1.546082 2.116708 -0.999997 1e-06 -0.0 5.350607 -3.837538 -14.025675 5.218291 0.059935 0.036355 -74.935089 -2.337669 -5.428163 -4.965628 0.664292 1.64884 -0.999999 1e-06 -0.0 
0.0 0.0 0.0 0.0 -0.0 0.0 -0.420085 99.651489 2.877997 89.999939 4.103889 90.547493 -1.511829 0.126044 0.183351 -11.094124 -0.037081 0.760565 15.770133 -0.526069 -1.090405 22.608917 5.338316 2.333963 -2.617935 -0.447017 -1.514377 -28.863619 -2.707495 -1.321635 6e-06 0.0 0.0 -0.030208 0.014504 0.018382 -0.009063 0.058377 0.019424 0.024545 -0.035405 0.011961 -117.49688 -72.618782 131.827271 27.196854 -57.711884 15.209139 30.924591 0.267107 -0.109617 1.070416 4.302463 12.759681 17.636679 -26.322765 52.411278 -19.466845 -14.395658 29.41054 9e-06 -8.774899 3e-06 15.847497 -18.20648 5.88007 -0.609778 -1.79567 -3.889339 -4.807134 -11.046926 -2.937865 -1.7e-05 -20.976288 -3.1e-05 -5.020038 -25.03401 -4.031967 5e-06 3e-06 3e-06 -10.634591 -5.687024 -3.565585 10.573334 -17.923111 -3.11395 -7e-06 -13.821384 -2.9e-05 -0.501752 -31.182093 -4.027157 -11.074099 -59.498653 6.544423 -13.98279 -7.150265 -2.87503 13.772813 -8.401553 -3.218277 0.347733 -34.212032 0.771577 -0.963018 -17.733669 2.620993 3e-06 -3e-06 -0.0 -17.346542 -20.095394 -4.201763 21.757713 -1.638352 3.866436 -3e-06 -6.338902 -1.6e-05 -1.6976 -22.592159 -6.194148 0.0 -3e-06 0.0 47.433781 -85.657021 142.256882 14.274251 7.118642 -43.979256 110.791069 2.554795 0.200254 35.924431 16.81888 67.970474 22.182177 -20.375963 49.93367 -16.702011 -16.743639 28.476822 -2.4e-05 -12.690707 7e-06 17.074594 -17.407164 1.54207 -0.105917 -1.51387 -4.275911 -5.039065 -5.612908 -2.953591 2.3e-05 -11.020618 -3e-05 -6.111303 -15.895522 -3.840567 -2e-06 3e-06 0.0 -10.283418 -5.68032 -4.341871 11.028384 -11.302485 -2.372679 -1.384246 -14.238705 -6.320214 -0.625326 -26.924507 -3.82772 -5.209937 -49.177109 -3.410067 -13.708588 -7.363514 -3.720968 18.141293 -14.05284 -3.242738 4.3e-05 -18.78742 -2.8e-05 -0.429699 -8.456136 2.555534 -3e-06 1e-06 0.0 -15.923593 -20.094593 -5.473649 30.419413 -7.190898 1.735904 1.4e-05 -8.162988 -6e-06 -1.861855 -22.86171 -6.168043 0.0 -6e-06 -3e-06 -174.981094 -5.790808 -7.191185 5.458052 0.034347 -0.016951 -74.615326 -4.424126 -8.617627 -4.674434 1.554252 2.117497 -0.999999 0.0 -0.0 5.197467 -3.765186 -13.712693 5.152922 0.067382 0.01841 -74.946487 -2.47545 -5.341739 -5.030699 0.678176 1.653341 -1.000005 1e-06 0.0 
0.0 0.0 0.0 0.0 -0.0 0.0 -0.476036 99.668922 2.71262 89.947998 4.127181 90.470734 -1.373969 0.106184 0.179364 -11.097372 -0.081558 0.798218 15.907251 -0.480602 -1.093589 22.562433 5.352401 2.345215 -2.582247 -0.520307 -1.810954 -29.572325 -2.560014 -1.34498 6e-06 -0.0 0.0 -0.029916 0.020911 0.006588 0.019607 0.057781 0.013522 0.046421 -0.021752 -0.008968 -118.000381 -72.571037 132.399841 27.152569 -57.426968 15.32433 30.799206 0.337424 -0.064372 1.047801 4.231318 13.38351 17.636421 -26.322514 52.4109 -19.466356 -14.395468 29.410135 3.3e-05 -8.774731 1e-06 15.85704 -18.187393 5.871665 -0.609779 -1.795637 -3.8893 -4.807082 -11.046707 -2.93782 -7.9e-05 -20.975761 1.6e-05 -5.019994 -25.033279 -4.031876 5e-06 6e-06 3e-06 -10.634463 -5.686949 -3.565564 10.573101 -17.92272 -3.113848 -4.8e-05 -13.821047 7e-06 -0.501871 -31.181105 -4.026998 -11.164681 -59.573582 6.667817 -13.982618 -7.150172 -2.87502 13.77257 -8.401356 -3.218202 0.347587 -34.211102 0.771686 -0.963077 -17.733166 2.620979 -1e-06 -0.0 2e-06 -17.346336 -20.095087 -4.20174 21.757366 -1.638285 3.866411 -1.9e-05 -6.338755 7e-06 -1.697662 -22.591497 -6.193954 0.0 -3e-06 -4e-06 50.448498 -86.131325 138.620895 15.230791 1.784539 -47.088356 110.837349 3.032572 0.466624 34.952095 24.038254 58.825428 22.181808 -20.375849 49.932995 -16.701576 -16.743322 28.476299 -1e-06 -12.690389 2.4e-05 17.753637 -17.396513 0.305226 -0.10592 -1.513843 -4.275853 -5.038966 -5.612826 -2.953531 -1e-06 -11.020445 1.8e-05 -6.111189 -15.895208 -3.840404 -1e-06 -2e-06 1e-06 -10.28324 -5.680239 -4.341811 11.028126 -11.302318 -2.372596 -1.384243 -14.238463 -6.320043 -0.625478 -26.923964 -3.827518 -5.201848 -49.615562 -3.833705 -13.708348 -7.363414 -3.720918 18.140873 -14.052628 -3.242631 -1.9e-05 -18.787136 3.2e-05 -0.429732 -8.455997 2.555495 -2e-06 4e-06 -1e-06 -15.923309 -20.094324 -5.47354 30.418751 -7.190727 1.735873 -1.2e-05 -8.162876 1.1e-05 -1.861898 -22.861334 -6.167831 0.0 -3e-06 -3e-06 -175.058823 -5.877876 -7.408461 5.494475 0.023678 -0.001123 -74.630119 -4.344371 -8.6642 -4.640411 1.524688 2.122069 -0.999995 1e-06 -0.0 5.136609 -3.632044 -13.312169 5.136837 0.065511 0.005737 -74.994461 -2.825979 -5.289733 -5.091141 0.688032 1.667179 -0.999998 0.0 0.0 
0.0 0.0 0.0 0.0 -0.0 0.0 -0.552792 99.678497 2.56488 89.896988 4.355949 90.492195 -1.117246 0.076078 0.166537 -11.091917 -0.114972 0.811374 16.124636 -0.346959 -1.18329 22.579403 5.056976 2.346775 -2.544434 -0.609633 -1.940462 -30.249416 -2.388527 -1.503672 6e-06 -0.0 0.0 -0.022755 0.023866 0.005811 0.017351 0.043191 0.013686 0.038419 -0.000782 -0.015347 -118.540543 -72.440926 133.104279 27.46813 -56.828857 15.780883 30.585604 0.336442 -0.01877 0.994949 3.687705 13.909861 17.636623 -26.32268 52.411102 -19.466543 -14.395539 29.410282 -3e-06 -8.774784 -8e-06 15.91285 -18.127914 5.972336 -0.609778 -1.795643 -3.889317 -4.807067 -11.046748 -2.93784 1.4e-05 -20.975891 1e-05 -5.019917 -25.033394 -4.031866 4e-06 2e-06 3e-06 -10.634507 -5.686944 -3.565589 10.573231 -17.922861 -3.113868 1e-05 -13.821131 1.4e-05 -0.501768 -31.181311 -4.026954 -11.418421 -59.83107 7.116158 -13.982679 -7.150171 -2.875047 13.772676 -8.401452 -3.218215 0.347736 -34.211353 0.771694 -0.963032 -17.73329 2.621047 -2e-06 3e-06 1e-06 -17.346363 -20.095137 -4.201792 21.757469 -1.638378 3.866432 6e-06 -6.338787 8e-06 -1.697569 -22.591597 -6.193963 -0.0 -4e-06 -1e-06 54.968727 -86.542938 133.743195 17.064674 -4.089725 -51.433235 109.907005 3.541798 0.339534 26.261454 40.71632 39.024124 22.182138 -20.375938 49.933399 -16.701859 -16.743567 28.476603 -9e-06 -12.690635 7e-06 17.632574 -17.600632 0.43017 -0.105921 -1.513857 -4.275888 -5.039048 -5.612882 -2.953562 7e-06 -11.020558 -5e-06 -6.111309 -15.895412 -3.840493 1e-06 2e-06 0.0 -10.283387 -5.680296 -4.341843 11.028317 -11.302424 -2.372641 -1.384266 -14.238623 -6.320146 -0.625409 -26.924334 -3.827636 -5.085867 -49.704361 -4.083691 -13.708549 -7.363487 -3.720942 18.141188 -14.052769 -3.242689 9e-06 -18.787344 -5e-06 -0.429711 -8.456093 2.555516 -0.0 0.0 0.0 -15.923565 -20.094515 -5.473588 30.419266 -7.190835 1.735922 1e-06 -8.162952 -2e-06 -1.861888 -22.861593 -6.167986 -0.0 -6e-06 -3e-06 -174.923843 -6.009054 -7.67491 5.535391 0.039304 -0.015962 -74.678345 -4.141908 -8.528227 -4.647538 1.461808 2.117406 -1.000001 1e-06 -0.0 5.298806 -3.477772 -13.159685 5.199342 0.048693 0.0126 -75.168945 -3.165949 -5.341444 -4.980517 0.717998 1.686698 -1.000001 -0.0 -0.0 
0.0 0.0 0.0 0.0 -0.0 0.0 -0.644593 99.662392 2.488648 89.889809 4.620634 90.611687 -0.917567 0.027513 0.189518 -11.058411 -0.1699 0.784908 16.395756 -0.12094 -1.273983 22.598614 4.594009 2.376947 -2.494903 -0.646641 -1.894666 -30.566559 -2.216174 -1.606061 6e-06 0.0 0.0 -0.005283 0.007738 -0.028717 0.010311 0.015077 -0.026251 0.025577 -0.003464 -0.045181 -118.722443 -72.358673 133.632828 28.394447 -56.137821 15.585474 30.403494 -0.109401 -0.019082 1.078521 2.986967 14.337049 17.636606 -26.322697 52.411247 -19.466547 -14.395539 29.410351 2.6e-05 -8.774813 -1.3e-05 15.958196 -18.127392 6.034864 -0.609785 -1.79565 -3.889326 -4.807116 -11.046797 -2.937848 -6e-05 -20.975979 5e-06 -5.020016 -25.033564 -4.031932 3e-06 -2e-06 1e-06 -10.634532 -5.686984 -3.565594 10.573198 -17.922884 -3.113875 -3.5e-05 -13.821187 1e-06 -0.501838 -31.181519 -4.027063 -11.572883 -59.931591 7.332996 -13.982711 -7.150217 -2.875051 13.772678 -8.401439 -3.218215 0.347622 -34.211502 0.771668 -0.963074 -17.733381 2.621003 -1e-06 -1e-06 -3e-06 -17.346443 -20.095224 -4.201784 21.757528 -1.638314 3.866452 -1.5e-05 -6.338813 1e-06 -1.69765 -22.591751 -6.194046 -0.0 -5e-06 3e-06 60.657574 -86.646545 127.706154 18.597725 -8.558854 -55.698624 107.1259 3.699532 -0.02757 11.605925 53.07922 14.878083 22.182112 -20.375975 49.933556 -16.701799 -16.743492 28.476645 2.7e-05 -12.6906 -1e-06 16.207867 -17.986824 2.229175 -0.105928 -1.513861 -4.275895 -5.039058 -5.61291 -2.953575 -2.5e-05 -11.020597 -0.0 -6.111342 -15.895509 -3.840521 -1e-06 -2e-06 2e-06 -10.283379 -5.680328 -4.341861 11.028264 -11.302437 -2.372628 -1.384297 -14.238686 -6.320171 -0.62548 -26.924459 -3.827676 -5.126928 -50.086025 -3.764671 -13.708533 -7.363529 -3.720962 18.141106 -14.052769 -3.242666 -3.8e-05 -18.787399 -1.4e-05 -0.429735 -8.456122 2.555518 0.0 2e-06 1e-06 -15.923567 -20.094597 -5.473607 30.41918 -7.190781 1.735955 -1.7e-05 -8.162979 -4e-06 -1.861926 -22.861712 -6.168033 2e-06 -0.0 1e-06 -174.716522 -6.103203 -7.758057 5.545451 0.041479 -0.002693 -74.682587 -3.871929 -8.366124 -4.66977 1.449667 2.1106 -0.999996 0.0 0.0 5.545984 -3.3764 -13.169266 5.277907 0.045511 0.012879 -75.33506 -3.186671 -5.397214 -4.854202 0.715197 1.691936 -0.999999 -0.0 -0.0 
0.0 0.0 0.0 0.0 -0.0 0.0 -0.752502 99.666145 2.48661 89.8825 4.823856 90.708618 -0.857565 0.025108 0.20497 -11.041009 -0.180435 0.723861 16.685507 0.055838 -1.333589 22.685463 4.129457 2.48158 -2.462624 -0.593262 -1.93814 -30.765388 -2.051241 -1.479079 7e-06 0.0 0.0 0.016068 -0.009209 -0.056677 0.036902 -0.006866 -0.052421 0.042218 -0.01364 -0.071231 -118.5709 -72.431961 133.800491 29.165314 -55.556309 15.929663 30.778387 -0.377683 -0.042344 0.918723 2.323198 14.900358 17.636482 -26.322599 52.411018 -19.466419 -14.395476 29.410221 2.5e-05 -8.774741 -3e-06 15.964615 -18.181149 6.029299 -0.609779 -1.795641 -3.889308 -4.807078 -11.046734 -2.937826 -5.9e-05 -20.975842 1.1e-05 -5.01998 -25.033379 -4.031887 4e-06 1e-06 3e-06 -10.634468 -5.686951 -3.565578 10.573133 -17.922787 -3.113859 -3.7e-05 -13.821099 5e-06 -0.501847 -31.181259 -4.027014 -11.531619 -59.902351 7.273577 -13.982629 -7.150177 -2.875039 13.77259 -8.401392 -3.218203 0.347607 -34.211262 0.771689 -0.963086 -17.733253 2.620999 -1e-06 -0.0 -3e-06 -17.346329 -20.095118 -4.201764 21.757389 -1.638308 3.866423 -1.8e-05 -6.338776 7e-06 -1.697636 -22.591589 -6.193986 2e-06 -7e-06 -2e-06 69.370094 -86.611877 118.815552 18.937799 -11.345217 -57.493488 102.614929 3.201142 -0.011594 -4.868464 54.974918 -5.076727 22.18198 -20.375792 49.933235 -16.701654 -16.743402 28.476416 1.1e-05 -12.690502 -1e-06 15.799949 -17.669189 3.368901 -0.105923 -1.513849 -4.275865 -5.039014 -5.61284 -2.953554 -6e-06 -11.020454 -5e-06 -6.111259 -15.895261 -3.840486 0.0 1e-06 2e-06 -10.283314 -5.680266 -4.341835 11.028197 -11.302314 -2.372612 -1.384272 -14.238495 -6.320112 -0.625444 -26.924042 -3.827619 -5.113906 -50.711857 -3.324127 -13.708446 -7.363451 -3.720942 18.140999 -14.052625 -3.24264 -1.8e-05 -18.787157 -0.0 -0.429725 -8.456009 2.555498 -0.0 -2e-06 2e-06 -15.923444 -20.094379 -5.473593 30.418982 -7.190736 1.735941 -1e-05 -8.162877 9e-06 -1.861908 -22.861359 -6.167925 0.0 2e-06 1e-06 -174.521851 -6.186639 -7.683156 5.533661 0.036194 0.002524 -74.75045 -3.741823 -8.206041 -4.719043 1.47594 2.114989 -0.999995 -0.0 -0.0 5.753077 -3.27277 -12.971784 5.359638 0.060588 -0.001742 -75.426125 -3.359627 -5.341954 -4.911325 0.74084 1.698627 -1.0 1e-06 -0.0 
0.0 0.0 0.0 0.0 -0.0 0.0 -0.880281 99.662819 2.543819 89.858353 4.96707 90.769402 -0.883849 0.086441 0.12386 -11.043901 -0.137974 0.684519 16.946871 0.209727 -1.364941 22.747931 3.717831 2.593464 -2.478236 -0.579609 -1.86158 -30.894083 -1.959894 -1.308488 7e-06 -0.0 0.0 0.016205 -0.012847 -0.042792 0.037536 -0.016454 -0.038654 0.025476 -0.009577 -0.052261 -118.508171 -72.573479 134.002167 29.747175 -55.04882 16.788792 31.362761 -0.40321 -0.016864 0.571249 1.651217 15.783978 17.636663 -26.322674 52.411167 -19.466715 -14.395606 29.410398 -4e-05 -8.774821 -6e-06 15.936653 -18.289314 6.031019 -0.60977 -1.795645 -3.889325 -4.807037 -11.046747 -2.937867 0.000119 -20.975933 -3e-05 -5.01981 -25.03344 -4.031886 5e-06 1e-06 -3e-06 -10.634507 -5.686921 -3.565599 10.573339 -17.92292 -3.113925 7.3e-05 -13.821163 7e-06 -0.501613 -31.181408 -4.026965 -11.559834 -59.832355 7.182288 -13.982677 -7.150132 -2.875064 13.772748 -8.401513 -3.218249 0.347912 -34.21143 0.771638 -0.96296 -17.733335 2.621083 -1e-06 -0.0 -1e-06 -17.346319 -20.095095 -4.201835 21.757523 -1.63846 3.866413 3.2e-05 -6.338801 -0.0 -1.69745 -22.59166 -6.194008 1e-06 -4e-06 -2e-06 80.151276 -86.52549 108.004906 18.633842 -12.911913 -56.773441 98.21669 2.275142 0.163782 -14.892735 50.023251 -13.017558 22.182158 -20.37583 49.933315 -16.701883 -16.74354 28.476545 -4.7e-05 -12.690617 -5e-06 15.972465 -17.152283 3.742692 -0.105917 -1.513857 -4.275881 -5.039029 -5.612847 -2.953566 4.7e-05 -11.020502 -2.3e-05 -6.111235 -15.895302 -3.840509 1e-06 -0.0 0.0 -10.283373 -5.680261 -4.341843 11.028336 -11.302397 -2.37265 -1.384213 -14.238539 -6.320145 -0.625289 -26.924162 -3.827626 -5.032333 -50.914345 -3.136734 -13.708526 -7.363442 -3.720953 18.141211 -14.052746 -3.242694 7.8e-05 -18.787222 -1.3e-05 -0.429675 -8.456036 2.555514 -1e-06 -3e-06 2e-06 -15.923504 -20.094412 -5.473624 30.419252 -7.190898 1.73591 3e-05 -8.162905 1e-06 -1.861812 -22.861418 -6.167936 0.0 -3e-06 -3e-06 -174.324768 -6.28339 -7.696264 5.47702 0.030712 0.025925 -74.888199 -3.596941 -7.95759 -4.779378 1.49269 2.124523 -1.0 0.0 -0.0 5.893493 -3.149854 -12.610327 5.499709 0.061204 -0.013047 -75.545868 -3.775994 -5.268337 -5.008176 0.745387 1.694888 -1.000003 0.0 0.0 
0.0 0.0 0.0 0.0 -0.0 0.0 -1.021457 99.651115 2.629473 89.870857 5.031527 90.654808 -0.903089 0.197977 0.06957 -11.051417 -0.120967 0.640145 17.125734 0.359592 -1.455506 22.829763 3.425363 2.659824 -2.495702 -0.623543 -1.537543 -31.004494 -1.917088 -1.115949 7e-06 -0.0 -0.0 0.016385 -0.013314 -0.027983 0.031948 -0.017942 -0.025879 0.01289 -0.008279 -0.032741 -118.603569 -72.687309 134.312088 30.201826 -54.657669 17.661926 31.729019 -0.358256 0.009706 0.192623 0.937245 16.623932 17.636644 -26.322779 52.411259 -19.466681 -14.3956 29.410425 -9e-06 -8.77483 -6e-06 15.975487 -18.372736 6.032932 -0.609776 -1.795653 -3.889332 -4.807082 -11.046819 -2.937857 2.8e-05 -20.976067 6e-06 -5.019941 -25.033653 -4.03188 6e-06 -4e-06 2e-06 -10.634534 -5.68697 -3.565596 10.573288 -17.922983 -3.113897 1.3e-05 -13.821247 9e-06 -0.501762 -31.181665 -4.026998 -11.722429 -59.970058 7.202799 -13.98271 -7.150196 -2.875049 13.772735 -8.40151 -3.218239 0.347755 -34.211655 0.771679 -0.963032 -17.733458 2.621063 3e-06 -2e-06 -2e-06 -17.346409 -20.095219 -4.201789 21.757561 -1.63839 3.866432 8e-06 -6.33884 8e-06 -1.697566 -22.591839 -6.194019 -0.0 -3e-06 -4e-06 88.428879 -86.42215 99.867218 18.615715 -13.662601 -55.328159 95.749191 1.182909 0.263221 -16.70488 45.395996 -12.14958 22.182138 -20.375902 49.933411 -16.701887 -16.743572 28.476627 -1.6e-05 -12.690643 7e-06 16.176958 -16.88059 3.663589 -0.10592 -1.513859 -4.275889 -5.039046 -5.612882 -2.953565 1.7e-05 -11.020562 -1.6e-05 -6.111293 -15.895416 -3.840511 0.0 -3e-06 0.0 -10.283382 -5.680297 -4.341844 11.028325 -11.302433 -2.372652 -1.38425 -14.23863 -6.320157 -0.62537 -26.92436 -3.827657 -5.020018 -51.037849 -3.119883 -13.708545 -7.363488 -3.720947 18.141205 -14.052773 -3.242701 2.8e-05 -18.787331 -1.3e-05 -0.429704 -8.456092 2.555516 1e-06 1e-06 1e-06 -15.923556 -20.094517 -5.473605 30.419292 -7.190854 1.735913 1.1e-05 -8.162953 -4e-06 -1.861865 -22.861597 -6.167993 -1e-06 -3e-06 -2e-06 -174.095627 -6.334064 -7.812124 5.33222 0.02766 0.051159 -74.967911 -3.560407 -7.783401 -4.895151 1.488273 2.120974 -0.999995 0.0 0.0 5.937553 -3.049909 -12.169946 5.682918 0.045551 -0.010067 -75.715363 -4.214728 -5.088836 -5.117067 0.738642 1.684845 -1.0 3e-06 1e-06 
0.0 0.0 0.0 0.0 -0.0 0.0 -1.196169 99.632736 2.752205 89.90699 5.054874 90.413353 -0.872749 0.344854 0.040326 -11.050557 -0.116701 0.56912 17.230408 0.494975 -1.559912 23.007763 3.215592 2.687584 -2.523225 -0.645709 -1.105499 -31.126696 -1.851329 -0.868821 6e-06 0.0 0.0 0.018441 -0.013336 -0.011392 0.027796 -0.021488 -0.010626 0.009033 -0.004602 -0.013833 -119.104988 -72.691856 134.967484 30.372318 -54.28677 18.442099 32.011787 -0.310272 0.015957 -0.062472 0.252302 17.369423 17.636578 -26.322624 52.411049 -19.46657 -14.395535 29.410307 1.4e-05 -8.774798 -7e-06 16.04421 -18.422903 6.072454 -0.609779 -1.795652 -3.889318 -4.807096 -11.046792 -2.93784 -2.9e-05 -20.97596 -8e-06 -5.019979 -25.033525 -4.031916 4e-06 -2e-06 1e-06 -10.634515 -5.686976 -3.56558 10.57321 -17.922897 -3.113882 -1.6e-05 -13.821183 -9e-06 -0.501792 -31.181498 -4.027053 -11.998644 -60.256477 7.404597 -13.982687 -7.150205 -2.875029 13.772677 -8.401455 -3.218226 0.347686 -34.211479 0.771639 -0.963043 -17.733364 2.621003 3e-06 -1e-06 1e-06 -17.346405 -20.095211 -4.201766 21.757504 -1.638336 3.866427 -8e-06 -6.338809 -1e-06 -1.697608 -22.591711 -6.194028 0.0 -5e-06 -3e-06 94.876968 -86.381287 93.627731 18.855299 -14.108814 -53.714561 95.705719 0.365189 0.36303 -14.533181 42.109829 -7.796713 22.182039 -20.375839 49.933132 -16.701698 -16.743477 28.476393 1.7e-05 -12.690558 -2e-06 16.534029 -16.861965 3.385119 -0.10592 -1.51385 -4.275868 -5.039033 -5.612861 -2.953539 -1.1e-05 -11.020495 1e-05 -6.111309 -15.895315 -3.840453 0.0 1e-06 1e-06 -10.283344 -5.680283 -4.341817 11.028238 -11.302357 -2.372612 -1.384289 -14.238541 -6.320094 -0.625472 -26.92412 -3.827586 -5.07531 -51.443657 -3.154585 -13.708493 -7.363471 -3.720917 18.141066 -14.052672 -3.242646 -2.3e-05 -18.787212 8e-06 -0.42972 -8.456027 2.555499 1e-06 -2e-06 1e-06 -15.923519 -20.094448 -5.473538 30.419106 -7.190761 1.735935 -1e-05 -8.162901 4e-06 -1.861928 -22.86142 -6.167925 3e-06 -3e-06 1e-06 -173.830231 -6.360624 -7.933349 5.132578 0.026614 0.055842 -75.036156 -3.676747 -7.676937 -5.014867 1.472026 2.114868 -0.999999 0.0 0.0 5.909356 -2.958805 -11.747092 5.960778 0.027875 -0.000766 -75.985954 -4.585124 -4.861663 -5.201103 0.735674 1.678295 -1.000003 2e-06 1e-06 
0.0 0.0 0.0 0.0 -0.0 0.0 -1.432451 99.604645 2.95245 89.953308 5.013097 90.079506 -0.851317 0.51233 0.017821 -11.045992 -0.111063 0.494158 17.313667 0.610825 -1.649164 23.277588 3.085101 2.67242 -2.545744 -0.652674 -0.670064 -31.260303 -1.716051 -0.523182 5e-06 -0.0 0.0 0.024306 -0.014349 0.007185 0.026769 -0.030445 0.00585 0.012016 0.002211 0.007688 -119.854111 -72.624245 135.859558 30.387922 -53.923187 18.915901 32.308174 -0.316515 0.009147 -0.194772 -0.286114 18.411041 17.636677 -26.322767 52.411228 -19.466625 -14.395596 29.410402 2.7e-05 -8.77485 -1.1e-05 16.100618 -18.449903 6.137774 -0.609783 -1.795659 -3.889325 -4.807133 -11.046851 -2.937847 -6.2e-05 -20.976095 1.2e-05 -5.020068 -25.033724 -4.031932 4e-06 1e-06 1e-06 -10.634567 -5.687003 -3.565583 10.573249 -17.922977 -3.113877 -3.7e-05 -13.821264 0.0 -0.501865 -31.181726 -4.027069 -12.303302 -60.508358 7.690216 -13.982761 -7.150244 -2.875036 13.772743 -8.40148 -3.218227 0.347621 -34.211716 0.771686 -0.963083 -17.73349 2.621028 0.0 -0.0 2e-06 -17.346514 -20.095308 -4.201756 21.757624 -1.638326 3.866462 -1.6e-05 -6.33885 2e-06 -1.697669 -22.591902 -6.194061 -1e-06 -4e-06 -3e-06 101.290604 -86.327095 87.378265 19.189537 -14.627727 -51.756855 97.699089 -0.005372 0.443716 -10.426568 39.062241 -1.706768 22.182152 -20.376043 49.933418 -16.701838 -16.743567 28.47662 2.7e-05 -12.690643 1.3e-05 17.088804 -16.902742 3.020723 -0.105922 -1.513861 -4.275888 -5.039062 -5.612925 -2.953557 -2.4e-05 -11.02065 1.9e-05 -6.111379 -15.895582 -3.84046 -0.0 3e-06 -0.0 -10.283396 -5.68033 -4.341839 11.028297 -11.302484 -2.372625 -1.384312 -14.238751 -6.320137 -0.62554 -26.924616 -3.827626 -5.164873 -52.088913 -3.158266 -13.708559 -7.363533 -3.720933 18.141163 -14.052829 -3.24267 -4.6e-05 -18.787514 5e-06 -0.429741 -8.456176 2.555519 1e-06 -1e-06 -1e-06 -15.923606 -20.094625 -5.473546 30.41927 -7.190804 1.735934 -1.9e-05 -8.163025 -7e-06 -1.861957 -22.861868 -6.168033 1e-06 -5e-06 -1e-06 -173.587585 -6.38699 -8.039887 4.919781 0.021198 0.041633 -75.14045 -3.916796 -7.624508 -5.160054 1.457351 2.109785 -1.000005 1e-06 -0.0 5.784325 -2.87285 -11.401646 6.343048 0.014294 0.008438 -76.436783 -4.836288 -4.605783 -5.297327 0.735225 1.674154 -1.000004 2e-06 -0.0 
0.0 0.0 0.0 0.0 -0.0 0.0 -1.733505 99.580353 3.226821 90.007446 4.901057 89.668526 -0.847117 0.688268 -0.014229 -11.039446 -0.105295 0.408688 17.40657 0.695781 -1.719314 23.598064 3.028323 2.631721 -2.553505 -0.651823 -0.243089 -31.414793 -1.550734 -0.085654 7e-06 -0.0 0.0 0.0314 -0.015086 0.028598 0.019915 -0.043934 0.022413 0.008583 0.014202 0.03498 -120.617744 -72.472542 136.817047 30.352587 -53.57061 18.879011 32.663479 -0.366488 -0.021987 -0.191325 -0.615057 19.682316 17.636757 -26.322821 52.411293 -19.466709 -14.395638 29.410442 1.7e-05 -8.774882 -1.6e-05 16.123392 -18.45274 6.184767 -0.609783 -1.795664 -3.889335 -4.807137 -11.046872 -2.937851 -3.5e-05 -20.976152 1.4e-05 -5.020063 -25.033783 -4.031928 5e-06 1e-06 0.0 -10.634598 -5.687008 -3.565588 10.573306 -17.923029 -3.113894 -1.9e-05 -13.821299 2e-06 -0.501836 -31.181801 -4.027066 -12.51519 -60.639206 7.891935 -13.982793 -7.150245 -2.875042 13.772792 -8.401513 -3.218236 0.347669 -34.211796 0.771678 -0.963061 -17.733528 2.621034 -3e-06 2e-06 2e-06 -17.346542 -20.095331 -4.201767 21.757685 -1.638357 3.866467 -5e-06 -6.338863 3e-06 -1.697643 -22.591946 -6.194063 -0.0 -3e-06 -3e-06 107.946327 -86.231216 80.826828 19.561378 -15.41592 -49.341061 101.582939 -0.024732 0.531672 -5.073845 35.752609 5.113453 22.182278 -20.376032 49.933468 -16.701881 -16.743591 28.476624 1.4e-05 -12.690681 -1.1e-05 17.782753 -16.859234 2.62335 -0.105922 -1.513865 -4.275894 -5.039077 -5.612923 -2.953565 -6e-06 -11.02064 1.2e-05 -6.111376 -15.895551 -3.840487 -0.0 1e-06 1e-06 -10.283428 -5.680332 -4.341848 11.028341 -11.30249 -2.372625 -1.384298 -14.238729 -6.320152 -0.625486 -26.924562 -3.827626 -5.249621 -52.87569 -3.112412 -13.708601 -7.363533 -3.720945 18.141237 -14.052846 -3.242665 -1.4e-05 -18.787485 2e-06 -0.429717 -8.456161 2.55553 1e-06 -1e-06 -0.0 -15.923645 -20.094631 -5.473574 30.419365 -7.190858 1.735971 -1e-06 -8.163011 -6e-06 -1.861919 -22.861792 -6.168023 0.0 -0.0 -0.0 -173.377579 -6.418999 -8.099772 4.717138 0.0149 0.011448 -75.275917 -4.281472 -7.563664 -5.371027 1.450155 2.107429 -0.999998 -0.0 -0.0 5.562925 -2.781003 -11.021786 6.824288 0.001946 0.024964 -77.019096 -5.051461 -4.36695 -5.432017 0.72808 1.6682 -1.000005 1e-06 1e-06 
0.0 0.0 0.0 0.0 -0.0 0.0 -2.103972 99.567413 3.560992 90.060356 4.743687 89.183464 -0.819113 0.877255 -0.044992 -11.029785 -0.102162 0.291461 17.510742 0.751611 -1.754418 23.962053 2.987964 2.576436 -2.558763 -0.61023 0.20009 -31.606558 -1.392273 0.411741 6e-06 -0.0 0.0 0.034332 -0.010578 0.073065 0.008782 -0.052108 0.061778 0.000996 0.031399 0.08543 -121.304977 -72.227158 137.753326 30.17383 -53.259403 18.380589 33.214512 -0.403125 -0.074522 -0.026741 -0.786478 20.998829 17.636566 -26.322702 52.411171 -19.466576 -14.395575 29.410355 -1e-05 -8.774793 -1e-06 16.162851 -18.457207 6.182553 -0.609775 -1.795643 -3.889322 -4.807057 -11.046742 -2.937845 3.2e-05 -20.975904 1.2e-05 -5.019908 -25.033428 -4.031853 7e-06 -1e-06 -0.0 -10.634496 -5.686938 -3.565591 10.573247 -17.922865 -3.11388 1.6e-05 -13.821143 2.2e-05 -0.501756 -31.181377 -4.026947 -12.62297 -60.707485 7.94954 -13.982661 -7.150156 -2.875049 13.772686 -8.40146 -3.218232 0.347755 -34.211388 0.771708 -0.963031 -17.73332 2.621068 0.0 -2e-06 -3e-06 -17.346336 -20.095108 -4.201797 21.757473 -1.638391 3.866419 1e-05 -6.338795 1e-05 -1.697544 -22.591648 -6.193974 1e-06 -3e-06 -4e-06 115.009529 -86.011154 73.801018 20.033436 -16.654661 -46.26643 107.401711 0.20876 0.620294 1.859672 31.855066 12.008998 22.181992 -20.375824 49.93322 -16.701788 -16.743515 28.476507 -8e-06 -12.690572 1.8e-05 18.475563 -16.77891 2.270301 -0.105916 -1.513853 -4.275875 -5.039023 -5.612854 -2.953549 9e-06 -11.020494 -1e-05 -6.111265 -15.895307 -3.840481 0.0 4e-06 -1e-06 -10.28334 -5.680274 -4.341824 11.028268 -11.302362 -2.372641 -1.384252 -14.238539 -6.320117 -0.625398 -26.924129 -3.827624 -5.333021 -53.828728 -3.035396 -13.708487 -7.363455 -3.720922 18.141108 -14.052689 -3.242689 8e-06 -18.78722 -8e-06 -0.429711 -8.456027 2.555501 -2e-06 0.0 0.0 -15.923489 -20.094425 -5.473569 30.419142 -7.190792 1.735887 3e-06 -8.162897 1e-06 -1.861885 -22.861406 -6.167934 1e-06 -6e-06 -2e-06 -173.166565 -6.473736 -7.988958 4.526172 0.01367 -0.038405 -75.408981 -4.870397 -7.480814 -5.594379 1.445576 2.10726 -0.999997 0.0 0.0 5.285991 -2.6548 -10.544168 7.393835 -0.010156 0.046931 -77.671608 -5.319909 -4.164134 -5.557814 0.716449 1.662987 -1.000001 1e-06 -0.0 
0.0 0.0 0.0 0.0 -0.0 0.0 -2.532124 99.568779 3.94458 90.082016 4.537532 88.683571 -0.738956 1.082603 -0.080063 -11.019531 -0.096398 0.16441 17.59219 0.80277 -1.764646 24.347111 2.909013 2.546474 -2.57364 -0.542776 0.637138 -31.865875 -1.270806 0.876666 7e-06 -0.0 0.0 0.035946 -0.002881 0.120277 0.002553 -0.045089 0.107801 -0.002451 0.039634 0.134583 -121.780678 -71.890923 138.465988 29.782022 -53.018517 17.638147 34.041412 -0.453115 -0.122703 0.342872 -0.868185 22.296774 17.636644 -26.322605 52.410965 -19.466669 -14.395592 29.410299 -1e-05 -8.774829 -1e-05 16.256083 -18.495056 6.186891 -0.609772 -1.795652 -3.889317 -4.807075 -11.046784 -2.937849 4.2e-05 -20.975996 -1.4e-05 -5.019928 -25.033564 -4.031891 8e-06 2e-06 -1e-06 -10.634521 -5.686952 -3.56557 10.573292 -17.922926 -3.113907 2.6e-05 -13.821192 -5e-06 -0.501722 -31.181511 -4.02702 -12.68039 -60.842686 8.001295 -13.982699 -7.150173 -2.87503 13.772732 -8.401493 -3.218241 0.347805 -34.211502 0.771618 -0.962991 -17.733379 2.621025 2e-06 3e-06 -2e-06 -17.346392 -20.095161 -4.201767 21.757561 -1.638402 3.866419 1.3e-05 -6.338816 -6e-06 -1.697543 -22.591747 -6.194023 -1e-06 -2e-06 -3e-06 121.655357 -85.586876 67.119926 20.843403 -18.423397 -42.410332 114.51133 0.501279 0.727737 10.119327 27.380264 17.660831 22.182257 -20.375969 49.933388 -16.701836 -16.743517 28.476551 -1e-06 -12.690638 -2.9e-05 18.893534 -16.887636 2.113688 -0.105923 -1.51386 -4.275886 -5.039057 -5.612887 -2.953566 9e-06 -11.020587 2e-06 -6.11132 -15.895468 -3.840503 -3e-06 1e-06 -0.0 -10.283394 -5.680292 -4.341855 11.028318 -11.302446 -2.372615 -1.384274 -14.238655 -6.320147 -0.625437 -26.924414 -3.827611 -5.420825 -54.854958 -2.976647 -13.708551 -7.363484 -3.720956 18.141191 -14.052797 -3.242646 1.6e-05 -18.787376 5e-06 -0.429706 -8.456112 2.55553 1e-06 2e-06 0.0 -15.923569 -20.094519 -5.473602 30.419258 -7.190872 1.735976 1e-05 -8.162971 1e-06 -1.861876 -22.861662 -6.167992 -3e-06 -3e-06 -0.0 -173.029236 -6.592338 -7.639926 4.433048 0.014306 -0.101489 -75.476425 -5.743217 -7.376783 -5.786936 1.444115 2.106762 -1.0 0.0 0.0 5.0224 -2.452747 -10.011144 7.914192 -0.027885 0.077494 -78.272598 -5.610839 -4.016324 -5.633568 0.707362 1.664801 -1.000003 0.0 0.0 
0.0 0.0 0.0 0.0 -0.0 0.0 -2.987964 99.576836 4.394122 90.083366 4.292163 88.264923 -0.583002 1.296605 -0.102938 -11.030288 -0.094595 0.040393 17.689144 0.863271 -1.796273 24.749489 2.794281 2.522345 -2.609643 -0.513276 1.053972 -32.214417 -1.193996 1.167131 6e-06 -0.0 -0.0 0.035697 0.004539 0.162406 0.007731 -0.02267 0.156221 0.001803 0.031853 0.171042 -121.891365 -71.548424 138.838898 29.379751 -52.908424 16.513447 35.122364 -0.562659 -0.146963 0.937053 -0.869495 23.562489 17.636585 -26.322721 52.411228 -19.466576 -14.39551 29.410358 9e-06 -8.774783 -1e-05 16.414606 -18.602388 6.221869 -0.609782 -1.79565 -3.889323 -4.807086 -11.046795 -2.937852 -2.1e-05 -20.975988 5e-06 -5.019963 -25.033571 -4.031899 5e-06 -3e-06 -2e-06 -10.63451 -5.686973 -3.565592 10.573209 -17.922911 -3.113883 -1.1e-05 -13.821195 2e-06 -0.501785 -31.181524 -4.027037 -12.749169 -61.082375 8.112627 -13.982679 -7.150203 -2.875051 13.772661 -8.401463 -3.218222 0.347682 -34.211514 0.771663 -0.963054 -17.733381 2.62102 0.0 3e-06 0.0 -17.346386 -20.095211 -4.201796 21.757477 -1.638346 3.866443 -5e-06 -6.33882 2e-06 -1.697592 -22.591766 -6.194031 -2e-06 -5e-06 -2e-06 128.281738 -84.920242 60.371967 22.127089 -20.833401 -37.924011 121.694641 0.496071 1.021596 19.25979 22.180593 21.23649 22.182062 -20.37583 49.93343 -16.701862 -16.743568 28.476635 1e-05 -12.690642 1e-05 19.158058 -16.930634 1.950918 -0.10592 -1.51386 -4.275888 -5.039059 -5.612891 -2.953563 -1.1e-05 -11.020555 -1.9e-05 -6.111328 -15.89543 -3.840528 0.0 0.0 -1e-06 -10.283387 -5.680315 -4.341841 11.028303 -11.302402 -2.372658 -1.384278 -14.238626 -6.320172 -0.625413 -26.92433 -3.827699 -5.344902 -55.594902 -3.042096 -13.708547 -7.363507 -3.720936 18.141169 -14.052726 -3.242709 -7e-06 -18.787308 -3.5e-05 -0.429717 -8.456076 2.555502 0.0 0.0 -1e-06 -15.923587 -20.09454 -5.473595 30.419289 -7.190791 1.735914 -2e-06 -8.162943 -1.4e-05 -1.861902 -22.861591 -6.168033 4e-06 -2e-06 0.0 -173.219299 -6.751669 -6.959688 4.869085 0.008533 -0.148985 -75.58242 -6.98098 -7.09048 -5.982941 1.45732 2.106703 -1.000003 0.0 -1e-06 4.832221 -2.210763 -9.52304 8.304317 -0.037481 0.125319 -78.766449 -5.911146 -3.908561 -5.724766 0.701041 1.667864 -1.000001 1e-06 -0.0 
0.0 0.0 0.0 0.0 -0.0 0.0 -3.384948 99.550644 4.890043 90.07634 3.946091 87.943108 -0.40354 1.530461 -0.081178 -11.01611 -0.031333 0.0064 17.817383 0.880354 -1.920744 25.004734 2.660152 2.508382 -2.636373 -0.524724 1.298726 -32.763229 -1.142296 1.273527 6e-06 -1e-06 0.0 0.003748 0.001359 0.127823 -0.006605 -0.013578 0.128211 -0.020688 0.015803 0.130559 -121.194199 -71.170723 138.409348 29.194332 -53.067829 14.730987 36.464725 -0.824415 -0.099847 1.670746 -0.666529 24.803736 17.636606 -26.322742 52.411247 -19.466681 -14.395583 29.410419 -7e-06 -8.774819 -2e-06 16.693167 -18.807716 6.250758 -0.609776 -1.795656 -3.88933 -4.807079 -11.046816 -2.937856 2.1e-05 -20.976063 -8e-06 -5.019939 -25.033667 -4.031891 7e-06 0.0 -1e-06 -10.634524 -5.686969 -3.565591 10.573273 -17.922966 -3.113911 1.3e-05 -13.821238 -1e-06 -0.501735 -31.181648 -4.027029 -13.177709 -61.49934 8.559019 -13.9827 -7.150198 -2.875046 13.77272 -8.401505 -3.218245 0.34776 -34.211632 0.771648 -0.963018 -17.733452 2.621037 -1e-06 1e-06 -3e-06 -17.346395 -20.095217 -4.201791 21.757538 -1.638382 3.866423 7e-06 -6.338838 0.0 -1.697552 -22.591845 -6.194039 -0.0 -6e-06 -3e-06 135.212402 -84.161514 53.165531 23.641453 -23.834543 -33.140312 127.998741 -0.062779 1.190797 27.586618 16.229143 23.717957 22.182024 -20.375792 49.933102 -16.701746 -16.743477 28.476398 -8e-06 -12.690542 6e-06 19.458992 -16.452702 1.483361 -0.105917 -1.513851 -4.275867 -5.039019 -5.612845 -2.953541 1e-05 -11.020481 -3e-06 -6.111253 -15.895281 -3.840446 2e-06 1e-06 -1e-06 -10.283337 -5.680265 -4.34182 11.028254 -11.302359 -2.372626 -1.384254 -14.238518 -6.320086 -0.625399 -26.924084 -3.827583 -4.718397 -55.50927 -3.374707 -13.708479 -7.363446 -3.720922 18.141081 -14.052682 -3.242667 1.3e-05 -18.787193 -5e-06 -0.429703 -8.456017 2.555492 -2e-06 -0.0 -1e-06 -15.923483 -20.094402 -5.473555 30.419088 -7.190794 1.735902 7e-06 -8.162889 -3e-06 -1.861872 -22.861378 -6.167909 -0.0 -3e-06 1e-06 -174.427597 -6.891435 -5.745378 7.042005 -0.019562 -0.232553 -76.253304 -8.86622 -6.137403 -6.309168 1.435204 2.125919 -0.999996 0.0 0.0 4.547672 -1.952666 -8.940079 8.716157 -0.048 0.160287 -79.194267 -6.256753 -3.754918 -5.677448 0.72021 1.678614 -1.0 2e-06 0.0 
0.0 0.0 0.0 0.0 -0.0 0.0 -3.663664 99.493889 5.37652 90.150322 3.652711 87.718513 -0.018549 1.841497 0.036102 -10.886672 -0.077307 0.079357 17.89719 1.009451 -1.876172 25.325008 2.617667 2.448549 -2.674257 -0.574594 1.148782 -33.739204 -1.319214 1.261326 6e-06 0.0 0.0 -0.020372 0.003343 0.116099 0.008164 -0.025818 0.124272 -0.012172 0.033711 0.113937 -120.333549 -70.82457 137.937469 29.203028 -53.585823 12.693655 38.263092 -0.739706 -0.08884 2.595613 -0.467125 25.821884 17.636702 -26.322847 52.411301 -19.466713 -14.395658 29.410477 6e-06 -8.774876 -6e-06 17.018309 -19.1035 6.419074 -0.609779 -1.795657 -3.889338 -4.807116 -11.046862 -2.937848 -1.5e-05 -20.976166 2.5e-05 -5.020051 -25.033815 -4.031894 6e-06 1e-06 -2e-06 -10.634568 -5.686986 -3.56559 10.573312 -17.923027 -3.113896 -1.3e-05 -13.821305 1.5e-05 -0.50183 -31.181843 -4.027031 -13.954373 -61.979446 9.552572 -13.982756 -7.150215 -2.87504 13.772785 -8.401523 -3.218244 0.347686 -34.21183 0.771708 -0.963069 -17.733574 2.621063 -0.0 1e-06 -2e-06 -17.346479 -20.095276 -4.201774 21.757652 -1.638375 3.866448 -4e-06 -6.33887 1e-05 -1.697635 -22.59199 -6.194047 0.0 -5e-06 -3e-06 141.466904 -83.404419 46.771816 24.802612 -26.890589 -29.405737 132.370987 -0.934172 1.402923 32.660694 11.508528 25.729391 22.182159 -20.37594 49.933323 -16.701849 -16.743542 28.476555 -5e-06 -12.69063 -2e-06 19.996891 -15.967026 1.041957 -0.10592 -1.513856 -4.275888 -5.039047 -5.612889 -2.953559 9e-06 -11.020583 2e-06 -6.111306 -15.895455 -3.840488 0.0 -2e-06 -0.0 -10.283381 -5.680298 -4.341842 11.028316 -11.302445 -2.372632 -1.384266 -14.238651 -6.320137 -0.625425 -26.9244 -3.827616 -3.962775 -55.432732 -3.71071 -13.708539 -7.363486 -3.720937 18.14119 -14.052794 -3.242676 1.5e-05 -18.787369 -6e-06 -0.429709 -8.456109 2.55552 -0.0 0.0 -1e-06 -15.923552 -20.094526 -5.473579 30.419249 -7.190856 1.735929 9e-06 -8.162966 -6e-06 -1.861875 -22.861647 -6.16799 0.0 -4e-06 -1e-06 -177.207108 -6.674764 -4.388789 12.081287 -0.044442 -0.171545 -77.635574 -11.817483 -4.283502 -6.83372 1.551082 2.167749 -0.999996 -0.0 0.0 4.102064 -1.858606 -8.197762 9.590408 -0.042932 0.213519 -79.80146 -6.881868 -3.640759 -5.795802 0.689077 1.661224 -1.000002 -2e-06 -0.0 
0.0 0.0 0.0 0.0 -0.0 0.0 -3.790822 99.473885 5.842973 90.445641 3.459167 87.485008 0.588627 2.04463 0.195961 -10.697022 -0.023116 0.229716 18.01441 1.063933 -1.695933 25.377701 2.283837 2.417831 -2.696729 -0.648678 0.742113 -34.884335 -1.466073 0.97135 6e-06 -0.0 -0.0 -0.032401 0.000249 0.073162 0.013292 -0.045047 0.080259 -0.014227 0.04663 0.072173 -119.279259 -70.273628 137.096588 28.784725 -54.248142 11.369838 40.722046 -0.586513 0.015592 3.406401 -0.409594 26.093519 17.636621 -26.322802 52.41127 -19.466547 -14.395522 29.410358 2.2e-05 -8.774796 -1.1e-05 17.363657 -19.425791 6.545254 -0.609783 -1.795648 -3.88933 -4.807104 -11.046818 -2.937842 -6.6e-05 -20.976036 3.6e-05 -5.020041 -25.033642 -4.031886 6e-06 -2e-06 -1e-06 -10.634523 -5.686983 -3.565598 10.573194 -17.922935 -3.113858 -4e-05 -13.821231 1.7e-05 -0.501876 -31.18162 -4.027014 -14.805443 -62.535908 10.489249 -13.982697 -7.150217 -2.875048 13.772665 -8.401464 -3.21821 0.347602 -34.21162 0.771723 -0.963096 -17.733438 2.621033 -1e-06 0.0 0.0 -17.346418 -20.095245 -4.201776 21.757494 -1.638327 3.866454 -1.6e-05 -6.338838 1.1e-05 -1.69765 -22.591852 -6.194021 1e-06 -3e-06 -2e-06 147.140549 -82.903618 41.000202 25.265831 -29.299849 -26.68523 134.637039 -1.365388 1.481071 35.531776 9.279432 26.600931 22.182089 -20.375843 49.9333 -16.701767 -16.743504 28.4765 2e-06 -12.690589 -4e-06 20.668396 -15.788389 0.857311 -0.105922 -1.513851 -4.275878 -5.039041 -5.612857 -2.953555 6e-06 -11.020502 -7e-06 -6.111279 -15.895326 -3.840498 0.0 -1e-06 -1e-06 -10.283364 -5.680276 -4.341838 11.028274 -11.302367 -2.372629 -1.384266 -14.238544 -6.320129 -0.62541 -26.924152 -3.827626 -2.895517 -56.107719 -4.130943 -13.708512 -7.363467 -3.720944 18.141113 -14.052691 -3.242664 7e-06 -18.787231 -1e-06 -0.429713 -8.456039 2.555513 2e-06 1e-06 -1e-06 -15.923526 -20.094444 -5.47359 30.41917 -7.190801 1.735937 1e-06 -8.162908 2e-06 -1.861893 -22.86145 -6.16795 0.0 -2e-06 -4e-06 179.232941 -5.705517 -3.589837 17.646683 -0.031895 -0.165413 -79.579956 -13.142905 -2.51014 -7.239003 1.585346 2.164404 -1.000001 -1e-06 -0.0 3.659693 -2.110887 -7.55128 10.621842 -0.04995 0.203394 -80.559074 -7.173707 -3.548749 -5.711715 0.649156 1.651674 -1.000006 1e-06 -0.0 
0.0 0.0 0.0 0.0 -0.0 0.0 -3.766878 99.46064 6.338362 90.899994 3.220788 87.362503 1.294614 2.183696 0.323854 -10.452929 0.060938 0.505449 18.114288 1.071802 -1.427176 25.233017 1.887278 2.395569 -2.706007 -0.690958 0.152551 -36.196014 -1.685105 0.713579 6e-06 0.0 0.0 -0.03958 -0.000519 0.040079 -0.001986 -0.058932 0.040875 -0.025232 0.057657 0.044492 -117.894753 -69.651146 136.030991 28.248659 -54.909691 10.515556 43.576897 -0.49108 0.100531 3.945569 -0.510845 25.774689 17.636625 -26.322733 52.411175 -19.466705 -14.395648 29.410433 -2.2e-05 -8.774841 3e-06 17.772812 -19.839972 6.790897 -0.609772 -1.795647 -3.88933 -4.807066 -11.046783 -2.937855 6e-05 -20.976019 0.0 -5.019918 -25.033585 -4.031868 6e-06 1e-06 -2e-06 -10.63452 -5.68694 -3.565589 10.57332 -17.922941 -3.11391 3.8e-05 -13.821203 1.2e-05 -0.501711 -31.181549 -4.026966 -16.275473 -63.388096 12.113905 -13.982697 -7.150156 -2.875043 13.772756 -8.401508 -3.218251 0.347818 -34.211555 0.771672 -0.963009 -17.73341 2.621072 0.0 -2e-06 0.0 -17.346371 -20.095142 -4.201792 21.757568 -1.638423 3.86641 1.7e-05 -6.338822 7e-06 -1.697526 -22.591772 -6.19401 -1e-06 -3e-06 2e-06 152.472794 -82.461441 35.614983 25.2498 -30.984081 -24.746231 135.460419 -1.420419 1.287925 37.135361 8.664084 26.983658 22.182013 -20.375828 49.933083 -16.701832 -16.743525 28.476473 -2.8e-05 -12.690578 2.1e-05 21.879908 -15.72496 0.616494 -0.105913 -1.513855 -4.275869 -5.03902 -5.612864 -2.953539 1.8e-05 -11.02052 -7e-06 -6.111257 -15.895343 -3.840455 1e-06 -0.0 -2e-06 -10.28334 -5.680272 -4.341814 11.028283 -11.302402 -2.372645 -1.384242 -14.238576 -6.320105 -0.625384 -26.924227 -3.827605 -1.211251 -57.626225 -4.873148 -13.708486 -7.363454 -3.720913 18.141132 -14.052739 -3.242694 2.9e-05 -18.787273 -1.2e-05 -0.4297 -8.456058 2.555494 0.0 1e-06 3e-06 -15.923487 -20.094444 -5.473539 30.419163 -7.190831 1.735872 1e-05 -8.162927 -1.1e-05 -1.861856 -22.861515 -6.167953 -1e-06 -2e-06 -1e-06 175.156754 -4.255588 -3.277354 22.422295 -0.024702 -0.148791 -81.159409 -12.344805 -2.321918 -7.484735 1.611462 2.146426 -0.999998 -0.0 -0.0 3.195668 -2.620157 -7.122461 11.694428 -0.08174 0.210063 -81.356094 -7.386229 -3.492574 -5.677176 0.616371 1.640986 -1.0 0.0 0.0 
0.0 0.0 0.0 0.0 -0.0 0.0 -3.640322 99.448845 6.905177 91.450836 2.862892 87.339142 1.969611 2.238794 0.419925 -10.208141 0.146846 0.821258 18.220221 1.024674 -1.059451 24.888533 1.492566 2.348742 -2.696439 -0.724418 -0.360309 -37.371689 -1.99229 0.503568 6e-06 -0.0 0.0 -0.039293 0.001327 0.022684 -0.026854 -0.064118 0.014951 -0.039261 0.064428 0.033806 -116.876953 -69.02533 135.386215 27.401688 -55.33202 10.272445 46.427902 -0.416477 0.191874 4.228328 -0.849353 25.028929 17.636612 -26.322559 52.410919 -19.466633 -14.395548 29.410273 5e-06 -8.774815 -7e-06 18.218397 -20.209257 7.017983 -0.609776 -1.795658 -3.889312 -4.807093 -11.046813 -2.937844 -4e-06 -20.976025 -2e-05 -5.01997 -25.033615 -4.03191 5e-06 -1e-06 -0.0 -10.634525 -5.686979 -3.565564 10.573247 -17.922932 -3.113899 -3e-06 -13.821209 -1.6e-05 -0.501765 -31.181566 -4.027061 -18.039482 -64.315788 13.997321 -13.982704 -7.150204 -2.87502 13.772707 -8.401479 -3.218233 0.347736 -34.211559 0.771608 -0.963014 -17.733408 2.620997 -4e-06 1e-06 -0.0 -17.346424 -20.095222 -4.201755 21.75754 -1.638353 3.866423 1e-06 -6.338823 -9e-06 -1.697586 -22.591803 -6.194039 0.0 -4e-06 0.0 156.891754 -82.124252 31.259581 25.056995 -31.965343 -23.179756 135.368759 -1.325523 0.993381 38.146172 8.745041 28.015028 22.182123 -20.375832 49.933266 -16.701763 -16.743414 28.47646 -8e-06 -12.690538 -2.1e-05 23.053705 -15.701502 0.441399 -0.105922 -1.513862 -4.275875 -5.039029 -5.612866 -2.953561 1e-05 -11.020517 -1.6e-05 -6.111255 -15.895348 -3.840503 1e-06 -3e-06 1e-06 -10.283346 -5.680286 -4.341845 11.028253 -11.302392 -2.372619 -1.384257 -14.238575 -6.320137 -0.625393 -26.924225 -3.827639 0.58752 -59.068672 -5.739244 -13.708489 -7.363469 -3.720955 18.141073 -14.052716 -3.242649 2.7e-05 -18.787247 -2.2e-05 -0.429699 -8.456044 2.555504 -0.0 -1e-06 -3e-06 -15.923485 -20.094463 -5.473608 30.419075 -7.190827 1.735956 1.1e-05 -8.162917 -7e-06 -1.861837 -22.861488 -6.167974 0.0 -3e-06 -1e-06 171.086746 -2.582415 -3.190223 25.347687 -0.009065 -0.16303 -82.040443 -10.772731 -2.909062 -7.761535 1.637355 2.121852 -1.0 -0.0 -0.0 2.785828 -3.288744 -6.919773 12.566112 -0.112581 0.244412 -82.095169 -7.504352 -3.498708 -5.669687 0.57612 1.62973 -1.000003 0.0 0.0 
0.0 0.0 0.0 0.0 -0.0 0.0 -3.450109 99.441422 7.664409 92.023262 2.38028 87.318001 2.563551 2.218726 0.5042 -9.996238 0.231537 1.142163 18.323042 0.939363 -0.620574 24.384239 1.070539 2.294604 -2.686903 -0.739871 -0.756607 -38.262615 -2.356024 0.337094 6e-06 -0.0 -0.0 -0.037022 0.003602 0.009371 -0.055644 -0.069323 -0.005521 -0.055696 0.07195 0.025666 -116.590973 -68.3563 135.465927 26.298515 -55.412453 10.31904 48.849438 -0.393313 0.271232 4.357194 -1.271818 24.41205 17.636557 -26.32263 52.411144 -19.466585 -14.395524 29.410368 3.5e-05 -8.774812 1e-06 18.687391 -20.540089 7.197136 -0.609785 -1.795657 -3.889322 -4.807127 -11.04684 -2.937852 -8.1e-05 -20.976057 -1.9e-05 -5.02004 -25.033709 -4.031965 6e-06 3e-06 -1e-06 -10.634532 -5.687006 -3.565582 10.573181 -17.922918 -3.113892 -4.8e-05 -13.821229 -2.4e-05 -0.501832 -31.181654 -4.027138 -19.985649 -65.201996 16.013857 -13.982709 -7.150241 -2.875035 13.772671 -8.401443 -3.218229 0.347603 -34.211601 0.771613 -0.963068 -17.733433 2.620963 -0.0 -1e-06 1e-06 -17.346457 -20.095282 -4.201756 21.757524 -1.638284 3.866442 -2.5e-05 -6.338834 -9e-06 -1.697658 -22.591873 -6.194098 -1e-06 -4e-06 -2e-06 160.362549 -81.915123 27.954817 24.900036 -32.684048 -21.882153 134.667999 -1.394852 0.771597 39.146065 9.140055 29.64473 22.181997 -20.375731 49.933388 -16.701653 -16.743444 28.47649 2.9e-05 -12.69053 -4e-06 23.950876 -15.726067 0.380714 -0.105928 -1.513846 -4.275875 -5.039034 -5.612834 -2.953565 -1.9e-05 -11.020409 -2.5e-05 -6.111276 -15.895209 -3.840539 0.0 -1e-06 -0.0 -10.283344 -5.680278 -4.341847 11.028211 -11.302269 -2.372625 -1.384282 -14.238444 -6.320148 -0.625407 -26.923895 -3.827691 2.417214 -60.244434 -6.707908 -13.708487 -7.363462 -3.720953 18.141018 -14.052554 -3.242656 -2.9e-05 -18.787064 -2.1e-05 -0.42973 -8.455954 2.555496 1e-06 -0.0 -1e-06 -15.923504 -20.094381 -5.473629 30.419046 -7.1907 1.735959 -1.5e-05 -8.162834 7e-06 -1.861923 -22.861216 -6.167946 1e-06 -3e-06 -0.0 167.415909 -0.849578 -2.948356 26.060781 0.011128 -0.207236 -82.273308 -9.57934 -3.360595 -8.038065 1.650714 2.093137 -0.999994 0.0 0.0 2.492632 -4.002907 -6.796993 13.145903 -0.143661 0.284337 -82.772011 -7.596655 -3.580941 -5.703485 0.533625 1.617257 -0.999998 1e-06 -0.0 
0.0 0.0 0.0 0.0 -0.0 0.0 -3.219815 99.437454 8.65486 92.608925 1.815587 87.277328 3.062824 2.143028 0.583926 -9.83407 0.316944 1.446329 18.450716 0.77922 -0.158949 23.775326 0.604149 2.251538 -2.680566 -0.751619 -1.036536 -38.904232 -2.727783 0.194502 6e-06 -0.0 0.0 -0.039374 0.007396 0.001589 -0.08158 -0.074912 -0.016628 -0.071034 0.083011 0.019478 -116.863541 -67.675278 136.118958 25.259943 -55.235107 10.249305 50.58419 -0.367564 0.339997 4.409857 -1.578497 24.152325 17.636536 -26.322613 52.411018 -19.466627 -14.39557 29.410324 -1.5e-05 -8.774796 5e-06 19.233305 -20.867945 7.408982 -0.60977 -1.795645 -3.889318 -4.807057 -11.046762 -2.937846 4.3e-05 -20.975948 -1e-05 -5.019895 -25.033497 -4.031872 7e-06 1e-06 -2e-06 -10.634488 -5.68694 -3.565575 10.573259 -17.922892 -3.113904 2.5e-05 -13.821165 -2e-06 -0.501714 -31.18145 -4.026992 -22.368481 -66.198349 18.581303 -13.982654 -7.150156 -2.875035 13.772691 -8.401474 -3.218249 0.347797 -34.211445 0.771639 -0.963003 -17.733362 2.621037 1e-06 2e-06 1e-06 -17.346327 -20.095119 -4.201781 21.757473 -1.638389 3.866399 1e-05 -6.338802 1e-06 -1.697526 -22.59169 -6.194003 0.0 -4e-06 -1e-06 163.303833 -81.813454 25.223236 24.832262 -33.599499 -20.624678 133.308182 -1.709236 0.655599 40.386986 9.690771 31.71439 22.182013 -20.375814 49.933121 -16.701765 -16.743446 28.47644 -2.5e-05 -12.690527 5e-06 24.759087 -15.800275 0.420811 -0.105918 -1.513852 -4.275866 -5.039009 -5.612848 -2.953549 2.1e-05 -11.0205 -8e-06 -6.111224 -15.895317 -3.840473 2e-06 -2e-06 -1e-06 -10.28332 -5.680259 -4.341824 11.028247 -11.302378 -2.372627 -1.384234 -14.238545 -6.320111 -0.625376 -26.924181 -3.8276 4.629578 -61.371861 -7.80582 -13.708458 -7.363438 -3.720932 18.141075 -14.052716 -3.242669 3.5e-05 -18.787235 -5e-06 -0.429699 -8.456046 2.555506 1e-06 0.0 -0.0 -15.923441 -20.094391 -5.473574 30.419054 -7.190824 1.735904 1.3e-05 -8.162904 -2e-06 -1.861835 -22.861427 -6.167928 0.0 -3e-06 -1e-06 164.327271 0.905506 -2.318249 24.710558 0.012246 -0.228477 -82.17498 -8.818239 -3.541228 -8.251348 1.671995 2.07334 -0.999996 -0.0 -0.0 2.342074 -4.756232 -6.673082 13.524858 -0.163182 0.317902 -83.436127 -7.668743 -3.741932 -5.822097 0.500737 1.60504 -0.999999 -0.0 -0.0 
0.0 0.0 0.0 0.0 -0.0 0.0 -2.970407 99.414932 9.90864 93.166809 1.203956 87.170723 3.454636 2.030976 0.670508 -9.723243 0.39703 1.733773 18.631754 0.561678 0.263561 23.07896 0.05759 2.244558 -2.679975 -0.773112 -1.194782 -39.317337 -3.066674 0.095665 6e-06 -0.0 -0.0 -0.043534 0.011765 -0.002584 -0.103518 -0.076941 -0.020709 -0.087249 0.092014 0.013806 -117.471085 -66.964973 137.144516 24.425781 -54.840431 9.89915 51.583115 -0.316735 0.38028 4.415973 -1.775079 24.168203 17.636528 -26.32246 52.410816 -19.466412 -14.39546 29.410118 3.2e-05 -8.774757 -1.2e-05 19.88876 -21.209253 7.716147 -0.609782 -1.795642 -3.889302 -4.807092 -11.046732 -2.937824 -6.6e-05 -20.975826 -3e-06 -5.019992 -25.033371 -4.031909 6e-06 1e-06 1e-06 -10.634487 -5.686959 -3.565557 10.573134 -17.922771 -3.113853 -4.1e-05 -13.821086 -1.2e-05 -0.501846 -31.181229 -4.02705 -25.478823 -67.370583 22.059574 -13.982648 -7.150183 -2.875022 13.772604 -8.401384 -3.218199 0.347625 -34.211224 0.771647 -0.963061 -17.733225 2.620974 0.0 -3e-06 1e-06 -17.346369 -20.095123 -4.201745 21.757416 -1.638296 3.866431 -1.8e-05 -6.33877 -4e-06 -1.697654 -22.591579 -6.193996 -1e-06 -5e-06 0.0 166.14212 -81.837952 22.647024 24.968287 -34.925339 -19.070215 131.003586 -2.166365 0.620071 41.978912 10.334604 34.190842 22.182064 -20.375784 49.933189 -16.701702 -16.743469 28.476414 1e-06 -12.690563 -9e-06 25.553196 -15.997425 0.553303 -0.105921 -1.513852 -4.275866 -5.039032 -5.612844 -2.95355 2e-06 -11.020471 -2e-06 -6.111285 -15.895287 -3.84048 -1e-06 0.0 -0.0 -10.283344 -5.680263 -4.34183 11.028251 -11.302336 -2.372614 -1.384272 -14.23851 -6.320105 -0.625431 -26.924093 -3.827591 7.388673 -62.450832 -9.144882 -13.708487 -7.363451 -3.720933 18.141077 -14.052645 -3.242644 1e-06 -18.787165 7e-06 -0.429712 -8.456013 2.55551 -1e-06 0.0 0.0 -15.923498 -20.094385 -5.473583 30.419115 -7.190784 1.735951 0.0 -8.162889 9e-06 -1.861905 -22.861395 -6.167916 0.0 -2e-06 -1e-06 161.913132 2.572099 -1.290308 21.498184 0.001259 -0.178703 -81.701363 -8.342885 -3.453202 -8.475142 1.700791 2.059417 -0.999999 -0.0 -0.0 2.36004 -5.508206 -6.507802 13.808791 -0.177756 0.354623 -84.173622 -7.68686 -3.953127 -6.025734 0.479666 1.591637 -1.0 1e-06 -0.0 
0.0 0.0 0.0 0.0 -0.0 0.0 -2.727196 99.321869 11.513998 93.617874 0.59631 86.954926 3.756754 1.904267 0.766975 -9.641703 0.461958 2.022185 18.833437 0.346458 0.626773 22.24201 -0.567034 2.247488 -2.683465 -0.806474 -1.195951 -39.496365 -3.330844 0.062046 6e-06 0.0 0.0 -0.046778 0.015019 -0.000941 -0.126171 -0.078464 -0.018711 -0.106529 0.098391 0.013979 -118.295486 -66.28434 138.441345 23.904171 -54.205166 9.302564 51.803226 -0.234499 0.386843 4.482764 -2.022254 24.236582 17.636631 -26.322714 52.411095 -19.466635 -14.395578 29.410313 -1.4e-05 -8.774799 -3e-06 20.544634 -21.488976 8.125711 -0.609774 -1.795649 -3.889322 -4.807061 -11.046776 -2.937846 3.5e-05 -20.975964 8e-06 -5.019916 -25.033484 -4.031852 7e-06 1e-06 2e-06 -10.634514 -5.686946 -3.565583 10.573276 -17.922918 -3.113899 2e-05 -13.821173 8e-06 -0.501744 -31.181425 -4.026961 -29.252779 -68.632378 26.349745 -13.982687 -7.150169 -2.87504 13.772715 -8.401493 -3.218237 0.347786 -34.211479 0.771666 -0.963011 -17.733353 2.621046 1e-06 -0.0 1e-06 -17.346365 -20.095158 -4.201783 21.757509 -1.638403 3.866412 1.3e-05 -6.338805 5e-06 -1.69754 -22.591675 -6.193975 -2e-06 -3e-06 -1e-06 168.730377 -82.064148 20.464802 25.39257 -36.552853 -17.012386 127.370041 -2.535908 0.611893 44.167957 10.95951 37.134197 22.182158 -20.376007 49.933426 -16.701908 -16.743607 28.476645 -1.8e-05 -12.69066 1.1e-05 26.138367 -16.396469 0.823813 -0.105917 -1.513864 -4.275894 -5.039053 -5.612897 -2.953562 1.5e-05 -11.020611 4e-06 -6.111319 -15.895486 -3.840477 0.0 -1e-06 -0.0 -10.283397 -5.680303 -4.341844 11.028344 -11.302474 -2.372646 -1.384263 -14.238679 -6.32014 -0.625426 -26.924459 -3.827606 10.437284 -63.348953 -10.655277 -13.708556 -7.363497 -3.72094 18.141228 -14.052824 -3.242698 1.6e-05 -18.787409 6e-06 -0.429713 -8.456128 2.555528 -0.0 0.0 0.0 -15.923575 -20.094559 -5.47358 30.419331 -7.19087 1.735905 5e-06 -8.162984 -1e-06 -1.861894 -22.861704 -6.167978 -0.0 -3e-06 -1e-06 160.15947 3.923321 0.235778 17.078934 -0.006302 -0.064388 -80.933731 -8.023434 -3.195856 -8.710019 1.755306 2.048865 -0.999996 -0.0 0.0 2.523243 -6.180012 -6.329827 14.183216 -0.189989 0.398429 -85.05648 -7.537196 -4.195753 -6.263744 0.459282 1.577174 -1.000007 1e-06 0.0 
0.0 0.0 0.0 0.0 -0.0 0.0 -2.508457 99.070511 13.454681 93.88961 0.027809 86.712547 4.011523 1.806589 0.868181 -9.566796 0.504687 2.31054 19.016806 0.186663 0.908855 21.198801 -1.276747 2.275195 -2.68708 -0.828501 -1.054101 -39.509567 -3.480056 0.114193 6e-06 0.0 0.0 -0.047149 0.015449 -0.000269 -0.138016 -0.083714 -0.018426 -0.117887 0.103043 0.015146 -119.377655 -65.712585 139.904282 23.598799 -53.315853 8.761904 51.241577 -0.170291 0.383948 4.765353 -2.523618 24.328182 17.636665 -26.322754 52.41124 -19.466728 -14.395631 29.410458 -1e-06 -8.774861 -2e-06 21.073872 -21.704891 8.617124 -0.609777 -1.79566 -3.889332 -4.807105 -11.046844 -2.937858 2e-06 -20.976116 -1.2e-05 -5.019994 -25.033745 -4.03193 5e-06 -0.0 0.0 -10.634553 -5.686983 -3.565592 10.573307 -17.923004 -3.113919 4e-06 -13.821276 -7e-06 -0.501756 -31.181753 -4.027067 -33.267635 -69.753075 30.969666 -13.982742 -7.150217 -2.87504 13.772771 -8.401513 -3.218254 0.34775 -34.21172 0.771639 -0.963027 -17.733498 2.621035 -4e-06 -1e-06 -2e-06 -17.346458 -20.095259 -4.201781 21.757624 -1.638375 3.86644 2e-06 -6.338847 -2e-06 -1.697592 -22.591898 -6.194071 -1e-06 -4e-06 4e-06 170.710602 -82.548149 18.997084 26.040457 -38.210598 -14.624841 122.154137 -2.683739 0.536011 47.171947 11.253966 40.554535 22.182024 -20.375835 49.933208 -16.701788 -16.74353 28.476496 4e-06 -12.690594 1.2e-05 26.472765 -16.975718 1.162904 -0.105917 -1.513854 -4.275874 -5.039038 -5.612866 -2.953547 -3e-06 -11.020515 -7e-06 -6.111307 -15.895351 -3.840478 1e-06 -0.0 -0.0 -10.283357 -5.680286 -4.341821 11.028275 -11.302379 -2.37264 -1.384275 -14.238571 -6.320122 -0.625431 -26.924202 -3.827636 13.30952 -64.046303 -12.136918 -13.708506 -7.36347 -3.720922 18.141127 -14.052711 -3.242688 -7e-06 -18.787264 -1.3e-05 -0.429718 -8.456053 2.555498 0.0 0.0 0.0 -15.923522 -20.094463 -5.473556 30.419188 -7.190784 1.735901 -5e-06 -8.162915 -5e-06 -1.861912 -22.861483 -6.16797 -0.0 -3e-06 -1e-06 158.693726 4.789999 1.959015 12.891634 -0.006451 0.057514 -80.11525 -7.736722 -2.977182 -8.938074 1.830454 2.036451 -0.999998 0.0 0.0 2.76547 -6.690769 -6.218276 14.911777 -0.20696 0.435733 -86.190735 -7.107553 -4.474579 -6.468133 0.436016 1.563484 -1.000003 1e-06 0.0 
0.0 0.0 0.0 0.0 -0.0 0.0 -2.311269 98.641418 15.671247 94.068237 -0.517966 86.543968 4.225281 1.704248 0.97026 -9.487479 0.523116 2.586376 19.209385 0.055776 1.097721 19.827364 -2.014697 2.351661 -2.6864 -0.836392 -0.847761 -39.541607 -3.485614 0.277894 6e-06 0.0 -0.0 -0.044933 0.011235 -0.016979 -0.123104 -0.092724 -0.033503 -0.104784 0.102342 -0.001496 -120.817566 -65.282265 141.511292 23.368355 -52.126534 8.644166 50.028019 -0.138245 0.402205 5.274152 -3.397422 24.715696 17.636726 -26.322844 52.411331 -19.466614 -14.395578 29.410406 6e-06 -8.774833 -1.7e-05 21.388004 -21.80064 9.153626 -0.609782 -1.795651 -3.889333 -4.807102 -11.046817 -2.937852 -1.2e-05 -20.976057 3e-05 -5.019996 -25.033646 -4.031887 7e-06 -3e-06 2e-06 -10.634549 -5.686975 -3.565602 10.573263 -17.922962 -3.113863 -9e-06 -13.821239 2.3e-05 -0.501818 -31.181644 -4.026984 -36.853657 -70.572067 35.210197 -13.98273 -7.150203 -2.875058 13.772732 -8.40149 -3.218217 0.347694 -34.211651 0.771726 -0.963063 -17.733465 2.621072 -0.0 -2e-06 1e-06 -17.346447 -20.095228 -4.201795 21.757574 -1.638375 3.866464 -1e-06 -6.338837 1.4e-05 -1.697612 -22.591829 -6.194017 -0.0 -5e-06 3e-06 172.375092 -83.211723 17.873144 26.760839 -39.679203 -12.362364 115.449936 -2.639645 0.329553 50.998505 11.150382 44.145088 22.182171 -20.375963 49.933544 -16.701866 -16.74357 28.476671 -1.2e-05 -12.690647 -3e-06 26.67923 -17.746826 1.477693 -0.105922 -1.51386 -4.275897 -5.039053 -5.612882 -2.953576 1.5e-05 -11.020568 -8e-06 -6.111296 -15.895425 -3.840529 -0.0 2e-06 -1e-06 -10.283395 -5.6803 -4.34186 11.028331 -11.302434 -2.372642 -1.384259 -14.238637 -6.320173 -0.625389 -26.924387 -3.827652 15.501649 -64.703606 -13.372123 -13.708553 -7.363487 -3.720965 18.141205 -14.052778 -3.242687 2.3e-05 -18.787352 0.0 -0.429711 -8.456102 2.555538 1e-06 -0.0 -0.0 -15.923567 -20.094522 -5.473623 30.4193 -7.190857 1.735934 8e-06 -8.162962 5e-06 -1.861879 -22.861624 -6.167984 -1e-06 -2e-06 -1e-06 157.121994 5.362431 3.316379 10.035603 -0.011612 0.151781 -79.372574 -7.491004 -3.033899 -9.180617 1.925645 2.014362 -0.999997 -0.0 0.0 3.100996 -7.139453 -6.272543 15.952562 -0.222534 0.448636 -87.565819 -6.287327 -4.896187 -6.656084 0.407934 1.548308 -1.000002 -0.0 -0.0 
0.0 0.0 0.0 0.0 -0.0 0.0 -2.141734 98.065163 18.175852 94.249649 -1.134446 86.603493 4.369287 1.532206 1.054049 -9.409545 0.508768 2.837404 19.430176 -0.079916 1.201778 18.044121 -2.682784 2.436195 -2.693456 -0.828575 -0.525047 -39.770721 -3.403646 0.551275 7e-06 -0.0 -1e-06 -0.045764 0.006469 -0.037498 -0.087045 -0.100849 -0.050634 -0.076261 0.10026 -0.022706 -122.357674 -65.084221 143.019089 23.338831 -50.650745 9.097098 48.430454 -0.093961 0.415625 5.875906 -4.660008 25.680328 17.636621 -26.322813 52.411308 -19.466816 -14.395667 29.410566 -1.8e-05 -8.774869 1.1e-05 21.486197 -21.778072 9.718932 -0.609773 -1.79566 -3.88934 -4.807088 -11.046866 -2.937865 3.5e-05 -20.976191 -9e-06 -5.019965 -25.033834 -4.031895 4e-06 0.0 2e-06 -10.63455 -5.686986 -3.565592 10.573342 -17.923067 -3.113938 2.3e-05 -13.821327 -3e-06 -0.501719 -31.181921 -4.027046 -39.875645 -71.212738 38.894245 -13.982739 -7.150217 -2.875043 13.772794 -8.401552 -3.218278 0.347796 -34.211884 0.771645 -0.963016 -17.733587 2.621064 -2e-06 -2e-06 -2e-06 -17.346443 -20.095282 -4.201787 21.757637 -1.638402 3.866411 8e-06 -6.338874 -3e-06 -1.697539 -22.592016 -6.194075 1e-06 -6e-06 2e-06 173.890747 -83.911697 16.835186 27.426867 -40.950878 -10.558248 107.626503 -2.490559 0.020535 55.25695 10.63085 47.393669 22.182138 -20.375872 49.93338 -16.701784 -16.743481 28.476534 1.1e-05 -12.690591 -1.1e-05 27.137146 -18.646059 1.612116 -0.105926 -1.513858 -4.275882 -5.039049 -5.612884 -2.953565 -6e-06 -11.020538 -1.3e-05 -6.111305 -15.895389 -3.840514 -1e-06 -2e-06 0.0 -10.283376 -5.680304 -4.341847 11.028271 -11.302396 -2.372626 -1.384282 -14.238602 -6.320146 -0.625438 -26.924257 -3.827657 16.896368 -65.338493 -14.379186 -13.708529 -7.363491 -3.720953 18.141115 -14.052731 -3.242662 -6e-06 -18.787291 -1.7e-05 -0.429718 -8.456063 2.555508 1e-06 0.0 0.0 -15.923554 -20.094515 -5.4736 30.419176 -7.190799 1.735958 -3e-06 -8.16293 -6e-06 -1.861895 -22.861528 -6.167998 0.0 -2e-06 -0.0 155.037476 5.942535 3.874867 9.329518 -0.023679 0.192194 -78.888184 -7.445875 -3.209616 -9.372162 1.993582 2.001539 -1.000005 0.0 -0.0 3.627501 -7.591864 -6.59362 16.956293 -0.233023 0.43913 -88.979523 -5.180298 -5.509403 -6.902624 0.382475 1.531958 -1.000005 2e-06 0.0 
0.0 0.0 0.0 0.0 -0.0 0.0 -2.008687 97.350311 20.935604 94.426018 -1.876259 86.967796 4.410476 1.290025 1.11706 -9.334502 0.457436 3.049713 19.599108 -0.241824 1.244329 15.986454 -3.220948 2.51957 -2.718582 -0.791531 -0.102581 -40.22765 -3.283206 0.917306 7e-06 0.0 0.0 -0.052562 0.000785 -0.07025 -0.051347 -0.10694 -0.078739 -0.055669 0.095125 -0.057169 -123.488541 -65.246323 143.9505 23.55563 -49.138508 10.18432 46.716915 0.021382 0.416702 6.515652 -6.091745 27.096151 17.636715 -26.322844 52.41132 -19.466734 -14.395656 29.410475 -1.9e-05 -8.774855 -6e-06 21.455391 -21.725771 10.287305 -0.609775 -1.795653 -3.889336 -4.807077 -11.046812 -2.93786 5.8e-05 -20.976063 1e-05 -5.019933 -25.033621 -4.03187 7e-06 -0.0 0.0 -10.634553 -5.686958 -3.565598 10.573344 -17.922995 -3.113906 3.5e-05 -13.821241 1.4e-05 -0.501734 -31.18162 -4.026967 -42.317486 -71.80397 42.046108 -13.982738 -7.150181 -2.875052 13.772783 -8.401534 -3.21825 0.347813 -34.211658 0.771692 -0.963014 -17.733456 2.621089 -1e-06 -3e-06 -3e-06 -17.346424 -20.095207 -4.201806 21.757618 -1.638429 3.866436 1.6e-05 -6.33884 9e-06 -1.697541 -22.591829 -6.194015 2e-06 -4e-06 -1e-06 175.14856 -84.485237 15.908858 28.021154 -42.216606 -9.30139 99.321579 -2.338844 -0.266613 59.051598 9.968822 50.005692 22.182205 -20.376028 49.93335 -16.701828 -16.743576 28.476555 -5e-06 -12.690642 -6e-06 27.978693 -19.499207 1.489155 -0.105918 -1.513861 -4.275885 -5.039055 -5.612887 -2.953557 4e-06 -11.020592 1.9e-05 -6.111334 -15.895457 -3.840465 2e-06 0.0 -0.0 -10.28339 -5.680296 -4.341839 11.028324 -11.302453 -2.372616 -1.384285 -14.238657 -6.320117 -0.62548 -26.924423 -3.827564 17.867762 -65.96804 -15.139159 -13.70855 -7.363485 -3.720938 18.141195 -14.052801 -3.242656 -5e-06 -18.787399 3e-05 -0.429716 -8.456126 2.555538 -1e-06 1e-06 0.0 -15.923575 -20.094528 -5.473563 30.419287 -7.190859 1.735947 2e-06 -8.162981 7e-06 -1.86192 -22.861689 -6.167949 -1e-06 -2e-06 -1e-06 152.479553 6.590767 3.629334 10.647309 -0.038437 0.189565 -78.808815 -7.63437 -3.144343 -9.485743 2.010133 2.018464 -1.0 -0.0 0.0 4.507629 -7.9821 -7.234492 17.578377 -0.229795 0.412515 -90.33638 -3.981844 -6.283393 -7.241651 0.371895 1.51677 -1.000003 0.0 0.0 
0.0 0.0 0.0 0.0 -0.0 0.0 -1.937172 96.490517 23.948874 94.548546 -2.764945 87.581505 4.33334 0.987817 1.17563 -9.266095 0.383974 3.196836 19.635427 -0.429422 1.274104 13.78091 -3.61849 2.621185 -2.745858 -0.717752 0.352685 -40.861584 -3.081331 1.364127 6e-06 0.0 0.0 -0.0507 -0.009288 -0.116412 -0.025251 -0.117231 -0.121816 -0.040699 0.085449 -0.103992 -124.055611 -65.776978 144.146561 23.724432 -47.760155 11.785542 45.344799 0.125845 0.416611 7.169997 -7.441343 28.616846 17.636543 -26.322748 52.411221 -19.466572 -14.39557 29.410376 -9e-06 -8.774782 3e-06 21.350321 -21.678812 10.707324 -0.609774 -1.795643 -3.889328 -4.807059 -11.046752 -2.937847 1.9e-05 -20.975916 1.4e-05 -5.019923 -25.033451 -4.031862 8e-06 -1e-06 -3e-06 -10.634488 -5.686939 -3.565591 10.573232 -17.922871 -3.113884 8e-06 -13.821145 1.7e-05 -0.501762 -31.181368 -4.026958 -43.324917 -72.287857 43.690659 -13.982656 -7.150159 -2.875047 13.77267 -8.401462 -3.218232 0.347729 -34.211395 0.771703 -0.963049 -17.73332 2.62106 -2e-06 -1e-06 -1e-06 -17.346329 -20.095119 -4.201796 21.757458 -1.638377 3.866408 2e-06 -6.338795 1e-05 -1.697566 -22.59164 -6.193979 -1e-06 -1e-06 1e-06 175.698975 -84.843872 15.488245 28.474602 -43.584583 -8.480844 91.611115 -2.18751 -0.464446 61.573036 9.442325 51.755871 22.181919 -20.375711 49.932964 -16.701731 -16.743477 28.476351 -8e-06 -12.690528 2.4e-05 28.880383 -20.203672 1.201045 -0.105911 -1.513851 -4.275856 -5.03901 -5.612839 -2.953529 4e-06 -11.020463 -7e-06 -6.111249 -15.895252 -3.840437 -1e-06 0.0 1e-06 -10.283316 -5.680257 -4.341798 11.028238 -11.302333 -2.372638 -1.384255 -14.238491 -6.320074 -0.625407 -26.924019 -3.827589 17.952133 -66.613564 -15.136544 -13.708452 -7.363438 -3.720899 18.14106 -14.052643 -3.242682 1e-05 -18.78714 -1.7e-05 -0.429706 -8.45599 2.555476 -2e-06 1e-06 1e-06 -15.923457 -20.094376 -5.473527 30.419067 -7.190766 1.735876 1e-06 -8.162872 -8e-06 -1.861886 -22.861336 -6.167914 -0.0 -2e-06 -1e-06 149.61795 7.149577 2.73093 13.711188 -0.04576 0.119275 -79.138725 -8.272085 -2.616383 -9.518786 1.961483 2.062083 -0.999996 0.0 -0.0 5.846829 -8.195923 -8.144974 17.568815 -0.209492 0.381979 -91.619362 -2.844268 -7.176371 -7.558545 0.373011 1.506844 -0.999999 0.0 0.0 
0.0 0.0 0.0 0.0 -0.0 0.0 -1.943861 95.482155 27.271975 94.559235 -3.818102 88.401352 4.136263 0.640231 1.210579 -9.230978 0.30422 3.323383 19.467478 -0.658778 1.355523 11.524853 -3.828338 2.673798 -2.765655 -0.605213 0.810675 -41.738525 -2.676481 1.901055 7e-06 -0.0 -2e-06 -0.038716 -0.023974 -0.154625 -0.017712 -0.120139 -0.157319 -0.024641 0.058423 -0.142599 -123.821373 -66.780205 143.453629 23.783823 -46.67852 13.453188 44.468468 0.068683 0.399584 7.842053 -8.630296 30.080799 17.636616 -26.322702 52.411186 -19.466694 -14.395621 29.410425 4e-06 -8.774848 1e-06 21.282614 -21.59045 10.89154 -0.609777 -1.795658 -3.88933 -4.807104 -11.046829 -2.93785 -1e-06 -20.976072 -1.1e-05 -5.019987 -25.033682 -4.031924 5e-06 -3e-06 -2e-06 -10.634545 -5.686985 -3.565585 10.573288 -17.922977 -3.113916 -0.0 -13.821251 -9e-06 -0.501765 -31.181679 -4.027061 -42.49334 -72.678955 43.472012 -13.982728 -7.150213 -2.875034 13.772747 -8.401493 -3.218254 0.347731 -34.211643 0.771634 -0.96303 -17.733444 2.621021 2e-06 -1e-06 -1e-06 -17.346445 -20.095249 -4.201776 21.757595 -1.638362 3.866428 -2e-06 -6.338836 -1e-06 -1.697594 -22.591841 -6.194058 -2e-06 -3e-06 1e-06 173.864288 -84.977188 17.300709 28.730873 -45.116165 -7.626679 84.81868 -1.863116 -0.571186 62.677532 9.12082 52.429409 22.182228 -20.375931 49.933483 -16.701887 -16.743555 28.476646 -9e-06 -12.690671 -1.7e-05 29.469992 -20.864861 0.94225 -0.10592 -1.513863 -4.275893 -5.039064 -5.612891 -2.953576 1.6e-05 -11.020593 -1.1e-05 -6.111322 -15.895476 -3.84053 2e-06 -0.0 0.0 -10.283403 -5.680307 -4.341861 11.028341 -11.302453 -2.372638 -1.384269 -14.238671 -6.32018 -0.625394 -26.924448 -3.827669 16.717485 -67.278404 -13.937116 -13.708566 -7.363499 -3.720963 18.141228 -14.052807 -3.242678 3e-05 -18.787392 -1.4e-05 -0.429704 -8.456123 2.555534 1e-06 1e-06 1e-06 -15.923586 -20.094543 -5.473622 30.419327 -7.190876 1.735959 1.1e-05 -8.162972 -2e-06 -1.86187 -22.861671 -6.168018 -0.0 -3e-06 -1e-06 146.489319 7.413826 1.045367 18.770899 -0.037928 -0.003199 -80.073784 -9.137771 -1.628215 -9.417516 1.842621 2.128346 -1.0 -0.0 -0.0 7.921099 -8.119084 -9.450397 16.486498 -0.162474 0.335011 -92.662155 -1.577376 -8.288097 -7.839204 0.399662 1.509434 -1.0 -0.0 -0.0 
0.0 0.0 0.0 0.0 -0.0 0.0 -1.980195 94.466301 31.057596 94.598419 -5.020862 89.366516 3.750523 0.21048 1.271901 -9.309304 0.186629 3.468992 19.099924 -0.997289 1.521175 9.402946 -3.77865 2.656157 -2.658065 -0.4915 1.31319 -42.843475 -2.205577 2.253901 7e-06 0.0 0.0 -0.025915 -0.028599 -0.164911 -0.042614 -0.096793 -0.175347 -0.04374 0.026087 -0.142323 -122.941124 -68.090019 142.024521 23.911367 -45.805656 14.952647 43.750244 -0.260541 0.381871 8.43114 -9.182744 31.725714 17.636541 -26.322771 52.411289 -19.466574 -14.395563 29.410416 6e-06 -8.774791 2e-06 21.107208 -21.623474 11.308624 -0.609779 -1.795648 -3.889326 -4.807084 -11.046788 -2.937846 -1.8e-05 -20.975985 1.7e-05 -5.019969 -25.033546 -4.031881 6e-06 -1e-06 -3e-06 -10.634505 -5.686964 -3.565594 10.573216 -17.922895 -3.113883 -1.5e-05 -13.821181 1.6e-05 -0.501818 -31.181473 -4.026993 -41.905926 -73.08522 43.65897 -13.982675 -7.150191 -2.875049 13.772673 -8.401462 -3.218232 0.347675 -34.211491 0.771706 -0.963068 -17.73337 2.621045 -3e-06 1e-06 -1e-06 -17.346375 -20.095184 -4.201788 21.757481 -1.638352 3.866422 -6e-06 -6.338817 7e-06 -1.697598 -22.591736 -6.193998 -3e-06 -2e-06 -3e-06 168.019623 -84.983627 22.969799 28.638268 -46.951916 -6.626401 78.698685 -1.751888 -0.668117 62.018158 8.700235 51.878639 22.182077 -20.37575 49.93325 -16.7019 -16.743567 28.476562 -2.2e-05 -12.690634 1.3e-05 30.021461 -21.546797 0.87834 -0.105917 -1.51386 -4.275881 -5.039041 -5.612873 -2.953557 2.6e-05 -11.020523 -3.3e-05 -6.111276 -15.89536 -3.840509 2e-06 -2e-06 -2e-06 -10.283376 -5.680288 -4.34183 11.028322 -11.302397 -2.372667 -1.384241 -14.23858 -6.32015 -0.625332 -26.924227 -3.82768 15.595553 -68.645584 -12.340152 -13.708536 -7.363472 -3.720929 18.141207 -14.052732 -3.242724 4.7e-05 -18.787247 -4.9e-05 -0.429688 -8.456044 2.555491 -2e-06 -1e-06 0.0 -15.923543 -20.094467 -5.473591 30.419283 -7.190837 1.735887 1.5e-05 -8.162909 -1.3e-05 -1.861837 -22.861464 -6.168007 -1e-06 -2e-06 -2e-06 143.536453 7.448741 -1.455103 25.050758 -0.032883 -0.115821 -80.68396 -9.582599 -0.360528 -9.183024 1.656649 2.187086 -0.999998 0.0 -0.0 10.938471 -7.889025 -11.235887 13.941885 -0.049023 0.210587 -92.969429 -0.047672 -9.753708 -8.411497 0.42534 1.520164 -1.0 -0.0 -0.0 
0.0 0.0 0.0 0.0 -0.0 0.0 -1.875706 93.556671 35.313618 95.013863 -6.178242 90.649933 3.063751 -0.452649 1.144429 -9.516582 0.076047 3.531984 18.895912 -1.696352 1.586509 7.612774 -3.649264 2.497128 -2.668672 -0.261861 1.855241 -43.980385 -1.495208 2.295027 6e-06 0.0 1e-06 0.00014 -0.038085 -0.168116 0.000973 -0.071793 -0.180972 -0.014698 -0.017117 -0.139144 -122.553856 -69.457581 140.761841 23.853069 -45.14933 15.613915 42.525837 -0.910817 0.247582 8.769598 -9.105892 33.862026 17.636482 -26.322672 52.411224 -19.466524 -14.395514 29.410358 1.1e-05 -8.774765 1e-06 20.933695 -21.074747 11.17233 -0.609777 -1.795645 -3.889323 -4.807071 -11.046756 -2.937853 -2.5e-05 -20.975899 -6e-06 -5.019941 -25.033457 -4.03191 7e-06 2e-06 0.0 -10.63448 -5.686954 -3.565593 10.573179 -17.922838 -3.113887 -1.6e-05 -13.821133 2e-06 -0.501787 -31.18136 -4.02704 -39.556305 -73.485413 41.790714 -13.982639 -7.150178 -2.875052 13.772626 -8.401431 -3.218225 0.34768 -34.211357 0.77166 -0.963058 -17.733299 2.621011 1e-06 3e-06 0.0 -17.346327 -20.095139 -4.201801 21.757421 -1.638342 3.86642 -7e-06 -6.33879 4e-06 -1.697592 -22.591654 -6.194018 1e-06 0.0 -3e-06 158.383423 -85.109955 32.469055 28.429502 -49.078911 -4.581995 72.658279 -0.851788 -0.670531 57.859406 7.794938 49.634125 22.182056 -20.37565 49.933014 -16.701801 -16.743464 28.476376 -9e-06 -12.690569 -9e-06 29.40892 -21.961765 1.093955 -0.105917 -1.513857 -4.275862 -5.039027 -5.612852 -2.953542 1.1e-05 -11.020481 -2.6e-05 -6.111259 -15.895288 -3.840495 -2e-06 0.0 1e-06 -10.283348 -5.680274 -4.341814 11.02827 -11.302358 -2.37264 -1.384248 -14.238529 -6.320118 -0.625367 -26.924101 -3.827655 11.57093 -69.132362 -9.119037 -13.708502 -7.363456 -3.720916 18.141109 -14.052685 -3.242681 3.5e-05 -18.787189 -4.8e-05 -0.429689 -8.456014 2.555475 2e-06 2e-06 3e-06 -15.923509 -20.094416 -5.473566 30.419153 -7.190814 1.73592 1.7e-05 -8.162881 -2e-05 -1.861831 -22.861376 -6.167994 -1e-06 -1e-06 4e-06 141.528519 7.833458 -4.353498 31.148167 -0.101716 -0.315375 -81.239861 -9.473476 1.106955 -8.621301 1.386371 2.160831 -0.999994 0.0 0.0 13.984511 -8.083673 -13.070748 12.260917 0.080286 0.254614 -91.147964 2.049425 -11.680805 -10.301686 0.516666 1.507699 -0.999998 -0.0 -0.0 
0.0 0.0 0.0 0.0 -0.0 0.0 -1.490722 93.412552 40.173607 95.807098 -6.816936 92.093414 2.514082 -1.193591 0.948502 -9.789092 -0.13493 3.696701 18.791893 -2.348458 1.376866 6.695514 -3.377305 2.451048 -2.643899 -0.287757 2.01996 -45.059223 -0.959923 1.862832 6e-06 0.0 -0.0 -0.005986 -0.032817 -0.156446 0.010086 -0.064228 -0.16927 -0.022734 -0.011455 -0.122891 -123.570229 -70.5868 141.104599 24.730206 -44.6147 15.542021 39.954762 -1.127425 0.159127 9.055727 -8.307168 34.640766 17.636555 -26.322592 52.41095 -19.46649 -14.395492 29.410212 1.4e-05 -8.774764 -1e-05 20.998678 -20.469585 10.747581 -0.609777 -1.795644 -3.889311 -4.807076 -11.046753 -2.937831 -3.1e-05 -20.975899 8e-06 -5.019965 -25.033445 -4.031875 8e-06 0.0 -3e-06 -10.634485 -5.686951 -3.565575 10.573179 -17.922836 -3.113863 -1.6e-05 -13.82113 6e-06 -0.501809 -31.181347 -4.026999 -37.473789 -73.81002 40.073483 -13.982647 -7.150173 -2.87503 13.772628 -8.401426 -3.218209 0.347672 -34.211334 0.771672 -0.963051 -17.733282 2.621012 2e-06 -1e-06 -0.0 -17.346344 -20.095129 -4.201763 21.75742 -1.63834 3.866423 -6e-06 -6.338787 5e-06 -1.697609 -22.591625 -6.193985 0.0 -1e-06 0.0 146.629211 -84.964058 44.540733 29.309019 -51.70192 -3.8289 65.62748 -0.371892 -0.372645 51.042976 5.943055 47.909691 22.182005 -20.375746 49.93306 -16.701723 -16.743431 28.476372 -1.1e-05 -12.690523 -0.0 27.825289 -21.504288 1.449057 -0.105918 -1.51385 -4.275862 -5.039012 -5.612837 -2.953542 1.5e-05 -11.020462 -1.1e-05 -6.11124 -15.895241 -3.840469 1e-06 -3e-06 -1e-06 -10.283321 -5.680256 -4.34182 11.028236 -11.302341 -2.372623 -1.384254 -14.238496 -6.320093 -0.625388 -26.924053 -3.827598 7.804324 -68.459518 -5.829836 -13.708459 -7.363436 -3.720925 18.141058 -14.052663 -3.242657 2.8e-05 -18.787157 -1.3e-05 -0.429695 -8.456003 2.555492 2e-06 1e-06 -3e-06 -15.92345 -20.09437 -5.473567 30.419054 -7.190798 1.735918 1e-05 -8.162876 -3e-06 -1.861853 -22.86133 -6.167913 4e-06 -3e-06 1e-06 141.919388 8.823883 -7.066106 35.303112 -0.171052 -0.4154 -83.174011 -8.644988 0.965839 -8.682505 1.358415 2.121135 -1.0 0.0 -0.0 15.16655 -9.123317 -14.225576 15.515685 0.063589 0.47147 -86.570801 4.165454 -11.766785 -16.144094 0.690002 1.469125 -1.000003 1e-06 0.0 
0.0 0.0 0.0 0.0 -0.0 0.0 -0.977567 93.985329 45.416893 97.062088 -6.742332 93.586624 2.380876 -2.09593 0.639262 -9.821733 -0.448947 3.74969 18.541626 -3.085086 0.836119 6.554947 -2.953171 2.346624 -2.559999 -0.436092 1.858975 -46.225471 -0.529395 1.873841 7e-06 0.0 -2e-06 0.002963 -0.050655 -0.190441 0.075838 -0.078864 -0.210047 0.024112 -0.028689 -0.145386 -124.813431 -71.623695 141.671524 26.433969 -45.155411 13.9717 35.952644 -1.25173 0.12296 8.629192 -6.990304 35.186264 17.636555 -26.322641 52.411037 -19.466501 -14.395471 29.410242 1.6e-05 -8.774757 -6e-06 21.404062 -20.110271 10.335635 -0.609779 -1.795647 -3.889313 -4.807081 -11.046775 -2.937835 -4.4e-05 -20.975935 1.3e-05 -5.019974 -25.033493 -4.031883 7e-06 -3e-06 -2e-06 -10.634488 -5.686964 -3.565582 10.573165 -17.922865 -3.113861 -2.6e-05 -13.821161 5e-06 -0.501832 -31.181433 -4.02702 -37.939255 -74.600647 41.193779 -13.98265 -7.150193 -2.87504 13.772622 -8.401441 -3.218204 0.347653 -34.211437 0.771675 -0.963061 -17.733335 2.621008 -2e-06 2e-06 1e-06 -17.346352 -20.095173 -4.20177 21.757416 -1.638328 3.866432 -1e-05 -6.338804 1e-06 -1.697614 -22.591713 -6.193998 1e-06 -4e-06 -3e-06 138.330444 -84.48954 53.171665 31.989864 -55.490067 -4.817475 57.559433 -0.403834 0.11504 43.936234 5.041912 46.603374 22.182199 -20.37579 49.933178 -16.701845 -16.743484 28.476465 -1.7e-05 -12.690617 -2.8e-05 26.858473 -21.128086 1.302122 -0.105921 -1.513861 -4.275868 -5.039044 -5.612869 -2.953561 2.4e-05 -11.020553 -1.5e-05 -6.111279 -15.895401 -3.84051 0.0 -2e-06 -0.0 -10.283373 -5.680286 -4.341837 11.028316 -11.302423 -2.372626 -1.38425 -14.238604 -6.320138 -0.625367 -26.924307 -3.827619 7.63681 -68.359329 -6.51126 -13.708533 -7.363468 -3.720942 18.14118 -14.052772 -3.242666 5.6e-05 -18.787304 -2.6e-05 -0.429677 -8.456078 2.555513 1e-06 2e-06 1e-06 -15.923536 -20.094475 -5.473594 30.419235 -7.190885 1.73596 2.8e-05 -8.162937 -9e-06 -1.861819 -22.861547 -6.167987 -1e-06 -5e-06 1e-06 145.616898 10.493685 -9.131172 35.533657 -0.198445 -0.455774 -84.863846 -7.180818 -0.555509 -8.843906 1.369552 2.136302 -0.999997 0.0 -0.0 12.85111 -11.320246 -13.793282 26.454216 -0.265302 0.647123 -79.839294 5.341818 -10.630899 -22.656488 0.922573 1.48202 -0.999999 0.0 0.0 
0.0 0.0 0.0 0.0 -0.0 0.0 -0.423609 94.981644 50.713287 98.099052 -5.966543 94.45713 2.70043 -2.823729 0.367662 -9.700787 -0.78003 3.335994 18.124714 -3.587836 0.355124 7.185393 -2.77511 2.401446 -2.501904 -0.573366 1.815605 -46.690578 -0.503947 1.934352 5e-06 -0.0 -0.0 0.033527 -0.030767 -0.144434 0.155272 -0.070751 -0.168707 0.111041 0.001524 -0.096504 -125.040237 -72.773689 141.432343 28.391262 -46.902138 11.197867 31.854244 -1.280899 0.037934 7.635691 -5.653162 35.491825 17.636742 -26.322809 52.411236 -19.466681 -14.395635 29.410419 1.6e-05 -8.774875 -1.1e-05 21.764908 -19.721813 9.833031 -0.609781 -1.795658 -3.889333 -4.807128 -11.046854 -2.937848 -3.2e-05 -20.97612 2.1e-05 -5.020056 -25.033739 -4.031919 6e-06 -1e-06 -2e-06 -10.634581 -5.686997 -3.565583 10.573293 -17.923006 -3.113885 -1.8e-05 -13.821277 6e-06 -0.501845 -31.181747 -4.02704 -39.243912 -74.612274 42.647869 -13.982778 -7.150231 -2.875038 13.772783 -8.401506 -3.218235 0.347671 -34.211769 0.771692 -0.963065 -17.733513 2.621045 1e-06 -0.0 0.0 -17.346519 -20.095297 -4.201765 21.757662 -1.638359 3.866463 -7e-06 -6.338854 6e-06 -1.697644 -22.591906 -6.194048 0.0 -2e-06 -3e-06 136.339218 -83.851364 55.214314 36.027058 -60.102551 -6.613125 50.138493 -0.328037 0.171159 37.465942 5.971485 44.797867 22.182013 -20.375923 49.933582 -16.701984 -16.74362 28.476809 -1.6e-05 -12.690665 4.2e-05 26.716503 -20.996967 1.014939 -0.105916 -1.513865 -4.275908 -5.039049 -5.612914 -2.953579 6e-06 -11.020613 -2.9e-05 -6.111295 -15.895527 -3.840539 1e-06 2e-06 1e-06 -10.283383 -5.680324 -4.34185 11.028331 -11.30246 -2.372692 -1.384239 -14.238705 -6.320208 -0.625354 -26.924503 -3.827731 7.293915 -69.307373 -7.216263 -13.708543 -7.363521 -3.720947 18.141218 -14.052807 -3.242764 2.1e-05 -18.787409 -5.1e-05 -0.429712 -8.45612 2.555509 -0.0 0.0 2e-06 -15.92356 -20.094593 -5.47361 30.419321 -7.190823 1.735845 1e-06 -8.162978 -1.9e-05 -1.861856 -22.861704 -6.168069 -3e-06 -4e-06 1e-06 152.124146 11.856098 -10.293944 31.771214 -0.156873 -0.329365 -84.630028 -6.396461 -1.804131 -8.849401 1.366756 2.118111 -0.999998 0.0 0.0 7.124047 -13.629601 -10.959713 43.225025 -0.636085 0.728009 -73.978966 5.74308 -9.212455 -21.07873 0.947987 1.604405 -1.000005 0.0 -0.0 
0.0 0.0 0.0 0.0 -0.0 0.0 0.106843 96.192261 55.886162 98.782043 -5.021525 94.705276 3.035162 -3.377426 0.111387 -9.645115 -1.010999 2.572956 17.645924 -3.808201 -0.190345 8.421472 -2.975629 2.524662 -2.481255 -0.437194 1.804553 -46.723106 -0.45378 2.13392 5e-06 -1e-06 -0.0 0.064175 0.008275 -0.059297 0.20478 -0.058483 -0.075949 0.170722 0.062478 -0.02555 -124.343117 -73.714417 140.279236 29.502419 -49.205879 8.429799 29.395311 -1.185405 -0.024507 6.712588 -5.429734 35.027664 17.63637 -26.322598 52.411045 -19.466387 -14.395433 29.410225 1.9e-05 -8.774707 4e-06 21.749533 -19.40267 9.288631 -0.609777 -1.795635 -3.889303 -4.807055 -11.046717 -2.937826 -5.4e-05 -20.975826 1.2e-05 -5.019953 -25.033367 -4.031862 5e-06 -2e-06 -0.0 -10.634426 -5.686935 -3.565573 10.573097 -17.922758 -3.113856 -3.6e-05 -13.821087 1.2e-05 -0.501847 -31.181244 -4.026983 -38.730938 -73.948303 41.416447 -13.98257 -7.150156 -2.875041 13.772537 -8.401384 -3.218203 0.347605 -34.211216 0.771702 -0.963089 -17.733236 2.621003 -1e-06 -1e-06 -1e-06 -17.346245 -20.095064 -4.201773 21.75729 -1.638309 3.866397 -1.4e-05 -6.338768 8e-06 -1.697608 -22.591562 -6.193957 -0.0 1e-06 -1e-06 134.330719 -83.265297 57.284222 40.993263 -64.346184 -9.162329 44.23204 -0.574793 -0.160319 31.046471 6.730231 41.829075 22.18215 -20.375671 49.932671 -16.701437 -16.743181 28.475933 4e-06 -12.690377 -6.9e-05 25.646549 -21.056581 1.388613 -0.105929 -1.513837 -4.275821 -5.038984 -5.612783 -2.953521 8e-06 -11.020359 2.2e-05 -6.111192 -15.895053 -3.840409 3e-06 1e-06 -0.0 -10.283278 -5.680215 -4.341809 11.028131 -11.302258 -2.372524 -1.384269 -14.238352 -6.319998 -0.625471 -26.923727 -3.827457 2.895129 -69.59623 -3.89381 -13.708392 -7.363379 -3.72093 18.140869 -14.052567 -3.242512 1.6e-05 -18.786982 3.3e-05 -0.42969 -8.455916 2.555487 1e-06 0.0 1e-06 -15.923368 -20.094223 -5.473552 30.418747 -7.190785 1.736051 1.6e-05 -8.16281 1.5e-05 -1.861851 -22.861097 -6.167803 -1e-06 -3e-06 -0.0 160.29776 13.01954 -10.728432 24.926331 -0.071286 -0.21121 -83.105728 -6.984557 -1.548459 -8.372321 1.364152 2.079292 -0.999991 -2e-06 -0.0 -0.746059 -15.232104 -6.551107 60.566635 -0.698811 0.692744 -71.087608 8.144431 -8.370102 -13.689127 0.818252 1.647729 -0.999996 -0.0 -1e-06 
0.0 0.0 0.0 0.0 -0.0 0.0 0.633188 97.37365 61.481411 98.487488 -4.146151 94.592537 3.025378 -3.422927 -0.11226 -9.644956 -1.139702 1.915499 17.224138 -3.400161 -0.810803 9.889706 -3.128625 2.509735 -2.481115 -0.250904 1.958394 -46.593552 -0.298014 2.726133 6e-06 -0.0 -0.0 0.083191 0.045647 0.031122 0.213861 -0.028063 0.024725 0.188069 0.106131 0.049671 -124.032837 -73.932976 139.72287 29.870932 -51.068256 6.851304 29.212584 -0.64705 0.111685 5.777709 -6.002848 33.646725 17.636658 -26.322695 52.411083 -19.46661 -14.395556 29.410299 1.5e-05 -8.774817 -1.1e-05 21.701765 -19.847576 9.063754 -0.609779 -1.795655 -3.889324 -4.807103 -11.04682 -2.937837 -2.7e-05 -20.97604 4e-06 -5.020017 -25.033627 -4.031896 9e-06 -3e-06 -1e-06 -10.634538 -5.68698 -3.565578 10.573243 -17.922949 -3.113882 -1.5e-05 -13.821226 0.0 -0.501813 -31.181589 -4.027034 -38.920483 -73.646103 40.767101 -13.982719 -7.150211 -2.875036 13.772711 -8.401482 -3.218226 0.347689 -34.211601 0.771658 -0.963044 -17.733419 2.621015 -0.0 -2e-06 3e-06 -17.346441 -20.095236 -4.201759 21.757555 -1.63835 3.866444 -6e-06 -6.338831 0.0 -1.697624 -22.59182 -6.194027 2e-06 -2e-06 -3e-06 127.503922 -83.003952 64.697746 44.645386 -67.53614 -10.094109 40.022194 -0.653712 -0.241428 25.6171 7.272685 37.13501 22.182169 -20.375921 49.933411 -16.701862 -16.743563 28.47661 1.8e-05 -12.690656 -5e-06 24.135406 -21.300598 2.154044 -0.105922 -1.513862 -4.275888 -5.039065 -5.612906 -2.953564 -1.5e-05 -11.020603 -5e-06 -6.111362 -15.895512 -3.840513 -3e-06 -1e-06 3e-06 -10.283405 -5.680323 -4.341843 11.028315 -11.302451 -2.372642 -1.384298 -14.238695 -6.320161 -0.625469 -26.924475 -3.827674 -0.90272 -70.226097 -1.549581 -13.708566 -7.363519 -3.720939 18.141188 -14.052792 -3.242684 -2.1e-05 -18.787401 -2.1e-05 -0.429721 -8.45612 2.55551 1e-06 1e-06 0.0 -15.923608 -20.094587 -5.473576 30.419296 -7.190814 1.735947 -9e-06 -8.162976 -1.3e-05 -1.861913 -22.861698 -6.168045 -2e-06 -4e-06 -3e-06 168.932205 13.559062 -9.302787 16.993029 -0.067794 -0.138212 -81.567116 -8.212928 -1.241867 -8.267815 1.39637 2.06681 -0.999998 -2e-06 0.0 -8.359653 -14.979474 -3.26811 72.014099 -0.491491 0.542548 -70.498337 7.838812 -6.61874 -11.500324 0.762758 1.565845 -1.000003 -0.0 -0.0 
0.0 0.0 0.0 0.0 -0.0 0.0 1.13359 98.310516 67.317917 97.12886 -3.523001 94.237221 2.819645 -2.901382 -0.375044 -9.575113 -1.120218 1.526728 16.589432 -2.524444 -1.62899 11.340462 -3.132391 2.442345 -2.475023 -0.271253 2.395277 -46.291458 0.068379 3.305113 7e-06 -0.0 -0.0 0.061437 0.032405 0.018234 0.195476 -0.048647 0.011431 0.193662 0.101283 0.028994 -122.808647 -73.784134 137.910599 29.70591 -53.172329 5.162449 30.851629 -0.132742 0.234562 4.654873 -6.512264 33.065319 17.636658 -26.322779 52.411297 -19.466734 -14.395648 29.410488 6e-06 -8.774871 -2e-06 21.765574 -20.675642 9.136625 -0.609778 -1.795658 -3.889335 -4.807114 -11.046852 -2.937857 -1e-05 -20.97613 -8e-06 -5.020014 -25.033772 -4.031931 5e-06 -2e-06 1e-06 -10.634563 -5.686992 -3.565588 10.573306 -17.92301 -3.113919 -4e-06 -13.821284 -6e-06 -0.501783 -31.181784 -4.027077 -41.853512 -74.256172 43.276009 -13.982753 -7.150223 -2.875041 13.772777 -8.401515 -3.218257 0.347718 -34.211784 0.771646 -0.963043 -17.733532 2.62103 -0.0 -1e-06 1e-06 -17.346479 -20.095272 -4.201778 21.757643 -1.638366 3.86644 -2e-06 -6.338857 -2e-06 -1.69761 -22.59194 -6.194072 -1e-06 -4e-06 -2e-06 119.330948 -82.922714 73.376579 45.070328 -70.535309 -8.645289 36.716019 -0.749376 -0.159655 21.394272 7.295884 32.696789 22.182161 -20.376013 49.933456 -16.701817 -16.743574 28.476612 -5e-06 -12.690627 -1e-06 23.30805 -21.68392 2.654778 -0.105919 -1.513853 -4.275885 -5.03905 -5.61288 -2.953566 9e-06 -11.020558 9e-06 -6.11131 -15.89541 -3.840485 -1e-06 0.0 -3e-06 -10.28338 -5.680285 -4.341849 11.028307 -11.302423 -2.372627 -1.384264 -14.238612 -6.320135 -0.625448 -26.924311 -3.827584 -4.082114 -71.750603 0.021633 -13.708538 -7.363478 -3.720948 18.141174 -14.052769 -3.242666 -2e-06 -18.787336 2.8e-05 -0.429722 -8.4561 2.555538 1e-06 1e-06 1e-06 -15.923547 -20.094496 -5.473592 30.419252 -7.190845 1.735928 -3e-06 -8.162955 1.4e-05 -1.861918 -22.861605 -6.167929 -7e-06 -1e-06 0.0 177.599945 12.928361 -6.146576 8.235511 -0.119355 -0.280349 -79.246742 -10.06673 -1.02375 -8.632364 1.464041 2.108145 -1.000001 -1e-06 -0.0 -16.465616 -12.983043 -1.737847 78.608795 -0.094726 0.335176 -70.706047 2.088972 -4.467386 -11.199947 0.688889 1.461264 -1.000006 0.0 -0.0 
0.0 0.0 0.0 0.0 -0.0 0.0 1.421384 98.708191 72.663864 95.183968 -3.080822 94.525574 2.811439 -2.033887 -0.581768 -9.525955 -1.034041 0.779541 15.996889 -1.578109 -2.30009 12.392191 -2.712277 2.484885 -2.496253 -0.250287 2.648951 -45.187523 0.222427 3.596076 8e-06 -0.0 0.0 0.028785 0.031082 0.01453 0.173421 -0.05329 0.008221 0.195954 0.103604 0.016876 -120.539238 -74.545753 134.855774 30.149448 -55.699623 1.563628 34.195869 0.068983 0.225292 3.710791 -6.742615 32.073021 17.636673 -26.322714 52.411175 -19.466734 -14.395637 29.410433 -7e-06 -8.774863 -6e-06 21.942814 -21.216619 8.635331 -0.609775 -1.795658 -3.88933 -4.807097 -11.046835 -2.937857 2.5e-05 -20.976099 -1.3e-05 -5.019965 -25.033707 -4.031908 6e-06 -3e-06 -2e-06 -10.634554 -5.686978 -3.565589 10.573317 -17.923 -3.113916 1.5e-05 -13.821266 -4e-06 -0.501738 -31.181726 -4.027045 -41.174973 -74.347786 41.42067 -13.982739 -7.150209 -2.875037 13.772774 -8.401517 -3.218253 0.347772 -34.211693 0.771632 -0.963017 -17.73348 2.62104 1e-06 0.0 -2e-06 -17.346457 -20.095253 -4.201776 21.757631 -1.638389 3.866433 6e-06 -6.33885 -0.0 -1.69757 -22.591887 -6.19406 -2e-06 -6e-06 -4e-06 109.265915 -82.656395 83.677139 42.102596 -73.361816 -5.022756 33.263004 -0.4125 -0.088931 18.039675 6.741246 29.217228 22.182087 -20.375832 49.933285 -16.701815 -16.743513 28.476526 -0.0 -12.6906 -2e-06 22.17358 -21.778502 3.430219 -0.10592 -1.513856 -4.27588 -5.039045 -5.612877 -2.953554 1e-06 -11.020532 -1e-05 -6.1113 -15.895375 -3.840494 -1e-06 -0.0 0.0 -10.283372 -5.680298 -4.341831 11.028284 -11.302396 -2.372639 -1.384271 -14.238585 -6.320135 -0.625416 -26.924217 -3.827644 -9.086929 -71.419899 4.263153 -13.708527 -7.363488 -3.720934 18.141146 -14.05273 -3.242682 5e-06 -18.787273 -1.8e-05 -0.429708 -8.456056 2.555501 3e-06 0.0 -2e-06 -15.923547 -20.0945 -5.473579 30.41921 -7.190802 1.735925 -1e-06 -8.162921 -9e-06 -1.86189 -22.8615 -6.167985 2e-06 -6e-06 -0.0 -176.125565 11.295686 -3.757508 4.136626 -0.106835 -0.381513 -78.882607 -11.281109 -1.021402 -8.914005 1.556512 2.091329 -0.999999 2e-06 0.0 -24.622053 -10.487642 -1.839117 81.385399 0.251777 0.170947 -72.08416 -3.235516 -2.345933 -11.106868 0.584246 1.398811 -1.000003 -0.0 -0.0 
0.0 0.0 0.0 0.0 -0.0 0.0 1.566615 98.385414 77.891556 93.60479 -2.71492 95.582603 2.844023 -1.456023 -0.76893 -9.494916 -0.950018 0.007913 15.811299 -0.862228 -2.976783 13.086943 -1.840662 2.409394 -2.547428 -0.239162 2.762337 -43.93055 0.284316 3.539642 6e-06 -0.0 -0.0 -0.000272 0.019364 -0.015198 0.125016 -0.071563 -0.021366 0.172508 0.098974 -0.01823 -118.429947 -75.698006 131.998901 32.085709 -57.36797 -3.38467 38.677288 0.080676 0.13784 3.485997 -6.855462 28.428583 17.636723 -26.32295 52.411572 -19.466873 -14.395729 29.410666 -2.1e-05 -8.774911 1e-06 21.396805 -21.693771 8.106463 -0.609776 -1.795664 -3.889353 -4.807105 -11.046883 -2.93788 5.2e-05 -20.976233 -6e-06 -5.019968 -25.033886 -4.031925 6e-06 -0.0 2e-06 -10.634586 -5.686992 -3.565609 10.573396 -17.923109 -3.113942 3.5e-05 -13.821351 -1e-06 -0.501696 -31.181969 -4.027054 -35.678806 -73.667923 34.181488 -13.982785 -7.150222 -2.875065 13.772853 -8.401579 -3.21828 0.347819 -34.211975 0.771659 -0.963013 -17.733643 2.621084 1e-06 -1e-06 -0.0 -17.346495 -20.095312 -4.201815 21.757721 -1.638426 3.86644 1.4e-05 -6.338889 1e-06 -1.697535 -22.592068 -6.194095 -2e-06 -4e-06 2e-06 94.387741 -81.998596 98.820747 35.497047 -74.896286 1.698754 29.515043 -0.031078 0.028996 15.668463 5.908845 27.068554 22.182215 -20.376055 49.933647 -16.702007 -16.743647 28.476797 -3.7e-05 -12.690701 1.1e-05 21.213724 -21.6507 3.994087 -0.105918 -1.513866 -4.275907 -5.039059 -5.612901 -2.953584 3.8e-05 -11.020628 -1.6e-05 -6.111291 -15.895514 -3.840528 0.0 -1e-06 0.0 -10.283414 -5.680303 -4.341867 11.02839 -11.302504 -2.372673 -1.384227 -14.238708 -6.320195 -0.625331 -26.924538 -3.827658 -13.676452 -68.729301 8.076439 -13.708585 -7.363495 -3.720963 18.141302 -14.05287 -3.242728 5.6e-05 -18.787445 -8e-06 -0.429698 -8.456148 2.555541 -0.0 -4e-06 2e-06 -15.923584 -20.094564 -5.473633 30.419413 -7.190931 1.73589 2.4e-05 -8.162996 -4e-06 -1.861835 -22.861744 -6.168011 -0.0 -1e-06 1e-06 -171.666855 9.809971 -2.251643 3.812565 -0.09628 -0.391265 -80.419945 -11.110855 -1.358233 -8.970518 1.584955 2.10816 -1.000001 0.0 0.0 -32.028835 -8.613682 -2.365407 80.553421 0.45545 -0.133311 -73.566055 -5.039619 -1.018888 -10.710833 0.542102 1.457181 -1.000008 -0.0 0.0 
0.0 0.0 0.0 0.0 -0.0 0.0 1.596702 97.429504 83.121346 92.485451 -2.344215 97.092339 2.923876 -1.349391 -0.759352 -9.482675 -0.898068 -0.921949 15.93693 -0.269067 -3.496206 13.7692 -0.589975 2.422489 -2.643665 -0.261679 2.738484 -42.876877 0.025979 3.05117 6e-06 0.0 -0.0 -0.003052 0.033155 -0.0051 0.093518 -0.081019 -0.007952 0.158199 0.134728 -0.014939 -116.443787 -77.000488 129.653183 35.834835 -58.001713 -9.998589 43.424217 -0.18922 -0.053168 3.692459 -6.577785 23.515387 17.636724 -26.322748 52.411339 -19.466902 -14.39571 29.410589 2e-06 -8.774927 -5e-06 20.309757 -21.915298 7.617308 -0.609774 -1.795672 -3.889347 -4.807137 -11.046921 -2.937879 1.5e-05 -20.976267 -4.1e-05 -5.020013 -25.033953 -4.031986 4e-06 6e-06 -2e-06 -10.634615 -5.687025 -3.565589 10.573381 -17.923107 -3.113965 1.2e-05 -13.821351 -3.1e-05 -0.501715 -31.181952 -4.027152 -27.301647 -72.021133 24.22772 -13.982824 -7.150262 -2.875036 13.772862 -8.401564 -3.21829 0.347794 -34.211967 0.771566 -0.962999 -17.733616 2.621018 2e-06 1e-06 -1e-06 -17.346577 -20.095396 -4.201779 21.757778 -1.638379 3.866444 4e-06 -6.338892 -1.5e-05 -1.697581 -22.592089 -6.194155 2e-06 -4e-06 -6e-06 77.505379 -80.792175 116.236389 27.59519 -74.70961 9.656318 25.36515 0.281019 0.005278 13.835593 4.397888 25.976948 22.182268 -20.375895 49.933449 -16.702049 -16.743643 28.476719 -5e-06 -12.690743 1e-06 20.201162 -21.335497 4.304376 -0.105916 -1.513876 -4.275899 -5.039086 -5.612941 -2.953574 7e-06 -11.02068 -2.1e-05 -6.111361 -15.895632 -3.840534 -0.0 -1e-06 2e-06 -10.283449 -5.680346 -4.341845 11.028404 -11.302532 -2.372677 -1.384276 -14.238794 -6.320205 -0.625393 -26.924694 -3.827727 -14.890111 -65.115387 8.753398 -13.708631 -7.363552 -3.720943 18.141325 -14.052895 -3.24274 3.7e-05 -18.787529 -6.3e-05 -0.429691 -8.456179 2.555505 -1e-06 -1e-06 3e-06 -15.923676 -20.09469 -5.473592 30.419498 -7.190901 1.735923 1.2e-05 -8.163021 -3.3e-05 -1.861847 -22.861858 -6.168124 -2e-06 -3e-06 -3e-06 -167.977051 8.457767 -1.332891 4.59132 -0.049673 -0.2632 -83.610191 -11.134721 -1.875419 -8.479999 1.575095 2.111149 -1.000001 4e-06 1e-06 -37.902184 -7.554401 -2.931223 75.542969 0.371826 -0.275798 -74.469177 -3.549862 -1.284235 -10.569072 0.543257 1.504956 -1.000011 0.0 0.0 
0.0 0.0 0.0 0.0 -0.0 0.0 1.627841 96.029076 88.546059 91.903847 -2.212771 98.945572 2.720117 -1.611993 -0.758702 -9.515671 -0.975022 -1.794372 16.302708 0.125625 -4.112287 14.415302 1.01782 2.508193 -2.643121 -0.478324 2.328777 -42.309528 -0.173709 2.693361 7e-06 0.0 -1e-06 -0.001096 0.011794 -0.066673 0.103295 -0.103946 -0.059284 0.183791 0.114639 -0.087598 -113.867516 -78.463455 126.576645 40.511997 -57.837204 -16.14822 47.260796 -0.277803 0.055804 4.296751 -5.418342 18.622372 17.636717 -26.322813 52.411491 -19.466879 -14.395693 29.410637 4e-06 -8.774914 -4e-06 19.067585 -21.611206 7.299218 -0.609779 -1.795671 -3.889353 -4.807137 -11.046916 -2.937883 0.0 -20.976236 -3.5e-05 -5.020011 -25.033901 -4.031991 6e-06 2e-06 0.0 -10.634616 -5.687029 -3.565602 10.573365 -17.923107 -3.113965 5e-06 -13.821359 -2.7e-05 -0.501723 -31.181973 -4.027167 -20.801146 -70.035667 16.782305 -13.982822 -7.150272 -2.875052 13.772845 -8.401554 -3.218287 0.34776 -34.211948 0.771575 -0.963018 -17.733603 2.62101 2e-06 -2e-06 -0.0 -17.346571 -20.095409 -4.201804 21.757751 -1.638372 3.866452 1e-06 -6.338883 -1.3e-05 -1.697583 -22.592049 -6.19415 -3e-06 -2e-06 -3e-06 63.167252 -78.514427 131.344727 20.675915 -73.326935 17.008692 21.145052 0.551224 0.144127 11.444448 2.346275 27.278219 22.182446 -20.376078 49.933624 -16.702084 -16.743719 28.476793 -2.3e-05 -12.69081 -1.8e-05 19.348597 -20.77668 4.12478 -0.105918 -1.513874 -4.27591 -5.039106 -5.612942 -2.953586 2.4e-05 -11.020713 -2e-06 -6.111387 -15.895658 -3.840526 -1e-06 -3e-06 2e-06 -10.283489 -5.680343 -4.341867 11.028466 -11.302576 -2.372658 -1.384277 -14.238824 -6.320199 -0.625403 -26.924788 -3.827654 -14.17876 -61.625614 7.398911 -13.708686 -7.363547 -3.720965 18.141434 -14.052963 -3.242716 4.8e-05 -18.7876 -8e-06 -0.42969 -8.456226 2.555553 -1e-06 -1e-06 3e-06 -15.923727 -20.0947 -5.473613 30.41963 -7.190977 1.735966 2.2e-05 -8.163062 -8e-06 -1.861874 -22.861971 -6.168077 -2e-06 -2e-06 -1e-06 -164.56485 7.127033 -0.498261 5.577182 -0.064146 -0.214339 -87.186829 -10.572397 -2.590661 -8.057629 1.63031 2.174119 -0.999999 0.0 0.0 -41.764168 -7.365618 -3.615866 65.819405 0.08058 -0.126063 -75.080414 -1.764061 -3.288467 -10.509939 0.590707 1.533379 -1.000003 0.0 -0.0 
0.0 0.0 0.0 0.0 -0.0 0.0 1.699636 94.514458 94.265945 91.501839 -2.271199 100.957489 2.338449 -1.97793 -0.871682 -9.611441 -1.046466 -2.571972 16.743139 0.400744 -4.752075 14.962567 2.503654 2.557246 -2.548336 -0.745046 1.888936 -41.904247 -0.553883 2.347489 8e-06 0.0 -1e-06 0.041405 -0.0294 -0.150364 0.152063 -0.129593 -0.144704 0.210922 0.059794 -0.169951 -110.25843 -80.145889 122.865326 45.465237 -56.79454 -21.978317 49.475891 -0.46703 0.276461 4.939496 -3.611395 16.515293 17.63656 -26.322668 52.411247 -19.466719 -14.395617 29.410471 -1e-06 -8.774838 6e-06 18.054426 -20.814669 6.849368 -0.609775 -1.795657 -3.889334 -4.807088 -11.04682 -2.937866 2e-05 -20.976048 -2.8e-05 -5.019937 -25.03364 -4.031929 5e-06 2e-06 1e-06 -10.634537 -5.686983 -3.565588 10.573287 -17.922962 -3.113934 1.2e-05 -13.821233 -1.4e-05 -0.501727 -31.181631 -4.027073 -16.260431 -67.473923 11.738516 -13.982719 -7.150209 -2.875036 13.772738 -8.401496 -3.218265 0.34777 -34.211617 0.771595 -0.963015 -17.733433 2.62101 0.0 -2e-06 -2e-06 -17.34643 -20.095243 -4.201786 21.757576 -1.638368 3.866414 3e-06 -6.338832 -4e-06 -1.697554 -22.591812 -6.19407 -1e-06 -3e-06 -3e-06 55.292995 -75.969696 140.301697 15.461348 -71.767586 22.067451 17.928661 0.857323 0.308662 8.529095 0.415077 28.599947 22.182129 -20.375807 49.933186 -16.701881 -16.7435 28.476513 -1.9e-05 -12.690608 -1e-06 18.462002 -20.116873 3.546771 -0.105917 -1.513861 -4.275879 -5.039035 -5.612881 -2.953555 2e-05 -11.020562 -1.7e-05 -6.111269 -15.895421 -3.840484 1e-06 1e-06 0.0 -10.283369 -5.680293 -4.341831 11.028307 -11.302436 -2.372649 -1.384249 -14.238636 -6.320135 -0.625365 -26.924356 -3.827643 -10.87578 -57.732563 3.48191 -13.708525 -7.36348 -3.720936 18.141172 -14.052788 -3.242692 5e-05 -18.787348 -3.5e-05 -0.429682 -8.456096 2.5555 -1e-06 0.0 1e-06 -15.923531 -20.094503 -5.47358 30.419218 -7.190863 1.735916 2e-05 -8.162947 -2.5e-05 -1.86182 -22.861593 -6.16801 -4e-06 -3e-06 -3e-06 -161.189209 5.583827 -0.0962 6.365337 -0.022944 -0.230134 -90.091629 -9.101613 -3.144814 -8.103219 1.751784 2.284538 -0.999997 -2e-06 -0.0 -42.659679 -7.679248 -4.588799 50.880352 -0.032293 0.190779 -75.770546 -0.69981 -6.263958 -10.741722 0.741396 1.572023 -1.000002 -0.0 0.0 
0.0 0.0 0.0 0.0 -0.0 0.0 1.798133 92.920326 100.512825 91.474312 -2.217613 103.351685 2.111572 -2.51759 -1.168819 -9.714456 -1.335781 -3.069213 16.989109 0.757107 -5.437875 15.544298 3.860145 2.641264 -2.392984 -0.703748 1.148883 -41.600628 -1.126783 2.225393 7e-06 0.0 0.0 0.095107 -0.048384 -0.155927 0.126913 -0.150333 -0.158502 0.175976 0.047098 -0.163112 -103.096535 -82.041252 115.733475 49.341805 -55.561043 -25.155159 50.571419 -0.309311 0.424165 5.251199 -2.127833 16.559381 17.636723 -26.322784 52.411198 -19.466597 -14.395542 29.410347 6e-06 -8.774817 -2e-05 17.369064 -20.250751 6.768704 -0.609783 -1.79565 -3.889323 -4.807091 -11.046804 -2.937849 -5e-06 -20.976021 1.7e-05 -5.019965 -25.033592 -4.031896 5e-06 0.0 -2e-06 -10.634537 -5.68697 -3.565595 10.57325 -17.922945 -3.113868 -2e-06 -13.821219 1.3e-05 -0.501788 -31.181593 -4.027012 -14.184114 -65.735909 9.992582 -13.982711 -7.150198 -2.875058 13.772702 -8.401484 -3.21821 0.347718 -34.21159 0.771696 -0.963044 -17.733423 2.621055 0.0 -0.0 0.0 -17.346422 -20.095211 -4.201789 21.757534 -1.638369 3.866463 -2e-06 -6.338832 7e-06 -1.697589 -22.591789 -6.194018 0.0 -2e-06 -2e-06 53.670944 -73.551933 142.772659 9.33052 -70.946724 25.929968 15.950524 0.915663 0.398644 6.82314 -0.442743 29.138657 22.182083 -20.375912 49.933548 -16.701868 -16.743607 28.476698 2.7e-05 -12.690673 1.3e-05 18.005949 -19.777002 3.167645 -0.105921 -1.51386 -4.2759 -5.039069 -5.612907 -2.95357 -2.1e-05 -11.020592 -1.2e-05 -6.111364 -15.895492 -3.840523 -3e-06 -3e-06 1e-06 -10.2834 -5.680325 -4.34185 11.028313 -11.302423 -2.372659 -1.384295 -14.23867 -6.320181 -0.62545 -26.924433 -3.827704 -8.942141 -55.928825 1.246739 -13.708565 -7.363524 -3.720945 18.141191 -14.052748 -3.242707 -2.6e-05 -18.787373 -3e-05 -0.429728 -8.456107 2.555512 1e-06 1e-06 -3e-06 -15.92361 -20.094578 -5.473594 30.419323 -7.190776 1.735923 -1.4e-05 -8.162966 -1.1e-05 -1.861941 -22.861679 -6.168048 -0.0 -4e-06 2e-06 -157.325546 3.763423 -0.466292 6.958505 -0.016279 -0.131649 -91.061028 -5.970366 -3.666227 -9.365122 1.818449 2.356118 -0.999996 -0.0 -0.0 -40.190701 -8.190629 -5.298025 31.673107 0.123019 0.180973 -78.210426 -1.68507 -8.148205 -10.629877 0.925993 1.527586 -1.000002 -0.0 1e-06 
0.0 0.0 0.0 0.0 -0.0 0.0 1.797622 91.538246 107.171425 91.324371 -2.330782 105.763649 1.768009 -2.964097 -1.462098 -9.853415 -1.633704 -3.672196 16.943508 1.047733 -5.882571 16.158602 4.718642 2.553054 -2.382396 -0.606836 0.380757 -41.18681 -1.528453 2.008603 7e-06 -0.0 0.0 0.111477 -0.026076 -0.089645 0.042103 -0.114722 -0.108546 0.090862 0.058574 -0.07316 -91.655273 -83.623909 103.992126 51.051888 -54.681675 -25.854546 51.368732 -0.686003 0.541694 4.65866 -1.2337 18.04034 17.636536 -26.32263 52.411037 -19.466642 -14.395623 29.41033 -7e-06 -8.774815 1e-05 16.699924 -19.749134 6.609586 -0.609768 -1.795646 -3.889318 -4.807065 -11.046753 -2.937843 3.4e-05 -20.975908 -1.5e-05 -5.019912 -25.033424 -4.031883 7e-06 -1e-06 -2e-06 -10.634506 -5.686943 -3.565569 10.573274 -17.922873 -3.113912 2.1e-05 -13.821139 -3e-06 -0.50173 -31.18136 -4.027001 -12.934426 -63.707314 8.745977 -13.98268 -7.150159 -2.875025 13.772717 -8.401467 -3.218252 0.347783 -34.21138 0.771637 -0.963008 -17.733303 2.621018 1e-06 1e-06 -1e-06 -17.346371 -20.095121 -4.201762 21.757524 -1.638388 3.866387 5e-06 -6.338795 2e-06 -1.697556 -22.591637 -6.194004 -1e-06 -6e-06 2e-06 54.561298 -71.587662 141.863144 -0.12842 -70.490944 32.343143 15.562929 0.850019 0.441229 6.385091 -0.681697 27.620062 22.182158 -20.375973 49.933243 -16.701864 -16.743515 28.476519 -4.9e-05 -12.690598 -6e-06 17.532871 -19.245016 2.966272 -0.105914 -1.513855 -4.275884 -5.039024 -5.612864 -2.953556 4.6e-05 -11.020569 6e-06 -6.111245 -15.895403 -3.840461 1e-06 0.0 -2e-06 -10.283353 -5.68026 -4.341841 11.028323 -11.302459 -2.372629 -1.384219 -14.238619 -6.320109 -0.625367 -26.924368 -3.827546 -7.092113 -54.550102 -0.594705 -13.7085 -7.363439 -3.720946 18.141186 -14.052823 -3.242672 6.5e-05 -18.787344 2.1e-05 -0.429686 -8.456104 2.555536 -2e-06 -1e-06 -1e-06 -15.923473 -20.09444 -5.47359 30.41921 -7.190929 1.735906 3.1e-05 -8.162957 5e-06 -1.861825 -22.86161 -6.167921 1e-06 -3e-06 -3e-06 -153.644135 1.293607 -1.569675 7.404441 0.06186 0.122952 -90.3797 -2.444567 -5.111428 -11.832371 1.710168 2.316706 -1.000001 -2e-06 0.0 -38.060963 -8.045074 -4.698941 17.539917 0.087538 0.224656 -81.202744 -4.830652 -7.707399 -9.985229 1.020461 1.418133 -1.000002 0.0 1e-06 
0.0 0.0 0.0 0.0 -0.0 0.0 1.773186 90.698456 114.11264 90.060028 -2.349417 107.429245 1.243334 -2.560643 -1.536032 -10.029564 -1.626107 -4.275259 16.82494 1.567314 -6.212959 16.387026 4.596411 2.258984 -2.45297 -0.613598 -0.034841 -40.877735 -1.670539 1.823826 5e-06 -0.0 0.0 0.081129 -0.016089 -0.072325 -0.026808 -0.079323 -0.105755 0.016297 0.045397 -0.037059 -87.647659 -84.289688 99.691788 50.448586 -54.001194 -24.675108 52.408768 -1.20513 0.512464 4.091311 -0.197221 18.919174 17.636616 -26.322809 52.411312 -19.466703 -14.395662 29.410471 -1e-05 -8.774848 8e-06 16.32589 -19.416492 6.385902 -0.609774 -1.795654 -3.889334 -4.807088 -11.046812 -2.937852 2.6e-05 -20.976048 9e-06 -5.019959 -25.033611 -4.031874 5e-06 3e-06 3e-06 -10.634544 -5.686971 -3.565586 10.573312 -17.922968 -3.113909 1.5e-05 -13.821233 1.1e-05 -0.501757 -31.181637 -4.026999 -12.112428 -62.248432 7.750439 -13.982727 -7.150195 -2.875043 13.77276 -8.401507 -3.218259 0.347759 -34.21162 0.77168 -0.96303 -17.73344 2.621062 2e-06 0.0 0.0 -17.34643 -20.095215 -4.201787 21.757603 -1.638391 3.866416 6e-06 -6.338837 9e-06 -1.697567 -22.591812 -6.19402 1e-06 -3e-06 -1e-06 55.772018 -70.534233 140.449188 -9.015139 -69.747246 39.157246 15.595901 0.547164 0.451317 5.893487 -1.504681 24.174625 22.182125 -20.375919 49.933369 -16.701914 -16.743538 28.476614 -3.7e-05 -12.69062 4e-06 17.10829 -18.721981 2.693635 -0.105917 -1.513863 -4.275887 -5.039036 -5.612881 -2.953563 3.3e-05 -11.02058 -1.4e-05 -6.111257 -15.895442 -3.840503 -2e-06 3e-06 -1e-06 -10.283371 -5.680291 -4.34185 11.028328 -11.302465 -2.372652 -1.38423 -14.238651 -6.320157 -0.625346 -26.924416 -3.827632 -5.748593 -53.136349 -2.022332 -13.708523 -7.363478 -3.72095 18.141199 -14.052818 -3.242703 5.8e-05 -18.787367 -1.4e-05 -0.429689 -8.456106 2.555521 2e-06 -2e-06 0.0 -15.923515 -20.094511 -5.473604 30.419245 -7.190898 1.735899 2.3e-05 -8.162962 -8e-06 -1.861814 -22.861629 -6.167986 -1e-06 -3e-06 -3e-06 -150.63327 -2.239992 -3.700792 8.417726 -0.02198 0.582257 -87.133728 0.599362 -7.057252 -16.964905 1.67858 2.191518 -0.999999 -1e-06 0.0 -38.232101 -6.401588 -5.270319 15.548989 -0.156599 0.273784 -81.824524 -7.773467 -6.25503 -10.399156 0.993972 1.437987 -1.0 0.0 -0.0 
0.0 0.0 0.0 0.0 -0.0 0.0 1.902729 90.791519 121.435318 88.165726 -2.305117 107.287422 0.188045 -1.308352 -1.434647 -10.328424 -1.434437 -4.457273 16.941898 2.086893 -6.299231 16.506685 3.37512 2.319987 -2.487708 -0.713235 -0.059193 -39.871811 -1.824084 1.430908 6e-06 -0.0 -0.0 0.031592 -0.027541 -0.12975 -0.060287 -0.095719 -0.168946 -0.028302 0.040002 -0.091703 -107.234352 -83.342651 119.329536 46.706059 -53.212543 -21.658995 53.676025 -1.480234 0.354223 4.163195 0.896086 18.317053 17.636614 -26.32284 52.411362 -19.466738 -14.395717 29.410528 -8e-06 -8.77488 9e-06 16.163239 -18.929668 6.060162 -0.609776 -1.795653 -3.889336 -4.807104 -11.046825 -2.937846 1e-05 -20.97608 2.1e-05 -5.020016 -25.033674 -4.031879 5e-06 1e-06 0.0 -10.634561 -5.686974 -3.565585 10.573335 -17.922983 -3.113914 6e-06 -13.821254 1.8e-05 -0.501802 -31.181688 -4.026988 -11.220685 -61.143261 6.762887 -13.982751 -7.150197 -2.875034 13.772801 -8.401511 -3.218268 0.34773 -34.211693 0.771704 -0.963054 -17.73349 2.621077 -1e-06 0.0 -2e-06 -17.346462 -20.095226 -4.201776 21.757656 -1.638389 3.86641 3e-06 -6.338845 8e-06 -1.697602 -22.591864 -6.194018 3e-06 -5e-06 3e-06 54.312546 -70.43911 142.150787 -13.670463 -68.335419 42.343616 15.480925 0.367628 0.393629 5.242558 -2.575648 21.896053 22.182133 -20.376003 49.933315 -16.701895 -16.743534 28.476595 -3.4e-05 -12.69061 1.2e-05 16.825619 -18.377584 2.299969 -0.105915 -1.513859 -4.275883 -5.03903 -5.61289 -2.953557 2.6e-05 -11.020606 7e-06 -6.111267 -15.895476 -3.840464 -2e-06 3e-06 -1e-06 -10.28336 -5.680284 -4.341842 11.028314 -11.302482 -2.37264 -1.384239 -14.23868 -6.320127 -0.625401 -26.924494 -3.827587 -4.770373 -51.883709 -3.27383 -13.70851 -7.36347 -3.720937 18.141182 -14.052843 -3.242693 4.6e-05 -18.787416 7e-06 -0.429696 -8.456137 2.555529 3e-06 3e-06 -3e-06 -15.923502 -20.094511 -5.473576 30.419218 -7.190901 1.735893 1.7e-05 -8.162988 -2e-06 -1.861837 -22.861713 -6.167969 -1e-06 -1e-06 -3e-06 -149.573578 -5.390592 -6.290833 12.479388 -0.226173 0.972333 -78.987686 2.35405 -8.068633 -25.664009 1.787485 2.00085 -1.000001 2e-06 -0.0 -39.372948 -3.446949 -6.297761 22.186443 -0.131635 0.083849 -76.35392 -8.902714 -4.951696 -10.965246 0.97303 1.542718 -1.0 0.0 0.0 
0.0 0.0 0.0 0.0 -0.0 0.0 2.080552 91.580032 129.233246 86.640732 -1.484084 105.937111 -0.438693 -0.095646 -1.319476 -10.611431 -1.141791 -4.503695 17.183062 2.701168 -5.815971 16.970112 1.521508 2.497596 -2.51471 -0.72866 0.186094 -38.462795 -1.918697 1.05487 6e-06 0.0 0.0 0.006902 -0.021465 -0.123806 -0.070655 -0.115166 -0.169637 -0.023851 0.069072 -0.084225 -121.406029 -80.79493 133.983322 42.988438 -53.648106 -19.825914 53.679909 -1.587967 0.164145 4.197336 1.789705 17.555573 17.636648 -26.322847 52.411442 -19.466827 -14.395679 29.410597 -2e-05 -8.774876 4e-06 16.106428 -18.572458 5.935046 -0.609775 -1.79566 -3.889345 -4.807083 -11.046853 -2.937878 5.6e-05 -20.976156 -2.1e-05 -5.01993 -25.033775 -4.031915 8e-06 2e-06 -2e-06 -10.634554 -5.686977 -3.565604 10.573355 -17.923044 -3.113945 3.3e-05 -13.821293 -6e-06 -0.501682 -31.181791 -4.027053 -11.025453 -60.537956 6.589861 -13.982744 -7.150206 -2.875058 13.7728 -8.401554 -3.218278 0.347829 -34.211815 0.77163 -0.963001 -17.733547 2.621062 1e-06 -2e-06 -2e-06 -17.346437 -20.095266 -4.201816 21.757645 -1.638413 3.866425 1.3e-05 -6.338864 -1e-06 -1.697523 -22.591953 -6.194084 -0.0 -4e-06 -1e-06 53.04961 -71.552917 144.036209 -15.545041 -67.610321 43.289951 15.412696 0.630477 0.387216 4.982827 -3.19957 20.553108 22.182207 -20.376108 49.933548 -16.701975 -16.74361 28.47674 -4.3e-05 -12.690675 4e-06 16.777004 -18.333086 2.259557 -0.105916 -1.513863 -4.275902 -5.039047 -5.612904 -2.953576 3.7e-05 -11.020646 2e-06 -6.111287 -15.895539 -3.840498 -2e-06 2e-06 0.0 -10.283394 -5.680295 -4.341862 11.028372 -11.30252 -2.37265 -1.384223 -14.238726 -6.320168 -0.625375 -26.924612 -3.827606 -4.209514 -51.109554 -4.036075 -13.708555 -7.363486 -3.720963 18.141272 -14.052896 -3.24271 5.4e-05 -18.787498 1.6e-05 -0.429703 -8.456178 2.555551 0.0 0.0 -0.0 -15.923543 -20.094557 -5.473619 30.419344 -7.190947 1.735894 2.3e-05 -8.163017 4e-06 -1.861836 -22.861809 -6.167979 -1e-06 -2e-06 -0.0 -151.432892 -7.708323 -7.538805 22.663748 -0.416002 1.043751 -66.368469 2.146939 -8.777929 -31.479086 1.75559 1.781966 -1.000003 -1e-06 -1e-06 -38.180534 -0.218609 -6.702166 28.328634 -0.066584 0.003325 -69.377342 -8.625278 -4.689786 -9.402112 0.82297 1.57985 -1.000006 -0.0 1e-06 
0.0 0.0 0.0 0.0 -0.0 0.0 2.125306 92.733391 136.718094 85.077011 0.130604 104.050499 -0.133973 1.045478 -0.902017 -10.611907 -0.642425 -4.002066 17.229752 3.57179 -5.080825 17.845881 0.053198 2.466354 -2.591141 -0.711678 -0.051437 -37.746716 -1.705566 0.889941 5e-06 -0.0 -0.0 0.004787 -0.019369 -0.171687 -0.005238 -0.090291 -0.209305 0.036665 0.047196 -0.13872 -123.780312 -78.926056 136.941483 41.97485 -56.073635 -20.421883 51.514355 -1.447748 0.010526 3.404528 2.464054 16.790842 17.63658 -26.322531 52.410782 -19.466377 -14.395453 29.410057 7e-06 -8.774733 -1.7e-05 16.157473 -18.342598 5.858545 -0.609778 -1.795632 -3.889293 -4.807055 -11.046682 -2.937814 -8e-06 -20.975733 2.4e-05 -5.019919 -25.033182 -4.031836 9e-06 0.0 -2e-06 -10.634458 -5.686915 -3.565569 10.573151 -17.922741 -3.113826 -6e-06 -13.821033 1.9e-05 -0.501812 -31.18104 -4.026925 -10.893025 -60.118156 6.605715 -13.982614 -7.15013 -2.875029 13.772589 -8.401397 -3.218179 0.347691 -34.211086 0.77171 -0.963046 -17.733147 2.621026 4e-06 -2e-06 2e-06 -17.346296 -20.095028 -4.201759 21.75736 -1.638358 3.866421 -2e-06 -6.338748 1e-05 -1.697599 -22.591425 -6.193915 -2e-06 -3e-06 -2e-06 54.19141 -73.559242 142.960526 -16.04966 -67.903374 44.627708 15.100038 0.614644 0.335466 4.94502 -3.884478 18.763422 22.181831 -20.375694 49.933121 -16.701687 -16.743437 28.476421 -3e-06 -12.690484 2.8e-05 16.775084 -18.520266 2.249632 -0.105917 -1.513846 -4.275864 -5.038998 -5.612825 -2.953544 2e-06 -11.020411 -2e-05 -6.111223 -15.895184 -3.840481 -3e-06 -2e-06 -3e-06 -10.283293 -5.680256 -4.341817 11.028196 -11.302283 -2.372642 -1.384244 -14.238433 -6.320103 -0.625377 -26.923885 -3.827638 -4.055467 -51.419949 -4.070773 -13.708421 -7.363436 -3.720926 18.140997 -14.052588 -3.24269 4e-06 -18.787075 -2e-05 -0.429715 -8.455958 2.55548 4e-06 2e-06 -1e-06 -15.923411 -20.094339 -5.473572 30.418976 -7.19072 1.735864 -5e-06 -8.162837 -1e-06 -1.861884 -22.861221 -6.167909 0.0 -3e-06 -1e-06 -157.128647 -9.818942 -7.721758 38.895027 -0.717593 0.76657 -56.203758 -0.337144 -10.234638 -15.923953 1.701571 2.282075 -0.999996 -0.0 -2e-06 -33.650021 3.127891 -7.491924 31.203054 0.143136 -0.059601 -69.33522 -7.284326 -2.683796 -7.377857 0.788794 1.644686 -0.999996 0.0 -0.0 
0.0 0.0 0.0 0.0 -0.0 0.0 2.159313 94.161919 143.445557 82.65715 1.535339 103.093132 0.422533 2.538611 -0.464167 -10.477509 -0.045993 -3.20671 17.059248 4.681338 -4.586331 18.447508 -0.4974 2.107352 -2.526459 -0.635567 -0.157768 -37.854149 -1.672025 0.72629 7e-06 0.0 0.0 0.004893 -0.007939 -0.138377 0.075061 -0.073487 -0.152222 0.112615 0.05213 -0.128675 -124.223564 -77.646179 137.879761 42.680836 -58.377819 -20.255404 47.537399 -0.524185 0.18462 2.08627 2.372129 15.907882 17.63665 -26.322763 52.411301 -19.466652 -14.395616 29.41046 1.2e-05 -8.77485 -6e-06 16.202724 -18.001904 5.944065 -0.609782 -1.795653 -3.88933 -4.807114 -11.046824 -2.937856 -2.1e-05 -20.976057 -1e-06 -5.020006 -25.033665 -4.031927 6e-06 1e-06 1e-06 -10.634561 -5.686985 -3.565594 10.573271 -17.922951 -3.113895 -1.6e-05 -13.821234 1e-06 -0.5018 -31.181637 -4.027054 -10.883553 -59.821159 6.860531 -13.982741 -7.150217 -2.875048 13.772747 -8.401482 -3.218242 0.347681 -34.211636 0.771671 -0.963062 -17.733448 2.621035 -0.0 1e-06 -0.0 -17.346474 -20.095249 -4.201783 21.757603 -1.638353 3.866446 -8e-06 -6.338836 4e-06 -1.697616 -22.591841 -6.194053 -3e-06 -2e-06 -2e-06 54.306969 -74.931374 142.787262 -12.365366 -67.946419 43.402603 15.074573 0.267374 0.233927 4.774706 -4.355155 17.873081 22.182102 -20.375879 49.933422 -16.701845 -16.743574 28.476616 6e-06 -12.690643 7e-06 16.751289 -18.449373 2.17434 -0.105919 -1.513858 -4.275892 -5.03906 -5.612893 -2.953564 -4e-06 -11.020557 -9e-06 -6.11133 -15.89543 -3.840513 1e-06 4e-06 -2e-06 -10.283391 -5.680308 -4.341844 11.028311 -11.302415 -2.37265 -1.384278 -14.238628 -6.320161 -0.625426 -26.924334 -3.827664 -4.059828 -51.70953 -4.150682 -13.708554 -7.363503 -3.720945 18.141188 -14.052747 -3.2427 -8e-06 -18.787334 -1.4e-05 -0.429727 -8.456087 2.555519 2e-06 0.0 -0.0 -15.923584 -20.094534 -5.473592 30.419289 -7.190798 1.73592 -4e-06 -8.162944 -7e-06 -1.861915 -22.861588 -6.168004 1e-06 -0.0 -1e-06 -166.311264 -13.123019 -7.171759 56.454937 -0.997535 0.506951 -57.124207 -1.77379 -10.435812 -8.617537 1.516102 2.771481 -1.000002 1e-06 -3e-06 -27.187738 7.188462 -8.503322 29.398832 0.121483 -0.095056 -72.386574 -6.178123 -1.454797 -6.476641 0.732073 1.63427 -1.000003 0.0 0.0 
0.0 0.0 0.0 0.0 -0.0 0.0 2.426289 96.216347 150.291565 81.847137 2.308219 102.613045 0.811445 2.999985 -0.023888 -10.375449 0.118553 -2.386401 17.098291 4.866804 -4.104731 19.04381 0.068204 1.932276 -2.448618 -0.651701 -0.376274 -37.251568 -1.70685 0.085968 6e-06 -0.0 0.0 0.007369 0.001123 -0.101896 0.106762 -0.07111 -0.097572 0.137901 0.067472 -0.109101 -124.75882 -76.652412 138.891037 43.266857 -59.706242 -18.580605 42.040588 0.340886 0.34649 0.512233 1.619312 16.052721 17.636597 -26.322622 52.411011 -19.466532 -14.395539 29.410259 1.3e-05 -8.774799 -1.2e-05 16.131565 -18.075146 6.002926 -0.609779 -1.795644 -3.889313 -4.807089 -11.046769 -2.937836 -2.2e-05 -20.975941 1.3e-05 -5.019985 -25.033503 -4.031888 7e-06 -0.0 -0.0 -10.634504 -5.686954 -3.565576 10.573212 -17.922873 -3.113867 -1e-05 -13.821164 5e-06 -0.501806 -31.181458 -4.02701 -11.184472 -59.703743 7.192366 -13.982671 -7.150177 -2.875033 13.77267 -8.401444 -3.218215 0.347686 -34.211422 0.771679 -0.963051 -17.733343 2.621027 1e-06 -1e-06 3e-06 -17.34638 -20.095148 -4.201767 21.757494 -1.63835 3.866436 -4e-06 -6.338803 4e-06 -1.697614 -22.591696 -6.193994 -1e-06 -2e-06 -4e-06 50.710468 -75.193451 146.573425 -3.860077 -67.427765 37.537441 15.147517 -0.060249 0.223759 4.278487 -4.092342 18.163328 22.182074 -20.375813 49.933228 -16.701817 -16.743525 28.476501 -5e-06 -12.690613 -0.0 16.722967 -18.401346 2.080049 -0.105919 -1.513857 -4.275867 -5.039041 -5.61287 -2.953553 8e-06 -11.020539 -1e-05 -6.111299 -15.895392 -3.840492 -1e-06 -3e-06 -1e-06 -10.283361 -5.680284 -4.341824 11.028295 -11.302398 -2.372644 -1.384269 -14.238605 -6.320135 -0.62541 -26.924318 -3.82764 -4.230139 -51.372147 -4.233649 -13.708516 -7.363472 -3.720924 18.141146 -14.052732 -3.242683 1.5e-05 -18.787294 -1.5e-05 -0.42971 -8.456072 2.555511 1e-06 1e-06 1e-06 -15.923528 -20.094467 -5.473574 30.41921 -7.190818 1.735919 5e-06 -8.162932 -5e-06 -1.86187 -22.861574 -6.167992 -1e-06 -2e-06 -2e-06 -176.376572 -14.180105 -4.965369 67.847054 -0.624935 0.289566 -63.78429 -3.050091 -8.977155 -9.08982 1.525497 2.569442 -0.999996 -1e-06 -2e-06 -18.578741 9.840661 -7.674197 22.79085 0.074254 -0.123666 -74.027443 -5.551063 -1.039019 -6.483224 0.746578 1.626816 -1.0 -0.0 -0.0 
0.0 0.0 0.0 0.0 -0.0 0.0 2.848299 98.190384 157.263596 83.348061 2.543233 101.992439 1.257188 2.342677 0.339577 -10.255975 -0.040026 -1.503724 16.961876 3.611351 -3.376556 20.006557 1.155121 1.9466 -2.457012 -0.763174 -0.782876 -36.498394 -1.760682 -1.049039 6e-06 -0.0 0.0 0.019872 0.018647 -0.020918 0.081457 -0.065212 -0.010244 0.112461 0.094616 -0.03598 -122.758324 -76.319321 136.946381 42.233353 -61.507881 -15.658851 36.690208 0.588821 0.374323 -0.521133 0.842617 16.505646 17.636694 -26.32284 52.411385 -19.466749 -14.395647 29.410532 5e-06 -8.774879 -5e-06 15.999858 -18.075705 5.971578 -0.609779 -1.795661 -3.88934 -4.807117 -11.046872 -2.937861 -3e-06 -20.976171 2e-06 -5.020008 -25.033819 -4.03192 5e-06 3e-06 0.0 -10.634574 -5.686999 -3.565599 10.573311 -17.923048 -3.113911 -4e-06 -13.821319 0.0 -0.501785 -31.181883 -4.027057 -11.27675 -59.378777 7.089862 -13.982767 -7.150234 -2.875047 13.772785 -8.401527 -3.218252 0.347713 -34.211849 0.771672 -0.963052 -17.73357 2.621054 -0.0 -2e-06 1e-06 -17.346502 -20.095314 -4.201786 21.757656 -1.638373 3.866453 -2e-06 -6.338872 -1e-06 -1.697605 -22.592003 -6.19408 -1e-06 -1e-06 -3e-06 49.064083 -75.813957 147.915146 5.219259 -67.789261 30.018282 15.759373 -0.174071 0.296648 4.452049 -1.567156 17.853994 22.182268 -20.375952 49.933556 -16.701906 -16.743628 28.47669 2.7e-05 -12.690723 -1.4e-05 16.664553 -18.161345 2.056304 -0.105923 -1.513865 -4.275898 -5.039094 -5.612924 -2.953575 -1.7e-05 -11.020629 -6e-06 -6.111399 -15.895551 -3.840533 0.0 3e-06 2e-06 -10.283448 -5.680343 -4.341856 11.02836 -11.302469 -2.372649 -1.384315 -14.238727 -6.320186 -0.625467 -26.924532 -3.827699 -4.451027 -50.671906 -4.221858 -13.708627 -7.363548 -3.720946 18.141268 -14.052813 -3.24269 -2.2e-05 -18.787457 -2.2e-05 -0.429723 -8.456146 2.555524 1e-06 -0.0 0.0 -15.92369 -20.094646 -5.473596 30.419443 -7.190827 1.735975 -8e-06 -8.162999 -1.2e-05 -1.861941 -22.861773 -6.168074 2e-06 -2e-06 -0.0 174.252731 -11.93805 -3.685 72.246834 -0.224887 0.176536 -69.384262 -3.462181 -7.750088 -9.846869 1.583647 2.292031 -0.999999 0.0 -0.0 -9.12108 9.886181 -5.089143 14.443537 0.045048 -0.115369 -74.574966 -5.570125 -0.848959 -6.685441 0.759328 1.62998 -1.000006 0.0 0.0 
0.0 0.0 0.0 0.0 -0.0 0.0 3.364423 99.474579 163.874359 85.89341 2.330921 100.561554 1.742734 1.219511 0.665181 -10.079603 -0.212781 -0.567597 16.697256 1.800806 -2.293694 20.652927 1.631711 2.025149 -2.530624 -0.835783 -1.393714 -36.196583 -1.773473 -2.198932 6e-06 0.0 -0.0 0.032213 0.027522 0.020555 0.019492 -0.062002 0.026205 0.048355 0.106505 0.00805 -119.269669 -76.212456 133.344193 38.996735 -63.684113 -11.388802 32.788578 0.498671 0.306726 -0.592619 0.235851 15.674122 17.636707 -26.32292 52.411587 -19.466757 -14.395725 29.410637 3.2e-05 -8.774931 -2e-06 15.937109 -17.95915 5.974696 -0.609784 -1.795663 -3.88935 -4.807174 -11.046904 -2.937862 -7.1e-05 -20.976217 1.2e-05 -5.02013 -25.033913 -4.031976 7e-06 -1e-06 -2e-06 -10.634625 -5.687028 -3.565598 10.573318 -17.923052 -3.113917 -4.7e-05 -13.821343 2e-06 -0.501878 -31.181952 -4.027124 -11.238875 -59.29187 6.897366 -13.982835 -7.150274 -2.875046 13.772837 -8.40151 -3.218264 0.347603 -34.211933 0.771694 -0.963101 -17.733614 2.621035 0.0 -3e-06 -1e-06 -17.346615 -20.095383 -4.201776 21.757778 -1.638324 3.86647 -2e-05 -6.338891 5e-06 -1.6977 -22.592083 -6.19412 1e-06 -4e-06 -0.0 52.463051 -77.894341 143.387207 14.381371 -69.355644 21.239517 17.673046 -0.056409 0.35384 4.941855 2.829952 16.105324 22.182138 -20.3759 49.933483 -16.70183 -16.743557 28.476627 2.2e-05 -12.690639 3e-06 16.55094 -17.718323 2.174875 -0.105923 -1.51386 -4.275895 -5.039067 -5.612902 -2.953572 -2.1e-05 -11.020573 -1e-05 -6.111351 -15.895466 -3.840523 1e-06 3e-06 0.0 -10.283402 -5.680325 -4.341846 11.028298 -11.302415 -2.372643 -1.384302 -14.238652 -6.320165 -0.625466 -26.924368 -3.827682 -4.486844 -50.126408 -4.011156 -13.708568 -7.363523 -3.720946 18.141163 -14.052739 -3.242683 -3e-05 -18.787352 -2.3e-05 -0.429731 -8.456088 2.555513 3e-06 1e-06 -2e-06 -15.923615 -20.094578 -5.473595 30.419279 -7.190781 1.73595 -1.4e-05 -8.162954 -6e-06 -1.861931 -22.861628 -6.168033 -2e-06 -0.0 -2e-06 166.29808 -8.488186 -4.853161 70.810036 0.07491 0.02804 -72.683792 -3.621943 -7.209383 -9.916387 1.56824 2.119408 -0.999999 2e-06 -0.0 -1.084 8.133384 -2.243159 7.912329 0.024429 -0.12665 -75.139557 -5.625611 -0.419084 -6.581252 0.725983 1.632938 -1.000005 -0.0 0.0 
0.0 0.0 0.0 0.0 -0.0 0.0 3.925447 99.879036 170.174606 87.874451 2.09166 98.153122 2.214604 0.454055 0.907825 -9.920912 -0.209087 0.491465 16.658449 0.410255 -1.080899 20.74346 0.983235 2.172478 -2.604381 -0.826346 -2.11607 -36.438259 -1.752561 -3.041178 6e-06 0.0 0.0 0.031794 0.022022 -0.007178 -0.000221 -0.065482 -0.000183 0.020396 0.096155 -0.022596 -116.308235 -75.609299 130.521072 34.108734 -65.26281 -6.040639 30.226196 0.304721 0.222109 -0.179033 -0.561705 14.056497 17.636627 -26.322821 52.411343 -19.466684 -14.395619 29.410484 -4e-06 -8.774837 -1e-06 16.121311 -17.924423 5.965292 -0.609777 -1.795654 -3.889335 -4.80709 -11.046825 -2.937859 1e-05 -20.976086 1.1e-05 -5.019973 -25.033682 -4.031882 6e-06 1e-06 1e-06 -10.634537 -5.686976 -3.565599 10.573284 -17.922987 -3.113902 1e-06 -13.821261 1.5e-05 -0.501775 -31.181709 -4.027014 -11.34923 -59.637184 6.989091 -13.982719 -7.150205 -2.875051 13.772738 -8.401506 -3.218246 0.347726 -34.211693 0.77169 -0.963048 -17.733492 2.621059 1e-06 -0.0 -1e-06 -17.346422 -20.095234 -4.201793 21.757572 -1.638379 3.866432 4e-06 -6.338848 6e-06 -1.697577 -22.591887 -6.194036 -0.0 -2e-06 -3e-06 61.979343 -81.050827 132.542694 25.765402 -70.519173 9.802687 21.338284 0.12677 0.308221 5.087292 6.588539 14.124685 22.182114 -20.375887 49.933353 -16.701822 -16.74357 28.47657 7e-06 -12.690642 1e-06 16.372482 -17.515381 2.442301 -0.10592 -1.513856 -4.275887 -5.039055 -5.612879 -2.953558 -4e-06 -11.020538 -4e-06 -6.111331 -15.895389 -3.840499 0.0 -0.0 -2e-06 -10.283387 -5.680298 -4.341835 11.028309 -11.3024 -2.372641 -1.384283 -14.238606 -6.320139 -0.625434 -26.924282 -3.827643 -4.480113 -50.12537 -3.621046 -13.708548 -7.363491 -3.720938 18.141178 -14.052731 -3.242685 -6e-06 -18.787304 -6e-06 -0.429715 -8.456077 2.555512 -0.0 -0.0 -3e-06 -15.923577 -20.094507 -5.473579 30.419283 -7.190802 1.735933 -5e-06 -8.162939 -1e-06 -1.861923 -22.861563 -6.167999 2e-06 -4e-06 -1e-06 159.766693 -6.049809 -7.542457 64.554146 0.302318 -0.299126 -74.239014 -4.882172 -7.180479 -9.829115 1.526819 2.093381 -1.000003 -1e-06 0.0 4.562601 6.345594 -0.182684 5.158113 -0.011931 -0.087168 -76.76696 -5.158063 0.46027 -6.269822 0.671012 1.634218 -1.000005 0.0 0.0 
0.0 0.0 0.0 0.0 -0.0 0.0 4.532377 99.431808 176.457947 88.544807 2.297323 95.073532 2.694988 0.520268 1.035146 -9.771279 -0.045022 1.584322 16.98967 -0.268348 0.099707 20.691565 -0.538307 2.178496 -2.630937 -0.748792 -2.55898 -37.076748 -1.734851 -3.499011 6e-06 -0.0 -0.0 0.028533 0.019225 -0.028055 0.040392 -0.073993 -0.011866 0.037091 0.097486 -0.053513 -114.829842 -74.14212 129.671326 29.118927 -65.762566 -0.806047 28.286491 0.156459 0.18294 0.129493 -1.43625 12.732287 17.636581 -26.322615 52.411053 -19.466583 -14.39555 29.410295 4e-06 -8.774796 -6e-06 16.361139 -17.93285 5.893319 -0.609777 -1.79565 -3.889318 -4.807079 -11.04677 -2.937846 7e-06 -20.975924 -1.3e-05 -5.019934 -25.033466 -4.031899 6e-06 0.0 0.0 -10.634508 -5.686959 -3.565579 10.573231 -17.922874 -3.113891 1e-06 -13.821151 -5e-06 -0.501755 -31.181391 -4.027027 -11.350382 -59.923164 7.048524 -13.982684 -7.150183 -2.875035 13.772682 -8.401455 -3.21823 0.347738 -34.211395 0.771638 -0.963019 -17.733311 2.621013 1e-06 2e-06 -3e-06 -17.346386 -20.095167 -4.201776 21.757502 -1.638364 3.866422 1e-06 -6.338799 1e-06 -1.697572 -22.591679 -6.194013 0.0 -4e-06 -2e-06 81.616653 -84.023613 111.756744 37.609459 -69.768417 -2.296871 26.524904 0.141429 0.182929 5.15627 8.732237 12.262536 22.182163 -20.375931 49.933453 -16.701822 -16.74358 28.476608 2.9e-05 -12.690663 -3e-06 16.145082 -17.684208 2.738128 -0.105922 -1.513859 -4.27589 -5.039072 -5.612904 -2.953559 -2.5e-05 -11.020582 2e-06 -6.111379 -15.895483 -3.840508 -1e-06 -0.0 -3e-06 -10.283408 -5.680319 -4.341847 11.028307 -11.302419 -2.372634 -1.38431 -14.238659 -6.320153 -0.625488 -26.924398 -3.827662 -4.582948 -50.390381 -3.252525 -13.70857 -7.363517 -3.720937 18.141176 -14.052748 -3.242678 -4.1e-05 -18.787373 -4e-06 -0.429734 -8.456112 2.555517 4e-06 -2e-06 -2e-06 -15.923623 -20.09457 -5.473578 30.419306 -7.190782 1.735957 -1.6e-05 -8.162964 -3e-06 -1.861953 -22.861662 -6.168027 -3e-06 0.0 0.0 155.189133 -5.361076 -10.105683 54.487328 0.280076 -0.680641 -75.028351 -7.456615 -7.009267 -9.832095 1.583544 2.157898 -0.999999 -1e-06 1e-06 9.112362 5.525486 1.299204 4.895575 -0.064208 0.014425 -79.356277 -4.082667 1.674714 -5.856212 0.63745 1.643454 -1.000006 -0.0 -0.0 
0.0 0.0 0.0 0.0 -0.0 0.0 5.202262 98.236481 183.073456 87.88353 2.955663 91.696678 3.217012 1.399953 1.124513 -9.594435 0.207469 2.475763 17.485512 -0.346441 1.344408 20.983976 -2.534863 2.095614 -2.636875 -0.606982 -2.784879 -37.91288 -1.600103 -3.662151 5e-06 -0.0 -0.0 0.025295 0.026671 -0.002292 0.050389 -0.067493 0.015815 0.030235 0.104459 -0.02928 -114.13308 -71.994194 129.809296 24.387669 -65.638016 3.66619 26.699053 -0.00435 0.136513 0.000323 -2.036095 12.161736 17.636679 -26.322763 52.411381 -19.466707 -14.395638 29.410484 1.1e-05 -8.774874 -1.2e-05 16.408253 -17.948 5.876033 -0.609781 -1.795658 -3.889338 -4.807124 -11.046841 -2.937865 -7e-06 -20.976084 -2.1e-05 -5.020005 -25.033701 -4.031961 5e-06 -3e-06 1e-06 -10.634578 -5.686994 -3.565599 10.573301 -17.922977 -3.113915 -3e-06 -13.821251 -7e-06 -0.501769 -31.181662 -4.027087 -11.293389 -60.005131 7.049541 -13.98277 -7.150227 -2.875051 13.772779 -8.401497 -3.218252 0.347723 -34.211678 0.771639 -0.963032 -17.733467 2.621025 0.0 -0.0 0.0 -17.346506 -20.095278 -4.201796 21.757654 -1.638361 3.866458 -3e-06 -6.338839 -4e-06 -1.697606 -22.59186 -6.194083 -1e-06 -3e-06 -1e-06 120.071625 -85.517647 72.206375 46.396843 -67.545639 -11.464799 32.734707 0.234729 0.067532 5.232742 9.995743 10.288507 22.182209 -20.376036 49.933575 -16.701845 -16.743572 28.476662 -5e-06 -12.690645 -4e-06 16.01128 -17.984756 2.899669 -0.105922 -1.513857 -4.275895 -5.039058 -5.612892 -2.953572 7e-06 -11.020585 4e-06 -6.111312 -15.895459 -3.840513 0.0 1e-06 -2e-06 -10.2834 -5.680302 -4.341864 11.028319 -11.302446 -2.372628 -1.384266 -14.238649 -6.320158 -0.62543 -26.924402 -3.827619 -4.653556 -50.562908 -3.149422 -13.708562 -7.363494 -3.720964 18.141193 -14.052788 -3.242665 2e-06 -18.787374 1.6e-05 -0.42972 -8.456114 2.555542 4e-06 -2e-06 -2e-06 -15.923577 -20.094543 -5.473616 30.419271 -7.190854 1.735953 5e-06 -8.162973 7e-06 -1.861891 -22.86166 -6.16797 -1e-06 -3e-06 0.0 152.91777 -6.329159 -12.090253 41.19659 0.101454 -0.900847 -75.565109 -9.939192 -6.510752 -9.520416 1.657294 2.176931 -1.000001 -3e-06 -0.0 13.622006 5.651473 2.621914 5.744227 -0.105732 0.085242 -82.47641 -2.610637 2.784075 -5.592986 0.642924 1.662583 -0.999999 0.0 0.0 
0.0 0.0 0.0 0.0 -0.0 0.0 5.918695 96.442169 190.130051 86.279984 3.80141 88.224098 3.792999 2.782476 1.351524 -9.450239 0.502078 3.040569 18.052473 0.042339 2.547921 21.60458 -4.65229 2.120676 -2.582799 -0.640429 -2.727598 -38.836445 -1.361104 -3.723464 7e-06 -1e-06 0.0 0.027059 0.056334 0.103165 -0.029985 -0.026251 0.100379 -0.047171 0.120476 0.097601 -113.981689 -69.183243 130.601089 20.318161 -65.149261 6.745804 25.346596 0.002816 0.091351 -0.522667 -2.117641 11.944653 17.636522 -26.322615 52.411217 -19.466551 -14.395596 29.410364 1.2e-05 -8.774803 -0.0 16.313055 -18.021481 5.933387 -0.609778 -1.795644 -3.889324 -4.807092 -11.04674 -2.93785 -9e-06 -20.975847 -1.7e-05 -5.019948 -25.033365 -4.031926 4e-06 0.0 0.0 -10.634521 -5.686956 -3.565585 10.573229 -17.922812 -3.113896 -9e-06 -13.821105 -2e-06 -0.501784 -31.181261 -4.027031 -11.291005 -60.092693 7.147735 -13.982696 -7.150181 -2.875042 13.77269 -8.401418 -3.218241 0.347695 -34.211258 0.771657 -0.963046 -17.733238 2.621014 0.0 -0.0 -0.0 -17.346405 -20.095139 -4.201793 21.757523 -1.638342 3.866421 -7e-06 -6.338779 5e-06 -1.697608 -22.591587 -6.194011 1e-06 -9e-06 -2e-06 162.148636 -84.51281 28.848312 52.031246 -64.947746 -17.981615 38.995373 0.485831 -0.041635 4.844356 10.966943 8.370102 22.182201 -20.375938 49.933319 -16.701674 -16.743481 28.476427 2.9e-05 -12.69059 -2.9e-05 16.092276 -18.257664 2.92469 -0.10593 -1.513849 -4.275873 -5.039052 -5.612868 -2.95355 -1.8e-05 -11.020513 2e-05 -6.111338 -15.895339 -3.840475 -0.0 0.0 -2e-06 -10.283381 -5.680291 -4.341839 11.028257 -11.302366 -2.372588 -1.384314 -14.238559 -6.320107 -0.625504 -26.924171 -3.827582 -4.956218 -50.780792 -3.075392 -13.708533 -7.363481 -3.720945 18.14109 -14.052685 -3.242602 -3.6e-05 -18.787254 3.2e-05 -0.429729 -8.45605 2.555524 -1e-06 -1e-06 0.0 -15.923567 -20.094473 -5.473579 30.419157 -7.190773 1.736008 -1.3e-05 -8.16292 1.5e-05 -1.861961 -22.861473 -6.167925 -1e-06 -1e-06 -2e-06 152.108078 -8.443724 -13.12162 26.677883 0.02431 -0.858779 -76.805824 -10.815296 -5.675546 -8.994746 1.759647 2.094596 -0.999998 0.0 1e-06 18.457119 6.093885 3.468653 6.964066 -0.152066 0.051889 -85.773453 -0.498055 3.42595 -5.96697 0.595972 1.669399 -1.0 0.0 0.0 
0.0 0.0 0.0 0.0 -0.0 0.0 6.738844 94.388924 197.294128 84.955559 4.228439 85.110977 4.112519 3.837892 1.519369 -9.345792 0.819289 3.659233 18.58602 0.483057 3.29104 22.136703 -6.653723 2.191686 -2.580233 -0.67736 -2.367774 -39.508926 -1.124366 -3.62241 6e-06 0.0 0.0 0.048781 0.054963 0.107048 -0.071297 -0.028012 0.086497 -0.069648 0.115783 0.118874 -114.54071 -66.122337 132.019012 16.825609 -64.461884 8.507447 24.130184 0.385983 0.050378 -0.933355 -1.916083 11.352432 17.636837 -26.323034 52.411518 -19.466908 -14.395749 29.410675 -6e-06 -8.77495 -5e-06 16.251787 -18.261166 6.096927 -0.609779 -1.79567 -3.889353 -4.807136 -11.046947 -2.93787 1.3e-05 -20.976364 1.7e-05 -5.020057 -25.034067 -4.031923 4e-06 1e-06 -1e-06 -10.634626 -5.68702 -3.565604 10.57341 -17.923193 -3.113931 9e-06 -13.821439 1e-05 -0.501777 -31.182198 -4.027065 -11.700112 -60.512035 7.564777 -13.982838 -7.150259 -2.875052 13.772893 -8.401607 -3.218275 0.347748 -34.212208 0.771693 -0.963047 -17.733763 2.621094 0.0 -2e-06 -0.0 -17.346581 -20.095409 -4.201779 21.757801 -1.638407 3.866465 5e-06 -6.338927 4e-06 -1.697601 -22.592216 -6.194106 0.0 -4e-06 -2e-06 -175.912064 -82.006432 5.851858 56.568207 -62.189606 -24.141951 44.03186 0.706328 -0.046791 3.622153 11.866767 6.895992 22.182148 -20.375914 49.933643 -16.702078 -16.743692 28.476849 -2.4e-05 -12.690739 2.8e-05 16.103275 -18.28787 2.948048 -0.105915 -1.513879 -4.275917 -5.039075 -5.612926 -2.953582 1.8e-05 -11.020638 -3.9e-05 -6.111327 -15.895553 -3.84056 -0.0 0.0 -1e-06 -10.283438 -5.680343 -4.341857 11.028401 -11.302499 -2.372704 -1.384247 -14.238735 -6.320222 -0.625321 -26.924557 -3.827754 -5.082064 -50.685661 -3.009809 -13.708616 -7.363541 -3.720951 18.141329 -14.052855 -3.242773 4.3e-05 -18.787447 -6.3e-05 -0.429696 -8.456136 2.555511 4e-06 -0.0 0.0 -15.923645 -20.094654 -5.473624 30.419498 -7.190884 1.735867 1.2e-05 -8.162993 -2e-05 -1.861842 -22.861732 -6.16808 -3e-06 -0.0 -3e-06 151.119232 -10.357845 -12.657593 14.742951 0.057679 -0.594202 -77.17334 -10.207932 -5.974258 -9.322773 1.924527 1.917946 -0.999997 -3e-06 0.0 23.273706 5.512733 2.97234 7.74028 -0.127707 0.084999 -88.927589 2.687181 3.090307 -6.933287 0.550369 1.643127 -1.0 0.0 -0.0 
0.0 0.0 0.0 0.0 -0.0 0.0 7.778124 92.407166 204.586197 84.579567 4.113317 82.725014 4.108216 4.32067 1.56888 -9.323133 1.084835 4.356778 18.840328 0.512752 3.724943 22.327677 -8.01987 2.131367 -2.566399 -0.560622 -1.926245 -39.680496 -0.735079 -3.391014 6e-06 -0.0 0.0 0.043609 0.0325 0.025421 -0.078719 -0.056067 -0.000575 -0.066404 0.095559 0.043374 -115.576408 -63.557411 133.674637 14.367862 -63.807335 8.954007 22.588982 0.854009 0.026944 -0.830631 -1.343624 10.645407 17.63662 -26.322718 52.411186 -19.466639 -14.395607 29.410395 6e-06 -8.774838 -4e-06 16.183134 -18.373623 6.274439 -0.609777 -1.795652 -3.889328 -4.807099 -11.046809 -2.93785 -8e-06 -20.976036 2e-06 -5.019992 -25.033625 -4.031909 5e-06 1e-06 -0.0 -10.634536 -5.686974 -3.565586 10.573269 -17.922941 -3.113898 -5e-06 -13.821221 3e-06 -0.50179 -31.181597 -4.027036 -12.068156 -60.910042 7.961329 -13.982717 -7.1502 -2.87504 13.772732 -8.401478 -3.218241 0.347709 -34.211578 0.771665 -0.963044 -17.733425 2.621033 1e-06 0.0 0.0 -17.34643 -20.095215 -4.201777 21.757578 -1.638363 3.866433 -3e-06 -6.338827 3e-06 -1.697607 -22.591803 -6.194039 0.0 -8e-06 -1e-06 -167.00441 -79.5084 -3.922399 60.244289 -59.873936 -30.077353 47.403748 0.748411 0.221686 2.245523 13.125598 5.740502 22.182089 -20.375891 49.933228 -16.701784 -16.743498 28.476479 -1.7e-05 -12.690577 -1e-06 16.067574 -18.206938 2.915787 -0.105918 -1.513852 -4.275873 -5.039025 -5.61286 -2.953554 1.9e-05 -11.020518 -0.0 -6.111267 -15.895341 -3.840473 3e-06 0.0 -2e-06 -10.283348 -5.680273 -4.341831 11.028279 -11.302392 -2.372625 -1.384247 -14.238564 -6.320116 -0.625401 -26.924212 -3.827591 -4.891743 -50.410324 -3.273705 -13.708494 -7.363452 -3.720936 18.141125 -14.052735 -3.242666 3.1e-05 -18.787262 4e-06 -0.4297 -8.456059 2.555516 1e-06 0.0 -2e-06 -15.923491 -20.094431 -5.473578 30.419146 -7.19084 1.73592 9e-06 -8.162927 4e-06 -1.86187 -22.861506 -6.167932 -3e-06 -2e-06 -3e-06 149.547653 -11.270128 -12.072789 8.229172 0.065787 -0.36788 -77.73304 -9.559372 -6.614795 -9.719811 2.090824 1.740389 -0.999999 0.0 1e-06 27.791557 3.537431 0.517483 7.832003 -0.08857 0.271447 -90.705078 6.965407 1.970135 -8.832426 0.531299 1.604622 -0.999999 0.0 -0.0 
0.0 0.0 0.0 0.0 -0.0 0.0 8.908772 91.035042 211.877014 85.25415 3.448322 81.330406 3.451357 4.189677 1.625489 -9.574052 1.310367 4.973534 18.815149 0.10877 3.979304 22.375303 -8.493197 2.228047 -2.629265 -0.475044 -1.736481 -38.584621 -0.189434 -3.328432 6e-06 0.0 1e-06 -0.007081 0.0121 -0.043387 -0.111937 -0.048032 -0.065333 -0.114302 0.047287 -0.027423 -117.671936 -61.570904 136.371155 13.355926 -62.70417 8.100812 20.2421 1.017507 0.099475 -0.706701 -0.417001 10.303882 17.636593 -26.322535 52.411079 -19.466553 -14.395609 29.410303 7e-06 -8.774825 -9e-06 16.262604 -18.148067 6.315332 -0.609776 -1.795642 -3.889317 -4.807091 -11.046721 -2.937848 1.5e-05 -20.975824 -2.2e-05 -5.019937 -25.033333 -4.031934 7e-06 5e-06 1e-06 -10.634533 -5.686944 -3.565578 10.573261 -17.922791 -3.113895 5e-06 -13.821083 -3e-06 -0.501764 -31.181217 -4.027028 -11.983831 -61.03513 8.078357 -13.982712 -7.150165 -2.875035 13.772718 -8.401416 -3.218235 0.347744 -34.211201 0.771639 -0.96302 -17.733208 2.621017 0.0 1e-06 0.0 -17.346424 -20.095095 -4.201788 21.757559 -1.638364 3.86643 1e-06 -6.338767 3e-06 -1.697596 -22.591532 -6.19401 1e-06 -3e-06 -1e-06 -163.518311 -78.527107 -7.568863 62.195736 -58.284531 -34.724411 50.132999 0.865597 0.586261 0.96038 15.113175 3.956297 22.182144 -20.375807 49.933094 -16.701731 -16.743456 28.476366 1e-05 -12.690572 -1.7e-05 16.31917 -17.937834 2.667339 -0.105926 -1.513854 -4.275861 -5.039042 -5.612869 -2.953541 -4e-06 -11.020526 7e-06 -6.111301 -15.895353 -3.840458 -3e-06 1e-06 -1e-06 -10.283358 -5.680286 -4.341824 11.028263 -11.302389 -2.372604 -1.38429 -14.238583 -6.320098 -0.625465 -26.924242 -3.827589 -4.397552 -50.112484 -3.633963 -13.708509 -7.363473 -3.720926 18.14109 -14.052724 -3.242634 -4e-06 -18.787279 -4e-06 -0.429707 -8.456061 2.555502 8e-06 -2e-06 -1e-06 -15.923532 -20.094471 -5.473554 30.419136 -7.190805 1.735967 6e-06 -8.162933 -4e-06 -1.861884 -22.861532 -6.167958 -3e-06 -3e-06 -2e-06 148.23291 -10.731798 -12.572011 8.069115 0.099379 -0.305801 -78.614998 -9.454067 -5.456158 -10.379025 2.037657 1.768329 -1.000001 -2e-06 0.0 31.875168 0.675866 -2.947288 7.200034 0.019093 0.392082 -88.44413 11.455128 1.471379 -13.416967 0.59599 1.527545 -1.000003 0.0 0.0 
0.0 0.0 0.0 0.0 -0.0 0.0 10.192055 90.654625 219.475525 87.438103 1.95977 80.915878 1.855719 2.917924 1.691602 -10.190752 1.461652 5.497095 18.320175 -0.499727 4.185618 22.421194 -7.870614 2.41819 -2.690669 -0.530907 -1.758183 -36.32563 0.314682 -3.48242 6e-06 -1e-06 -0.0 -0.022222 0.021885 -0.035999 -0.145312 -0.039733 -0.063156 -0.171266 0.06406 -0.013577 -121.346184 -60.131714 140.131882 12.262473 -60.880352 7.852584 17.469358 0.828867 0.108022 -0.469429 -0.074862 10.513019 17.636585 -26.322653 52.411133 -19.466661 -14.395563 29.410381 -5e-06 -8.774811 -3e-06 16.237486 -18.117273 6.446538 -0.609775 -1.795653 -3.889324 -4.807078 -11.046798 -2.937856 2.2e-05 -20.976028 -1.7e-05 -5.019932 -25.033615 -4.031907 6e-06 -2e-06 2e-06 -10.63451 -5.686963 -3.565588 10.573259 -17.922939 -3.11391 1.3e-05 -13.821213 -8e-06 -0.501724 -31.181583 -4.027045 -11.258854 -60.877102 7.606621 -13.982684 -7.150189 -2.875045 13.772707 -8.401489 -3.218242 0.347767 -34.211575 0.771626 -0.963012 -17.733419 2.621024 -0.0 1e-06 -0.0 -17.346376 -20.095188 -4.201792 21.757523 -1.638377 3.866424 6e-06 -6.338825 -3e-06 -1.697553 -22.591816 -6.194052 1e-06 -4e-06 -2e-06 -161.703812 -80.060257 -8.882095 60.95998 -57.525719 -36.679913 52.49971 0.479232 0.722259 0.892077 17.394533 2.395772 22.182079 -20.375849 49.933189 -16.701759 -16.743456 28.476446 -1.3e-05 -12.690551 -4e-06 16.200392 -17.864758 2.766401 -0.10592 -1.513851 -4.275874 -5.039023 -5.612856 -2.953551 1.9e-05 -11.020507 -4e-06 -6.11125 -15.895328 -3.840474 3e-06 3e-06 0.0 -10.283339 -5.680267 -4.341833 11.028257 -11.302382 -2.372618 -1.38425 -14.23855 -6.320109 -0.625404 -26.92416 -3.827592 -4.617952 -50.394413 -3.343964 -13.708479 -7.363451 -3.720937 18.141081 -14.052715 -3.242652 2.1e-05 -18.787235 3e-06 -0.429705 -8.456043 2.555512 3e-06 -2e-06 -2e-06 -15.923473 -20.094423 -5.473584 30.419092 -7.190825 1.735929 7e-06 -8.162911 1e-06 -1.86186 -22.861454 -6.167927 2e-06 -3e-06 -2e-06 147.118622 -8.126259 -13.370596 12.592993 0.217692 -0.165584 -75.516289 -9.661709 -1.844174 -11.539911 1.889162 2.018993 -1.000002 1e-06 -1e-06 33.4044 -3.199233 -7.100294 9.250306 0.077517 0.750347 -82.115128 14.578826 2.936238 -22.933496 0.816916 1.432639 -0.999998 -0.0 -0.0 
0.0 0.0 0.0 0.0 -0.0 0.0 11.44301 91.191742 227.5327 90.909584 0.655711 81.694016 0.36366 0.998264 1.610915 -10.777836 1.316179 5.905166 17.877769 -1.879769 3.759678 22.329292 -6.528965 2.68598 -2.740946 -0.518824 -2.00566 -34.548595 0.655245 -3.645432 6e-06 0.0 0.0 -0.050429 0.041844 -0.065913 -0.04746 -0.022984 -0.062754 -0.105301 0.090395 -0.074824 -124.746658 -59.66552 142.743576 11.997159 -59.08007 7.867782 14.874994 0.647269 0.055302 -0.966008 -1.264422 11.33778 17.636759 -26.322664 52.411125 -19.466719 -14.395679 29.410385 1.7e-05 -8.774904 -1.4e-05 16.652161 -18.14151 6.281394 -0.60978 -1.795659 -3.889328 -4.807145 -11.046842 -2.93785 -1e-05 -20.97608 -2e-05 -5.020032 -25.033686 -4.031967 6e-06 -1e-06 -0.0 -10.63461 -5.686999 -3.565575 10.573336 -17.922983 -3.113914 -4e-06 -13.821258 -1.5e-05 -0.501783 -31.1817 -4.027102 -11.213969 -60.759109 7.742181 -13.982815 -7.150232 -2.875024 13.772826 -8.401493 -3.218249 0.347728 -34.211678 0.771616 -0.963019 -17.733463 2.62101 -0.0 -0.0 1e-06 -17.346575 -20.095287 -4.201755 21.757736 -1.638363 3.86646 -3e-06 -6.338839 -7e-06 -1.697631 -22.591858 -6.194086 1e-06 -0.0 -2e-06 -160.522095 -83.274277 -9.376999 58.740032 -57.513779 -37.117859 54.158348 0.03997 0.796347 1.995534 19.529135 3.157867 22.182156 -20.375904 49.933453 -16.701834 -16.743607 28.476618 3.4e-05 -12.690673 1e-06 16.002613 -17.914162 2.86129 -0.105921 -1.513859 -4.27589 -5.039078 -5.612906 -2.953562 -2.8e-05 -11.020576 -0.0 -6.111387 -15.895471 -3.840505 -3e-06 3e-06 -0.0 -10.283422 -5.680327 -4.341838 11.028314 -11.302415 -2.372638 -1.384321 -14.238663 -6.320158 -0.625495 -26.924383 -3.827672 -4.73067 -50.52037 -3.18874 -13.708594 -7.36353 -3.720931 18.141197 -14.052739 -3.242684 -4.4e-05 -18.787359 -1.4e-05 -0.429732 -8.456103 2.555511 -0.0 -0.0 -1e-06 -15.923659 -20.094589 -5.473571 30.419344 -7.19077 1.735956 -2e-05 -8.162962 -7e-06 -1.861964 -22.861649 -6.16803 1e-06 -3e-06 -0.0 144.805176 -3.997999 -13.629833 20.076233 0.094325 -0.289217 -64.622093 -10.372763 1.735739 -9.250112 1.602787 2.167111 -1.000001 0.0 0.0 31.091555 -7.78819 -11.042123 17.174435 -0.237378 1.040769 -72.659264 14.851101 5.328177 -33.850204 1.031996 1.31389 -1.000001 -0.0 -0.0 
0.0 0.0 0.0 0.0 -0.0 0.0 12.559828 92.074234 235.798065 93.181793 1.294503 83.512047 0.312149 0.246816 1.460017 -10.779877 0.986328 5.805617 17.614309 -3.24233 3.350122 22.869125 -5.472324 2.509616 -2.65583 -0.601744 -2.509132 -34.323818 0.605267 -3.656264 6e-06 -0.0 -1e-06 -0.042036 0.049742 -0.03378 0.051536 -0.019753 -0.00642 -0.003018 0.102357 -0.071023 -124.553238 -61.487919 142.244797 15.075925 -59.795685 5.864398 13.069448 0.350444 0.009884 -2.231251 -2.709957 12.755169 17.636868 -26.322878 52.411278 -19.466784 -14.395623 29.410458 -3e-06 -8.774896 -2.6e-05 16.692471 -18.190454 6.142283 -0.609782 -1.795666 -3.889336 -4.807124 -11.046904 -2.93786 1.1e-05 -20.976271 1.5e-05 -5.020022 -25.033943 -4.031912 8e-06 2e-06 2e-06 -10.634599 -5.687003 -3.565599 10.573348 -17.923111 -3.113894 1.2e-05 -13.821368 7e-06 -0.501769 -31.182011 -4.027045 -11.48618 -60.605587 7.564149 -13.982799 -7.150239 -2.875054 13.772822 -8.401572 -3.218231 0.347759 -34.212025 0.771674 -0.963023 -17.73366 2.621071 -1e-06 -1e-06 -1e-06 -17.346533 -20.095346 -4.201784 21.757708 -1.638402 3.866489 9e-06 -6.338899 -1e-06 -1.697587 -22.59211 -6.194088 1e-06 -7e-06 -2e-06 -167.296387 -84.454651 -1.978643 59.202652 -60.104382 -39.927776 54.482746 -0.046677 0.553454 4.190636 21.708651 3.407883 22.182167 -20.375996 49.933689 -16.701962 -16.743645 28.476807 2e-06 -12.690695 1.8e-05 16.199547 -17.850996 2.74352 -0.105917 -1.513868 -4.275914 -5.039074 -5.612917 -2.953581 1e-06 -11.020622 -1.7e-05 -6.111338 -15.895534 -3.840539 -2e-06 -2e-06 2e-06 -10.283425 -5.680335 -4.341865 11.02836 -11.302476 -2.372675 -1.384271 -14.238716 -6.320206 -0.625403 -26.924517 -3.827714 -4.52106 -50.795212 -3.411404 -13.708597 -7.363536 -3.720959 18.14126 -14.052821 -3.242728 2e-06 -18.787432 -2.9e-05 -0.42972 -8.456137 2.555523 1e-06 -3e-06 2e-06 -15.923632 -20.094635 -5.473625 30.419405 -7.190844 1.735906 -3e-06 -8.16299 -1e-05 -1.861895 -22.86175 -6.168058 -3e-06 -1e-06 -0.0 145.664078 -0.417918 -13.362341 27.866793 0.032198 -0.37806 -65.145805 -10.272559 2.491656 -6.826975 1.591613 2.182389 -1.000002 -0.0 0.0 26.889463 -10.893429 -12.138019 30.761824 -0.838287 1.145518 -60.556576 11.278643 5.463163 -31.238947 0.912018 1.248864 -1.000005 0.0 0.0 
0.0 0.0 0.0 0.0 -0.0 0.0 13.677737 93.202744 243.324692 95.56942 2.583471 85.086838 0.858667 -0.628001 1.167379 -10.581993 0.645606 5.634482 17.620359 -4.298866 2.688205 23.655909 -5.168226 2.613351 -2.649136 -0.777027 -2.73931 -34.384109 0.43949 -4.111509 6e-06 -0.0 -0.0 0.033074 0.059739 0.07512 0.094189 -0.027331 0.097224 0.074083 0.125614 0.044804 -123.892693 -63.282803 141.571991 20.137272 -60.409622 2.773219 13.376735 -0.043485 -0.034181 -3.04301 -3.695937 12.875966 17.636805 -26.322958 52.411407 -19.466818 -14.395678 29.410557 -6e-06 -8.774904 -1.3e-05 16.766148 -18.487915 5.989751 -0.609778 -1.795665 -3.889344 -4.807118 -11.04691 -2.937862 1.3e-05 -20.976284 2.4e-05 -5.020034 -25.03396 -4.031892 9e-06 3e-06 -0.0 -10.634594 -5.687002 -3.565601 10.573359 -17.923124 -3.113907 1e-05 -13.82138 1.4e-05 -0.501781 -31.182028 -4.027025 -11.60749 -60.913937 7.404902 -13.982795 -7.150238 -2.875051 13.772834 -8.401578 -3.21825 0.347747 -34.212048 0.771698 -0.963041 -17.733673 2.621083 1e-06 4e-06 -0.0 -17.346523 -20.095352 -4.201784 21.757719 -1.638402 3.866465 7e-06 -6.338906 5e-06 -1.697591 -22.592125 -6.194075 -1e-06 -8e-06 -2e-06 -176.868088 -84.700951 7.650977 60.277992 -63.039322 -41.449413 53.008038 -0.021405 0.361612 5.389033 22.184025 2.653663 22.182192 -20.375996 49.933846 -16.702026 -16.743677 28.476915 -3e-06 -12.690734 1.2e-05 16.283117 -17.852621 2.901529 -0.105922 -1.513871 -4.27592 -5.039086 -5.612928 -2.953598 3e-06 -11.020638 -3.6e-05 -6.111358 -15.89558 -3.840589 -5e-06 -1e-06 1e-06 -10.283442 -5.680344 -4.341884 11.028389 -11.302485 -2.372691 -1.384267 -14.238746 -6.32025 -0.625359 -26.924593 -3.827773 -4.60115 -50.931343 -3.161283 -13.70862 -7.363546 -3.720977 18.14131 -14.052835 -3.242755 2.1e-05 -18.78746 -4.5e-05 -0.429714 -8.456146 2.555526 -3e-06 -1e-06 -1e-06 -15.923656 -20.094652 -5.473661 30.419477 -7.190858 1.73591 2e-06 -8.163 -1.2e-05 -1.861879 -22.861773 -6.168107 -1e-06 -2e-06 0.0 150.624069 3.906596 -13.175765 29.661692 0.110751 -0.475459 -68.461555 -10.788874 2.698043 -5.584341 1.547267 2.167698 -0.999998 -0.0 -0.0 20.230936 -13.877217 -11.184249 46.297997 -0.929885 0.85925 -52.45105 7.024205 3.515593 -12.336558 0.732763 1.164567 -1.000003 0.0 -0.0 
0.0 0.0 0.0 0.0 -0.0 0.0 14.690462 94.9394 250.531906 97.499565 3.576855 85.808914 1.402685 -1.350769 0.875297 -10.319878 0.319105 5.40314 17.617619 -4.819382 1.947687 24.364906 -5.401693 2.598408 -2.635852 -0.779622 -2.628718 -34.916592 0.183399 -3.875355 5e-06 -0.0 0.0 0.057441 0.050534 0.076221 0.086169 -0.019247 0.089899 0.060543 0.099837 0.059118 -124.124184 -63.88942 141.682938 26.377371 -59.81728 -2.347467 14.824072 -0.248819 -0.055889 -2.463672 -3.058342 11.342586 17.636877 -26.322916 52.411373 -19.466797 -14.395664 29.410511 4e-06 -8.774913 -2.2e-05 16.535852 -18.570984 5.930593 -0.609783 -1.795667 -3.889342 -4.807136 -11.046908 -2.937863 1e-06 -20.976259 1.5e-05 -5.020044 -25.033922 -4.031925 7e-06 -1e-06 -0.0 -10.634618 -5.687011 -3.565602 10.573359 -17.923109 -3.113899 4e-06 -13.821359 7e-06 -0.501792 -31.181955 -4.027053 -11.403547 -60.781136 6.81344 -13.982824 -7.15025 -2.875054 13.772844 -8.401567 -3.21824 0.347738 -34.21199 0.771681 -0.963037 -17.733637 2.621069 1e-06 -0.0 -0.0 -17.346571 -20.095367 -4.201785 21.757748 -1.638396 3.866489 3e-06 -6.338891 1e-06 -1.697611 -22.592064 -6.194089 0.0 -4e-06 -2e-06 175.969482 -84.86657 15.074246 61.385227 -65.077446 -40.948402 49.785057 0.097696 0.126221 6.114107 21.72014 1.854481 22.182169 -20.375946 49.933735 -16.702044 -16.743773 28.476896 2.2e-05 -12.690805 2.7e-05 16.121037 -17.879517 3.037642 -0.105916 -1.513872 -4.275921 -5.039111 -5.612942 -2.953583 -1.4e-05 -11.020657 -2.8e-05 -6.11143 -15.895619 -3.840563 -5e-06 -1e-06 -2e-06 -10.28347 -5.680361 -4.341857 11.028414 -11.302479 -2.372703 -1.384304 -14.238765 -6.320232 -0.62542 -26.924622 -3.827773 -4.50073 -50.769569 -3.257795 -13.708663 -7.363569 -3.720944 18.141369 -14.052821 -3.242775 -2.3e-05 -18.787497 -5.2e-05 -0.429726 -8.456161 2.555515 -0.0 0.0 0.0 -15.923739 -20.094696 -5.473606 30.419621 -7.19081 1.7359 -1.4e-05 -8.163013 -2e-05 -1.861955 -22.861818 -6.16813 0.0 -1e-06 2e-06 157.531204 8.053411 -12.10639 27.258009 0.042883 -0.441443 -72.293709 -11.867375 2.230221 -5.661047 1.597626 2.151848 -1.000001 1e-06 1e-06 11.997722 -15.999172 -9.756612 59.131367 -0.675982 0.501073 -59.391399 1.813471 3.122858 -10.447113 0.715718 1.281048 -1.000002 -0.0 0.0 
0.0 0.0 0.0 0.0 -0.0 0.0 15.437401 96.913803 257.407776 97.052307 4.262458 86.345207 1.865189 -1.047297 0.67567 -10.09987 0.203851 4.665058 17.472151 -4.263651 1.059288 25.073606 -5.654987 2.63115 -2.630096 -0.822187 -2.084471 -34.818077 -0.047422 -3.122807 6e-06 -0.0 0.0 0.057474 0.041453 0.05584 0.079514 -0.009433 0.063905 0.029819 0.075744 0.048247 -124.352219 -64.465286 141.824203 32.727379 -59.255695 -9.725575 16.743071 0.012639 -0.095705 -1.195142 -0.072738 9.526671 17.63658 -26.322741 52.411232 -19.466616 -14.3956 29.410402 2e-06 -8.774822 1e-06 16.400553 -18.212326 5.972796 -0.609777 -1.795649 -3.889327 -4.807086 -11.046789 -2.937848 -1e-06 -20.975996 8e-06 -5.019973 -25.033575 -4.03189 6e-06 5e-06 -1e-06 -10.634521 -5.686961 -3.565587 10.573256 -17.922909 -3.113892 -4e-06 -13.821196 1.1e-05 -0.501794 -31.181524 -4.027005 -10.998218 -60.503242 6.642962 -13.982696 -7.150186 -2.875043 13.772714 -8.401471 -3.218241 0.347706 -34.211525 0.771689 -0.963053 -17.733398 2.621045 0.0 1e-06 1e-06 -17.346397 -20.095179 -4.201784 21.757542 -1.638367 3.866422 -2e-06 -6.338821 8e-06 -1.697595 -22.591776 -6.194016 -0.0 -3e-06 -2e-06 169.971603 -84.540985 21.16716 63.392708 -67.230743 -39.872967 44.488686 0.295962 -0.195535 6.058788 18.969969 0.538666 22.182076 -20.375832 49.933308 -16.701777 -16.743488 28.476511 -7e-06 -12.690575 -3e-06 16.007 -17.740473 3.09173 -0.105921 -1.513854 -4.275877 -5.039031 -5.612854 -2.953562 8e-06 -11.020494 -1.2e-05 -6.111264 -15.895312 -3.840513 -0.0 -2e-06 1e-06 -10.283354 -5.680275 -4.341842 11.028271 -11.302365 -2.372633 -1.384252 -14.238538 -6.320138 -0.625371 -26.924122 -3.827646 -4.26282 -50.658077 -3.258002 -13.708503 -7.363462 -3.720943 18.141117 -14.052697 -3.242669 2e-05 -18.787212 -9e-06 -0.429706 -8.456031 2.555512 -1e-06 4e-06 -3e-06 -15.923504 -20.094437 -5.473601 30.41914 -7.19081 1.73593 6e-06 -8.162901 4e-06 -1.861869 -22.861404 -6.167946 0.0 -3e-06 -1e-06 165.80481 9.557631 -9.716542 21.934465 -0.006171 -0.196827 -74.770714 -12.46034 1.721951 -6.014502 1.611379 2.136875 -0.999999 0.0 -0.0 3.265857 -14.267817 -7.423344 65.794167 -0.342387 0.322202 -66.449699 -2.938472 3.591609 -10.59236 0.673633 1.411525 -1.0 -0.0 1e-06 
0.0 0.0 0.0 0.0 -0.0 0.0 15.907928 98.521324 263.973145 95.156738 4.709692 87.510651 2.417459 -0.354138 0.394537 -9.88636 0.178883 3.46833 17.039631 -2.969767 -0.006728 25.584009 -5.524506 2.637834 -2.620394 -0.759326 -1.453463 -34.587555 -0.249355 -2.157079 6e-06 -0.0 -0.0 0.052057 0.030767 0.005924 0.039846 -0.004707 0.003831 -0.012336 0.052937 0.009642 -123.414566 -66.325943 140.326996 38.272366 -59.580021 -17.039938 19.386684 0.259153 -0.149707 -0.625658 2.755609 8.731685 17.636787 -26.32276 52.411297 -19.466854 -14.39576 29.410553 9e-06 -8.774954 -5e-06 16.085514 -18.143337 6.181973 -0.609779 -1.795668 -3.889344 -4.807157 -11.0469 -2.937864 2e-06 -20.976219 -2.6e-05 -5.020053 -25.033894 -4.031984 7e-06 2e-06 0.0 -10.634643 -5.687018 -3.565582 10.573397 -17.923077 -3.113947 0.0 -13.821336 -2e-05 -0.501766 -31.181929 -4.027129 -11.090085 -60.212566 6.886188 -13.98286 -7.150257 -2.875026 13.772897 -8.401541 -3.218281 0.347752 -34.211918 0.771605 -0.963017 -17.733604 2.621025 -1e-06 -0.0 1e-06 -17.346632 -20.095366 -4.201762 21.757841 -1.638375 3.866457 -2e-06 -6.338884 -1e-05 -1.697627 -22.592058 -6.194131 0.0 -2e-06 -2e-06 160.682709 -84.069908 30.265726 64.825294 -69.847672 -38.310516 38.467857 0.229053 -0.337352 5.275084 14.324036 -0.26826 22.182283 -20.375933 49.933609 -16.70195 -16.743662 28.476748 2.3e-05 -12.690756 -1.2e-05 15.982182 -17.665043 3.032437 -0.105923 -1.513868 -4.275907 -5.039102 -5.61293 -2.953582 -1.6e-05 -11.020642 -1.4e-05 -6.111406 -15.895587 -3.840556 -3e-06 -1e-06 1e-06 -10.283461 -5.680348 -4.341857 11.028382 -11.302475 -2.372659 -1.38431 -14.238742 -6.320211 -0.625447 -26.924595 -3.827729 -4.130673 -50.356792 -3.305181 -13.708644 -7.363553 -3.720953 18.141298 -14.052821 -3.242703 -1.4e-05 -18.787466 -2.9e-05 -0.429721 -8.456158 2.555526 5e-06 -2e-06 -0.0 -15.923709 -20.09466 -5.473608 30.4195 -7.190835 1.73597 -3e-06 -8.163005 -1.1e-05 -1.861934 -22.861814 -6.1681 0.0 2e-06 -2e-06 174.065735 9.051082 -6.500368 16.039463 -0.048506 0.039445 -76.437897 -12.886143 1.254208 -6.216542 1.617253 2.111832 -1.0 -0.0 0.0 -4.669238 -10.140073 -6.044231 67.085823 0.08356 0.166814 -71.318497 -4.757415 3.882962 -10.606057 0.630767 1.470559 -1.000006 -0.0 -1e-06 
0.0 0.0 0.0 0.0 -0.0 0.0 16.207132 99.434853 270.592896 93.260529 4.708135 89.557625 2.776124 0.102149 0.102742 -9.773489 0.091957 2.115195 16.724564 -1.663928 -1.201764 25.444593 -4.633413 2.607052 -2.613056 -0.645559 -0.997255 -34.551632 -0.376524 -1.3847 6e-06 -0.0 0.0 0.044122 0.022268 -0.04638 -0.002722 -0.00077 -0.059226 -0.041781 0.034337 -0.032129 -122.04644 -69.144501 138.035492 42.975101 -59.368557 -22.67905 22.696554 0.106586 -0.196874 -0.587008 3.88959 9.368547 17.636589 -26.322622 52.411114 -19.466562 -14.39558 29.410324 1e-05 -8.774813 -7e-06 15.81293 -18.280859 6.307334 -0.609778 -1.795645 -3.889318 -4.807095 -11.046759 -2.937846 -1e-05 -20.975916 -4e-06 -5.019965 -25.033476 -4.031912 6e-06 -1e-06 0.0 -10.634528 -5.686955 -3.56558 10.573236 -17.922852 -3.113884 -7e-06 -13.821146 3e-06 -0.501788 -31.181406 -4.027028 -11.477903 -59.895596 7.221771 -13.982703 -7.150181 -2.875035 13.772701 -8.40144 -3.218231 0.3477 -34.211388 0.771664 -0.963043 -17.733322 2.621024 0.0 -2e-06 -1e-06 -17.346413 -20.095142 -4.201776 21.75754 -1.638354 3.866431 -5e-06 -6.338794 4e-06 -1.697609 -22.591663 -6.194015 -1e-06 -5e-06 -3e-06 140.279175 -84.189751 50.7048 61.815392 -72.350388 -33.620255 33.46999 0.006017 -0.247106 4.712958 10.514141 -0.079585 22.182106 -20.375885 49.933205 -16.701668 -16.743505 28.476389 2e-05 -12.690574 -6e-06 16.064075 -17.682121 2.911288 -0.105924 -1.513846 -4.275866 -5.039044 -5.612851 -2.953542 -1.3e-05 -11.020481 1.5e-05 -6.111317 -15.895291 -3.840452 0.0 -3e-06 -1e-06 -10.283364 -5.680276 -4.341823 11.028253 -11.302341 -2.372599 -1.384296 -14.238515 -6.320079 -0.625494 -26.924076 -3.827559 -4.162519 -50.027004 -3.46479 -13.708516 -7.363463 -3.720924 18.141087 -14.052654 -3.242627 -3.3e-05 -18.787205 2.6e-05 -0.429726 -8.456026 2.555513 -1e-06 3e-06 -3e-06 -15.923547 -20.094421 -5.473548 30.419153 -7.190762 1.735962 -1.4e-05 -8.1629 1.2e-05 -1.861949 -22.861418 -6.167904 1e-06 -3e-06 1e-06 -178.829483 7.741988 -3.410191 11.069493 -0.071442 0.12883 -77.92762 -12.881064 1.004893 -6.24069 1.606331 2.102105 -0.999999 -0.0 -0.0 -12.086953 -6.174749 -6.141202 64.433823 0.408998 -0.133656 -74.483528 -4.569031 3.102833 -10.513393 0.607259 1.490415 -1.000004 -0.0 -0.0 
0.0 0.0 0.0 0.0 -0.0 0.0 16.39253 99.617111 277.336121 91.992287 4.393539 92.357262 2.907023 0.128764 -0.143199 -9.730253 -0.109113 0.756591 16.6276 -0.622465 -2.426177 24.887369 -3.242748 2.571681 -2.627378 -0.586445 -0.746332 -34.987965 -0.432632 -1.00616 6e-06 -0.0 -0.0 0.036139 0.016748 -0.078547 -0.028007 -0.00904 -0.096386 -0.040048 0.03256 -0.058031 -120.441483 -72.387833 135.506302 46.776245 -58.152676 -26.273663 26.475382 -0.167746 -0.202726 -0.662516 3.779878 10.522871 17.636766 -26.322926 52.411503 -19.467007 -14.395721 29.410702 -2.1e-05 -8.774931 2e-06 15.617625 -18.451635 6.374059 -0.609775 -1.795681 -3.889357 -4.807114 -11.046955 -2.937889 5.3e-05 -20.976364 -3.7e-05 -5.019978 -25.03405 -4.031948 7e-06 0.0 0.0 -10.634615 -5.687028 -3.565607 10.573425 -17.923216 -3.113979 3.7e-05 -13.821432 -2.4e-05 -0.501662 -31.182184 -4.027126 -11.943311 -59.547791 7.625291 -13.982821 -7.150265 -2.875054 13.772885 -8.401628 -3.218301 0.347849 -34.21217 0.771578 -0.962984 -17.733719 2.621047 -1e-06 -0.0 -1e-06 -17.346552 -20.095446 -4.201806 21.757784 -1.638422 3.866442 1.5e-05 -6.338923 -1.5e-05 -1.697533 -22.592199 -6.194147 -1e-06 -5e-06 -3e-06 109.148544 -83.601997 82.388222 52.901871 -74.369751 -24.891745 29.722109 -0.103451 -0.070465 4.504539 8.308552 0.808474 22.182325 -20.376143 49.933891 -16.702223 -16.743713 28.477041 -4.6e-05 -12.690791 1.4e-05 16.153542 -17.672762 2.827294 -0.105915 -1.513886 -4.275935 -5.039088 -5.612973 -2.95361 3.6e-05 -11.020789 -2.6e-05 -6.111338 -15.895788 -3.840565 -1e-06 -2e-06 -1e-06 -10.283463 -5.680361 -4.34189 11.028462 -11.302645 -2.372705 -1.384228 -14.238921 -6.320265 -0.625335 -26.925022 -3.827734 -4.180089 -49.854866 -3.571561 -13.708647 -7.363568 -3.720989 18.141426 -14.053049 -3.242783 7.8e-05 -18.787716 -4.7e-05 -0.429688 -8.456275 2.555551 -1e-06 -0.0 -2e-06 -15.923662 -20.094782 -5.473665 30.419594 -7.19101 1.735881 2.7e-05 -8.163104 -2.3e-05 -1.861802 -22.862127 -6.168147 1e-06 -1e-06 1e-06 -173.073212 6.366653 -0.962407 7.731308 -0.066692 0.081366 -79.726448 -12.274707 1.08117 -6.07268 1.595862 2.125203 -1.000001 0.0 0.0 -18.815226 -3.703526 -7.292457 58.457638 0.388449 -0.391708 -76.014297 -4.277574 1.372252 -10.435488 0.604988 1.508443 -1.000004 0.0 -0.0 
0.0 0.0 0.0 0.0 -0.0 0.0 16.538488 99.111107 283.885284 91.40255 3.992138 95.513512 2.935172 -0.207398 -0.413681 -9.72086 -0.381338 -0.597742 16.708523 0.046436 -3.61268 24.30875 -1.704253 2.532652 -2.64946 -0.572578 -0.770658 -35.9002 -0.445282 -0.7729 5e-06 -0.0 0.0 0.037194 0.008357 -0.081299 -0.027235 -0.02902 -0.096038 -0.013903 0.036331 -0.062239 -117.699936 -75.658867 131.978546 49.836777 -56.275978 -28.655806 30.631556 -0.299958 -0.14959 -0.644924 3.484392 11.596415 17.636593 -26.32263 52.411118 -19.466717 -14.395541 29.410395 -1.1e-05 -8.774809 -3e-06 15.434063 -18.500767 6.426912 -0.609773 -1.795659 -3.889326 -4.807072 -11.046824 -2.937864 3.7e-05 -20.976078 -4e-05 -5.019894 -25.033688 -4.031921 6e-06 3e-06 -1e-06 -10.634508 -5.686975 -3.565591 10.573269 -17.922981 -3.113929 2.6e-05 -13.821245 -2.6e-05 -0.501667 -31.181679 -4.027087 -12.095819 -59.221661 7.853126 -13.982684 -7.1502 -2.875049 13.772702 -8.401513 -3.218249 0.347812 -34.211636 0.771568 -0.962982 -17.733442 2.621 1e-06 -1e-06 -3e-06 -17.346373 -20.095232 -4.2018 21.757511 -1.638384 3.86642 7e-06 -6.338837 -1.2e-05 -1.697512 -22.591854 -6.19408 0.0 -3e-06 -1e-06 84.997032 -81.374725 107.458519 38.481472 -75.689316 -12.251375 27.023148 -0.048733 0.069666 4.455245 7.168305 2.195499 22.182144 -20.375914 49.933434 -16.70191 -16.743578 28.47666 -1.6e-05 -12.690654 7e-06 16.321985 -17.607327 2.720868 -0.105919 -1.513862 -4.275895 -5.039053 -5.612893 -2.953569 1.9e-05 -11.02059 -1.7e-05 -6.111302 -15.895474 -3.840522 0.0 0.0 -1e-06 -10.283389 -5.6803 -4.34185 11.028339 -11.302451 -2.372656 -1.384252 -14.238664 -6.320171 -0.625373 -26.924437 -3.827671 -4.06733 -50.004677 -3.607792 -13.708548 -7.36349 -3.720952 18.141226 -14.052796 -3.242706 3e-05 -18.787371 -1.9e-05 -0.429702 -8.456115 2.555524 -1e-06 -1e-06 1e-06 -15.923554 -20.09453 -5.473608 30.41931 -7.190864 1.735911 1e-05 -8.16297 -6e-06 -1.861872 -22.861647 -6.168007 0.0 -2e-06 -1e-06 -168.360016 5.207074 0.914211 6.286985 -0.040685 0.020535 -82.23336 -11.366938 1.278178 -5.881857 1.616317 2.166667 -0.999995 0.0 0.0 -24.044624 -2.886476 -8.980033 49.026859 0.14694 -0.319296 -76.212784 -4.942923 -0.486283 -10.46785 0.619802 1.53603 -0.999996 1e-06 0.0 
0.0 0.0 0.0 0.0 -0.0 0.0 16.803335 98.059395 290.515961 91.395859 3.657817 98.666138 2.950897 -0.785974 -0.722509 -9.791309 -0.646589 -1.841123 17.022482 0.359972 -4.729202 23.795483 -0.364737 2.434907 -2.590293 -0.468277 -1.059638 -36.984818 -0.530295 -0.523106 6e-06 0.0 -0.0 0.048917 -0.010324 -0.11079 -0.012572 -0.04867 -0.128061 -0.002037 0.019771 -0.088516 -112.828712 -78.716972 126.397652 52.246685 -54.389736 -30.666983 34.911343 -0.153776 0.049313 -0.32346 3.461451 12.739948 17.636654 -26.322723 52.411118 -19.466534 -14.395537 29.410303 1.9e-05 -8.774807 -1.3e-05 15.359758 -18.498026 6.308051 -0.609783 -1.795646 -3.889317 -4.807107 -11.046805 -2.937839 -4.7e-05 -20.976021 2.7e-05 -5.020024 -25.033621 -4.031892 6e-06 -2e-06 -0.0 -10.634531 -5.686974 -3.565582 10.573215 -17.922915 -3.113857 -2.7e-05 -13.821215 1.2e-05 -0.501846 -31.181604 -4.027017 -11.915419 -58.967434 7.553797 -13.982705 -7.150206 -2.875042 13.772685 -8.401457 -3.218206 0.347637 -34.211571 0.771706 -0.963074 -17.733431 2.621033 0.0 2e-06 4e-06 -17.34643 -20.095201 -4.201763 21.757519 -1.638336 3.866456 -1.2e-05 -6.338825 7e-06 -1.69763 -22.591805 -6.194021 -1e-06 -2e-06 -3e-06 73.627151 -78.411255 119.866364 20.870998 -75.983253 2.85709 25.275824 0.055758 0.152808 4.433169 6.264192 3.638946 22.182074 -20.375849 49.933231 -16.701675 -16.743542 28.476421 -2e-06 -12.69058 0.0 16.511427 -17.696009 2.621493 -0.10592 -1.513839 -4.275867 -5.039033 -5.612818 -2.953544 7e-06 -11.020414 5e-06 -6.111277 -15.895172 -3.840472 0.0 -1e-06 -0.0 -10.283357 -5.680249 -4.341826 11.028269 -11.302295 -2.37261 -1.384271 -14.23843 -6.320091 -0.625421 -26.923908 -3.82756 -4.080927 -50.316319 -3.549741 -13.708505 -7.363423 -3.720928 18.141108 -14.052601 -3.242639 -8e-06 -18.787085 3.6e-05 -0.429718 -8.45597 2.555519 -0.0 -1e-06 -1e-06 -15.923515 -20.094328 -5.473573 30.419167 -7.190774 1.73594 -0.0 -8.162858 2.6e-05 -1.861932 -22.861265 -6.167852 0.0 -1e-06 -3e-06 -164.060455 4.3014 2.755993 5.863006 -0.02148 -0.148938 -84.87619 -10.499301 1.34255 -5.703376 1.660229 2.23531 -0.999999 0.0 0.0 -26.906704 -3.364704 -10.78983 35.973255 0.02148 -0.213504 -76.159576 -6.271828 -1.850973 -10.152507 0.66632 1.587027 -1.000001 -0.0 -0.0 
0.0 0.0 0.0 0.0 -0.0 0.0 17.102978 96.435921 297.449402 92.210014 3.661675 101.82682 3.184622 -1.677608 -1.024219 -9.797337 -1.009146 -2.902817 17.409214 0.397189 -5.638894 23.502377 0.730982 2.368218 -2.540269 -0.28812 -1.413757 -37.940632 -0.778834 -0.387998 6e-06 -0.0 -0.0 0.082515 -0.022422 -0.111795 -0.0014 -0.058185 -0.134263 -0.004926 0.007203 -0.083741 -106.737587 -81.254684 119.873825 53.81683 -52.213623 -32.09877 39.587975 0.007 0.170565 0.052952 3.465535 14.401869 17.636673 -26.322802 52.411312 -19.466757 -14.395658 29.410498 5e-06 -8.774876 -5e-06 15.392164 -18.504726 6.359886 -0.609777 -1.795663 -3.88934 -4.807117 -11.046869 -2.937859 -7e-06 -20.976168 -1e-06 -5.020021 -25.033813 -4.031918 6e-06 1e-06 -4e-06 -10.634578 -5.686998 -3.565588 10.573318 -17.923033 -3.113922 0.0 -13.821299 -1e-05 -0.501774 -31.181812 -4.027069 -11.727038 -59.100513 7.466609 -13.982768 -7.150233 -2.875043 13.772791 -8.401529 -3.218258 0.347727 -34.211834 0.771653 -0.96304 -17.733553 2.621038 -0.0 -1e-06 1e-06 -17.346497 -20.095308 -4.201779 21.757654 -1.638374 3.866442 -2e-06 -6.338866 -3e-06 -1.697609 -22.591974 -6.194071 2e-06 -5e-06 -3e-06 69.113892 -75.298424 125.279701 2.954716 -75.135551 17.558514 24.036217 -0.139542 0.088907 5.084425 5.251995 5.92439 22.182228 -20.375914 49.933411 -16.701925 -16.743567 28.476614 -6e-06 -12.690662 -9e-06 16.518831 -17.722578 2.57922 -0.10592 -1.513867 -4.275893 -5.039065 -5.612906 -2.953568 1e-05 -11.02061 -1.3e-05 -6.111323 -15.8955 -3.84051 0.0 1e-06 -1e-06 -10.283418 -5.68032 -4.341848 11.028351 -11.302474 -2.372647 -1.384272 -14.238697 -6.320165 -0.625404 -26.92449 -3.827666 -4.22471 -50.748981 -3.403573 -13.708586 -7.363514 -3.720947 18.141239 -14.052825 -3.242694 2.7e-05 -18.787415 -3.2e-05 -0.429697 -8.456121 2.55551 -1e-06 0.0 -0.0 -15.923613 -20.094591 -5.473595 30.419344 -7.190873 1.735943 1.1e-05 -8.162976 -1.7e-05 -1.861859 -22.861681 -6.168042 1e-06 1e-06 -0.0 -159.193588 3.741948 4.343208 5.770516 -0.011532 -0.23873 -87.476944 -9.313506 1.316508 -5.97556 1.718579 2.278241 -0.999999 1e-06 -0.0 -27.650377 -5.003297 -11.569004 21.467224 0.10921 -0.176361 -77.222923 -6.949422 -2.426192 -10.035709 0.706122 1.601944 -1.000004 0.0 1e-06 
0.0 0.0 0.0 0.0 -0.0 0.0 17.357754 94.616333 304.795898 93.250282 3.557501 104.572701 3.134392 -2.4473 -1.235959 -9.731272 -1.408844 -3.658187 17.876991 0.230523 -6.29818 23.335562 1.605279 2.365716 -2.583412 -0.224542 -1.632662 -38.310982 -1.182294 -0.501114 6e-06 -0.0 -0.0 0.096389 -0.017241 -0.110676 -0.007141 -0.064091 -0.140027 -0.025975 0.026247 -0.071026 -105.939819 -82.759689 118.582222 53.916695 -49.612228 -32.447262 44.304066 -0.249676 0.144059 0.460388 3.674806 16.853991 17.636608 -26.322815 52.411427 -19.466795 -14.395689 29.41058 -8e-06 -8.774879 9e-06 15.532089 -18.585032 6.442516 -0.609774 -1.795659 -3.889346 -4.807101 -11.046852 -2.93787 2e-05 -20.976135 -1.8e-05 -5.019983 -25.033773 -4.031935 6e-06 1e-06 -1e-06 -10.634557 -5.686983 -3.565598 10.573335 -17.923027 -3.113946 1.3e-05 -13.821292 -5e-06 -0.501745 -31.181808 -4.027072 -11.582502 -59.367916 7.541218 -13.982744 -7.150211 -2.875051 13.772795 -8.401526 -3.218278 0.347761 -34.211777 0.771649 -0.963035 -17.733526 2.621049 3e-06 -1e-06 -1e-06 -17.346453 -20.095268 -4.201798 21.757645 -1.638387 3.866418 3e-06 -6.338857 -1e-06 -1.697579 -22.591932 -6.194074 3e-06 -3e-06 -4e-06 64.65274 -72.217278 130.407883 -10.872574 -72.541557 27.696978 22.78635 -0.417931 -0.052538 6.043227 4.055068 8.328733 22.182108 -20.376055 49.933514 -16.701859 -16.743559 28.476686 -8e-06 -12.690626 1.4e-05 16.32477 -17.606371 2.527504 -0.10592 -1.513859 -4.275896 -5.039043 -5.612897 -2.953571 5e-06 -11.02061 7e-06 -6.111306 -15.895503 -3.840492 0.0 1e-06 -0.0 -10.28337 -5.680301 -4.341856 11.028307 -11.302464 -2.37264 -1.384261 -14.238691 -6.320158 -0.625445 -26.924503 -3.827622 -4.317393 -50.610813 -3.507765 -13.708522 -7.363493 -3.720956 18.141171 -14.052813 -3.242688 -2e-06 -18.78742 1.8e-05 -0.429729 -8.456137 2.555539 -0.0 -1e-06 -0.0 -15.92353 -20.094543 -5.4736 30.419231 -7.190843 1.735906 -4e-06 -8.16299 5e-06 -1.861908 -22.861742 -6.167977 0.0 -1e-06 -2e-06 -154.206085 2.844909 5.424653 5.605038 0.069733 -0.337599 -89.292534 -7.40504 1.066434 -7.02899 1.642379 2.285586 -0.999996 0.0 0.0 -28.57967 -7.156702 -10.071941 10.759002 0.109103 -0.052007 -79.745674 -7.278389 -2.814427 -9.892932 0.851349 1.545907 -1.0 0.0 0.0 
0.0 0.0 0.0 0.0 -0.0 0.0 17.647833 93.003342 312.496613 93.180229 3.222565 106.43721 2.715638 -2.395504 -1.396928 -9.761637 -1.636129 -4.167484 18.22662 0.371839 -6.762433 22.995422 1.929481 2.490974 -2.586623 -0.330003 -1.614198 -38.324478 -1.728016 -0.643927 6e-06 -0.0 -0.0 0.108791 -0.020476 -0.156998 -0.001608 -0.072783 -0.191217 -0.009479 0.029654 -0.107829 -109.013603 -83.268417 121.232468 53.946728 -47.916523 -33.903034 48.563408 -0.879723 -0.074977 1.876503 4.9546 19.88575 17.636675 -26.322832 52.411366 -19.466719 -14.395624 29.410498 -6e-06 -8.77485 -3e-06 15.783238 -18.657934 6.333162 -0.609778 -1.795655 -3.889336 -4.807095 -11.046843 -2.937861 1.2e-05 -20.97612 1e-05 -5.019979 -25.033735 -4.031896 5e-06 0.0 -1e-06 -10.63455 -5.686979 -3.565601 10.573303 -17.923014 -3.113908 8e-06 -13.82128 8e-06 -0.501755 -31.181765 -4.027028 -11.498718 -59.823181 7.740132 -13.982737 -7.150211 -2.875054 13.772763 -8.401521 -3.218245 0.34774 -34.211754 0.771682 -0.963042 -17.733515 2.621069 1e-06 -1e-06 -0.0 -17.346451 -20.095259 -4.2018 21.757614 -1.638386 3.866444 5e-06 -6.338855 2e-06 -1.697577 -22.591919 -6.194051 -2e-06 -6e-06 -1e-06 61.062725 -70.03968 134.584366 -18.282118 -69.789795 30.872019 20.415442 -0.576682 -0.238464 6.434471 3.052718 9.476203 22.182127 -20.375942 49.933372 -16.701832 -16.743526 28.476578 -1.2e-05 -12.690601 2e-06 16.179724 -17.355061 2.410486 -0.105919 -1.513858 -4.275885 -5.039039 -5.612878 -2.953562 1.3e-05 -11.020562 -1e-06 -6.11128 -15.895414 -3.840488 -1e-06 1e-06 -0.0 -10.283369 -5.68029 -4.341845 11.028296 -11.302426 -2.372633 -1.384254 -14.23862 -6.320138 -0.625412 -26.924334 -3.827614 -3.87153 -50.212959 -3.908239 -13.708521 -7.363478 -3.720946 18.141151 -14.052775 -3.242676 1.8e-05 -18.787334 3e-06 -0.429709 -8.456096 2.555522 -0.0 -1e-06 0.0 -15.923526 -20.094498 -5.473592 30.419189 -7.190846 1.735921 7e-06 -8.162952 1e-06 -1.861868 -22.861601 -6.167965 -0.0 1e-06 -1e-06 -149.678604 0.712309 5.372091 5.291355 0.185614 -0.329408 -89.359879 -5.310734 0.215172 -9.532101 1.620573 2.267937 -1.000004 1e-06 -0.0 -30.988197 -8.276901 -8.906151 8.806446 -0.020277 0.184517 -82.515167 -7.034674 -3.783159 -9.975271 0.852359 1.522661 -1.000004 -0.0 -0.0 
0.0 0.0 0.0 0.0 -0.0 0.0 17.858931 91.621849 320.75708 92.308914 2.428819 107.181107 1.90727 -2.156112 -1.513797 -9.907844 -1.653484 -4.451762 17.983492 0.871353 -6.983882 22.831215 1.738542 2.644037 -2.662136 -0.313094 -1.818509 -38.370296 -1.966707 -0.523908 7e-06 -0.0 0.0 0.094325 -0.04429 -0.241438 0.023967 -0.062082 -0.276749 0.006511 -0.02437 -0.191473 -106.848305 -83.33062 118.906029 53.991692 -48.446522 -35.51849 52.857174 -1.028288 -0.256611 3.490964 6.8693 21.705776 17.6367 -26.322672 52.410934 -19.466585 -14.395559 29.410229 2.6e-05 -8.774839 -1.6e-05 15.899096 -18.653902 6.342515 -0.609781 -1.795655 -3.88931 -4.807119 -11.046833 -2.937827 -5.7e-05 -20.97607 2.9e-05 -5.020069 -25.033689 -4.031881 3e-06 -0.0 1e-06 -10.634548 -5.686991 -3.565568 10.573237 -17.92296 -3.113866 -2.9e-05 -13.821249 6e-06 -0.501862 -31.181679 -4.027033 -11.628576 -59.974533 7.767825 -13.982736 -7.150219 -2.875015 13.772719 -8.401477 -3.218214 0.347644 -34.211662 0.771678 -0.963053 -17.733469 2.62101 3e-06 -2e-06 1e-06 -17.346476 -20.095257 -4.201726 21.757582 -1.638333 3.866452 -1.5e-05 -6.338838 0.0 -1.697661 -22.591856 -6.194022 -3e-06 -9e-06 -3e-06 60.546272 -69.168327 135.208038 -23.835327 -68.168045 33.299015 17.137802 -0.409254 -0.285103 5.988416 2.311283 9.742542 22.182161 -20.375818 49.933323 -16.701813 -16.743557 28.476517 -8e-06 -12.690635 -1.2e-05 16.107096 -16.983328 2.318761 -0.105921 -1.513852 -4.27588 -5.039052 -5.612854 -2.95356 1.3e-05 -11.020488 -1.5e-05 -6.1113 -15.895297 -3.840518 2e-06 0.0 -0.0 -10.283392 -5.680279 -4.341839 11.028319 -11.302363 -2.372636 -1.384266 -14.238532 -6.32014 -0.625378 -26.924118 -3.827635 -3.472392 -50.168068 -3.87032 -13.708551 -7.363463 -3.720942 18.141191 -14.052691 -3.242674 2.4e-05 -18.787203 -8e-06 -0.4297 -8.456022 2.555515 0.0 0.0 -0.0 -15.923567 -20.09444 -5.473602 30.419289 -7.190831 1.735948 1e-05 -8.162898 4e-06 -1.861888 -22.861408 -6.167954 -0.0 -1e-06 -1e-06 -146.917908 -1.425723 3.825134 6.695634 -0.029117 0.076121 -87.684143 -3.60379 -0.479122 -14.235065 1.763603 2.262552 -1.000002 -0.0 -0.0 -32.96463 -8.087289 -8.332805 12.92354 0.033729 0.291283 -83.925209 -6.321043 -4.074707 -10.550442 0.842989 1.542498 -1.000004 0.0 0.0 
0.0 0.0 0.0 0.0 -0.0 0.0 18.006306 91.09404 328.865753 90.212601 0.664696 107.019539 0.204788 -1.162948 -1.357656 -10.418857 -1.576382 -4.73583 17.597754 1.477617 -6.945586 22.351595 1.041137 2.80874 -2.810363 -0.342889 -1.839191 -37.498772 -2.131353 -0.529279 6e-06 0.0 0.0 0.051233 -0.065099 -0.346298 0.086189 -0.054716 -0.357182 0.05772 -0.071203 -0.326546 -113.054321 -82.092194 124.890938 52.081032 -49.418186 -34.674015 56.433506 -1.420599 -0.267995 4.665074 7.407086 23.91691 17.636667 -26.322763 52.411152 -19.466639 -14.395611 29.410351 -1.1e-05 -8.774829 -8e-06 15.971889 -18.596289 6.249554 -0.609776 -1.795652 -3.889326 -4.807082 -11.046791 -2.937842 2e-05 -20.975996 2.5e-05 -5.019958 -25.033537 -4.031851 3e-06 0.0 -3e-06 -10.634534 -5.686958 -3.565582 10.573286 -17.922949 -3.113886 1.1e-05 -13.821214 2.1e-05 -0.501776 -31.181545 -4.026958 -11.021275 -59.331116 6.990076 -13.982712 -7.150181 -2.875036 13.772732 -8.401494 -3.218237 0.347747 -34.211536 0.771699 -0.963032 -17.733387 2.621061 3e-06 -3e-06 -0.0 -17.346415 -20.095188 -4.201771 21.757563 -1.6384 3.866429 6e-06 -6.338825 1e-05 -1.697568 -22.591766 -6.193989 -2e-06 -4e-06 -3e-06 58.734333 -68.789314 136.816589 -27.206812 -66.827209 34.214993 14.059196 -0.147441 -0.192305 5.382878 1.918574 9.537911 22.182146 -20.375988 49.933498 -16.701857 -16.743574 28.476654 -5e-06 -12.690634 7e-06 15.983749 -16.707317 2.358115 -0.105921 -1.51386 -4.275895 -5.039049 -5.612891 -2.953568 3e-06 -11.020576 0.0 -6.111312 -15.89544 -3.840499 3e-06 -1e-06 0.0 -10.283393 -5.680306 -4.341852 11.028317 -11.30244 -2.372642 -1.384267 -14.238647 -6.320155 -0.625427 -26.924381 -3.827636 -3.375419 -50.408321 -3.770433 -13.708551 -7.363499 -3.720951 18.141188 -14.052784 -3.242686 1e-06 -18.787367 5e-06 -0.429722 -8.456107 2.555528 0.0 -3e-06 0.0 -15.923572 -20.094549 -5.473599 30.419283 -7.190839 1.735923 -0.0 -8.162966 2e-06 -1.861903 -22.861647 -6.167984 0.0 -4e-06 -0.0 -148.252884 -3.680323 1.222002 12.62263 -0.274884 0.540224 -82.784874 -2.774724 -0.897383 -21.51062 1.820189 2.084602 -1.0 0.0 -0.0 -34.81303 -6.071835 -8.122079 18.85244 0.097804 0.343142 -82.045921 -5.861723 -4.924602 -11.401052 0.91565 1.51724 -1.000002 0.0 0.0 
