HIERARCHY
ROOT Root
{
  OFFSET 0.0 0.0 0.0
  CHANNELS 6 Xposition Yposition Zposition Zrotation Yrotation Xrotation
  JOINT Hips
  {
    OFFSET 0.0 100.0 0.0
    CHANNELS 6 Xposition Yposition Zposition Zrotation Yrotation Xrotation
    JOINT Spine1
    {
      OFFSET -0.013727 5.003763 -0.053727
      CHANNELS 3 Zrotation Yrotation Xrotation
      JOINT Spine2
      {
        OFFSET -0.0 7.125301 -0.029825
        CHANNELS 3 Zrotation Yrotation Xrotation
        JOINT Chest
        {
          OFFSET -1e-06 7.550063 -0.815971
          CHANNELS 3 Zrotation Yrotation Xrotation
          JOINT Neck1
          {
            OFFSET -0.181677 26.311295 -0.553348
            CHANNELS 3 Zrotation Yrotation Xrotation
            JOINT Neck2
            {
              OFFSET -3e-06 7.709397 2.302585
              CHANNELS 3 Zrotation Yrotation Xrotation
              JOINT Head
              {
                OFFSET -5e-06 6.128916 1.953709
                CHANNELS 3 Zrotation Yrotation Xrotation
                JOINT HeadEnd
                {
                  OFFSET 0.003598 16.065403 -1.835379
                  CHANNELS 3 Zrotation Yrotation Xrotation
                }
                JOINT Jaw
                {
                  OFFSET 0.002637 0.475592 3.094941
                  CHANNELS 3 Zrotation Yrotation Xrotation
                }
                JOINT LeftEye
                {
                  OFFSET 3.206381 5.380205 7.586883
                  CHANNELS 3 Zrotation Yrotation Xrotation
                }
                JOINT RightEye
                {
                  OFFSET -3.22244 5.361869 7.558234
                  CHANNELS 3 Zrotation Yrotation Xrotation
                }
              }
            }
          }
          JOINT LeftShoulder
          {
            OFFSET 1.621652 23.237164 5.113413
            CHANNELS 3 Zrotation Yrotation Xrotation
            JOINT LeftArm
            {
              OFFSET 14.919846 2e-06 -5.502326
              CHANNELS 3 Zrotation Yrotation Xrotation
              JOINT LeftForeArm
              {
                OFFSET 28.739307 0.0 -0.002588
                CHANNELS 3 Zrotation Yrotation Xrotation
                JOINT LeftHand
                {
                  OFFSET 27.093981 -1e-06 0.002609
                  CHANNELS 3 Zrotation Yrotation Xrotation
                  JOINT LeftHandThumb1
                  {
                    OFFSET 2.276482 -1.392045 3.191413
                    CHANNELS 3 Zrotation Yrotation Xrotation
                    JOINT LeftHandThumb2
                    {
                      OFFSET 4.012836 -1.828127 1.641654
                      CHANNELS 3 Zrotation Yrotation Xrotation
                      JOINT LeftHandThumb3
                      {
                        OFFSET 2.798515 0.0 -3e-06
                        CHANNELS 3 Zrotation Yrotation Xrotation
                        JOINT LeftHandThumbEnd
                        {
                          OFFSET 3.180793 -4e-06 4e-06
                          CHANNELS 3 Zrotation Yrotation Xrotation
                        }
                      }
                    }
                  }
                  JOINT LeftHandIndex1
                  {
                    OFFSET 3.247555 -0.531998 2.296169
                    CHANNELS 3 Zrotation Yrotation Xrotation
                    JOINT LeftHandIndex2
                    {
                      OFFSET 6.364578 0.01206 0.1786
                      CHANNELS 3 Zrotation Yrotation Xrotation
                      JOINT LeftHandIndex3
                      {
                        OFFSET 3.662364 0.0 0.0
                        CHANNELS 3 Zrotation Yrotation Xrotation
                        JOINT LeftHandIndex4
                        {
                          OFFSET 2.329242 4e-06 4e-06
                          CHANNELS 3 Zrotation Yrotation Xrotation
                          JOINT LeftHandIndexEnd
                          {
                            OFFSET 2.759615 -0.180537 -0.113024
                            CHANNELS 3 Zrotation Yrotation Xrotation
                          }
                        }
                      }
                    }
                  }
                  JOINT LeftHandMiddle1
                  {
                    OFFSET 3.163495 0.240981 1.000332
                    CHANNELS 3 Zrotation Yrotation Xrotation
                    JOINT LeftHandMiddle2
                    {
                      OFFSET 6.19078 -0.259278 -1.002548
                      CHANNELS 3 Zrotation Yrotation Xrotation
                      JOINT LeftHandMiddle3
                      {
                        OFFSET 4.35652 -4e-06 -1e-06
                        CHANNELS 3 Zrotation Yrotation Xrotation
                        JOINT LeftHandMiddle4
                        {
                          OFFSET 2.996877 -8e-06 0.0
                          CHANNELS 3 Zrotation Yrotation Xrotation
                          JOINT LeftHandMiddleEnd
                          {
                            OFFSET 2.304287 -0.294569 -0.031741
                            CHANNELS 3 Zrotation Yrotation Xrotation
                          }
                        }
                      }
                    }
                  }
                  JOINT LeftHandRing1
                  {
                    OFFSET 2.882643 -0.053652 -0.322543
                    CHANNELS 3 Zrotation Yrotation Xrotation
                    JOINT LeftHandRing2
                    {
                      OFFSET 5.854541 -0.486202 -1.373841
                      CHANNELS 3 Zrotation Yrotation Xrotation
                      JOINT LeftHandRing3
                      {
                        OFFSET 4.350578 0.0 3e-06
                        CHANNELS 3 Zrotation Yrotation Xrotation
                        JOINT LeftHandRing4
                        {
                          OFFSET 2.651321 7e-06 2e-06
                          CHANNELS 3 Zrotation Yrotation Xrotation
                          JOINT LeftHandRingEnd
                          {
                            OFFSET 1.936105 0.077687 -7.1e-05
                            CHANNELS 3 Zrotation Yrotation Xrotation
                          }
                        }
                      }
                    }
                  }
                  JOINT LeftHandPinky1
                  {
                    OFFSET 2.8655 -0.310005 -1.600378
                    CHANNELS 3 Zrotation Yrotation Xrotation
                    JOINT LeftHandPinky2
                    {
                      OFFSET 5.087849 -1.331141 -1.77123
                      CHANNELS 3 Zrotation Yrotation Xrotation
                      JOINT LeftHandPinky3
                      {
                        OFFSET 3.070974 4e-06 0.0
                        CHANNELS 3 Zrotation Yrotation Xrotation
                        JOINT LeftHandPinky4
                        {
                          OFFSET 1.549672 0.0 1e-06
                          CHANNELS 3 Zrotation Yrotation Xrotation
                          JOINT LeftHandPinkyEnd
                          {
                            OFFSET 1.944893 -0.157802 0.057219
                            CHANNELS 3 Zrotation Yrotation Xrotation
                          }
                        }
                      }
                    }
                  }
                }
              }
            }
          }
          JOINT RightShoulder
          {
            OFFSET -1.380118 23.180309 5.214158
            CHANNELS 3 Zrotation Yrotation Xrotation
            JOINT RightArm
            {
              OFFSET -15.037196 1.2e-05 -5.545604
              CHANNELS 3 Zrotation Yrotation Xrotation
              JOINT RightForeArm
              {
                OFFSET -28.736639 2e-06 -0.002597
                CHANNELS 3 Zrotation Yrotation Xrotation
                JOINT RightHand
                {
                  OFFSET -27.133619 -0.0 0.002613
                  CHANNELS 3 Zrotation Yrotation Xrotation
                  JOINT RightHandThumb1
                  {
                    OFFSET -2.274032 -1.383988 3.163127
                    CHANNELS 3 Zrotation Yrotation Xrotation
                    JOINT RightHandThumb2
                    {
                      OFFSET -4.011429 -1.827466 1.640914
                      CHANNELS 3 Zrotation Yrotation Xrotation
                      JOINT RightHandThumb3
                      {
                        OFFSET -2.794935 -4e-06 -3e-06
                        CHANNELS 3 Zrotation Yrotation Xrotation
                        JOINT RightHandThumbEnd
                        {
                          OFFSET -3.183852 4e-06 1e-06
                          CHANNELS 3 Zrotation Yrotation Xrotation
                        }
                      }
                    }
                  }
                  JOINT RightHandIndex1
                  {
                    OFFSET -3.253266 -0.520057 2.282866
                    CHANNELS 3 Zrotation Yrotation Xrotation
                    JOINT RightHandIndex2
                    {
                      OFFSET -6.341917 0.012471 0.178266
                      CHANNELS 3 Zrotation Yrotation Xrotation
                      JOINT RightHandIndex3
                      {
                        OFFSET -3.654871 -8e-06 -0.0
                        CHANNELS 3 Zrotation Yrotation Xrotation
                        JOINT RightHandIndex4
                        {
                          OFFSET -2.327586 0.0 1e-06
                          CHANNELS 3 Zrotation Yrotation Xrotation
                          JOINT RightHandIndexEnd
                          {
                            OFFSET -2.76179 -0.180656 -0.113078
                            CHANNELS 3 Zrotation Yrotation Xrotation
                          }
                        }
                      }
                    }
                  }
                  JOINT RightHandMiddle1
                  {
                    OFFSET -3.168106 0.246593 1.00103
                    CHANNELS 3 Zrotation Yrotation Xrotation
                    JOINT RightHandMiddle2
                    {
                      OFFSET -6.180828 -0.258836 -1.000895
                      CHANNELS 3 Zrotation Yrotation Xrotation
                      JOINT RightHandMiddle3
                      {
                        OFFSET -4.348901 0.0 -0.0
                        CHANNELS 3 Zrotation Yrotation Xrotation
                        JOINT RightHandMiddle4
                        {
                          OFFSET -3.00024 -4e-06 -2e-06
                          CHANNELS 3 Zrotation Yrotation Xrotation
                          JOINT RightHandMiddleEnd
                          {
                            OFFSET -2.30252 -0.29437 -0.031706
                            CHANNELS 3 Zrotation Yrotation Xrotation
                          }
                        }
                      }
                    }
                  }
                  JOINT RightHandRing1
                  {
                    OFFSET -2.88569 -0.067952 -0.308858
                    CHANNELS 3 Zrotation Yrotation Xrotation
                    JOINT RightHandRing2
                    {
                      OFFSET -5.854198 -0.48613 -1.373731
                      CHANNELS 3 Zrotation Yrotation Xrotation
                      JOINT RightHandRing3
                      {
                        OFFSET -4.33881 -4e-06 -0.0
                        CHANNELS 3 Zrotation Yrotation Xrotation
                        JOINT RightHandRing4
                        {
                          OFFSET -2.654903 -4e-06 4e-06
                          CHANNELS 3 Zrotation Yrotation Xrotation
                          JOINT RightHandRingEnd
                          {
                            OFFSET -1.933568 0.077527 -5.2e-05
                            CHANNELS 3 Zrotation Yrotation Xrotation
                          }
                        }
                      }
                    }
                  }
                  JOINT RightHandPinky1
                  {
                    OFFSET -2.866425 -0.342796 -1.584145
                    CHANNELS 3 Zrotation Yrotation Xrotation
                    JOINT RightHandPinky2
                    {
                      OFFSET -5.091371 -1.332055 -1.772385
                      CHANNELS 3 Zrotation Yrotation Xrotation
                      JOINT RightHandPinky3
                      {
                        OFFSET -3.062664 -4e-06 1e-06
                        CHANNELS 3 Zrotation Yrotation Xrotation
                        JOINT RightHandPinky4
                        {
                          OFFSET -1.546529 4e-06 -2e-06
                          CHANNELS 3 Zrotation Yrotation Xrotation
                          JOINT RightHandPinkyEnd
                          {
                            OFFSET -1.945119 -0.157718 0.057211
                            CHANNELS 3 Zrotation Yrotation Xrotation
                          }
                        }
                      }
                    }
                  }
                }
              }
            }
          }
        }
      }
    }
    JOINT LeftLeg
    {
      OFFSET 10.043214 -8.434526 2.595655
      CHANNELS 3 Zrotation Yrotation Xrotation
      JOINT LeftShin
      {
        OFFSET -1e-06 -43.221752 -0.802913
        CHANNELS 3 Zrotation Yrotation Xrotation
        JOINT LeftFoot
        {
          OFFSET 1e-06 -42.155094 -3.481523
          CHANNELS 3 Zrotation Yrotation Xrotation
          JOINT LeftToeBase
          {
            OFFSET 0.0 -5.059472 13.231529
            CHANNELS 3 Zrotation Yrotation Xrotation
            JOINT LeftToeEnd
            {
              OFFSET -0.009607 -1.647619 6.513017
              CHANNELS 3 Zrotation Yrotation Xrotation
            }
          }
        }
      }
    }
    JOINT RightLeg
    {
      OFFSET -10.047278 -8.29526 2.620317
      CHANNELS 3 Zrotation Yrotation Xrotation
      JOINT RightShin
      {
        OFFSET 1e-06 -43.362206 -0.805556
        CHANNELS 3 Zrotation Yrotation Xrotation
        JOINT RightFoot
        {
          OFFSET 2e-06 -42.117393 -3.478398
          CHANNELS 3 Zrotation Yrotation Xrotation
          JOINT RightToeBase
          {
            OFFSET -0.0 -5.079609 13.284196
            CHANNELS 3 Zrotation Yrotation Xrotation
            JOINT RightToeEnd
            {
              OFFSET 0.009532 -1.634378 6.460591
              CHANNELS 3 Zrotation Yrotation Xrotation
            }
          }
        }
      }
    }
  }
}
MOTION
Frames: 120
Frame Time: 0.03333333333333333
0.0 0.0 0.0 0.0 -0.0 0.0 -0.93595 98.520638 1.598067 -0.576194 0.499087 -3.251944 0.145235 -0.256825 -0.064732 -0.438374 -0.917772 -5.280242 -0.520365 -2.739217 15.112677 2.549259 1.870611 11.375793 0.055344 1.693675 -3.878494 -0.904071 1.951877 -17.959505 7.7e-05 -2.2e-05 6e-06 0.014591 0.01972 0.003208 0.66848 -3.684854 -10.46467 -0.645364 3.74072 -10.50163 -9.112926 -7.507591 19.040043 -66.259918 -18.020073 24.638477 0.107137 -15.696797 -0.10258 10.824425 -2.970125 -16.801466 -5.882098 9.861278 0.702591 -10.936857 -0.360576 7.1562 0.0 8.774817 -2e-06 -15.835154 18.221941 6.166462 -1.84403 2.498503 -2.507277 -10.163588 4.67894 4.621105 -20.976 -4e-06 3e-06 -21.226257 2.451696 -3.593996 -1e-06 -6e-06 -1e-06 -1.36268 2.240796 -0.746323 -21.334888 0.584908 3.008321 -13.821198 -3e-06 3e-06 -23.887142 -0.249078 -0.839479 -60.118336 2.22937 -0.736272 -0.294024 1.679687 0.833255 -14.218191 0.093215 1.30058 -34.212009 -0.287562 0.967174 -20.03319 0.964539 1.212844 -1e-06 0.0 1e-06 -3.440384 0.788233 0.501655 -15.928167 -3.167307 2.999707 -6.338818 0.0 1e-06 -18.123423 3.648181 -4.905665 -5e-06 -0.0 -2e-06 9.485276 11.02654 17.26623 71.170219 13.53702 15.35857 0.650974 20.371286 0.173408 -2.621562 4.996319 -6.259935 2.24354 -5.255033 -3.180157 14.282881 -0.826596 6.952498 -1e-06 -12.6906 2e-06 16.348787 -18.105221 2.665366 1.665665 -1.95592 -2.878298 4.727796 -4.170587 4.993922 11.020519 1e-06 -2e-06 12.109046 -3.735717 -2.866785 -1e-06 0.0 1e-06 1.291985 -1.928548 -1.498087 14.800118 0.567467 3.865607 14.242561 -1.341737 -6.660655 19.631954 0.143925 -0.648246 50.192642 -0.709603 -6.510029 0.353029 -1.511152 -0.031941 20.222778 3.684307 2.316629 18.787266 4e-06 -1e-06 10.751622 -0.479871 1.397905 1e-06 0.0 1e-06 3.273805 0.305946 -0.58011 21.486795 11.830368 2.266131 8.162922 2e-06 0.0 18.399075 -3.798984 -4.940572 5e-06 0.0 -1e-06 8.125669 -2.821463 3.719407 0.084991 0.005993 13.885397 -11.823819 9.867532 -11.937478 1.726861 -1.890385 -1.024189 0.0 0.0 2e-06 3.11128 -6.122504 10.420322 0.046103 -0.201775 2.650469 3.543952 -10.72532 -12.82714 -1.427294 1.005641 -0.138006 -0.0 -0.0 -1e-06 
0.0 0.0 0.0 0.0 -0.0 0.0 -1.272749 98.223434 2.74508 -1.07647 0.565546 -3.437999 0.500862 -0.103653 0.267436 -0.383683 -1.004476 -5.157 -0.324065 -2.691401 15.136423 2.286772 1.950318 11.514438 0.062905 1.834259 -3.793188 -0.768374 1.786143 -18.031101 7.7e-05 -2.3e-05 6e-06 0.0285 0.035952 0.028849 0.664457 -3.664639 -10.436273 -0.615624 3.754447 -10.472883 -8.812517 -7.607235 19.078449 -66.296257 -18.451059 24.12446 0.207578 -15.786903 -0.131855 11.104194 -2.760135 -17.12236 -5.882102 9.861277 0.702589 -10.936865 -0.360577 7.156201 2e-06 8.774819 -3e-06 -15.738029 18.202028 6.349395 -1.844031 2.498503 -2.507276 -10.163594 4.67894 4.621103 -20.976013 -8e-06 1e-06 -21.226278 2.45169 -3.593996 1e-06 -6e-06 -0.0 -1.36268 2.240797 -0.746323 -21.334904 0.584906 3.00832 -13.821206 -5e-06 2e-06 -23.887156 -0.249084 -0.839481 -60.280613 2.254015 -0.537533 -0.294023 1.679686 0.833255 -14.218202 0.093213 1.300579 -34.212036 -0.287572 0.96717 -20.033201 0.964531 1.212844 0.0 3e-06 1e-06 -3.440387 0.788233 0.501654 -15.928179 -3.167311 2.999703 -6.338823 -2e-06 -2e-06 -18.12344 3.648176 -4.905665 -5e-06 -1e-06 -2e-06 9.021285 11.104049 17.702757 71.658653 14.105577 16.107437 0.582616 19.860531 0.144449 -2.401814 4.610456 -5.72449 2.24354 -5.255033 -3.180155 14.282888 -0.826592 6.952497 -3e-06 -12.690598 -1e-06 16.391928 -18.119442 2.557988 1.665665 -1.95592 -2.878298 4.727797 -4.170585 4.99392 11.020523 3e-06 -1e-06 12.109048 -3.735714 -2.866782 -1e-06 -0.0 0.0 1.291985 -1.928548 -1.498088 14.800125 0.56747 3.865604 14.242569 -1.341734 -6.660653 19.631964 0.143925 -0.648243 50.073254 -0.543947 -6.41953 0.353029 -1.511149 -0.031941 20.22279 3.684311 2.316629 18.78727 7e-06 0.0 10.751627 -0.479866 1.397906 1e-06 -1e-06 1e-06 3.273806 0.305947 -0.58011 21.486809 11.830371 2.266131 8.162926 3e-06 0.0 18.399076 -3.798982 -4.940572 4e-06 0.0 -2e-06 8.617264 -3.935985 -0.079663 0.11587 -0.103469 22.967182 -12.221078 11.125213 -13.39675 1.736755 -1.974852 -2.207005 -0.0 0.0 1e-06 3.980294 -6.023629 11.301028 0.037146 -0.187032 2.681894 3.839839 -10.855892 -13.782404 -1.423368 0.957338 -0.364987 -0.0 -0.0 -1e-06 
0.0 0.0 0.0 0.0 -0.0 0.0 -1.649664 98.024971 3.626773 -1.22052 0.657393 -3.882552 0.674409 0.002424 0.859825 -0.370109 -0.887225 -4.96284 -0.239362 -2.645836 15.223972 2.052052 2.010585 11.657885 0.073102 2.006455 -3.806221 -0.659009 1.750998 -18.128132 7.7e-05 -2.3e-05 6e-06 0.033197 0.003545 0.050794 0.659992 -3.699244 -10.416492 -0.603112 3.723993 -10.453722 -8.461635 -7.719342 19.073698 -66.342682 -18.971638 23.410505 0.301676 -15.952903 -0.163252 11.245937 -2.595519 -17.442028 -5.882104 9.861281 0.70259 -10.936868 -0.360575 7.1562 1e-06 8.774822 -2e-06 -15.771223 18.193319 6.403704 -1.844033 2.498502 -2.507277 -10.163596 4.678944 4.621106 -20.976017 -5e-06 1e-06 -21.226282 2.451694 -3.593999 0.0 -6e-06 -0.0 -1.362679 2.240796 -0.746321 -21.334909 0.584909 3.008322 -13.821213 -4e-06 2e-06 -23.887161 -0.249081 -0.839483 -60.364613 2.316882 -0.457984 -0.294024 1.679685 0.833255 -14.218204 0.093214 1.300579 -34.212048 -0.287569 0.96717 -20.033211 0.964533 1.212843 -0.0 1e-06 -1e-06 -3.440387 0.788232 0.501654 -15.928183 -3.16731 2.999704 -6.338825 -2e-06 3e-06 -18.123444 3.648179 -4.90567 -5e-06 -0.0 -2e-06 8.545033 11.302868 18.12335 72.074997 14.652307 16.996424 0.423961 19.514931 0.08351 -2.24843 4.241642 -5.946 2.243542 -5.255037 -3.180157 14.282892 -0.826594 6.952502 -3e-06 -12.690603 0.0 16.379747 -18.124086 2.595542 1.665666 -1.955921 -2.878298 4.727799 -4.170587 4.993924 11.020528 3e-06 -2e-06 12.109053 -3.735716 -2.866785 -1e-06 0.0 1e-06 1.291985 -1.928549 -1.498089 14.800129 0.567468 3.865606 14.242574 -1.341736 -6.660658 19.631969 0.143927 -0.648245 50.131641 -0.462217 -6.25839 0.353028 -1.511151 -0.03194 20.222794 3.684311 2.31663 18.787271 6e-06 1e-06 10.751627 -0.479869 1.397907 0.0 -0.0 0.0 3.273807 0.305947 -0.580111 21.486813 11.830377 2.26613 8.16293 2e-06 -1e-06 18.39908 -3.798985 -4.940576 3e-06 1e-06 -3e-06 8.481047 -4.274358 -5.099645 0.050467 -0.296294 34.394135 -11.086334 12.773913 -12.739207 1.758932 -2.025125 -3.922996 -0.0 -0.0 2e-06 4.276358 -6.135221 12.54007 0.057001 -0.243022 2.628542 3.883386 -10.674956 -14.422608 -1.418478 0.955425 -0.474401 0.0 0.0 -1e-06 
0.0 0.0 0.0 0.0 -0.0 0.0 -1.975431 97.799973 4.49032 -0.985782 0.711396 -4.391274 0.64214 0.066874 1.556754 -0.378384 -0.703328 -4.715241 -0.226803 -2.537938 15.329636 1.824186 2.172542 11.714953 0.054324 2.033226 -3.816424 -0.525977 1.70024 -18.49132 7.7e-05 -2.3e-05 6e-06 0.030063 -0.017533 0.06152 0.653589 -3.72633 -10.415162 -0.603936 3.708733 -10.452081 -8.185129 -7.740065 18.937477 -66.358322 -19.382082 22.779037 0.359809 -16.243084 -0.161266 11.389231 -2.401138 -18.176823 -5.882101 9.861276 0.702588 -10.936859 -0.360574 7.156202 -0.0 8.774817 -1e-06 -15.834102 18.141455 6.389275 -1.844029 2.498503 -2.507277 -10.163589 4.678942 4.621108 -20.976 -0.0 4e-06 -21.226259 2.451698 -3.593998 0.0 -6e-06 0.0 -1.36268 2.240797 -0.746322 -21.334888 0.584911 3.008325 -13.821198 -1e-06 4e-06 -23.887142 -0.249075 -0.839481 -60.358532 2.329883 -0.397739 -0.294024 1.679686 0.833256 -14.218193 0.093217 1.300582 -34.212013 -0.287558 0.967173 -20.033192 0.96454 1.212842 -0.0 0.0 -1e-06 -3.440384 0.788233 0.501656 -15.928168 -3.167306 2.999707 -6.33882 0.0 3e-06 -18.123426 3.648184 -4.905664 -6e-06 -0.0 -1e-06 8.024218 11.496526 18.322987 72.411079 15.005434 17.494722 0.341802 19.227625 0.036081 -2.155385 4.140661 -6.264656 2.243537 -5.255031 -3.180154 14.282866 -0.826594 6.952493 -1e-06 -12.690588 -1e-06 16.23715 -18.02463 2.639599 1.665663 -1.955919 -2.878295 4.727791 -4.170582 4.993917 11.020509 2e-06 0.0 12.109033 -3.735713 -2.866779 -1e-06 -0.0 0.0 1.291983 -1.928547 -1.498088 14.800101 0.567468 3.865602 14.242545 -1.341736 -6.660646 19.631931 0.143925 -0.648242 50.156666 -0.409281 -6.18737 0.353028 -1.511148 -0.03194 20.222754 3.684305 2.316626 18.787239 3e-06 0.0 10.751608 -0.479868 1.397905 0.0 -1e-06 1e-06 3.273801 0.305947 -0.580109 21.486776 11.830359 2.266131 8.162913 2e-06 -1e-06 18.39905 -3.798981 -4.940567 3e-06 0.0 -1e-06 7.709978 -3.283419 -10.56364 -0.05954 -0.355574 45.503872 -9.23252 13.692565 -11.04739 1.757795 -2.013248 -4.001807 0.0 0.0 3e-06 3.956134 -6.655567 13.974134 0.055601 -0.263898 2.599636 3.823163 -10.029616 -14.984215 -1.408746 0.978962 -0.554821 0.0 0.0 -1e-06 
0.0 0.0 0.0 0.0 -0.0 0.0 -2.231735 97.549286 5.6771 -0.428768 0.794184 -4.683791 0.449299 0.110596 2.123259 -0.396102 -0.470424 -4.470733 -0.318468 -2.420063 15.42372 1.571388 2.407519 11.586967 0.011198 1.973997 -3.816809 -0.393481 1.587896 -18.942278 7.7e-05 -2.3e-05 6e-06 0.022597 0.001111 0.055787 0.639134 -3.707922 -10.410534 -0.605243 3.726677 -10.451154 -8.129038 -7.738009 18.764927 -66.266891 -19.601938 21.900072 0.418026 -16.484098 -0.150699 11.482344 -2.254831 -19.407904 -5.882102 9.861283 0.702591 -10.936863 -0.360573 7.156203 -1e-06 8.774822 -1e-06 -15.899905 18.144825 6.3192 -1.84403 2.498503 -2.507277 -10.163591 4.678944 4.621109 -20.976006 0.0 6e-06 -21.226269 2.451701 -3.593997 -1e-06 -7e-06 -1e-06 -1.362681 2.240797 -0.746323 -21.3349 0.584911 3.008326 -13.821203 -0.0 5e-06 -23.88715 -0.249072 -0.839481 -60.338573 2.301963 -0.447568 -0.294025 1.679687 0.833257 -14.218198 0.093216 1.300581 -34.212021 -0.287555 0.967174 -20.033197 0.964543 1.212844 -2e-06 -0.0 -2e-06 -3.440385 0.788233 0.501654 -15.928174 -3.167307 2.99971 -6.338821 1e-06 3e-06 -18.12343 3.648185 -4.905663 -5e-06 0.0 -1e-06 7.553728 11.58832 18.361502 72.693886 15.158719 17.478855 0.335409 18.894497 0.024176 -2.180887 4.248113 -6.620788 2.24354 -5.255035 -3.180155 14.282883 -0.826594 6.952502 -2e-06 -12.690598 0.0 16.114994 -17.943558 2.656689 1.665665 -1.955921 -2.878299 4.727797 -4.170586 4.993925 11.02052 3e-06 -1e-06 12.109046 -3.735714 -2.866783 -1e-06 0.0 0.0 1.291984 -1.928549 -1.498089 14.800122 0.567468 3.865606 14.242564 -1.341736 -6.660655 19.631956 0.143925 -0.648243 50.220383 -0.374001 -6.162842 0.353029 -1.51115 -0.03194 20.222784 3.684308 2.31663 18.787266 4e-06 2e-06 10.751622 -0.479869 1.397905 0.0 -1e-06 -0.0 3.273805 0.305947 -0.58011 21.486801 11.830368 2.266133 8.162922 1e-06 1e-06 18.399075 -3.798984 -4.940573 3e-06 0.0 -1e-06 6.250114 -1.383623 -15.823834 -0.100442 -0.21597 53.623169 -8.698995 12.173351 -10.219211 1.744733 -1.972017 -3.532025 -0.0 0.0 2e-06 3.167469 -7.361048 15.322673 0.029023 -0.227581 2.611106 3.696301 -9.248192 -15.654122 -1.401966 0.994187 -0.601469 -0.0 -0.0 -1e-06 
0.0 0.0 0.0 0.0 -0.0 0.0 -2.439596 97.276329 7.194036 0.279715 1.025863 -4.637536 0.185846 0.150637 2.552 -0.417675 -0.246475 -4.277854 -0.484411 -2.360898 15.441831 1.307845 2.612858 11.17699 0.011046 1.900675 -3.814938 -0.280681 1.452125 -19.338116 7.7e-05 -2.3e-05 6e-06 0.017594 0.035367 0.045162 0.623352 -3.666799 -10.3904 -0.599983 3.75209 -10.433309 -8.207455 -7.850677 18.698294 -66.16938 -19.708626 20.72171 0.498913 -16.638817 -0.149923 11.557749 -2.156704 -20.84831 -5.882102 9.861278 0.702587 -10.936867 -0.360577 7.1562 2e-06 8.77482 -3e-06 -15.959502 18.163782 6.229631 -1.844031 2.498502 -2.507275 -10.163594 4.678939 4.621101 -20.976013 -7e-06 1e-06 -21.226278 2.451692 -3.593998 -0.0 -7e-06 1e-06 -1.362681 2.240796 -0.746323 -21.334904 0.584905 3.008317 -13.821207 -6e-06 1e-06 -23.887161 -0.249084 -0.839482 -60.3368 2.255072 -0.542679 -0.294025 1.679686 0.833254 -14.218202 0.093212 1.300577 -34.212032 -0.287573 0.967169 -20.033203 0.964531 1.212845 -0.0 -0.0 -1e-06 -3.440387 0.788231 0.501654 -15.928179 -3.167309 2.999703 -6.338823 -2e-06 1e-06 -18.12344 3.648175 -4.905666 -5e-06 -0.0 -2e-06 7.186594 11.638181 18.315308 72.925758 15.153565 17.28252 0.258116 18.468605 0.011691 -2.223078 4.370408 -6.900364 2.243541 -5.255034 -3.180155 14.282888 -0.826592 6.952496 -4e-06 -12.690599 -3e-06 16.083534 -17.925587 2.658412 1.665666 -1.95592 -2.878298 4.727798 -4.170586 4.99392 11.020525 4e-06 -2e-06 12.10905 -3.735713 -2.866782 -0.0 0.0 0.0 1.291985 -1.928548 -1.498088 14.800125 0.56747 3.865604 14.242568 -1.341735 -6.660655 19.631964 0.143927 -0.648245 50.281399 -0.378205 -6.14278 0.353029 -1.51115 -0.031939 20.222786 3.68431 2.316627 18.787266 7e-06 0.0 10.751625 -0.479866 1.397904 0.0 1e-06 2e-06 3.273806 0.305947 -0.58011 21.486809 11.830372 2.266133 8.162924 2e-06 -2e-06 18.399076 -3.798979 -4.940573 3e-06 0.0 0.0 4.181045 0.599384 -20.773914 -0.089965 -0.037165 57.75544 -9.112715 9.332268 -9.574309 1.735385 -1.931966 -3.508046 -0.0 0.0 2e-06 2.240309 -7.94228 16.428982 0.021439 -0.181269 2.595787 3.561682 -8.785944 -16.394251 -1.399328 1.00816 -0.551862 0.0 0.0 -1e-06 
0.0 0.0 0.0 0.0 -0.0 0.0 -2.599209 96.952148 9.033532 1.046769 1.357019 -4.303365 -0.115909 0.186073 2.907738 -0.450093 -0.036343 -4.128555 -0.685542 -2.353238 15.402031 1.129832 2.767383 10.452967 0.015437 1.812239 -3.826465 -0.210727 1.293739 -19.792145 7.7e-05 -2.2e-05 6e-06 0.014717 0.041218 0.030525 0.614593 -3.655477 -10.381811 -0.597058 3.749281 -10.424284 -8.301428 -8.061651 18.731754 -66.127998 -19.790674 19.6733 0.584986 -16.78153 -0.15773 11.648294 -2.027976 -22.172575 -5.8821 9.861273 0.702588 -10.936861 -0.360575 7.1562 1e-06 8.774815 0.0 -15.973513 18.16069 6.158009 -1.84403 2.498501 -2.507276 -10.163589 4.678936 4.621103 -20.976004 -5e-06 3e-06 -21.226259 2.451692 -3.593996 -2e-06 -7e-06 -1e-06 -1.36268 2.240794 -0.746323 -21.33489 0.584906 3.00832 -13.821199 -4e-06 4e-06 -23.887142 -0.249081 -0.839479 -60.349667 2.207295 -0.633871 -0.294024 1.679684 0.833254 -14.218195 0.093214 1.300579 -34.212013 -0.287566 0.967171 -20.033194 0.964535 1.212845 -1e-06 -1e-06 -1e-06 -3.440385 0.788233 0.501655 -15.928172 -3.167306 2.999706 -6.33882 -1e-06 1e-06 -18.123428 3.648175 -4.905663 -4e-06 0.0 -2e-06 6.943649 11.722072 18.29616 72.972374 15.124877 17.148975 0.142705 18.018963 -0.006613 -2.195748 4.484438 -7.077317 2.243538 -5.255033 -3.180155 14.282879 -0.826592 6.9525 -5e-06 -12.690596 -0.0 16.09936 -17.929928 2.647883 1.665664 -1.95592 -2.878299 4.727794 -4.170584 4.993924 11.020515 5e-06 -0.0 12.10904 -3.73571 -2.86678 -0.0 0.0 -2e-06 1.291984 -1.928548 -1.498089 14.800115 0.56747 3.865605 14.242558 -1.341732 -6.66065 19.631945 0.143926 -0.648239 50.317162 -0.39516 -6.129988 0.353029 -1.511149 -0.03194 20.222771 3.68431 2.316632 18.787254 6e-06 4e-06 10.751617 -0.479869 1.397908 1e-06 0.0 3e-06 3.273803 0.305948 -0.580111 21.486797 11.83037 2.266134 8.162921 2e-06 2e-06 18.399067 -3.798982 -4.940565 2e-06 1e-06 -1e-06 1.680987 2.15055 -25.447315 -0.035061 0.140693 58.17585 -9.443906 7.248005 -8.605107 1.740892 -1.935974 -3.570064 -0.0 -0.0 3e-06 1.30363 -8.399954 17.366106 0.028684 -0.130231 2.5155 3.468426 -8.612736 -17.131945 -1.399351 0.999834 -0.420277 0.0 0.0 -1e-06 
0.0 0.0 0.0 0.0 -0.0 0.0 -2.708605 96.564011 11.150755 1.761321 1.662964 -3.769221 -0.409747 0.217007 3.198746 -0.495074 0.145888 -4.017812 -0.857664 -2.353815 15.362245 1.033092 2.857127 9.482287 0.012463 1.702879 -3.830028 -0.203911 1.164686 -20.422314 7.7e-05 -2.2e-05 6e-06 0.0128 0.02901 0.017091 0.614424 -3.666401 -10.389306 -0.600572 3.731428 -10.43301 -8.358908 -8.277272 18.729452 -66.163185 -19.81283 18.953833 0.57196 -16.995586 -0.155153 11.698126 -1.904855 -23.084343 -5.882102 9.86128 0.70259 -10.936866 -0.360574 7.156205 0.0 8.774822 -2e-06 -15.961466 18.15234 6.124185 -1.844032 2.498503 -2.507277 -10.163595 4.678942 4.621109 -20.976013 -3e-06 2e-06 -21.226276 2.451697 -3.593998 -1e-06 -6e-06 0.0 -1.36268 2.240796 -0.746323 -21.334906 0.584909 3.008325 -13.821206 -2e-06 5e-06 -23.887157 -0.249075 -0.83948 -60.366837 2.165064 -0.686985 -0.294026 1.679685 0.833254 -14.218201 0.093215 1.300583 -34.212032 -0.287562 0.967173 -20.033205 0.964538 1.212843 -1e-06 -1e-06 -1e-06 -3.440387 0.788233 0.501656 -15.928179 -3.167308 2.999707 -6.338823 0.0 2e-06 -18.12344 3.648182 -4.905667 -5e-06 -0.0 -3e-06 6.80583 11.878273 18.297455 72.796669 15.1583 17.1863 0.026285 17.503881 -0.029379 -2.11314 4.598637 -7.181472 2.24354 -5.255033 -3.180157 14.28289 -0.826592 6.952503 -6e-06 -12.690597 2e-06 16.144844 -17.917063 2.608346 1.665665 -1.95592 -2.8783 4.727798 -4.170584 4.993924 11.020526 5e-06 1e-06 12.109052 -3.735711 -2.866781 0.0 0.0 -2e-06 1.291985 -1.928548 -1.498089 14.800127 0.56747 3.865609 14.242569 -1.341731 -6.660654 19.631968 0.143928 -0.648244 50.267273 -0.423344 -6.138093 0.353028 -1.511149 -0.031939 20.22279 3.684311 2.316628 18.78727 8e-06 3e-06 10.751627 -0.479867 1.397908 -0.0 -1e-06 3e-06 3.273807 0.305948 -0.58011 21.486818 11.830368 2.266132 8.162928 3e-06 -1e-06 18.399082 -3.79898 -4.940569 3e-06 0.0 -1e-06 -0.812351 2.921123 -29.564253 0.032145 0.291137 55.22942 -9.453286 6.605485 -7.21027 1.749814 -1.997885 -3.52106 -0.0 -0.0 2e-06 0.434397 -8.786046 18.180489 0.028213 -0.106217 2.445015 3.495016 -8.496823 -17.874273 -1.398656 0.960234 -0.316374 0.0 0.0 -1e-06 
0.0 0.0 0.0 0.0 -0.0 0.0 -2.756556 96.08989 13.473672 2.396337 1.843428 -3.088773 -0.664949 0.236766 3.393804 -0.549853 0.28053 -3.931512 -0.990838 -2.292166 15.365098 0.96613 2.85873 8.38378 0.020831 1.633844 -3.814877 -0.256334 1.11275 -21.250008 7.7e-05 -2.2e-05 6e-06 0.009897 0.009145 0.012195 0.616687 -3.688963 -10.400388 -0.608384 3.708491 -10.445759 -8.376808 -8.420807 18.592072 -66.268814 -19.766039 18.747705 0.457321 -17.23012 -0.1361 11.580194 -1.88231 -23.51297 -5.882104 9.861284 0.702591 -10.93687 -0.360576 7.1562 2e-06 8.774825 -2e-06 -15.985592 18.126102 6.070045 -1.844032 2.498503 -2.507276 -10.163597 4.678942 4.621105 -20.976021 -6e-06 5e-06 -21.22628 2.451696 -3.593997 -1e-06 -5e-06 0.0 -1.36268 2.240798 -0.746323 -21.334909 0.584907 3.00832 -13.82121 -4e-06 1e-06 -23.887167 -0.249081 -0.839481 -60.351929 2.123648 -0.74357 -0.294025 1.679688 0.833256 -14.218207 0.093213 1.300579 -34.212048 -0.287569 0.967172 -20.033213 0.964534 1.212845 -1e-06 -1e-06 -1e-06 -3.440388 0.788233 0.501654 -15.928183 -3.167312 2.999704 -6.338825 -2e-06 2e-06 -18.123442 3.648181 -4.905668 -5e-06 -0.0 -3e-06 6.698131 12.151094 18.251259 72.448547 15.279217 17.364704 -0.052883 16.824747 -0.039082 -2.034122 4.752232 -7.392385 2.243541 -5.255034 -3.180155 14.282888 -0.826592 6.952497 -4e-06 -12.690598 0.0 16.238945 -17.891243 2.514324 1.665666 -1.95592 -2.878296 4.727797 -4.170585 4.993918 11.020524 4e-06 -1e-06 12.109048 -3.735712 -2.866782 2e-06 -0.0 -1e-06 1.291985 -1.928548 -1.498087 14.800125 0.567471 3.865604 14.242568 -1.341734 -6.660653 19.631964 0.143928 -0.648243 50.154182 -0.483351 -6.181252 0.353029 -1.51115 -0.031941 20.222786 3.684312 2.316629 18.78727 8e-06 1e-06 10.751626 -0.479867 1.397906 1e-06 1e-06 2e-06 3.273807 0.305947 -0.58011 21.486814 11.830376 2.266131 8.162926 3e-06 -2e-06 18.39908 -3.798979 -4.940571 2e-06 0.0 -1e-06 -2.970385 2.859244 -32.822079 0.09652 0.404878 49.064171 -8.904911 7.384784 -5.343072 1.745481 -2.09584 -3.289396 0.0 -0.0 2e-06 -0.423504 -9.175376 18.956654 0.0099 -0.115101 2.458905 3.664657 -8.155266 -18.669405 -1.393642 0.9172 -0.32317 0.0 1e-06 -1e-06 
0.0 0.0 0.0 0.0 -0.0 0.0 -2.739722 95.476265 16.016684 2.865899 1.788144 -2.362054 -0.790388 0.247365 3.482897 -0.607485 0.384919 -3.859512 -1.094123 -2.15619 15.400111 0.829723 2.825686 7.321146 0.056431 1.662209 -3.783149 -0.344748 1.131308 -22.145441 7.7e-05 -2.2e-05 6e-06 0.00692 -0.000805 0.019735 0.614595 -3.698595 -10.396138 -0.612022 3.691999 -10.436314 -8.344461 -8.424421 18.327051 -66.444839 -19.642206 18.989187 0.303995 -17.355316 -0.105832 11.309054 -2.002433 -23.495394 -5.8821 9.861278 0.702589 -10.936861 -0.360575 7.156202 -0.0 8.774818 -2e-06 -16.031992 18.031282 6.001091 -1.844029 2.498504 -2.507277 -10.16359 4.678941 4.621107 -20.976004 -2e-06 3e-06 -21.226263 2.451696 -3.593998 -0.0 -6e-06 0.0 -1.36268 2.240797 -0.746322 -21.334896 0.584909 3.008324 -13.821199 -2e-06 4e-06 -23.887144 -0.249077 -0.839482 -60.313179 2.092052 -0.802558 -0.294026 1.679686 0.833255 -14.218196 0.093216 1.300581 -34.212013 -0.287562 0.967173 -20.033194 0.964538 1.212843 -1e-06 -0.0 0.0 -3.440386 0.788232 0.501655 -15.928174 -3.167307 2.999707 -6.338821 -1e-06 3e-06 -18.12343 3.648181 -4.905664 -5e-06 -0.0 -1e-06 6.541965 12.52155 18.216888 72.052414 15.5549 17.552553 -0.104204 15.954165 -0.032896 -2.019071 4.941338 -7.812508 2.243537 -5.25503 -3.180155 14.282867 -0.826594 6.952496 -2e-06 -12.690588 -1e-06 16.349249 -17.829512 2.429151 1.665663 -1.955919 -2.878294 4.727791 -4.170581 4.993917 11.020508 2e-06 0.0 12.109031 -3.735712 -2.866778 1e-06 -0.0 -2e-06 1.291983 -1.928547 -1.498085 14.800103 0.567467 3.865604 14.242547 -1.341735 -6.660648 19.631935 0.143925 -0.648241 50.069466 -0.541032 -6.176141 0.353028 -1.511148 -0.031941 20.222757 3.684304 2.316628 18.787243 2e-06 2e-06 10.751614 -0.479869 1.397906 0.0 1e-06 -1e-06 3.273802 0.305946 -0.58011 21.486776 11.830357 2.266132 8.162913 1e-06 1e-06 18.399054 -3.798982 -4.940565 2e-06 -0.0 -2e-06 -4.394382 2.039229 -34.724831 0.07839 0.470629 39.948933 -7.92354 8.881991 -3.086257 1.721057 -2.181813 -3.052582 -0.0 -0.0 2e-06 -1.242853 -9.601047 19.827152 -0.024553 -0.117338 2.599743 4.02422 -7.400621 -19.544849 -1.384374 0.877813 -0.504736 0.0 0.0 -1e-06 
0.0 0.0 0.0 0.0 -0.0 0.0 -2.6354 94.712357 18.829418 3.062302 1.416707 -1.723501 -0.737258 0.319973 3.614038 -0.634404 0.477263 -3.868393 -1.138763 -1.970108 15.409897 0.541211 2.952126 6.315228 0.056964 1.801918 -3.728846 -0.368402 1.087693 -22.858225 7.7e-05 -2.3e-05 6e-06 0.015475 0.049194 0.02888 0.622584 -3.655067 -10.390424 -0.603276 3.743215 -10.429152 -8.296671 -8.305169 17.866774 -66.722961 -19.299452 19.18535 0.176165 -17.319889 -0.082307 11.050499 -2.177182 -23.088135 -5.882099 9.861276 0.70259 -10.936859 -0.360574 7.156199 -0.0 8.774817 -2e-06 -16.079752 17.909357 5.964591 -1.844031 2.498502 -2.507274 -10.163589 4.67894 4.621103 -20.976004 -3e-06 1e-06 -21.226265 2.451695 -3.593998 -0.0 -6e-06 -0.0 -1.36268 2.240796 -0.746322 -21.33489 0.584909 3.00832 -13.821198 -2e-06 0.0 -23.887146 -0.249078 -0.839482 -60.392918 2.032947 -0.785412 -0.294025 1.679686 0.833256 -14.218194 0.093215 1.30058 -34.212013 -0.287562 0.967171 -20.033192 0.964535 1.212843 -0.0 -0.0 0.0 -3.440385 0.788233 0.501655 -15.928168 -3.167307 2.999704 -6.33882 -0.0 1e-06 -18.123426 3.64818 -4.905665 -5e-06 -0.0 -3e-06 6.269141 12.918255 18.413309 71.616005 16.109636 17.506081 0.03391 15.035524 0.00304 -2.109905 5.189648 -8.418747 2.243536 -5.255027 -3.180153 14.282868 -0.82659 6.952495 -5e-06 -12.690582 1e-06 16.443987 -17.682524 2.414143 1.665662 -1.955918 -2.878295 4.72779 -4.170579 4.99392 11.020508 5e-06 3e-06 12.109031 -3.735708 -2.866775 2e-06 0.0 -2e-06 1.291983 -1.928546 -1.498087 14.800101 0.56747 3.865605 14.242544 -1.341732 -6.660644 19.631931 0.143929 -0.648239 50.003822 -0.476695 -6.025496 0.353028 -1.511148 -0.031938 20.222757 3.684307 2.31663 18.787237 5e-06 5e-06 10.751609 -0.479866 1.397907 1e-06 1e-06 -1e-06 3.273801 0.305947 -0.58011 21.48678 11.830359 2.266132 8.162913 2e-06 1e-06 18.399054 -3.798979 -4.940563 3e-06 -1e-06 -2e-06 -4.718413 0.520809 -35.112328 -0.036844 0.482863 28.845215 -6.601273 10.390425 -0.998251 1.658649 -2.241711 -2.822336 -0.0 0.0 2e-06 -2.013629 -10.132279 20.938496 -0.120997 0.064059 2.92539 4.535886 -6.186803 -20.205402 -1.397006 0.846982 -0.850739 0.0 0.0 -1e-06 
0.0 0.0 0.0 0.0 -0.0 0.0 -2.456677 93.903633 21.886999 2.963475 0.647884 -0.919805 -0.5587 0.3699 3.465976 -0.62317 0.612163 -3.903012 -1.043467 -1.766339 15.369388 0.109881 3.060234 5.383974 0.133476 2.090125 -3.669228 -0.483735 1.272222 -23.329664 7.7e-05 -2.2e-05 6e-06 0.024556 0.080579 0.049751 0.624517 -3.629563 -10.384872 -0.587189 3.778434 -10.41093 -8.39453 -8.091994 17.507671 -67.033394 -19.018496 19.117727 0.113469 -16.782764 -0.034388 11.098569 -2.374331 -22.879522 -5.882107 9.861283 0.70259 -10.936873 -0.360575 7.156203 1e-06 8.774823 -3e-06 -16.191753 17.827967 5.903953 -1.844033 2.498504 -2.507277 -10.163601 4.678943 4.621108 -20.976027 -4e-06 2e-06 -21.226288 2.451696 -3.593998 -0.0 -5e-06 -0.0 -1.362681 2.240798 -0.746323 -21.334917 0.584909 3.00832 -13.821217 -3e-06 1e-06 -23.887173 -0.24908 -0.839485 -60.558174 2.055157 -0.781865 -0.294025 1.679687 0.833256 -14.21821 0.093214 1.300578 -34.212051 -0.287566 0.967169 -20.033224 0.964534 1.212843 -0.0 -0.0 -1e-06 -3.440389 0.788233 0.501656 -15.928189 -3.16731 2.999705 -6.338827 -1e-06 1e-06 -18.123446 3.648182 -4.90567 -4e-06 1e-06 -3e-06 6.015065 13.407493 18.543005 71.084663 16.449604 17.446232 0.16718 14.315204 -0.007797 -2.109369 5.558186 -9.620473 2.243541 -5.255037 -3.180157 14.282892 -0.826594 6.952502 -2e-06 -12.690606 -1e-06 16.611046 -17.642042 2.399832 1.665666 -1.955922 -2.878298 4.727799 -4.170588 4.993924 11.020527 3e-06 -1e-06 12.109053 -3.735716 -2.866783 1e-06 0.0 -1e-06 1.291986 -1.928549 -1.49809 14.800129 0.567469 3.865607 14.242576 -1.341737 -6.660658 19.631968 0.143925 -0.648245 50.208206 -0.440079 -5.935863 0.353029 -1.511151 -0.03194 20.222794 3.68431 2.316631 18.787273 4e-06 -0.0 10.75163 -0.479868 1.397905 0.0 0.0 -1e-06 3.273807 0.305947 -0.580111 21.486814 11.830376 2.266134 8.16293 2e-06 -1e-06 18.399082 -3.798984 -4.940575 3e-06 0.0 -2e-06 -3.935219 -1.426516 -34.664024 -0.057345 0.497187 17.322195 -4.98645 11.567683 0.572244 1.63034 -2.196867 -3.022861 -0.0 0.0 3e-06 -2.639102 -10.410519 22.043631 -0.206287 0.200393 3.285093 4.9692 -4.60827 -20.361877 -1.394229 0.803154 -1.37745 -0.0 -0.0 -1e-06 
0.0 0.0 0.0 0.0 -0.0 0.0 -2.171202 93.177704 25.284565 2.877843 -0.333825 0.029333 -0.49016 0.413155 3.126238 -0.607504 0.705093 -3.987511 -0.891854 -1.523915 15.331345 -0.438149 3.162138 4.375873 0.230748 2.411428 -3.604481 -0.483389 1.590514 -23.606026 7.7e-05 -2.3e-05 6e-06 0.037695 0.138778 0.073614 0.628131 -3.590395 -10.382837 -0.56442 3.854322 -10.396199 -8.708004 -7.832385 17.201963 -67.094971 -18.82324 19.001932 0.173833 -15.875764 -0.01564 11.188356 -2.398413 -22.498238 -5.882104 9.861281 0.702589 -10.936868 -0.360576 7.156202 2e-06 8.774822 -2e-06 -16.237068 17.828186 5.894484 -1.844033 2.498504 -2.507278 -10.163597 4.678943 4.621105 -20.976021 -7e-06 -0.0 -21.226284 2.451692 -3.593999 -1e-06 -5e-06 0.0 -1.362681 2.240797 -0.746322 -21.334909 0.584907 3.008321 -13.821209 -4e-06 1e-06 -23.887159 -0.249082 -0.839485 -60.738743 2.111961 -0.914446 -0.294024 1.679685 0.833256 -14.218205 0.093212 1.300576 -34.212048 -0.28757 0.967168 -20.033209 0.964532 1.212844 -0.0 -0.0 0.0 -3.440388 0.788233 0.501655 -15.928185 -3.167311 2.999706 -6.338825 -2e-06 1e-06 -18.123444 3.648179 -4.90567 -4e-06 0.0 -2e-06 5.788614 13.833372 18.481464 70.517967 16.562761 17.029562 0.506625 13.779015 0.00861 -1.955179 6.027687 -10.494144 2.243541 -5.255037 -3.180157 14.282894 -0.826594 6.952505 -4e-06 -12.690605 2e-06 16.739782 -17.658463 2.294678 1.665666 -1.955922 -2.8783 4.7278 -4.170588 4.993925 11.020528 3e-06 -1e-06 12.109053 -3.735716 -2.866782 1e-06 -2e-06 -1e-06 1.291986 -1.928549 -1.498088 14.800132 0.567468 3.86561 14.242574 -1.341736 -6.660657 19.631971 0.143925 -0.648243 50.32708 -0.485352 -6.024945 0.353029 -1.511151 -0.031941 20.222799 3.68431 2.316631 18.787279 4e-06 2e-06 10.751631 -0.479871 1.397905 -0.0 0.0 0.0 3.273808 0.305947 -0.58011 21.486816 11.830376 2.266134 8.16293 2e-06 0.0 18.399088 -3.798985 -4.940575 2e-06 0.0 -3e-06 -2.674373 -3.489103 -34.283047 0.025699 0.455398 8.412304 -3.493121 12.567589 1.325161 1.626464 -2.09944 -3.360484 0.0 -0.0 3e-06 -3.51132 -10.701455 23.1462 -0.254529 0.364749 3.690864 5.282619 -3.122226 -19.779066 -1.390668 0.777107 -2.412746 0.0 0.0 -1e-06 
0.0 0.0 0.0 0.0 -0.0 0.0 -1.825953 92.605782 29.178833 2.993304 -1.393827 1.033101 -0.632348 0.478564 2.790046 -0.602773 0.760414 -4.174055 -0.812963 -1.242202 15.151021 -0.871308 3.268955 3.455013 0.303492 2.665878 -3.54232 -0.354189 1.913229 -23.864906 7.7e-05 -2.3e-05 6e-06 0.052799 0.211758 0.093641 0.648591 -3.539423 -10.411862 -0.554448 3.948977 -10.412454 -8.719287 -7.577185 17.033047 -67.192505 -18.636269 18.930122 0.226734 -15.183345 -0.0154 11.039059 -2.240357 -21.666565 -5.882103 9.861281 0.70259 -10.936865 -0.360576 7.156196 1e-06 8.774822 -2e-06 -16.328836 17.860117 5.897141 -1.844032 2.498502 -2.507276 -10.163594 4.678942 4.621104 -20.976015 -7e-06 0.0 -21.226273 2.451694 -3.593998 -1e-06 -6e-06 -0.0 -1.362681 2.240798 -0.746324 -21.334904 0.584906 3.008317 -13.821207 -4e-06 -0.0 -23.887161 -0.249083 -0.839483 -60.860912 2.209319 -1.055389 -0.294024 1.679685 0.833255 -14.218203 0.093213 1.300578 -34.212036 -0.28757 0.967166 -20.033205 0.964531 1.212843 -0.0 -1e-06 0.0 -3.440387 0.788233 0.501654 -15.928179 -3.167311 2.999702 -6.338823 -2e-06 1e-06 -18.12344 3.648179 -4.90567 -4e-06 1e-06 -1e-06 5.162349 14.222013 18.264627 70.673126 16.411318 16.533165 0.796414 13.312832 0.005871 -1.87931 6.130455 -10.678615 2.243543 -5.25504 -3.180156 14.282896 -0.826594 6.952501 -3e-06 -12.690612 1e-06 16.721056 -17.733837 2.228207 1.665667 -1.955922 -2.878301 4.727799 -4.170589 4.993923 11.02053 4e-06 -3e-06 12.109054 -3.735717 -2.866784 1e-06 -1e-06 -0.0 1.291986 -1.92855 -1.49809 14.800132 0.567469 3.865605 14.242579 -1.341738 -6.660661 19.631975 0.143929 -0.648245 50.414024 -0.583766 -6.205423 0.353029 -1.511151 -0.03194 20.222799 3.684314 2.316626 18.787281 7e-06 -5e-06 10.751633 -0.479868 1.397904 -1e-06 -0.0 1e-06 3.273808 0.305947 -0.580111 21.48682 11.830385 2.266131 8.16293 2e-06 -2e-06 18.39909 -3.798985 -4.940578 2e-06 -0.0 -2e-06 -2.054531 -4.671242 -34.286377 0.110199 0.504934 4.7455 -3.170407 13.342771 1.201733 1.61112 -2.058998 -3.708222 0.0 -0.0 2e-06 -4.60304 -10.634306 24.366549 -0.259572 0.499461 4.0307 5.432535 -2.314352 -18.390724 -1.395389 0.798072 -4.252292 -0.0 0.0 -1e-06 
0.0 0.0 0.0 0.0 -0.0 0.0 -1.40625 92.341385 33.705757 3.816411 -2.2737 2.341177 -1.284572 0.560582 2.23816 -0.613029 0.89767 -4.491346 -1.063808 -0.880976 14.643405 -0.789234 3.391477 2.808596 0.391301 2.696764 -3.524718 -0.200194 2.011821 -23.867561 7.7e-05 -2.3e-05 6e-06 0.068299 0.255594 0.091431 0.675571 -3.514684 -10.479936 -0.550591 4.013844 -10.457468 -8.518984 -7.502155 16.924091 -67.138252 -18.102211 19.304369 0.133173 -15.279745 0.015939 10.740167 -2.253321 -20.954342 -5.882105 9.861284 0.702591 -10.936868 -0.360574 7.156206 0.0 8.774822 1e-06 -16.300159 17.817823 5.96837 -1.844031 2.498504 -2.507277 -10.163595 4.678944 4.621109 -20.976017 -2e-06 3e-06 -21.226282 2.451698 -3.594 -1e-06 -7e-06 0.0 -1.362681 2.240798 -0.746323 -21.334906 0.584911 3.008324 -13.82121 -1e-06 4e-06 -23.887159 -0.249077 -0.839482 -61.07877 2.254399 -0.834862 -0.294025 1.679688 0.833256 -14.218203 0.093216 1.300581 -34.212036 -0.287562 0.967171 -20.033207 0.964538 1.212844 -1e-06 -1e-06 -2e-06 -3.440389 0.788233 0.501658 -15.928181 -3.167308 2.999709 -6.338824 -0.0 2e-06 -18.12344 3.648184 -4.905669 -3e-06 0.0 -1e-06 4.612446 14.433685 17.986248 71.298256 15.747149 16.211895 0.877354 12.579022 0.001711 -1.909574 5.839227 -10.808627 2.243539 -5.255033 -3.180155 14.282878 -0.826592 6.952497 -3e-06 -12.690597 0.0 16.59815 -17.852356 2.217926 1.665665 -1.95592 -2.878296 4.727795 -4.170584 4.993919 11.020515 3e-06 -1e-06 12.109039 -3.735713 -2.866781 -0.0 0.0 0.0 1.291984 -1.928548 -1.498087 14.800115 0.567469 3.865604 14.242559 -1.341736 -6.660649 19.631948 0.143926 -0.648243 50.374889 -0.657881 -6.342721 0.353029 -1.51115 -0.031941 20.222771 3.684308 2.31663 18.787256 5e-06 -0.0 10.751617 -0.47987 1.397907 -1e-06 0.0 1e-06 3.273804 0.305947 -0.580108 21.48679 11.830366 2.266132 8.162919 2e-06 0.0 18.399063 -3.798982 -4.94057 3e-06 -0.0 -2e-06 -3.010552 -5.351624 -34.393127 0.128189 0.610063 5.314528 -2.912389 13.971559 1.300265 1.59348 -2.071255 -4.109287 0.0 -0.0 2e-06 -6.459157 -10.412539 25.29734 -0.246616 0.660924 4.52736 5.533259 -1.643548 -15.482398 -1.428523 0.834469 -8.014831 0.0 0.0 -1e-06 
0.0 0.0 0.0 0.0 -0.0 0.0 -0.918358 92.609673 38.927341 5.432625 -2.79069 3.982568 -2.436469 0.581248 1.328933 -0.776361 1.028182 -4.907609 -1.602564 -0.578642 13.992777 -0.151891 3.382688 2.198139 0.371055 2.497 -3.535693 -0.096445 2.08055 -23.374153 7.7e-05 -2.3e-05 6e-06 0.071135 0.263852 0.07217 0.686157 -3.505075 -10.49427 -0.555754 4.021039 -10.466348 -8.928493 -7.555205 16.428461 -66.225296 -16.95384 20.252598 -0.013536 -15.843003 -0.029157 10.290875 -2.528532 -20.236525 -5.882106 9.861284 0.70259 -10.936872 -0.360577 7.156203 2e-06 8.774825 0.0 -16.385462 17.844606 5.908639 -1.844034 2.498504 -2.507277 -10.163601 4.678944 4.621105 -20.97603 -7e-06 1e-06 -21.226292 2.451693 -3.593999 -2e-06 -7e-06 0.0 -1.362682 2.240798 -0.746325 -21.334917 0.584906 3.00832 -13.821216 -5e-06 1e-06 -23.887173 -0.249084 -0.839484 -61.092915 2.239426 -0.884654 -0.294024 1.679687 0.833254 -14.21821 0.093213 1.300575 -34.212063 -0.287571 0.967167 -20.033224 0.964532 1.212843 -1e-06 0.0 -1e-06 -3.440389 0.788233 0.501654 -15.928189 -3.167312 2.999704 -6.338829 -1e-06 2e-06 -18.123451 3.64818 -4.905673 -3e-06 0.0 -3e-06 5.420818 14.33775 17.632486 71.084991 14.38987 15.672362 0.753742 11.635521 0.020591 -2.073868 5.49607 -10.890091 2.243541 -5.255036 -3.180155 14.282884 -0.826592 6.952497 -3e-06 -12.690603 -1e-06 16.518572 -17.809837 2.286573 1.665666 -1.955921 -2.878297 4.727797 -4.170586 4.993919 11.020522 5e-06 -1e-06 12.109046 -3.735714 -2.866784 1e-06 -1e-06 1e-06 1.291985 -1.928549 -1.498088 14.80012 0.56747 3.865602 14.242565 -1.341735 -6.660655 19.631962 0.143928 -0.648243 50.320335 -0.673563 -6.326469 0.353029 -1.51115 -0.031939 20.222782 3.684311 2.316628 18.787266 7e-06 -3e-06 10.75162 -0.479867 1.397905 -1e-06 0.0 0.0 3.273805 0.305947 -0.58011 21.486803 11.830376 2.266131 8.162924 3e-06 -1e-06 18.399075 -3.798981 -4.940574 1e-06 0.0 -2e-06 -5.177528 -6.43253 -34.943836 0.208844 0.715575 8.114952 -2.65572 14.898217 2.776482 1.609163 -2.020842 -4.030109 0.0 0.0 3e-06 -9.03057 -10.23624 25.063053 -0.249314 0.91931 6.290299 5.308601 -1.57332 -10.355844 -1.477097 0.825361 -13.905064 0.0 0.0 -1e-06 
0.0 0.0 0.0 0.0 -0.0 0.0 -0.425171 93.259193 44.697029 7.1103 -2.7384 5.405748 -3.497649 0.455101 0.431747 -1.038185 1.21161 -5.234837 -2.330926 -0.521356 13.315937 0.876271 3.261368 1.754318 0.276176 2.085916 -3.553781 -0.124022 2.263238 -22.694744 7.7e-05 -2.3e-05 6e-06 0.052903 0.193525 0.047629 0.680011 -3.568927 -10.522656 -0.585595 3.943775 -10.494507 -9.196585 -7.717589 16.042067 -65.376495 -15.962913 21.472334 -0.110694 -16.50997 -0.104668 9.759219 -2.639557 -19.62792 -5.882097 9.861274 0.702589 -10.936856 -0.360575 7.156201 0.0 8.774816 -2e-06 -16.472357 17.933704 5.864672 -1.844029 2.498502 -2.507275 -10.163586 4.678939 4.621105 -20.97599 -3e-06 5e-06 -21.226255 2.451694 -3.593995 -2e-06 -7e-06 0.0 -1.36268 2.240796 -0.746323 -21.334887 0.584908 3.008327 -13.821197 -2e-06 6e-06 -23.887138 -0.249076 -0.839477 -61.021313 2.229414 -0.940898 -0.294024 1.679685 0.833256 -14.218188 0.093214 1.300582 -34.211994 -0.287561 0.967174 -20.033184 0.964538 1.212846 0.0 -0.0 0.0 -3.440383 0.788231 0.501656 -15.928165 -3.167305 2.999707 -6.338817 -1e-06 3e-06 -18.123423 3.64818 -4.90566 -4e-06 -0.0 -3e-06 6.720412 14.053466 17.402111 70.955322 12.764678 14.681425 0.427929 10.7558 0.015165 -2.622466 5.27027 -10.818791 2.243539 -5.25503 -3.180154 14.282873 -0.826593 6.952492 -3e-06 -12.690585 -1e-06 16.595165 -17.59544 2.237962 1.665665 -1.955919 -2.878297 4.727793 -4.170581 4.993916 11.020512 5e-06 -5e-06 12.109036 -3.73571 -2.866781 0.0 0.0 -1e-06 1.291983 -1.928547 -1.498085 14.80011 0.567468 3.865601 14.242555 -1.341733 -6.660649 19.631943 0.143927 -0.648244 50.121075 -0.594038 -6.154808 0.353029 -1.511148 -0.031941 20.222769 3.684307 2.316626 18.787251 7e-06 -3e-06 10.751616 -0.479868 1.397905 -2e-06 0.0 1e-06 3.273803 0.305947 -0.580109 21.486786 11.830359 2.26613 8.162917 3e-06 -2e-06 18.399057 -3.79898 -4.940569 1e-06 0.0 -3e-06 -7.321529 -8.182082 -35.43301 0.298809 0.717476 12.35538 -2.428552 15.665389 4.067717 1.613135 -2.013485 -3.409708 0.0 -0.0 4e-06 -11.227954 -9.744221 23.176908 -0.245036 1.146536 10.935822 4.429998 -2.009449 -1.943089 -1.561819 0.761807 -21.637159 0.0 0.0 -1e-06 
0.0 0.0 0.0 0.0 -0.0 0.0 0.013343 93.967255 50.677444 7.953873 -2.132712 5.88533 -3.9242 0.347596 0.048499 -1.218 1.306904 -5.313212 -2.813789 -0.681616 12.825152 1.679817 3.080184 1.623518 0.184684 1.798426 -3.546548 -0.158771 2.238262 -22.134214 7.7e-05 -2.3e-05 6e-06 0.027974 0.108084 0.057405 0.67935 -3.660244 -10.545018 -0.633103 3.864775 -10.523749 -8.951536 -8.012442 16.054806 -65.204559 -15.729788 22.272682 -0.283959 -16.788422 -0.093596 9.119075 -2.459859 -19.024841 -5.882103 9.861285 0.702591 -10.93687 -0.360576 7.156204 1e-06 8.774826 -2e-06 -16.40547 18.038387 5.978543 -1.844032 2.498504 -2.507276 -10.163597 4.678944 4.621109 -20.976021 -4e-06 5e-06 -21.226282 2.451696 -3.593998 -2e-06 -7e-06 0.0 -1.36268 2.240798 -0.746322 -21.334906 0.584908 3.008324 -13.82121 -2e-06 4e-06 -23.887161 -0.249079 -0.83948 -61.009224 2.218046 -0.826347 -0.294024 1.679687 0.833254 -14.218205 0.093213 1.300582 -34.212036 -0.287565 0.967174 -20.033209 0.964537 1.212846 -1e-06 -0.0 -1e-06 -3.440387 0.788233 0.501655 -15.928183 -3.167311 2.999708 -6.338825 -2e-06 3e-06 -18.123444 3.648183 -4.905667 -3e-06 0.0 -3e-06 7.504353 13.693211 17.433363 71.381584 11.446425 13.711582 0.139154 10.37552 0.004765 -3.236705 5.09439 -10.588064 2.243542 -5.255037 -3.180159 14.282895 -0.826594 6.952502 -3e-06 -12.690607 0.0 16.606186 -17.409636 2.217517 1.665666 -1.955922 -2.878298 4.7278 -4.170587 4.993925 11.020528 4e-06 -2e-06 12.109053 -3.735715 -2.866783 -1e-06 -1e-06 0.0 1.291985 -1.928549 -1.49809 14.800132 0.567469 3.865608 14.242576 -1.341736 -6.660658 19.631975 0.143927 -0.648245 49.957474 -0.407428 -5.922922 0.353029 -1.51115 -0.03194 20.222797 3.684311 2.316632 18.787273 6e-06 -2e-06 10.751633 -0.479868 1.397908 -1e-06 1e-06 -0.0 3.273808 0.305947 -0.580111 21.48682 11.830377 2.266135 8.162929 1e-06 -1e-06 18.399086 -3.798985 -4.940573 1e-06 0.0 -2e-06 -8.923662 -9.46059 -34.607368 0.34104 0.652242 16.703478 -1.327267 15.130472 3.744713 1.611454 -2.054348 -2.763882 0.0 -0.0 2e-06 -11.977683 -8.408504 19.862646 -0.166351 1.204384 18.836802 3.335658 -2.564594 8.938187 -1.612931 0.682229 -26.303591 0.0 -0.0 -2e-06 
0.0 0.0 0.0 0.0 -0.0 0.0 0.338527 94.770134 56.734585 8.194468 -1.256927 5.481313 -3.994602 0.251598 0.130393 -1.312737 1.198245 -5.247349 -3.028989 -0.885498 12.752398 2.305446 2.810085 1.639695 -0.126089 1.858653 -3.530011 0.047025 1.958612 -21.681196 7.7e-05 -2.3e-05 6e-06 0.009867 0.029914 0.074339 0.668801 -3.738213 -10.518927 -0.656896 3.789501 -10.495519 -8.718776 -8.329847 16.231915 -65.128685 -16.060663 22.780899 -0.423926 -16.796551 -0.033452 8.513891 -2.227872 -18.511255 -5.882103 9.861281 0.702591 -10.936865 -0.360575 7.156199 -0.0 8.774821 -3e-06 -16.124382 18.001505 6.247543 -1.844032 2.498503 -2.507276 -10.163595 4.678943 4.621105 -20.976013 -3e-06 -0.0 -21.226278 2.451696 -3.594 -2e-06 -7e-06 1e-06 -1.36268 2.240797 -0.746322 -21.3349 0.58491 3.00832 -13.821206 -3e-06 0.0 -23.887156 -0.249078 -0.839482 -61.051788 2.426932 -0.501345 -0.294025 1.679686 0.833256 -14.218201 0.093216 1.300581 -34.212032 -0.287562 0.967168 -20.033201 0.964537 1.212841 -0.0 1e-06 -1e-06 -3.440387 0.788233 0.501654 -15.928177 -3.167307 2.999705 -6.338823 -1e-06 2e-06 -18.123436 3.648181 -4.90567 -3e-06 -0.0 -2e-06 8.120743 13.201552 17.464182 71.645226 10.645769 13.17637 0.213984 10.41606 0.046154 -3.834511 5.360279 -10.997303 2.24354 -5.255037 -3.180156 14.282881 -0.826595 6.952501 -1e-06 -12.690605 -2e-06 16.558647 -17.387323 2.270004 1.665665 -1.955922 -2.878298 4.727796 -4.170588 4.993921 11.020519 1e-06 -3e-06 12.109047 -3.735718 -2.866785 -0.0 -1e-06 1e-06 1.291985 -1.928549 -1.498088 14.800118 0.567466 3.865608 14.242562 -1.341739 -6.660656 19.631956 0.143924 -0.648245 49.618313 -0.310436 -6.08546 0.353029 -1.511151 -0.031939 20.222778 3.684308 2.316631 18.787258 2e-06 -3e-06 10.751622 -0.479871 1.397906 -1e-06 1e-06 -0.0 3.273805 0.305947 -0.58011 21.486797 11.830372 2.266135 8.162921 -0.0 -0.0 18.399071 -3.798988 -4.940575 3e-06 1e-06 -2e-06 -10.229291 -9.663468 -31.876989 0.392292 0.592255 19.26186 -0.445965 13.634733 2.781332 1.62543 -2.071493 -2.418668 0.0 -0.0 2e-06 -11.981957 -6.641856 15.370515 -0.08081 1.166182 29.116243 4.091306 -2.745524 20.547192 -1.463699 0.713057 -19.492853 -0.0 0.0 0.0 
0.0 0.0 0.0 0.0 -0.0 0.0 0.616415 95.408195 62.695683 8.817526 -0.44873 4.534985 -4.356602 0.161253 0.652203 -1.453409 1.045748 -5.154284 -3.475088 -1.167888 12.842784 2.788703 2.73631 1.987713 -0.292513 1.884366 -3.60845 0.261172 1.833415 -21.662128 7.7e-05 -2.3e-05 6e-06 0.023005 0.047216 0.061409 0.699456 -3.705962 -10.547509 -0.65879 3.79566 -10.518179 -8.297574 -8.398233 16.671682 -64.910492 -17.051983 22.646646 -0.69994 -16.93265 0.073328 8.257996 -2.366768 -18.137569 -5.882093 9.861267 0.702588 -10.936849 -0.360576 7.156196 1e-06 8.774809 -1e-06 -16.162207 18.098108 6.204381 -1.844028 2.4985 -2.507277 -10.163579 4.678935 4.621103 -20.975983 -5e-06 4e-06 -21.226244 2.45169 -3.593992 0.0 -7e-06 -1e-06 -1.362678 2.240794 -0.746323 -21.334871 0.584905 3.008322 -13.821185 -4e-06 4e-06 -23.887119 -0.249078 -0.839478 -61.120857 2.394239 -0.385166 -0.294024 1.679683 0.833254 -14.218179 0.093213 1.300582 -34.211983 -0.287564 0.967175 -20.033175 0.964535 1.212846 -1e-06 -1e-06 -3e-06 -3.440382 0.788232 0.501657 -15.928155 -3.167306 2.999703 -6.338813 -2e-06 4e-06 -18.123407 3.648177 -4.905658 -2e-06 1e-06 -2e-06 8.572993 12.820696 17.67378 72.238281 10.575434 12.979962 0.304171 10.798046 0.08997 -4.536551 5.928399 -11.541759 2.243538 -5.255029 -3.180153 14.282868 -0.826593 6.952491 -2e-06 -12.690584 0.0 16.637762 -17.596197 2.388919 1.665663 -1.955918 -2.878294 4.72779 -4.17058 4.993917 11.020508 2e-06 -2e-06 12.109032 -3.735709 -2.866779 -2e-06 -1e-06 -2e-06 1.291983 -1.928546 -1.498088 14.800103 0.567467 3.865601 14.242547 -1.341734 -6.660648 19.631931 0.143926 -0.648243 49.625858 -0.320107 -6.072211 0.353029 -1.511148 -0.031939 20.222754 3.684303 2.316627 18.787239 3e-06 -3e-06 10.75161 -0.479869 1.397903 -0.0 0.0 -0.0 3.273801 0.305946 -0.58011 21.486773 11.830354 2.266127 8.162913 1e-06 -1e-06 18.399048 -3.79898 -4.940569 2e-06 1e-06 -1e-06 -12.210217 -8.565954 -27.558933 0.328414 0.674678 20.310387 0.285596 11.29643 0.235152 1.631874 -2.04168 -1.286621 0.0 -0.0 2e-06 -12.2414 -4.694507 9.800587 -0.023887 1.140808 40.596077 7.322957 -1.562606 28.317379 -1.345046 0.923406 -5.250578 -0.0 -0.0 -1e-06 
0.0 0.0 0.0 0.0 -0.0 0.0 0.859199 96.014893 68.152245 9.637079 -0.218815 3.243015 -4.845415 0.02075 1.394859 -1.671514 0.937678 -4.997948 -3.866882 -1.316149 13.072488 2.886456 2.884672 2.489842 -0.324531 2.190491 -3.627415 0.116573 1.774936 -22.201691 7.7e-05 -2.3e-05 6e-06 0.029752 0.094636 0.060714 0.703369 -3.654126 -10.536577 -0.648116 3.839863 -10.504994 -8.046261 -8.080347 17.140736 -64.666618 -18.392414 22.09273 -0.564104 -17.152773 0.084315 9.179526 -2.84591 -19.569555 -5.882103 9.861284 0.70259 -10.936865 -0.360574 7.156206 -1e-06 8.774822 -0.0 -16.207127 18.266844 6.173947 -1.844031 2.498505 -2.507278 -10.163593 4.678944 4.621111 -20.976007 0.0 2e-06 -21.226273 2.451701 -3.594 -1e-06 -7e-06 0.0 -1.362681 2.240799 -0.746324 -21.334904 0.584912 3.008325 -13.821206 -0.0 3e-06 -23.887157 -0.249074 -0.839486 -61.104744 2.589618 -0.475879 -0.294026 1.679688 0.833256 -14.218201 0.093217 1.300581 -34.212029 -0.287558 0.96717 -20.033203 0.964539 1.212843 -1e-06 0.0 -1e-06 -3.440387 0.788233 0.501656 -15.928176 -3.167307 2.99971 -6.338824 -1e-06 3e-06 -18.12344 3.648185 -4.90567 -3e-06 1e-06 -2e-06 8.395253 12.588841 18.017118 73.356987 11.376583 13.431994 0.332351 11.247779 0.094449 -5.000563 6.246511 -11.157325 2.243543 -5.255039 -3.180158 14.282893 -0.826598 6.952504 0.0 -12.690609 1e-06 16.608749 -17.859638 2.301952 1.665667 -1.955922 -2.878299 4.7278 -4.17059 4.993926 11.020528 0.0 -3e-06 12.109057 -3.73572 -2.866786 -0.0 1e-06 -0.0 1.291986 -1.92855 -1.498089 14.800129 0.567465 3.865608 14.242576 -1.341739 -6.660661 19.631969 0.143924 -0.648247 49.61832 -0.236227 -6.305102 0.353029 -1.511151 -0.03194 20.222795 3.684307 2.31663 18.787279 1e-06 -4e-06 10.751629 -0.47987 1.397906 -1e-06 -0.0 0.0 3.273807 0.305946 -0.580112 21.486814 11.830376 2.266133 8.16293 0.0 -1e-06 18.39909 -3.798989 -4.94058 2e-06 0.0 -2e-06 -14.226087 -6.971988 -21.984556 0.24646 0.647251 19.437334 0.775523 10.266525 -2.475434 1.61358 -2.010813 -0.704436 0.0 -0.0 2e-06 -12.903762 -3.467009 3.461043 0.028119 0.934379 51.972824 7.757708 -0.320365 22.84285 -1.425906 0.973241 -3.187693 -0.0 -0.0 -1e-06 
0.0 0.0 0.0 0.0 -0.0 0.0 1.087321 96.765137 73.350883 9.915225 -0.574772 1.741602 -5.029065 -0.007998 2.162005 -1.753738 0.885651 -4.677 -4.024411 -1.303424 13.172117 2.612165 2.986084 3.316569 -0.276161 2.620509 -3.596587 0.05862 1.905288 -22.302256 7.7e-05 -2.3e-05 6e-06 0.03413 0.153926 0.058456 0.697311 -3.596185 -10.535736 -0.632739 3.900556 -10.504326 -7.904185 -7.71786 17.20986 -64.656479 -19.20842 21.024811 -0.211205 -17.790548 0.005897 11.219775 -3.10119 -21.131628 -5.882102 9.861281 0.702591 -10.936863 -0.360575 7.156199 0.0 8.774821 -2e-06 -16.135639 18.405916 6.196672 -1.844031 2.498503 -2.507275 -10.163592 4.678943 4.621108 -20.976007 -4e-06 3e-06 -21.226271 2.451696 -3.593996 -1e-06 -7e-06 0.0 -1.36268 2.240798 -0.746323 -21.334896 0.584908 3.008321 -13.821202 -3e-06 4e-06 -23.887152 -0.249079 -0.839483 -60.938068 2.606116 -0.685465 -0.294025 1.679688 0.833256 -14.218197 0.093214 1.300579 -34.212021 -0.287565 0.96717 -20.033197 0.964535 1.212843 -0.0 -0.0 -1e-06 -3.440386 0.788233 0.501656 -15.928176 -3.167307 2.999704 -6.338821 -1e-06 2e-06 -18.12343 3.648183 -4.905668 -4e-06 0.0 -2e-06 7.787863 12.563408 18.385008 74.685638 12.438072 14.694861 0.40572 11.611418 0.080777 -5.042176 5.907499 -10.49825 2.243538 -5.255032 -3.180155 14.282874 -0.826593 6.952497 -3e-06 -12.690594 0.0 16.584122 -18.042971 2.212544 1.665664 -1.95592 -2.878296 4.727793 -4.170584 4.993919 11.020514 5e-06 -2e-06 12.109036 -3.735712 -2.86678 -0.0 -1e-06 0.0 1.291984 -1.928548 -1.498088 14.800112 0.567468 3.865605 14.242557 -1.341734 -6.660653 19.631947 0.143927 -0.648243 49.592541 -0.269295 -6.477425 0.353028 -1.511149 -0.03194 20.222769 3.684308 2.31663 18.787251 5e-06 -1e-06 10.751616 -0.479868 1.397906 -1e-06 1e-06 -0.0 3.273803 0.305947 -0.58011 21.48679 11.830366 2.266132 8.162921 2e-06 0.0 18.399065 -3.798982 -4.940569 2e-06 -0.0 0.0 -15.383254 -5.152929 -15.150774 0.168742 0.533373 16.243551 1.467741 9.908567 -4.603272 1.605538 -1.964351 -0.296338 0.0 -0.0 2e-06 -12.991379 -2.781068 -3.367698 0.065363 0.589853 60.375648 4.164463 -2.759641 13.381013 -1.514975 0.988708 -3.306165 -0.0 -0.0 -1e-06 
0.0 0.0 0.0 0.0 -0.0 0.0 1.270811 97.483643 78.453247 9.399689 -1.076298 0.138944 -4.853484 0.031661 2.972161 -1.679422 0.643115 -4.237486 -3.805095 -1.282963 13.112616 2.202867 3.001237 4.270512 -0.127186 2.925645 -3.521647 0.008169 2.437474 -22.036457 7.7e-05 -2.3e-05 6e-06 0.036179 0.173791 0.072245 0.678005 -3.573608 -10.506203 -0.608613 3.919359 -10.481888 -7.581432 -7.53903 17.11643 -65.171158 -19.533255 19.936062 0.259853 -18.718546 -0.145917 13.216487 -3.136666 -22.4641 -5.882103 9.861279 0.702589 -10.936865 -0.360575 7.156199 0.0 8.774819 -2e-06 -15.939256 18.434679 6.300757 -1.844031 2.498503 -2.507277 -10.163595 4.678943 4.621105 -20.976013 -2e-06 1e-06 -21.226278 2.451696 -3.594 -1e-06 -7e-06 1e-06 -1.362681 2.240798 -0.746323 -21.334904 0.58491 3.008319 -13.821206 -2e-06 2e-06 -23.887156 -0.249078 -0.839485 -60.71785 2.535841 -0.816983 -0.294025 1.679687 0.833254 -14.218201 0.093215 1.300579 -34.21204 -0.287564 0.967168 -20.033203 0.964535 1.212843 1e-06 0.0 -2e-06 -3.440388 0.788233 0.501656 -15.928179 -3.167308 2.999704 -6.338823 0.0 -0.0 -18.12344 3.64818 -4.905669 -4e-06 1e-06 -3e-06 6.892566 12.603255 18.431368 76.011124 13.099121 16.033262 0.493086 12.105392 0.056776 -4.848148 5.174167 -9.899218 2.243542 -5.255036 -3.180156 14.28289 -0.826596 6.9525 -1e-06 -12.690602 -1e-06 16.526558 -17.993361 2.201478 1.665666 -1.955921 -2.878299 4.727799 -4.170587 4.993922 11.020526 3e-06 -2e-06 12.109052 -3.735716 -2.866785 1e-06 -2e-06 -0.0 1.291986 -1.928549 -1.498089 14.800127 0.567467 3.865608 14.242571 -1.341737 -6.660657 19.631966 0.143924 -0.648245 49.462616 -0.337301 -6.600606 0.353029 -1.51115 -0.031941 20.222788 3.684307 2.316628 18.78727 3e-06 -3e-06 10.751626 -0.47987 1.397904 -2e-06 -0.0 0.0 3.273806 0.305947 -0.58011 21.486809 11.830369 2.266131 8.162929 1e-06 0.0 18.39908 -3.798985 -4.940577 2e-06 1e-06 -1e-06 -15.403501 -3.469933 -7.592865 0.118043 0.42862 11.498746 2.138363 9.809318 -5.883252 1.599517 -1.951866 -0.168005 -0.0 0.0 2e-06 -12.02369 -2.594663 -9.837569 0.033925 0.190943 64.677635 -0.520691 -7.655283 5.025361 -1.554574 0.968334 -3.370246 -0.0 0.0 -1e-06 
0.0 0.0 0.0 0.0 -0.0 0.0 1.416697 97.903877 83.460304 8.126129 -1.243733 -1.17 -4.336614 -0.00484 3.756986 -1.51136 0.215533 -3.860388 -3.283774 -1.402011 13.060498 1.940952 2.972941 5.060124 0.051152 3.113539 -3.465998 -0.021649 3.103463 -21.830723 7.7e-05 -2.2e-05 6e-06 0.032216 0.126194 0.098096 0.656727 -3.621079 -10.47714 -0.594279 3.875803 -10.462726 -6.991629 -7.622901 16.9373 -65.778076 -19.769688 19.317835 0.484152 -19.714851 -0.266706 14.448135 -3.161295 -23.080723 -5.882099 9.861273 0.702589 -10.936859 -0.360575 7.156198 1e-06 8.774815 -2e-06 -15.722578 18.374697 6.393991 -1.844031 2.498501 -2.507275 -10.163589 4.678939 4.621103 -20.976002 -5e-06 3e-06 -21.226263 2.451691 -3.593995 -1e-06 -6e-06 2e-06 -1.362681 2.240797 -0.746322 -21.334888 0.584906 3.00832 -13.821199 -3e-06 2e-06 -23.88714 -0.249079 -0.839481 -60.55975 2.542913 -0.812325 -0.294025 1.679685 0.833254 -14.218193 0.093214 1.300578 -34.212013 -0.287566 0.96717 -20.033194 0.964534 1.212842 0.0 -0.0 -0.0 -3.440384 0.788232 0.501655 -15.928168 -3.167306 2.999703 -6.33882 -1e-06 2e-06 -18.123426 3.648177 -4.905665 -3e-06 1e-06 -2e-06 6.04957 12.553417 18.345505 77.056366 13.381818 16.780806 0.544163 12.783468 0.03165 -4.678338 4.684999 -9.511853 2.243538 -5.255027 -3.180153 14.28287 -0.826592 6.952492 -3e-06 -12.690581 1e-06 16.439034 -17.912971 2.28488 1.665663 -1.955918 -2.878295 4.727791 -4.17058 4.993914 11.020509 4e-06 -4e-06 12.109033 -3.735709 -2.866779 1e-06 -1e-06 -0.0 1.291983 -1.928546 -1.498088 14.800105 0.567468 3.865603 14.24255 -1.341733 -6.660646 19.631935 0.143926 -0.648242 49.334377 -0.347342 -6.630267 0.353028 -1.511148 -0.031939 20.222763 3.684305 2.316628 18.787249 6e-06 0.0 10.751616 -0.479868 1.397904 -1e-06 -0.0 0.0 3.273802 0.305947 -0.58011 21.486782 11.830356 2.266129 8.162915 2e-06 0.0 18.399054 -3.798977 -4.940565 2e-06 -0.0 0.0 -14.424074 -2.30165 -0.256228 0.082157 0.371474 6.510808 2.800618 9.679646 -6.50069 1.598862 -1.980651 -0.199944 -0.0 -0.0 2e-06 -9.904249 -2.768453 -15.989022 -0.048606 -0.181668 65.09481 -4.095317 -12.90952 -1.088645 -1.527869 0.899072 -3.42241 0.0 -0.0 -2e-06 
0.0 0.0 0.0 0.0 -0.0 0.0 1.452163 97.883781 88.47084 6.571552 -0.793826 -1.906483 -3.737088 -0.206952 4.348051 -1.331213 -0.252665 -3.622745 -2.748246 -1.638724 13.160921 2.129599 2.778309 5.603228 0.17587 3.238772 -3.474873 0.003855 3.638034 -21.988438 7.7e-05 -2.2e-05 6e-06 0.031909 0.075017 0.12059 0.652179 -3.674044 -10.46005 -0.589689 3.832 -10.454947 -6.205324 -8.062201 16.716452 -66.00544 -20.271465 19.300869 0.349967 -20.510019 -0.292834 14.823545 -3.325279 -23.005209 -5.882105 9.861283 0.70259 -10.936867 -0.360573 7.156201 -1e-06 8.774821 -0.0 -15.652791 18.320757 6.417106 -1.844032 2.498505 -2.507275 -10.163595 4.678946 4.621108 -20.976017 -1e-06 2e-06 -21.226278 2.451698 -3.594 -0.0 -6e-06 0.0 -1.362682 2.240798 -0.746322 -21.334904 0.584913 3.008322 -13.821209 -0.0 1e-06 -23.887156 -0.249075 -0.839485 -60.400646 2.594651 -0.700068 -0.294025 1.679688 0.833255 -14.218204 0.093215 1.30058 -34.212036 -0.287561 0.967169 -20.033209 0.964537 1.212842 1e-06 0.0 -2e-06 -3.440387 0.788234 0.501656 -15.928179 -3.167305 2.999707 -6.338824 -1e-06 3e-06 -18.123438 3.648184 -4.905669 -4e-06 -0.0 -1e-06 5.782909 12.180949 18.199951 77.450615 13.420046 16.924192 0.619205 13.590697 0.022191 -4.848422 4.672028 -9.097576 2.243539 -5.255033 -3.180157 14.282879 -0.826593 6.952499 -3e-06 -12.690593 1e-06 16.363758 -17.880676 2.396987 1.665664 -1.95592 -2.878297 4.727795 -4.170584 4.99392 11.020515 5e-06 -3e-06 12.109039 -3.735711 -2.866782 0.0 -1e-06 -1e-06 1.291984 -1.928548 -1.498089 14.800117 0.567469 3.865606 14.24256 -1.341735 -6.660652 19.631948 0.143927 -0.648242 49.368523 -0.323887 -6.543373 0.353028 -1.51115 -0.031941 20.222775 3.684307 2.316632 18.787256 6e-06 1e-06 10.75162 -0.479868 1.397906 -2e-06 -0.0 -1e-06 3.273804 0.305947 -0.58011 21.486795 11.830366 2.266135 8.162921 2e-06 2e-06 18.399063 -3.798983 -4.940568 2e-06 -0.0 -2e-06 -13.012285 -1.693105 5.646608 0.051359 0.389945 3.260612 3.344599 9.419776 -7.365394 1.613016 -2.033089 -0.301296 0.0 -0.0 2e-06 -7.310459 -3.226654 -22.05987 -0.153875 -0.408581 62.178028 -4.832093 -15.766614 -5.351406 -1.49442 0.873089 -3.833793 -0.0 0.0 -1e-06 
0.0 0.0 0.0 0.0 -0.0 0.0 1.390216 97.508591 93.39415 5.293346 0.08408 -2.188563 -3.347619 -0.39683 4.728697 -1.213166 -0.579427 -3.479345 -2.40573 -2.087879 13.349093 2.676654 2.336129 6.020744 0.27653 3.64589 -3.545566 0.067106 3.923083 -22.226843 7.7e-05 -2.3e-05 6e-06 0.042999 0.087525 0.127263 0.664823 -3.674304 -10.489073 -0.578821 3.860756 -10.490335 -5.232167 -8.794882 16.364431 -66.0159 -20.901167 19.16485 -0.003591 -21.067347 -0.148864 14.663241 -3.638392 -22.831833 -5.882102 9.861282 0.70259 -10.936866 -0.360575 7.156205 0.0 8.774822 -1e-06 -15.702044 18.234356 6.232117 -1.84403 2.498503 -2.507276 -10.163594 4.678942 4.621108 -20.976009 -3e-06 5e-06 -21.226273 2.451698 -3.593998 -0.0 -6e-06 -1e-06 -1.362682 2.240796 -0.746324 -21.334904 0.58491 3.008325 -13.821208 -2e-06 5e-06 -23.887159 -0.249077 -0.839481 -60.095673 2.569283 -0.753817 -0.294025 1.679688 0.833255 -14.218201 0.093215 1.300581 -34.212036 -0.287561 0.967178 -20.033205 0.964539 1.212847 0.0 0.0 -1e-06 -3.440387 0.788235 0.501657 -15.928179 -3.167309 2.999708 -6.338824 -1e-06 2e-06 -18.12344 3.648183 -4.905666 -3e-06 0.0 -2e-06 6.01522 11.535507 18.13652 77.385559 13.533985 16.595255 0.701353 14.08099 0.037096 -5.398989 5.226644 -8.942694 2.24354 -5.255034 -3.180156 14.282883 -0.826595 6.952502 -3e-06 -12.690597 1e-06 16.401323 -17.992292 2.391768 1.665665 -1.95592 -2.878298 4.727797 -4.170585 4.993923 11.020522 3e-06 -2e-06 12.109049 -3.735714 -2.866783 -0.0 -1e-06 -1e-06 1.291985 -1.928548 -1.498088 14.800122 0.567467 3.865607 14.242566 -1.341736 -6.660655 19.631958 0.143924 -0.648244 49.547932 -0.378371 -6.485427 0.353029 -1.51115 -0.031939 20.222784 3.684307 2.31663 18.787266 3e-06 -2e-06 10.751625 -0.479869 1.397906 -2e-06 -0.0 1e-06 3.273805 0.305947 -0.58011 21.486801 11.830368 2.266134 8.162926 1e-06 1e-06 18.399075 -3.798985 -4.940572 2e-06 -0.0 -0.0 -11.695723 -1.295963 10.058152 -0.023646 0.428154 2.132418 3.76191 9.129303 -8.789561 1.662374 -2.05599 -0.390576 0.0 0.0 2e-06 -4.923652 -3.981844 -27.488064 -0.198855 -0.400244 55.89716 -2.889378 -15.733961 -8.071297 -1.477034 0.938649 -4.219269 0.0 0.0 -1e-06 
0.0 0.0 0.0 0.0 -0.0 0.0 1.315749 96.8461 98.509972 4.616843 1.182005 -2.177347 -3.322714 -0.486148 4.887198 -1.203267 -1.015298 -3.429506 -2.215502 -2.557342 13.595568 3.407292 2.113418 6.299479 0.324906 3.718134 -3.591915 0.146425 4.054993 -22.647865 7.7e-05 -2.3e-05 6e-06 0.045482 0.077938 0.137777 0.674506 -3.685283 -10.484492 -0.583747 3.85534 -10.486533 -4.467297 -9.554975 16.305754 -65.714989 -21.737509 18.82996 -0.255975 -21.40003 -0.04011 14.606439 -3.990407 -22.633451 -5.882103 9.861276 0.702589 -10.936865 -0.360576 7.156201 1e-06 8.774816 -2e-06 -15.732624 18.152273 6.167166 -1.844031 2.498502 -2.507275 -10.163594 4.67894 4.621106 -20.976013 -4e-06 3e-06 -21.226273 2.451695 -3.593997 1e-06 -6e-06 -0.0 -1.362681 2.240797 -0.746322 -21.334904 0.584908 3.008321 -13.821208 -4e-06 3e-06 -23.887161 -0.249079 -0.839481 -60.069397 2.577967 -0.759285 -0.294024 1.679686 0.833255 -14.218202 0.093215 1.300579 -34.212036 -0.287563 0.96717 -20.033203 0.964537 1.212843 0.0 -0.0 -0.0 -3.440387 0.788232 0.501655 -15.928179 -3.167307 2.999705 -6.338824 -1e-06 0.0 -18.123444 3.648177 -4.905665 -4e-06 1e-06 -1e-06 6.416631 10.721075 18.034161 77.173325 13.5877 15.893971 0.694954 14.240368 0.048379 -6.273866 5.751572 -8.847345 2.243541 -5.255031 -3.180156 14.282885 -0.826595 6.952502 -3e-06 -12.690592 3e-06 16.407154 -18.135971 2.343316 1.665665 -1.95592 -2.878298 4.727797 -4.170583 4.993923 11.020522 4e-06 -2e-06 12.109045 -3.73571 -2.866782 0.0 0.0 -1e-06 1.291985 -1.928548 -1.498089 14.800122 0.567468 3.865606 14.242564 -1.341733 -6.660655 19.631956 0.143926 -0.648245 49.754501 -0.392695 -6.479302 0.353029 -1.511149 -0.031941 20.222784 3.684307 2.316628 18.787264 5e-06 -1e-06 10.751624 -0.479869 1.397904 1e-06 -0.0 1e-06 3.273805 0.305947 -0.580111 21.486801 11.830362 2.266131 8.162924 2e-06 1e-06 18.399073 -3.798981 -4.94057 3e-06 0.0 -1e-06 -10.739021 -0.35124 13.716055 -0.028616 0.470366 1.989955 3.596117 8.394084 -10.329977 1.693922 -2.039522 -0.834542 0.0 -0.0 2e-06 -3.20802 -4.954111 -31.17745 -0.154882 -0.240449 46.254368 -0.449526 -14.403037 -8.291203 -1.467611 1.074399 -3.892409 -0.0 1e-06 -1e-06 
0.0 0.0 0.0 0.0 -0.0 0.0 1.220575 96.109856 103.913544 4.37684 2.375699 -1.984302 -3.527153 -0.446672 4.914427 -1.234243 -1.435056 -3.462687 -2.133439 -3.079117 13.734498 4.220601 1.877395 6.570081 0.247732 3.803815 -3.654463 0.168444 3.99988 -23.056345 7.7e-05 -2.2e-05 6e-06 0.047166 0.03857 0.143606 0.682333 -3.72949 -10.489487 -0.588999 3.823648 -10.504136 -3.702207 -10.372484 16.381958 -65.597916 -22.386145 18.417477 -0.372816 -21.536821 -0.024636 14.720737 -4.431553 -22.4678 -5.882104 9.861279 0.702588 -10.936871 -0.360576 7.156204 2e-06 8.774821 0.0 -15.691593 17.985779 6.11862 -1.844032 2.498502 -2.507277 -10.163599 4.678937 4.621109 -20.976023 -9e-06 3e-06 -21.226286 2.451691 -3.593994 1e-06 -6e-06 -1e-06 -1.362681 2.240798 -0.746324 -21.334913 0.584904 3.008322 -13.821213 -5e-06 2e-06 -23.887167 -0.249083 -0.839479 -60.218246 2.614333 -0.870533 -0.294023 1.679686 0.833256 -14.218208 0.093211 1.300579 -34.212059 -0.287571 0.967174 -20.033216 0.964532 1.212845 0.0 0.0 1e-06 -3.440389 0.788232 0.501656 -15.928187 -3.167313 2.999707 -6.338826 -2e-06 1e-06 -18.123446 3.648175 -4.905666 -4e-06 1e-06 -2e-06 6.685292 9.769366 17.97118 77.199409 13.478024 14.622878 0.507291 14.17464 0.009626 -7.057047 6.250447 -8.843822 2.243541 -5.255035 -3.180157 14.282889 -0.826594 6.952499 -4e-06 -12.690599 1e-06 16.376228 -18.2246 2.344605 1.665667 -1.955921 -2.878299 4.727798 -4.170585 4.993923 11.020526 4e-06 -2e-06 12.109053 -3.735713 -2.866783 -0.0 -0.0 -1e-06 1.291986 -1.928549 -1.498088 14.800129 0.567469 3.865607 14.242572 -1.341733 -6.660656 19.631969 0.143928 -0.648244 50.010063 -0.39254 -6.402855 0.353029 -1.51115 -0.031941 20.222792 3.68431 2.316629 18.78727 7e-06 -2e-06 10.751629 -0.479868 1.397906 1e-06 -1e-06 2e-06 3.273807 0.305947 -0.580112 21.486818 11.830373 2.266132 8.162928 2e-06 -2e-06 18.399086 -3.798982 -4.940573 3e-06 -1e-06 -2e-06 -9.865308 1.003026 17.292114 0.027201 0.443293 2.044515 3.24724 6.957045 -11.42184 1.724808 -2.000855 -1.708349 0.0 -0.0 2e-06 -1.975554 -6.164068 -33.036892 -0.011377 -0.088016 33.858997 1.399714 -12.582177 -6.587055 -1.427345 1.222751 -3.930934 0.0 0.0 -1e-06 
0.0 0.0 0.0 0.0 -0.0 0.0 1.086126 95.318947 109.671547 4.412609 3.64637 -1.655582 -3.808762 -0.478811 4.779201 -1.287903 -1.829945 -3.586394 -2.167999 -3.524677 13.742408 5.013528 1.649199 6.81934 0.085631 3.814593 -3.71193 0.148925 3.882735 -23.30444 7.7e-05 -2.3e-05 6e-06 0.049842 -0.020989 0.141627 0.688075 -3.79042 -10.507515 -0.591065 3.767205 -10.535738 -2.872701 -11.210554 16.603474 -65.721725 -22.682585 18.658419 -0.397183 -21.47843 -0.088462 14.79358 -4.847658 -22.392014 -5.8821 9.861277 0.702589 -10.936864 -0.360576 7.1562 1e-06 8.774818 -3e-06 -15.73037 17.850014 6.121908 -1.84403 2.498503 -2.507275 -10.16359 4.67894 4.621105 -20.976006 -5e-06 5e-06 -21.226267 2.451695 -3.593994 2e-06 -6e-06 -1e-06 -1.362679 2.240796 -0.746322 -21.3349 0.584907 3.008322 -13.821205 -5e-06 6e-06 -23.88715 -0.249079 -0.839478 -60.437115 2.629056 -0.874274 -0.294024 1.679684 0.833254 -14.218197 0.093212 1.300581 -34.212021 -0.287563 0.967178 -20.033197 0.964536 1.212846 -1e-06 -1e-06 1e-06 -3.440387 0.788233 0.501655 -15.928176 -3.167308 2.999706 -6.338821 -2e-06 0.0 -18.12343 3.64818 -4.905662 -3e-06 1e-06 -3e-06 6.817339 8.755493 17.987841 77.4832 13.012439 12.622489 0.146808 14.302872 -0.088138 -7.631446 6.770441 -8.85777 2.243541 -5.255036 -3.180158 14.282887 -0.826595 6.9525 -3e-06 -12.690603 2e-06 16.293892 -18.10804 2.395797 1.665666 -1.955921 -2.878298 4.727798 -4.170587 4.993923 11.020524 3e-06 -2e-06 12.10905 -3.735715 -2.866784 -0.0 -0.0 -0.0 1.291985 -1.928549 -1.498088 14.800125 0.567468 3.865606 14.242568 -1.341736 -6.660657 19.63196 0.143927 -0.648245 50.208668 -0.486097 -6.211297 0.353029 -1.51115 -0.03194 20.222786 3.684309 2.316628 18.78727 4e-06 -1e-06 10.751625 -0.479869 1.397905 1e-06 -0.0 1e-06 3.273807 0.305947 -0.580111 21.486809 11.830371 2.266132 8.162926 0.0 0.0 18.399076 -3.798984 -4.940574 3e-06 0.0 -1e-06 -8.696898 2.614035 21.032816 0.089045 0.360861 1.979683 2.636963 4.588168 -11.406072 1.762521 -1.979277 -3.374898 -0.0 0.0 1e-06 -0.866984 -7.689502 -33.340714 0.157307 -0.021759 20.886833 3.464389 -10.043117 -4.746925 -1.344385 1.279643 -4.489863 0.0 -0.0 0.0 
0.0 0.0 0.0 0.0 -0.0 0.0 0.922463 94.581543 115.882324 4.517928 5.104685 -1.256045 -4.038518 -0.533701 4.368116 -1.349358 -2.318303 -3.744028 -2.288953 -3.956858 13.602136 5.589515 1.401731 7.103147 0.076207 3.826672 -3.711757 0.056365 3.605257 -23.477354 7.7e-05 -2.3e-05 6e-06 0.059721 0.006116 0.127335 0.687557 -3.755558 -10.546819 -0.574007 3.787079 -10.567997 -2.158045 -12.048356 16.893072 -65.779732 -22.362877 19.983746 -0.450548 -21.34001 -0.129898 14.406971 -4.94457 -22.442265 -5.882101 9.861277 0.70259 -10.936861 -0.360575 7.156201 0.0 8.774819 -1e-06 -15.749732 17.804609 6.235732 -1.844031 2.498504 -2.507276 -10.16359 4.678943 4.621105 -20.976006 -3e-06 4e-06 -21.226271 2.451695 -3.593997 1e-06 -6e-06 -2e-06 -1.36268 2.240798 -0.746321 -21.334896 0.584908 3.008319 -13.821203 -2e-06 3e-06 -23.887152 -0.24908 -0.83948 -60.513325 2.635971 -0.739619 -0.294024 1.679685 0.833255 -14.218197 0.093214 1.300579 -34.212021 -0.287564 0.967169 -20.033195 0.964535 1.212842 0.0 -0.0 0.0 -3.440386 0.788232 0.501655 -15.928174 -3.167308 2.999704 -6.338821 0.0 0.0 -18.12343 3.648182 -4.905668 -3e-06 1e-06 -3e-06 6.935106 7.712546 17.883871 77.976387 11.936257 9.963216 -0.242308 14.729884 -0.218206 -7.937875 7.697153 -8.687174 2.243542 -5.255034 -3.180157 14.28289 -0.826594 6.952499 -3e-06 -12.690598 -0.0 16.312407 -17.890448 2.336721 1.665667 -1.955922 -2.878298 4.727799 -4.170586 4.993922 11.020526 3e-06 -2e-06 12.109052 -3.735715 -2.866785 1e-06 0.0 -0.0 1.291985 -1.928549 -1.498089 14.800129 0.567468 3.865605 14.242574 -1.341735 -6.660657 19.631973 0.143926 -0.648246 50.213017 -0.528208 -6.104176 0.353029 -1.51115 -0.03194 20.222788 3.684308 2.316628 18.787271 6e-06 -2e-06 10.751627 -0.479868 1.397907 1e-06 -0.0 -1e-06 3.273806 0.305947 -0.58011 21.486813 11.83037 2.26613 8.162926 2e-06 -3e-06 18.39908 -3.798982 -4.940574 4e-06 0.0 -1e-06 -6.857758 4.009098 24.929445 0.056413 0.273272 1.840214 1.726058 1.400402 -9.721408 1.811013 -1.937295 -6.379347 -0.0 -0.0 2e-06 0.246648 -8.941399 -32.479652 0.307203 0.168924 9.920978 4.995781 -8.851971 -4.478838 -1.243177 1.217312 -4.837419 -0.0 -0.0 -2e-06 
0.0 0.0 0.0 0.0 -0.0 0.0 0.728947 94.007469 122.70887 4.254853 6.516151 -0.748963 -3.883529 -0.616162 3.662489 -1.430507 -2.579762 -3.972747 -2.334861 -4.586487 13.373482 5.829498 1.214352 7.237527 0.22739 3.711904 -3.756711 -0.115666 3.439789 -23.153181 7.7e-05 -2.2e-05 6e-06 0.066002 0.060106 0.101177 0.701361 -3.694627 -10.608201 -0.578652 3.834355 -10.613899 -2.011655 -12.518474 16.943783 -65.489815 -21.435616 22.321861 -0.579341 -20.887447 -0.089551 13.549954 -4.647752 -22.372169 -5.882101 9.861277 0.702589 -10.936865 -0.360575 7.156207 1e-06 8.774818 -3e-06 -15.75834 17.790253 6.340928 -1.84403 2.498504 -2.507277 -10.163592 4.67894 4.62111 -20.976006 -5e-06 5e-06 -21.226271 2.451694 -3.593991 1e-06 -6e-06 -1e-06 -1.362679 2.240797 -0.746322 -21.3349 0.584908 3.008326 -13.821203 -4e-06 4e-06 -23.887148 -0.249078 -0.839479 -60.690239 2.586765 -0.531045 -0.294024 1.679687 0.833256 -14.218199 0.093212 1.300583 -34.212025 -0.287562 0.967175 -20.033197 0.964539 1.212848 0.0 0.0 0.0 -3.440386 0.788233 0.501656 -15.928176 -3.167308 2.999709 -6.338823 0.0 3e-06 -18.123436 3.648181 -4.905666 -3e-06 1e-06 -2e-06 7.343171 6.870452 17.713808 78.145164 10.449448 7.717403 -0.587547 15.398602 -0.316951 -7.905919 8.841873 -8.308522 2.243541 -5.255035 -3.180158 14.282885 -0.826595 6.952502 -2e-06 -12.690599 0.0 16.536549 -17.893892 2.324605 1.665665 -1.955921 -2.878298 4.727797 -4.170585 4.993923 11.020519 2e-06 -2e-06 12.109044 -3.735714 -2.866784 -0.0 -0.0 -0.0 1.291985 -1.928549 -1.498089 14.800122 0.567467 3.865608 14.242564 -1.341737 -6.660657 19.631962 0.143925 -0.648245 50.238342 -0.581997 -6.038478 0.353028 -1.51115 -0.03194 20.222784 3.684308 2.31663 18.787266 4e-06 -0.0 10.751625 -0.479869 1.397907 1e-06 -0.0 -1e-06 3.273806 0.305947 -0.58011 21.486803 11.830368 2.266133 8.162926 0.0 0.0 18.399076 -3.798983 -4.940575 3e-06 0.0 -0.0 -4.256777 4.985891 28.012636 0.030061 0.142192 2.535472 0.608194 -1.66351 -6.142708 1.886918 -1.867534 -11.367559 0.0 -0.0 2e-06 0.879635 -8.711446 -31.408724 0.343103 0.350614 5.023798 4.052398 -9.170736 -6.420915 -1.187722 1.168331 -5.080322 -0.0 -0.0 -1e-06 
0.0 0.0 0.0 0.0 -0.0 0.0 0.46363 93.844246 129.918488 3.068517 7.57714 0.099864 -2.769615 -0.822355 2.475519 -1.405522 -2.785702 -4.350021 -2.323677 -4.901457 13.252934 5.673555 1.332033 6.756802 0.265251 3.465754 -3.76613 -0.166166 3.406163 -22.078938 7.7e-05 -2.3e-05 6e-06 0.063582 0.087337 0.061998 0.685702 -3.673169 -10.639652 -0.569638 3.866761 -10.627841 -3.332772 -12.466325 16.758171 -64.33931 -19.948013 23.914957 -0.702844 -19.677351 -0.114318 12.453609 -4.268865 -22.176458 -5.882101 9.861277 0.702589 -10.936865 -0.360576 7.156203 1e-06 8.774819 -2e-06 -15.698483 17.683922 6.342959 -1.844031 2.498503 -2.507277 -10.163592 4.67894 4.621105 -20.976009 -7e-06 1e-06 -21.226271 2.451691 -3.593997 1e-06 -6e-06 -2e-06 -1.362681 2.240797 -0.746323 -21.334902 0.584908 3.00832 -13.821206 -3e-06 2e-06 -23.887156 -0.249083 -0.839484 -60.753551 2.344504 -0.457701 -0.294024 1.679687 0.833256 -14.218201 0.093213 1.300578 -34.212032 -0.287569 0.96717 -20.033201 0.964534 1.212847 -1e-06 0.0 -1e-06 -3.440387 0.788233 0.501654 -15.928176 -3.16731 2.999707 -6.338821 -2e-06 2e-06 -18.12343 3.648179 -4.905665 -4e-06 1e-06 -3e-06 8.668975 6.205812 17.483738 77.096054 9.060722 7.133981 -0.808177 15.53515 -0.350487 -7.535995 9.179471 -7.917549 2.243538 -5.25503 -3.180155 14.282873 -0.826593 6.952499 -3e-06 -12.690588 1e-06 16.655327 -17.888252 2.277911 1.665663 -1.955919 -2.878296 4.727794 -4.170582 4.993921 11.020512 3e-06 0.0 12.109035 -3.735711 -2.86678 1e-06 0.0 -0.0 1.291983 -1.928546 -1.498088 14.800112 0.567468 3.865606 14.242555 -1.341733 -6.660649 19.631945 0.143925 -0.648242 50.382912 -0.611624 -6.225188 0.353028 -1.511149 -0.031941 20.222769 3.684306 2.316631 18.787252 4e-06 2e-06 10.751616 -0.479869 1.397907 1e-06 0.0 -1e-06 3.273804 0.305946 -0.58011 21.48679 11.83036 2.266133 8.162919 0.0 0.0 18.399063 -3.798982 -4.940567 3e-06 0.0 -1e-06 -0.648798 5.520598 28.391212 0.020741 -0.074799 6.718438 -0.797115 -4.348981 -0.620662 1.958379 -1.662115 -19.423801 -0.0 -0.0 2e-06 2.090994 -7.510417 -30.676668 0.427851 0.386831 7.026671 -0.029258 -10.147727 -5.239953 -1.284306 1.139751 -5.497346 0.0 -0.0 -2e-06 
0.0 0.0 0.0 0.0 -0.0 0.0 0.108094 94.172966 136.914276 -0.099096 7.928532 0.993964 -0.517522 -0.760297 1.292905 -0.986395 -2.966256 -4.78893 -1.403533 -5.193731 13.081082 4.818624 1.796917 5.921962 0.250022 3.305732 -3.84289 0.039539 3.520701 -20.902424 7.7e-05 -2.2e-05 5e-06 0.067256 0.121038 0.020809 0.688185 -3.670499 -10.655588 -0.565721 3.927056 -10.655451 -6.486396 -12.067443 16.738953 -62.177158 -18.180397 23.905899 -0.639522 -17.765511 -0.10577 11.998276 -3.902726 -22.160469 -5.882096 9.861274 0.702591 -10.936856 -0.360576 7.156199 1e-06 8.774815 -2e-06 -15.747768 17.631392 6.210692 -1.84403 2.4985 -2.507275 -10.163584 4.678937 4.621103 -20.97599 -5e-06 7e-06 -21.226255 2.451692 -3.593991 -0.0 -7e-06 -1e-06 -1.36268 2.240794 -0.746323 -21.334883 0.584906 3.008322 -13.821196 -4e-06 6e-06 -23.887133 -0.249078 -0.839479 -60.434479 2.297129 -0.615107 -0.294024 1.679685 0.833256 -14.218187 0.093212 1.300581 -34.211998 -0.287565 0.967176 -20.03318 0.964535 1.212844 0.0 1e-06 0.0 -3.440383 0.788231 0.501656 -15.928164 -3.167307 2.999706 -6.338818 -1e-06 2e-06 -18.123423 3.648179 -4.905662 -4e-06 -1e-06 -3e-06 10.860271 6.417188 17.078003 74.593925 7.926035 7.743148 -0.766131 14.701863 -0.212807 -6.738641 8.482177 -7.568219 2.243538 -5.255031 -3.180154 14.282872 -0.826593 6.952494 -2e-06 -12.690591 1e-06 16.6429 -17.823322 2.214582 1.665664 -1.955919 -2.878295 4.727794 -4.170583 4.993917 11.020513 2e-06 -1e-06 12.109036 -3.735712 -2.866781 1e-06 0.0 0.0 1.291984 -1.928547 -1.498088 14.800112 0.567467 3.865603 14.242557 -1.341735 -6.660649 19.631945 0.143925 -0.648244 50.676502 -0.570907 -6.381689 0.353029 -1.511149 -0.031941 20.222767 3.684305 2.316628 18.787251 3e-06 -1e-06 10.751616 -0.479869 1.397904 1e-06 -0.0 -2e-06 3.273803 0.305946 -0.580109 21.486788 11.83036 2.26613 8.162917 1e-06 0.0 18.399059 -3.798981 -4.94057 4e-06 0.0 -1e-06 4.906819 6.118125 24.909256 -0.000843 -0.521871 16.263174 -2.834694 -6.397132 8.163049 2.114937 -1.483003 -27.61656 0.0 -0.0 3e-06 5.279241 -4.777013 -31.457062 0.215316 0.326464 12.741768 -5.567831 -11.307708 2.566862 -1.399441 1.019213 -4.722151 -0.0 0.0 -1e-06 
0.0 0.0 0.0 0.0 -0.0 0.0 -0.093346 94.81427 143.865891 -3.090448 7.48218 0.457256 0.830052 -0.627427 1.144359 -0.473235 -2.985735 -4.78457 0.299456 -5.220345 13.06016 4.154737 1.948542 5.293542 0.211816 3.583782 -3.833894 -0.01129 3.777755 -20.661139 7.7e-05 -2.2e-05 6e-06 0.076342 0.171573 0.014454 0.709623 -3.631475 -10.692129 -0.568596 3.982348 -10.67785 -7.373843 -11.620797 16.907612 -63.095211 -17.338894 23.638285 -0.33041 -15.158152 -0.12273 12.07494 -2.827096 -22.452669 -5.8821 9.861276 0.702589 -10.93686 -0.360574 7.156202 -0.0 8.774816 -3e-06 -15.97191 17.694912 6.142872 -1.844032 2.498501 -2.507277 -10.16359 4.67894 4.621105 -20.976006 -1e-06 2e-06 -21.226269 2.451695 -3.593999 -1e-06 -6e-06 -2e-06 -1.362681 2.240796 -0.746323 -21.334892 0.584911 3.008322 -13.8212 -2e-06 2e-06 -23.887146 -0.249079 -0.839484 -60.442928 2.265272 -0.623226 -0.294026 1.679686 0.833254 -14.218195 0.093216 1.30058 -34.212013 -0.287563 0.967166 -20.033195 0.964535 1.212843 1e-06 1e-06 -1e-06 -3.440386 0.788233 0.501656 -15.928172 -3.167306 2.999707 -6.33882 0.0 1e-06 -18.123426 3.64818 -4.905666 -4e-06 -1e-06 -2e-06 10.860494 7.222457 17.130404 73.651031 8.227976 8.974105 -0.384565 13.240016 -0.011651 -5.529421 7.328784 -6.894528 2.243538 -5.25503 -3.180154 14.282874 -0.826593 6.952495 -3e-06 -12.690588 1e-06 16.760349 -18.137735 2.164258 1.665664 -1.95592 -2.878296 4.727793 -4.170582 4.99392 11.020514 4e-06 -1e-06 12.109036 -3.73571 -2.86678 0.0 0.0 -0.0 1.291984 -1.928547 -1.498088 14.800112 0.567468 3.865604 14.242557 -1.341734 -6.660651 19.631945 0.143926 -0.648243 50.957886 -0.565216 -6.261964 0.353029 -1.511149 -0.031939 20.222769 3.684306 2.316628 18.787251 5e-06 -0.0 10.751615 -0.479868 1.397905 0.0 0.0 -2e-06 3.273803 0.305947 -0.58011 21.486786 11.83036 2.266129 8.162919 0.0 0.0 18.399059 -3.798981 -4.940569 3e-06 0.0 -1e-06 8.447746 4.619286 19.80064 -0.025759 -0.697112 28.91481 -6.220997 -6.331699 20.565491 2.130261 -1.428097 -24.156382 0.0 -0.0 -0.0 8.446796 -2.825123 -30.047798 -0.051768 0.164226 18.276104 -6.142102 -12.726358 4.162802 -1.41807 0.920493 -3.714035 -0.0 -0.0 -0.0 
0.0 0.0 0.0 0.0 -0.0 0.0 -0.216918 95.267395 150.949036 -5.313888 6.711814 -0.872828 1.73474 -0.508054 1.616306 -0.163441 -2.900919 -4.600317 1.58615 -4.78662 13.17291 4.276976 1.779838 5.6072 0.33873 3.472847 -3.714196 -0.272224 4.397533 -21.416914 7.7e-05 -2.3e-05 6e-06 0.050029 0.045675 0.074634 0.667606 -3.734943 -10.578009 -0.577993 3.836132 -10.554087 -6.121489 -11.132771 17.175398 -65.647285 -17.022612 23.605036 -0.138585 -13.899276 -0.093732 11.838355 -1.482712 -22.330494 -5.882103 9.861282 0.70259 -10.93687 -0.360577 7.156205 2e-06 8.774822 -2e-06 -16.162205 17.946497 6.320162 -1.844032 2.498503 -2.507277 -10.163599 4.678942 4.621106 -20.976023 -6e-06 4e-06 -21.226286 2.451695 -3.593997 -0.0 -6e-06 0.0 -1.362681 2.240797 -0.746322 -21.334913 0.584908 3.008324 -13.821213 -5e-06 3e-06 -23.887167 -0.24908 -0.839478 -60.519951 2.242517 -0.439604 -0.294024 1.679687 0.833257 -14.218208 0.093213 1.300582 -34.212051 -0.287566 0.967172 -20.033215 0.964534 1.212845 1e-06 1e-06 -2e-06 -3.440389 0.788233 0.501654 -15.928185 -3.16731 2.999706 -6.338825 -2e-06 -1e-06 -18.123444 3.648181 -4.905667 -3e-06 -0.0 -1e-06 9.827335 8.15722 17.377026 73.616348 8.907683 10.554873 -0.064264 13.061243 0.046722 -4.736912 6.421202 -6.33224 2.243542 -5.255037 -3.180158 14.282894 -0.826595 6.952504 -3e-06 -12.690603 1e-06 16.485224 -18.194082 2.444715 1.665667 -1.955922 -2.878299 4.7278 -4.170588 4.993925 11.020529 3e-06 -1e-06 12.109056 -3.735717 -2.866784 1e-06 -0.0 0.0 1.291986 -1.928549 -1.498088 14.800132 0.567468 3.865608 14.242578 -1.341737 -6.66066 19.631973 0.143925 -0.648246 50.868252 -0.508226 -6.193738 0.353029 -1.511151 -0.031941 20.222797 3.68431 2.316631 18.787279 5e-06 -1e-06 10.751634 -0.479869 1.397907 1e-06 -1e-06 1e-06 3.273808 0.305947 -0.580111 21.48682 11.830376 2.266133 8.16293 1e-06 0.0 18.399088 -3.798985 -4.940577 3e-06 0.0 -2e-06 9.871449 1.747632 14.002796 0.136455 -0.671601 42.087173 -8.130914 -3.548397 27.652889 2.023373 -1.770153 -6.950482 0.0 -0.0 2e-06 11.166093 -3.000309 -25.375683 -0.076088 -0.126117 19.711229 -6.09867 -11.57198 3.100857 -1.416621 0.956039 -2.488392 0.0 0.0 -1e-06 
0.0 0.0 0.0 0.0 -0.0 0.0 -0.314106 96.099648 157.832458 -7.04249 5.921424 -2.039063 2.658934 -0.21804 2.183887 0.029374 -2.468105 -4.522314 2.308839 -4.376195 13.197147 4.781717 1.500157 6.447618 0.234047 3.434538 -3.750235 -0.295125 4.435827 -21.806938 7.7e-05 -2.3e-05 6e-06 0.040656 0.058607 0.099716 0.675483 -3.735486 -10.621084 -0.605119 3.861212 -10.59818 -5.479723 -10.592821 17.383465 -66.867783 -16.509747 24.614542 0.027145 -13.881207 -0.045785 11.829618 -0.690991 -22.856827 -5.882107 9.86129 0.702591 -10.936873 -0.360574 7.156204 0.0 8.774828 1e-06 -16.218302 18.031103 6.410953 -1.844032 2.498506 -2.507277 -10.1636 4.678947 4.621108 -20.976025 -1e-06 1e-06 -21.226292 2.4517 -3.594002 -2e-06 -6e-06 1e-06 -1.362682 2.240799 -0.746324 -21.334921 0.58491 3.008323 -13.821216 -2e-06 2e-06 -23.887177 -0.249078 -0.839483 -60.810139 2.212751 -0.338486 -0.294026 1.679688 0.833256 -14.218212 0.093216 1.300579 -34.212059 -0.287562 0.967169 -20.03322 0.964537 1.212843 -0.0 2e-06 -0.0 -3.44039 0.788235 0.501655 -15.928189 -3.16731 2.999706 -6.338828 -1e-06 2e-06 -18.123453 3.648185 -4.905673 -4e-06 0.0 -1e-06 9.661566 8.680533 17.674101 72.754097 9.974893 11.714577 0.168209 13.268124 0.050785 -4.630282 5.938836 -5.849195 2.243539 -5.255034 -3.180153 14.28288 -0.826593 6.952497 -1e-06 -12.690598 -2e-06 16.202019 -18.122662 2.709126 1.665665 -1.955921 -2.878296 4.727796 -4.170585 4.993919 11.020517 3e-06 -1e-06 12.109042 -3.735716 -2.866781 -0.0 0.0 -0.0 1.291984 -1.928549 -1.498088 14.800117 0.567468 3.865605 14.24256 -1.341738 -6.660651 19.631952 0.143925 -0.648243 50.848209 -0.438411 -6.104225 0.353028 -1.51115 -0.03194 20.222776 3.684308 2.316629 18.787262 4e-06 -2e-06 10.751619 -0.479869 1.397906 1e-06 -0.0 1e-06 3.273804 0.305947 -0.580111 21.486799 11.830369 2.266134 8.162922 2e-06 -1e-06 18.399067 -3.798983 -4.940573 4e-06 0.0 -2e-06 10.633005 -0.435352 7.449107 0.156892 -0.592819 53.469456 -6.725427 -0.611387 21.902922 2.021434 -1.864554 -4.456282 0.0 -0.0 2e-06 13.43188 -4.038294 -19.150864 -0.113436 -0.19832 18.36305 -5.863001 -10.275498 -0.167783 -1.434917 0.902828 -1.760986 0.0 0.0 -1e-06 
0.0 0.0 0.0 0.0 -0.0 0.0 -0.323074 97.025673 164.433624 -7.84311 5.079255 -2.947516 3.163591 -0.066466 2.550814 0.110645 -1.801721 -4.432892 2.589379 -3.854865 13.299053 5.254184 1.15057 7.338238 0.157322 3.417037 -3.75865 -0.262224 4.204457 -21.567118 7.7e-05 -2.2e-05 7e-06 0.031846 0.08215 0.109763 0.662395 -3.703312 -10.591176 -0.61006 3.877536 -10.5856 -4.961018 -9.965182 17.657711 -67.73896 -16.027893 25.619072 0.223998 -14.665854 -0.063486 11.781251 -0.606183 -22.987839 -5.882101 9.861278 0.702589 -10.93686 -0.360574 7.156196 -1e-06 8.774817 -2e-06 -16.131907 17.972847 6.342626 -1.844031 2.498503 -2.507275 -10.163589 4.678941 4.621102 -20.976004 -2e-06 0.0 -21.226269 2.451696 -3.593999 -3e-06 -6e-06 0.0 -1.362682 2.240796 -0.746322 -21.334896 0.584911 3.008318 -13.821201 -1e-06 1e-06 -23.887146 -0.249077 -0.839484 -60.82782 2.216904 -0.574192 -0.294024 1.679685 0.833254 -14.218194 0.093216 1.300577 -34.212013 -0.287562 0.967165 -20.033192 0.964534 1.212838 -1e-06 1e-06 -1e-06 -3.440386 0.788233 0.501656 -15.928172 -3.167305 2.999703 -6.338821 -1e-06 0.0 -18.123432 3.648181 -4.905669 -3e-06 1e-06 -3e-06 9.731833 9.167289 17.830879 71.761047 11.30186 12.233721 0.233913 13.547446 0.022396 -4.790603 5.311278 -5.045973 2.243541 -5.255035 -3.180155 14.282887 -0.826594 6.952499 -3e-06 -12.690601 -2e-06 16.144602 -17.980118 2.814771 1.665666 -1.955921 -2.878298 4.727798 -4.170585 4.993921 11.020523 3e-06 -1e-06 12.109049 -3.735714 -2.866783 -1e-06 0.0 -0.0 1.291985 -1.928549 -1.498088 14.800123 0.567468 3.865606 14.242565 -1.341737 -6.660655 19.631956 0.143926 -0.648245 50.918961 -0.483209 -6.011271 0.353029 -1.51115 -0.031941 20.222786 3.684309 2.316628 18.787266 5e-06 -2e-06 10.751625 -0.479868 1.397904 0.0 0.0 -1e-06 3.273806 0.305947 -0.580111 21.486809 11.83037 2.266131 8.162925 1e-06 -2e-06 18.399076 -3.798983 -4.940574 2e-06 0.0 -2e-06 10.532012 -2.206478 0.66356 0.121838 -0.393884 60.988159 -4.536783 2.889277 12.550242 1.929119 -1.893821 -4.512272 0.0 -0.0 2e-06 14.388837 -5.095598 -11.831028 -0.077009 -0.211274 14.314373 -5.356264 -9.112203 -2.368707 -1.447797 0.91135 -1.271247 -0.0 -0.0 -1e-06 
0.0 0.0 0.0 0.0 -0.0 0.0 -0.266843 97.764824 170.742661 -7.570858 4.13362 -3.780306 3.152395 0.00988 2.963795 0.07902 -1.047608 -4.239137 2.38826 -3.207298 13.295592 5.614379 0.874864 8.130147 0.21323 3.282767 -3.741697 -0.2373 3.947914 -20.903105 7.7e-05 -2.3e-05 6e-06 0.027102 0.082794 0.117756 0.649859 -3.685078 -10.522347 -0.607102 3.862507 -10.530762 -4.324831 -9.270728 17.976519 -68.410172 -15.584786 26.82303 0.289061 -15.937132 -0.137799 11.566461 -0.919756 -22.103922 -5.882098 9.861275 0.702589 -10.936856 -0.360575 7.156199 0.0 8.774815 0.0 -16.072927 17.95853 6.271124 -1.84403 2.498503 -2.507277 -10.163586 4.678938 4.621105 -20.975988 -3e-06 4e-06 -21.22625 2.451694 -3.593995 -1e-06 -6e-06 -1e-06 -1.362681 2.240795 -0.746323 -21.334887 0.584908 3.008322 -13.821195 -3e-06 1e-06 -23.887133 -0.249077 -0.83948 -60.908077 2.234508 -0.83109 -0.294023 1.679685 0.833256 -14.218188 0.093214 1.30058 -34.211998 -0.287562 0.967172 -20.033188 0.964536 1.212842 1e-06 1e-06 -2e-06 -3.440383 0.788232 0.501656 -15.928165 -3.167306 2.999704 -6.338817 -1e-06 2e-06 -18.123423 3.648179 -4.905665 -4e-06 0.0 -3e-06 9.463594 9.844246 17.810244 71.241295 12.714729 12.000987 0.217733 14.105732 -0.01881 -4.81747 4.672139 -3.619523 2.243538 -5.255031 -3.180155 14.282872 -0.826594 6.952496 -2e-06 -12.690593 2e-06 16.12676 -17.843267 2.849553 1.665663 -1.95592 -2.878295 4.727793 -4.170583 4.993918 11.020512 3e-06 -1e-06 12.109035 -3.735711 -2.866781 1e-06 -0.0 0.0 1.291983 -1.928548 -1.498087 14.80011 0.567467 3.865605 14.242554 -1.341736 -6.660651 19.631941 0.143925 -0.648245 50.868271 -0.570489 -5.93242 0.353028 -1.511149 -0.031941 20.222767 3.684306 2.316628 18.787249 4e-06 1e-06 10.751613 -0.479869 1.397904 0.0 -0.0 0.0 3.273803 0.305946 -0.580111 21.486788 11.830361 2.266131 8.162918 1e-06 -1e-06 18.399063 -3.798982 -4.940569 2e-06 -0.0 0.0 9.534372 -3.475045 -6.06625 0.11902 -0.177381 64.469917 -2.664335 6.253925 4.865222 1.853525 -1.903449 -4.475255 -0.0 -0.0 5e-06 13.988877 -5.548478 -3.907964 0.007179 -0.215208 8.928241 -4.946704 -8.43461 -3.680164 -1.455651 0.970986 -0.907709 0.0 0.0 -1e-06 
0.0 0.0 0.0 0.0 -0.0 0.0 -0.172708 98.12133 176.951111 -6.350013 3.057361 -4.347727 2.670718 0.125276 3.421653 -0.011029 -0.376063 -4.027207 1.85591 -2.492504 13.199313 5.537726 0.799081 8.584001 0.378842 3.154973 -3.700358 -0.181209 3.658235 -20.2833 7.7e-05 -2.2e-05 6e-06 0.023032 0.040584 0.121871 0.64703 -3.712647 -10.457529 -0.612299 3.805574 -10.467158 -3.914507 -8.551569 18.268572 -68.641663 -15.408912 28.572601 0.19374 -16.979582 -0.17054 11.173924 -1.140205 -20.347881 -5.882109 9.861287 0.70259 -10.936877 -0.360575 7.156208 1e-06 8.774827 -2e-06 -16.138945 17.977146 6.191188 -1.844032 2.498505 -2.507278 -10.163605 4.678947 4.621111 -20.976032 -4e-06 2e-06 -21.226295 2.451696 -3.594 -0.0 -7e-06 -1e-06 -1.362682 2.240799 -0.746323 -21.334923 0.58491 3.008324 -13.82122 -3e-06 2e-06 -23.887182 -0.249079 -0.839483 -61.120987 2.225443 -0.921301 -0.294026 1.679688 0.833256 -14.218217 0.093215 1.300581 -34.212067 -0.287564 0.967172 -20.033226 0.964537 1.212844 -0.0 -0.0 -1e-06 -3.44039 0.788234 0.501656 -15.928192 -3.16731 2.999709 -6.338829 -1e-06 1e-06 -18.123457 3.648183 -4.905672 -5e-06 -0.0 -3e-06 8.634208 10.696908 17.637863 71.094025 14.183653 11.622219 0.155124 15.330216 -0.050263 -4.570392 4.250802 -2.803615 2.24354 -5.255033 -3.180156 14.282885 -0.826593 6.952497 -3e-06 -12.690597 -1e-06 16.138784 -17.816759 2.83001 1.665665 -1.955921 -2.878298 4.727797 -4.170585 4.993922 11.020521 3e-06 -2e-06 12.109047 -3.735713 -2.866783 0.0 0.0 -2e-06 1.291985 -1.928548 -1.498088 14.800122 0.567469 3.865603 14.242568 -1.341735 -6.660655 19.63196 0.143927 -0.648245 50.860531 -0.648826 -5.932538 0.353029 -1.511149 -0.031941 20.222784 3.684309 2.316628 18.787266 7e-06 0.0 10.751625 -0.479867 1.397905 0.0 -0.0 1e-06 3.273805 0.305947 -0.58011 21.486805 11.83037 2.266129 8.162922 2e-06 -2e-06 18.399071 -3.79898 -4.940571 2e-06 -0.0 -3e-06 7.7713 -4.000272 -12.729991 0.16139 -0.008099 64.180779 -1.594133 9.062667 0.235872 1.81139 -1.901841 -4.464518 -0.0 -0.0 -1e-06 12.528406 -5.372938 3.265239 0.075531 -0.207022 4.415257 -4.622486 -8.14673 -5.029272 -1.452367 1.023952 -0.556286 0.0 0.0 -1e-06 
0.0 0.0 0.0 0.0 -0.0 0.0 -0.020507 98.024574 183.132263 -4.668245 1.83253 -4.436373 1.988389 0.291058 3.735242 -0.113697 0.225089 -3.887402 1.2182 -1.834687 13.086807 4.84677 0.975858 8.613925 0.556836 3.114363 -3.670846 -0.051538 3.362772 -20.009455 7.7e-05 -2.2e-05 6e-06 0.017969 -0.003405 0.109823 0.642384 -3.74509 -10.416308 -0.617909 3.746357 -10.419907 -3.907247 -7.870932 18.497606 -68.606613 -15.622947 30.333267 -0.020077 -17.223087 -0.114104 10.641238 -1.049855 -18.376297 -5.882102 9.861279 0.702591 -10.936869 -0.360577 7.156204 2e-06 8.774822 -1e-06 -16.181538 17.964987 6.132972 -1.844032 2.498503 -2.507277 -10.163597 4.678941 4.621107 -20.976017 -5e-06 6e-06 -21.226276 2.451694 -3.593995 1e-06 -7e-06 -1e-06 -1.36268 2.240797 -0.746323 -21.334906 0.584906 3.008324 -13.821209 -5e-06 3e-06 -23.887165 -0.249081 -0.839476 -61.317833 2.182214 -0.917192 -0.294024 1.679686 0.833256 -14.218204 0.093212 1.30058 -34.21204 -0.287568 0.967175 -20.033205 0.964534 1.212846 -0.0 3e-06 -0.0 -3.440387 0.788232 0.501654 -15.928183 -3.167311 2.999705 -6.338824 -2e-06 2e-06 -18.123442 3.648179 -4.905667 -4e-06 -1e-06 -3e-06 7.207922 11.775875 17.405779 71.197746 15.764912 11.266362 0.013624 17.176811 -0.116439 -4.128697 3.984628 -2.863596 2.243541 -5.255034 -3.180157 14.282887 -0.826593 6.952498 -5e-06 -12.6906 -1e-06 16.246283 -17.870512 2.766732 1.665666 -1.95592 -2.878297 4.727797 -4.170585 4.993922 11.020526 5e-06 0.0 12.109052 -3.735711 -2.866783 -1e-06 0.0 0.0 1.291985 -1.928548 -1.498088 14.800129 0.567469 3.865605 14.242571 -1.341734 -6.660655 19.631968 0.143927 -0.648245 50.964188 -0.702882 -5.948738 0.353028 -1.511149 -0.03194 20.222786 3.684311 2.316629 18.78727 7e-06 2e-06 10.751625 -0.479868 1.397906 0.0 0.0 -1e-06 3.273806 0.305947 -0.580111 21.486813 11.830372 2.26613 8.162926 3e-06 0.0 18.399076 -3.79898 -4.940572 1e-06 0.0 -2e-06 5.725143 -3.621743 -19.121384 0.179621 0.090575 60.276726 -1.640622 10.799832 -2.780432 1.778308 -1.920043 -4.535014 0.0 -0.0 2e-06 10.542929 -5.020586 8.6035 0.094398 -0.204095 2.432118 -4.15409 -7.83778 -7.178424 -1.442015 1.036543 -0.190185 0.0 0.0 -1e-06 
0.0 0.0 0.0 0.0 -0.0 0.0 0.165855 97.640915 189.185852 -2.92697 0.684083 -4.122719 1.306291 0.426232 3.890072 -0.227407 0.746469 -3.878657 0.611153 -1.269819 13.024806 3.768723 1.311307 8.234153 0.596727 3.117394 -3.682188 0.175397 3.054456 -20.02853 7.7e-05 -2.3e-05 6e-06 0.027109 0.060407 0.082299 0.645838 -3.676347 -10.397877 -0.603832 3.799177 -10.408445 -4.269513 -7.122076 18.519361 -68.533714 -16.180826 31.847605 -0.171691 -16.539152 -0.057171 9.963945 -0.638801 -16.407495 -5.8821 9.861275 0.702588 -10.93686 -0.360575 7.156199 1e-06 8.774815 -2e-06 -16.162127 17.996151 6.098757 -1.84403 2.498501 -2.507277 -10.16359 4.678937 4.621103 -20.976006 -5e-06 4e-06 -21.226269 2.451694 -3.593993 -0.0 -4e-06 1e-06 -1.36268 2.240795 -0.746322 -21.334896 0.584907 3.008322 -13.821201 -4e-06 2e-06 -23.887152 -0.24908 -0.839479 -61.479313 2.03917 -0.924895 -0.294026 1.679685 0.833254 -14.218197 0.093213 1.30058 -34.212021 -0.287564 0.967174 -20.033195 0.964535 1.212843 1e-06 1e-06 0.0 -3.440385 0.788232 0.501655 -15.928172 -3.167307 2.999706 -6.338821 -1e-06 1e-06 -18.12343 3.648177 -4.905665 -5e-06 -1e-06 -3e-06 5.405726 12.993354 17.157949 71.400848 17.460354 10.60932 0.011878 19.199989 -0.180096 -3.702696 3.791674 -3.208546 2.243539 -5.25503 -3.180156 14.282878 -0.826594 6.952499 -2e-06 -12.69059 -1e-06 16.320894 -17.924864 2.681618 1.665664 -1.95592 -2.878298 4.727795 -4.170582 4.99392 11.020514 2e-06 1e-06 12.109038 -3.735711 -2.866779 -1e-06 0.0 0.0 1.291984 -1.928547 -1.498088 14.800114 0.567467 3.865607 14.242557 -1.341734 -6.66065 19.631945 0.143925 -0.648241 50.917366 -0.711866 -5.937672 0.353028 -1.511147 -0.031939 20.222771 3.684305 2.316631 18.787254 3e-06 3e-06 10.751619 -0.479869 1.397907 -1e-06 -1e-06 2e-06 3.273804 0.305945 -0.580109 21.486794 11.830359 2.266134 8.162921 2e-06 1e-06 18.399067 -3.798982 -4.940566 4e-06 0.0 -2e-06 3.642062 -2.495267 -24.405424 0.135831 0.152047 52.336452 -1.880332 11.576986 -4.250297 1.748144 -2.04062 -4.261986 0.0 -0.0 3e-06 8.267352 -5.110925 12.700098 0.042487 -0.200315 1.870594 -3.468733 -7.21347 -9.55478 -1.449707 1.018125 0.014336 0.0 0.0 -1e-06 
0.0 0.0 0.0 0.0 -0.0 0.0 0.350473 96.988609 195.28186 -1.520802 -0.545669 -3.607789 0.88814 0.546681 3.779325 -0.319724 1.159446 -3.934941 0.042982 -0.785685 13.094499 2.624471 1.602884 7.711231 0.587211 3.296425 -3.664162 0.283627 2.938078 -20.526287 7.7e-05 -2.2e-05 6e-06 0.029149 0.08405 0.080738 0.624625 -3.642268 -10.360057 -0.578981 3.80739 -10.377889 -4.833564 -6.315301 18.445364 -68.502785 -16.786062 32.594662 -0.387333 -15.415418 0.01486 9.870797 -0.22145 -14.97103 -5.882107 9.861288 0.702591 -10.936876 -0.360575 7.15621 2e-06 8.774828 0.0 -16.260427 17.930603 6.041061 -1.844034 2.498505 -2.507278 -10.163604 4.678946 4.621112 -20.976034 -6e-06 3e-06 -21.226294 2.451696 -3.593997 0.0 -5e-06 0.0 -1.362682 2.240799 -0.746323 -21.334925 0.584909 3.008325 -13.821218 -4e-06 1e-06 -23.88718 -0.24908 -0.839482 -61.564312 2.015922 -0.942425 -0.294025 1.679688 0.833256 -14.218215 0.093213 1.300583 -34.212067 -0.287568 0.967171 -20.033222 0.964536 1.212844 0.0 2e-06 0.0 -3.44039 0.788233 0.501654 -15.928192 -3.167312 2.999708 -6.338829 -2e-06 1e-06 -18.123453 3.648181 -4.905671 -4e-06 -1e-06 -3e-06 3.623746 14.347801 16.939945 71.547058 18.975122 10.267153 -0.082351 21.213104 -0.22656 -3.284733 3.599721 -3.753358 2.243541 -5.255034 -3.180154 14.282883 -0.826592 6.952496 -5e-06 -12.690598 -0.0 16.317688 -17.933531 2.569019 1.665666 -1.955921 -2.878296 4.727796 -4.170586 4.99392 11.020522 5e-06 -2e-06 12.109048 -3.735712 -2.866784 -1e-06 -0.0 1e-06 1.291985 -1.928548 -1.498088 14.800122 0.56747 3.865603 14.242564 -1.341734 -6.660654 19.631964 0.143931 -0.648246 50.738422 -0.705479 -6.048233 0.353028 -1.511148 -0.031941 20.222782 3.684311 2.316625 18.787266 9e-06 -1e-06 10.751622 -0.479865 1.397903 0.0 0.0 1e-06 3.273806 0.305948 -0.580111 21.486807 11.830374 2.266128 8.162921 3e-06 -3e-06 18.399071 -3.798977 -4.940575 3e-06 -0.0 1e-06 1.754925 -0.874826 -27.63739 0.132838 0.262873 40.342487 -1.259587 12.011685 -3.535157 1.676203 -2.13789 -3.816303 0.0 -0.0 2e-06 6.111582 -5.377523 16.270401 -0.009384 -0.320051 1.809032 -2.531039 -6.16954 -11.357867 -1.454341 0.94799 -0.493065 -0.0 0.0 -1e-06 
0.0 0.0 0.0 0.0 -0.0 0.0 0.565108 96.200089 201.78714 -0.420816 -1.973759 -2.974298 0.73814 0.723569 3.516032 -0.416653 1.625126 -4.095356 -0.515038 -0.388058 13.13265 1.483633 2.059927 7.12365 0.539441 3.455681 -3.605115 0.431214 2.703086 -21.220785 7.7e-05 -2.2e-05 7e-06 0.045777 0.169823 0.082735 0.624372 -3.547791 -10.321588 -0.545614 3.879962 -10.338371 -5.285289 -5.329565 18.248871 -68.783195 -17.212933 32.921574 -0.388702 -14.234398 0.008753 10.196164 -0.001078 -13.759826 -5.882102 9.861278 0.702588 -10.936865 -0.360577 7.156198 2e-06 8.774821 -1e-06 -16.500696 17.87569 5.910978 -1.844031 2.498502 -2.507273 -10.163594 4.67894 4.621103 -20.976013 -8e-06 3e-06 -21.226273 2.451692 -3.593994 -0.0 -5e-06 0.0 -1.362681 2.240797 -0.746325 -21.334904 0.584906 3.008321 -13.821207 -6e-06 1e-06 -23.887161 -0.249081 -0.83948 -61.677975 2.094666 -0.995619 -0.294024 1.679687 0.833254 -14.2182 0.093212 1.300578 -34.212032 -0.28757 0.967169 -20.033201 0.964532 1.212845 -0.0 2e-06 -0.0 -3.440387 0.788232 0.501654 -15.928179 -3.16731 2.999704 -6.338823 -2e-06 0.0 -18.12344 3.648177 -4.905667 -6e-06 -0.0 -3e-06 1.751864 15.707531 16.969707 71.876381 20.223604 10.264841 -0.302799 23.333624 -0.26364 -2.912366 3.542457 -4.230943 2.243539 -5.255033 -3.180155 14.282875 -0.826592 6.952494 -3e-06 -12.690593 -1e-06 16.194389 -17.859373 2.455868 1.665664 -1.95592 -2.878294 4.727794 -4.170585 4.993918 11.020514 3e-06 -2e-06 12.109038 -3.735712 -2.866783 -1e-06 -1e-06 0.0 1.291984 -1.928547 -1.498085 14.800112 0.567468 3.865604 14.242557 -1.341736 -6.660649 19.631945 0.143926 -0.648241 50.25219 -0.667477 -6.250125 0.353029 -1.51115 -0.031941 20.222769 3.684307 2.316628 18.787251 5e-06 2e-06 10.751619 -0.479869 1.397906 1e-06 1e-06 1e-06 3.273803 0.305947 -0.580111 21.48679 11.830364 2.266133 8.162917 3e-06 1e-06 18.399063 -3.798981 -4.94057 3e-06 -0.0 -0.0 0.206357 0.565519 -28.907591 0.045469 0.391441 25.642757 -0.906869 11.522296 -2.679074 1.576858 -2.153001 -4.038111 0.0 -0.0 2e-06 3.882789 -5.785471 19.821188 -0.040999 -0.365835 1.781013 -1.343484 -4.88477 -12.428088 -1.451753 0.871477 -1.690375 0.0 -0.0 -1e-06 
0.0 0.0 0.0 0.0 -0.0 0.0 0.806638 95.436829 209.027893 0.393378 -3.377307 -2.181775 0.671485 0.824999 2.88027 -0.427364 2.111182 -4.316131 -0.905088 0.022891 12.984217 0.355714 2.616089 6.632149 0.460513 3.578714 -3.525168 0.57909 2.441948 -21.654484 7.7e-05 -2.3e-05 6e-06 0.068294 0.233798 0.088404 0.638643 -3.491049 -10.338214 -0.514877 3.949714 -10.343543 -5.658302 -4.329288 18.114155 -69.296333 -17.157003 32.538002 -0.209868 -13.561455 -0.022427 10.885151 -0.122048 -13.05142 -5.882104 9.861281 0.70259 -10.936873 -0.360579 7.156205 4e-06 8.774822 -1e-06 -16.561052 17.778017 5.865374 -1.844032 2.498503 -2.507277 -10.163599 4.67894 4.621104 -20.976025 -1e-05 3e-06 -21.226286 2.45169 -3.593996 -0.0 -6e-06 2e-06 -1.362682 2.240797 -0.746323 -21.334917 0.584903 3.008322 -13.821215 -7e-06 3e-06 -23.887175 -0.249084 -0.839477 -61.771687 2.168158 -0.779439 -0.294024 1.679687 0.833255 -14.21821 0.09321 1.300579 -34.212051 -0.287574 0.967176 -20.033215 0.964531 1.212848 0.0 1e-06 1e-06 -3.440389 0.788233 0.501654 -15.928189 -3.167313 2.999706 -6.338828 -3e-06 1e-06 -18.123447 3.648177 -4.905669 -5e-06 -0.0 -3e-06 -0.266431 16.965662 16.904646 72.561234 20.468184 10.192266 -0.52823 25.681526 -0.333839 -2.18324 3.608203 -4.864411 2.243539 -5.255032 -3.180155 14.282878 -0.826591 6.952495 -5e-06 -12.690595 -0.0 16.156179 -17.846497 2.340825 1.665664 -1.955919 -2.878297 4.727793 -4.170584 4.99392 11.020517 5e-06 -3e-06 12.10904 -3.73571 -2.866783 0.0 0.0 -1e-06 1.291984 -1.928547 -1.498088 14.800118 0.567473 3.865602 14.24256 -1.341731 -6.660654 19.631952 0.14393 -0.648243 49.946411 -0.68994 -6.502933 0.353028 -1.511149 -0.031939 20.222775 3.684313 2.316626 18.787254 9e-06 1e-06 10.75162 -0.479865 1.397906 3e-06 2e-06 -2e-06 3.273804 0.305947 -0.580111 21.486799 11.830368 2.266129 8.16292 3e-06 -1e-06 18.399063 -3.798978 -4.940569 3e-06 -0.0 -1e-06 -1.029188 1.523095 -28.462439 -0.092114 0.34753 10.694667 -2.189957 10.059249 -3.407913 1.515483 -2.014666 -4.618298 0.0 -0.0 3e-06 1.218608 -6.720523 23.224899 -0.107767 -0.145341 2.130001 0.57749 -2.906037 -11.7993 -1.435207 0.748312 -4.448539 -0.0 -0.0 -1e-06 
0.0 0.0 0.0 0.0 -0.0 0.0 1.079341 94.676338 216.875595 1.142016 -4.358313 -1.496639 0.464321 0.948211 2.142242 -0.392588 2.341626 -4.660301 -0.985381 0.452083 12.781363 -0.67618 3.125298 6.438951 0.339429 3.50045 -3.441735 0.981405 2.315951 -21.835522 7.7e-05 -2.2e-05 6e-06 0.070307 0.224091 0.101389 0.651456 -3.524235 -10.429411 -0.523598 3.960149 -10.441097 -6.000791 -3.52643 17.915092 -69.840363 -16.498661 31.063356 0.023836 -13.803604 -0.091126 11.490635 -0.317926 -12.180574 -5.882102 9.861279 0.70259 -10.936865 -0.360576 7.156199 2e-06 8.77482 0.0 -16.457861 17.887619 6.020543 -1.844032 2.498503 -2.507278 -10.163592 4.678941 4.621107 -20.976013 -7e-06 1e-06 -21.226274 2.451692 -3.593996 -1e-06 -6e-06 1e-06 -1.362681 2.240796 -0.746323 -21.3349 0.584906 3.008319 -13.821204 -5e-06 1e-06 -23.887154 -0.249081 -0.839482 -61.879875 2.374228 -0.811354 -0.294025 1.679685 0.833257 -14.218199 0.093214 1.300577 -34.212032 -0.287569 0.967168 -20.033199 0.964532 1.212841 -0.0 0.0 0.0 -3.440386 0.788233 0.501653 -15.928176 -3.16731 2.999701 -6.338821 -3e-06 -2e-06 -18.123432 3.648178 -4.905666 -5e-06 -1e-06 -1e-06 -1.715425 17.483585 16.693258 72.81945 19.629351 9.960434 -0.307194 28.001108 -0.294612 -1.482307 4.296144 -5.738603 2.24354 -5.255032 -3.180156 14.282878 -0.826591 6.952491 -4e-06 -12.690593 -0.0 16.349215 -17.948193 2.283027 1.665665 -1.955921 -2.878297 4.727793 -4.170583 4.993918 11.020517 4e-06 -1e-06 12.109042 -3.73571 -2.866783 -1e-06 -0.0 -1e-06 1.291984 -1.928548 -1.498089 14.800117 0.56747 3.865603 14.242559 -1.341732 -6.660654 19.631948 0.143928 -0.648246 49.966259 -0.757275 -6.579884 0.35303 -1.511149 -0.031939 20.222775 3.684309 2.316625 18.787254 8e-06 -2e-06 10.75162 -0.479865 1.397903 2e-06 1e-06 -1e-06 3.273805 0.305946 -0.580111 21.486795 11.830365 2.266126 8.162919 3e-06 -3e-06 18.399065 -3.798979 -4.940573 3e-06 1e-06 -1e-06 -2.458357 2.115457 -28.058512 -0.118651 0.195171 2.686242 -3.969692 9.689602 -5.386192 1.509146 -1.896319 -4.741724 0.0 0.0 1e-06 -1.577993 -7.433848 26.020319 -0.133455 0.107307 3.425684 2.52775 -1.764004 -9.152234 -1.431183 0.691854 -9.251909 0.0 0.0 -1e-06 
0.0 0.0 0.0 0.0 -0.0 0.0 1.33142 94.396141 224.919205 2.57718 -4.394731 -1.065911 -0.352392 1.024274 1.371301 -0.48899 2.318462 -5.050177 -1.20392 0.814973 12.653357 -1.030181 3.399737 6.399399 0.351295 3.280188 -3.354809 1.325345 2.134117 -21.551399 7.7e-05 -2.3e-05 6e-06 0.061517 0.177905 0.152198 0.628714 -3.592303 -10.428885 -0.518242 3.937195 -10.454504 -6.621556 -2.932317 17.680201 -69.515488 -15.731099 29.266777 -0.069321 -14.847001 -0.083322 11.717443 -0.262878 -11.625812 -5.882102 9.861279 0.702589 -10.93687 -0.360578 7.156203 3e-06 8.774822 -2e-06 -16.448462 18.00695 6.185971 -1.844032 2.498503 -2.507277 -10.163597 4.678939 4.621108 -20.976021 -9e-06 6e-06 -21.226286 2.451692 -3.593994 -1e-06 -6e-06 1e-06 -1.362682 2.240797 -0.746324 -21.334913 0.584905 3.008326 -13.821214 -6e-06 3e-06 -23.887169 -0.249082 -0.839477 -62.05212 2.417263 -0.626029 -0.294024 1.679685 0.833255 -14.218206 0.093211 1.300581 -34.212044 -0.287571 0.967176 -20.033211 0.964533 1.212847 -1e-06 1e-06 -2e-06 -3.440388 0.788232 0.501656 -15.928185 -3.167312 2.999709 -6.338825 -3e-06 0.0 -18.123444 3.648176 -4.905666 -6e-06 -1e-06 -2e-06 -1.600314 17.399826 16.600599 72.487434 17.855431 9.210621 -0.167744 29.439974 -0.286074 -1.789915 4.588799 -6.931784 2.24354 -5.255033 -3.180159 14.282887 -0.82659 6.952501 -7e-06 -12.690601 1e-06 16.472269 -18.090923 2.365698 1.665666 -1.955919 -2.878299 4.727796 -4.170584 4.993922 11.020526 8e-06 -2e-06 12.109048 -3.735708 -2.866786 -0.0 -0.0 -1e-06 1.291985 -1.928548 -1.498089 14.800127 0.567472 3.865605 14.242568 -1.341729 -6.660657 19.631968 0.143933 -0.648241 50.366856 -0.806801 -6.519908 0.353028 -1.511151 -0.03194 20.222786 3.684315 2.316628 18.78727 1.1e-05 1e-06 10.751622 -0.479866 1.397906 3e-06 1e-06 -1e-06 3.273807 0.305947 -0.58011 21.486811 11.830377 2.266127 8.162924 4e-06 -1e-06 18.399075 -3.798978 -4.940572 3e-06 -1e-06 -2e-06 -4.996442 1.951125 -27.249207 -0.155625 0.250887 2.902585 -3.722667 9.336952 -6.101338 1.481023 -1.919252 -5.320775 -0.0 -0.0 1e-06 -4.693076 -7.830553 26.18614 -0.132073 0.244649 9.790121 3.427275 -1.768878 -3.819712 -1.496531 0.684871 -17.278746 0.0 0.0 -1e-06 
0.0 0.0 0.0 0.0 -0.0 0.0 1.561091 94.870728 232.826782 5.261812 -3.542074 -0.675614 -2.098705 1.017064 0.559911 -0.840762 2.412485 -5.378098 -1.986303 1.035295 12.787067 -0.383649 3.297429 6.012144 0.35344 2.66388 -3.441446 1.502712 1.857379 -20.3482 7.7e-05 -2.2e-05 6e-06 0.042885 0.117509 0.150179 0.590419 -3.642733 -10.354918 -0.515689 3.869494 -10.390824 -7.766628 -2.901142 17.343115 -67.670616 -15.188399 28.477722 -0.200751 -16.434498 0.018166 11.705849 -0.159367 -12.314663 -5.882104 9.861283 0.702591 -10.936866 -0.360575 7.1562 0.0 8.774822 1e-06 -16.339878 18.050056 6.161718 -1.844032 2.498504 -2.507276 -10.163595 4.678944 4.621107 -20.976017 -4e-06 1e-06 -21.226282 2.451695 -3.594003 -1e-06 -7e-06 0.0 -1.362682 2.240798 -0.746324 -21.334906 0.584909 3.008321 -13.821209 -3e-06 2e-06 -23.887159 -0.249079 -0.839486 -61.602631 2.256932 -0.700943 -0.294023 1.679688 0.833255 -14.218201 0.093216 1.30058 -34.212036 -0.287563 0.967167 -20.033203 0.964537 1.212841 -1e-06 1e-06 -0.0 -3.440387 0.788233 0.501655 -15.928179 -3.167309 2.999705 -6.338823 -1e-06 3e-06 -18.12344 3.648182 -4.905672 -6e-06 -1e-06 -3e-06 0.33325 16.912691 16.543457 71.478859 15.635783 7.771006 -0.51592 29.189234 -0.403641 -2.546922 4.498825 -8.238873 2.243537 -5.255033 -3.180154 14.282871 -0.826595 6.952496 -0.0 -12.690595 -2e-06 16.419245 -18.087017 2.504809 1.665663 -1.95592 -2.878296 4.727793 -4.170585 4.993918 11.020512 3e-06 0.0 12.109035 -3.735713 -2.866782 -0.0 -0.0 1e-06 1.291983 -1.928548 -1.498088 14.800108 0.567467 3.865605 14.242553 -1.341741 -6.660649 19.631941 0.143923 -0.648243 50.411983 -0.899134 -6.406189 0.353028 -1.511149 -0.031941 20.222765 3.684306 2.316629 18.787249 3e-06 1e-06 10.751616 -0.47987 1.397906 2e-06 0.0 -1e-06 3.273803 0.305947 -0.580109 21.486786 11.830363 2.266133 8.162917 0.0 1e-06 18.399055 -3.798985 -4.940569 4e-06 -0.0 -1e-06 -8.548712 -0.092514 -27.112202 0.053297 0.406199 8.588505 -0.741984 9.688935 0.0524 1.602926 -1.812458 -4.947518 -0.0 -0.0 3e-06 -8.712296 -8.377537 21.844744 -0.028802 0.427971 22.796097 2.979818 -3.052392 7.410596 -1.609051 0.684473 -25.133537 -0.0 0.0 -1e-06 
0.0 0.0 0.0 0.0 -0.0 0.0 1.772626 95.38089 240.514465 7.575781 -2.070187 -1.502453 -3.241777 0.806275 0.946791 -1.127263 2.648636 -5.284472 -3.259602 1.156662 12.840342 0.483186 2.904626 5.826724 0.082179 1.976681 -3.614068 1.676451 1.510622 -20.073015 7.7e-05 -2.3e-05 6e-06 0.043916 0.101105 0.099364 0.622573 -3.648128 -10.406242 -0.543636 3.84416 -10.422681 -7.461717 -3.530427 17.417631 -66.707069 -15.280931 27.42952 -0.329869 -18.459078 0.126499 11.519662 -0.130572 -12.815236 -5.882102 9.861279 0.702592 -10.936865 -0.360576 7.156204 1e-06 8.774821 0.0 -16.162561 18.09057 6.175603 -1.844031 2.498503 -2.507277 -10.163593 4.678941 4.621109 -20.976011 -6e-06 5e-06 -21.226271 2.451694 -3.593998 -0.0 -7e-06 0.0 -1.36268 2.240797 -0.746323 -21.334904 0.584907 3.008324 -13.821206 -3e-06 5e-06 -23.887154 -0.249079 -0.839478 -61.211739 2.212879 -0.671574 -0.294024 1.679687 0.833256 -14.218198 0.093213 1.300583 -34.212021 -0.287566 0.967174 -20.033195 0.964537 1.212844 -0.0 1e-06 -1e-06 -3.440386 0.788233 0.501654 -15.928179 -3.16731 2.999707 -6.338823 -2e-06 3e-06 -18.123434 3.64818 -4.905667 -4e-06 -0.0 -3e-06 1.034693 16.609907 16.762457 72.520065 14.171617 5.290877 -0.531999 27.272013 -0.323142 -3.015122 4.574741 -9.250919 2.243539 -5.255033 -3.180156 14.28288 -0.826593 6.952501 -2e-06 -12.690597 -1e-06 16.423794 -17.932402 2.486318 1.665664 -1.95592 -2.878297 4.727794 -4.170584 4.993921 11.020514 3e-06 1e-06 12.109039 -3.735713 -2.86678 -0.0 -0.0 0.0 1.291983 -1.928548 -1.498088 14.800117 0.567469 3.865608 14.242558 -1.341735 -6.660649 19.63195 0.143925 -0.648241 49.938034 -0.917652 -6.169934 0.353028 -1.511151 -0.031939 20.222771 3.684308 2.316633 18.787254 4e-06 3e-06 10.75162 -0.479869 1.397904 1e-06 -1e-06 -0.0 3.273803 0.305948 -0.58011 21.486795 11.830366 2.266136 8.162921 4e-06 -1e-06 18.399067 -3.798983 -4.940569 1e-06 -1e-06 -0.0 -11.393782 -2.334503 -25.438019 0.313768 0.470452 15.179938 0.265128 9.932083 2.259716 1.63161 -1.887744 -3.506582 0.0 -0.0 2e-06 -11.433171 -8.303319 15.485742 0.021456 0.426866 38.637165 2.3965 -5.716816 20.319563 -1.491895 0.804008 -14.449656 0.0 -0.0 -1e-06 
0.0 0.0 0.0 0.0 -0.0 0.0 1.986229 95.552269 247.711533 9.605614 -0.984796 -2.85903 -4.121207 0.765443 1.826159 -1.383094 2.656093 -5.100853 -4.215347 1.2384 12.97753 0.574376 2.919075 5.938839 -0.041004 1.660335 -3.666194 1.894449 0.95938 -20.735579 7.7e-05 -2.2e-05 7e-06 0.065311 0.181761 0.079598 0.665269 -3.568283 -10.474717 -0.541798 3.927174 -10.474545 -6.579378 -3.93062 17.71467 -66.491417 -15.853083 26.158165 -0.356148 -20.657679 0.197882 11.676743 -0.381889 -13.732785 -5.882105 9.861282 0.702589 -10.936872 -0.360575 7.156201 1e-06 8.774822 -2e-06 -15.950713 18.384514 6.312155 -1.844032 2.498503 -2.507277 -10.163598 4.678943 4.621106 -20.976021 -5e-06 3e-06 -21.226282 2.451695 -3.593999 -2e-06 -6e-06 1e-06 -1.362682 2.240797 -0.746322 -21.334913 0.584908 3.008321 -13.821213 -4e-06 1e-06 -23.887169 -0.24908 -0.839484 -61.307854 2.489978 -0.804485 -0.294025 1.679687 0.833255 -14.218207 0.093213 1.300577 -34.212051 -0.287567 0.967171 -20.033211 0.964533 1.212843 -0.0 2e-06 -0.0 -3.440388 0.788233 0.501655 -15.928185 -3.167309 2.999704 -6.338826 -2e-06 -1e-06 -18.123447 3.64818 -4.905669 -4e-06 1e-06 -2e-06 0.371858 16.533825 17.106115 74.64653 13.759038 3.718816 -0.270254 24.425003 -0.177559 -2.734316 4.722144 -8.954887 2.243543 -5.255036 -3.180157 14.282892 -0.826592 6.952496 -3e-06 -12.690603 -1e-06 16.420074 -17.856979 2.38759 1.665668 -1.955922 -2.878299 4.727799 -4.170587 4.993921 11.020529 4e-06 -6e-06 12.109057 -3.735713 -2.866787 -0.0 -0.0 -1e-06 1.291987 -1.928551 -1.498089 14.800129 0.56747 3.865603 14.242579 -1.341734 -6.660661 19.631973 0.143931 -0.64825 49.566265 -0.715392 -6.083472 0.353029 -1.511149 -0.031939 20.222795 3.684311 2.316623 18.787279 1e-05 -6e-06 10.751631 -0.479866 1.397904 -0.0 0.0 -1e-06 3.273807 0.305947 -0.580112 21.486818 11.830377 2.266124 8.16293 3e-06 -2e-06 18.399084 -3.798978 -4.940581 2e-06 1e-06 -2e-06 -14.060406 -3.119539 -20.766775 0.312692 0.563371 17.638716 -0.10317 9.762668 0.655071 1.617638 -1.998557 -2.163231 -0.0 0.0 2e-06 -12.820444 -6.826879 8.341344 -0.027555 0.345043 53.296867 3.291279 -6.290571 22.629377 -1.448924 0.977498 -4.656793 0.0 -0.0 -1e-06 
0.0 0.0 0.0 0.0 -0.0 0.0 2.145082 95.963936 254.632065 11.002841 -0.581843 -4.210322 -4.674384 0.733436 2.559049 -1.53537 2.782485 -4.720473 -4.791561 1.053427 13.269424 0.300184 3.108413 5.902769 -0.134405 1.743415 -3.74659 2.123031 0.651647 -21.077232 7.7e-05 -2.3e-05 7e-06 0.047551 0.165588 0.079924 0.663379 -3.604865 -10.559778 -0.574701 3.928718 -10.538464 -6.477585 -3.948251 17.814989 -65.893761 -16.318081 24.984753 -0.023292 -22.601599 0.053242 12.374998 -0.666995 -15.594032 -5.8821 9.861276 0.702589 -10.93686 -0.360574 7.156198 -0.0 8.774816 -0.0 -15.953164 18.693016 6.481522 -1.84403 2.498502 -2.507276 -10.163589 4.67894 4.621102 -20.976002 -1e-06 3e-06 -21.226265 2.451695 -3.593996 -0.0 -6e-06 1e-06 -1.362681 2.240797 -0.746323 -21.334896 0.58491 3.008321 -13.8212 -1e-06 3e-06 -23.887146 -0.249076 -0.839483 -61.461357 2.624944 -0.683832 -0.294025 1.679686 0.833255 -14.218196 0.093215 1.300579 -34.212013 -0.287562 0.967169 -20.033194 0.964537 1.212843 1e-06 0.0 -1e-06 -3.440386 0.788233 0.501657 -15.928168 -3.167306 2.999704 -6.33882 1e-06 3e-06 -18.123426 3.648181 -4.905665 -3e-06 -0.0 -3e-06 0.17585 16.613293 17.74321 76.022598 14.173571 3.568148 -0.179657 21.147655 -0.11277 -2.02541 4.144608 -8.772028 2.243538 -5.25503 -3.180155 14.282871 -0.826592 6.952497 -3e-06 -12.69059 0.0 16.42907 -18.107115 2.349422 1.665663 -1.955919 -2.878296 4.727791 -4.170582 4.993919 11.020509 3e-06 -1e-06 12.109034 -3.73571 -2.866781 -0.0 -0.0 0.0 1.291984 -1.928546 -1.498089 14.800107 0.567469 3.865604 14.242551 -1.341734 -6.660649 19.631935 0.143926 -0.648244 49.479961 -0.499106 -6.046569 0.353029 -1.511149 -0.03194 20.222763 3.684304 2.31663 18.787249 5e-06 -1e-06 10.751615 -0.479867 1.397904 -0.0 -1e-06 0.0 3.273802 0.305947 -0.58011 21.486786 11.83036 2.266131 8.162917 3e-06 0.0 18.399055 -3.79898 -4.940565 3e-06 0.0 -3e-06 -16.189999 -2.523434 -14.100372 0.267036 0.56048 16.302229 0.598239 9.444366 -0.97195 1.592721 -1.966896 -1.107884 -0.0 0.0 2e-06 -13.327538 -4.796002 0.588055 0.078048 0.155092 64.285805 4.750183 -4.558012 15.844487 -1.432104 0.961108 -3.505122 0.0 -0.0 -0.0 
0.0 0.0 0.0 0.0 -0.0 0.0 2.25277 96.662407 261.30481 11.33385 -0.747506 -5.568975 -4.674304 0.811826 3.334341 -1.55711 2.482329 -4.330169 -4.88076 1.034496 13.491582 -0.10539 3.216984 5.867517 -0.112974 1.92174 -3.681183 2.368711 0.610328 -21.179218 7.7e-05 -2.3e-05 6e-06 0.044061 0.19024 0.092056 0.649354 -3.572938 -10.514835 -0.566157 3.945395 -10.490886 -6.591198 -4.046306 17.647476 -65.707535 -16.540039 23.262423 0.280402 -23.710546 -0.09362 13.312135 -0.86659 -17.265585 -5.882099 9.861281 0.702591 -10.936861 -0.360576 7.156206 0.0 8.774822 -1e-06 -15.740407 18.648582 6.442689 -1.84403 2.498505 -2.507276 -10.163592 4.678942 4.621109 -20.976007 -4e-06 7e-06 -21.226269 2.451697 -3.593996 1e-06 -7e-06 -1e-06 -1.362679 2.240797 -0.746323 -21.334896 0.584906 3.008325 -13.821201 -2e-06 4e-06 -23.887146 -0.249078 -0.839478 -60.952187 2.52739 -0.706566 -0.294025 1.679686 0.833256 -14.218197 0.093213 1.300583 -34.212013 -0.287564 0.967176 -20.033194 0.964537 1.212846 -0.0 1e-06 -0.0 -3.440386 0.788233 0.501656 -15.928176 -3.167308 2.999707 -6.338821 -0.0 3e-06 -18.12343 3.648183 -4.905665 -4e-06 0.0 -3e-06 0.285009 16.501026 18.456495 77.059677 14.838072 3.233293 -0.14447 18.08886 -0.054193 -1.262743 3.059361 -9.367139 2.243539 -5.255033 -3.180156 14.282876 -0.826592 6.952492 -3e-06 -12.690595 -1e-06 16.384769 -18.126612 2.227365 1.665664 -1.95592 -2.878294 4.727793 -4.170584 4.993918 11.020515 3e-06 -3e-06 12.109038 -3.735713 -2.866784 0.0 -0.0 0.0 1.291985 -1.928548 -1.498088 14.800114 0.56747 3.865603 14.242557 -1.341734 -6.660654 19.631945 0.143928 -0.648244 49.441032 -0.398188 -6.28077 0.353029 -1.51115 -0.031941 20.222773 3.684309 2.316626 18.787256 8e-06 -2e-06 10.751616 -0.479867 1.397905 1e-06 -0.0 -0.0 3.273804 0.305947 -0.58011 21.486794 11.830368 2.266129 8.162919 4e-06 -1e-06 18.399067 -3.79898 -4.940572 2e-06 0.0 -1e-06 -16.949579 -1.614864 -6.828227 0.236848 0.571256 13.765301 1.149978 9.409657 -3.723029 1.578857 -1.952647 -0.695697 -0.0 -0.0 2e-06 -12.758089 -3.443088 -7.209964 0.09553 0.006166 69.889847 3.333855 -5.469781 7.626958 -1.483234 0.963411 -3.538755 0.0 -0.0 0.0 
0.0 0.0 0.0 0.0 -0.0 0.0 2.340503 97.171486 267.97052 10.561443 -0.752047 -6.568097 -4.252895 0.747491 4.085758 -1.412972 1.876371 -3.971864 -4.547846 0.781798 13.455986 -0.447488 3.213411 5.766656 0.013306 2.052162 -3.549036 2.521444 0.904291 -21.138006 7.7e-05 -2.3e-05 6e-06 0.042344 0.180238 0.109227 0.639935 -3.572308 -10.456246 -0.558666 3.928496 -10.446077 -6.211825 -4.56115 17.395136 -66.406158 -16.460159 21.888784 0.605266 -24.127428 -0.266036 14.189301 -0.668944 -18.63212 -5.882107 9.86129 0.702592 -10.936874 -0.360575 7.156205 -1e-06 8.77483 -1e-06 -15.450755 18.569742 6.602968 -1.844033 2.498506 -2.507277 -10.163603 4.678948 4.621107 -20.97603 -4e-06 1e-06 -21.226294 2.451698 -3.594002 2e-06 -6e-06 -0.0 -1.362682 2.240798 -0.746323 -21.334917 0.584911 3.00832 -13.821215 -2e-06 1e-06 -23.887171 -0.24908 -0.839485 -60.661922 2.435078 -0.578623 -0.294025 1.679688 0.833257 -14.218212 0.093215 1.30058 -34.212063 -0.287564 0.967169 -20.033218 0.964536 1.21284 0.0 -0.0 -1e-06 -3.44039 0.788234 0.501655 -15.928189 -3.167309 2.999706 -6.338829 0.0 2e-06 -18.123447 3.648185 -4.905672 -4e-06 0.0 -2e-06 -0.031804 16.160137 18.689699 78.629601 14.325936 2.171296 -0.485956 17.560114 -0.144857 -0.813057 1.719689 -11.094282 2.24354 -5.255035 -3.180157 14.28289 -0.826594 6.952503 -4e-06 -12.690599 1e-06 16.358086 -17.994522 2.303721 1.665665 -1.95592 -2.878297 4.727798 -4.170585 4.993923 11.020522 4e-06 -1e-06 12.109048 -3.735713 -2.866783 0.0 0.0 -0.0 1.291985 -1.928548 -1.498089 14.800125 0.567469 3.865609 14.242568 -1.341735 -6.660654 19.631968 0.143926 -0.648242 49.598419 -0.375059 -6.318772 0.353029 -1.51115 -0.031939 20.222786 3.68431 2.316631 18.787268 5e-06 1e-06 10.751627 -0.479868 1.397905 1e-06 0.0 0.0 3.273807 0.305947 -0.58011 21.486809 11.830372 2.266134 8.162926 -0.0 2e-06 18.399076 -3.798983 -4.940572 3e-06 1e-06 -1e-06 -16.330738 -0.828881 0.872296 0.188286 0.51412 9.742394 1.69978 8.84097 -5.533537 1.585394 -2.008853 -0.514518 0.0 -0.0 2e-06 -11.075764 -2.969688 -14.505754 0.003373 -0.254406 70.018929 0.536106 -9.197474 0.670885 -1.533362 0.958494 -3.570743 0.0 -0.0 -3e-06 
0.0 0.0 0.0 0.0 -0.0 0.0 2.170389 97.302719 275.029114 9.441347 -0.172159 -6.75624 -3.772999 0.523794 4.651302 -1.232705 1.225775 -3.759045 -4.262805 0.221884 13.136976 -0.396844 2.968545 5.42486 0.141668 2.343447 -3.551019 2.554404 1.177835 -21.257263 7.7e-05 -2.3e-05 7e-06 0.049873 0.157659 0.114046 0.645521 -3.609387 -10.46613 -0.546726 3.924725 -10.482118 -5.323163 -5.589604 16.857981 -67.357635 -15.999399 21.050516 0.601505 -24.011595 -0.219523 14.283812 -0.572554 -19.207243 -5.882103 9.861284 0.70259 -10.936865 -0.360576 7.1562 0.0 8.774823 0.0 -15.347514 18.499287 6.604368 -1.844032 2.498505 -2.507277 -10.163594 4.678943 4.621105 -20.976017 -6e-06 1e-06 -21.226276 2.451694 -3.594001 2e-06 -6e-06 -0.0 -1.36268 2.240798 -0.746322 -21.334902 0.584909 3.008317 -13.821206 -1e-06 0.0 -23.887161 -0.249082 -0.839487 -60.469604 2.396788 -0.671429 -0.294025 1.679688 0.833254 -14.218201 0.093213 1.300578 -34.212029 -0.287568 0.967164 -20.033205 0.964532 1.212841 -0.0 0.0 -1e-06 -3.440387 0.788232 0.501655 -15.928179 -3.167309 2.999703 -6.338823 0.0 0.0 -18.12344 3.648182 -4.905672 -5e-06 1e-06 -2e-06 -0.464257 15.316033 18.751818 80.369347 12.549861 0.380479 -1.164878 20.32226 -0.332995 -0.584948 1.062003 -13.598654 2.24354 -5.255034 -3.180155 14.28288 -0.826593 6.952497 -2e-06 -12.690599 -1e-06 16.396608 -17.855265 2.470619 1.665665 -1.95592 -2.878297 4.727795 -4.170586 4.993919 11.020519 3e-06 -1e-06 12.109043 -3.735714 -2.866784 0.0 0.0 0.0 1.291985 -1.928548 -1.498088 14.800118 0.567469 3.865604 14.242561 -1.341737 -6.660654 19.631952 0.143927 -0.648245 49.969185 -0.394031 -6.192193 0.353029 -1.51115 -0.03194 20.222778 3.684309 2.316628 18.787262 5e-06 -1e-06 10.75162 -0.479867 1.397906 0.0 0.0 -2e-06 3.273805 0.305946 -0.58011 21.486801 11.830372 2.266131 8.162922 2e-06 -1e-06 18.399071 -3.798982 -4.940574 2e-06 1e-06 -2e-06 -15.214523 -0.443362 7.614841 0.109301 0.439519 5.90142 2.349975 7.818226 -6.62132 1.623623 -2.063037 -0.318707 0.0 -0.0 2e-06 -9.082554 -3.366585 -21.068537 -0.081837 -0.369607 65.342094 -1.094824 -13.367396 -3.716217 -1.524587 0.956123 -4.063855 -0.0 0.0 -2e-06 
0.0 0.0 0.0 0.0 -0.0 0.0 1.919909 97.03022 282.204926 8.633283 1.014076 -6.11296 -3.534298 0.174197 4.825462 -1.125251 0.548759 -3.682559 -4.216269 -0.59599 12.805489 0.112892 2.753283 4.66572 0.198803 2.440248 -3.549727 2.590508 1.366286 -21.980885 7.7e-05 -2.2e-05 6e-06 0.050158 0.123322 0.123383 0.655873 -3.65034 -10.45785 -0.555495 3.90144 -10.483891 -4.597012 -6.736068 16.548687 -67.510094 -15.679874 20.862282 0.325664 -23.760098 -0.064104 13.749226 -0.883535 -18.808411 -5.882101 9.861279 0.70259 -10.936865 -0.360574 7.156199 -0.0 8.774821 -2e-06 -15.420036 18.438833 6.534953 -1.844031 2.498502 -2.507275 -10.163592 4.678942 4.621103 -20.976007 -4e-06 1e-06 -21.226269 2.451694 -3.593997 -0.0 -6e-06 0.0 -1.362679 2.240796 -0.746323 -21.334896 0.584909 3.008319 -13.821201 -2e-06 2e-06 -23.887152 -0.249078 -0.839483 -60.393436 2.387002 -0.725139 -0.294023 1.679686 0.833256 -14.218197 0.093214 1.30058 -34.212021 -0.287563 0.96717 -20.033195 0.964534 1.212841 1e-06 1e-06 1e-06 -3.440386 0.788233 0.501654 -15.928172 -3.167308 2.999704 -6.338821 -0.0 1e-06 -18.123426 3.64818 -4.905667 -4e-06 1e-06 -2e-06 -0.827318 14.030098 18.621872 81.869766 9.469102 -2.000093 -1.729943 26.617113 -0.619046 -0.510028 0.612629 -15.64114 2.243541 -5.255036 -3.180158 14.282887 -0.826594 6.952502 -3e-06 -12.690603 1e-06 16.423429 -17.798311 2.626459 1.665666 -1.955922 -2.878299 4.727798 -4.170588 4.993925 11.020526 3e-06 -1e-06 12.109052 -3.735716 -2.866785 -1e-06 -0.0 0.0 1.291986 -1.92855 -1.498089 14.800129 0.567468 3.865608 14.242571 -1.341735 -6.660658 19.631968 0.143927 -0.648245 50.367733 -0.421162 -6.000218 0.353029 -1.51115 -0.03194 20.222788 3.684309 2.31663 18.78727 4e-06 -1e-06 10.75163 -0.479869 1.397905 1e-06 0.0 -0.0 3.273807 0.305947 -0.580111 21.486813 11.830374 2.266131 8.162928 3e-06 -1e-06 18.399082 -3.798984 -4.940576 2e-06 0.0 -1e-06 -14.158957 0.017044 12.729143 0.084862 0.430823 3.585048 2.460155 6.454484 -7.430541 1.65668 -2.106874 -0.772389 0.0 -0.0 2e-06 -7.567616 -4.449214 -26.51689 -0.109924 -0.305421 56.350918 -0.410427 -15.689023 -6.18229 -1.503272 1.033566 -4.326133 -0.0 2e-06 -1e-06 
0.0 0.0 0.0 0.0 -0.0 0.0 1.6524 96.553955 289.317474 8.21589 2.450065 -4.96674 -3.522833 -0.06049 4.727669 -1.057838 -0.075818 -3.760233 -4.315489 -1.684325 12.518991 0.894486 2.705192 3.726823 0.206984 2.466574 -3.558364 2.584323 1.475023 -22.937952 7.7e-05 -2.3e-05 6e-06 0.050555 0.104145 0.140104 0.679214 -3.681082 -10.45885 -0.576984 3.89752 -10.487886 -4.061378 -7.768576 16.484762 -67.10556 -15.435487 21.339848 -0.098656 -23.559122 0.094379 12.963034 -1.618989 -17.817545 -5.882098 9.861276 0.702592 -10.936859 -0.360576 7.1562 1e-06 8.774817 1e-06 -15.546389 18.300201 6.313536 -1.844029 2.498501 -2.507275 -10.163589 4.678938 4.621106 -20.976 -4e-06 3e-06 -21.226257 2.451694 -3.593995 1e-06 -7e-06 1e-06 -1.36268 2.240797 -0.746322 -21.334892 0.584908 3.008322 -13.821199 -4e-06 3e-06 -23.887146 -0.249081 -0.839478 -60.427231 2.384797 -0.957179 -0.294025 1.679687 0.833255 -14.218192 0.093213 1.30058 -34.212009 -0.287566 0.967173 -20.033192 0.964536 1.212845 1e-06 0.0 -1e-06 -3.440384 0.788233 0.501654 -15.928168 -3.167308 2.999707 -6.338819 -1e-06 0.0 -18.123426 3.648177 -4.905665 -4e-06 0.0 -2e-06 -1.150642 12.500386 18.707216 82.937439 5.550445 -4.717762 -1.911939 35.841908 -0.929832 -0.373141 0.063587 -17.966166 2.243538 -5.255027 -3.180153 14.282866 -0.826593 6.952492 -3e-06 -12.690578 1e-06 16.395416 -17.801409 2.79369 1.665664 -1.955918 -2.878295 4.72779 -4.170579 4.993916 11.020508 2e-06 -2e-06 12.109032 -3.735708 -2.86678 -0.0 0.0 0.0 1.291983 -1.928546 -1.498088 14.800101 0.567467 3.865601 14.242547 -1.341731 -6.660648 19.631935 0.143925 -0.648245 50.82283 -0.427084 -5.710304 0.353028 -1.511147 -0.03194 20.222757 3.684301 2.316626 18.787239 5e-06 -1e-06 10.751608 -0.479868 1.397904 0.0 -1e-06 -0.0 3.273801 0.305945 -0.58011 21.486776 11.830349 2.266127 8.162913 3e-06 0.0 18.39905 -3.798977 -4.940566 3e-06 0.0 -1e-06 -13.108977 0.719564 16.586149 0.099846 0.407698 2.733814 2.498095 4.684197 -8.083537 1.706866 -2.107077 -1.853159 0.0 0.0 2e-06 -6.485085 -6.306377 -29.663088 -0.009858 -0.131735 42.39072 1.003944 -16.436729 -6.244411 -1.460397 1.191 -4.117783 0.0 0.0 -1e-06 
0.0 0.0 0.0 0.0 -0.0 0.0 1.388992 95.983093 296.643616 8.092379 3.914803 -3.750376 -3.673911 -0.245974 4.412202 -1.009691 -0.754133 -3.927347 -4.266878 -2.503559 12.327773 1.691083 2.615348 2.819051 0.133842 2.626257 -3.489883 2.389147 1.349533 -23.90729 7.7e-05 -2.3e-05 5e-06 0.058896 0.067815 0.16353 0.695869 -3.723494 -10.434851 -0.577312 3.87121 -10.460144 -3.602542 -8.940964 16.723349 -66.807533 -15.13674 22.344643 -0.377631 -23.273008 0.093742 12.038796 -2.703136 -17.020933 -5.882102 9.861278 0.70259 -10.936869 -0.360576 7.156204 3e-06 8.774819 -2e-06 -15.750628 18.1113 6.111342 -1.84403 2.498504 -2.507277 -10.163595 4.678939 4.621108 -20.976017 -7e-06 5e-06 -21.226276 2.451693 -3.593995 2e-06 -6e-06 -1e-06 -1.36268 2.240797 -0.746322 -21.334906 0.584906 3.008324 -13.821208 -6e-06 4e-06 -23.887161 -0.249081 -0.839476 -60.48571 2.380507 -1.056788 -0.294024 1.679686 0.833256 -14.218202 0.093212 1.300581 -34.21204 -0.287567 0.967174 -20.033205 0.964538 1.212849 1e-06 1e-06 0.0 -3.440386 0.788233 0.501654 -15.928181 -3.167309 2.999708 -6.338824 -2e-06 4e-06 -18.12344 3.648178 -4.905665 -5e-06 0.0 -3e-06 -1.760742 10.837573 18.983639 83.831795 1.35243 -7.912481 -1.687922 46.314125 -1.13255 -0.124794 -0.730103 -20.361797 2.243539 -5.255034 -3.180155 14.282881 -0.826594 6.9525 -3e-06 -12.690593 1e-06 16.154865 -17.76037 2.984313 1.665665 -1.955921 -2.878297 4.727797 -4.170584 4.993921 11.020519 3e-06 1e-06 12.109043 -3.735713 -2.86678 -1e-06 1e-06 1e-06 1.291985 -1.928548 -1.498088 14.800118 0.567468 3.865606 14.242562 -1.341736 -6.660651 19.631952 0.143925 -0.648242 51.161705 -0.486328 -5.543976 0.353028 -1.511149 -0.031939 20.222775 3.684306 2.316629 18.787258 5e-06 0.0 10.751621 -0.479868 1.397906 2e-06 -3e-06 -3e-06 3.273805 0.305947 -0.58011 21.486799 11.830364 2.266132 8.162923 1e-06 -1e-06 18.399071 -3.798981 -4.940569 3e-06 0.0 -1e-06 -11.957434 1.609685 20.27326 0.17032 0.325916 2.388854 2.394356 2.722235 -8.107841 1.76042 -2.039343 -3.833595 0.0 -0.0 1e-06 -5.321477 -9.02908 -30.431812 0.123321 -0.025049 25.184629 2.949226 -14.491392 -4.094839 -1.340779 1.345052 -4.655547 0.0 1e-06 0.0 
0.0 0.0 0.0 0.0 -0.0 0.0 1.068033 95.364532 304.35495 7.743934 5.397879 -2.497714 -3.634785 -0.39982 3.73613 -0.970289 -1.385355 -4.166403 -4.122002 -3.212807 12.099027 2.573337 2.525326 2.298614 0.094756 2.744997 -3.534657 2.330457 1.064657 -24.417753 7.7e-05 -2.3e-05 5e-06 0.081359 0.092977 0.153852 0.702282 -3.681509 -10.384876 -0.541375 3.883399 -10.416033 -3.15782 -9.973135 17.259048 -66.557503 -14.69849 23.554634 -0.546667 -22.81897 0.073795 11.293101 -3.536234 -17.507858 -5.882102 9.861276 0.702588 -10.936861 -0.360575 7.156199 0.0 8.774815 -1e-06 -16.087278 17.917784 6.096863 -1.844031 2.498501 -2.507277 -10.16359 4.678939 4.621104 -20.976004 -3e-06 1e-06 -21.226269 2.451692 -3.593998 -1e-06 -6e-06 -1e-06 -1.362681 2.240797 -0.746324 -21.334892 0.584908 3.00832 -13.821199 -4e-06 1e-06 -23.887146 -0.24908 -0.839483 -60.747089 2.338789 -0.74108 -0.294025 1.679685 0.833256 -14.218195 0.093214 1.300579 -34.212013 -0.287566 0.967166 -20.033194 0.964533 1.212842 1e-06 2e-06 1e-06 -3.440386 0.788232 0.501654 -15.928172 -3.167307 2.999704 -6.338821 -1e-06 2e-06 -18.123426 3.648178 -4.905666 -4e-06 -0.0 -2e-06 -2.288158 9.34374 18.952787 84.636154 -3.030561 -11.606028 -1.644215 56.629215 -1.52415 -0.314268 -1.705656 -23.421453 2.243537 -5.255031 -3.180153 14.282876 -0.826594 6.952499 -3e-06 -12.69059 -0.0 15.976224 -17.700672 3.076473 1.665663 -1.955919 -2.878295 4.727795 -4.170583 4.993918 11.020514 2e-06 3e-06 12.109037 -3.735713 -2.866777 -1e-06 0.0 1e-06 1.291983 -1.928547 -1.498087 14.800114 0.567467 3.865608 14.242557 -1.341736 -6.660646 19.631945 0.143923 -0.648238 50.880329 -0.8363 -5.652589 0.353028 -1.511149 -0.03194 20.222771 3.684308 2.316631 18.787254 4e-06 5e-06 10.751619 -0.479869 1.397906 1e-06 1e-06 -0.0 3.273803 0.305948 -0.580109 21.486792 11.83036 2.266137 8.162918 -0.0 2e-06 18.399063 -3.798983 -4.940567 2e-06 -3e-06 -1e-06 -9.828303 2.773003 23.954859 0.161314 0.216005 1.866171 1.977662 0.074741 -7.117293 1.83047 -1.986198 -6.514412 -0.0 -0.0 2e-06 -3.838319 -10.617986 -29.649128 0.309332 0.209847 9.842625 3.625206 -12.440392 -1.898476 -1.248182 1.307812 -4.87923 -0.0 1e-06 -0.0 
0.0 0.0 0.0 0.0 -0.0 0.0 0.671077 95.010849 312.588715 6.827029 6.573637 -1.309017 -3.031153 -0.430381 2.764071 -1.016963 -1.801778 -4.507712 -3.962621 -4.02361 11.94184 3.389534 2.437051 1.956043 0.310692 2.586321 -3.589245 2.416497 1.37904 -24.103479 7.7e-05 -2.2e-05 6e-06 0.101471 0.126467 0.116412 0.701697 -3.642158 -10.419783 -0.50419 3.914859 -10.430614 -3.069093 -10.541051 17.493521 -66.220428 -14.048707 24.648911 -0.45761 -21.168245 0.034618 10.679842 -3.929929 -18.583265 -5.882097 9.861272 0.70259 -10.936857 -0.360576 7.1562 2e-06 8.774815 -2e-06 -16.287655 17.759623 6.10306 -1.844028 2.4985 -2.507276 -10.163585 4.678936 4.621106 -20.97599 -6e-06 7e-06 -21.226254 2.451693 -3.593987 1e-06 -7e-06 -1e-06 -1.362678 2.240796 -0.746321 -21.334887 0.584906 3.008325 -13.821195 -4e-06 6e-06 -23.887138 -0.249077 -0.839475 -60.955799 2.313437 -0.606443 -0.294024 1.679684 0.833254 -14.218188 0.093212 1.300581 -34.212002 -0.287565 0.96718 -20.033188 0.964538 1.212848 -1e-06 1e-06 -0.0 -3.440382 0.788232 0.501657 -15.928165 -3.167308 2.999704 -6.338818 -2e-06 3e-06 -18.123423 3.648177 -4.905658 -5e-06 -1e-06 -3e-06 -2.424853 8.14173 18.722555 84.899681 -6.631298 -15.329515 -1.96673 66.007164 -2.174862 -2.027213 -2.938097 -26.563248 2.24354 -5.255033 -3.180158 14.282881 -0.826595 6.952501 -1e-06 -12.690597 -1e-06 16.033464 -17.776937 3.052282 1.665666 -1.955921 -2.878298 4.727796 -4.170584 4.993921 11.020519 2e-06 -0.0 12.109043 -3.735711 -2.866784 0.0 -0.0 0.0 1.291983 -1.928548 -1.49809 14.800118 0.567468 3.865606 14.242562 -1.341735 -6.660656 19.631954 0.143924 -0.648246 50.455921 -1.147573 -5.840865 0.353029 -1.51115 -0.031941 20.222778 3.684304 2.316629 18.78726 3e-06 -0.0 10.75162 -0.47987 1.397909 -2e-06 0.0 2e-06 3.273804 0.305947 -0.58011 21.486801 11.830365 2.266134 8.162922 1e-06 0.0 18.399075 -3.798985 -4.940573 3e-06 -2e-06 0.0 -6.8417 3.20601 26.88077 0.149153 0.161377 2.342937 0.943151 -2.587904 -3.505204 1.930246 -1.888295 -11.868641 0.0 -0.0 2e-06 -2.191759 -10.28722 -28.924997 0.330815 0.52862 3.165347 1.90536 -12.646697 -1.965192 -1.234443 1.242464 -4.821322 1e-06 0.0 -2e-06 
0.0 0.0 0.0 0.0 -0.0 0.0 0.165982 94.990639 320.896423 5.208239 7.043777 -0.175342 -1.607551 -0.728932 1.494984 -0.922867 -1.964843 -4.935006 -4.021876 -4.437922 11.842463 3.86789 2.475361 1.549523 0.480008 2.496854 -3.603358 2.764453 2.18236 -22.709827 7.7e-05 -2.2e-05 6e-06 0.112218 0.122536 0.077912 0.713621 -3.64936 -10.455889 -0.496205 3.913933 -10.447211 -3.700979 -10.706999 17.431175 -65.614189 -13.06891 24.921272 -0.347287 -18.23756 -0.018298 9.734611 -3.714137 -20.187147 -5.882102 9.861281 0.70259 -10.936865 -0.360575 7.156199 1e-06 8.774822 -2e-06 -16.4702 17.735184 5.982051 -1.844031 2.498502 -2.507275 -10.163593 4.678943 4.621104 -20.976011 -5e-06 0.0 -21.226271 2.451694 -3.594001 -1e-06 -6e-06 -2e-06 -1.36268 2.240797 -0.746322 -21.3349 0.584909 3.00832 -13.821205 -4e-06 0.0 -23.887152 -0.249082 -0.839483 -60.991398 2.188332 -0.878233 -0.294025 1.679687 0.833255 -14.2182 0.093214 1.300578 -34.212032 -0.287568 0.967165 -20.033201 0.964533 1.212842 -1e-06 2e-06 -2e-06 -3.440386 0.788233 0.501655 -15.928179 -3.167311 2.999702 -6.338823 -2e-06 1e-06 -18.123436 3.64818 -4.905671 -5e-06 -0.0 -1e-06 -2.625325 7.681165 18.182375 84.509872 -9.482015 -18.521885 -2.503004 74.79599 -3.009873 -4.039866 -4.61165 -27.970591 2.243538 -5.255033 -3.180158 14.282887 -0.826591 6.952498 -5e-06 -12.690603 1e-06 16.2251 -17.676414 2.769569 1.665666 -1.955924 -2.878298 4.727796 -4.170586 4.993922 11.020522 6e-06 -2e-06 12.109046 -3.735712 -2.866784 1e-06 1e-06 -1e-06 1.291986 -1.928546 -1.498089 14.800123 0.567472 3.865606 14.242568 -1.341734 -6.660657 19.63196 0.143929 -0.648243 50.321655 -1.068337 -6.251299 0.35303 -1.511151 -0.031941 20.22279 3.684313 2.316629 18.78727 9e-06 -1e-06 10.751625 -0.479868 1.397906 -1e-06 0.0 1e-06 3.273806 0.305947 -0.580111 21.486809 11.830376 2.26613 8.162924 4e-06 1e-06 18.399076 -3.798981 -4.940575 4e-06 2e-06 -0.0 -2.961766 3.377106 26.853018 0.141377 -0.12736 7.020461 -1.064191 -5.354653 2.825426 2.058925 -1.709686 -21.0208 0.0 -0.0 2e-06 0.048096 -9.22342 -28.43025 0.453506 0.503105 5.600051 -2.748295 -12.86529 1.034646 -1.362269 1.14103 -4.986042 -0.0 0.0 -1e-06 
0.0 0.0 0.0 0.0 -0.0 0.0 -0.454875 95.068161 328.822784 2.625677 6.623047 0.194794 0.199717 -0.902367 0.888402 -0.567959 -2.127855 -5.104936 -3.527291 -4.710794 11.616881 3.805926 2.50918 1.064907 0.699394 3.028393 -3.609794 3.119677 3.16086 -21.890194 7.8e-05 -2.3e-05 6e-06 0.117547 0.114565 0.048682 0.766181 -3.699322 -10.603509 -0.53972 3.942552 -10.577987 -4.553164 -10.670055 17.632311 -65.31546 -12.933728 24.367771 -0.317537 -13.704988 -0.005947 8.381086 -2.898973 -21.502728 -5.882103 9.861279 0.702591 -10.936865 -0.360573 7.156201 -1e-06 8.774818 -2e-06 -16.736889 17.748987 5.880587 -1.844031 2.498503 -2.507278 -10.163594 4.678942 4.621108 -20.976009 -0.0 4e-06 -21.226273 2.451697 -3.594001 -2e-06 -8e-06 0.0 -1.36268 2.240797 -0.746322 -21.334902 0.584912 3.008322 -13.821206 -0.0 3e-06 -23.887157 -0.249074 -0.839483 -60.867504 2.199829 -0.981734 -0.294026 1.679686 0.833256 -14.218199 0.093216 1.300582 -34.212025 -0.287559 0.96717 -20.033201 0.964539 1.212843 -1e-06 1e-06 -1e-06 -3.440387 0.788234 0.501656 -15.928179 -3.167304 2.999708 -6.338822 0.0 1e-06 -18.123438 3.648183 -4.905667 -5e-06 -0.0 -3e-06 -3.430878 8.20258 17.254869 83.65036 -11.109224 -20.667646 -7.975826 82.695694 -8.464855 -5.514889 -6.17001 -28.290833 2.243537 -5.255031 -3.180151 14.282871 -0.826591 6.952492 -4e-06 -12.690586 1e-06 16.293016 -17.509153 2.477607 1.665664 -1.955916 -2.878294 4.727793 -4.170579 4.993917 11.020512 5e-06 3e-06 12.109035 -3.735712 -2.866776 -0.0 -1e-06 0.0 1.291984 -1.928546 -1.498085 14.800108 0.567468 3.865604 14.242553 -1.341733 -6.660645 19.631941 0.143928 -0.648238 50.46909 -0.707859 -6.356277 0.353029 -1.51115 -0.031938 20.222763 3.684309 2.316629 18.787243 5e-06 4e-06 10.751614 -0.479867 1.397906 -0.0 1e-06 -1e-06 3.273802 0.305947 -0.580109 21.486786 11.83036 2.266131 8.162917 3e-06 -0.0 18.399057 -3.798982 -4.940566 3e-06 2e-06 -1e-06 1.847408 3.703484 23.240255 0.103772 -0.562424 18.346933 -4.669582 -7.942626 12.061662 2.219368 -1.549601 -26.909365 0.0 -0.0 3e-06 2.995823 -6.674366 -29.079876 0.187372 0.251574 13.647264 -5.647145 -14.47339 4.370188 -1.431604 0.986618 -3.924672 0.0 0.0 -1e-06 
0.0 0.0 0.0 0.0 -0.0 0.0 -1.034976 95.221619 336.592407 0.000778 5.542493 -1.048593 1.315104 -0.879821 1.574662 -0.156812 -2.314016 -4.805671 -2.279157 -4.982585 11.672817 3.970386 2.380403 1.026149 0.877016 4.069529 -3.475944 3.029042 4.380271 -22.403589 7.7e-05 -2.2e-05 7e-06 0.129324 0.142454 0.05504 0.821888 -3.709799 -10.703443 -0.572022 4.004705 -10.664082 -3.877759 -11.052387 17.984432 -66.799416 -14.548546 23.349569 -0.460329 -8.285932 0.019872 6.220286 -1.033608 -21.700333 -5.882101 9.861278 0.702591 -10.936859 -0.360573 7.156199 -1e-06 8.774819 -0.0 -16.845268 17.700953 5.869587 -1.844031 2.498503 -2.507275 -10.16359 4.678942 4.621107 -20.976004 -1e-06 2e-06 -21.226267 2.451696 -3.593999 -0.0 -7e-06 0.0 -1.362682 2.240796 -0.746323 -21.33489 0.584911 3.008322 -13.821199 -1e-06 3e-06 -23.887144 -0.249076 -0.839482 -60.732853 2.193502 -0.647654 -0.294024 1.679685 0.833256 -14.218192 0.093216 1.300581 -34.212009 -0.28756 0.967168 -20.033194 0.964539 1.212842 -2e-06 1e-06 -0.0 -3.440384 0.788233 0.501654 -15.928168 -3.167305 2.999705 -6.338818 -0.0 3e-06 -18.123423 3.648182 -4.905665 -5e-06 0.0 -3e-06 -5.197873 9.219816 16.560898 82.243118 -10.283061 -22.193512 -58.086792 88.586533 -58.542931 -7.335276 -6.725689 -28.50873 2.243537 -5.25503 -3.180155 14.282871 -0.826592 6.952496 -4e-06 -12.690592 1e-06 16.413864 -17.69342 2.418917 1.665663 -1.95592 -2.878296 4.727793 -4.170581 4.993919 11.020511 3e-06 -1e-06 12.109035 -3.735711 -2.866779 0.0 1e-06 1e-06 1.291985 -1.928547 -1.498087 14.800108 0.567467 3.865604 14.242551 -1.341734 -6.660648 19.631937 0.143927 -0.648242 50.94545 -0.640868 -6.078003 0.353029 -1.511149 -0.031939 20.222765 3.684309 2.31663 18.787249 7e-06 2e-06 10.751615 -0.479868 1.397906 -1e-06 1e-06 1e-06 3.273803 0.305947 -0.58011 21.486786 11.830363 2.266131 8.162915 3e-06 1e-06 18.399057 -3.79898 -4.940567 3e-06 1e-06 -1e-06 5.483675 3.01736 17.531273 0.094911 -0.778694 33.747803 -9.618519 -8.601844 21.537836 2.082864 -1.681011 -14.246926 0.0 -0.0 3e-06 5.920693 -5.037616 -27.452555 -0.052126 0.098436 21.303268 -4.860731 -15.339879 2.519854 -1.424564 0.948507 -2.642483 0.0 0.0 -1e-06 
0.0 0.0 0.0 0.0 -0.0 0.0 -1.598686 95.426231 344.140167 -2.306637 4.474243 -3.025385 2.180238 -0.63999 2.6437 0.064994 -2.419882 -4.472154 -1.193476 -5.086899 12.125083 4.787338 2.106761 2.297431 1.001963 4.660386 -3.273625 2.682494 5.858311 -23.900469 7.6e-05 -2.2e-05 4e-06 0.102257 0.083692 0.135636 0.780611 -3.762484 -10.584794 -0.585093 3.941374 -10.540579 -2.305021 -11.69 18.646002 -68.470863 -17.756367 22.787148 -0.595067 -4.548037 0.013812 4.918869 1.118094 -22.160269 -5.882098 9.861275 0.70259 -10.936857 -0.360577 7.1562 2e-06 8.774817 -1e-06 -16.528603 17.657581 6.108776 -1.844031 2.498501 -2.507277 -10.163588 4.678936 4.621106 -20.976 -7e-06 4e-06 -21.226257 2.45169 -3.593993 -1e-06 -7e-06 -0.0 -1.362679 2.240796 -0.746324 -21.334888 0.584905 3.008323 -13.821198 -5e-06 4e-06 -23.887142 -0.249081 -0.839478 -60.517635 2.386898 -0.620842 -0.294024 1.679685 0.833255 -14.218191 0.093213 1.300579 -34.212006 -0.287567 0.967174 -20.033192 0.964534 1.212844 -1e-06 0.0 1e-06 -3.440385 0.788231 0.501655 -15.928168 -3.167309 2.999706 -6.338818 -2e-06 2e-06 -18.123421 3.648177 -4.905662 -3e-06 0.0 -2e-06 -6.001124 9.95888 16.078674 79.416237 -7.464942 -23.816586 -167.643631 86.169113 -168.171738 -11.165566 -6.350769 -28.939833 2.243541 -5.255036 -3.180159 14.282884 -0.826594 6.952503 -2e-06 -12.690597 -2e-06 16.250687 -17.965685 2.427541 1.665666 -1.95592 -2.878299 4.727798 -4.170583 4.993923 11.02052 2e-06 -1e-06 12.109046 -3.735713 -2.866784 0.0 -0.0 0.0 1.291986 -1.92855 -1.498089 14.800123 0.567469 3.865608 14.242567 -1.341734 -6.660657 19.631958 0.143925 -0.648243 51.01804 -0.732135 -6.200678 0.353028 -1.51115 -0.031941 20.222784 3.684306 2.316632 18.787266 4e-06 1e-06 10.751623 -0.47987 1.397907 -1e-06 0.0 0.0 3.273807 0.305946 -0.58011 21.486805 11.830367 2.266137 8.162924 1e-06 1e-06 18.399075 -3.798982 -4.940571 2e-06 0.0 -1e-06 8.0676 2.636804 11.004011 0.124311 -0.834223 48.782436 -8.65739 -5.688879 18.996981 2.0164 -1.877516 -5.736293 0.0 -0.0 2e-06 8.620595 -5.760549 -22.126711 -0.058404 -0.18334 23.908438 -4.666533 -12.857872 -0.661907 -1.432145 0.977084 -0.896718 0.0 0.0 -1e-06 
0.0 0.0 0.0 0.0 -0.0 0.0 -2.164023 96.045929 351.354919 -4.131972 4.067645 -4.585547 2.871519 -0.350884 3.283524 0.169283 -2.335239 -4.32917 -0.445512 -4.986334 12.734074 5.541687 1.781804 3.98293 0.95705 4.917739 -3.395354 2.584784 6.378865 -24.067406 7.7e-05 -2.3e-05 6e-06 0.107705 0.144759 0.15588 0.765076 -3.694111 -10.52958 -0.560364 3.994062 -10.49837 -2.128806 -12.202101 19.182629 -67.88604 -21.233313 23.500702 -0.235564 -4.020036 -0.007189 6.005433 2.230396 -23.973293 -5.8821 9.861277 0.70259 -10.936863 -0.360575 7.156199 1e-06 8.774817 -2e-06 -16.227989 17.772715 6.415635 -1.844032 2.498502 -2.507276 -10.163592 4.67894 4.621107 -20.976006 -4e-06 3e-06 -21.226269 2.451694 -3.593995 1e-06 -7e-06 1e-06 -1.362681 2.240796 -0.746323 -21.334892 0.584909 3.008322 -13.821199 -2e-06 3e-06 -23.887142 -0.249076 -0.839481 -60.602795 2.481757 -0.645578 -0.294025 1.679686 0.833256 -14.218197 0.093214 1.300579 -34.212021 -0.287564 0.967172 -20.033195 0.964535 1.212842 -0.0 1e-06 -1e-06 -3.440385 0.788232 0.501654 -15.928172 -3.167306 2.999706 -6.33882 -1e-06 3e-06 -18.123426 3.64818 -4.905665 -4e-06 1e-06 -2e-06 -3.882995 9.787924 15.656846 74.580841 -3.863435 -25.12274 -174.936035 84.161652 -175.395676 -17.527214 -4.54585 -28.520599 2.243542 -5.255034 -3.180156 14.282882 -0.826592 6.952498 -4e-06 -12.690598 0.0 15.817948 -17.878288 2.553133 1.665668 -1.955921 -2.878297 4.727794 -4.170584 4.99392 11.020518 3e-06 -1e-06 12.109042 -3.735713 -2.866783 0.0 -1e-06 -0.0 1.291984 -1.928548 -1.498088 14.800115 0.567469 3.865605 14.24256 -1.341735 -6.660653 19.631952 0.143926 -0.648243 50.785362 -0.748014 -6.368624 0.35303 -1.511149 -0.03194 20.222775 3.684309 2.316629 18.787256 5e-06 0.0 10.751619 -0.479868 1.397906 0.0 -0.0 0.0 3.273805 0.305947 -0.580111 21.486792 11.830369 2.266131 8.162921 2e-06 0.0 18.399065 -3.798983 -4.940571 3e-06 0.0 -1e-06 9.70266 2.268961 3.633543 0.042753 -0.747338 59.482262 -4.085709 -0.28813 10.448477 1.967386 -1.929846 -5.350328 0.0 -0.0 3e-06 10.711692 -6.742101 -15.055328 -0.123446 -0.256689 22.675991 -4.403996 -12.243639 -4.760485 -1.452067 0.97555 -0.27494 0.0 0.0 -1e-06 
0.0 0.0 0.0 0.0 -0.0 0.0 -2.639008 96.68013 358.657471 -5.040605 3.710635 -6.060046 3.179114 -0.204292 3.714381 0.201247 -1.781118 -4.138787 0.042245 -4.430884 13.375709 5.678807 1.463436 5.612467 1.000175 5.091058 -3.482879 2.567382 6.279927 -23.163925 7.7e-05 -2.3e-05 7e-06 0.110813 0.198966 0.156263 0.712761 -3.609608 -10.407386 -0.502624 4.019915 -10.402837 -2.248928 -12.498034 19.256027 -66.510727 -24.525543 23.503759 0.69988 -7.563643 -0.129607 9.100112 2.399189 -26.121382 -5.882102 9.861278 0.70259 -10.936863 -0.360576 7.156201 1e-06 8.774818 -1e-06 -16.049616 18.091806 6.601913 -1.844031 2.498503 -2.507277 -10.163594 4.67894 4.621106 -20.976011 -6e-06 2e-06 -21.226273 2.451693 -3.593997 0.0 -6e-06 1e-06 -1.362681 2.240797 -0.746322 -21.334902 0.584907 3.008321 -13.821205 -4e-06 1e-06 -23.887154 -0.249081 -0.839482 -60.422325 2.508086 -0.830389 -0.294024 1.679686 0.833255 -14.218201 0.093214 1.300579 -34.212032 -0.287566 0.967173 -20.033201 0.964536 1.212844 0.0 -0.0 0.0 -3.440385 0.788233 0.501656 -15.928176 -3.167309 2.999707 -6.338821 -2e-06 2e-06 -18.123436 3.648178 -4.905665 -2e-06 0.0 -2e-06 -0.616711 9.770432 15.40758 69.698868 -0.049302 -26.660774 -179.481903 83.858093 -179.712616 -25.91571 -1.253784 -26.561337 2.243537 -5.255033 -3.180155 14.282878 -0.826591 6.952497 -3e-06 -12.690593 -1e-06 15.539131 -17.693197 2.664711 1.665663 -1.95592 -2.878297 4.727794 -4.170583 4.993919 11.020515 4e-06 -1e-06 12.10904 -3.735712 -2.866782 0.0 0.0 -0.0 1.291984 -1.928548 -1.498088 14.800115 0.56747 3.865604 14.242559 -1.341734 -6.660653 19.63195 0.143928 -0.648243 50.255962 -0.807511 -6.396454 0.353029 -1.511149 -0.03194 20.222771 3.684309 2.316629 18.787256 7e-06 1e-06 10.751619 -0.479867 1.397906 0.0 -0.0 0.0 3.273803 0.305947 -0.58011 21.486795 11.830366 2.266132 8.162919 3e-06 1e-06 18.399063 -3.798981 -4.940569 3e-06 -0.0 -1e-06 9.704302 1.091146 -3.71459 0.017669 -0.439871 64.314743 -1.520557 4.153 3.735892 1.856866 -1.887064 -5.477475 -0.0 0.0 -0.0 11.705701 -6.833133 -6.24998 -0.096088 -0.306157 18.009838 -4.30801 -12.965112 -7.321683 -1.464312 1.00773 0.120802 -0.0 -0.0 -1e-06 
0.0 0.0 0.0 0.0 -0.0 0.0 -2.959418 96.994034 366.037598 -4.791574 2.88029 -7.270457 3.166163 -0.048944 4.193797 0.186589 -0.891168 -3.870383 0.161283 -3.532452 13.653137 4.968948 1.434368 6.907437 1.141405 5.298124 -3.562867 2.66168 6.035673 -22.033304 7.7e-05 -2.2e-05 6e-06 0.099938 0.198405 0.144953 0.682616 -3.589731 -10.357668 -0.494422 3.998453 -10.348188 -2.068274 -12.197992 18.829565 -65.146324 -27.4473 22.671194 1.788751 -14.677023 -0.501473 12.813989 2.016583 -26.634314 -5.882098 9.861276 0.702589 -10.936858 -0.360575 7.1562 -0.0 8.774816 -3e-06 -15.9966 18.335011 6.608459 -1.844029 2.498501 -2.507277 -10.163589 4.678939 4.621106 -20.976 -2e-06 5e-06 -21.226265 2.451695 -3.593996 1e-06 -5e-06 -1e-06 -1.362679 2.240794 -0.746324 -21.334888 0.584909 3.008322 -13.821198 -2e-06 5e-06 -23.887142 -0.249075 -0.83948 -60.455952 2.609416 -1.06588 -0.294024 1.679686 0.833255 -14.218194 0.093214 1.300581 -34.212009 -0.287561 0.967173 -20.033192 0.964538 1.212846 -1e-06 0.0 -1e-06 -3.440385 0.78823 0.501655 -15.928168 -3.167308 2.999707 -6.338817 -1e-06 0.0 -18.123425 3.64818 -4.905665 -4e-06 1e-06 -3e-06 1.497018 10.550417 15.633596 66.878204 3.791067 -28.092888 174.998489 85.456627 175.207947 -34.608803 2.531436 -24.59721 2.243539 -5.255033 -3.180155 14.28288 -0.826589 6.952498 -6e-06 -12.690593 -1e-06 15.54139 -17.615007 2.784328 1.665666 -1.955919 -2.878296 4.727795 -4.170581 4.993919 11.020517 4e-06 -1e-06 12.10904 -3.73571 -2.866781 -0.0 0.0 -0.0 1.291986 -1.928547 -1.498089 14.800117 0.567471 3.865606 14.242559 -1.341732 -6.660652 19.631952 0.14393 -0.648241 50.08514 -1.05405 -6.207902 0.353028 -1.511149 -0.03194 20.222775 3.684312 2.31663 18.787256 8e-06 1e-06 10.75162 -0.479866 1.397906 0.0 -0.0 -1e-06 3.273803 0.305947 -0.58011 21.486797 11.830366 2.266132 8.16292 3e-06 0.0 18.399065 -3.798977 -4.940567 3e-06 -1e-06 -2e-06 8.012437 -0.239739 -10.533734 0.085109 -0.087079 63.96072 -0.966199 7.377724 -0.640471 1.783458 -1.835835 -5.472092 -0.0 0.0 1e-06 11.634689 -5.85211 3.06617 -0.009545 -0.3422 11.925195 -4.177227 -14.021338 -8.986769 -1.473763 1.042511 0.206321 -0.0 -0.0 -1e-06 
0.0 0.0 0.0 0.0 -0.0 0.0 -3.165772 96.927475 373.278992 -3.586935 1.690244 -7.856199 2.87057 0.253764 4.615898 0.137524 -0.061307 -3.721498 0.01726 -2.365007 13.698676 3.476331 1.883986 7.667542 1.232637 5.479583 -3.697418 2.873668 5.722026 -21.097523 7.7e-05 -2.2e-05 6e-06 0.09823 0.251068 0.118862 0.701944 -3.543235 -10.417851 -0.518303 4.053846 -10.398509 -1.873364 -11.226737 18.254133 -63.757187 -30.512856 21.439165 2.892958 -23.736277 -1.183228 16.108921 1.076143 -25.937244 -5.882095 9.861276 0.702591 -10.936859 -0.360578 7.156199 2e-06 8.774819 -2e-06 -16.094957 18.20694 6.519518 -1.844028 2.498501 -2.507276 -10.163588 4.678937 4.621104 -20.976002 -7e-06 4e-06 -21.226259 2.45169 -3.593994 -2e-06 -6e-06 1e-06 -1.362679 2.240794 -0.746324 -21.33489 0.584904 3.008321 -13.821198 -5e-06 4e-06 -23.88714 -0.249083 -0.839477 -60.929756 2.611382 -1.147672 -0.294024 1.679686 0.833256 -14.218191 0.093211 1.300579 -34.212013 -0.287569 0.967176 -20.033194 0.964535 1.212848 1e-06 1e-06 1e-06 -3.440384 0.788233 0.501655 -15.928168 -3.167311 2.999705 -6.33882 1e-06 2e-06 -18.123425 3.648177 -4.905662 -3e-06 2e-06 -3e-06 1.987808 11.921921 16.172823 66.370575 7.79735 -29.014956 103.457359 89.084 103.979401 -43.908283 5.687291 -24.065073 2.243542 -5.255034 -3.180157 14.282883 -0.826593 6.952499 -3e-06 -12.690597 0.0 15.611311 -17.513731 2.861457 1.665663 -1.95592 -2.878298 4.727794 -4.170584 4.993921 11.020517 3e-06 -1e-06 12.109042 -3.735713 -2.866783 -1e-06 -0.0 0.0 1.291986 -1.928548 -1.498088 14.800118 0.567469 3.865606 14.24256 -1.341735 -6.660653 19.631952 0.143926 -0.648243 49.946835 -1.118641 -6.078859 0.353027 -1.51115 -0.031939 20.222778 3.684308 2.316631 18.78726 4e-06 0.0 10.75162 -0.479868 1.397906 0.0 0.0 -1e-06 3.273806 0.305947 -0.580111 21.486799 11.830369 2.266135 8.16292 3e-06 1e-06 18.399067 -3.798983 -4.940569 3e-06 1e-06 -1e-06 5.298224 -1.166395 -16.688833 0.130598 0.095176 58.783607 -1.643651 9.951633 -4.385427 1.777856 -1.910178 -5.239168 0.0 0.0 3e-06 10.634454 -4.594806 11.670194 0.045623 -0.312665 6.020356 -3.97839 -14.634689 -10.337397 -1.48566 1.045526 0.014558 -0.0 -0.0 -1e-06 
0.0 0.0 0.0 0.0 -0.0 0.0 -3.384457 96.342316 380.372772 -2.078062 0.077028 -7.768863 2.486143 0.559035 4.725696 0.068814 0.712442 -3.727251 -0.193249 -1.169288 13.728534 1.488578 2.501619 8.114093 1.362664 5.897298 -3.74135 2.932623 5.813362 -20.8151 7.7e-05 -2.3e-05 7e-06 0.092025 0.275746 0.123305 0.696374 -3.517448 -10.429141 -0.526608 4.074224 -10.399167 -1.673149 -9.887662 17.683989 -62.335361 -33.53632 19.309755 3.341856 -33.845364 -1.771724 18.950447 -0.5227 -25.234894 -5.882106 9.861285 0.70259 -10.936871 -0.360574 7.156204 -1e-06 8.774827 -1e-06 -16.261114 17.858225 6.325363 -1.844033 2.498507 -2.507278 -10.163599 4.678946 4.621109 -20.976023 -2e-06 -1e-06 -21.226286 2.451695 -3.594004 -2e-06 -8e-06 -2e-06 -1.362683 2.2408 -0.746325 -21.334913 0.584908 3.008322 -13.821214 -2e-06 1e-06 -23.887171 -0.249081 -0.839487 -61.014626 2.55755 -1.248486 -0.294024 1.679688 0.833255 -14.218207 0.093214 1.300578 -34.212048 -0.287565 0.967167 -20.033211 0.964534 1.212842 1e-06 0.0 2e-06 -3.440388 0.788233 0.501656 -15.928185 -3.16731 2.999707 -6.338828 -1e-06 3e-06 -18.123446 3.648184 -4.905673 -3e-06 -1e-06 -2e-06 0.93186 14.014977 16.382034 67.795921 11.663422 -28.161467 7.34845 82.089668 7.96976 -52.497772 6.267067 -25.82198 2.243539 -5.255037 -3.180157 14.282887 -0.826593 6.952505 -5e-06 -12.690604 1e-06 15.564895 -17.194151 2.783615 1.665667 -1.955921 -2.878299 4.727796 -4.170587 4.993925 11.020522 3e-06 -1e-06 12.109048 -3.735715 -2.866783 0.0 -0.0 0.0 1.291986 -1.928549 -1.498089 14.800125 0.567467 3.865608 14.242566 -1.341736 -6.660657 19.631964 0.143927 -0.648243 49.547367 -0.832255 -6.012725 0.353028 -1.511151 -0.03194 20.222788 3.684311 2.316633 18.78727 5e-06 1e-06 10.751626 -0.479868 1.397908 -0.0 0.0 -0.0 3.273804 0.305946 -0.58011 21.486813 11.830376 2.266134 8.162927 2e-06 1e-06 18.39908 -3.798985 -4.940573 3e-06 0.0 -1e-06 2.686939 -0.930751 -21.085436 0.16316 0.14448 48.017567 -2.338661 11.452999 -6.461386 1.743298 -2.044254 -4.454372 -0.0 -0.0 2e-06 9.106073 -3.621984 18.243093 0.043146 -0.444595 2.552606 -3.234652 -14.512796 -11.581591 -1.479693 0.976342 -0.624358 -0.0 1e-06 -1e-06 
0.0 0.0 0.0 0.0 -0.0 0.0 -3.662797 95.465584 388.068726 -0.651731 -1.619983 -7.317853 2.19745 0.83675 4.607138 -0.038946 1.41914 -3.950577 -0.547708 -0.216621 13.753919 -0.621706 3.401705 8.465385 1.506007 6.282535 -3.637897 2.980545 5.888023 -20.919029 7.7e-05 -2.3e-05 6e-06 0.108816 0.383575 0.148811 0.703749 -3.392291 -10.372643 -0.502292 4.16067 -10.343547 -0.928899 -8.610894 16.954353 -61.009094 -36.402485 17.743835 3.002499 -43.543674 -2.000325 20.195181 -1.853781 -24.020039 -5.88211 9.861291 0.702589 -10.936877 -0.360576 7.156209 -0.0 8.774831 -2e-06 -16.008942 17.848206 6.259783 -1.844034 2.498508 -2.50728 -10.163604 4.678948 4.621109 -20.976034 -1e-06 2e-06 -21.226297 2.451699 -3.594005 -1e-06 -6e-06 -1e-06 -1.362683 2.240799 -0.746324 -21.334925 0.584913 3.008322 -13.82122 -3e-06 0.0 -23.887182 -0.249078 -0.839487 -60.461811 2.601622 -1.37963 -0.294025 1.679688 0.833255 -14.218215 0.093216 1.300581 -34.212067 -0.287562 0.967168 -20.033222 0.964539 1.212841 -1e-06 -1e-06 2e-06 -3.44039 0.788235 0.501656 -15.928196 -3.167308 2.999709 -6.338829 1e-06 2e-06 -18.123459 3.648185 -4.905674 -5e-06 1e-06 -3e-06 -1.11437 16.534838 16.592978 70.236359 15.482536 -24.304092 0.293272 70.418167 0.872146 -55.472439 2.232173 -30.401554 2.24354 -5.255037 -3.180157 14.282889 -0.826595 6.952504 -4e-06 -12.690609 3e-06 15.131124 -17.233715 2.775531 1.665667 -1.955921 -2.878299 4.727798 -4.170588 4.993926 11.020525 3e-06 -1e-06 12.109052 -3.735716 -2.866784 2e-06 -0.0 0.0 1.291986 -1.92855 -1.498089 14.800129 0.567468 3.865609 14.242569 -1.341735 -6.660657 19.631969 0.143927 -0.648244 48.997612 -0.432808 -6.103646 0.35303 -1.511151 -0.03194 20.222794 3.684311 2.316631 18.78727 4e-06 0.0 10.751628 -0.479869 1.397907 0.0 0.0 -0.0 3.273808 0.305947 -0.580111 21.486813 11.830379 2.266132 8.162928 0.0 1e-06 18.39908 -3.798988 -4.940575 3e-06 1e-06 -1e-06 0.582966 -0.057313 -22.982859 0.197462 0.236038 31.773111 -2.657207 11.436879 -5.855388 1.64185 -2.181518 -3.91314 0.0 0.0 2e-06 7.094295 -3.528737 23.306957 0.016322 -0.571331 1.143222 -2.260682 -13.544401 -12.421941 -1.46416 0.910532 -1.922638 0.0 0.0 -1e-06 
0.0 0.0 0.0 0.0 -0.0 0.0 -4.003067 94.631866 396.454468 0.365384 -2.916966 -6.799685 1.938885 0.982491 4.200849 -0.088215 2.079266 -4.227669 -0.807724 0.476796 13.600367 -2.368914 4.301254 8.899174 1.487606 6.367548 -3.462346 3.267752 5.794293 -20.448687 7.7e-05 -2.2e-05 6e-06 0.108933 0.450167 0.156656 0.685956 -3.305535 -10.350124 -0.486157 4.205183 -10.318167 0.59567 -8.069354 15.84843 -59.221096 -38.846149 17.03849 1.483255 -53.440556 -1.311372 18.452034 -2.379847 -18.797361 -5.882106 9.861284 0.702588 -10.936872 -0.360574 7.156204 -2e-06 8.774822 -1e-06 -15.646762 18.038799 6.04765 -1.844033 2.498504 -2.507278 -10.1636 4.678946 4.621107 -20.976021 1e-06 -0.0 -21.226286 2.451698 -3.594004 1e-06 -6e-06 -0.0 -1.362683 2.240798 -0.746324 -21.334911 0.584914 3.008321 -13.821212 -0.0 1e-06 -23.887165 -0.249076 -0.839487 -59.522606 2.692285 -1.321125 -0.294025 1.679688 0.833254 -14.218207 0.093218 1.300579 -34.212048 -0.287558 0.967164 -20.033211 0.96454 1.21284 -0.0 -1e-06 0.0 -3.440389 0.788235 0.501656 -15.928183 -3.167306 2.999707 -6.338823 1e-06 1e-06 -18.123444 3.648185 -4.905671 -4e-06 1e-06 -2e-06 -2.843052 19.004478 17.174198 71.650589 18.675367 -16.909445 -1.437659 55.969723 -1.247134 -47.761784 -5.50216 -38.115364 2.24354 -5.255035 -3.180156 14.282887 -0.826593 6.952501 -4e-06 -12.690603 3e-06 14.574396 -17.889574 3.155759 1.665667 -1.95592 -2.878298 4.727798 -4.170587 4.993924 11.020524 3e-06 -0.0 12.10905 -3.735715 -2.866782 -1e-06 1e-06 0.0 1.291986 -1.928548 -1.498088 14.800122 0.567469 3.865607 14.242566 -1.341734 -6.660654 19.63196 0.143927 -0.648242 49.982456 -0.095052 -6.43702 0.353028 -1.511151 -0.03194 20.222786 3.68431 2.31663 18.787268 5e-06 0.0 10.751624 -0.479868 1.397906 0.0 -0.0 0.0 3.273802 0.305947 -0.580111 21.486805 11.830373 2.266131 8.162925 2e-06 0.0 18.399075 -3.798985 -4.940571 3e-06 0.0 -1e-06 -0.964519 0.647596 -22.656612 0.07327 0.302057 12.933655 -4.661996 9.187905 -4.4679 1.464963 -2.128701 -4.70363 0.0 -0.0 2e-06 4.700955 -4.615839 27.796019 -0.076098 -0.558695 1.088603 -0.534525 -11.488379 -11.574403 -1.460227 0.860458 -5.510997 -0.0 -0.0 -1e-06 
0.0 0.0 0.0 0.0 -0.0 0.0 -4.416855 93.944214 404.943695 1.299571 -3.240879 -6.22843 1.371439 1.172156 3.373464 -0.069493 2.465105 -4.496174 -0.91101 1.129048 13.602869 -3.055772 4.742256 8.948629 0.872568 5.797905 -3.444887 4.034231 5.158983 -19.307638 7.7e-05 -2.3e-05 6e-06 0.074325 0.395609 0.1064 0.624525 -3.339419 -10.342309 -0.494816 4.131094 -10.357663 1.95271 -8.63023 14.041779 -56.244949 -40.477226 17.095509 -0.01129 -64.866211 -1.018401 13.433146 -3.219594 -7.580927 -5.882101 9.861279 0.702591 -10.936859 -0.360574 7.156199 -1e-06 8.77482 -0.0 -15.739722 18.387596 5.6588 -1.84403 2.498503 -2.507278 -10.163589 4.678942 4.621107 -20.976004 -5e-06 2e-06 -21.226267 2.451694 -3.593997 1e-06 -5e-06 -0.0 -1.36268 2.240796 -0.746325 -21.334888 0.584908 3.00832 -13.821196 -2e-06 1e-06 -23.887142 -0.249079 -0.839482 -58.809998 2.926955 -1.222724 -0.294023 1.679687 0.833257 -14.218196 0.093214 1.30058 -34.212013 -0.287566 0.96717 -20.033194 0.964535 1.212843 0.0 -2e-06 -0.0 -3.440384 0.788233 0.501656 -15.92817 -3.167308 2.999703 -6.33882 -2e-06 1e-06 -18.123426 3.64818 -4.905665 -3e-06 -0.0 -3e-06 -2.016835 20.206518 17.979801 69.514862 20.167362 -5.077125 -1.065122 42.040424 -0.931868 -26.849199 -9.896161 -46.044876 2.24354 -5.255036 -3.180155 14.282881 -0.826596 6.952498 -1e-06 -12.690596 -2e-06 14.590162 -18.373554 3.539973 1.665666 -1.955919 -2.878297 4.727797 -4.170584 4.993922 11.02052 3e-06 1e-06 12.109044 -3.735714 -2.866781 0.0 -2e-06 1e-06 1.291983 -1.928548 -1.498089 14.800122 0.567471 3.865605 14.242563 -1.341737 -6.660653 19.631954 0.143926 -0.648245 51.01289 -0.600855 -6.897387 0.353028 -1.511148 -0.031941 20.222778 3.684307 2.31663 18.787266 3e-06 0.0 10.751622 -0.479869 1.397905 -0.0 0.0 0.0 3.273804 0.305946 -0.580112 21.486799 11.830365 2.26613 8.162922 1e-06 0.0 18.399073 -3.798983 -4.940573 2e-06 2e-06 -1e-06 -3.051316 1.507386 -22.770561 -0.07327 0.272662 1.697222 -8.595856 7.264148 -4.229204 1.367554 -1.929106 -5.098033 0.0 0.0 0.0 1.6979 -6.345474 30.975773 -0.097147 -0.500399 3.26856 1.701638 -9.585772 -7.494475 -1.491235 0.828099 -12.969049 0.0 0.0 -1e-06 
0.0 0.0 0.0 0.0 -0.0 0.0 -4.853133 93.673965 413.392273 2.77747 -2.614515 -5.841784 0.120375 1.429901 2.526204 -0.301603 2.81899 -4.794521 -0.826222 1.711616 13.967616 -3.176576 4.593907 8.552467 0.415785 4.811574 -3.50317 4.744445 4.132333 -18.104176 7.7e-05 -2.4e-05 6e-06 0.028222 0.241097 0.126141 0.54288 -3.492799 -10.329843 -0.504274 3.972195 -10.399591 2.325467 -9.544014 11.923226 -52.546577 -42.17939 15.798486 -2.505855 -77.361511 1.074801 9.063457 -6.721344 3.422034 -5.882102 9.861278 0.702591 -10.936859 -0.360574 7.1562 1e-06 8.774821 1e-06 -16.514702 18.996853 5.148417 -1.844032 2.498503 -2.507273 -10.163592 4.678941 4.621106 -20.976004 -2e-06 4e-06 -21.226269 2.451697 -3.593995 1e-06 -6e-06 -0.0 -1.362681 2.240797 -0.746322 -21.334896 0.584909 3.008321 -13.8212 -4e-06 2e-06 -23.887148 -0.249079 -0.839482 -58.682327 2.816107 -1.222298 -0.294026 1.679684 0.833256 -14.218194 0.093215 1.300578 -34.212013 -0.287564 0.96717 -20.033197 0.964537 1.212843 -1e-06 -0.0 0.0 -3.440385 0.788233 0.501655 -15.928176 -3.167308 2.999707 -6.338821 0.0 0.0 -18.123432 3.648183 -4.905663 -3e-06 2e-06 -2e-06 1.316505 20.502113 19.26091 66.125443 19.787085 9.711928 -1.225157 30.992359 -0.809105 -3.442366 -1.555223 -37.05043 2.243539 -5.255034 -3.180155 14.28288 -0.826592 6.952496 -3e-06 -12.690597 -1e-06 14.73643 -17.686733 3.436513 1.665664 -1.955919 -2.878295 4.727795 -4.170584 4.993919 11.020517 4e-06 -0.0 12.10904 -3.735712 -2.86678 2e-06 1e-06 0.0 1.291984 -1.928549 -1.498088 14.80012 0.567471 3.865604 14.24256 -1.341733 -6.66065 19.631948 0.143927 -0.648244 50.343834 -1.169008 -6.377969 0.353029 -1.51115 -0.03194 20.222775 3.684309 2.316628 18.787262 8e-06 0.0 10.75162 -0.479867 1.397904 1e-06 -1e-06 -1e-06 3.273804 0.305948 -0.58011 21.486799 11.830368 2.266132 8.162919 2e-06 0.0 18.399071 -3.79898 -4.940569 2e-06 -1e-06 -3e-06 -5.992056 1.473933 -23.182463 -0.20639 0.246725 2.007912 -10.554252 5.664096 -2.351209 1.311022 -1.924711 -5.670256 -0.0 0.0 4e-06 -2.157069 -8.31494 30.144884 -0.248816 -0.259736 12.19551 3.329888 -7.261508 0.072299 -1.627873 0.811561 -23.739725 -0.0 -0.0 -0.0 
0.0 0.0 0.0 0.0 -0.0 0.0 -5.168924 93.766144 421.907227 5.152468 -1.271482 -5.69248 -1.852239 1.492725 1.997358 -0.67202 2.976597 -4.885512 -1.122219 2.292618 14.084535 -2.992655 3.859429 7.718804 0.554281 4.176199 -3.558568 5.16264 3.258118 -16.34124 7.7e-05 -2.3e-05 6e-06 0.010213 0.065287 0.087221 0.56663 -3.65439 -10.307591 -0.560148 3.783042 -10.359122 2.689338 -10.361142 10.262408 -51.801651 -44.79137 12.848611 2.270222 -87.089935 -3.37004 12.524531 -10.864821 6.69943 -5.882107 9.861284 0.702586 -10.936864 -0.360575 7.156201 -1e-06 8.774822 -5e-06 -17.582521 19.547287 5.172522 -1.844031 2.498503 -2.507279 -10.163598 4.678943 4.621108 -20.976017 -0.0 2e-06 -21.226276 2.451696 -3.594001 1e-06 -6e-06 -1e-06 -1.362681 2.240797 -0.746324 -21.334906 0.58491 3.008321 -13.82121 -4e-06 -0.0 -23.887159 -0.24908 -0.839486 -60.126469 2.936989 -1.553372 -0.294023 1.679686 0.833255 -14.218205 0.093215 1.300578 -34.21204 -0.287561 0.967168 -20.033209 0.964537 1.212843 1e-06 0.0 0.0 -3.440388 0.788233 0.501655 -15.928181 -3.167307 2.999706 -6.338824 -1e-06 -1e-06 -18.123444 3.648181 -4.905673 -4e-06 1e-06 -3e-06 4.046049 20.719854 20.20005 66.908852 17.544502 19.142124 0.777523 22.657454 -0.002271 3.792837 4.290708 -25.732927 2.243543 -5.255037 -3.180157 14.28289 -0.826598 6.9525 1e-06 -12.690602 -2e-06 15.335978 -17.841747 3.208615 1.665666 -1.955922 -2.878298 4.727798 -4.170588 4.993923 11.020524 1e-06 -2e-06 12.109052 -3.735717 -2.866786 0.0 -0.0 1e-06 1.291985 -1.928548 -1.498088 14.800125 0.567464 3.865607 14.242568 -1.341737 -6.660659 19.631966 0.143925 -0.648248 49.772232 -1.351178 -5.789516 0.35303 -1.511151 -0.031938 20.222784 3.684305 2.316626 18.78727 2e-06 -3e-06 10.751628 -0.479869 1.397902 0.0 -0.0 1e-06 3.273806 0.305946 -0.580109 21.486809 11.830368 2.266131 8.162925 1e-06 -1e-06 18.399076 -3.798987 -4.940577 5e-06 1e-06 -2e-06 -9.467327 0.066893 -23.707859 -0.258888 0.350917 9.988454 -6.218305 4.069931 6.590622 1.525695 -1.763469 -4.418896 0.0 -0.0 3e-06 -7.665118 -10.393694 24.563839 -0.104763 0.208439 28.614147 5.400993 -4.95318 14.447607 -1.778548 0.750489 -29.503252 0.0 0.0 -3e-06 
0.0 0.0 0.0 0.0 -0.0 0.0 -5.418459 93.381569 430.493866 7.637981 0.567687 -6.601861 -3.435753 1.23332 2.731213 -1.11495 3.06549 -4.635889 -2.119196 2.484853 13.832179 -2.05996 3.428293 7.343689 0.135359 3.589083 -3.775118 5.315898 2.155244 -16.526281 7.7e-05 -2.3e-05 6e-06 0.033442 0.032921 0.000776 0.676089 -3.68658 -10.517018 -0.621016 3.75319 -10.512835 4.59425 -11.257528 9.39947 -54.525177 -47.286572 8.148209 168.428329 -86.298523 -169.332474 22.044252 -16.443516 8.813747 -5.882106 9.861282 0.70259 -10.936872 -0.360576 7.156203 -0.0 8.774823 -2e-06 -17.886106 19.253521 5.369835 -1.844033 2.498502 -2.507277 -10.163601 4.678943 4.621109 -20.976027 -3e-06 3e-06 -21.22629 2.451697 -3.593996 0.0 -6e-06 0.0 -1.362682 2.240798 -0.746322 -21.334917 0.584908 3.008322 -13.821217 -4e-06 2e-06 -23.887175 -0.249079 -0.839481 -61.962063 3.070182 -1.944895 -0.294024 1.679686 0.833255 -14.21821 0.093213 1.300581 -34.212063 -0.287565 0.967173 -20.033218 0.964536 1.212844 -1e-06 0.0 1e-06 -3.440389 0.788231 0.501656 -15.928185 -3.167312 2.999706 -6.338826 -3e-06 2e-06 -18.123444 3.648179 -4.905669 -5e-06 1e-06 -2e-06 3.833447 21.031166 20.133183 72.310211 14.77332 23.545195 2.223339 14.823067 0.483716 4.950095 5.11999 -14.063837 2.243541 -5.255034 -3.180155 14.282884 -0.826592 6.952496 -3e-06 -12.690597 -1e-06 15.305848 -17.077812 3.29804 1.665665 -1.95592 -2.878298 4.727797 -4.170584 4.993923 11.02052 3e-06 0.0 12.109043 -3.735713 -2.866783 0.0 1e-06 0.0 1.291985 -1.928548 -1.498089 14.800122 0.567469 3.865606 14.242563 -1.341735 -6.660657 19.631956 0.143926 -0.648243 48.778412 -0.882439 -5.486778 0.353029 -1.51115 -0.03194 20.222784 3.684309 2.316629 18.787266 7e-06 0.0 10.751622 -0.479867 1.397906 1e-06 3e-06 -1e-06 3.273805 0.305947 -0.580112 21.486807 11.83037 2.26613 8.162925 2e-06 -2e-06 18.399075 -3.798982 -4.940576 3e-06 -1e-06 -3e-06 -12.705635 -2.007121 -23.350388 0.047411 0.393819 20.80949 -2.67038 2.419539 5.058649 1.629216 -1.733429 -2.764897 0.0 -0.0 2e-06 -11.995575 -10.704549 17.251554 -0.077976 0.526037 46.605198 9.329353 -3.533436 25.977621 -1.663877 0.943363 -9.880883 0.0 -0.0 0.0 
0.0 0.0 0.0 0.0 -0.0 0.0 -5.660899 93.199371 438.683044 9.875797 1.360968 -8.186266 -4.53654 1.244725 3.661342 -1.576063 2.931006 -4.330209 -3.040911 2.205642 14.064366 -2.123599 3.660096 7.541583 -0.055581 3.274839 -3.901354 5.203555 1.762604 -17.345501 7.7e-05 -2.2e-05 6e-06 0.032531 0.009667 -0.007126 0.742198 -3.744603 -10.744386 -0.688916 3.762255 -10.699226 5.401235 -11.145073 9.900086 -58.096455 -48.832844 3.864614 173.935638 -81.938293 -174.494492 32.920254 -23.122276 10.169324 -5.882102 9.86128 0.702591 -10.936857 -0.360572 7.156201 1e-06 8.77482 -2e-06 -16.859962 18.570717 5.925403 -1.84403 2.498503 -2.507276 -10.16359 4.678943 4.621108 -20.976006 -1e-06 1e-06 -21.226267 2.451699 -3.594001 0.0 -5e-06 -0.0 -1.362681 2.240797 -0.746322 -21.334892 0.584912 3.008323 -13.821203 0.0 3e-06 -23.887142 -0.249073 -0.839487 -62.704163 2.697628 -1.854125 -0.294025 1.679687 0.833256 -14.218192 0.093218 1.300579 -34.212013 -0.287557 0.967168 -20.033194 0.964538 1.212841 0.0 -0.0 1e-06 -3.440385 0.788234 0.501657 -15.928172 -3.167305 2.999707 -6.33882 1e-06 2e-06 -18.123426 3.648186 -4.905668 -2e-06 1e-06 -2e-06 2.698591 21.314682 20.664824 77.612106 13.052825 27.200308 2.493553 9.420123 0.459456 7.524687 4.024398 -3.986722 2.24354 -5.255033 -3.180155 14.282885 -0.826595 6.952501 -1e-06 -12.690597 -1e-06 15.374084 -16.694963 3.244537 1.665666 -1.955921 -2.878298 4.727797 -4.170584 4.993922 11.020522 2e-06 -2e-06 12.109047 -3.735714 -2.866783 1e-06 -1e-06 1e-06 1.291984 -1.928548 -1.498089 14.800122 0.567468 3.865607 14.242566 -1.341737 -6.660655 19.631958 0.143926 -0.648245 48.342167 -0.224331 -5.534363 0.353029 -1.51115 -0.031937 20.222782 3.684308 2.316627 18.787268 6e-06 -3e-06 10.751622 -0.479868 1.397904 0.0 2e-06 1e-06 3.273805 0.305946 -0.580107 21.486807 11.830366 2.266131 8.162925 2e-06 -2e-06 18.399073 -3.798982 -4.940574 3e-06 -3e-06 1e-06 -15.565819 -2.244461 -19.135248 0.10719 0.373132 26.309031 0.089931 1.963235 -0.038648 1.626291 -1.722591 -1.121829 0.0 -0.0 2e-06 -14.116924 -8.866558 9.136494 -0.012315 0.471578 62.458965 9.858256 -4.130733 20.252918 -1.616835 1.009428 -4.386304 -1e-06 -0.0 -1e-06 
0.0 0.0 0.0 0.0 -0.0 0.0 -5.953839 93.648354 446.411835 10.976212 0.413176 -9.809347 -4.7714 1.303893 4.312671 -1.703637 2.673717 -4.044856 -3.536482 2.066018 14.550482 -2.895948 4.089211 7.994771 0.029736 3.34099 -3.856948 4.782495 1.842259 -17.589685 7.7e-05 -2.2e-05 7e-06 0.041977 0.112627 -0.00104 0.76801 -3.648468 -10.737929 -0.694298 3.865819 -10.697498 3.991561 -10.432772 10.391722 -60.756847 -47.051033 2.044812 175.171555 -78.32724 -175.342102 38.980888 -26.128185 10.580417 -5.882102 9.861276 0.702589 -10.936865 -0.360577 7.156201 1e-06 8.774818 -2e-06 -15.877707 18.31949 6.541887 -1.844031 2.498502 -2.507276 -10.163594 4.678941 4.621105 -20.976013 -4e-06 2e-06 -21.226273 2.451696 -3.593996 -1e-06 -6e-06 1e-06 -1.362681 2.240797 -0.746322 -21.334902 0.584908 3.00832 -13.821205 -3e-06 4e-06 -23.887154 -0.249078 -0.839482 -62.64629 2.58542 -1.815784 -0.294025 1.679686 0.833256 -14.218199 0.093214 1.30058 -34.212032 -0.287565 0.96717 -20.033201 0.964534 1.212843 -0.0 0.0 0.0 -3.440387 0.788232 0.501655 -15.928177 -3.167307 2.999704 -6.338823 -2e-06 2e-06 -18.123432 3.64818 -4.905666 -6e-06 -1e-06 -1e-06 2.734719 20.909887 21.788982 79.49826 12.248593 30.876539 3.275734 7.611628 0.453323 10.548603 3.245116 1.926481 2.243539 -5.255033 -3.180155 14.282871 -0.826593 6.952496 -2e-06 -12.690593 -1e-06 15.790245 -16.830397 3.035455 1.665664 -1.95592 -2.878297 4.727793 -4.170583 4.993917 11.020511 3e-06 -1e-06 12.109035 -3.735714 -2.866781 -0.0 1e-06 -1e-06 1.291982 -1.928547 -1.498088 14.800112 0.567467 3.865603 14.242555 -1.341737 -6.66065 19.631945 0.143924 -0.648244 48.477615 -0.2837 -5.906864 0.353029 -1.511149 -0.031941 20.222765 3.684306 2.316629 18.787247 3e-06 0.0 10.751616 -0.479868 1.397905 0.0 -1e-06 0.0 3.273802 0.305947 -0.58011 21.486788 11.830361 2.266132 8.162918 1e-06 -1e-06 18.399057 -3.798981 -4.94057 3e-06 -2e-06 -1e-06 -16.943943 -1.155735 -13.201596 0.131559 0.288139 28.349422 1.396737 3.034876 -5.944993 1.617996 -1.727947 -0.117247 0.0 -0.0 2e-06 -14.071829 -5.986887 -0.157665 0.004588 0.142308 73.054207 6.943681 -6.956979 10.185173 -1.5493 1.007982 -4.728301 -0.0 0.0 -1e-06 
0.0 0.0 0.0 0.0 -0.0 0.0 -6.27577 94.337532 453.795013 10.911535 -0.998605 -11.121931 -4.516895 1.239672 4.764833 -1.550958 2.221743 -3.737254 -3.541004 1.811792 14.861317 -3.655368 4.361316 8.613319 0.250195 3.589837 -3.775292 4.325446 2.391508 -17.545258 7.7e-05 -2.3e-05 6e-06 0.044767 0.200369 0.021952 0.750654 -3.547284 -10.639651 -0.669107 3.937327 -10.620074 2.015777 -9.789581 11.152734 -62.472027 -42.535851 1.551975 177.85939 -76.19976 -177.859787 41.611301 -25.951061 9.579918 -5.882106 9.861283 0.70259 -10.936869 -0.360574 7.1562 0.0 8.774828 1e-06 -15.774204 18.04405 6.401982 -1.844033 2.498503 -2.507277 -10.163599 4.678944 4.621108 -20.976021 -7e-06 1e-06 -21.226286 2.451695 -3.593999 1e-06 -6e-06 -1e-06 -1.362682 2.240798 -0.746324 -21.334909 0.584909 3.008319 -13.82121 -4e-06 -1e-06 -23.887165 -0.249081 -0.839484 -62.255466 2.554611 -2.034088 -0.294025 1.679687 0.833256 -14.218205 0.093216 1.300578 -34.212036 -0.287568 0.967164 -20.033209 0.964533 1.212841 -0.0 -1e-06 0.0 -3.440388 0.788234 0.501656 -15.928183 -3.167308 2.999703 -6.338826 -2e-06 1e-06 -18.123444 3.648181 -4.905672 -4e-06 -1e-06 -2e-06 2.98943 20.237844 22.402979 79.934631 11.635119 32.499413 3.677436 8.207252 0.458368 11.803589 3.016145 3.910792 2.243538 -5.255033 -3.180155 14.282882 -0.826593 6.9525 -4e-06 -12.690598 2e-06 16.241697 -17.096172 2.786979 1.665664 -1.95592 -2.878298 4.727796 -4.170585 4.993923 11.020521 4e-06 -1e-06 12.109047 -3.735711 -2.866783 -0.0 1e-06 -1e-06 1.291984 -1.928549 -1.498088 14.800122 0.567468 3.865606 14.242567 -1.341735 -6.660653 19.63196 0.143929 -0.648243 48.835236 -0.423032 -6.357543 0.353028 -1.51115 -0.03194 20.222784 3.68431 2.316629 18.787268 5e-06 1e-06 10.751624 -0.479868 1.397906 -2e-06 0.0 0.0 3.273803 0.305947 -0.580112 21.486803 11.83037 2.26613 8.162923 3e-06 -1e-06 18.399069 -3.798979 -4.94057 2e-06 -2e-06 -0.0 -16.868975 -0.175261 -6.18549 0.169822 0.2311 27.12163 1.591051 4.022461 -10.207759 1.621185 -1.804801 0.356181 0.0 -0.0 2e-06 -12.782948 -3.274523 -9.151031 -0.048231 -0.20612 76.916885 4.036564 -8.994539 2.712306 -1.531509 0.978087 -5.108077 0.0 -0.0 -2e-06 
0.0 0.0 0.0 0.0 -0.0 0.0 -6.713186 94.974342 461.179413 10.127207 -2.00795 -11.786482 -4.120111 1.075207 5.069159 -1.318749 1.675039 -3.474224 -3.442087 1.259576 14.931824 -3.720432 4.137716 9.027291 0.42436 4.208038 -3.770642 3.965584 2.871509 -17.251173 7.7e-05 -2.3e-05 6e-06 0.047846 0.231003 0.03804 0.728927 -3.512334 -10.587439 -0.637755 3.963798 -10.600115 0.331561 -9.579392 12.046163 -63.249863 -36.883427 1.891544 -179.979095 -76.156578 179.968307 42.181725 -23.473959 7.738288 -5.882105 9.861282 0.70259 -10.936868 -0.360574 7.156204 1e-06 8.77482 -1e-06 -16.263813 18.289928 6.101882 -1.844033 2.498503 -2.507278 -10.163595 4.678942 4.621109 -20.976017 -3e-06 4e-06 -21.22628 2.451694 -3.593993 -1e-06 -6e-06 -0.0 -1.362682 2.240799 -0.746322 -21.334906 0.584907 3.008322 -13.821212 -3e-06 4e-06 -23.887163 -0.249079 -0.839479 -61.922291 2.58826 -2.055031 -0.294024 1.679687 0.833257 -14.218205 0.093215 1.300581 -34.21204 -0.287564 0.967176 -20.033209 0.964541 1.212848 0.0 -2e-06 -0.0 -3.440387 0.788234 0.501655 -15.928183 -3.167309 2.999708 -6.338825 -1e-06 3e-06 -18.12344 3.648181 -4.905668 -5e-06 -0.0 -1e-06 3.331609 18.982365 22.468197 80.151459 11.04281 31.148184 2.793964 9.987583 0.369051 10.470718 2.88487 3.720105 2.24354 -5.255036 -3.180158 14.282884 -0.826592 6.952502 -2e-06 -12.690601 1e-06 16.297003 -17.260555 2.768121 1.665665 -1.955921 -2.878298 4.727796 -4.170585 4.993924 11.020522 4e-06 -1e-06 12.109049 -3.735715 -2.866784 0.0 0.0 -0.0 1.291984 -1.92855 -1.498089 14.800122 0.567469 3.865606 14.242566 -1.341736 -6.660657 19.63196 0.143928 -0.648245 49.256161 -0.416452 -6.548819 0.353028 -1.511151 -0.031941 20.222786 3.684309 2.31663 18.78727 6e-06 -1e-06 10.751625 -0.479867 1.397905 0.0 2e-06 1e-06 3.273806 0.305948 -0.58011 21.486807 11.830373 2.266135 8.162925 2e-06 -1e-06 18.399076 -3.798985 -4.940573 3e-06 -2e-06 -0.0 -15.983384 0.236008 1.040491 0.173089 0.270865 24.086636 1.613129 4.570543 -12.682666 1.658116 -1.915815 0.476958 -0.0 -0.0 2e-06 -11.00701 -1.314863 -17.113749 -0.088943 -0.362993 74.519119 2.848879 -9.996795 -1.919061 -1.535372 0.967172 -5.421881 0.0 -0.0 -3e-06 
0.0 0.0 0.0 0.0 -0.0 0.0 -7.324224 95.379128 468.663788 8.940486 -2.29712 -11.540396 -3.72677 0.735244 5.086313 -1.118325 0.96886 -3.333765 -3.283395 0.511069 14.797496 -3.236347 3.780368 9.088694 0.628057 4.554349 -3.750655 3.583945 3.497231 -17.117596 7.7e-05 -2.2e-05 6e-06 0.04124 0.153851 0.067807 0.706765 -3.584053 -10.523974 -0.626557 3.884861 -10.558661 -1.0744 -9.668196 13.314116 -62.958935 -31.070957 2.576068 -177.934738 -77.761978 178.049103 40.525791 -18.957298 5.744406 -5.882099 9.861274 0.70259 -10.936854 -0.360571 7.156195 -1e-06 8.774815 -1e-06 -16.760481 18.588709 5.978449 -1.844029 2.4985 -2.507273 -10.163586 4.678941 4.621102 -20.975992 -0.0 5e-06 -21.226254 2.451697 -3.593995 0.0 -6e-06 0.0 -1.362678 2.240794 -0.74632 -21.334883 0.584912 3.00832 -13.821193 -1e-06 3e-06 -23.887127 -0.249073 -0.839484 -61.736385 2.633983 -1.77673 -0.294024 1.679683 0.833255 -14.218188 0.093219 1.300578 -34.212002 -0.287561 0.967168 -20.033182 0.964539 1.212841 0.0 1e-06 0.0 -3.440383 0.788229 0.501655 -15.928165 -3.167302 2.9997 -6.338817 -2e-06 1e-06 -18.123419 3.648182 -4.905664 -4e-06 -0.0 -1e-06 4.060661 17.095705 22.080959 80.260094 9.778645 26.092577 0.536458 13.318689 0.109963 6.235524 2.979474 1.0919 2.243537 -5.25503 -3.180155 14.282866 -0.826594 6.952496 -2e-06 -12.690585 1e-06 16.033516 -17.291719 2.923285 1.665662 -1.955919 -2.878295 4.727792 -4.170581 4.993917 11.020508 3e-06 -1e-06 12.109032 -3.735708 -2.866781 2e-06 -2e-06 -0.0 1.291982 -1.928547 -1.498087 14.800105 0.567467 3.865605 14.24255 -1.341735 -6.660645 19.631935 0.143925 -0.648241 49.516384 -0.170386 -6.302433 0.353028 -1.511149 -0.031941 20.222755 3.684304 2.316631 18.787239 3e-06 1e-06 10.75161 -0.479867 1.397904 -0.0 1e-06 -0.0 3.273801 0.305947 -0.58011 21.486778 11.830359 2.266133 8.162913 0.0 0.0 18.399054 -3.798982 -4.940567 3e-06 -1e-06 -3e-06 -14.542706 0.491917 7.60595 0.20803 0.280512 20.691826 1.530851 4.443002 -13.500037 1.691525 -1.96413 -0.275031 -0.0 0.0 2e-06 -9.320721 -0.332988 -23.561697 -0.072167 -0.306178 66.356087 2.813008 -10.674309 -5.618026 -1.529909 1.010829 -5.294985 0.0 0.0 -1e-06 
0.0 0.0 0.0 0.0 -0.0 0.0 -8.12705 95.555435 476.402283 7.647934 -2.002454 -10.482164 -3.468682 0.513913 4.830949 -0.964288 0.13785 -3.479441 -2.98717 -0.444943 14.491334 -2.356839 3.481797 8.975165 0.754818 4.928288 -3.725653 3.172924 3.82861 -17.017754 7.7e-05 -2.3e-05 6e-06 0.033778 0.10275 0.100108 0.69919 -3.634529 -10.479827 -0.631524 3.839303 -10.52456 -1.624278 -9.793096 14.332172 -62.670177 -24.829264 4.358222 -175.413147 -80.788979 175.754303 37.341236 -14.185954 4.609872 -5.882106 9.861284 0.702589 -10.936867 -0.360574 7.156199 -1e-06 8.774823 -2e-06 -16.683411 18.467785 6.01575 -1.844032 2.498503 -2.507276 -10.163595 4.678945 4.621104 -20.976017 -2e-06 -2e-06 -21.22628 2.451696 -3.594002 -0.0 -7e-06 0.0 -1.362681 2.240797 -0.746323 -21.334906 0.584912 3.008317 -13.821208 -1e-06 -1e-06 -23.887157 -0.249076 -0.83949 -61.447792 2.64506 -1.328635 -0.294025 1.679688 0.833256 -14.218201 0.093215 1.300578 -34.212032 -0.287563 0.96716 -20.033203 0.964536 1.212837 1e-06 1e-06 0.0 -3.440388 0.788236 0.501655 -15.928179 -3.167306 2.999702 -6.338823 0.0 1e-06 -18.12344 3.648184 -4.905672 -3e-06 1e-06 -2e-06 5.072369 14.738744 21.630236 80.21051 7.546533 18.383579 -2.316918 19.685015 -0.57723 -0.08918 4.271538 -3.100781 2.243541 -5.255034 -3.180157 14.282883 -0.826595 6.952498 -3e-06 -12.690598 1e-06 16.115484 -17.612396 2.926619 1.665665 -1.95592 -2.878298 4.727797 -4.170586 4.993919 11.02052 3e-06 -1e-06 12.109043 -3.735712 -2.866784 -1e-06 -1e-06 0.0 1.291985 -1.928549 -1.498088 14.800122 0.567468 3.865605 14.242562 -1.341736 -6.660656 19.631954 0.143926 -0.648245 50.092537 -0.078172 -6.057117 0.353029 -1.51115 -0.031938 20.222778 3.684307 2.316627 18.787256 3e-06 -3e-06 10.75162 -0.47987 1.397906 1e-06 1e-06 -1e-06 3.273805 0.305947 -0.58011 21.486801 11.830368 2.26613 8.162922 2e-06 -1e-06 18.399071 -3.798983 -4.940571 3e-06 -0.0 -1e-06 -12.617764 0.794714 13.376998 0.185692 0.2154 17.156696 1.635758 3.60164 -13.171779 1.74232 -2.030498 -1.899301 0.0 -0.0 2e-06 -7.945606 -0.421993 -27.399395 0.099029 -0.001927 52.309311 3.114161 -11.446958 -7.91989 -1.486894 1.130013 -4.431381 0.0 0.0 -1e-06 
0.0 0.0 0.0 0.0 -0.0 0.0 -8.993127 95.473129 484.517853 6.329557 -1.25567 -8.936516 -3.320214 0.25656 4.254152 -0.850181 -0.61034 -3.934913 -2.297899 -1.48559 14.063913 -1.552157 3.418383 8.897937 0.849898 5.183018 -3.668843 2.618066 4.03072 -16.854576 7.7e-05 -2.3e-05 6e-06 0.030035 0.061732 0.119093 0.718206 -3.683939 -10.473401 -0.65682 3.812018 -10.522951 -1.018686 -9.707952 15.167701 -63.22905 -18.599535 8.222367 -171.995407 -85.295891 172.365005 33.782494 -10.260943 4.689243 -5.882102 9.861278 0.70259 -10.936866 -0.360575 7.156203 1e-06 8.774819 2e-06 -16.039774 17.978811 5.990086 -1.844031 2.498502 -2.507277 -10.163594 4.67894 4.621106 -20.976011 -5e-06 5e-06 -21.226273 2.451693 -3.593993 2e-06 -5e-06 -1e-06 -1.362681 2.240797 -0.746323 -21.334904 0.584907 3.008322 -13.821208 -3e-06 4e-06 -23.887161 -0.249079 -0.839479 -60.855232 2.572057 -1.195588 -0.294025 1.679686 0.833255 -14.218201 0.093213 1.300581 -34.212036 -0.287566 0.967174 -20.033205 0.964538 1.212844 -0.0 0.0 -1e-06 -3.440386 0.788233 0.501655 -15.928183 -3.167308 2.999708 -6.338824 -2e-06 2e-06 -18.12344 3.648179 -4.905663 -2e-06 0.0 0.0 5.689961 12.334449 21.489248 80.13739 4.560264 9.884458 -4.484169 30.024897 -1.852659 -5.417532 5.533484 -4.6345 2.24354 -5.255032 -3.180156 14.282883 -0.826592 6.952499 -4e-06 -12.690594 1e-06 16.097038 -17.999523 3.036437 1.665665 -1.95592 -2.878298 4.727797 -4.170583 4.993922 11.02052 4e-06 -0.0 12.109045 -3.735711 -2.866781 -0.0 0.0 1e-06 1.291985 -1.928549 -1.498088 14.800123 0.567469 3.865608 14.242561 -1.341734 -6.660655 19.631954 0.143927 -0.648244 50.820305 -0.241448 -5.987706 0.353029 -1.511149 -0.031941 20.222784 3.684309 2.316632 18.787266 6e-06 1e-06 10.751621 -0.479869 1.397908 -1e-06 -0.0 1e-06 3.273805 0.305948 -0.580112 21.486801 11.830366 2.266133 8.162922 3e-06 1e-06 18.399073 -3.798981 -4.940567 4e-06 0.0 -3e-06 -10.312199 1.213268 19.302633 0.197581 0.049528 12.600711 1.683642 1.937694 -11.571276 1.818502 -2.088239 -4.496068 0.0 -0.0 2e-06 -6.881711 -1.604789 -28.253099 0.28623 0.244633 33.384365 4.381296 -10.600935 -8.57355 -1.374091 1.323144 -4.881423 0.0 -0.0 0.0 
0.0 0.0 0.0 0.0 -0.0 0.0 -9.856692 95.034309 492.756317 4.863791 -0.553551 -7.277117 -3.056747 -0.160653 3.179541 -0.744762 -1.186919 -4.386715 -1.265322 -2.171502 13.474653 -0.981572 3.436941 9.208564 0.950615 5.416423 -3.54285 2.015156 4.244682 -16.942242 7.7e-05 -2.3e-05 6e-06 0.044876 0.105709 0.132848 0.731393 -3.638769 -10.467888 -0.64261 3.857803 -10.489018 0.744148 -9.548746 15.946057 -64.436562 -12.884184 13.772695 -18.88402 -88.379601 18.886822 29.468811 -6.818957 4.251982 -5.882102 9.86128 0.702589 -10.936861 -0.360574 7.156199 -3e-06 8.774819 -3e-06 -15.69751 18.161421 6.410993 -1.844031 2.498503 -2.507274 -10.163592 4.678943 4.621102 -20.976006 1e-06 2e-06 -21.226269 2.451699 -3.594002 0.0 -6e-06 0.0 -1.36268 2.240797 -0.746321 -21.334896 0.584912 3.008319 -13.821201 -2e-06 1e-06 -23.887152 -0.249076 -0.839484 -60.979553 2.738737 -1.203598 -0.294026 1.679686 0.833254 -14.218197 0.093217 1.300578 -34.212013 -0.287559 0.967168 -20.033194 0.964538 1.212842 0.0 -1e-06 -0.0 -3.440386 0.788233 0.501656 -15.928172 -3.167306 2.999704 -6.338821 -1e-06 -0.0 -18.123436 3.648182 -4.905667 -4e-06 1e-06 -3e-06 5.748141 10.256912 21.178778 79.729126 0.903392 2.62181 -4.880062 43.012093 -3.029229 -8.607331 5.816131 -3.535417 2.243541 -5.255034 -3.180156 14.282881 -0.826594 6.952501 -2e-06 -12.690595 0.0 15.630695 -18.031443 3.192045 1.665665 -1.95592 -2.878298 4.727797 -4.170584 4.993921 11.020518 4e-06 -0.0 12.109043 -3.735713 -2.866781 1e-06 0.0 -0.0 1.291985 -1.928547 -1.498089 14.800118 0.567467 3.865606 14.242562 -1.341734 -6.660653 19.631954 0.143924 -0.648242 50.716045 -0.680675 -6.235459 0.353028 -1.511149 -0.03194 20.222778 3.684306 2.316631 18.787266 4e-06 2e-06 10.75162 -0.47987 1.397908 3e-06 1e-06 0.0 3.273805 0.305945 -0.58011 21.486801 11.830366 2.266132 8.162923 1e-06 0.0 18.399073 -3.798984 -4.94057 4e-06 -1e-06 -0.0 -7.345539 1.830658 25.032768 0.233054 -0.046449 8.487806 1.276616 -0.623721 -8.915244 1.888811 -1.996694 -8.34036 -0.0 -0.0 2e-06 -5.019482 -3.44259 -27.341702 0.331771 0.437384 15.396167 7.756341 -8.822819 -8.606984 -1.162274 1.398336 -5.97896 0.0 0.0 -2e-06 
0.0 0.0 0.0 0.0 -0.0 0.0 -10.823887 94.588348 501.066498 2.749564 -0.340866 -5.745166 -2.14545 -0.449247 1.826573 -0.645107 -1.38364 -4.864526 -0.136001 -2.960702 12.976796 -0.779176 3.526221 9.701845 1.148436 5.64819 -3.502343 1.613694 4.892388 -16.345125 7.7e-05 -2.3e-05 6e-06 0.048277 0.162058 0.099001 0.711849 -3.561186 -10.474203 -0.619356 3.892487 -10.477172 2.637696 -9.044012 16.067085 -65.488022 -7.67179 19.958984 -1.544381 -81.110733 1.387497 24.049372 -4.328391 3.872003 -5.882101 9.861275 0.702591 -10.936863 -0.360576 7.156195 -2e-06 8.774814 -3e-06 -15.888784 18.468756 6.703042 -1.844031 2.498502 -2.507275 -10.16359 4.678939 4.621099 -20.976004 1e-06 7e-06 -21.226269 2.451696 -3.593993 0.0 -4e-06 -0.0 -1.362679 2.240795 -0.746323 -21.334894 0.584909 3.008321 -13.821197 -1e-06 5e-06 -23.887146 -0.249073 -0.839479 -61.405613 2.947727 -1.199866 -0.294024 1.679686 0.833253 -14.218197 0.093215 1.300579 -34.212025 -0.28756 0.967172 -20.033195 0.96454 1.212843 0.0 -2e-06 -0.0 -3.440385 0.788233 0.501656 -15.928172 -3.167305 2.999704 -6.33882 0.0 1e-06 -18.123426 3.648179 -4.905662 -3e-06 1e-06 -2e-06 6.182485 8.86881 20.584789 77.86203 -2.673519 -1.780183 -4.361639 55.787693 -3.560469 -10.235423 5.574768 -1.291981 2.243537 -5.25503 -3.180151 14.282863 -0.826595 6.952492 -1e-06 -12.690589 -1e-06 15.404012 -18.066814 3.180675 1.665662 -1.955918 -2.878293 4.72779 -4.170579 4.993916 11.020504 1e-06 1e-06 12.109027 -3.735711 -2.866778 0.0 2e-06 0.0 1.291982 -1.928548 -1.498086 14.800098 0.567467 3.865602 14.242542 -1.341737 -6.660646 19.631926 0.143923 -0.648243 50.075809 -1.098838 -6.263978 0.353028 -1.511148 -0.03194 20.222752 3.684302 2.316628 18.787235 3e-06 1e-06 10.751603 -0.479868 1.397903 0.0 2e-06 0.0 3.2738 0.305948 -0.580109 21.486769 11.830355 2.266133 8.162912 -1e-06 1e-06 18.399046 -3.798984 -4.940567 2e-06 -1e-06 -0.0 -3.715051 1.968979 28.826431 0.205075 -0.065533 7.523243 0.647947 -2.778416 -4.869428 2.004773 -1.961572 -13.930461 -0.0 0.0 2e-06 -1.742537 -4.373113 -26.801344 0.317551 0.546554 7.226325 9.413692 -8.597858 -9.892132 -1.083711 1.304787 -6.151147 0.0 0.0 -2e-06 
0.0 0.0 0.0 0.0 -0.0 0.0 -11.895722 94.36306 509.615753 0.02616 -0.980821 -4.290855 -0.608783 -0.764021 0.326882 -0.43643 -1.366749 -5.461714 1.080803 -3.476321 12.70979 -1.007079 3.755767 9.957186 1.351179 6.071445 -3.53596 1.482636 5.86377 -14.86793 7.7e-05 -2.3e-05 6e-06 0.039622 0.150852 0.036224 0.693775 -3.573557 -10.578057 -0.62033 3.880308 -10.563536 3.482591 -7.994182 16.195129 -66.276733 -3.324721 24.798746 0.13748 -73.498367 -0.127681 19.794973 -3.187281 3.792564 -5.882102 9.861279 0.70259 -10.936861 -0.360576 7.156199 2e-06 8.774819 1e-06 -15.916793 18.239725 6.623943 -1.844031 2.498503 -2.507275 -10.16359 4.678939 4.621108 -20.976006 -4e-06 3e-06 -21.226271 2.451693 -3.593993 -0.0 -8e-06 0.0 -1.362679 2.240795 -0.746323 -21.334898 0.584905 3.008322 -13.821204 -1e-06 4e-06 -23.887154 -0.249079 -0.839481 -61.03474 2.870516 -1.157279 -0.294026 1.679686 0.833256 -14.218197 0.093212 1.300581 -34.212013 -0.287564 0.967172 -20.033194 0.964537 1.212844 -0.0 -0.0 0.0 -3.440386 0.788233 0.501656 -15.928176 -3.167309 2.999704 -6.338821 -1e-06 3e-06 -18.123436 3.648178 -4.905666 -5e-06 1e-06 -0.0 7.386865 8.167414 20.144932 73.560493 -5.378498 -3.883511 -3.414392 67.917572 -3.483682 -11.584078 5.412344 1.604223 2.243539 -5.255034 -3.180155 14.282874 -0.826593 6.952495 -3e-06 -12.690592 -0.0 15.268889 -17.89916 3.088637 1.665663 -1.955918 -2.878298 4.727793 -4.170584 4.993919 11.020514 2e-06 -2e-06 12.109036 -3.735708 -2.866782 0.0 -2e-06 0.0 1.291984 -1.928547 -1.498088 14.800112 0.567467 3.865604 14.242557 -1.341733 -6.660652 19.631943 0.143925 -0.648244 49.87904 -1.174023 -6.187403 0.353028 -1.511151 -0.03194 20.222769 3.684307 2.316628 18.787251 5e-06 -1e-06 10.751616 -0.479868 1.397903 -2e-06 2e-06 -1e-06 3.273802 0.305947 -0.58011 21.48679 11.830365 2.266131 8.162919 1e-06 0.0 18.399059 -3.798981 -4.940569 3e-06 -0.0 0.0 -0.273888 1.392607 29.76494 0.214302 -0.114232 11.046731 -0.243609 -3.649774 2.129614 2.158549 -1.836211 -22.560789 0.0 -0.0 2e-06 2.287811 -4.372901 -26.840284 0.3745 0.445561 9.045935 8.354942 -8.779066 -8.99502 -1.207487 1.236519 -6.161071 -0.0 -0.0 -1e-06 
0.0 0.0 0.0 0.0 -0.0 0.0 -13.160224 94.394371 518.414001 -3.272839 -2.150647 -3.18873 1.298474 -0.958783 -0.841743 -0.062032 -1.344014 -5.890763 2.514043 -3.791966 12.580176 -1.376415 4.08886 9.974145 1.480197 6.546992 -3.617719 1.584101 6.854334 -13.09306 7.7e-05 -2.3e-05 6e-06 0.036886 0.125374 -0.006817 0.686199 -3.624222 -10.68004 -0.61851 3.87785 -10.647014 3.143516 -6.71334 16.34671 -67.340897 -0.098956 26.496758 0.113442 -65.126411 -0.043754 18.583038 -3.4102 4.083905 -5.882101 9.861276 0.702588 -10.936865 -0.360575 7.156199 2e-06 8.774817 -2e-06 -15.862034 18.001532 6.378232 -1.844029 2.498504 -2.507276 -10.163592 4.678939 4.621105 -20.976013 -4e-06 2e-06 -21.226273 2.451696 -3.593999 1e-06 -8e-06 -2e-06 -1.362682 2.240795 -0.746322 -21.3349 0.584908 3.008322 -13.821205 -3e-06 3e-06 -23.887157 -0.249078 -0.83948 -60.044636 2.800959 -1.146049 -0.294025 1.679685 0.833256 -14.218197 0.093213 1.300579 -34.212021 -0.287565 0.967169 -20.033199 0.964539 1.212842 0.0 1e-06 0.0 -3.440387 0.788232 0.501657 -15.928177 -3.167308 2.999707 -6.338821 0.0 2e-06 -18.123436 3.648177 -4.905666 -4e-06 2e-06 -2e-06 9.741221 8.118547 19.777689 66.944969 -6.954107 -5.11888 -3.093611 78.737152 -3.421921 -12.814036 6.616798 3.86072 2.243539 -5.255032 -3.180155 14.282875 -0.826593 6.952495 -1e-06 -12.690591 -0.0 15.325227 -17.746479 2.78957 1.665663 -1.955918 -2.878296 4.727794 -4.170583 4.993919 11.020512 5e-06 1e-06 12.109036 -3.735712 -2.866779 -0.0 -1e-06 0.0 1.291984 -1.928549 -1.498087 14.800112 0.567467 3.865605 14.242557 -1.341736 -6.660649 19.631945 0.143925 -0.648242 50.004181 -0.951202 -6.236041 0.353028 -1.511148 -0.03194 20.222769 3.684308 2.31663 18.787252 3e-06 3e-06 10.751617 -0.479867 1.397906 -1e-06 1e-06 -0.0 3.273803 0.305947 -0.580109 21.486788 11.830359 2.266133 8.162918 1e-06 2e-06 18.399061 -3.798986 -4.940567 3e-06 0.0 -1e-06 3.642581 0.933654 27.214443 0.131814 -0.259733 20.380272 -2.80204 -4.025297 13.908753 2.310345 -1.614613 -27.681515 0.0 0.0 2e-06 6.687551 -3.236251 -27.079483 0.226903 0.20401 15.720618 6.258538 -9.483335 -4.28847 -1.355312 1.045769 -5.5711 -0.0 0.0 -2e-06 
0.0 0.0 0.0 0.0 -0.0 0.0 -14.388932 94.444305 527.017395 -6.29061 -3.280287 -3.359672 2.493151 -0.88537 -0.860119 0.317073 -1.444238 -5.738639 4.290366 -3.89422 12.628195 -1.202251 4.11415 9.688247 1.498867 6.907089 -3.590878 1.389367 7.502729 -12.196949 7.7e-05 -2.3e-05 6e-06 0.0359 0.106868 0.010471 0.673719 -3.658998 -10.699412 -0.606792 3.875097 -10.653652 3.347994 -6.203444 16.279463 -70.053368 1.167308 25.217865 0.172897 -54.683399 0.065662 19.312906 -4.264005 5.309238 -5.882103 9.86128 0.702591 -10.936867 -0.360576 7.1562 0.0 8.774822 0.0 -16.143557 18.292112 6.386121 -1.844034 2.498503 -2.507279 -10.163594 4.678942 4.621106 -20.976011 -5e-06 2e-06 -21.226274 2.451694 -3.593997 0.0 -7e-06 -0.0 -1.362679 2.240797 -0.746323 -21.334906 0.584909 3.00832 -13.821208 -2e-06 2e-06 -23.887163 -0.249078 -0.839486 -59.807793 2.725298 -0.945092 -0.294025 1.679685 0.833256 -14.218205 0.093215 1.30058 -34.212036 -0.287564 0.967169 -20.033209 0.964534 1.212844 -0.0 -0.0 3e-06 -3.440386 0.788233 0.501658 -15.928181 -3.167307 2.999707 -6.338824 -0.0 2e-06 -18.123444 3.648183 -4.90567 -4e-06 1e-06 -3e-06 12.36675 8.167554 19.418936 59.556511 -6.61958 -7.233996 -4.418234 87.521484 -4.807904 -14.451097 9.491652 4.775528 2.24354 -5.255033 -3.180153 14.282874 -0.826592 6.952495 -2e-06 -12.690595 0.0 15.58918 -17.931028 2.617034 1.665665 -1.95592 -2.878296 4.727795 -4.170584 4.993919 11.020514 4e-06 -1e-06 12.109037 -3.735713 -2.866781 1e-06 -1e-06 -1e-06 1.291984 -1.928547 -1.498086 14.800112 0.567468 3.865606 14.242555 -1.341735 -6.660651 19.631945 0.143927 -0.648242 50.366463 -0.947396 -6.112412 0.353029 -1.511149 -0.03194 20.222769 3.684306 2.316628 18.787251 4e-06 -1e-06 10.751616 -0.479869 1.397906 0.0 -0.0 -0.0 3.273802 0.305947 -0.58011 21.486788 11.830365 2.266133 8.162919 2e-06 0.0 18.399059 -3.798984 -4.94057 3e-06 -1e-06 -1e-06 6.96339 -0.451852 21.890604 0.128908 -0.201673 34.387177 -9.050056 -3.613101 25.239023 2.166993 -1.79173 -11.572229 -0.0 0.0 3e-06 10.34669 -1.391794 -25.568815 -0.011893 0.053049 22.405363 4.036051 -10.49754 -2.153912 -1.39795 0.937568 -4.256413 -1e-06 -0.0 -1e-06 
0.0 0.0 0.0 0.0 -0.0 0.0 -15.59621 94.499481 535.052368 -8.286641 -3.510755 -4.51664 2.993262 -0.609217 -0.091961 0.492996 -1.426427 -5.408913 5.267246 -4.020981 13.072494 -0.047965 3.618593 9.746343 1.536615 6.978734 -3.543657 0.997178 7.863141 -13.094357 7.7e-05 -2.2e-05 6e-06 0.037453 0.069873 0.081185 0.664667 -3.707843 -10.674481 -0.594093 3.854083 -10.627611 4.556064 -6.73278 16.523251 -73.366432 -0.370002 23.248457 0.781566 -43.777271 -0.249058 22.193605 -5.267485 6.267381 -5.882107 9.861286 0.702591 -10.936876 -0.360574 7.156203 1e-06 8.77483 3e-06 -16.484152 18.487682 6.454922 -1.844035 2.498505 -2.507277 -10.163603 4.678946 4.621108 -20.976034 -7e-06 -1e-06 -21.226297 2.451694 -3.594001 0.0 -6e-06 1e-06 -1.362681 2.240797 -0.746322 -21.334921 0.58491 3.008319 -13.821218 -4e-06 -0.0 -23.887178 -0.249082 -0.839482 -60.109871 2.709415 -0.773204 -0.294026 1.679689 0.833256 -14.218213 0.093214 1.300576 -34.212067 -0.287569 0.967168 -20.033222 0.964533 1.212842 2e-06 -0.0 1e-06 -3.440391 0.788236 0.501654 -15.928192 -3.167313 2.999704 -6.338827 -2e-06 2e-06 -18.123453 3.648182 -4.905673 -5e-06 -0.0 -2e-06 15.008219 8.021377 19.210539 53.489201 -4.210125 -11.483437 175.355423 86.804329 175.053085 -18.08359 12.841428 5.134526 2.243542 -5.255038 -3.18016 14.282896 -0.826595 6.952506 -3e-06 -12.690609 0.0 15.888767 -18.095367 2.608948 1.665667 -1.955922 -2.878302 4.7278 -4.170588 4.993928 11.020529 2e-06 -1e-06 12.109056 -3.735717 -2.866785 -0.0 -0.0 -2e-06 1.291986 -1.92855 -1.49809 14.800132 0.567467 3.865609 14.242579 -1.341736 -6.660663 19.631973 0.143926 -0.648247 50.805817 -1.130991 -6.045629 0.353029 -1.511151 -0.03194 20.222797 3.68431 2.316628 18.787281 5e-06 -2e-06 10.751632 -0.479868 1.397904 -0.0 0.0 -1e-06 3.273807 0.305946 -0.580111 21.48682 11.830378 2.266132 8.16293 0.0 1e-06 18.399088 -3.798987 -4.940579 3e-06 -0.0 -0.0 8.967561 -2.322795 15.121488 0.181174 -0.128858 49.331161 -10.586776 -1.927338 22.058605 2.209866 -1.966416 -4.022152 -0.0 0.0 2e-06 12.801195 -0.885086 -21.388866 -0.144418 -0.230127 25.874592 1.29277 -10.153845 -2.510331 -1.433831 0.830809 -2.530974 -0.0 -0.0 -1e-06 
0.0 0.0 0.0 0.0 -0.0 0.0 -16.66946 94.76429 542.177063 -9.085831 -2.86561 -5.842898 3.10918 -0.347361 0.864496 0.460894 -1.313174 -5.021126 5.256601 -3.979431 13.506686 1.491826 3.113029 10.049727 1.380102 6.623861 -3.670578 0.98815 7.571296 -14.334732 7.7e-05 -2.2e-05 6e-06 0.032387 0.132988 0.082515 0.686985 -3.650387 -10.682922 -0.627293 3.925703 -10.64391 5.318446 -7.427344 16.859859 -75.30217 -3.65462 23.443554 1.881242 -34.129902 -0.578949 25.135895 -4.874606 5.497545 -5.882102 9.861286 0.702591 -10.936869 -0.360576 7.156204 0.0 8.774826 1e-06 -16.589113 18.439966 6.485205 -1.84403 2.498505 -2.507277 -10.163599 4.678945 4.621108 -20.976021 -4e-06 2e-06 -21.226286 2.451697 -3.593997 1e-06 -6e-06 -3e-06 -1.362683 2.240798 -0.746322 -21.334911 0.584909 3.008326 -13.821211 -4e-06 3e-06 -23.887165 -0.249079 -0.83948 -60.45966 2.692853 -0.848377 -0.294025 1.679686 0.833256 -14.218206 0.093214 1.300583 -34.212048 -0.287565 0.967175 -20.033211 0.964536 1.212845 2e-06 0.0 2e-06 -3.440387 0.788233 0.501654 -15.928185 -3.167311 2.999709 -6.338826 -2e-06 4e-06 -18.123444 3.648182 -4.905668 -4e-06 0.0 -3e-06 17.505274 7.976447 19.311172 50.005833 -0.224717 -17.310606 -178.907959 84.146431 -178.8013 -24.646999 15.059776 3.756129 2.243542 -5.255037 -3.180158 14.282891 -0.826593 6.952502 -2e-06 -12.690603 -2e-06 16.267756 -18.323589 2.779644 1.665666 -1.955922 -2.878298 4.727797 -4.170587 4.993925 11.020526 3e-06 -2e-06 12.109052 -3.735715 -2.866784 0.0 0.0 0.0 1.291986 -1.92855 -1.498088 14.800129 0.567469 3.865607 14.242571 -1.341737 -6.660658 19.631969 0.143926 -0.648244 51.610855 -1.109533 -6.122665 0.353029 -1.51115 -0.031938 20.222792 3.684309 2.31663 18.78727 4e-06 1e-06 10.751627 -0.479869 1.397907 -0.0 -1e-06 1e-06 3.273806 0.305948 -0.580111 21.486813 11.830376 2.266134 8.162928 2e-06 -3e-06 18.39908 -3.798981 -4.940577 3e-06 0.0 -2e-06 9.763057 -3.64871 6.989842 0.153263 -0.001609 61.728134 -6.55253 2.694239 11.160175 2.213722 -2.036961 -3.747506 -0.0 0.0 4e-06 13.854112 -2.058654 -16.037514 -0.149917 -0.243942 27.253828 -0.963509 -9.336983 -5.504786 -1.432092 0.839658 -0.731644 0.0 0.0 -1e-06 
0.0 0.0 0.0 0.0 -0.0 0.0 -17.569073 95.16861 548.934631 -9.402295 -1.954295 -7.184512 3.198375 -0.23804 1.772853 0.41358 -0.825505 -4.600972 4.936413 -3.747378 13.996931 2.690737 2.624385 10.22717 1.31916 6.131227 -3.718906 1.140413 6.974119 -15.125402 7.7e-05 -2.3e-05 6e-06 0.041149 0.160934 0.063096 0.702225 -3.614141 -10.658765 -0.62558 3.949893 -10.635047 5.384868 -7.903719 17.077522 -75.959167 -7.111539 24.681208 2.232481 -27.356873 -0.68136 25.764828 -4.369867 4.319326 -5.882101 9.861277 0.702588 -10.936859 -0.360575 7.156195 -0.0 8.774816 -1e-06 -16.544361 18.194416 6.434079 -1.844028 2.498501 -2.507274 -10.163589 4.67894 4.621102 -20.976004 -3e-06 -1e-06 -21.226267 2.451694 -3.593999 -0.0 -6e-06 -2e-06 -1.36268 2.240795 -0.746323 -21.334892 0.584909 3.008317 -13.821201 -4e-06 -1e-06 -23.887146 -0.249081 -0.839484 -60.403088 2.599612 -0.708378 -0.294024 1.679686 0.833254 -14.218195 0.093214 1.300577 -34.212013 -0.287566 0.967166 -20.033195 0.964532 1.212841 1e-06 1e-06 1e-06 -3.440387 0.788232 0.501655 -15.92817 -3.167306 2.999702 -6.338818 -2e-06 1e-06 -18.123426 3.648178 -4.905667 -4e-06 0.0 -3e-06 18.472422 8.7624 18.840565 50.334988 3.977787 -24.208672 -177.283997 83.152519 -177.000427 -34.360756 16.219439 -1.000831 2.243539 -5.255027 -3.180151 14.282872 -0.826595 6.952489 -2e-06 -12.690584 3e-06 15.973094 -17.982935 3.126567 1.665666 -1.955918 -2.878295 4.727792 -4.170584 4.993915 11.020515 2e-06 -4e-06 12.109038 -3.73571 -2.86678 0.0 0.0 1e-06 1.291984 -1.928546 -1.498087 14.800108 0.567465 3.865597 14.242555 -1.341733 -6.660647 19.631941 0.143926 -0.648246 51.93119 -1.155634 -6.089226 0.353029 -1.511147 -0.031939 20.222765 3.684301 2.316621 18.787251 5e-06 -4e-06 10.751616 -0.479867 1.397902 -0.0 0.0 -0.0 3.273801 0.305947 -0.580109 21.486778 11.830354 2.266121 8.162913 2e-06 -2e-06 18.399055 -3.798977 -4.940568 3e-06 0.0 -1e-06 9.957067 -4.88538 -1.294462 0.136399 0.094083 68.541618 -2.526779 7.59234 3.007583 2.09732 -2.036967 -3.851528 -0.0 -0.0 3e-06 14.303843 -3.321244 -9.442442 -0.140866 -0.21931 26.052374 -2.186818 -9.766805 -8.976173 -1.451928 0.890123 0.347872 0.0 0.0 -1e-06 
0.0 0.0 0.0 0.0 -0.0 0.0 -18.296642 95.616241 555.748474 -8.948178 -1.235191 -8.299734 3.105805 -0.139621 2.582932 0.322004 -0.157997 -4.204479 4.373679 -3.125329 14.276278 3.26273 2.208528 10.33806 1.39148 5.632909 -3.676364 1.618439 6.191325 -15.398128 7.7e-05 -2.2e-05 6e-06 0.049264 0.136701 0.051024 0.690451 -3.619144 -10.560255 -0.597937 3.909732 -10.546021 4.532156 -7.861129 17.428013 -75.403549 -10.014027 26.424671 2.0072 -23.945408 -0.793983 25.273624 -4.372936 2.747824 -5.882103 9.861279 0.70259 -10.936864 -0.360575 7.156203 -1e-06 8.77482 -1e-06 -16.542215 18.135206 6.40029 -1.844032 2.498503 -2.507277 -10.163593 4.678943 4.621106 -20.976013 -4e-06 3e-06 -21.226273 2.451695 -3.593998 -1e-06 -6e-06 -1e-06 -1.36268 2.240796 -0.746322 -21.334902 0.584909 3.008322 -13.821205 -1e-06 0.0 -23.887156 -0.249078 -0.839484 -60.479946 2.552169 -0.63449 -0.294024 1.679687 0.833257 -14.218199 0.093216 1.300577 -34.212025 -0.287563 0.967167 -20.033201 0.964536 1.212843 1e-06 2e-06 1e-06 -3.440384 0.788233 0.501657 -15.928177 -3.167308 2.999707 -6.33882 -1e-06 1e-06 -18.123434 3.648181 -4.905668 -4e-06 -0.0 -4e-06 17.809624 10.106702 18.193008 52.873444 8.011855 -30.397491 175.651077 83.176163 176.137421 -47.298553 15.89989 -10.121627 2.243541 -5.255034 -3.180155 14.282887 -0.82659 6.952501 -4e-06 -12.690598 -1e-06 15.638104 -17.417135 3.198211 1.665664 -1.95592 -2.878298 4.727798 -4.170586 4.99392 11.020523 6e-06 -1e-06 12.10905 -3.735713 -2.866781 0.0 -0.0 -0.0 1.291986 -1.928548 -1.498088 14.800123 0.567471 3.865605 14.242564 -1.341735 -6.660654 19.631958 0.143927 -0.648242 51.248631 -1.313061 -6.012381 0.353028 -1.511148 -0.03194 20.222786 3.68431 2.316631 18.78727 7e-06 0.0 10.751625 -0.479867 1.397906 0.0 -2e-06 -1e-06 3.273807 0.305947 -0.580111 21.486807 11.830369 2.266133 8.162923 3e-06 -2e-06 18.399071 -3.798981 -4.940573 3e-06 1e-06 -2e-06 9.016846 -6.194674 -9.03657 0.198276 0.285783 69.428612 -0.556709 11.036016 -1.573747 1.972199 -1.99288 -4.086309 0.0 -0.0 1e-06 13.930182 -4.06681 -1.621812 -0.067563 -0.181256 22.142899 -2.897885 -10.70336 -11.669347 -1.483587 0.926145 0.8856 0.0 0.0 -1e-06 
0.0 0.0 0.0 0.0 -0.0 0.0 -18.946928 95.903336 562.746033 -7.562569 -0.724976 -8.655485 2.743342 0.053437 3.135417 0.176114 0.428467 -3.928955 3.458988 -2.183284 14.152987 3.298875 1.873207 10.335532 1.437911 5.138379 -3.658367 2.314091 5.29686 -15.541846 7.7e-05 -2.3e-05 6e-06 0.049474 0.095243 0.06185 0.665997 -3.643411 -10.423874 -0.573393 3.84954 -10.406181 2.982387 -7.357205 17.865856 -73.901863 -12.126694 27.971806 1.458184 -23.19331 -0.808112 24.254761 -4.898925 0.9812 -5.8821 9.861276 0.702587 -10.936862 -0.360578 7.156199 4e-06 8.774817 -1e-06 -16.50849 18.145119 6.355883 -1.844033 2.498503 -2.50728 -10.163589 4.678936 4.621103 -20.976004 -9e-06 1e-06 -21.226269 2.451688 -3.593995 -0.0 -6e-06 -1e-06 -1.362678 2.240795 -0.746322 -21.334892 0.584902 3.00832 -13.821201 -7e-06 -0.0 -23.887148 -0.249086 -0.839478 -60.819962 2.571468 -0.64038 -0.294026 1.679687 0.833256 -14.218195 0.09321 1.300577 -34.212013 -0.287573 0.967172 -20.033194 0.964532 1.212845 1e-06 1e-06 2e-06 -3.440385 0.788231 0.501655 -15.92817 -3.167311 2.999703 -6.338819 -3e-06 2e-06 -18.123426 3.648175 -4.905664 -4e-06 -0.0 -3e-06 15.549439 11.731935 17.384796 56.293976 10.894288 -34.255516 162.286209 84.213722 162.793243 -56.837227 14.73298 -17.829807 2.24354 -5.255034 -3.180157 14.28288 -0.826592 6.952497 -2e-06 -12.690592 -3e-06 15.744667 -17.023296 2.963355 1.665666 -1.955921 -2.878298 4.727794 -4.170584 4.993917 11.02052 3e-06 -2e-06 12.109041 -3.735713 -2.866784 -3e-06 -1e-06 0.0 1.291983 -1.928549 -1.498088 14.800118 0.567469 3.865604 14.242563 -1.341734 -6.660655 19.631954 0.143926 -0.648244 50.307056 -1.425637 -5.909125 0.35303 -1.51115 -0.031941 20.222773 3.684309 2.316628 18.787256 7e-06 -1e-06 10.75162 -0.479867 1.397904 1e-06 1e-06 -0.0 3.273804 0.305945 -0.58011 21.486799 11.830366 2.266132 8.162921 4e-06 -1e-06 18.399071 -3.798977 -4.940572 4e-06 0.0 -0.0 6.96736 -7.100715 -16.208086 0.251929 0.34274 65.323997 -0.65235 12.771216 -4.309985 1.871345 -1.980766 -4.453851 0.0 -0.0 2e-06 12.682709 -4.201635 6.380452 -0.013109 -0.198406 16.359632 -3.157428 -11.869887 -13.351599 -1.505092 0.927866 0.849997 0.0 0.0 -1e-06 
0.0 0.0 0.0 0.0 -0.0 0.0 -19.504061 95.949074 569.945129 -5.491145 -0.512138 -8.0809 2.166592 0.28522 3.423418 0.029904 0.931835 -3.884485 2.237909 -1.027055 13.765182 2.839058 1.780165 9.951691 1.390837 4.721058 -3.689691 3.037216 4.289978 -15.819835 7.7e-05 -2.3e-05 6e-06 0.050657 0.139198 0.071807 0.656237 -3.597917 -10.342162 -0.562128 3.886685 -10.331077 1.046828 -6.20527 17.938236 -72.001518 -13.57969 29.042381 0.986958 -23.410007 -0.709839 22.823387 -5.826753 -0.709252 -5.882102 9.861276 0.702589 -10.936862 -0.360573 7.1562 -1e-06 8.774815 -2e-06 -16.317753 18.200283 6.312044 -1.844033 2.498503 -2.507277 -10.163592 4.678942 4.621108 -20.976006 1e-06 2e-06 -21.226269 2.451698 -3.593999 2e-06 -6e-06 -1e-06 -1.362679 2.240796 -0.746323 -21.334896 0.584913 3.00832 -13.821201 -0.0 3e-06 -23.887146 -0.249074 -0.839485 -61.05455 2.498256 -0.812305 -0.294024 1.679687 0.833256 -14.218193 0.093216 1.300582 -34.212013 -0.287557 0.967167 -20.033194 0.964538 1.21284 2e-06 1e-06 0.0 -3.440385 0.788233 0.501655 -15.928172 -3.167304 2.999708 -6.33882 -0.0 -1e-06 -18.123426 3.648181 -4.905663 -4e-06 -0.0 -1e-06 11.995972 13.39663 16.735796 59.724056 12.810555 -35.073509 133.401703 86.468475 133.777145 -60.7593 13.409298 -22.032789 2.243541 -5.255032 -3.180154 14.28288 -0.826596 6.952497 -5e-06 -12.690593 4e-06 15.806643 -17.125616 2.784641 1.665664 -1.95592 -2.878295 4.727795 -4.170587 4.993919 11.020514 2e-06 -1e-06 12.109041 -3.735713 -2.866779 1e-06 -1e-06 1e-06 1.291985 -1.928546 -1.498088 14.800115 0.567468 3.865604 14.242559 -1.341737 -6.66065 19.63195 0.143923 -0.648244 49.663155 -1.408639 -5.967213 0.353028 -1.511148 -0.031939 20.222773 3.684305 2.316628 18.787262 3e-06 -1e-06 10.75162 -0.479869 1.397905 1e-06 2e-06 -1e-06 3.273803 0.305944 -0.580109 21.486792 11.83036 2.266131 8.162919 2e-06 0.0 18.399067 -3.798983 -4.94057 3e-06 -0.0 0.0 4.205108 -6.809302 -22.243946 0.186232 0.214498 56.549526 -1.475515 13.092497 -6.136002 1.791481 -2.093912 -4.382843 -0.0 0.0 2e-06 10.66077 -4.27157 13.580466 -0.03451 -0.250248 10.08817 -2.972785 -12.774001 -13.878963 -1.522741 0.911594 0.314526 -0.0 -0.0 -1e-06 
0.0 0.0 0.0 0.0 -0.0 0.0 -19.888596 95.604919 576.912048 -3.498374 -1.025765 -6.847826 1.804613 0.563303 3.259651 -0.090955 1.581435 -3.976707 0.99089 0.063081 13.412232 1.926408 2.057715 9.379116 1.31881 4.414007 -3.675634 3.532226 3.43171 -16.543093 7.7e-05 -2.3e-05 6e-06 0.047114 0.218831 0.097255 0.649941 -3.51519 -10.282998 -0.563398 3.958755 -10.282262 -1.175898 -4.614949 17.868725 -69.936592 -14.519369 29.455755 0.556321 -23.615198 -0.531774 21.501951 -7.03875 -2.943541 -5.882101 9.861276 0.702587 -10.936861 -0.360577 7.156201 1e-06 8.774816 -2e-06 -16.314512 18.233564 6.145138 -1.84403 2.498502 -2.507277 -10.16359 4.678938 4.621106 -20.976006 -5e-06 3e-06 -21.226269 2.451694 -3.593997 1e-06 -6e-06 -0.0 -1.362679 2.240794 -0.746322 -21.334896 0.584909 3.008322 -13.821201 -2e-06 3e-06 -23.887152 -0.249079 -0.83948 -61.15535 2.424681 -1.193147 -0.294024 1.679686 0.833254 -14.218197 0.093214 1.300581 -34.212021 -0.287563 0.967174 -20.033197 0.964535 1.212844 0.0 1e-06 0.0 -3.440385 0.788232 0.501655 -15.92817 -3.167307 2.999707 -6.33882 -2e-06 1e-06 -18.123426 3.648178 -4.905666 -4e-06 0.0 -1e-06 7.536608 15.134072 16.029461 62.599422 13.908815 -32.576984 41.085495 86.190392 41.381954 -59.280785 12.23794 -22.607224 2.243543 -5.255029 -3.180153 14.282879 -0.826595 6.95249 -2e-06 -12.690585 1e-06 15.516173 -17.315582 2.793806 1.665663 -1.95592 -2.878294 4.727795 -4.170583 4.993916 11.020516 1e-06 -2e-06 12.109043 -3.735711 -2.866783 2e-06 -1e-06 0.0 1.291986 -1.928546 -1.498088 14.800115 0.567467 3.865599 14.242561 -1.341735 -6.660653 19.63195 0.143925 -0.648249 49.285892 -1.202017 -5.934573 0.353029 -1.511149 -0.031941 20.222771 3.684303 2.316623 18.787258 6e-06 -6e-06 10.751618 -0.479868 1.397902 -0.0 1e-06 0.0 3.273805 0.305947 -0.58011 21.486795 11.830354 2.266122 8.162921 3e-06 -2e-06 18.399067 -3.798974 -4.940575 3e-06 -1e-06 -1e-06 1.461908 -4.780703 -26.143522 0.151443 0.166964 42.531704 -1.389967 12.477115 -5.868447 1.664591 -2.19064 -3.921587 -0.0 0.0 2e-06 8.276963 -4.681049 19.406639 -0.032784 -0.454153 5.158658 -1.978942 -12.589894 -13.730492 -1.510465 0.88522 -0.59214 0.0 0.0 -1e-06 
0.0 0.0 0.0 0.0 -0.0 0.0 -20.114349 95.011452 584.575012 -2.059033 -2.419874 -5.519377 1.813934 0.891746 2.916394 -0.182502 2.44266 -4.239892 -0.109893 0.815382 13.115816 0.720273 2.787194 8.966772 1.16011 4.079563 -3.614538 3.906423 2.692992 -17.420591 7.7e-05 -2.2e-05 6e-06 0.064974 0.383564 0.103689 0.682655 -3.342389 -10.275311 -0.560952 4.112468 -10.291173 -3.041074 -2.953938 17.640875 -68.629021 -14.664445 29.017632 0.243565 -22.83831 -0.326951 20.058081 -8.516324 -5.989392 -5.882109 9.861292 0.70259 -10.936872 -0.360574 7.156208 -2e-06 8.774829 -1e-06 -16.447729 18.196951 5.960773 -1.844033 2.498506 -2.507278 -10.163602 4.678948 4.621109 -20.976025 0.0 4e-06 -21.22629 2.451702 -3.594001 0.0 -6e-06 0.0 -1.362682 2.240798 -0.746323 -21.334913 0.584912 3.008328 -13.821215 0.0 3e-06 -23.887171 -0.249073 -0.839482 -61.481735 2.449464 -1.444443 -0.294025 1.679688 0.833255 -14.218208 0.093218 1.300583 -34.212048 -0.287555 0.967174 -20.033215 0.964543 1.212843 1e-06 2e-06 2e-06 -3.44039 0.788233 0.501657 -15.928187 -3.167308 2.999715 -6.338826 0.0 3e-06 -18.123446 3.648189 -4.905672 -5e-06 1e-06 -0.0 3.04677 16.802601 15.571239 64.211937 15.034736 -27.414932 8.010796 79.157051 8.07904 -53.141125 10.986729 -20.324469 2.243541 -5.255037 -3.180157 14.282896 -0.826596 6.952507 -3e-06 -12.690609 2e-06 15.403868 -17.57918 2.83662 1.665665 -1.955921 -2.878299 4.727799 -4.170589 4.993927 11.020527 2e-06 -0.0 12.109053 -3.735718 -2.866783 -0.0 0.0 -1e-06 1.291984 -1.92855 -1.498089 14.800129 0.567468 3.865611 14.242572 -1.341737 -6.660658 19.631969 0.143924 -0.648243 49.56374 -0.969088 -6.075558 0.353029 -1.511152 -0.03194 20.222792 3.684311 2.316634 18.787273 1e-06 1e-06 10.751629 -0.47987 1.397907 -0.0 1e-06 -1e-06 3.273807 0.305946 -0.58011 21.486816 11.830379 2.266136 8.16293 2e-06 1e-06 18.399084 -3.798987 -4.940573 3e-06 0.0 -1e-06 -0.716312 -1.956326 -27.663845 0.06696 0.255685 24.908854 -1.283541 10.578283 -5.340802 1.486516 -2.190976 -4.481355 0.0 -0.0 3e-06 5.424452 -6.00152 23.9118 -0.030385 -0.450191 2.928609 -0.432182 -10.500342 -13.099734 -1.479504 0.826285 -2.191521 -0.0 -0.0 -1e-06 
0.0 0.0 0.0 0.0 -0.0 0.0 -20.207096 94.33873 592.770569 -1.106074 -4.225658 -4.435863 1.766339 1.137731 2.199646 -0.140613 3.247223 -4.461035 -0.772006 1.304233 12.869256 -0.440924 3.453219 8.970906 0.96235 4.017969 -3.596562 4.367244 2.36066 -17.748575 7.7e-05 -2.3e-05 6e-06 0.079147 0.423463 0.096086 0.716747 -3.29788 -10.347289 -0.567634 4.14634 -10.371247 -4.507786 -1.444296 17.39263 -68.302567 -13.868979 27.811268 -0.025497 -21.103289 -0.054823 18.976063 -9.816256 -9.099067 -5.882099 9.861276 0.702589 -10.936863 -0.360577 7.156201 3e-06 8.774819 -2e-06 -16.372313 18.040342 5.893389 -1.844031 2.498503 -2.507277 -10.16359 4.678939 4.621106 -20.976006 -1.1e-05 2e-06 -21.226269 2.451689 -3.593992 1e-06 -6e-06 1e-06 -1.362681 2.240796 -0.746322 -21.3349 0.584903 3.008322 -13.821202 -7e-06 1e-06 -23.887154 -0.249084 -0.839476 -61.726238 2.361849 -1.237441 -0.294023 1.679684 0.833256 -14.218197 0.093209 1.30058 -34.212013 -0.287573 0.967176 -20.033197 0.964532 1.212845 2e-06 1e-06 0.0 -3.440385 0.788231 0.501655 -15.928174 -3.167312 2.999705 -6.338821 -3e-06 0.0 -18.12343 3.648175 -4.905661 -4e-06 0.0 -2e-06 -0.602318 18.200569 15.119903 64.510628 16.574144 -20.75181 1.087307 68.476189 0.654341 -44.15078 8.977993 -18.621735 2.24354 -5.255033 -3.180157 14.282879 -0.826591 6.952498 -3e-06 -12.690592 -3e-06 15.462957 -17.725124 2.752962 1.665664 -1.955921 -2.878298 4.727793 -4.170581 4.993918 11.020518 4e-06 -1e-06 12.109042 -3.735711 -2.866784 0.0 0.0 0.0 1.291986 -1.928548 -1.498089 14.800117 0.567471 3.865604 14.24256 -1.341734 -6.660655 19.631952 0.143928 -0.648244 50.427959 -0.542192 -6.258371 0.353028 -1.511149 -0.03194 20.222775 3.684308 2.316628 18.787256 6e-06 1e-06 10.751619 -0.479867 1.397905 0.0 -0.0 0.0 3.273806 0.305947 -0.58011 21.486795 11.830366 2.266135 8.16292 2e-06 -0.0 18.399063 -3.798979 -4.940568 3e-06 0.0 -2e-06 -2.369528 0.267063 -26.809998 -0.071566 0.16374 7.323061 -1.262466 8.419539 -4.955928 1.428349 -1.963966 -4.912066 0.0 0.0 3e-06 1.425962 -8.478305 27.738064 -0.065348 -0.072058 3.094229 1.656553 -5.999203 -10.16443 -1.460939 0.736757 -6.749756 -0.0 1e-06 -1e-06 
0.0 0.0 0.0 0.0 -0.0 0.0 -20.277266 93.94606 600.798279 0.374985 -5.753128 -3.78506 1.18166 1.360604 1.36396 -0.242908 3.64494 -4.841489 -1.357165 1.946868 13.003329 -0.943916 3.835976 9.102377 0.664679 3.746984 -3.573989 5.123964 2.125065 -17.538937 7.7e-05 -2.3e-05 6e-06 0.057978 0.307053 0.111998 0.680557 -3.431523 -10.413399 -0.574261 4.042349 -10.475728 -5.999551 -0.436157 16.954428 -68.144569 -12.63621 26.746691 0.192077 -18.497499 -0.051534 18.568905 -10.336247 -11.832496 -5.882104 9.861277 0.702589 -10.936867 -0.360575 7.156204 1e-06 8.774817 -2e-06 -16.486778 18.183731 5.93409 -1.844032 2.498503 -2.507277 -10.163597 4.678938 4.621107 -20.976015 -3e-06 6e-06 -21.226278 2.451694 -3.593996 0.0 -6e-06 -0.0 -1.362681 2.240796 -0.746322 -21.334908 0.58491 3.008324 -13.821211 -3e-06 5e-06 -23.887165 -0.249081 -0.839483 -61.891533 2.246845 -1.01931 -0.294024 1.679684 0.833256 -14.218204 0.093214 1.300581 -34.21204 -0.287563 0.967172 -20.033209 0.964536 1.212844 -1e-06 2e-06 -0.0 -3.440387 0.788233 0.501655 -15.928183 -3.167308 2.999707 -6.338823 -2e-06 0.0 -18.12344 3.64818 -4.905664 -5e-06 -1e-06 -3e-06 -2.179888 18.827658 14.419797 63.287682 18.249105 -13.060978 -0.104438 55.568314 -0.472752 -34.168663 5.958281 -18.472721 2.243538 -5.255029 -3.180154 14.282874 -0.826592 6.952495 -5e-06 -12.690589 1e-06 15.292915 -17.770687 2.747165 1.665664 -1.955919 -2.878297 4.727793 -4.170582 4.993918 11.020515 4e-06 -0.0 12.10904 -3.73571 -2.866781 0.0 0.0 -0.0 1.291983 -1.928547 -1.498088 14.800112 0.567469 3.865604 14.242558 -1.341732 -6.660649 19.63195 0.143927 -0.648242 50.811047 -0.478898 -6.330169 0.35303 -1.511149 -0.031941 20.222769 3.684308 2.316629 18.787252 7e-06 2e-06 10.751616 -0.479867 1.397906 1e-06 0.0 -0.0 3.273803 0.305947 -0.580109 21.48679 11.830363 2.266129 8.162919 2e-06 -1e-06 18.399063 -3.79898 -4.940569 4e-06 0.0 -1e-06 -4.484912 1.226995 -26.741468 0.055361 0.124388 0.628587 -1.204387 7.854128 -5.136351 1.443192 -1.836008 -4.82277 0.0 0.0 0.0 -3.838701 -10.370427 29.741179 -0.097452 0.453622 6.682323 3.704927 -1.562385 -4.917441 -1.497584 0.692732 -14.824521 0.0 1e-06 0.0 
0.0 0.0 0.0 0.0 -0.0 0.0 -20.379023 93.975342 609.050781 2.111897 -6.521682 -3.481354 0.093808 1.551093 0.534448 -0.449422 3.970312 -5.257727 -1.936281 2.384093 13.109194 -0.617345 3.854736 9.357046 0.623913 3.286289 -3.505596 5.563093 1.919662 -16.624979 7.7e-05 -2.3e-05 6e-06 0.043344 0.212857 0.164486 0.634838 -3.540599 -10.390484 -0.556901 3.96156 -10.472823 -6.992748 -0.034084 16.87776 -67.873161 -11.650812 26.183208 0.29382 -16.046579 0.011711 18.34549 -10.129604 -14.28449 -5.882102 9.861282 0.70259 -10.936865 -0.360575 7.156201 0.0 8.774822 0.0 -16.40555 18.222769 6.081504 -1.844032 2.498503 -2.507277 -10.163595 4.678943 4.621106 -20.976015 -5e-06 3e-06 -21.226276 2.451696 -3.593999 -0.0 -6e-06 0.0 -1.36268 2.240796 -0.746323 -21.334902 0.584909 3.00832 -13.821206 -4e-06 2e-06 -23.887156 -0.249079 -0.839482 -62.014206 2.189697 -0.764975 -0.294025 1.679687 0.833254 -14.218204 0.093214 1.300577 -34.21204 -0.287566 0.96717 -20.033205 0.964536 1.212844 -1e-06 0.0 -0.0 -3.440387 0.788233 0.501654 -15.928177 -3.167309 2.999706 -6.338823 0.0 -1e-06 -18.12344 3.648182 -4.905669 -5e-06 -0.0 -3e-06 -2.291263 19.107782 14.173333 63.059498 19.796566 -5.258 -0.856412 41.796043 -0.862643 -24.087318 2.958799 -18.696913 2.243541 -5.255037 -3.180159 14.282885 -0.826594 6.952501 -3e-06 -12.690602 1e-06 15.06965 -17.956518 2.91202 1.665666 -1.955923 -2.8783 4.727796 -4.170585 4.993925 11.020522 4e-06 -4e-06 12.109051 -3.735714 -2.866789 0.0 -3e-06 0.0 1.291988 -1.92855 -1.498091 14.800123 0.567468 3.865605 14.242571 -1.341735 -6.660665 19.631966 0.143927 -0.64825 50.906334 -0.674335 -6.491733 0.35303 -1.511152 -0.03194 20.222784 3.68431 2.316629 18.78727 6e-06 -2e-06 10.751625 -0.479868 1.397905 -2e-06 -1e-06 0.0 3.273806 0.305948 -0.580113 21.486805 11.830376 2.26613 8.162924 2e-06 -1e-06 18.399076 -3.798985 -4.940578 3e-06 -1e-06 -1e-06 -7.098288 1.897367 -25.923475 0.035247 0.335958 3.154996 0.009149 6.237433 -2.40057 1.456977 -1.869325 -5.505635 0.0 0.0 4e-06 -8.795068 -11.261551 28.178499 0.001842 0.910547 16.336119 4.740441 1.592359 3.820146 -1.579119 0.647493 -24.590521 0.0 1e-06 -1e-06 
0.0 0.0 0.0 0.0 -0.0 0.0 -20.461536 94.271889 617.322205 4.36515 -6.23181 -3.555682 -1.457965 1.555259 0.128234 -0.726545 4.025604 -5.49153 -2.69955 2.733293 13.218589 0.06437 3.401016 9.082831 0.62441 2.815272 -3.576415 5.734497 1.508344 -15.541645 7.7e-05 -2.2e-05 6e-06 0.034404 0.118985 0.125691 0.627095 -3.62105 -10.393529 -0.565032 3.855385 -10.455127 -7.620417 -0.478023 16.747683 -67.163246 -10.977538 26.605324 -0.034013 -14.333275 0.143793 17.575405 -9.469419 -15.456621 -5.882105 9.861284 0.70259 -10.936868 -0.360574 7.156204 -0.0 8.774825 -1e-06 -16.176872 18.056398 6.095789 -1.844032 2.498504 -2.507276 -10.163596 4.678945 4.621108 -20.976017 -3e-06 2e-06 -21.226278 2.451698 -3.593999 1e-06 -6e-06 -0.0 -1.362682 2.240798 -0.746322 -21.334909 0.58491 3.008322 -13.821211 -2e-06 1e-06 -23.887165 -0.249077 -0.839485 -61.599098 2.261516 -0.788427 -0.294025 1.679687 0.833257 -14.218203 0.093216 1.300581 -34.212036 -0.287563 0.967169 -20.033205 0.964537 1.212842 0.0 -0.0 1e-06 -3.440388 0.788235 0.501654 -15.928185 -3.167308 2.999708 -6.338825 -0.0 0.0 -18.123444 3.648184 -4.905669 -5e-06 0.0 -1e-06 -1.468717 18.99456 14.0799 64.177002 20.246679 0.160414 -0.654894 30.297705 -0.667377 -16.176771 0.553691 -18.334684 2.24354 -5.255034 -3.180157 14.282883 -0.826597 6.952502 -0.0 -12.6906 0.0 15.087524 -18.172472 3.092404 1.665665 -1.95592 -2.878298 4.727797 -4.170586 4.993922 11.02052 3e-06 1e-06 12.109045 -3.735716 -2.866781 -0.0 0.0 0.0 1.291984 -1.928545 -1.498088 14.800122 0.567468 3.865608 14.242564 -1.341739 -6.660654 19.631958 0.143923 -0.648242 50.660591 -1.082945 -6.521623 0.353029 -1.511149 -0.031939 20.222778 3.684307 2.316633 18.78726 1e-06 0.0 10.75162 -0.479873 1.397905 -0.0 2e-06 -1e-06 3.273805 0.305948 -0.58011 21.486801 11.830368 2.266135 8.162924 -1e-06 1e-06 18.399076 -3.798988 -4.940572 2e-06 0.0 -1e-06 -10.046683 1.198766 -26.330757 0.183647 0.605832 10.941126 1.828425 5.402461 4.643912 1.573128 -1.850764 -4.804377 0.0 0.0 3e-06 -13.323994 -11.761965 23.724619 0.194704 1.236152 29.308134 5.495783 2.673183 16.000694 -1.572049 0.642081 -25.56827 0.0 0.0 -3e-06 
0.0 0.0 0.0 0.0 -0.0 0.0 -20.606188 94.217247 625.669312 6.523312 -4.695414 -4.762789 -2.551688 1.238738 0.812568 -1.098282 3.892401 -5.420259 -3.921921 2.736451 13.415985 0.879993 2.900369 9.132877 0.296543 2.386089 -3.697023 5.888439 0.898942 -16.27812 7.7e-05 -2.2e-05 6e-06 0.043937 0.112587 0.041504 0.692378 -3.607596 -10.490646 -0.61008 3.828402 -10.513377 -6.809615 -1.755286 17.317654 -67.041527 -11.407292 27.295446 -0.881592 -13.183877 0.321269 16.076998 -8.365868 -14.339535 -5.882103 9.861284 0.70259 -10.936865 -0.360573 7.156199 -1e-06 8.774822 -2e-06 -16.004362 17.897936 6.031337 -1.844031 2.498504 -2.507277 -10.163594 4.678944 4.621105 -20.976009 -1e-06 1e-06 -21.226271 2.451699 -3.594 -0.0 -6e-06 -1e-06 -1.36268 2.240797 -0.746322 -21.3349 0.584912 3.008318 -13.821205 -0.0 1e-06 -23.887152 -0.249076 -0.839486 -61.236477 2.25937 -0.761335 -0.294025 1.679688 0.833256 -14.2182 0.093217 1.300579 -34.212032 -0.287563 0.967165 -20.033201 0.964535 1.21284 1e-06 0.0 0.0 -3.440386 0.788234 0.501656 -15.928176 -3.167308 2.999705 -6.338821 -1e-06 1e-06 -18.123436 3.648184 -4.90567 -2e-06 -0.0 -3e-06 -1.5455 18.525942 14.409599 67.674728 20.826658 3.796761 -0.042808 19.729498 -0.289152 -9.505707 -0.657727 -16.797771 2.24354 -5.255033 -3.180155 14.282876 -0.826593 6.952494 -2e-06 -12.690592 -1e-06 15.499837 -18.121353 2.93306 1.665664 -1.955921 -2.878296 4.727793 -4.170584 4.993918 11.020513 3e-06 -1e-06 12.109036 -3.735711 -2.866782 0.0 0.0 -2e-06 1.291985 -1.928548 -1.498087 14.800112 0.567466 3.865601 14.242558 -1.341736 -6.660654 19.631948 0.143926 -0.648245 49.952347 -1.079315 -6.482248 0.353027 -1.511151 -0.03194 20.222767 3.684305 2.316625 18.787251 5e-06 -3e-06 10.751616 -0.479867 1.397903 -0.0 1e-06 -2e-06 3.273803 0.305947 -0.58011 21.486788 11.83036 2.266129 8.162917 4e-06 -1e-06 18.399063 -3.79898 -4.940573 3e-06 0.0 -2e-06 -12.868423 0.425406 -25.493122 0.400855 0.688757 20.174547 2.183875 4.464139 4.559666 1.623876 -1.906352 -3.116007 0.0 -0.0 2e-06 -15.59301 -10.684841 17.807741 0.097032 1.21592 43.873508 7.678924 1.709372 25.71229 -1.454868 0.905216 -8.20385 0.0 0.0 -1e-06 
0.0 0.0 0.0 0.0 -0.0 0.0 -20.817762 94.249802 633.42865 8.37125 -3.238353 -6.482618 -3.325409 0.98364 1.640509 -1.419484 3.655708 -5.141349 -4.931489 2.20012 14.037266 0.871264 2.905484 9.714188 0.168358 2.381636 -3.805581 5.727194 0.408877 -17.557314 7.7e-05 -2.3e-05 6e-06 0.030343 0.082745 0.053522 0.727348 -3.660699 -10.643285 -0.672265 3.820465 -10.6508 -6.044991 -2.419424 18.140272 -66.91745 -12.900113 28.850573 -1.429382 -12.470975 0.324578 14.336826 -7.044324 -11.619859 -5.882103 9.861283 0.702591 -10.936865 -0.360573 7.156203 -2e-06 8.774822 -3e-06 -16.054371 18.055925 6.190111 -1.844031 2.498505 -2.507278 -10.163593 4.678946 4.621109 -20.976009 1e-06 2e-06 -21.226274 2.4517 -3.594001 -0.0 -7e-06 0.0 -1.362681 2.240797 -0.746323 -21.3349 0.584913 3.008322 -13.821205 0.0 3e-06 -23.887156 -0.249075 -0.839486 -61.668835 2.367949 -0.483418 -0.294026 1.679687 0.833256 -14.218198 0.093218 1.300581 -34.212021 -0.287555 0.967168 -20.033201 0.964538 1.21284 -1e-06 1e-06 -1e-06 -3.440387 0.788234 0.501656 -15.928176 -3.167305 2.999707 -6.338821 0.0 -0.0 -18.123436 3.648185 -4.905671 -5e-06 -1e-06 -2e-06 -1.834592 18.076954 15.505906 71.671158 21.48064 8.014255 0.440675 11.736506 -0.08541 -4.250694 -1.572407 -13.812653 2.243542 -5.255035 -3.180156 14.28288 -0.826598 6.952502 2e-06 -12.690598 -0.0 15.736756 -18.140657 2.92021 1.665666 -1.955922 -2.878298 4.727796 -4.170586 4.993922 11.020517 -1e-06 -1e-06 12.109042 -3.735717 -2.866782 -0.0 0.0 -2e-06 1.291985 -1.928549 -1.498089 14.800117 0.567464 3.86561 14.24256 -1.341739 -6.660654 19.631948 0.143919 -0.648244 49.725456 -0.581856 -6.337973 0.353029 -1.511149 -0.031941 20.222773 3.684301 2.316632 18.787258 -1e-06 2e-06 10.751617 -0.479872 1.397906 2e-06 0.0 1e-06 3.273803 0.305947 -0.58011 21.486792 11.83036 2.266134 8.162919 -1e-06 1e-06 18.399071 -3.798989 -4.940574 4e-06 0.0 -1e-06 -15.512417 1.268076 -20.94549 0.326995 0.657807 24.120621 3.408289 3.115148 1.546605 1.601783 -1.889937 -1.735973 0.0 -0.0 2e-06 -16.084723 -8.218548 11.296474 0.102804 1.040816 56.817822 9.63234 1.382979 22.161797 -1.480258 0.974343 -3.575708 -1e-06 -0.0 -0.0 
0.0 0.0 0.0 0.0 -0.0 0.0 -20.889469 94.936905 640.504272 9.58479 -2.928624 -7.967658 -3.680494 0.893546 2.31733 -1.549039 3.278018 -4.845226 -5.378844 1.957383 14.53862 0.207057 3.279677 10.369686 0.13837 2.336973 -3.777104 5.485077 0.09481 -17.98735 7.7e-05 -2.3e-05 6e-06 0.026749 0.134999 0.078908 0.705654 -3.61484 -10.63748 -0.656912 3.877919 -10.637726 -6.716246 -2.507017 18.369524 -66.207726 -14.162644 29.537632 -1.33832 -12.386896 0.220096 13.387817 -6.012052 -9.073458 -5.882102 9.86128 0.70259 -10.936865 -0.360574 7.156203 -0.0 8.77482 -3e-06 -15.969503 18.110689 6.189829 -1.844032 2.498502 -2.507277 -10.163594 4.678941 4.621107 -20.976011 -4e-06 3e-06 -21.226271 2.451696 -3.593997 0.0 -7e-06 1e-06 -1.36268 2.240796 -0.746323 -21.3349 0.584909 3.008324 -13.821205 -3e-06 0.0 -23.887156 -0.24908 -0.839484 -61.542881 2.33368 -0.375328 -0.294025 1.679686 0.833255 -14.218201 0.093215 1.300581 -34.212032 -0.287561 0.967171 -20.033203 0.964538 1.212844 0.0 1e-06 -1e-06 -3.440387 0.788233 0.501655 -15.928177 -3.167308 2.999706 -6.338821 -1e-06 0.0 -18.123438 3.648181 -4.905665 -4e-06 -1e-06 -1e-06 -1.036491 17.373581 17.021219 74.287262 21.267572 12.96222 0.775291 7.020834 0.028672 -0.325958 -2.349715 -10.585661 2.243541 -5.255036 -3.180158 14.282894 -0.826594 6.952504 -3e-06 -12.690601 0.0 15.877318 -18.004801 2.833611 1.665666 -1.955921 -2.878298 4.7278 -4.170586 4.993923 11.020528 4e-06 -1e-06 12.109053 -3.735714 -2.866782 -0.0 0.0 -2e-06 1.291985 -1.928549 -1.498088 14.800129 0.567469 3.865609 14.242574 -1.341735 -6.660655 19.631969 0.143927 -0.648244 49.728127 -0.248358 -6.363322 0.353028 -1.51115 -0.031941 20.222794 3.68431 2.31663 18.787273 5e-06 1e-06 10.751629 -0.479868 1.397907 -3e-06 -1e-06 0.0 3.273807 0.305947 -0.580111 21.486816 11.830373 2.266132 8.162929 2e-06 1e-06 18.399082 -3.798985 -4.940573 2e-06 -0.0 -1e-06 -17.078449 2.788761 -14.49756 0.274546 0.646994 23.692881 4.40124 2.443274 -2.387995 1.589903 -1.825805 -1.158623 0.0 0.0 2e-06 -15.749255 -5.625571 3.813781 0.137068 0.73508 65.766678 7.542921 -1.1186 12.889466 -1.464534 0.982916 -3.783281 0.0 -0.0 -1e-06 
0.0 0.0 0.0 0.0 -0.0 0.0 -20.895802 95.869202 647.272034 10.049088 -3.009288 -9.042679 -3.863095 0.77907 2.968744 -1.499893 2.730024 -4.441945 -5.380035 1.611601 14.616142 -0.561353 3.600947 10.636292 0.166935 2.417829 -3.621968 5.216632 0.195527 -18.102871 7.7e-05 -2.3e-05 6e-06 0.025006 0.166518 0.100319 0.673562 -3.576734 -10.562621 -0.627071 3.903264 -10.564849 -7.805041 -2.725015 18.150551 -65.795189 -14.717487 28.876057 -0.63904 -13.221144 0.041003 13.962679 -5.625186 -7.971814 -5.882103 9.861281 0.702591 -10.936867 -0.360575 7.156204 1e-06 8.774821 -1e-06 -15.739053 18.187508 6.317942 -1.844032 2.498503 -2.507277 -10.163595 4.678942 4.621108 -20.976017 -5e-06 3e-06 -21.226276 2.451696 -3.593996 -0.0 -5e-06 1e-06 -1.362681 2.240797 -0.746322 -21.334904 0.584908 3.008323 -13.821208 -4e-06 2e-06 -23.887163 -0.249079 -0.839479 -61.228283 2.197316 -0.317905 -0.294025 1.679687 0.833256 -14.218204 0.093214 1.300581 -34.212036 -0.287562 0.967172 -20.033205 0.964536 1.212844 1e-06 1e-06 1e-06 -3.440388 0.788234 0.501656 -15.928179 -3.167309 2.999705 -6.338823 -1e-06 2e-06 -18.12344 3.64818 -4.90567 -4e-06 -0.0 -3e-06 0.208812 16.372946 18.032606 76.17662 19.268314 17.445133 0.821497 6.056419 0.043655 2.067528 -2.167297 -8.036725 2.24354 -5.255036 -3.180158 14.282887 -0.826595 6.952504 -2e-06 -12.6906 -1e-06 16.128773 -17.931253 2.709644 1.665665 -1.955921 -2.878298 4.727797 -4.170587 4.993926 11.02052 2e-06 0.0 12.109049 -3.735715 -2.866784 -0.0 0.0 0.0 1.291985 -1.928549 -1.498088 14.800122 0.567466 3.86561 14.242566 -1.341737 -6.660656 19.631956 0.143923 -0.648245 49.818558 -0.235602 -6.416101 0.353028 -1.51115 -0.031942 20.222784 3.684308 2.316631 18.787268 3e-06 -0.0 10.751622 -0.479869 1.397906 -1e-06 -2e-06 0.0 3.273805 0.305946 -0.580113 21.486803 11.830368 2.266136 8.162924 1e-06 0.0 18.399076 -3.798985 -4.940574 3e-06 0.0 -2e-06 -17.565033 3.777662 -6.829443 0.260863 0.668937 19.853472 4.867835 2.04704 -5.034562 1.591856 -1.843496 -0.885164 -0.0 0.0 2e-06 -14.81062 -3.453826 -3.892405 0.141077 0.295326 69.579674 3.223442 -5.940592 3.406391 -1.4598 0.951854 -4.333545 0.0 0.0 -1e-06 
0.0 0.0 0.0 0.0 -0.0 0.0 -20.965746 96.541611 654.101379 9.753451 -2.676851 -9.570778 -3.905027 0.543635 3.592798 -1.38151 1.982951 -4.084433 -5.088149 0.984951 14.495926 -1.082144 3.717155 10.282826 0.300801 2.559449 -3.476296 4.856126 0.483674 -18.372175 7.7e-05 -2.3e-05 6e-06 0.024745 0.14044 0.121925 0.657153 -3.598379 -10.483257 -0.609976 3.876073 -10.494392 -8.557693 -3.372232 17.71484 -65.795082 -14.999304 27.702269 0.135391 -14.695632 -0.139545 15.184232 -5.810316 -8.023594 -5.882104 9.861283 0.70259 -10.93687 -0.360578 7.1562 2e-06 8.774823 0.0 -15.571863 18.240704 6.465542 -1.844033 2.498503 -2.507277 -10.1636 4.678942 4.621105 -20.976023 -7e-06 1e-06 -21.226286 2.451694 -3.593999 0.0 -6e-06 0.0 -1.362682 2.240797 -0.746324 -21.334913 0.584905 3.008317 -13.821213 -5e-06 1e-06 -23.887173 -0.249083 -0.839483 -60.939651 2.129585 -0.316221 -0.294024 1.679687 0.833256 -14.218208 0.093213 1.300578 -34.212048 -0.287571 0.967168 -20.033215 0.964531 1.212844 0.0 2e-06 0.0 -3.440387 0.788234 0.501654 -15.928185 -3.167312 2.999705 -6.338826 -2e-06 -1e-06 -18.123446 3.64818 -4.905671 -4e-06 -0.0 -2e-06 1.52058 14.952069 18.596375 77.348328 16.118044 20.237389 0.562982 7.975436 0.023226 2.840611 -0.433559 -7.224949 2.243539 -5.255032 -3.180158 14.282881 -0.826592 6.952501 -5e-06 -12.690593 1e-06 16.337578 -17.980389 2.606406 1.665665 -1.95592 -2.878298 4.727796 -4.170583 4.993921 11.020519 4e-06 -0.0 12.109043 -3.735712 -2.866782 -1e-06 1e-06 -0.0 1.291984 -1.928548 -1.498089 14.800118 0.56747 3.865606 14.242561 -1.341733 -6.66065 19.631954 0.143927 -0.648241 49.996796 -0.286736 -6.431386 0.353029 -1.511149 -0.031941 20.222776 3.684309 2.316631 18.787258 7e-06 2e-06 10.751619 -0.479869 1.397907 -1e-06 1e-06 -0.0 3.273804 0.305947 -0.580109 21.486799 11.830368 2.266132 8.162921 2e-06 0.0 18.399067 -3.79898 -4.940567 3e-06 -1e-06 -1e-06 -17.337421 3.594252 1.129426 0.249179 0.647406 14.386465 5.110653 1.836416 -6.374691 1.604453 -1.89137 -0.757691 -0.0 0.0 2e-06 -13.435592 -2.145817 -11.104199 0.071114 -0.102729 68.135437 -0.758502 -10.84306 -2.958822 -1.465261 0.906318 -4.697787 0.0 0.0 -3e-06 
0.0 0.0 0.0 0.0 -0.0 0.0 -21.171745 96.728157 661.098389 8.80821 -1.877973 -9.411982 -3.753192 0.125195 4.025967 -1.239898 1.160976 -3.859174 -4.699936 0.136763 14.360615 -1.270225 3.53095 9.43014 0.507324 2.734742 -3.426332 4.543803 0.95052 -19.020283 7.7e-05 -2.3e-05 6e-06 0.029704 0.1028 0.131977 0.657471 -3.636989 -10.418981 -0.599183 3.844396 -10.439695 -8.87921 -4.306653 17.206543 -65.857658 -15.613845 26.510275 0.488001 -16.140516 -0.216357 16.326632 -6.423333 -8.077147 -5.882103 9.861279 0.702588 -10.936868 -0.360576 7.156202 2e-06 8.774821 0.0 -15.501424 18.228346 6.498682 -1.844033 2.498503 -2.507279 -10.163595 4.67894 4.621106 -20.976021 -7e-06 2e-06 -21.226276 2.451692 -3.593996 1e-06 -7e-06 -0.0 -1.362681 2.240798 -0.746322 -21.334909 0.584908 3.008323 -13.821212 -5e-06 1e-06 -23.887163 -0.249081 -0.839484 -60.675842 2.176419 -0.37345 -0.294024 1.679686 0.833256 -14.218205 0.093212 1.30058 -34.212036 -0.287567 0.967169 -20.033209 0.964535 1.212846 -1e-06 2e-06 2e-06 -3.440387 0.788233 0.501654 -15.928185 -3.16731 2.999706 -6.338826 -1e-06 3e-06 -18.123444 3.648178 -4.90567 -5e-06 -0.0 -3e-06 2.953499 13.272844 18.945604 77.655075 12.750308 21.478664 0.233648 11.317722 -0.020765 1.930107 2.560619 -8.184825 2.243539 -5.255032 -3.180155 14.28288 -0.82659 6.952498 -8e-06 -12.690593 2e-06 16.529211 -18.057924 2.564344 1.665665 -1.955919 -2.878298 4.727795 -4.170583 4.993919 11.02052 6e-06 -0.0 12.109042 -3.735708 -2.86678 0.0 -1e-06 -0.0 1.291984 -1.928547 -1.498089 14.80012 0.567473 3.865606 14.242562 -1.34173 -6.660651 19.631952 0.14393 -0.648241 50.230618 -0.314478 -6.35237 0.353028 -1.511149 -0.031939 20.222784 3.684313 2.31663 18.787262 9e-06 2e-06 10.75162 -0.479866 1.397906 0.0 1e-06 0.0 3.273805 0.305948 -0.580112 21.486805 11.830371 2.266132 8.162922 3e-06 0.0 18.399071 -3.798978 -4.940567 3e-06 0.0 -2e-06 -16.581337 2.573234 8.476822 0.222693 0.559693 8.687044 5.383542 1.822037 -6.923909 1.634468 -1.95183 -0.897604 -0.0 0.0 2e-06 -11.707535 -1.821597 -17.573599 0.010424 -0.26796 62.213223 -2.735546 -14.046041 -7.003747 -1.440212 0.889493 -5.268187 -0.0 0.0 -2e-06 
0.0 0.0 0.0 0.0 -0.0 0.0 -21.5287 96.493759 668.082031 7.760433 -0.761714 -8.529175 -3.67615 -0.133413 4.174602 -1.126353 0.394644 -3.781071 -4.446832 -0.991984 14.148584 -0.884674 3.159658 8.370265 0.695688 3.018686 -3.511693 4.286959 1.220776 -19.853201 7.7e-05 -2.2e-05 6e-06 0.040317 0.103621 0.123995 0.676352 -3.660118 -10.426661 -0.594767 3.874067 -10.445895 -8.499199 -5.476971 16.76897 -65.869171 -16.754875 25.463724 0.314803 -17.598391 -0.087812 16.88382 -7.297298 -7.840765 -5.882107 9.861288 0.70259 -10.936868 -0.360572 7.156206 -3e-06 8.774825 -0.0 -15.480417 18.145996 6.274353 -1.844032 2.498505 -2.507275 -10.163596 4.678947 4.621107 -20.976013 3e-06 2e-06 -21.226274 2.451704 -3.594001 0.0 -6e-06 0.0 -1.36268 2.240798 -0.746322 -21.334906 0.584916 3.008324 -13.821208 2e-06 2e-06 -23.887159 -0.24907 -0.839485 -60.280327 2.249941 -0.637094 -0.294025 1.679688 0.833256 -14.218203 0.093219 1.300582 -34.212036 -0.287553 0.967168 -20.033205 0.96454 1.212839 -0.0 0.0 1e-06 -3.440389 0.788234 0.501655 -15.928179 -3.167306 2.999708 -6.338824 1e-06 2e-06 -18.123444 3.648188 -4.905669 -4e-06 0.0 -2e-06 4.324287 11.625934 19.172453 77.634125 10.010853 22.043966 0.147712 14.132848 -0.046483 0.324376 5.190031 -8.796495 2.24354 -5.255034 -3.180155 14.282875 -0.826595 6.952495 1e-06 -12.690596 -0.0 16.757174 -18.207052 2.459661 1.665665 -1.955921 -2.878296 4.727795 -4.170585 4.993919 11.020514 0.0 -2e-06 12.109039 -3.735716 -2.866782 1e-06 -1e-06 -1e-06 1.291984 -1.928548 -1.498087 14.800115 0.567465 3.865606 14.242558 -1.341739 -6.660653 19.631948 0.143925 -0.648247 50.419781 -0.342278 -6.366832 0.353029 -1.51115 -0.031941 20.222771 3.684304 2.316628 18.787256 2e-06 -3e-06 10.75162 -0.479871 1.397905 1e-06 1e-06 0.0 3.273803 0.305946 -0.58011 21.486788 11.830363 2.26613 8.162921 0.0 0.0 18.399067 -3.798983 -4.940574 3e-06 0.0 -3e-06 -15.721018 1.300766 14.483188 0.171071 0.517457 4.257358 5.960404 1.962488 -7.511513 1.688447 -1.999919 -1.209043 0.0 -0.0 2e-06 -9.851227 -2.212819 -22.926327 0.049194 -0.132537 51.784679 -1.204649 -14.438465 -9.6401 -1.439229 0.951834 -4.936052 0.0 0.0 -1e-06 
0.0 0.0 0.0 0.0 -0.0 0.0 -21.973543 95.950531 674.822693 6.867325 0.516022 -7.303061 -3.708721 -0.212758 3.989019 -1.125175 -0.387626 -3.847687 -4.200295 -1.963282 14.127536 0.072886 2.909951 7.250803 0.638371 2.726459 -3.557741 4.024513 1.285439 -20.762707 7.7e-05 -2.3e-05 6e-06 0.03737 0.038272 0.119007 0.69518 -3.739177 -10.46243 -0.618814 3.828245 -10.474867 -7.832429 -6.798178 16.641186 -65.687775 -18.502035 24.931971 0.047153 -18.849327 0.009209 17.402412 -8.228819 -7.61765 -5.882105 9.86128 0.70259 -10.936864 -0.360574 7.156203 -1e-06 8.774819 -4e-06 -15.455433 18.120052 6.164844 -1.844032 2.498504 -2.507277 -10.163594 4.678944 4.621105 -20.976006 2e-06 2e-06 -21.226271 2.451699 -3.593997 3e-06 -5e-06 1e-06 -1.36268 2.240797 -0.746322 -21.334896 0.584913 3.008323 -13.821203 0.0 3e-06 -23.887154 -0.249073 -0.839485 -60.339428 2.486455 -0.949326 -0.294025 1.679688 0.833256 -14.218198 0.093218 1.30058 -34.212021 -0.287557 0.967169 -20.033199 0.964539 1.21284 -0.0 -0.0 0.0 -3.440385 0.788233 0.501654 -15.928172 -3.167306 2.999706 -6.33882 -1e-06 0.0 -18.123434 3.648185 -4.905665 -4e-06 0.0 -2e-06 5.551271 10.076483 19.434505 77.386307 8.334268 22.477978 0.282587 15.640491 -0.01223 -0.905104 6.541303 -8.370754 2.24354 -5.255034 -3.180156 14.282876 -0.826594 6.952496 -2e-06 -12.690599 -1e-06 16.71954 -18.366323 2.449118 1.665665 -1.955921 -2.878296 4.727794 -4.170586 4.99392 11.020514 2e-06 -5e-06 12.109039 -3.735714 -2.866784 1e-06 -2e-06 -1e-06 1.291984 -1.928548 -1.498088 14.800115 0.567468 3.865603 14.242559 -1.341737 -6.660654 19.631948 0.143925 -0.648246 50.352943 -0.352622 -6.460868 0.353029 -1.51115 -0.031941 20.222771 3.684307 2.316628 18.787254 4e-06 -2e-06 10.751617 -0.479869 1.397904 1e-06 0.0 1e-06 3.273804 0.305947 -0.58011 21.48679 11.830368 2.266132 8.162919 2e-06 -1e-06 18.399065 -3.798983 -4.940574 3e-06 1e-06 -1e-06 -14.617035 1.040763 18.676613 0.191188 0.480667 2.68994 6.007234 1.700787 -8.771298 1.724021 -1.999483 -1.956455 0.0 -0.0 2e-06 -8.038648 -2.980667 -25.953701 0.12724 0.002968 36.939468 1.333813 -13.012793 -9.729881 -1.430506 1.08994 -4.675562 0.0 0.0 -0.0 
0.0 0.0 0.0 0.0 -0.0 0.0 -22.446791 95.247429 681.510376 6.081502 1.66829 -6.161914 -3.819881 -0.279391 3.621089 -1.165154 -1.052037 -4.028405 -3.865839 -2.553917 14.220284 1.211136 2.600822 6.396944 0.345263 2.405235 -3.603382 3.684669 1.034431 -21.671034 7.7e-05 -2.2e-05 6e-06 0.035036 -0.045037 0.111948 0.70583 -3.808997 -10.467646 -0.63573 3.737553 -10.493982 -6.683324 -8.220966 16.871056 -65.875198 -20.42874 24.814615 -0.103286 -19.933563 -0.022687 18.10478 -8.987833 -7.795974 -5.8821 9.861275 0.702588 -10.936859 -0.360575 7.156199 0.0 8.774816 -3e-06 -15.532195 18.060013 6.256099 -1.84403 2.498501 -2.507277 -10.163589 4.678939 4.621105 -20.976 -2e-06 5e-06 -21.226259 2.451696 -3.593993 0.0 -6e-06 0.0 -1.36268 2.240796 -0.746323 -21.334888 0.584909 3.008321 -13.821197 -3e-06 2e-06 -23.88714 -0.249078 -0.83948 -60.687946 2.614726 -0.94071 -0.294025 1.679686 0.833256 -14.218195 0.093215 1.30058 -34.212013 -0.287563 0.967173 -20.033192 0.964538 1.212846 -1e-06 -0.0 -1e-06 -3.440383 0.788232 0.501654 -15.92817 -3.167307 2.999709 -6.338818 -0.0 1e-06 -18.123426 3.648181 -4.905663 -4e-06 1e-06 -1e-06 6.361707 8.828504 19.618597 77.276184 7.319636 22.195805 0.590989 15.966527 0.006139 -1.115517 7.083054 -6.644714 2.243539 -5.255033 -3.180155 14.282876 -0.826594 6.952496 -2e-06 -12.690593 2e-06 16.442719 -18.270613 2.551946 1.665665 -1.95592 -2.878298 4.727795 -4.170584 4.99392 11.020516 2e-06 -2e-06 12.109041 -3.735713 -2.866783 -1e-06 -1e-06 1e-06 1.291984 -1.928548 -1.498088 14.800112 0.567467 3.865605 14.24256 -1.341737 -6.66065 19.631943 0.143924 -0.648244 50.147923 -0.572351 -6.484348 0.353029 -1.511149 -0.031941 20.222771 3.684306 2.316627 18.787256 4e-06 -2e-06 10.751617 -0.479868 1.397904 1e-06 1e-06 -1e-06 3.273804 0.305947 -0.580112 21.48679 11.830361 2.266132 8.162919 1e-06 1e-06 18.399063 -3.798985 -4.940568 4e-06 -0.0 -2e-06 -13.004153 1.795115 22.303154 0.24039 0.41597 2.485456 5.884778 0.425032 -9.991188 1.751624 -1.925207 -3.2862 0.0 0.0 2e-06 -6.036954 -4.058534 -27.079109 0.182361 0.096609 20.99473 4.301212 -9.064041 -8.777764 -1.312391 1.219945 -5.590988 0.0 -0.0 0.0 
0.0 0.0 0.0 0.0 -0.0 0.0 -22.90757 94.500389 688.527893 4.807191 2.448038 -5.223719 -3.456114 -0.389865 3.036705 -1.204868 -1.495317 -4.238503 -3.443263 -3.119996 14.283067 2.05153 2.480336 6.069667 0.057106 2.179187 -3.711356 3.419352 0.778492 -22.281866 7.7e-05 -2.3e-05 6e-06 0.038734 -0.047105 0.09376 0.708719 -3.784017 -10.490433 -0.634754 3.709258 -10.524364 -5.778474 -9.180434 17.107834 -65.873482 -22.07638 25.079805 -0.016853 -20.504419 -0.082061 19.056042 -9.096878 -8.269668 -5.882101 9.86128 0.70259 -10.936863 -0.360576 7.156201 1e-06 8.774822 1e-06 -15.569502 18.112642 6.594378 -1.844031 2.498504 -2.507276 -10.163594 4.678944 4.621107 -20.976011 -4e-06 3e-06 -21.226273 2.451696 -3.593999 0.0 -5e-06 0.0 -1.362679 2.240797 -0.746324 -21.3349 0.584908 3.008319 -13.821205 -4e-06 2e-06 -23.887154 -0.249079 -0.839483 -60.949726 2.599345 -0.683611 -0.294025 1.679688 0.833256 -14.218198 0.093216 1.30058 -34.212021 -0.287565 0.967169 -20.033197 0.964534 1.212842 -0.0 -1e-06 1e-06 -3.440385 0.788232 0.501654 -15.928176 -3.167307 2.999703 -6.33882 -2e-06 1e-06 -18.123436 3.648179 -4.905667 -5e-06 -0.0 -2e-06 7.196807 8.177451 19.375078 77.001526 6.491118 21.592392 0.811719 15.324347 -0.029348 -1.090646 7.398211 -5.005355 2.243541 -5.255035 -3.180155 14.282885 -0.826595 6.952499 -1e-06 -12.6906 1e-06 16.327852 -18.046886 2.538899 1.665666 -1.955921 -2.878297 4.727797 -4.170586 4.993922 11.020522 2e-06 -2e-06 12.109048 -3.735715 -2.866784 -1e-06 -1e-06 -1e-06 1.291985 -1.928549 -1.498088 14.800122 0.567466 3.865606 14.242564 -1.341737 -6.660655 19.631956 0.143923 -0.648246 49.8895 -0.59569 -6.325066 0.353029 -1.51115 -0.03194 20.222784 3.684307 2.316629 18.78727 4e-06 -4e-06 10.751625 -0.479869 1.397904 1e-06 1e-06 0.0 3.273805 0.305947 -0.580111 21.486801 11.830368 2.26613 8.162925 1e-06 1e-06 18.399075 -3.798985 -4.940573 4e-06 0.0 -2e-06 -10.197323 3.02354 25.730164 0.270636 0.424838 2.98207 5.557971 -1.816426 -10.121824 1.789793 -1.871839 -5.921859 0.0 -0.0 2e-06 -2.883838 -4.813049 -27.239796 0.25294 0.329927 9.478073 6.464629 -6.882714 -8.942874 -1.211635 1.167213 -5.894212 0.0 0.0 0.0 
0.0 0.0 0.0 0.0 -0.0 0.0 -23.369715 94.04789 696.740417 2.671844 2.99696 -4.425704 -2.386639 -0.546327 2.203278 -1.185915 -1.822869 -4.543258 -2.72815 -3.672184 14.176461 2.301739 2.371241 6.176764 0.015199 2.161521 -3.729557 3.11677 0.797055 -21.960844 7.7e-05 -2.2e-05 6e-06 0.048711 0.004657 0.070904 0.725263 -3.740161 -10.558872 -0.635089 3.767286 -10.567904 -5.371733 -9.666375 16.767719 -65.710892 -22.708708 25.42211 0.154529 -20.330097 -0.11083 19.553646 -8.534559 -9.170025 -5.882101 9.861279 0.702589 -10.936866 -0.360577 7.156202 2e-06 8.774822 -1e-06 -15.581084 18.107544 6.765608 -1.844033 2.498504 -2.507278 -10.163594 4.678941 4.621107 -20.976015 -6e-06 1e-06 -21.226276 2.451693 -3.594001 1e-06 -5e-06 -1e-06 -1.362678 2.240797 -0.746326 -21.334906 0.584907 3.008321 -13.821209 -4e-06 1e-06 -23.887165 -0.249084 -0.839482 -61.062309 2.596452 -0.533458 -0.294025 1.679687 0.833258 -14.218203 0.093214 1.300577 -34.212036 -0.28757 0.967168 -20.033205 0.964534 1.212844 0.0 -1e-06 2e-06 -3.440387 0.788233 0.501654 -15.928183 -3.167308 2.999703 -6.338822 -2e-06 0.0 -18.12344 3.648178 -4.905669 -4e-06 -0.0 -2e-06 8.146276 7.803343 18.897711 76.263649 5.977452 21.122429 1.071983 14.298911 0.00626 -1.570156 7.749429 -4.483442 2.243542 -5.255035 -3.180159 14.282892 -0.826594 6.952501 -4e-06 -12.690601 0.0 16.458277 -17.890484 2.263125 1.665666 -1.955921 -2.878299 4.727799 -4.170587 4.993925 11.020528 4e-06 -2e-06 12.109055 -3.735715 -2.866783 -0.0 -2e-06 1e-06 1.291986 -1.928549 -1.49809 14.800131 0.567469 3.865608 14.242576 -1.341734 -6.660656 19.631973 0.143927 -0.648244 49.648533 -0.467197 -6.323096 0.353029 -1.51115 -0.031941 20.222797 3.684311 2.316629 18.787273 7e-06 -2e-06 10.751629 -0.479867 1.397906 1e-06 1e-06 -1e-06 3.273807 0.305947 -0.580112 21.486818 11.830376 2.266131 8.16293 3e-06 -2e-06 18.399088 -3.798982 -4.940573 4e-06 -0.0 -2e-06 -6.381697 3.468495 28.200447 0.246382 0.468188 5.431289 4.442679 -3.994524 -7.981827 1.861682 -1.771053 -11.323221 -0.0 0.0 2e-06 0.722753 -4.103151 -27.28772 0.331579 0.552084 7.323789 5.268526 -7.139912 -8.750305 -1.217997 1.125437 -6.12864 -0.0 0.0 -1e-06 
0.0 0.0 0.0 0.0 -0.0 0.0 -23.80324 93.95356 704.335876 -0.264235 3.301425 -3.53643 -0.646085 -0.779524 0.923844 -0.979026 -2.111366 -5.021409 -1.879944 -3.933777 14.067072 2.159065 2.333679 6.401395 -0.037309 2.323456 -3.857617 3.23169 0.890377 -20.295248 7.7e-05 -2.3e-05 6e-06 0.047385 0.031686 0.030795 0.703304 -3.719123 -10.573249 -0.616811 3.798501 -10.57512 -6.176503 -9.704244 16.320507 -64.718117 -22.316341 25.393339 0.236927 -19.882391 -0.171224 19.22205 -7.806635 -10.0081 -5.882102 9.86128 0.702592 -10.936866 -0.360574 7.156204 1e-06 8.774821 0.0 -15.49087 17.973005 6.716447 -1.844033 2.498503 -2.507277 -10.163595 4.678944 4.621109 -20.976013 -4e-06 3e-06 -21.226276 2.451697 -3.593996 1e-06 -4e-06 -0.0 -1.362679 2.240796 -0.746322 -21.334904 0.584907 3.008324 -13.821206 -3e-06 3e-06 -23.887157 -0.249078 -0.83948 -60.790009 2.433331 -0.59854 -0.294025 1.679688 0.833256 -14.218201 0.093213 1.300581 -34.212032 -0.287564 0.967174 -20.033203 0.964537 1.212844 1e-06 -1e-06 1e-06 -3.440387 0.788232 0.501654 -15.928179 -3.16731 2.999706 -6.338823 -3e-06 0.0 -18.123436 3.64818 -4.905665 -4e-06 -0.0 -3e-06 10.16089 7.518245 18.375458 74.278343 5.54617 20.674255 0.873991 13.398863 -0.01475 -2.370684 8.086095 -5.006915 2.243541 -5.255035 -3.180155 14.282885 -0.826596 6.952501 -1e-06 -12.6906 1e-06 16.56118 -17.668106 2.0304 1.665665 -1.955921 -2.878297 4.727798 -4.170585 4.99392 11.020522 1e-06 -1e-06 12.109048 -3.735715 -2.866783 -0.0 -1e-06 1e-06 1.291985 -1.928549 -1.498088 14.800122 0.567466 3.865606 14.242564 -1.341738 -6.660654 19.631958 0.143924 -0.648244 49.61927 -0.548549 -6.407727 0.353029 -1.51115 -0.031939 20.222784 3.684306 2.316631 18.78726 3e-06 -1e-06 10.751622 -0.47987 1.397903 -0.0 0.0 -0.0 3.273805 0.305946 -0.58011 21.486803 11.830367 2.266131 8.162922 1e-06 1e-06 18.399076 -3.798986 -4.940576 4e-06 1e-06 -2e-06 -1.451275 3.814786 27.671995 0.204715 0.304739 12.165889 2.297712 -6.462325 -2.53076 1.997723 -1.637529 -20.866131 -0.0 0.0 2e-06 4.6167 -2.708645 -26.941586 0.408798 0.559142 11.201825 -0.062979 -7.394896 -3.443503 -1.368856 1.0321 -6.159565 -0.0 0.0 0.0 
0.0 0.0 0.0 0.0 -0.0 0.0 -24.222588 94.065628 712.347473 -3.434634 3.397376 -3.277582 0.89937 -0.653714 0.110981 -0.601072 -2.442237 -5.358058 -0.522299 -4.07631 13.828436 1.969836 2.36073 6.79811 -0.174196 2.286624 -3.959497 3.415486 0.892743 -19.043751 7.7e-05 -2.3e-05 6e-06 0.05777 0.038198 0.033163 0.690552 -3.731914 -10.618697 -0.583144 3.8206 -10.603628 -7.149643 -9.661702 15.724803 -63.989651 -21.32836 25.375654 0.169821 -19.18269 -0.129086 18.213835 -6.931908 -9.968058 -5.882104 9.861284 0.702591 -10.936868 -0.360576 7.156205 0.0 8.774824 0.0 -15.522529 17.981014 6.554177 -1.844033 2.498503 -2.507277 -10.1636 4.678944 4.621107 -20.976023 -4e-06 5e-06 -21.226286 2.451697 -3.593997 1e-06 -5e-06 -2e-06 -1.362681 2.240798 -0.746324 -21.334913 0.584909 3.008325 -13.821213 -2e-06 3e-06 -23.887169 -0.249079 -0.839482 -60.186848 2.525659 -0.79866 -0.294025 1.679688 0.833257 -14.218208 0.093215 1.30058 -34.212048 -0.287564 0.967175 -20.033211 0.964537 1.212843 0.0 -1e-06 1e-06 -3.440388 0.788234 0.501656 -15.928185 -3.167309 2.999707 -6.338825 -3e-06 0.0 -18.123444 3.648182 -4.905668 -5e-06 1e-06 -2e-06 12.075184 7.661144 17.995321 72.245483 5.681669 19.388144 0.406199 12.398186 0.002903 -3.451379 8.26278 -6.419829 2.243541 -5.255035 -3.180156 14.28289 -0.826593 6.952499 -5e-06 -12.6906 -1e-06 16.644884 -17.673302 1.951993 1.665666 -1.955921 -2.878298 4.727798 -4.170585 4.993921 11.020526 4e-06 -3e-06 12.109053 -3.735714 -2.866781 -1e-06 -1e-06 0.0 1.291985 -1.928548 -1.498088 14.800125 0.56747 3.865605 14.242569 -1.341734 -6.660654 19.63196 0.143926 -0.648243 49.889748 -0.582293 -6.403191 0.353029 -1.51115 -0.031939 20.222792 3.684311 2.316629 18.78727 7e-06 -1e-06 10.751624 -0.479867 1.397904 -1e-06 0.0 -0.0 3.273806 0.305947 -0.580111 21.486813 11.830373 2.266131 8.162928 3e-06 0.0 18.399076 -3.798981 -4.940574 2e-06 0.0 -3e-06 3.722282 3.334516 24.106533 0.051939 -0.02124 23.878265 -1.534071 -8.634536 7.336281 2.133748 -1.474654 -26.440338 -0.0 -0.0 3e-06 8.40046 -1.088924 -25.704002 0.13591 0.297041 15.758797 -3.414447 -8.370202 4.354257 -1.398216 0.944064 -4.486746 0.0 -0.0 -1e-06 
0.0 0.0 0.0 0.0 -0.0 0.0 -24.462511 94.369354 720.318359 -5.876062 3.261317 -4.424237 1.661449 -0.499868 0.377061 -0.311961 -2.485297 -5.226974 1.104766 -3.953731 13.632775 1.855709 2.207183 7.338758 -0.096543 2.097423 -3.764163 3.291545 1.266606 -19.334366 7.7e-05 -2.3e-05 6e-06 0.03642 -0.017982 0.079282 0.662214 -3.785422 -10.556963 -0.596669 3.760961 -10.534936 -6.671135 -9.593986 15.744075 -64.907318 -20.991405 25.511478 0.022536 -18.68659 0.004313 16.789423 -5.693669 -9.216913 -5.882105 9.861284 0.702591 -10.936872 -0.360578 7.156207 2e-06 8.774825 -2e-06 -15.538527 18.08803 6.490625 -1.844031 2.498503 -2.507278 -10.163599 4.678943 4.621108 -20.976025 -8e-06 4e-06 -21.226288 2.451692 -3.593998 2e-06 -5e-06 -2e-06 -1.362679 2.240797 -0.746324 -21.334919 0.584905 3.008323 -13.821216 -6e-06 1e-06 -23.887175 -0.249084 -0.839478 -59.886799 2.57283 -0.814236 -0.294023 1.679686 0.833256 -14.218211 0.093212 1.300579 -34.212051 -0.287573 0.967176 -20.033218 0.96453 1.212846 1e-06 -0.0 -1e-06 -3.440388 0.788233 0.501653 -15.928189 -3.167312 2.999707 -6.338824 -3e-06 0.0 -18.123444 3.648177 -4.905665 -5e-06 0.0 -1e-06 12.523034 8.155167 17.849045 71.093956 6.901439 17.875271 -0.078245 11.993651 -0.015248 -4.689028 7.953942 -9.07505 2.243541 -5.255035 -3.180158 14.282892 -0.826593 6.952506 -5e-06 -12.690601 -0.0 16.676186 -17.861952 2.148516 1.665665 -1.955921 -2.878299 4.727798 -4.170586 4.993926 11.020526 4e-06 -0.0 12.109051 -3.735713 -2.866782 -0.0 0.0 -1e-06 1.291985 -1.928549 -1.498088 14.800131 0.567469 3.86561 14.242574 -1.341734 -6.660654 19.631969 0.143926 -0.648243 50.241207 -0.518198 -6.147937 0.353029 -1.51115 -0.03194 20.222788 3.68431 2.316633 18.78727 6e-06 2e-06 10.751628 -0.479869 1.397908 -0.0 0.0 1e-06 3.273807 0.305947 -0.58011 21.486818 11.830373 2.266136 8.16293 1e-06 0.0 18.399082 -3.798984 -4.94057 3e-06 0.0 -2e-06 6.855594 0.996154 18.83736 0.049287 0.090201 37.827229 -7.62292 -8.437192 16.751844 1.823333 -1.652008 -11.943993 0.0 0.0 4e-06 11.337871 -0.711766 -21.754509 -0.064039 -0.063908 19.285208 -4.535266 -8.469329 3.772374 -1.396209 0.920377 -2.7443 -0.0 0.0 -1e-06 
0.0 0.0 0.0 0.0 -0.0 0.0 -24.70726 95.185341 727.842163 -7.928649 3.701321 -5.664465 2.385253 -0.307653 0.905421 -0.107212 -2.093294 -5.086274 2.130677 -3.968932 13.461036 2.533369 1.774232 8.083147 -0.235396 1.858443 -3.804581 3.247103 1.285139 -19.795458 7.7e-05 -2.3e-05 6e-06 0.038283 0.054758 0.09372 0.681455 -3.73978 -10.620281 -0.61251 3.86007 -10.598548 -5.606549 -9.421945 15.869098 -65.993652 -21.049053 27.378765 0.125262 -18.263729 0.066738 15.350753 -4.6177 -8.490506 -5.882101 9.861279 0.702593 -10.936864 -0.360573 7.156201 -0.0 8.774818 -1e-06 -15.493261 18.162996 6.5127 -1.844031 2.498503 -2.507274 -10.163594 4.678943 4.621105 -20.976007 -1e-06 3e-06 -21.226271 2.451698 -3.593997 2e-06 -6e-06 1e-06 -1.36268 2.240796 -0.746322 -21.334896 0.584911 3.008322 -13.821203 -2e-06 3e-06 -23.887152 -0.249075 -0.83948 -59.968189 2.458966 -0.744258 -0.294024 1.679686 0.833256 -14.218198 0.093215 1.300581 -34.212029 -0.287562 0.967172 -20.033199 0.964539 1.212842 -1e-06 -0.0 0.0 -3.440386 0.788234 0.501659 -15.928176 -3.167305 2.999706 -6.338821 -0.0 1e-06 -18.123432 3.648182 -4.905665 -4e-06 -1e-06 -3e-06 12.813273 8.42135 17.649158 70.067276 8.819563 15.968624 -0.348538 12.088685 -0.057927 -6.20438 7.813271 -10.960608 2.24354 -5.255033 -3.180155 14.282876 -0.826594 6.952494 -1e-06 -12.690595 -2e-06 16.504103 -17.923519 2.427799 1.665664 -1.95592 -2.878296 4.727793 -4.170585 4.993918 11.020512 2e-06 -2e-06 12.109037 -3.735713 -2.866783 0.0 0.0 -1e-06 1.291984 -1.928548 -1.498088 14.800112 0.567468 3.865603 14.242558 -1.341737 -6.660653 19.631945 0.143925 -0.648244 50.576988 -0.371855 -5.885896 0.353029 -1.511149 -0.031941 20.222769 3.684306 2.316627 18.787252 4e-06 -2e-06 10.751616 -0.479868 1.397904 1e-06 -1e-06 1e-06 3.273803 0.305947 -0.58011 21.486788 11.830366 2.266131 8.162919 0.0 -2e-06 18.399059 -3.798982 -4.940572 4e-06 0.0 0.0 8.989509 -1.654046 11.875038 0.135946 -0.167472 50.740314 -7.661132 -4.197878 13.869935 1.857864 -1.85803 -6.247875 0.0 0.0 3e-06 13.84504 -1.816938 -15.588781 -0.133064 -0.173668 18.514826 -4.947742 -8.272324 0.248268 -1.415289 0.895906 -1.75186 -0.0 -0.0 -1e-06 
0.0 0.0 0.0 0.0 -0.0 0.0 -24.933762 96.210083 735.031006 -8.727816 4.431839 -6.802003 2.643422 -0.230694 1.391566 -0.070533 -1.523728 -4.896505 2.192354 -3.679772 13.240301 3.740863 1.115657 8.865264 -0.48065 1.602371 -3.840514 3.391 0.796546 -19.508932 7.7e-05 -2.2e-05 7e-06 0.038385 0.109081 0.102252 0.688791 -3.682371 -10.605982 -0.619437 3.91344 -10.591969 -4.135718 -9.177572 16.05357 -67.14518 -20.938269 28.945871 0.334492 -18.248072 -0.024813 14.089812 -4.173766 -8.216398 -5.882106 9.861284 0.70259 -10.936871 -0.360576 7.156207 1e-06 8.774823 -3e-06 -15.517575 18.189991 6.418587 -1.844032 2.498504 -2.507276 -10.163599 4.678944 4.621108 -20.976023 -3e-06 4e-06 -21.226286 2.451695 -3.593999 2e-06 -5e-06 1e-06 -1.362682 2.240796 -0.746324 -21.334913 0.584909 3.008323 -13.821213 -2e-06 2e-06 -23.887167 -0.249077 -0.839481 -59.940022 2.486096 -0.894824 -0.294025 1.679686 0.833255 -14.218207 0.093213 1.300578 -34.212048 -0.287564 0.967173 -20.033211 0.964535 1.212844 -0.0 -1e-06 -1e-06 -3.440388 0.788233 0.501656 -15.928185 -3.16731 2.999708 -6.338825 -3e-06 -1e-06 -18.123444 3.648183 -4.905667 -3e-06 -1e-06 -3e-06 12.729925 8.606353 17.28948 69.459595 10.904663 14.625143 -0.353484 13.018147 -0.109006 -7.661973 7.737615 -12.234346 2.243541 -5.255037 -3.180157 14.282894 -0.826594 6.952503 -3e-06 -12.690606 0.0 16.457232 -17.860224 2.593368 1.665666 -1.955921 -2.878299 4.727799 -4.170588 4.993924 11.020526 5e-06 -1e-06 12.109054 -3.735714 -2.866783 -1e-06 -0.0 -1e-06 1.291986 -1.928549 -1.498089 14.800129 0.567468 3.865606 14.242572 -1.341736 -6.66066 19.631969 0.143926 -0.648244 50.886185 -0.48264 -5.895508 0.353029 -1.511152 -0.03194 20.222794 3.684312 2.316631 18.787275 5e-06 -1e-06 10.751632 -0.479869 1.397908 -0.0 -1e-06 1e-06 3.273807 0.305948 -0.58011 21.486814 11.830379 2.266134 8.16293 3e-06 -1e-06 18.399082 -3.798985 -4.940573 5e-06 0.0 -2e-06 10.0255 -3.515248 4.36025 0.117094 -0.331629 59.705212 -4.845999 0.705482 7.171417 1.951028 -1.933064 -5.805564 0.0 0.0 3e-06 14.831141 -3.104594 -7.798726 -0.109966 -0.21408 13.980626 -5.217248 -8.139975 -1.989737 -1.42888 0.891626 -0.940507 0.0 0.0 -1e-06 
0.0 0.0 0.0 0.0 -0.0 0.0 -25.046707 96.975418 742.01532 -8.253642 4.868278 -7.824901 2.440665 -0.144788 1.971556 -0.135849 -0.828664 -4.601997 1.539856 -3.08893 12.877659 4.709593 0.654231 9.503257 -0.561422 1.202025 -3.832464 3.443991 0.252786 -18.913548 7.7e-05 -2.2e-05 6e-06 0.032554 0.112225 0.113 0.691127 -3.656023 -10.536427 -0.632946 3.894884 -10.532546 -2.746529 -8.845951 16.354816 -67.805527 -20.401648 29.80883 0.368872 -18.778288 -0.121629 13.336946 -4.157354 -8.526683 -5.882096 9.861273 0.702589 -10.936859 -0.360579 7.1562 3e-06 8.774816 -2e-06 -15.629251 18.263943 6.39917 -1.844032 2.498501 -2.507275 -10.163589 4.678938 4.621105 -20.976002 -9e-06 4e-06 -21.226261 2.45169 -3.593991 2e-06 -5e-06 1e-06 -1.36268 2.240795 -0.746322 -21.334888 0.584904 3.008321 -13.821198 -5e-06 2e-06 -23.887142 -0.249084 -0.839478 -60.208725 2.532897 -1.003642 -0.294024 1.679686 0.833256 -14.218191 0.093212 1.30058 -34.212009 -0.287571 0.967176 -20.033192 0.964533 1.212848 -1e-06 -0.0 0.0 -3.440386 0.788233 0.501654 -15.928172 -3.16731 2.999706 -6.338819 -3e-06 2e-06 -18.123425 3.648175 -4.905663 -4e-06 0.0 -1e-06 11.632788 9.119962 16.742165 69.708244 12.949256 13.722594 -0.085197 14.968961 -0.136244 -8.521072 7.77635 -12.520082 2.243538 -5.255029 -3.180153 14.282876 -0.82659 6.952493 -6e-06 -12.690588 2e-06 16.328423 -17.684109 2.724389 1.665665 -1.955919 -2.878296 4.727793 -4.170581 4.993916 11.020515 6e-06 -3e-06 12.10904 -3.735708 -2.866781 -2e-06 -0.0 -2e-06 1.291984 -1.928547 -1.498087 14.800114 0.567471 3.865602 14.242558 -1.34173 -6.660647 19.63195 0.143931 -0.648243 50.751842 -0.695562 -6.010528 0.353029 -1.511149 -0.031941 20.222771 3.684309 2.316625 18.787254 1.1e-05 -2e-06 10.751618 -0.479864 1.397905 0.0 0.0 1e-06 3.273804 0.305946 -0.580111 21.486794 11.830366 2.266125 8.162918 4e-06 -1e-06 18.399059 -3.798975 -4.940569 3e-06 1e-06 0.0 9.852208 -4.113597 -2.906451 0.098652 -0.330969 64.159149 -2.092608 4.822801 2.159347 1.948375 -1.956492 -5.688918 -0.0 -0.0 0.0 14.518667 -3.489778 0.673109 -0.068261 -0.284013 7.945072 -5.697469 -8.499292 -3.381163 -1.436455 0.945258 -0.53389 -0.0 -0.0 -1e-06 
0.0 0.0 0.0 0.0 -0.0 0.0 -24.928934 97.379608 748.715637 -6.729283 4.661338 -8.279185 1.828969 0.075334 2.575956 -0.242298 -0.083862 -4.363259 0.711126 -2.294985 12.466646 4.817618 0.771931 9.594843 -0.44974 0.757122 -3.803515 3.347599 -0.178435 -18.435062 7.7e-05 -2.3e-05 6e-06 0.030436 0.111829 0.100712 0.691441 -3.643312 -10.476638 -0.637519 3.87866 -10.48371 -2.346672 -8.173475 16.631203 -67.411819 -19.756666 30.538332 0.16296 -19.135597 -0.144379 12.722294 -4.29317 -8.79982 -5.882102 9.861281 0.702589 -10.936866 -0.360577 7.156198 3e-06 8.774822 -1e-06 -15.780295 18.315628 6.372017 -1.844031 2.498501 -2.507277 -10.163594 4.678942 4.621106 -20.976017 -8e-06 1e-06 -21.226276 2.451693 -3.593996 2e-06 -6e-06 -0.0 -1.36268 2.240797 -0.746322 -21.334906 0.584906 3.008316 -13.821208 -5e-06 -0.0 -23.887159 -0.249083 -0.839483 -60.680317 2.396303 -0.92251 -0.294024 1.679687 0.833256 -14.218201 0.093212 1.300577 -34.21204 -0.287572 0.967169 -20.033209 0.96453 1.212844 -0.0 -0.0 1e-06 -3.440388 0.788233 0.501655 -15.928179 -3.167311 2.999702 -6.338823 -3e-06 0.0 -18.12344 3.648176 -4.905672 -4e-06 1e-06 -1e-06 9.584063 10.044732 16.092575 70.269196 15.117263 13.255898 0.307032 18.069616 -0.132313 -8.799294 7.968132 -12.379919 2.243539 -5.255032 -3.180154 14.28288 -0.826592 6.952498 -4e-06 -12.690593 0.0 16.164366 -17.649929 2.844845 1.665665 -1.955919 -2.878297 4.727796 -4.170583 4.99392 11.020516 5e-06 0.0 12.10904 -3.735711 -2.86678 -1e-06 0.0 -1e-06 1.291984 -1.928548 -1.498087 14.800115 0.56747 3.865605 14.242559 -1.341733 -6.66065 19.631952 0.143927 -0.648243 50.63261 -0.857672 -6.04105 0.353029 -1.511149 -0.03194 20.222778 3.684308 2.316632 18.787256 7e-06 3e-06 10.75162 -0.479868 1.397908 -1e-06 1e-06 -0.0 3.273804 0.305947 -0.58011 21.486801 11.830364 2.266132 8.162921 3e-06 1e-06 18.399067 -3.798981 -4.940569 3e-06 1e-06 -3e-06 8.321371 -3.505877 -10.072541 0.094 -0.214761 64.343315 -0.216017 7.708906 -0.807348 1.901514 -1.971077 -5.560778 0.0 0.0 1e-06 13.119961 -3.425959 7.999273 -0.041367 -0.267105 3.282272 -5.98838 -8.757335 -5.079004 -1.438202 1.007826 -0.262377 -0.0 0.0 -1e-06 
0.0 0.0 0.0 0.0 -0.0 0.0 -24.603352 97.357437 755.070496 -4.996957 3.669558 -8.033965 1.258363 0.40944 2.884952 -0.282963 0.693421 -4.247 0.051552 -1.498355 12.224028 4.057136 1.28317 9.214365 -0.327158 0.579453 -3.783579 3.230428 -0.334134 -18.463385 7.7e-05 -2.3e-05 6e-06 0.016287 0.041639 0.090742 0.672652 -3.708509 -10.461347 -0.64703 3.798767 -10.465711 -3.039924 -7.206155 17.026989 -66.308113 -19.039505 30.570961 -0.084738 -19.247572 -0.093806 12.573709 -4.542883 -9.080125 -5.882104 9.861281 0.70259 -10.936866 -0.360575 7.156201 0.0 8.774821 -1e-06 -15.896829 18.336487 6.360299 -1.844032 2.498503 -2.507276 -10.163595 4.678942 4.621104 -20.976013 -4e-06 3e-06 -21.226278 2.451698 -3.593997 1e-06 -6e-06 -1e-06 -1.362681 2.240798 -0.746323 -21.334904 0.584909 3.008324 -13.821206 -3e-06 0.0 -23.887159 -0.249078 -0.83948 -60.954098 2.316493 -0.811273 -0.294024 1.679687 0.833255 -14.218201 0.093213 1.300579 -34.212032 -0.287565 0.96717 -20.033201 0.964534 1.212844 0.0 0.0 1e-06 -3.440388 0.788232 0.501658 -15.928179 -3.167309 2.999704 -6.338823 -2e-06 2e-06 -18.12344 3.648181 -4.905668 -4e-06 -0.0 -3e-06 7.154647 11.339285 15.328562 70.43045 17.167231 13.407461 0.400272 22.311806 -0.175427 -8.910912 8.369489 -12.798778 2.243539 -5.255034 -3.180157 14.282884 -0.826594 6.952502 -4e-06 -12.6906 0.0 16.154539 -17.767645 2.832564 1.665665 -1.95592 -2.878298 4.727797 -4.170586 4.993922 11.02052 2e-06 2e-06 12.109043 -3.735714 -2.86678 0.0 -1e-06 0.0 1.291984 -1.92855 -1.498088 14.800122 0.567469 3.865607 14.242565 -1.341737 -6.660654 19.631958 0.143926 -0.648242 50.752625 -0.937141 -6.16683 0.353028 -1.51115 -0.03194 20.222782 3.684309 2.31663 18.787266 5e-06 2e-06 10.751624 -0.479869 1.397907 -0.0 -0.0 0.0 3.273807 0.305944 -0.580111 21.486801 11.830369 2.266134 8.162925 1e-06 2e-06 18.399076 -3.798985 -4.940568 1e-06 0.0 -1e-06 6.197337 -2.340841 -16.617704 0.136764 -0.045577 60.285812 0.262284 9.432319 -2.926824 1.835901 -1.987245 -5.505807 0.0 -0.0 3e-06 11.375118 -3.015434 12.837867 -0.042806 -0.312504 1.848125 -5.338965 -8.567133 -7.20181 -1.438233 0.999705 -0.061525 0.0 0.0 -1e-06 
0.0 0.0 0.0 0.0 -0.0 0.0 -24.144876 97.111137 761.121826 -3.331715 2.367524 -7.27866 0.794448 0.65893 2.883163 -0.290611 1.413167 -4.294062 -0.490139 -0.808396 12.180584 2.783491 1.945041 8.577353 -0.199049 0.588826 -3.807975 3.170265 -0.295103 -18.746511 7.7e-05 -2.3e-05 6e-06 0.01685 0.028836 0.063916 0.660239 -3.718415 -10.443884 -0.633779 3.776784 -10.455691 -4.341942 -5.968431 17.419638 -65.135483 -18.169485 30.222231 -0.117613 -18.991077 -0.051397 12.861244 -4.89072 -9.548676 -5.882097 9.861272 0.70259 -10.936856 -0.360577 7.1562 1e-06 8.774815 -3e-06 -15.904843 18.43829 6.416461 -1.84403 2.498502 -2.507276 -10.163586 4.678936 4.621105 -20.975996 -5e-06 4e-06 -21.226255 2.451693 -3.593993 1e-06 -6e-06 -0.0 -1.362679 2.240795 -0.746324 -21.334887 0.584906 3.008321 -13.821197 -3e-06 4e-06 -23.887138 -0.249078 -0.839478 -61.087212 2.265746 -0.865642 -0.294024 1.679685 0.833254 -14.218189 0.093213 1.30058 -34.212002 -0.287562 0.967177 -20.033184 0.964537 1.212847 0.0 1e-06 2e-06 -3.440384 0.788232 0.501654 -15.928165 -3.167308 2.999709 -6.338817 -1e-06 3e-06 -18.123423 3.648176 -4.905661 -4e-06 -1e-06 -2e-06 4.747028 12.844941 14.711306 70.07354 19.244274 12.894129 0.336808 26.918303 -0.208004 -9.268059 9.002313 -13.656732 2.243538 -5.25503 -3.180155 14.282875 -0.826592 6.952499 -2e-06 -12.690588 -1e-06 16.03035 -17.895571 2.776955 1.665663 -1.955921 -2.878296 4.727795 -4.170583 4.99392 11.020512 4e-06 2e-06 12.109036 -3.735713 -2.866779 0.0 -0.0 0.0 1.291984 -1.928547 -1.498086 14.800112 0.567466 3.865605 14.242552 -1.341735 -6.660647 19.631941 0.143922 -0.64824 50.685661 -0.947307 -6.393866 0.353028 -1.511149 -0.031941 20.222769 3.684306 2.316632 18.787251 2e-06 4e-06 10.751618 -0.479872 1.397909 0.0 1e-06 0.0 3.273802 0.305947 -0.580109 21.48679 11.830359 2.266136 8.162919 2e-06 2e-06 18.399063 -3.798985 -4.940567 1e-06 0.0 -3e-06 3.846393 -1.438641 -21.836956 0.173494 0.147963 51.723606 0.181232 10.471009 -3.92825 1.786099 -2.082733 -5.313878 -0.0 -1e-06 1e-06 9.296805 -3.024545 16.388929 -0.05624 -0.374288 1.77903 -4.208617 -7.696096 -9.256266 -1.439157 0.956845 -0.351848 0.0 0.0 -1e-06 
0.0 0.0 0.0 0.0 -0.0 0.0 -23.634478 96.694931 767.281677 -2.073 0.83656 -6.411523 0.636637 0.83099 2.668279 -0.323659 2.042248 -4.416681 -0.895585 -0.221664 12.285934 1.428452 2.518574 7.938608 -0.122828 0.879408 -3.770811 3.142949 -0.257315 -19.223696 7.7e-05 -2.3e-05 6e-06 0.039781 0.109745 0.051261 0.661842 -3.623582 -10.378491 -0.589678 3.838472 -10.409872 -5.687177 -4.505199 17.667013 -64.387993 -17.04937 29.516447 -0.009176 -18.616209 -0.044458 13.501398 -5.503362 -10.088348 -5.882103 9.861278 0.702589 -10.936866 -0.360574 7.156201 1e-06 8.774819 -3e-06 -15.925595 18.590647 6.479481 -1.844031 2.498503 -2.507276 -10.163595 4.678941 4.621108 -20.976013 -3e-06 1e-06 -21.226278 2.451695 -3.593999 1e-06 -6e-06 -0.0 -1.362681 2.240796 -0.746322 -21.334908 0.584909 3.008323 -13.821208 -3e-06 -1e-06 -23.887161 -0.249078 -0.839484 -61.26886 2.270575 -1.077037 -0.294024 1.679685 0.833256 -14.218202 0.093214 1.300579 -34.21204 -0.287563 0.967168 -20.033205 0.964536 1.212844 0.0 2e-06 0.0 -3.440387 0.788233 0.501656 -15.928179 -3.167306 2.999706 -6.338823 -2e-06 0.0 -18.12344 3.64818 -4.905669 -4e-06 -1e-06 -3e-06 2.630865 14.354322 14.372537 69.41777 21.186119 11.962173 0.069695 30.970364 -0.217741 -9.933363 9.512018 -15.002813 2.243537 -5.255033 -3.180154 14.282873 -0.826594 6.9525 -3e-06 -12.690586 0.0 15.715383 -17.933615 2.786119 1.665663 -1.95592 -2.878294 4.727793 -4.170582 4.99392 11.020511 3e-06 3e-06 12.109035 -3.73571 -2.866777 -1e-06 1e-06 -0.0 1.291983 -1.928548 -1.498088 14.800114 0.56747 3.865607 14.242552 -1.341736 -6.660647 19.631943 0.143924 -0.648239 50.361897 -0.7862 -6.628519 0.353029 -1.511149 -0.031939 20.222765 3.684308 2.316635 18.787249 1e-06 5e-06 10.751616 -0.479869 1.397907 0.0 3e-06 0.0 3.273802 0.305947 -0.58011 21.48679 11.830359 2.266137 8.162915 2e-06 3e-06 18.399059 -3.798984 -4.940566 2e-06 2e-06 -2e-06 1.967379 -0.960408 -24.706171 0.142099 0.287359 38.831894 -0.149253 10.675323 -3.359132 1.700757 -2.177677 -4.802578 0.0 -0.0 2e-06 7.08164 -3.416988 19.404852 -0.059688 -0.440234 2.24986 -2.820479 -6.210434 -10.625958 -1.439507 0.906281 -1.618844 0.0 0.0 -1e-06 
0.0 0.0 0.0 0.0 -0.0 0.0 -23.11232 96.113243 774.221924 -1.501283 -1.048962 -5.717834 0.863287 1.010851 2.395542 -0.366185 2.641557 -4.565852 -1.052637 0.241349 12.314381 0.255857 3.084306 7.452885 -0.061314 1.361625 -3.658452 3.116755 -0.289801 -19.62245 7.7e-05 -2.2e-05 6e-06 0.07447 0.232691 0.05351 0.681744 -3.48702 -10.327808 -0.540329 3.943606 -10.373602 -6.484064 -2.851139 17.690069 -64.616203 -15.401197 28.722599 0.295763 -18.530388 -0.083014 14.211469 -6.536843 -10.887229 -5.882102 9.861278 0.702589 -10.936866 -0.360575 7.156205 1e-06 8.774819 -1e-06 -16.130465 18.794996 6.535103 -1.844032 2.498504 -2.507276 -10.163592 4.67894 4.621107 -20.976009 -4e-06 3e-06 -21.226273 2.451694 -3.593998 1e-06 -6e-06 -0.0 -1.36268 2.240796 -0.746322 -21.334904 0.584908 3.008322 -13.821206 -4e-06 2e-06 -23.887154 -0.249079 -0.83948 -61.800823 2.406586 -1.298929 -0.294024 1.679686 0.833256 -14.218201 0.093214 1.300579 -34.212032 -0.287564 0.967173 -20.033203 0.964536 1.212844 1e-06 2e-06 1e-06 -3.440386 0.788231 0.501658 -15.928179 -3.167309 2.99971 -6.338821 -2e-06 -1e-06 -18.123438 3.648179 -4.905666 -5e-06 -1e-06 -3e-06 0.689738 15.881317 14.230053 68.967346 22.572596 11.326786 -0.628766 34.329449 -0.426358 -10.611741 9.690046 -16.586517 2.243543 -5.255038 -3.180158 14.282885 -0.826594 6.952497 -2e-06 -12.690603 0.0 15.446374 -17.838837 2.860202 1.665667 -1.955923 -2.878298 4.727797 -4.170588 4.993921 11.020521 5e-06 -4e-06 12.10905 -3.735715 -2.866788 -2e-06 -1e-06 -2e-06 1.291986 -1.928549 -1.49809 14.800122 0.567469 3.865604 14.242568 -1.341737 -6.660661 19.631968 0.143928 -0.648249 49.884109 -0.54942 -6.730287 0.353029 -1.511149 -0.03194 20.222786 3.684309 2.316624 18.78727 7e-06 -5e-06 10.751624 -0.479867 1.397904 0.0 1e-06 -1e-06 3.273805 0.305946 -0.580112 21.486805 11.830376 2.266128 8.162922 2e-06 -3e-06 18.399076 -3.798983 -4.94058 3e-06 1e-06 -1e-06 1.331758 -1.011968 -25.641909 -0.027271 0.361551 24.082672 -1.126271 9.741426 -3.265576 1.585206 -2.207731 -4.927357 -0.0 0.0 3e-06 4.973578 -4.082991 22.30838 -0.124018 -0.354194 3.316275 -1.348036 -4.371914 -10.829437 -1.441276 0.860847 -4.133227 0.0 0.0 -1e-06 
0.0 0.0 0.0 0.0 -0.0 0.0 -22.534035 95.494667 782.345337 -1.289384 -2.765342 -5.019534 1.056171 1.192233 1.873885 -0.37327 3.052911 -4.68029 -0.969878 0.748133 12.162121 -0.463143 3.404269 7.136879 -0.130842 1.793754 -3.593959 3.301203 -0.485098 -19.865139 7.7e-05 -2.2e-05 6e-06 0.089943 0.244494 0.073438 0.686373 -3.486381 -10.367165 -0.514167 3.965347 -10.422935 -6.82643 -1.293563 17.982513 -65.346893 -14.026483 28.241947 0.584852 -18.645155 -0.082462 14.794467 -7.749272 -11.648787 -5.882103 9.861283 0.702589 -10.936868 -0.360575 7.156204 0.0 8.774823 -3e-06 -16.184483 18.943838 6.67284 -1.844031 2.498505 -2.507277 -10.163595 4.678944 4.621108 -20.976015 -2e-06 4e-06 -21.226276 2.451698 -3.594 1e-06 -6e-06 -1e-06 -1.36268 2.240797 -0.746323 -21.334906 0.584909 3.008323 -13.821209 -3e-06 5e-06 -23.887157 -0.249077 -0.839483 -62.561905 2.418473 -1.270051 -0.294025 1.679687 0.833254 -14.218204 0.093214 1.300581 -34.212036 -0.287562 0.967173 -20.033205 0.964538 1.212842 0.0 0.0 2e-06 -3.440386 0.788233 0.501655 -15.928183 -3.167308 2.999708 -6.338824 -2e-06 0.0 -18.123444 3.648183 -4.905669 -5e-06 -1e-06 -2e-06 -0.905933 17.034683 13.655648 68.818474 22.840799 11.29353 -1.319649 36.854019 -0.85624 -11.161716 9.515595 -17.856163 2.243542 -5.255037 -3.180158 14.282889 -0.826598 6.952504 -1e-06 -12.690606 -1e-06 15.335776 -17.926439 2.991201 1.665666 -1.955921 -2.878299 4.727799 -4.170587 4.993924 11.020526 3e-06 -0.0 12.109052 -3.735719 -2.866783 0.0 0.0 -1e-06 1.291986 -1.928549 -1.498089 14.800127 0.567469 3.865608 14.242571 -1.341738 -6.660659 19.631969 0.143926 -0.648246 49.936413 -0.334716 -6.826685 0.353029 -1.511149 -0.031939 20.222788 3.684307 2.316631 18.78727 -0.0 -2e-06 10.751626 -0.479869 1.397907 -1e-06 1e-06 -0.0 3.273807 0.305945 -0.58011 21.486809 11.830374 2.266132 8.162925 1e-06 1e-06 18.399086 -3.798985 -4.940576 3e-06 1e-06 -1e-06 1.42781 -1.375481 -25.995777 -0.220799 0.235323 11.640236 -1.609244 8.49173 -4.521251 1.488283 -2.16697 -5.337337 0.0 -0.0 3e-06 2.466092 -5.503973 24.73081 -0.298377 0.014656 5.436932 0.585871 -2.143215 -9.026832 -1.464253 0.827187 -9.254759 -0.0 -0.0 -1e-06 
