HIERARCHY
ROOT Root
{
  OFFSET 0.0 0.0 0.0
  CHANNELS 6 Xposition Yposition Zposition Zrotation Yrotation Xrotation
  JOINT Hips
  {
    OFFSET 0.0 100.0 0.0
    CHANNELS 6 Xposition Yposition Zposition Zrotation Yrotation Xrotation
    JOINT Spine1
    {
      OFFSET -0.013727 5.003763 -0.053727
      CHANNELS 3 Zrotation Yrotation Xrotation
      JOINT Spine2
      {
        OFFSET -0.0 7.125301 -0.029825
        CHANNELS 3 Zrotation Yrotation Xrotation
        JOINT Chest
        {
          OFFSET -1e-06 7.550063 -0.815971
          CHANNELS 3 Zrotation Yrotation Xrotation
          JOINT Neck1
          {
            OFFSET -0.181677 26.311295 -0.553348
            CHANNELS 3 Zrotation Yrotation Xrotation
            JOINT Neck2
            {
              OFFSET -3e-06 7.709397 2.302585
              CHANNELS 3 Zrotation Yrotation Xrotation
              JOINT Head
              {
                OFFSET -5e-06 6.128916 1.953709
                CHANNELS 3 Zrotation Yrotation Xrotation
                JOINT HeadEnd
                {
                  OFFSET 0.003598 16.065403 -1.835379
                  CHANNELS 3 Zrotation Yrotation Xrotation
                }
                JOINT Jaw
                {
                  OFFSET 0.002637 0.475592 3.094941
                  CHANNELS 3 Zrotation Yrotation Xrotation
                }
                JOINT LeftEye
                {
                  OFFSET 3.206381 5.380205 7.586883
                  CHANNELS 3 Zrotation Yrotation Xrotation
                }
                JOINT RightEye
                {
                  OFFSET -3.22244 5.361869 7.558234
                  CHANNELS 3 Zrotation Yrotation Xrotation
                }
              }
            }
          }
          JOINT LeftShoulder
          {
            OFFSET 1.621652 23.237164 5.113413
            CHANNELS 3 Zrotation Yrotation Xrotation
            JOINT LeftArm
            {
              OFFSET 14.919846 2e-06 -5.502326
              CHANNELS 3 Zrotation Yrotation Xrotation
              JOINT LeftForeArm
              {
                OFFSET 28.739307 0.0 -0.002588
                CHANNELS 3 Zrotation Yrotation Xrotation
                JOINT LeftHand
                {
                  OFFSET 27.093981 -1e-06 0.002609
                  CHANNELS 3 Zrotation Yrotation Xrotation
                  JOINT LeftHandThumb1
                  {
                    OFFSET 2.276482 -1.392045 3.191413
                    CHANNELS 3 Zrotation Yrotation Xrotation
                    JOINT LeftHandThumb2
                    {
                      OFFSET 4.012836 -1.828127 1.641654
                      CHANNELS 3 Zrotation Yrotation Xrotation
                      JOINT LeftHandThumb3
                      {
                        OFFSET 2.798515 0.0 -3e-06
                        CHANNELS 3 Zrotation Yrotation Xrotation
                        JOINT LeftHandThumbEnd
                        {
                          OFFSET 3.180793 -4e-06 4e-06
                          CHANNELS 3 Zrotation Yrotation Xrotation
                        }
                      }
                    }
                  }
                  JOINT LeftHandIndex1
                  {
                    OFFSET 3.247555 -0.531998 2.296169
                    CHANNELS 3 Zrotation Yrotation Xrotation
                    JOINT LeftHandIndex2
                    {
                      OFFSET 6.364578 0.01206 0.1786
                      CHANNELS 3 Zrotation Yrotation Xrotation
                      JOINT LeftHandIndex3
                      {
                        OFFSET 3.662364 0.0 0.0
                        CHANNELS 3 Zrotation Yrotation Xrotation
                        JOINT LeftHandIndex4
                        {
                          OFFSET 2.329242 4e-06 4e-06
                          CHANNELS 3 Zrotation Yrotation Xrotation
                          JOINT LeftHandIndexEnd
                          {
                            OFFSET 2.759615 -0.180537 -0.113024
                            CHANNELS 3 Zrotation Yrotation Xrotation
                          }
                        }
                      }
                    }
                  }
                  JOINT LeftHandMiddle1
                  {
                    OFFSET 3.163495 0.240981 1.000332
                    CHANNELS 3 Zrotation Yrotation Xrotation
                    JOINT LeftHandMiddle2
                    {
                      OFFSET 6.19078 -0.259278 -1.002548
                      CHANNELS 3 Zrotation Yrotation Xrotation
                      JOINT LeftHandMiddle3
                      {
                        OFFSET 4.35652 -4e-06 -1e-06
                        CHANNELS 3 Zrotation Yrotation Xrotation
                        JOINT LeftHandMiddle4
                        {
                          OFFSET 2.996877 -8e-06 0.0
                          CHANNELS 3 Zrotation Yrotation Xrotation
                          JOINT LeftHandMiddleEnd
                          {
                            OFFSET 2.304287 -0.294569 -0.031741
                            CHANNELS 3 Zrotation Yrotation Xrotation
                          }
                        }
                      }
                    }
                  }
                  JOINT LeftHandRing1
                  {
                    OFFSET 2.882643 -0.053652 -0.322543
                    CHANNELS 3 Zrotation Yrotation Xrotation
                    JOINT LeftHandRing2
                    {
                      OFFSET 5.854541 -0.486202 -1.373841
                      CHANNELS 3 Zrotation Yrotation Xrotation
                      JOINT LeftHandRing3
                      {
                        OFFSET 4.350578 0.0 3e-06
                        CHANNELS 3 Zrotation Yrotation Xrotation
                        JOINT LeftHandRing4
                        {
                          OFFSET 2.651321 7e-06 2e-06
                          CHANNELS 3 Zrotation Yrotation Xrotation
                          JOINT LeftHandRingEnd
                          {
                            OFFSET 1.936105 0.077687 -7.1e-05
                            CHANNELS 3 Zrotation Yrotation Xrotation
                          }
                        }
                      }
                    }
                  }
                  JOINT LeftHandPinky1
                  {
                    OFFSET 2.8655 -0.310005 -1.600378
                    CHANNELS 3 Zrotation Yrotation Xrotation
                    JOINT LeftHandPinky2
                    {
                      OFFSET 5.087849 -1.331141 -1.77123
                      CHANNELS 3 Zrotation Yrotation Xrotation
                      JOINT LeftHandPinky3
                      {
                        OFFSET 3.070974 4e-06 0.0
                        CHANNELS 3 Zrotation Yrotation Xrotation
                        JOINT LeftHandPinky4
                        {
                          OFFSET 1.549672 0.0 1e-06
                          CHANNELS 3 Zrotation Yrotation Xrotation
                          JOINT LeftHandPinkyEnd
                          {
                            OFFSET 1.944893 -0.157802 0.057219
                            CHANNELS 3 Zrotation Yrotation Xrotation
                          }
                        }
                      }
                    }
                  }
                }
              }
            }
          }
          JOINT RightShoulder
          {
            OFFSET -1.380118 23.180309 5.214158
            CHANNELS 3 Zrotation Yrotation Xrotation
            JOINT RightArm
            {
              OFFSET -15.037196 1.2e-05 -5.545604
              CHANNELS 3 Zrotation Yrotation Xrotation
              JOINT RightForeArm
              {
                OFFSET -28.736639 2e-06 -0.002597
                CHANNELS 3 Zrotation Yrotation Xrotation
                JOINT RightHand
                {
                  OFFSET -27.133619 -0.0 0.002613
                  CHANNELS 3 Zrotation Yrotation Xrotation
                  JOINT RightHandThumb1
                  {
                    OFFSET -2.274032 -1.383988 3.163127
                    CHANNELS 3 Zrotation Yrotation Xrotation
                    JOINT RightHandThumb2
                    {
                      OFFSET -4.011429 -1.827466 1.640914
                      CHANNELS 3 Zrotation Yrotation Xrotation
                      JOINT RightHandThumb3
                      {
                        OFFSET -2.794935 -4e-06 -3e-06
                        CHANNELS 3 Zrotation Yrotation Xrotation
                        JOINT RightHandThumbEnd
                        {
                          OFFSET -3.183852 4e-06 1e-06
                          CHANNELS 3 Zrotation Yrotation Xrotation
                        }
                      }
                    }
                  }
                  JOINT RightHandIndex1
                  {
                    OFFSET -3.253266 -0.520057 2.282866
                    CHANNELS 3 Zrotation Yrotation Xrotation
                    JOINT RightHandIndex2
                    {
                      OFFSET -6.341917 0.012471 0.178266
                      CHANNELS 3 Zrotation Yrotation Xrotation
                      JOINT RightHandIndex3
                      {
                        OFFSET -3.654871 -8e-06 -0.0
                        CHANNELS 3 Zrotation Yrotation Xrotation
                        JOINT RightHandIndex4
                        {
                          OFFSET -2.327586 0.0 1e-06
                          CHANNELS 3 Zrotation Yrotation Xrotation
                          JOINT RightHandIndexEnd
                          {
                            OFFSET -2.76179 -0.180656 -0.113078
                            CHANNELS 3 Zrotation Yrotation Xrotation
                          }
                        }
                      }
                    }
                  }
                  JOINT RightHandMiddle1
                  {
                    OFFSET -3.168106 0.246593 1.00103
                    CHANNELS 3 Zrotation Yrotation Xrotation
                    JOINT RightHandMiddle2
                    {
                      OFFSET -6.180828 -0.258836 -1.000895
                      CHANNELS 3 Zrotation Yrotation Xrotation
                      JOINT RightHandMiddle3
                      {
                        OFFSET -4.348901 0.0 -0.0
                        CHANNELS 3 Zrotation Yrotation Xrotation
                        JOINT RightHandMiddle4
                        {
                          OFFSET -3.00024 -4e-06 -2e-06
                          CHANNELS 3 Zrotation Yrotation Xrotation
                          JOINT RightHandMiddleEnd
                          {
                            OFFSET -2.30252 -0.29437 -0.031706
                            CHANNELS 3 Zrotation Yrotation Xrotation
                          }
                        }
                      }
                    }
                  }
                  JOINT RightHandRing1
                  {
                    OFFSET -2.88569 -0.067952 -0.308858
                    CHANNELS 3 Zrotation Yrotation Xrotation
                    JOINT RightHandRing2
                    {
                      OFFSET -5.854198 -0.48613 -1.373731
                      CHANNELS 3 Zrotation Yrotation Xrotation
                      JOINT RightHandRing3
                      {
                        OFFSET -4.33881 -4e-06 -0.0
                        CHANNELS 3 Zrotation Yrotation Xrotation
                        JOINT RightHandRing4
                        {
                          OFFSET -2.654903 -4e-06 4e-06
                          CHANNELS 3 Zrotation Yrotation Xrotation
                          JOINT RightHandRingEnd
                          {
                            OFFSET -1.933568 0.077527 -5.2e-05
                            CHANNELS 3 Zrotation Yrotation Xrotation
                          }
                        }
                      }
                    }
                  }
                  JOINT RightHandPinky1
                  {
                    OFFSET -2.866425 -0.342796 -1.584145
                    CHANNELS 3 Zrotation Yrotation Xrotation
                    JOINT RightHandPinky2
                    {
                      OFFSET -5.091371 -1.332055 -1.772385
                      CHANNELS 3 Zrotation Yrotation Xrotation
                      JOINT RightHandPinky3
                      {
                        OFFSET -3.062664 -4e-06 1e-06
                        CHANNELS 3 Zrotation Yrotation Xrotation
                        JOINT RightHandPinky4
                        {
                          OFFSET -1.546529 4e-06 -2e-06
                          CHANNELS 3 Zrotation Yrotation Xrotation
                          JOINT RightHandPinkyEnd
                          {
                            OFFSET -1.945119 -0.157718 0.057211
                            CHANNELS 3 Zrotation Yrotation Xrotation
                          }
                        }
                      }
                    }
                  }
                }
              }
            }
          }
        }
      }
    }
    JOINT LeftLeg
    {
      OFFSET 10.043214 -8.434526 2.595655
      CHANNELS 3 Zrotation Yrotation Xrotation
      JOINT LeftShin
      {
        OFFSET -1e-06 -43.221752 -0.802913
        CHANNELS 3 Zrotation Yrotation Xrotation
        JOINT LeftFoot
        {
          OFFSET 1e-06 -42.155094 -3.481523
          CHANNELS 3 Zrotation Yrotation Xrotation
          JOINT LeftToeBase
          {
            OFFSET 0.0 -5.059472 13.231529
            CHANNELS 3 Zrotation Yrotation Xrotation
            JOINT LeftToeEnd
            {
              OFFSET -0.009607 -1.647619 6.513017
              CHANNELS 3 Zrotation Yrotation Xrotation
            }
          }
        }
      }
    }
    JOINT RightLeg
    {
      OFFSET -10.047278 -8.29526 2.620317
      CHANNELS 3 Zrotation Yrotation Xrotation
      JOINT RightShin
      {
        OFFSET 1e-06 -43.362206 -0.805556
        CHANNELS 3 Zrotation Yrotation Xrotation
        JOINT RightFoot
        {
          OFFSET 2e-06 -42.117393 -3.478398
          CHANNELS 3 Zrotation Yrotation Xrotation
          JOINT RightToeBase
          {
            OFFSET -0.0 -5.079609 13.284196
            CHANNELS 3 Zrotation Yrotation Xrotation
            JOINT RightToeEnd
            {
              OFFSET 0.009532 -1.634378 6.460591
              CHANNELS 3 Zrotation Yrotation Xrotation
            }
          }
        }
      }
    }
  }
}
MOTION
Frames: 105
Frame Time: 0.03333333333333333
0.0 0.0 0.0 0.0 -0.0 0.0 1.958961 99.328499 -2.595006 -0.22448 0.237109 1.51812 0.173329 0.02984 -3.019846 -0.480703 -0.285419 -5.819753 -0.586096 -2.352123 9.337281 -0.518834 2.780757 5.080849 -0.63293 0.021382 -3.673435 1.685356 -1.160724 -4.118661 7.7e-05 -2.3e-05 6e-06 -0.008366 0.111663 -0.02892 0.764454 -3.605471 -10.62422 -0.783599 3.83848 -10.627955 -18.069489 -4.247584 13.510931 -59.376003 -2.211311 5.245587 -0.29542 -33.112877 0.307321 -3.103856 -0.133014 -16.709511 -5.882103 9.861282 0.70259 -10.936869 -0.360577 7.156201 2e-06 8.774822 -1e-06 -16.031757 18.498291 6.523983 -1.844032 2.498504 -2.507277 -10.163596 4.678944 4.621106 -20.976021 -6e-06 2e-06 -21.22628 2.451695 -3.593998 1e-06 -6e-06 -0.0 -1.362681 2.240798 -0.746323 -21.334911 0.584907 3.008321 -13.821208 -5e-06 1e-06 -23.887163 -0.249081 -0.839481 -60.452606 2.767058 -1.394242 -0.294024 1.679685 0.833256 -14.218204 0.093212 1.300579 -34.21204 -0.287566 0.967171 -20.033207 0.964534 1.212844 -0.0 0.0 -0.0 -3.440387 0.788233 0.501655 -15.928181 -3.16731 2.999705 -6.338824 -1e-06 0.0 -18.12344 3.648181 -4.90567 -6e-06 1e-06 -3e-06 24.88933 6.61593 17.235857 52.890713 7.965147 13.24964 -0.02168 32.849735 0.055432 1.82986 -2.838712 3.695234 2.243541 -5.255034 -3.180159 14.282886 -0.826593 6.9525 -4e-06 -12.690601 2e-06 16.021917 -17.748909 2.726379 1.665666 -1.955922 -2.878298 4.727797 -4.170586 4.993924 11.020523 3e-06 -2e-06 12.109048 -3.735713 -2.866785 0.0 -1e-06 -2e-06 1.291985 -1.928548 -1.49809 14.800125 0.567468 3.865606 14.242568 -1.341734 -6.660658 19.631968 0.143929 -0.648248 49.721443 -0.566469 -6.304223 0.353029 -1.511151 -0.03194 20.222786 3.684309 2.316628 18.78727 8e-06 -1e-06 10.751625 -0.479867 1.397903 1e-06 0.0 -2e-06 3.273806 0.305947 -0.58011 21.486809 11.830373 2.266129 8.162924 3e-06 0.0 18.399076 -3.798983 -4.940573 4e-06 -0.0 -1e-06 2.187719 11.949573 1.991404 -0.008768 -0.248378 1.920731 -3.175423 3.028049 -6.426054 1.642227 -1.95662 -0.280434 -0.0 0.0 2e-06 -2.195388 -7.510656 0.780912 0.033441 0.106816 1.859185 4.21824 1.973377 -5.017142 -1.423914 0.905473 0.158428 -0.0 -0.0 -1e-06 
0.0 0.0 0.0 0.0 -0.0 0.0 2.009258 99.365921 -2.508921 -0.20801 0.227338 1.599059 0.158458 0.014391 -3.006449 -0.461077 -0.26294 -5.825049 -0.585993 -2.384739 9.298138 -0.495092 2.717347 5.013311 -0.676282 0.094167 -3.675817 1.703614 -1.237421 -4.032939 7.7e-05 -2.2e-05 6e-06 -0.004093 0.128558 -0.036487 0.768366 -3.583092 -10.626343 -0.779443 3.849709 -10.632952 -18.002846 -4.24896 13.498515 -59.390762 -2.206935 5.091446 -0.359265 -33.268372 0.317661 -3.19434 -0.252832 -17.086702 -5.882102 9.861278 0.70259 -10.936864 -0.360576 7.156199 1e-06 8.774817 -2e-06 -16.109585 18.459253 6.444449 -1.844031 2.498504 -2.507276 -10.163592 4.67894 4.621105 -20.976009 -5e-06 3e-06 -21.226271 2.451694 -3.593996 1e-06 -5e-06 -1e-06 -1.36268 2.240796 -0.746323 -21.334898 0.584907 3.008322 -13.821203 -3e-06 2e-06 -23.887152 -0.249079 -0.83948 -60.511044 2.760814 -1.419151 -0.294025 1.679685 0.833255 -14.218199 0.093214 1.300579 -34.212021 -0.287566 0.96717 -20.033199 0.964534 1.212845 -0.0 -1e-06 2e-06 -3.440386 0.788233 0.501655 -15.928174 -3.167308 2.999705 -6.338821 -2e-06 1e-06 -18.123436 3.648179 -4.905665 -6e-06 -0.0 -3e-06 24.812111 6.606311 17.287785 52.943462 7.982463 13.124533 -0.104686 33.139431 0.016237 1.638174 -2.698309 3.115945 2.243538 -5.255033 -3.180155 14.28288 -0.826592 6.952498 -5e-06 -12.690592 1e-06 16.046711 -17.749748 2.677138 1.665663 -1.95592 -2.878298 4.727794 -4.170582 4.99392 11.020517 5e-06 1e-06 12.10904 -3.73571 -2.866783 -0.0 -1e-06 0.0 1.291984 -1.928547 -1.498088 14.800118 0.56747 3.865605 14.242558 -1.341731 -6.660653 19.63195 0.143928 -0.648242 49.691879 -0.549431 -6.333911 0.353029 -1.511149 -0.031941 20.222773 3.68431 2.31663 18.787256 7e-06 4e-06 10.75162 -0.479865 1.397908 1e-06 1e-06 0.0 3.273804 0.305948 -0.580113 21.486799 11.830367 2.266129 8.162921 3e-06 1e-06 18.399067 -3.798978 -4.940566 4e-06 -0.0 1e-06 2.129328 11.852776 1.886503 -0.014717 -0.249364 1.922087 -3.107915 3.097001 -6.41518 1.640625 -1.948172 -0.313327 -0.0 -0.0 2e-06 -2.211642 -7.523956 0.695919 0.021441 0.082315 1.835319 4.256814 1.969648 -5.008391 -1.423338 0.913876 0.116359 0.0 0.0 -1e-06 
0.0 0.0 0.0 0.0 -0.0 0.0 2.051893 99.390297 -2.475645 -0.205285 0.240424 1.661929 0.153731 0.007675 -3.002769 -0.457045 -0.269369 -5.834498 -0.56975 -2.412761 9.278399 -0.45607 2.689723 4.992032 -0.705555 0.13283 -3.685137 1.741466 -1.263642 -3.98771 7.7e-05 -2.3e-05 6e-06 -0.001886 0.119811 -0.041977 0.768705 -3.591174 -10.639162 -0.775784 3.840286 -10.644135 -17.932306 -4.25767 13.481773 -59.395203 -2.198945 5.024008 -0.352717 -33.44516 0.315255 -3.312159 -0.337903 -17.514767 -5.882102 9.861283 0.702589 -10.936866 -0.360576 7.156203 0.0 8.774821 -2e-06 -16.169561 18.449558 6.388864 -1.844031 2.498503 -2.507276 -10.163595 4.678943 4.621107 -20.976013 -3e-06 3e-06 -21.226276 2.451695 -3.593997 -0.0 -6e-06 -1e-06 -1.362681 2.240796 -0.746323 -21.334902 0.584909 3.008323 -13.821205 -3e-06 3e-06 -23.887157 -0.249079 -0.83948 -60.54385 2.738238 -1.413673 -0.294025 1.679688 0.833256 -14.218201 0.093214 1.30058 -34.212036 -0.287564 0.967173 -20.033205 0.964537 1.212845 -0.0 -0.0 0.0 -3.440387 0.788233 0.501656 -15.928179 -3.16731 2.999707 -6.338823 -1e-06 1e-06 -18.12344 3.64818 -4.905668 -6e-06 0.0 -3e-06 24.800068 6.605574 17.331991 52.988354 7.958374 12.985936 -0.200291 33.378475 -0.024684 1.548754 -2.598847 2.572477 2.24354 -5.255033 -3.180155 14.282883 -0.826592 6.952499 -3e-06 -12.690597 -2e-06 16.079664 -17.744997 2.632085 1.665665 -1.955921 -2.878298 4.727797 -4.170584 4.993919 11.02052 5e-06 -0.0 12.109043 -3.735713 -2.866782 -1e-06 -0.0 0.0 1.291985 -1.928548 -1.498087 14.800123 0.56747 3.865607 14.242564 -1.341735 -6.660651 19.631958 0.143925 -0.648242 49.653061 -0.544675 -6.351986 0.353029 -1.51115 -0.031938 20.222784 3.684308 2.316633 18.787266 3e-06 4e-06 10.751623 -0.47987 1.397907 1e-06 -0.0 -2e-06 3.273805 0.305947 -0.58011 21.486807 11.830368 2.266133 8.162922 2e-06 0.0 18.399073 -3.798982 -4.94057 5e-06 1e-06 -1e-06 2.088444 11.815527 1.813887 -0.01351 -0.24876 1.938044 -3.073789 3.127212 -6.457814 1.636601 -1.953751 -0.275789 0.0 -0.0 2e-06 -2.212331 -7.496438 0.629017 0.011933 0.064178 1.829818 4.214799 1.954663 -4.976615 -1.419375 0.901245 0.114543 0.0 0.0 -1e-06 
0.0 0.0 0.0 0.0 -0.0 0.0 2.068068 99.383736 -2.453064 -0.204131 0.251145 1.708807 0.153273 0.004625 -3.00194 -0.46038 -0.273044 -5.84316 -0.547325 -2.447693 9.266237 -0.409618 2.703582 4.975177 -0.740156 0.105999 -3.693391 1.764197 -1.292711 -3.93303 7.7e-05 -2.3e-05 6e-06 -0.000578 0.103299 -0.043996 0.768521 -3.609475 -10.654949 -0.773274 3.825654 -10.659113 -17.866257 -4.285722 13.457158 -59.392014 -2.170624 5.035173 -0.306737 -33.659351 0.298812 -3.369216 -0.435939 -17.851442 -5.882105 9.861284 0.702589 -10.93687 -0.360576 7.156205 1e-06 8.774825 0.0 -16.209478 18.463024 6.361818 -1.844032 2.498503 -2.507278 -10.163599 4.678946 4.621108 -20.976021 -4e-06 -2e-06 -21.226282 2.451695 -3.594002 -0.0 -5e-06 -0.0 -1.362681 2.240799 -0.746324 -21.334913 0.584909 3.008322 -13.821213 -2e-06 0.0 -23.887167 -0.24908 -0.839484 -60.564499 2.692472 -1.38897 -0.294025 1.679688 0.833256 -14.218205 0.093213 1.300579 -34.212048 -0.287565 0.967168 -20.033209 0.964536 1.212844 0.0 -0.0 -1e-06 -3.440388 0.788233 0.501655 -15.928183 -3.16731 2.999706 -6.338824 -1e-06 0.0 -18.123444 3.648181 -4.905672 -6e-06 0.0 -3e-06 24.79146 6.596061 17.356606 53.02742 7.928058 12.934419 -0.253731 33.491112 -0.05285 1.607851 -2.548454 2.270313 2.243541 -5.255034 -3.180157 14.282885 -0.826594 6.952503 -2e-06 -12.690598 0.0 16.118984 -17.744207 2.592848 1.665665 -1.955921 -2.878297 4.727797 -4.170585 4.993925 11.02052 2e-06 -1e-06 12.109047 -3.735713 -2.866783 -1e-06 -0.0 -1e-06 1.291985 -1.928548 -1.498089 14.800122 0.567468 3.865609 14.242564 -1.341736 -6.660655 19.631954 0.143924 -0.648242 49.61327 -0.545657 -6.35882 0.353029 -1.511151 -0.03194 20.222778 3.684307 2.316633 18.78726 2e-06 2e-06 10.751623 -0.479868 1.397908 1e-06 2e-06 -1e-06 3.273805 0.305946 -0.58011 21.486805 11.830366 2.266134 8.162924 2e-06 3e-06 18.399075 -3.798985 -4.94057 4e-06 1e-06 -1e-06 2.055079 11.812525 1.754234 -0.005708 -0.24826 1.977109 -3.06612 3.156287 -6.519672 1.633015 -1.96423 -0.240799 -0.0 -0.0 2e-06 -2.217207 -7.469131 0.587537 0.007211 0.046859 1.836207 4.165903 1.947125 -4.969188 -1.417439 0.884066 0.120491 0.0 0.0 -1e-06 
0.0 0.0 0.0 0.0 -0.0 0.0 2.065493 99.3591 -2.425895 -0.204463 0.271618 1.732014 0.160046 0.00356 -3.005718 -0.465593 -0.269451 -5.857434 -0.522442 -2.477346 9.263813 -0.382552 2.738723 4.996025 -0.765931 0.036166 -3.699301 1.759334 -1.322755 -3.878753 7.7e-05 -2.3e-05 6e-06 0.000169 0.099109 -0.039791 0.768331 -3.61614 -10.665822 -0.771762 3.82364 -10.671111 -17.812868 -4.338895 13.42589 -59.365185 -2.136393 5.137041 -0.260746 -33.853977 0.282713 -3.364844 -0.531053 -18.088289 -5.882105 9.861283 0.702591 -10.93687 -0.360575 7.156205 1e-06 8.774822 0.0 -16.210756 18.489717 6.377101 -1.844032 2.498503 -2.507278 -10.163598 4.678946 4.621109 -20.976021 -3e-06 0.0 -21.226286 2.451696 -3.593999 -0.0 -6e-06 0.0 -1.362681 2.240798 -0.746323 -21.334911 0.58491 3.008325 -13.821211 -2e-06 1e-06 -23.887167 -0.249078 -0.839483 -60.585136 2.662936 -1.350701 -0.294025 1.679687 0.833256 -14.218207 0.093216 1.30058 -34.212048 -0.287563 0.96717 -20.033213 0.964537 1.212844 0.0 -0.0 -0.0 -3.440388 0.788231 0.501656 -15.928185 -3.167308 2.999707 -6.338825 -1e-06 1e-06 -18.12344 3.648181 -4.905669 -6e-06 0.0 -3e-06 24.781378 6.572547 17.368164 53.050179 7.913195 13.041471 -0.290594 33.434467 -0.080985 1.771687 -2.558548 2.199844 2.24354 -5.255033 -3.180155 14.28288 -0.826594 6.952498 -3e-06 -12.690597 1e-06 16.142897 -17.744013 2.570559 1.665665 -1.95592 -2.878298 4.727795 -4.170584 4.993923 11.020518 3e-06 -2e-06 12.109043 -3.735713 -2.866783 0.0 -0.0 -0.0 1.291984 -1.928548 -1.498088 14.800117 0.567468 3.865605 14.24256 -1.341735 -6.660652 19.631954 0.143929 -0.648246 49.573929 -0.547198 -6.355356 0.353029 -1.51115 -0.031941 20.222778 3.684308 2.316629 18.787256 5e-06 -0.0 10.751622 -0.479867 1.397904 2e-06 0.0 -1e-06 3.273804 0.305947 -0.580111 21.486799 11.830368 2.26613 8.162921 2e-06 1e-06 18.399071 -3.798982 -4.94057 5e-06 1e-06 -2e-06 2.031874 11.803764 1.722468 0.001694 -0.247381 2.035812 -3.053997 3.189363 -6.605004 1.630024 -1.978878 -0.205544 -0.0 -0.0 2e-06 -2.225174 -7.440545 0.581893 0.003003 0.03032 1.846904 4.113551 1.9427 -4.981276 -1.417166 0.861608 0.113469 -0.0 -0.0 -1e-06 
0.0 0.0 0.0 0.0 -0.0 0.0 2.063526 99.32917 -2.395133 -0.204315 0.312757 1.730127 0.171093 0.008602 -3.019595 -0.468097 -0.265044 -5.874542 -0.502714 -2.505028 9.274956 -0.383283 2.776859 5.065592 -0.777225 -0.031744 -3.706155 1.743749 -1.353922 -3.810461 7.7e-05 -2.2e-05 6e-06 0.0004 0.105428 -0.033862 0.76759 -3.611719 -10.672766 -0.770635 3.831343 -10.681537 -17.791155 -4.380964 13.376863 -59.304928 -2.133684 5.26995 -0.257658 -33.954319 0.279388 -3.33281 -0.616997 -18.134335 -5.882102 9.861276 0.702591 -10.936865 -0.360574 7.156203 1e-06 8.774817 -1e-06 -16.196678 18.526787 6.414443 -1.844031 2.498502 -2.507277 -10.163592 4.67894 4.621107 -20.976007 -4e-06 4e-06 -21.226269 2.451694 -3.593995 -0.0 -5e-06 -1e-06 -1.36268 2.240795 -0.746323 -21.3349 0.58491 3.008323 -13.821205 -3e-06 2e-06 -23.887157 -0.249079 -0.839479 -60.605614 2.667373 -1.319463 -0.294024 1.679686 0.833256 -14.218199 0.093215 1.300581 -34.212032 -0.287562 0.967171 -20.033201 0.964537 1.212844 -0.0 -1e-06 1e-06 -3.440386 0.788232 0.501655 -15.928176 -3.167307 2.999707 -6.338822 -1e-06 2e-06 -18.123436 3.648179 -4.905664 -5e-06 0.0 -3e-06 24.789658 6.551858 17.364534 53.03709 7.912521 13.246504 -0.295657 33.220371 -0.100112 2.01128 -2.657274 2.40606 2.243538 -5.255029 -3.180154 14.282879 -0.826593 6.952502 -5e-06 -12.690593 1e-06 16.129436 -17.732426 2.577917 1.665664 -1.955919 -2.878297 4.727795 -4.170583 4.993922 11.020516 5e-06 2e-06 12.109037 -3.735711 -2.86678 0.0 -0.0 -1e-06 1.291984 -1.928547 -1.498088 14.800117 0.567469 3.865608 14.242558 -1.341732 -6.660647 19.631952 0.143928 -0.648238 49.518181 -0.54804 -6.356043 0.353027 -1.511149 -0.031942 20.222773 3.684309 2.316631 18.787256 8e-06 5e-06 10.75162 -0.479867 1.397908 1e-06 1e-06 -1e-06 3.273803 0.305947 -0.580108 21.486797 11.830364 2.266133 8.162921 4e-06 3e-06 18.399065 -3.79898 -4.940562 5e-06 -0.0 -1e-06 2.015802 11.787269 1.717683 0.005847 -0.248146 2.115612 -3.042028 3.188182 -6.709799 1.627516 -1.990339 -0.164901 0.0 -0.0 2e-06 -2.243102 -7.419368 0.612585 -0.002003 0.010457 1.861999 4.081999 1.94437 -5.006958 -1.417791 0.841723 0.117297 0.0 0.0 -1e-06 
0.0 0.0 0.0 0.0 -0.0 0.0 2.079277 99.297997 -2.343925 -0.201363 0.352286 1.705504 0.180196 0.023698 -3.039233 -0.467232 -0.264555 -5.894164 -0.488373 -2.535412 9.301536 -0.3898 2.8009 5.159143 -0.782173 -0.087749 -3.708116 1.717678 -1.363873 -3.711365 7.7e-05 -2.3e-05 6e-06 -0.000205 0.120212 -0.026233 0.766407 -3.597835 -10.676385 -0.770686 3.846604 -10.689119 -17.8207 -4.386929 13.310772 -59.214714 -2.164028 5.385566 -0.26835 -33.92197 0.27392 -3.293579 -0.671127 -17.965815 -5.882104 9.861279 0.70259 -10.936866 -0.360572 7.156204 0.0 8.774819 0.0 -16.177881 18.557312 6.462864 -1.844032 2.498504 -2.507277 -10.163596 4.678943 4.621109 -20.976015 -1e-06 2e-06 -21.22628 2.451695 -3.593999 -0.0 -5e-06 -1e-06 -1.362681 2.240798 -0.746323 -21.334906 0.584911 3.008322 -13.821208 0.0 0.0 -23.887159 -0.249077 -0.839484 -60.622711 2.70115 -1.296194 -0.294025 1.679685 0.833256 -14.218201 0.093215 1.30058 -34.212036 -0.287561 0.967167 -20.033205 0.964538 1.212842 0.0 -0.0 2e-06 -3.440387 0.788233 0.501655 -15.928179 -3.167306 2.999706 -6.338822 0.0 1e-06 -18.123442 3.648181 -4.905667 -5e-06 -0.0 -3e-06 24.848015 6.525867 17.384827 52.948978 7.952726 13.469363 -0.272339 32.905777 -0.101002 2.241493 -2.825727 2.845242 2.24354 -5.255034 -3.180157 14.282886 -0.826595 6.952499 -3e-06 -12.690598 1e-06 16.081808 -17.713669 2.612033 1.665666 -1.955922 -2.878298 4.727797 -4.170587 4.99392 11.020521 3e-06 -1e-06 12.109049 -3.735714 -2.86678 0.0 -0.0 -1e-06 1.291986 -1.92855 -1.498087 14.800122 0.567467 3.865604 14.242566 -1.341734 -6.660657 19.631958 0.143926 -0.648243 49.489315 -0.536592 -6.354997 0.353029 -1.511151 -0.031941 20.222784 3.684307 2.316629 18.787266 5e-06 -2e-06 10.751625 -0.479869 1.397905 1e-06 0.0 -1e-06 3.273805 0.305947 -0.580112 21.486803 11.830369 2.266132 8.162923 2e-06 0.0 18.399075 -3.798984 -4.940569 3e-06 -0.0 1e-06 2.004612 11.799063 1.742726 0.006261 -0.259445 2.204537 -3.041306 3.145361 -6.820316 1.627349 -1.991294 -0.101858 0.0 -0.0 2e-06 -2.277272 -7.416909 0.682282 -0.00867 -0.00621 1.869737 4.060185 1.966154 -5.051239 -1.41924 0.829642 0.139848 0.0 0.0 -1e-06 
0.0 0.0 0.0 0.0 -0.0 0.0 2.110464 99.279587 -2.277627 -0.198044 0.362966 1.665788 0.184628 0.042459 -3.059261 -0.464804 -0.27158 -5.916295 -0.467338 -2.557981 9.335114 -0.394425 2.813463 5.258979 -0.789603 -0.114658 -3.703391 1.673168 -1.367922 -3.591965 7.7e-05 -2.3e-05 6e-06 -0.001278 0.136388 -0.019471 0.76614 -3.581565 -10.680472 -0.772587 3.862481 -10.69591 -17.87587 -4.354876 13.267111 -59.140499 -2.240889 5.432931 -0.276383 -33.760994 0.264279 -3.273026 -0.681675 -17.723028 -5.882102 9.86128 0.702589 -10.936866 -0.360575 7.156201 1e-06 8.774822 -1e-06 -16.166298 18.587105 6.517175 -1.844031 2.498504 -2.507277 -10.163595 4.678941 4.621106 -20.976013 -5e-06 2e-06 -21.226276 2.451693 -3.593999 -0.0 -5e-06 -1e-06 -1.362681 2.240798 -0.746323 -21.334904 0.584907 3.008321 -13.821208 -3e-06 0.0 -23.887159 -0.249082 -0.839483 -60.64109 2.742212 -1.269838 -0.294024 1.679686 0.833256 -14.218201 0.093213 1.300578 -34.212032 -0.28757 0.967171 -20.033201 0.964534 1.212842 0.0 -0.0 -0.0 -3.440387 0.788234 0.501655 -15.928177 -3.16731 2.999705 -6.338824 -1e-06 1e-06 -18.123444 3.648177 -4.905669 -6e-06 1e-06 -3e-06 24.928713 6.508194 17.456991 52.817188 8.064771 13.620716 -0.240752 32.55891 -0.091351 2.450875 -3.027231 3.403503 2.24354 -5.255035 -3.180154 14.282883 -0.826594 6.9525 -2e-06 -12.690599 -2e-06 16.025908 -17.700211 2.650582 1.665665 -1.955921 -2.878298 4.727797 -4.170585 4.993921 11.02052 3e-06 -1e-06 12.109046 -3.735714 -2.866783 0.0 0.0 -2e-06 1.291985 -1.928548 -1.498088 14.800122 0.567469 3.865605 14.242564 -1.341738 -6.660655 19.631958 0.143923 -0.648243 49.494957 -0.500562 -6.348115 0.353028 -1.51115 -0.031941 20.222784 3.684309 2.316631 18.787266 7e-06 0.0 10.751625 -0.479867 1.397904 -0.0 1e-06 -1e-06 3.273805 0.305948 -0.58011 21.486801 11.830369 2.266133 8.162921 3e-06 1e-06 18.399075 -3.798983 -4.940571 3e-06 -0.0 -1e-06 1.992659 11.821209 1.802377 0.002988 -0.272434 2.269206 -3.031182 3.105844 -6.923467 1.629304 -1.990337 -0.045893 -0.0 -1e-06 2e-06 -2.318412 -7.41959 0.767692 -0.014355 -0.018969 1.879959 4.0414 2.003555 -5.086102 -1.421501 0.822358 0.150476 0.0 0.0 -1e-06 
0.0 0.0 0.0 0.0 -0.0 0.0 2.145305 99.272522 -2.203697 -0.194875 0.334498 1.627805 0.190571 0.058805 -3.082375 -0.460298 -0.29443 -5.934466 -0.440596 -2.564111 9.346753 -0.403121 2.823356 5.366717 -0.794923 -0.133936 -3.695038 1.617771 -1.349314 -3.471213 7.7e-05 -2.2e-05 6e-06 -0.00288 0.147082 -0.015219 0.763758 -3.570257 -10.681254 -0.773369 3.872462 -10.697671 -17.933962 -4.301769 13.253675 -59.123878 -2.302295 5.336426 -0.294043 -33.555466 0.263332 -3.281828 -0.649348 -17.567032 -5.8821 9.861279 0.702589 -10.93686 -0.360575 7.156199 -1e-06 8.774819 -2e-06 -16.165174 18.598238 6.547858 -1.84403 2.498504 -2.507275 -10.16359 4.678942 4.621105 -20.976004 -2e-06 3e-06 -21.226263 2.451697 -3.593997 -1e-06 -5e-06 -1e-06 -1.36268 2.240798 -0.746323 -21.334892 0.584909 3.008322 -13.821198 -1e-06 1e-06 -23.887146 -0.249077 -0.839481 -60.639992 2.763801 -1.252701 -0.294025 1.679686 0.833255 -14.218195 0.093216 1.30058 -34.212013 -0.287564 0.967172 -20.033194 0.964537 1.212843 -1e-06 -1e-06 0.0 -3.440385 0.788233 0.501655 -15.928172 -3.167308 2.999706 -6.33882 0.0 2e-06 -18.123426 3.648182 -4.905666 -6e-06 0.0 -3e-06 24.998608 6.506505 17.529005 52.671829 8.190627 13.630208 -0.189199 32.286213 -0.079001 2.581014 -3.181655 3.919279 2.243539 -5.255033 -3.180157 14.282879 -0.826593 6.952498 -1e-06 -12.690597 -2e-06 15.987065 -17.683228 2.678189 1.665665 -1.955921 -2.878299 4.727795 -4.170586 4.99392 11.020515 2e-06 -1e-06 12.109042 -3.735714 -2.86678 0.0 -0.0 1e-06 1.291984 -1.928548 -1.498087 14.800115 0.567467 3.865608 14.24256 -1.341738 -6.660655 19.63195 0.143924 -0.648242 49.527924 -0.474299 -6.332044 0.353029 -1.511149 -0.031941 20.222775 3.684304 2.316629 18.787258 2e-06 0.0 10.75162 -0.47987 1.397907 0.0 1e-06 0.0 3.273804 0.305946 -0.580111 21.486801 11.830365 2.266136 8.162921 0.0 2e-06 18.399071 -3.798985 -4.940571 3e-06 1e-06 -1e-06 1.974585 11.847941 1.887553 -0.000835 -0.286229 2.288619 -3.016436 3.095473 -7.012561 1.631917 -1.989953 -0.016062 -0.0 -0.0 2e-06 -2.368708 -7.420603 0.845379 -0.016024 -0.028225 1.892884 4.041974 2.065658 -5.084848 -1.424217 0.820179 0.143067 -0.0 0.0 -1e-06 
0.0 0.0 0.0 0.0 -0.0 0.0 2.18045 99.27211 -2.142118 -0.197622 0.266579 1.598488 0.205984 0.066874 -3.112258 -0.455454 -0.329708 -5.946359 -0.408842 -2.544694 9.343755 -0.427462 2.827743 5.462088 -0.790403 -0.136419 -3.680182 1.56902 -1.329893 -3.376714 7.7e-05 -2.3e-05 6e-06 -0.004445 0.146694 -0.014674 0.761883 -3.569763 -10.679966 -0.774513 3.870962 -10.696001 -17.955608 -4.246562 13.267633 -59.160969 -2.317256 5.145387 -0.326352 -33.394119 0.264681 -3.307836 -0.594126 -17.522186 -5.882101 9.861278 0.702589 -10.936861 -0.360575 7.156198 -0.0 8.774816 -2e-06 -16.15839 18.604263 6.559592 -1.84403 2.498502 -2.507275 -10.16359 4.678939 4.621104 -20.976004 -3e-06 3e-06 -21.226267 2.451694 -3.593995 -0.0 -5e-06 -0.0 -1.36268 2.240797 -0.746323 -21.334892 0.584908 3.00832 -13.821203 -2e-06 1e-06 -23.887148 -0.249078 -0.839482 -60.625286 2.772899 -1.25542 -0.294024 1.679685 0.833255 -14.218195 0.093215 1.300579 -34.212013 -0.287563 0.96717 -20.033194 0.964536 1.212842 0.0 -0.0 -0.0 -3.440386 0.788232 0.501655 -15.928172 -3.167305 2.999705 -6.338821 -1e-06 1e-06 -18.123428 3.64818 -4.905666 -6e-06 0.0 -3e-06 25.028639 6.513384 17.558935 52.540707 8.284121 13.543575 -0.168767 32.208561 -0.089097 2.586765 -3.225107 4.153905 2.243541 -5.255034 -3.180157 14.282887 -0.826595 6.952502 -1e-06 -12.6906 1e-06 15.982555 -17.668118 2.696176 1.665666 -1.955921 -2.878297 4.727797 -4.170586 4.993922 11.02052 1e-06 -1e-06 12.109048 -3.735715 -2.866783 0.0 0.0 -1e-06 1.291985 -1.928548 -1.498088 14.800122 0.567465 3.865608 14.242566 -1.341736 -6.660655 19.631958 0.143924 -0.648244 49.5882 -0.454766 -6.292363 0.353028 -1.51115 -0.031942 20.222784 3.684309 2.316631 18.787268 5e-06 -0.0 10.751624 -0.47987 1.397907 0.0 1e-06 -1e-06 3.273805 0.305946 -0.580113 21.486803 11.830367 2.266133 8.162926 1e-06 0.0 18.399076 -3.798986 -4.940574 4e-06 1e-06 -1e-06 1.958688 11.871943 1.973271 -0.003085 -0.293573 2.283648 -2.998221 3.119703 -7.09948 1.633095 -1.989849 0.001123 -0.0 0.0 2e-06 -2.417896 -7.416703 0.894265 -0.012515 -0.029248 1.922832 4.056107 2.133339 -5.078747 -1.427377 0.824726 0.128478 0.0 0.0 -1e-06 
0.0 0.0 0.0 0.0 -0.0 0.0 2.223825 99.267944 -2.084917 -0.207042 0.166782 1.562259 0.231769 0.066264 -3.143198 -0.447877 -0.359574 -5.947273 -0.375424 -2.527914 9.333822 -0.467341 2.830892 5.544776 -0.782637 -0.106964 -3.670716 1.511788 -1.318218 -3.306796 7.7e-05 -2.3e-05 6e-06 -0.005306 0.133357 -0.015894 0.761993 -3.582723 -10.682067 -0.776226 3.85727 -10.696827 -17.957458 -4.203687 13.297085 -59.230221 -2.264646 4.801219 -0.392177 -33.328129 0.286201 -3.360954 -0.543909 -17.478642 -5.882102 9.861283 0.702588 -10.936863 -0.360576 7.156198 0.0 8.774822 -3e-06 -16.150297 18.61051 6.547952 -1.844031 2.498502 -2.507276 -10.163592 4.678942 4.621103 -20.976009 -4e-06 1e-06 -21.226271 2.451695 -3.594 -1e-06 -6e-06 -0.0 -1.362681 2.240796 -0.746323 -21.334896 0.584906 3.008319 -13.821204 -3e-06 -0.0 -23.887154 -0.249082 -0.839484 -60.598957 2.770771 -1.275658 -0.294024 1.679685 0.833255 -14.218198 0.093213 1.300578 -34.212021 -0.287569 0.967167 -20.033194 0.964533 1.212842 -0.0 -0.0 0.0 -3.440386 0.788234 0.501655 -15.928176 -3.167309 2.999703 -6.338821 0.0 0.0 -18.123432 3.64818 -4.905669 -5e-06 0.0 -3e-06 25.039585 6.520647 17.566137 52.403049 8.374934 13.400979 -0.201444 32.330006 -0.120983 2.434038 -3.119586 3.942474 2.24354 -5.255033 -3.180152 14.282879 -0.826592 6.952493 -2e-06 -12.690594 -1e-06 16.00304 -17.66165 2.706386 1.665665 -1.95592 -2.878296 4.727796 -4.170584 4.993917 11.020517 3e-06 -1e-06 12.109042 -3.735713 -2.866781 0.0 -0.0 -1e-06 1.291985 -1.928548 -1.498088 14.800117 0.567467 3.8656 14.242562 -1.341735 -6.660651 19.631954 0.143926 -0.648244 49.658287 -0.451621 -6.236452 0.35303 -1.511149 -0.03194 20.222775 3.684307 2.316626 18.787262 5e-06 -2e-06 10.75162 -0.479868 1.397903 -0.0 2e-06 -3e-06 3.273806 0.305945 -0.580109 21.486797 11.830367 2.266129 8.162919 2e-06 -1e-06 18.399065 -3.798981 -4.940574 4e-06 0.0 0.0 1.948633 11.904128 2.082134 -0.005024 -0.291675 2.259242 -2.995982 3.17712 -7.185948 1.633619 -1.994442 0.027374 0.0 -0.0 2e-06 -2.464039 -7.397997 0.93938 -0.0059 -0.01766 1.965332 4.069029 2.181576 -5.084606 -1.430377 0.835098 0.132892 0.0 0.0 -1e-06 
0.0 0.0 0.0 0.0 -0.0 0.0 2.277573 99.261536 -2.036799 -0.220331 0.058899 1.518416 0.259701 0.060547 -3.169556 -0.435553 -0.376286 -5.946539 -0.337517 -2.523902 9.323945 -0.516246 2.846469 5.621354 -0.785194 -0.056009 -3.678205 1.464452 -1.328607 -3.245423 7.7e-05 -2.3e-05 6e-06 -0.005218 0.118155 -0.016879 0.762423 -3.598337 -10.686662 -0.776379 3.84271 -10.699847 -17.964502 -4.162034 13.321557 -59.291241 -2.153464 4.474045 -0.454121 -33.394157 0.31387 -3.398936 -0.499717 -17.430031 -5.882099 9.861276 0.702589 -10.936859 -0.360575 7.156199 2e-06 8.774817 0.0 -16.141468 18.607573 6.528783 -1.84403 2.498501 -2.507276 -10.163588 4.67894 4.621105 -20.976 -3e-06 2e-06 -21.226259 2.451695 -3.593996 1e-06 -6e-06 -1e-06 -1.36268 2.240796 -0.746323 -21.334888 0.584908 3.008321 -13.821198 -4e-06 2e-06 -23.88714 -0.24908 -0.839481 -60.573719 2.755817 -1.297172 -0.294024 1.679683 0.833255 -14.218193 0.093214 1.300579 -34.212013 -0.287565 0.96717 -20.033192 0.964535 1.212846 -0.0 -0.0 0.0 -3.440385 0.788233 0.501656 -15.928168 -3.167307 2.999705 -6.33882 -3e-06 1e-06 -18.123426 3.64818 -4.905665 -6e-06 0.0 -3e-06 25.053722 6.522102 17.548958 52.260368 8.459316 13.209697 -0.258266 32.605839 -0.147021 2.168929 -2.90329 3.363849 2.24354 -5.255034 -3.180158 14.282885 -0.826595 6.952499 -1e-06 -12.690599 -2e-06 16.016212 -17.659151 2.708477 1.665666 -1.95592 -2.878298 4.727797 -4.170584 4.993923 11.02052 3e-06 -1e-06 12.109048 -3.735714 -2.866784 0.0 -1e-06 -1e-06 1.291986 -1.928549 -1.498089 14.800122 0.567467 3.865607 14.242566 -1.341738 -6.66066 19.631958 0.143925 -0.648247 49.704212 -0.452495 -6.206014 0.353029 -1.511151 -0.031941 20.222784 3.684307 2.31663 18.787266 4e-06 -1e-06 10.751623 -0.479868 1.397906 1e-06 1e-06 0.0 3.273805 0.305946 -0.580111 21.486801 11.830368 2.266134 8.162924 2e-06 1e-06 18.399075 -3.798984 -4.940574 4e-06 1e-06 1e-06 1.94333 11.953322 2.207357 -0.006225 -0.285743 2.221663 -2.997958 3.237672 -7.257225 1.632997 -2.000807 0.034041 -0.0 -0.0 2e-06 -2.501802 -7.35619 0.998119 -0.000828 -0.00454 1.997688 4.081056 2.197884 -5.111982 -1.431666 0.844581 0.14325 -0.0 0.0 -1e-06 
0.0 0.0 0.0 0.0 -0.0 0.0 2.335072 99.258804 -1.98855 -0.23472 -0.053144 1.47088 0.288523 0.058392 -3.193322 -0.421474 -0.382899 -5.947949 -0.29579 -2.535148 9.318097 -0.562581 2.873659 5.697946 -0.784567 -0.004198 -3.691132 1.434018 -1.330582 -3.187697 7.7e-05 -2.3e-05 6e-06 -0.005245 0.102614 -0.016789 0.762313 -3.614261 -10.691868 -0.77623 3.827785 -10.702598 -17.975443 -4.112559 13.332847 -59.328732 -2.02922 4.326162 -0.465957 -33.543568 0.326355 -3.414496 -0.458054 -17.452147 -5.882098 9.861271 0.70259 -10.936855 -0.360573 7.156198 0.0 8.774814 0.0 -16.132935 18.579756 6.501303 -1.84403 2.4985 -2.507275 -10.163586 4.678937 4.621105 -20.975992 -3e-06 3e-06 -21.226254 2.451694 -3.593993 -0.0 -6e-06 -1e-06 -1.362679 2.240793 -0.746322 -21.334887 0.584908 3.008321 -13.821196 -3e-06 2e-06 -23.88714 -0.249078 -0.839481 -60.545692 2.741477 -1.311266 -0.294024 1.679683 0.833255 -14.218187 0.093215 1.30058 -34.212002 -0.287562 0.96717 -20.033188 0.964536 1.212844 -0.0 -0.0 0.0 -3.440384 0.788232 0.501655 -15.928165 -3.167305 2.999704 -6.338817 0.0 1e-06 -18.123425 3.648176 -4.905662 -5e-06 0.0 -3e-06 25.063324 6.526368 17.504374 52.115627 8.552667 13.021163 -0.296199 32.953587 -0.156228 1.867391 -2.629802 2.69799 2.243539 -5.25503 -3.180153 14.282873 -0.826593 6.952497 -2e-06 -12.690591 1e-06 16.019796 -17.640989 2.693864 1.665663 -1.955919 -2.878296 4.727793 -4.170583 4.993919 11.020512 4e-06 0.0 12.109034 -3.735712 -2.86678 0.0 -0.0 -0.0 1.291984 -1.928548 -1.498088 14.80011 0.567467 3.865607 14.242553 -1.341735 -6.660652 19.631941 0.143925 -0.648241 49.684631 -0.460903 -6.208746 0.353028 -1.511149 -0.03194 20.222765 3.684305 2.31663 18.787249 2e-06 5e-06 10.751615 -0.479869 1.397907 1e-06 1e-06 -1e-06 3.273802 0.305947 -0.58011 21.486788 11.830359 2.266134 8.162915 1e-06 4e-06 18.399059 -3.798981 -4.940565 4e-06 -1e-06 -0.0 1.935655 12.009109 2.32917 -0.004113 -0.280978 2.192725 -2.984162 3.287609 -7.296491 1.631015 -2.007302 0.014903 -0.0 0.0 2e-06 -2.537496 -7.309177 1.064815 0.00302 0.008494 2.012474 4.102297 2.210409 -5.135239 -1.43291 0.845403 0.138267 -0.0 -0.0 -1e-06 
0.0 0.0 0.0 0.0 -0.0 0.0 2.400785 99.254921 -1.923519 -0.24669 -0.164594 1.408877 0.317088 0.059228 -3.21601 -0.408584 -0.377459 -5.947429 -0.247383 -2.551978 9.321635 -0.619176 2.911028 5.784435 -0.775754 0.031247 -3.698728 1.404602 -1.321118 -3.150681 7.7e-05 -2.3e-05 6e-06 -0.005652 0.090878 -0.014762 0.763148 -3.627735 -10.697557 -0.777728 3.817698 -10.707776 -17.999228 -4.07082 13.327422 -59.336647 -1.918884 4.328041 -0.448801 -33.724857 0.321404 -3.39981 -0.421867 -17.44766 -5.882103 9.861281 0.70259 -10.936867 -0.360574 7.156201 -0.0 8.774821 -1e-06 -16.128485 18.550426 6.472658 -1.844032 2.498503 -2.507276 -10.163595 4.678944 4.621105 -20.976013 -1e-06 2e-06 -21.22628 2.451696 -3.593999 -0.0 -6e-06 -1e-06 -1.362681 2.240796 -0.746323 -21.334904 0.584909 3.008321 -13.821207 -3e-06 0.0 -23.887159 -0.249079 -0.839483 -60.515415 2.735729 -1.323036 -0.294025 1.679686 0.833255 -14.218204 0.093214 1.300579 -34.21204 -0.287565 0.967169 -20.033205 0.964535 1.212843 -0.0 0.0 1e-06 -3.440387 0.788233 0.501655 -15.928181 -3.167308 2.999705 -6.338825 -1e-06 1e-06 -18.123442 3.648182 -4.905669 -5e-06 -0.0 -3e-06 25.055742 6.535684 17.465181 51.980198 8.693974 12.902353 -0.315695 33.324707 -0.164369 1.614197 -2.373364 2.219827 2.243539 -5.255033 -3.180153 14.282872 -0.826592 6.952493 -2e-06 -12.690593 -1e-06 16.021221 -17.625214 2.672775 1.665664 -1.95592 -2.878295 4.727793 -4.170585 4.993918 11.020513 3e-06 0.0 12.109036 -3.735713 -2.86678 1e-06 0.0 1e-06 1.291984 -1.928548 -1.498087 14.80011 0.567468 3.865602 14.242555 -1.341737 -6.660651 19.631941 0.143924 -0.648242 49.646381 -0.49328 -6.232285 0.353028 -1.511149 -0.031941 20.222765 3.684307 2.316625 18.787251 3e-06 1e-06 10.751613 -0.479869 1.397903 1e-06 1e-06 0.0 3.273803 0.305947 -0.58011 21.486786 11.830362 2.266129 8.162915 3e-06 -2e-06 18.399055 -3.798982 -4.940571 3e-06 -0.0 -0.0 1.922262 12.070765 2.451627 0.000805 -0.280549 2.177258 -2.956649 3.322908 -7.329593 1.628322 -2.012725 -0.012909 -0.0 0.0 2e-06 -2.579286 -7.247298 1.146319 0.00879 0.015477 2.017947 4.110245 2.234708 -5.147298 -1.43436 0.840621 0.127055 0.0 0.0 -1e-06 
0.0 0.0 0.0 0.0 -0.0 0.0 2.471557 99.246155 -1.849928 -0.257011 -0.253896 1.328044 0.347222 0.055785 -3.23079 -0.395208 -0.367284 -5.946468 -0.199454 -2.559969 9.336865 -0.685789 2.935771 5.87922 -0.768519 0.074327 -3.699242 1.380147 -1.314645 -3.132116 7.7e-05 -2.2e-05 6e-06 -0.006069 0.085833 -0.011714 0.763987 -3.636199 -10.707748 -0.779132 3.815799 -10.719369 -18.02433 -4.04088 13.326041 -59.320835 -1.866146 4.457565 -0.409281 -33.908272 0.299641 -3.360099 -0.389381 -17.31299 -5.882095 9.861268 0.702591 -10.936852 -0.360575 7.156196 0.0 8.77481 0.0 -16.147469 18.539909 6.442743 -1.844029 2.4985 -2.507274 -10.163584 4.678936 4.621103 -20.975986 -3e-06 5e-06 -21.226248 2.451693 -3.593992 -0.0 -6e-06 -1e-06 -1.362679 2.240794 -0.746322 -21.334879 0.584909 3.008322 -13.821187 -2e-06 4e-06 -23.887129 -0.249076 -0.839481 -60.506592 2.74189 -1.331482 -0.294024 1.679683 0.833255 -14.218185 0.093215 1.30058 -34.212002 -0.287563 0.967173 -20.033184 0.964537 1.212844 0.0 -0.0 1e-06 -3.440383 0.788232 0.501655 -15.928162 -3.167304 2.999704 -6.338813 0.0 3e-06 -18.123419 3.648176 -4.905659 -5e-06 0.0 -3e-06 25.034962 6.552414 17.443304 51.84745 8.881074 12.944694 -0.333262 33.704552 -0.170544 1.462337 -2.142903 1.931605 2.243536 -5.255026 -3.180154 14.282866 -0.826592 6.952499 -4e-06 -12.690584 -1e-06 16.038858 -17.627104 2.646045 1.665662 -1.955919 -2.878296 4.727791 -4.17058 4.993921 11.020509 3e-06 0.0 12.109032 -3.735708 -2.866779 1e-06 -1e-06 -2e-06 1.291982 -1.928545 -1.498087 14.800103 0.567469 3.865606 14.242545 -1.341734 -6.660649 19.631929 0.143924 -0.648241 49.604027 -0.530246 -6.261632 0.353028 -1.511147 -0.031941 20.222757 3.684303 2.316631 18.787239 4e-06 5e-06 10.75161 -0.479869 1.397906 1e-06 -0.0 -1e-06 3.273802 0.305947 -0.580109 21.48678 11.830357 2.266135 8.162914 2e-06 2e-06 18.399052 -3.79898 -4.940561 4e-06 -0.0 -1e-06 1.907663 12.113587 2.575392 0.005845 -0.281496 2.1872 -2.907006 3.353102 -7.376184 1.625367 -2.018753 -0.018811 -0.0 0.0 2e-06 -2.629664 -7.205109 1.2466 0.014474 0.018909 2.025727 4.127907 2.289209 -5.151177 -1.435326 0.837545 0.13476 0.0 0.0 -1e-06 
0.0 0.0 0.0 0.0 -0.0 0.0 2.541066 99.233582 -1.771395 -0.261788 -0.3173 1.224283 0.375892 0.048217 -3.23412 -0.381861 -0.353379 -5.948657 -0.152486 -2.556632 9.363764 -0.760569 2.958284 5.98802 -0.759197 0.110956 -3.69606 1.349309 -1.31301 -3.13835 7.7e-05 -2.2e-05 6e-06 -0.006047 0.087059 -0.00805 0.763523 -3.638676 -10.717479 -0.778334 3.820885 -10.73174 -18.060099 -4.017179 13.320807 -59.296253 -1.851386 4.683661 -0.335177 -34.090118 0.266299 -3.320676 -0.368592 -17.014362 -5.882105 9.861286 0.702591 -10.936867 -0.360574 7.156205 -0.0 8.774825 -1e-06 -16.195213 18.555321 6.410671 -1.844032 2.498506 -2.507278 -10.163596 4.678945 4.62111 -20.976017 -1e-06 2e-06 -21.226282 2.451699 -3.594 1e-06 -6e-06 -0.0 -1.362681 2.240798 -0.746323 -21.334906 0.584909 3.008325 -13.82121 -1e-06 1e-06 -23.887159 -0.249077 -0.839482 -60.515751 2.750529 -1.337867 -0.294025 1.679687 0.833256 -14.218205 0.093215 1.300581 -34.212048 -0.28756 0.967173 -20.033211 0.964538 1.212842 1e-06 -0.0 -1e-06 -3.440388 0.788234 0.501656 -15.928183 -3.167308 2.999708 -6.338824 -1e-06 2e-06 -18.12344 3.648185 -4.90567 -6e-06 -0.0 -3e-06 25.021996 6.560518 17.4391 51.704376 9.101352 13.179303 -0.349484 34.073215 -0.165964 1.376703 -1.943829 1.787354 2.243541 -5.255035 -3.180155 14.282884 -0.826592 6.952497 -4e-06 -12.690601 -1e-06 16.068926 -17.653694 2.623663 1.665667 -1.955923 -2.878299 4.727796 -4.170587 4.99392 11.02052 3e-06 -2e-06 12.109046 -3.735714 -2.866785 -1e-06 -0.0 0.0 1.291985 -1.928548 -1.498089 14.800122 0.56747 3.865606 14.242564 -1.341735 -6.660657 19.631956 0.143928 -0.648246 49.582676 -0.56209 -6.274632 0.353028 -1.511151 -0.03194 20.222784 3.684312 2.316628 18.787266 5e-06 1e-06 10.751622 -0.479867 1.397905 2e-06 1e-06 -1e-06 3.273805 0.305947 -0.580111 21.486805 11.830373 2.266129 8.162924 3e-06 -1e-06 18.399076 -3.79898 -4.940573 4e-06 1e-06 -1e-06 1.889099 12.111873 2.718129 0.006828 -0.283576 2.204945 -2.863449 3.420684 -7.447484 1.623875 -2.022138 -0.017368 -0.0 -0.0 2e-06 -2.686687 -7.153975 1.376153 0.018769 0.01292 2.033594 4.161406 2.338156 -5.187662 -1.435371 0.839322 0.151813 0.0 0.0 -1e-06 
0.0 0.0 0.0 0.0 -0.0 0.0 2.606204 99.222298 -1.702158 -0.260987 -0.366849 1.115832 0.405403 0.046302 -3.240962 -0.372291 -0.344981 -5.959084 -0.113064 -2.543211 9.405028 -0.83206 2.972724 6.113593 -0.74481 0.148186 -3.700565 1.32654 -1.305497 -3.137502 7.7e-05 -2.3e-05 6e-06 -0.005921 0.09477 -0.002808 0.762305 -3.633057 -10.721935 -0.776644 3.831059 -10.736859 -18.136845 -3.981982 13.317138 -59.230206 -1.866947 4.907887 -0.296306 -34.285793 0.242102 -3.243128 -0.359446 -16.529999 -5.882094 9.861271 0.702591 -10.936849 -0.360574 7.156196 1e-06 8.774813 1e-06 -16.245039 18.578844 6.390945 -1.844028 2.4985 -2.507274 -10.163581 4.678936 4.621105 -20.975981 -3e-06 4e-06 -21.226242 2.451696 -3.593993 -1e-06 -6e-06 0.0 -1.362678 2.240795 -0.746322 -21.334875 0.584908 3.008324 -13.821187 -2e-06 5e-06 -23.887129 -0.249074 -0.839478 -60.528564 2.778306 -1.335597 -0.294024 1.679688 0.833255 -14.218183 0.093214 1.300581 -34.211983 -0.28756 0.967177 -20.033175 0.964539 1.212844 1e-06 -1e-06 -0.0 -3.440382 0.788232 0.501656 -15.928157 -3.167305 2.999707 -6.338813 0.0 3e-06 -18.123411 3.64818 -4.905659 -4e-06 1e-06 -2e-06 25.051304 6.55728 17.431597 51.516941 9.319192 13.57304 -0.349536 34.433735 -0.151842 1.313956 -1.713503 1.705707 2.243537 -5.255029 -3.180154 14.282872 -0.826592 6.952499 -3e-06 -12.690588 -2e-06 16.096851 -17.679462 2.603071 1.665663 -1.95592 -2.878297 4.727793 -4.170582 4.993919 11.020511 3e-06 0.0 12.109035 -3.73571 -2.86678 0.0 0.0 -1e-06 1.291984 -1.928547 -1.498086 14.800108 0.567468 3.865607 14.242553 -1.341735 -6.660649 19.631939 0.143922 -0.648242 49.567329 -0.587998 -6.284498 0.353028 -1.511149 -0.031941 20.222763 3.684305 2.316631 18.787249 4e-06 1e-06 10.751616 -0.479871 1.397907 2e-06 1e-06 0.0 3.273802 0.305947 -0.580109 21.486786 11.830358 2.266135 8.162917 1e-06 1e-06 18.399055 -3.798982 -4.940562 4e-06 1e-06 2e-06 1.866423 12.098284 2.862579 0.006703 -0.289926 2.227707 -2.819245 3.484063 -7.51018 1.622959 -2.022056 -0.035779 -0.0 0.0 2e-06 -2.74475 -7.107078 1.523969 0.021436 0.009326 2.026566 4.203545 2.365404 -5.237096 -1.433942 0.842215 0.162462 0.0 0.0 -1e-06 
0.0 0.0 0.0 0.0 -0.0 0.0 2.671316 99.214668 -1.646167 -0.253087 -0.402523 1.027552 0.429527 0.053583 -3.266036 -0.368358 -0.347169 -5.976336 -0.082209 -2.534925 9.464062 -0.880009 2.994231 6.232371 -0.730734 0.162464 -3.707903 1.308315 -1.294062 -3.118736 7.7e-05 -2.3e-05 6e-06 -0.006851 0.09919 -0.000173 0.761376 -3.629415 -10.72492 -0.77743 3.836416 -10.739802 -18.253559 -3.91756 13.319673 -59.113506 -1.925986 5.121512 -0.300491 -34.48748 0.231996 -3.107654 -0.372939 -16.004126 -5.882104 9.861288 0.702588 -10.93687 -0.360577 7.156205 0.0 8.774828 -3e-06 -16.264242 18.587715 6.396781 -1.844032 2.498505 -2.507278 -10.163595 4.678945 4.621107 -20.976019 -5e-06 1e-06 -21.226282 2.451696 -3.594 0.0 -6e-06 -0.0 -1.362681 2.240799 -0.746324 -21.334906 0.584907 3.008321 -13.82121 -3e-06 1e-06 -23.887163 -0.249082 -0.839482 -60.539814 2.826187 -1.325371 -0.294025 1.679688 0.833256 -14.218207 0.093214 1.300579 -34.212036 -0.287569 0.967169 -20.033209 0.964534 1.212841 1e-06 -0.0 -0.0 -3.440388 0.788233 0.501655 -15.928183 -3.167312 2.999706 -6.338824 -2e-06 2e-06 -18.123444 3.648181 -4.905674 -5e-06 1e-06 -2e-06 25.118837 6.551345 17.398109 51.305653 9.527637 14.095712 -0.351721 34.753086 -0.147562 1.27005 -1.446886 1.697673 2.243542 -5.255038 -3.180157 14.282889 -0.826596 6.952499 -2e-06 -12.690605 0.0 16.10903 -17.708517 2.585809 1.665667 -1.955921 -2.878299 4.727798 -4.170587 4.993921 11.020526 3e-06 -4e-06 12.109053 -3.735717 -2.866784 -1e-06 -0.0 0.0 1.291986 -1.928549 -1.498089 14.800127 0.567468 3.865604 14.242575 -1.341738 -6.66066 19.631969 0.143928 -0.648248 49.546734 -0.600551 -6.314651 0.35303 -1.51115 -0.031941 20.22279 3.684309 2.316627 18.78727 6e-06 -4e-06 10.75163 -0.479867 1.397901 3e-06 2e-06 -2e-06 3.273808 0.305946 -0.58011 21.486813 11.830377 2.266131 8.162926 0.0 -3e-06 18.399082 -3.798982 -4.94058 4e-06 -0.0 -0.0 1.83602 12.098254 2.978068 0.008888 -0.300659 2.256295 -2.768873 3.519735 -7.547525 1.623146 -2.016635 -0.05997 -0.0 0.0 2e-06 -2.805674 -7.078837 1.652668 0.021397 0.013259 2.00908 4.247575 2.38249 -5.271585 -1.432668 0.83632 0.152875 0.0 0.0 -1e-06 
0.0 0.0 0.0 0.0 -0.0 0.0 2.739287 99.206039 -1.594944 -0.241521 -0.400754 0.968856 0.44968 0.066521 -3.306515 -0.367111 -0.355154 -5.994662 -0.058816 -2.529892 9.511894 -0.905286 3.018282 6.343892 -0.725509 0.14491 -3.718047 1.289949 -1.30139 -3.081333 7.7e-05 -2.3e-05 6e-06 -0.007867 0.107999 0.000207 0.761239 -3.620383 -10.725265 -0.779216 3.845062 -10.740102 -18.398605 -3.847716 13.326674 -58.995861 -2.002309 5.265357 -0.334162 -34.670727 0.243752 -2.959748 -0.366089 -15.43472 -5.882099 9.861277 0.702588 -10.936857 -0.360576 7.156197 -0.0 8.774816 -3e-06 -16.269272 18.580902 6.404472 -1.84403 2.498501 -2.507275 -10.163588 4.678939 4.621101 -20.975996 -1e-06 2e-06 -21.226255 2.451697 -3.593997 -1e-06 -6e-06 -1e-06 -1.36268 2.240795 -0.746323 -21.334888 0.584908 3.008319 -13.821198 -2e-06 3e-06 -23.887142 -0.249077 -0.839484 -60.557556 2.861721 -1.31539 -0.294024 1.679686 0.833255 -14.218191 0.093215 1.300579 -34.212009 -0.287562 0.967167 -20.033192 0.964535 1.212839 -0.0 -0.0 0.0 -3.440384 0.788232 0.501654 -15.928165 -3.167306 2.999702 -6.338816 -1e-06 1e-06 -18.123426 3.648178 -4.905665 -4e-06 0.0 -3e-06 25.213951 6.531927 17.354603 51.106483 9.716208 14.608312 -0.332257 35.027111 -0.138368 1.1958 -1.158552 1.695007 2.243539 -5.255031 -3.180154 14.282872 -0.826592 6.952492 -2e-06 -12.690588 1e-06 16.113285 -17.728682 2.56654 1.665664 -1.95592 -2.878298 4.727793 -4.170582 4.993913 11.020512 3e-06 -2e-06 12.109037 -3.735711 -2.86678 -1e-06 0.0 -0.0 1.291983 -1.928546 -1.498087 14.80011 0.567469 3.865602 14.242556 -1.341733 -6.660648 19.631945 0.143926 -0.648242 49.540848 -0.603763 -6.346482 0.353029 -1.511149 -0.03194 20.222765 3.684305 2.316627 18.787249 5e-06 -4e-06 10.751617 -0.479867 1.397902 2e-06 3e-06 -1e-06 3.273803 0.305947 -0.58011 21.486786 11.83036 2.266128 8.162917 1e-06 0.0 18.399059 -3.798979 -4.940569 5e-06 1e-06 0.0 1.803299 12.096951 3.063827 0.009389 -0.306904 2.274923 -2.720624 3.517461 -7.566496 1.623645 -2.007801 -0.064009 -0.0 0.0 2e-06 -2.866121 -7.074992 1.757537 0.020112 0.019447 1.980691 4.290863 2.394738 -5.301108 -1.431219 0.830176 0.144188 0.0 0.0 -1e-06 
0.0 0.0 0.0 0.0 -0.0 0.0 2.812837 99.195076 -1.564262 -0.231568 -0.379332 0.938623 0.469968 0.075449 -3.354302 -0.36826 -0.357001 -6.008864 -0.041578 -2.530807 9.540051 -0.905615 3.038743 6.441205 -0.729512 0.116177 -3.718192 1.278059 -1.321473 -3.046903 7.7e-05 -2.3e-05 6e-06 -0.008112 0.110287 0.000333 0.763199 -3.616867 -10.721745 -0.781592 3.846145 -10.73596 -18.548044 -3.783529 13.333935 -58.926937 -2.08269 5.352045 -0.358486 -34.806568 0.255125 -2.830218 -0.335992 -14.905085 -5.882109 9.86129 0.70259 -10.936876 -0.360575 7.156208 -0.0 8.774829 -3e-06 -16.263481 18.577 6.40696 -1.844033 2.498508 -2.507278 -10.163604 4.678948 4.621109 -20.976032 -1e-06 2e-06 -21.226301 2.451699 -3.594003 0.0 -6e-06 1e-06 -1.362682 2.240799 -0.746324 -21.334925 0.584908 3.008324 -13.82122 -2e-06 2e-06 -23.887182 -0.249078 -0.839481 -60.578766 2.885814 -1.319588 -0.294025 1.679689 0.833256 -14.218214 0.093215 1.300581 -34.212063 -0.287562 0.967169 -20.033222 0.964538 1.212842 1e-06 0.0 0.0 -3.44039 0.788235 0.501656 -15.928198 -3.167312 2.999709 -6.338829 -1e-06 0.0 -18.123453 3.648185 -4.905673 -5e-06 -0.0 -2e-06 25.31848 6.510588 17.322838 50.942757 9.899693 15.049972 -0.288912 35.247013 -0.115028 1.080348 -0.8758 1.723616 2.243542 -5.255038 -3.180157 14.282892 -0.826597 6.952503 -0.0 -12.690606 -1e-06 16.140686 -17.734814 2.531522 1.665666 -1.955921 -2.878299 4.727799 -4.170588 4.993923 11.020526 2e-06 -1e-06 12.109054 -3.735717 -2.866783 0.0 -1e-06 -2e-06 1.291987 -1.92855 -1.49809 14.800129 0.567466 3.865609 14.242572 -1.341739 -6.660657 19.631969 0.143923 -0.648245 49.544151 -0.601226 -6.376546 0.35303 -1.511151 -0.031941 20.222794 3.684309 2.316627 18.787273 5e-06 -3e-06 10.751631 -0.479869 1.397907 3e-06 1e-06 -3e-06 3.273806 0.305947 -0.580111 21.486813 11.830376 2.266136 8.162928 1e-06 -1e-06 18.39908 -3.798984 -4.940574 5e-06 1e-06 0.0 1.768823 12.083519 3.118619 0.007114 -0.308625 2.276483 -2.664375 3.519387 -7.572294 1.624385 -2.004066 -0.04379 -0.0 0.0 2e-06 -2.910728 -7.059758 1.832765 0.017412 0.02186 1.950033 4.30861 2.353922 -5.330832 -1.429655 0.826632 0.141828 0.0 0.0 -1e-06 
0.0 0.0 0.0 0.0 -0.0 0.0 2.885015 99.186378 -1.543684 -0.224322 -0.357798 0.932469 0.491847 0.072686 -3.404479 -0.36825 -0.350353 -6.025318 -0.028329 -2.525403 9.563595 -0.901537 3.051946 6.520869 -0.730357 0.089553 -3.716472 1.263402 -1.336298 -3.040071 7.7e-05 -2.3e-05 6e-06 -0.007547 0.105378 0.001595 0.767043 -3.621424 -10.719863 -0.784219 3.840812 -10.732837 -18.689848 -3.725158 13.332746 -58.902138 -2.151828 5.437484 -0.35805 -34.932133 0.255838 -2.707471 -0.31383 -14.478101 -5.882099 9.861275 0.702591 -10.93686 -0.360573 7.1562 -0.0 8.774817 -1e-06 -16.254801 18.576681 6.403966 -1.84403 2.498502 -2.507275 -10.163589 4.678941 4.621107 -20.976 -2e-06 4e-06 -21.226261 2.451696 -3.593994 0.0 -6e-06 -0.0 -1.36268 2.240794 -0.746322 -21.33489 0.584909 3.008325 -13.821198 -2e-06 2e-06 -23.887146 -0.249075 -0.839481 -60.578991 2.88489 -1.319122 -0.294025 1.679686 0.833255 -14.218195 0.093215 1.300581 -34.212013 -0.287559 0.967174 -20.033194 0.964538 1.212845 1e-06 0.0 1e-06 -3.440385 0.788232 0.501656 -15.928168 -3.167305 2.999707 -6.338819 0.0 3e-06 -18.123426 3.648182 -4.905663 -4e-06 0.0 -2e-06 25.422915 6.485259 17.292843 50.797249 10.077049 15.47835 -0.257799 35.439381 -0.081046 0.966457 -0.601033 1.710267 2.243538 -5.255032 -3.180156 14.282881 -0.826593 6.952504 -5e-06 -12.690596 2e-06 16.181767 -17.733583 2.495476 1.665664 -1.955921 -2.8783 4.727796 -4.170583 4.993922 11.02052 4e-06 0.0 12.109046 -3.735712 -2.866781 -0.0 -1e-06 0.0 1.291985 -1.928548 -1.498087 14.800123 0.56747 3.865609 14.242562 -1.341733 -6.660653 19.631952 0.143925 -0.648238 49.550903 -0.586449 -6.394496 0.353028 -1.511149 -0.03194 20.222784 3.684309 2.316631 18.78726 6e-06 3e-06 10.751622 -0.479869 1.397908 2e-06 1e-06 -2e-06 3.273805 0.305949 -0.58011 21.486801 11.830366 2.266133 8.162922 1e-06 2e-06 18.399075 -3.798983 -4.940568 4e-06 1e-06 -2e-06 1.729611 12.058536 3.143256 0.003259 -0.305217 2.27373 -2.592708 3.533484 -7.571859 1.62484 -2.007368 -0.007016 -0.0 0.0 2e-06 -2.945967 -7.05091 1.876831 0.014426 0.030909 1.922948 4.320218 2.314421 -5.362326 -1.428266 0.822907 0.163963 0.0 0.0 -1e-06 
0.0 0.0 0.0 0.0 -0.0 0.0 2.944792 99.18084 -1.5293 -0.216897 -0.338142 0.942851 0.510847 0.065715 -3.44684 -0.366787 -0.332672 -6.040762 -0.023124 -2.517204 9.589907 -0.890616 3.05512 6.550872 -0.724142 0.061565 -3.709877 1.239208 -1.358449 -3.050488 7.7e-05 -2.3e-05 6e-06 -0.007024 0.097481 0.002414 0.770576 -3.630294 -10.720637 -0.786617 3.833576 -10.731056 -18.810251 -3.674989 13.316508 -58.911713 -2.190007 5.495492 -0.367107 -35.09436 0.26101 -2.585482 -0.30091 -14.10842 -5.882105 9.861283 0.702591 -10.936869 -0.360575 7.156204 1e-06 8.774822 -1e-06 -16.239426 18.57052 6.405608 -1.844032 2.498503 -2.507278 -10.163597 4.678942 4.621109 -20.976021 -5e-06 1e-06 -21.226286 2.451694 -3.593999 -1e-06 -6e-06 2e-06 -1.362681 2.240796 -0.746324 -21.334913 0.584909 3.008322 -13.821213 -3e-06 1e-06 -23.887167 -0.249081 -0.839482 -60.571205 2.884633 -1.304791 -0.294025 1.679687 0.833256 -14.218207 0.093214 1.300581 -34.212048 -0.287566 0.967171 -20.033209 0.964536 1.212845 1e-06 0.0 2e-06 -3.440388 0.788233 0.501656 -15.928183 -3.16731 2.999707 -6.338824 -1e-06 1e-06 -18.123444 3.64818 -4.905669 -5e-06 0.0 -2e-06 25.516159 6.459821 17.258436 50.681717 10.22855 15.845684 -0.251399 35.618996 -0.056867 0.880903 -0.348503 1.627129 2.243541 -5.255036 -3.180157 14.282889 -0.826594 6.952501 -3e-06 -12.690605 -0.0 16.206516 -17.730902 2.477476 1.665666 -1.955921 -2.878299 4.727798 -4.170587 4.993924 11.020523 2e-06 -2e-06 12.109052 -3.735716 -2.866784 -0.0 -0.0 -1e-06 1.291985 -1.92855 -1.498088 14.800125 0.567468 3.865606 14.24257 -1.341737 -6.660655 19.631968 0.143927 -0.648244 49.555717 -0.575202 -6.401787 0.353029 -1.511151 -0.031939 20.22279 3.68431 2.316628 18.78727 7e-06 -1e-06 10.751627 -0.479868 1.397905 2e-06 1e-06 -1e-06 3.273806 0.305947 -0.580111 21.486811 11.830376 2.266132 8.162927 1e-06 -2e-06 18.39908 -3.798983 -4.940576 3e-06 1e-06 0.0 1.685402 12.018991 3.144054 0.001673 -0.299042 2.267908 -2.531425 3.542613 -7.570961 1.624068 -2.009459 0.012783 -0.0 -0.0 2e-06 -2.978635 -7.046587 1.893781 0.011997 0.039854 1.902653 4.325033 2.278626 -5.387876 -1.426591 0.822482 0.200163 0.0 0.0 -1e-06 
0.0 0.0 0.0 0.0 -0.0 0.0 2.993909 99.174484 -1.518486 -0.203474 -0.312592 0.97239 0.523483 0.063506 -3.48016 -0.36514 -0.306984 -6.052314 -0.02516 -2.520829 9.614717 -0.863765 3.059596 6.535614 -0.716784 0.008889 -3.699605 1.222268 -1.378558 -3.083491 7.7e-05 -2.3e-05 6e-06 -0.007156 0.090441 0.002002 0.771985 -3.63867 -10.724016 -0.788242 3.827781 -10.731748 -18.92152 -3.6159 13.294059 -58.932636 -2.216789 5.599957 -0.350077 -35.278118 0.249986 -2.482559 -0.303055 -13.782728 -5.8821 9.861278 0.70259 -10.936859 -0.360576 7.1562 1e-06 8.774817 -3e-06 -16.230633 18.561308 6.407117 -1.844031 2.498503 -2.507276 -10.16359 4.678941 4.621105 -20.976006 -5e-06 2e-06 -21.226269 2.451694 -3.593997 1e-06 -6e-06 1e-06 -1.36268 2.240796 -0.746323 -21.334892 0.584908 3.008322 -13.821199 -2e-06 3e-06 -23.887148 -0.249079 -0.83948 -60.5616 2.887501 -1.289178 -0.294024 1.679684 0.833255 -14.218195 0.093214 1.30058 -34.212013 -0.287563 0.967172 -20.033192 0.964535 1.212844 1e-06 0.0 2e-06 -3.440385 0.788232 0.501656 -15.928172 -3.167308 2.999707 -6.338819 -2e-06 2e-06 -18.12343 3.64818 -4.905668 -5e-06 -0.0 -1e-06 25.599712 6.446082 17.23328 50.574684 10.361403 16.152353 -0.247993 35.767315 -0.045041 0.803618 -0.114597 1.524961 2.243539 -5.255032 -3.180155 14.282881 -0.826594 6.952505 -3e-06 -12.690593 -1e-06 16.220341 -17.727892 2.46147 1.665665 -1.955921 -2.878296 4.727796 -4.170583 4.993923 11.020517 3e-06 0.0 12.10904 -3.735713 -2.86678 -0.0 -0.0 -2e-06 1.291985 -1.928548 -1.498086 14.800118 0.567468 3.865608 14.24256 -1.341737 -6.660651 19.631952 0.143924 -0.648242 49.532646 -0.579068 -6.408997 0.353028 -1.51115 -0.031941 20.222775 3.684306 2.316634 18.787262 4e-06 2e-06 10.751622 -0.47987 1.397909 3e-06 2e-06 -1e-06 3.273804 0.305947 -0.580111 21.486801 11.830362 2.266137 8.162921 -1e-06 1e-06 18.399075 -3.798984 -4.940569 5e-06 2e-06 0.0 1.628287 11.973185 3.117629 0.001984 -0.295282 2.2543 -2.473342 3.548577 -7.562846 1.623989 -2.009646 0.030238 0.0 -0.0 2e-06 -3.020641 -7.067479 1.88254 0.011692 0.04502 1.885651 4.337424 2.278317 -5.407148 -1.424898 0.819229 0.250365 0.0 0.0 -1e-06 
0.0 0.0 0.0 0.0 -0.0 0.0 3.040963 99.1661 -1.51804 -0.186414 -0.271944 1.023352 0.527905 0.060848 -3.512725 -0.364265 -0.283093 -6.062803 -0.030433 -2.520873 9.640859 -0.82014 3.056198 6.487568 -0.709372 -0.048028 -3.687953 1.216354 -1.421091 -3.136842 7.7e-05 -2.3e-05 6e-06 -0.007864 0.091152 0.002966 0.772286 -3.638839 -10.724524 -0.789989 3.829263 -10.729933 -19.016951 -3.578344 13.267206 -58.958561 -2.219972 5.772908 -0.29635 -35.453041 0.218471 -2.393617 -0.298016 -13.520138 -5.882101 9.861281 0.70259 -10.936864 -0.360577 7.1562 -0.0 8.774819 -3e-06 -16.220388 18.557928 6.406464 -1.84403 2.498503 -2.507275 -10.163592 4.67894 4.621105 -20.976006 -5e-06 3e-06 -21.226269 2.451696 -3.593996 0.0 -5e-06 -0.0 -1.36268 2.240798 -0.746323 -21.334898 0.584909 3.008322 -13.821203 -2e-06 1e-06 -23.887152 -0.249077 -0.839481 -60.552044 2.885138 -1.286244 -0.294024 1.679686 0.833255 -14.218199 0.093214 1.30058 -34.212029 -0.287562 0.967171 -20.033197 0.964536 1.212844 -0.0 0.0 -1e-06 -3.440386 0.788232 0.501655 -15.928174 -3.167307 2.999705 -6.33882 -2e-06 2e-06 -18.123428 3.64818 -4.905665 -5e-06 -1e-06 -2e-06 25.678274 6.424195 17.200636 50.47147 10.470423 16.387444 -0.221877 35.861198 -0.032251 0.725 0.095696 1.464006 2.243542 -5.255034 -3.180156 14.282884 -0.826593 6.952498 -2e-06 -12.690597 -2e-06 16.22226 -17.71335 2.450912 1.665666 -1.955921 -2.878297 4.727797 -4.170584 4.993921 11.02052 5e-06 -2e-06 12.109046 -3.735713 -2.866782 -1e-06 -1e-06 0.0 1.291985 -1.928548 -1.498089 14.800122 0.567466 3.865605 14.242566 -1.341734 -6.660651 19.631956 0.143927 -0.648245 49.50568 -0.59015 -6.407455 0.35303 -1.51115 -0.03194 20.222782 3.684309 2.316628 18.787266 7e-06 -2e-06 10.751622 -0.479868 1.397908 2e-06 1e-06 -2e-06 3.273804 0.305947 -0.580112 21.486801 11.830368 2.266131 8.162922 1e-06 -3e-06 18.399071 -3.79898 -4.940573 3e-06 1e-06 -1e-06 1.568099 11.931605 3.070755 0.000353 -0.287469 2.230309 -2.422073 3.530951 -7.562652 1.62289 -2.002785 0.042219 0.0 -0.0 2e-06 -3.066288 -7.121151 1.846682 0.012514 0.046309 1.873428 4.362277 2.28432 -5.415595 -1.422686 0.815903 0.305137 0.0 0.0 -1e-06 
0.0 0.0 0.0 0.0 -0.0 0.0 3.0874 99.162445 -1.533206 -0.166277 -0.223874 1.095005 0.529893 0.05846 -3.541766 -0.366304 -0.268254 -6.077625 -0.037218 -2.518863 9.67179 -0.771773 3.039326 6.42494 -0.706295 -0.085949 -3.674182 1.246165 -1.488026 -3.179662 7.7e-05 -2.2e-05 6e-06 -0.009163 0.092362 0.002511 0.772796 -3.636418 -10.718544 -0.793207 3.829265 -10.721744 -19.094715 -3.555007 13.240912 -58.981613 -2.2165 5.980136 -0.239102 -35.600262 0.179806 -2.301849 -0.277901 -13.346769 -5.882106 9.861286 0.702592 -10.936872 -0.360574 7.156208 -0.0 8.774823 1e-06 -16.199203 18.548771 6.404317 -1.844032 2.498503 -2.507278 -10.163599 4.678944 4.62111 -20.976021 -3e-06 4e-06 -21.226284 2.451698 -3.593998 1e-06 -5e-06 1e-06 -1.362681 2.240798 -0.746323 -21.334913 0.584908 3.008327 -13.821213 -1e-06 4e-06 -23.887171 -0.249077 -0.839478 -60.53027 2.890146 -1.298395 -0.294025 1.679688 0.833256 -14.218207 0.093216 1.300583 -34.212048 -0.28756 0.967175 -20.033215 0.964539 1.212847 2e-06 0.0 -1e-06 -3.440388 0.788234 0.501657 -15.928185 -3.16731 2.999709 -6.338827 -1e-06 3e-06 -18.123444 3.648184 -4.905668 -5e-06 -0.0 -1e-06 25.759262 6.403337 17.17528 50.354561 10.568242 16.548788 -0.168014 35.891575 -0.015742 0.643724 0.264777 1.444037 2.243539 -5.255035 -3.180157 14.282882 -0.826594 6.952501 -2e-06 -12.690597 -1e-06 16.203424 -17.677504 2.450774 1.665665 -1.95592 -2.878298 4.727796 -4.170584 4.993922 11.020517 3e-06 -1e-06 12.109045 -3.735715 -2.866781 -1e-06 -1e-06 0.0 1.291985 -1.928549 -1.498088 14.800117 0.567468 3.865607 14.24256 -1.341737 -6.660655 19.63195 0.143924 -0.648243 49.480114 -0.607868 -6.401796 0.353028 -1.51115 -0.031938 20.222778 3.684308 2.316633 18.78726 3e-06 1e-06 10.751619 -0.479871 1.397902 1e-06 2e-06 -1e-06 3.273804 0.305947 -0.58011 21.486799 11.830368 2.266134 8.162921 1e-06 -2e-06 18.399071 -3.798985 -4.940572 3e-06 -0.0 0.0 1.50546 11.910103 2.989667 -0.000653 -0.285946 2.218414 -2.377432 3.491283 -7.537882 1.621278 -2.002174 0.037236 0.0 -0.0 2e-06 -3.110787 -7.191253 1.782873 0.011927 0.052967 1.867728 4.381378 2.27166 -5.413124 -1.420647 0.81182 0.325241 0.0 0.0 -1e-06 
0.0 0.0 0.0 0.0 -0.0 0.0 3.13089 99.16597 -1.548537 -0.141396 -0.148077 1.176151 0.527202 0.0474 -3.562148 -0.37048 -0.253082 -6.087785 -0.046747 -2.515786 9.690208 -0.710572 3.010402 6.373475 -0.71661 -0.115873 -3.665027 1.293902 -1.583732 -3.207249 7.7e-05 -2.2e-05 6e-06 -0.010614 0.095309 0.001212 0.772096 -3.631773 -10.711707 -0.795536 3.830603 -10.713651 -19.146982 -3.556332 13.246645 -59.028339 -2.232502 6.188044 -0.157918 -35.696678 0.128964 -2.192795 -0.272764 -13.268764 -5.8821 9.861278 0.70259 -10.936861 -0.360576 7.156199 -0.0 8.774818 -0.0 -16.18858 18.55172 6.397467 -1.844031 2.498505 -2.507275 -10.16359 4.678941 4.621103 -20.976006 -5e-06 1e-06 -21.226269 2.451694 -3.594 0.0 -6e-06 -0.0 -1.36268 2.240796 -0.746323 -21.334896 0.584908 3.00832 -13.821199 -3e-06 0.0 -23.887144 -0.249081 -0.839484 -60.527348 2.887276 -1.309916 -0.294024 1.679687 0.833254 -14.218197 0.093215 1.300579 -34.212013 -0.287565 0.967168 -20.033194 0.964533 1.212842 -0.0 0.0 -1e-06 -3.440385 0.788232 0.501655 -15.92817 -3.167306 2.999704 -6.338819 -2e-06 0.0 -18.123428 3.648179 -4.905667 -6e-06 -1e-06 0.0 25.821615 6.370905 17.190319 50.262905 10.692179 16.648504 -0.109229 35.851387 0.001744 0.553387 0.409306 1.409641 2.243542 -5.255037 -3.180156 14.282896 -0.826595 6.952503 -3e-06 -12.690605 1e-06 16.194706 -17.655697 2.453352 1.665666 -1.955921 -2.878298 4.7278 -4.170587 4.993924 11.020528 5e-06 -2e-06 12.109053 -3.735715 -2.866784 -0.0 0.0 0.0 1.291985 -1.928549 -1.49809 14.800129 0.567468 3.865606 14.242574 -1.341736 -6.660658 19.631969 0.143926 -0.648245 49.474339 -0.615863 -6.394041 0.353029 -1.511153 -0.031942 20.222797 3.684308 2.31663 18.787273 5e-06 -3e-06 10.751627 -0.479869 1.397903 1e-06 1e-06 0.0 3.273807 0.305947 -0.58011 21.486814 11.830376 2.26613 8.162928 1e-06 -2e-06 18.399084 -3.798986 -4.940576 3e-06 0.0 -1e-06 1.437267 11.892197 2.896001 -0.004038 -0.289757 2.200455 -2.328535 3.435635 -7.498016 1.619842 -1.999072 0.034732 -0.0 0.0 2e-06 -3.157285 -7.274587 1.710344 0.01232 0.05731 1.866468 4.418657 2.250817 -5.419907 -1.419082 0.815072 0.32804 0.0 0.0 -1e-06 
0.0 0.0 0.0 0.0 -0.0 0.0 3.175129 99.165916 -1.560567 -0.121105 -0.066808 1.248309 0.519866 0.034434 -3.56777 -0.374586 -0.242893 -6.093666 -0.05404 -2.506386 9.69723 -0.632602 2.979841 6.358888 -0.743477 -0.148318 -3.665086 1.355949 -1.669982 -3.238409 7.7e-05 -2.3e-05 6e-06 -0.010413 0.097724 -0.000296 0.772758 -3.628608 -10.709319 -0.795955 3.832604 -10.710081 -19.167934 -3.588612 13.267603 -59.094639 -2.233909 6.338691 -0.09075 -35.773556 0.087402 -2.052792 -0.300054 -13.193755 -5.882106 9.861283 0.70259 -10.93687 -0.360575 7.156203 -0.0 8.774822 -1e-06 -16.193295 18.553207 6.386404 -1.844032 2.498505 -2.507277 -10.163599 4.678943 4.621107 -20.976023 -3e-06 3e-06 -21.226288 2.451696 -3.594 2e-06 -5e-06 1e-06 -1.362682 2.240797 -0.746323 -21.334911 0.584909 3.008323 -13.821213 -1e-06 2e-06 -23.887159 -0.249078 -0.839484 -60.518524 2.87566 -1.302538 -0.294025 1.679686 0.833255 -14.218207 0.093215 1.30058 -34.212048 -0.287565 0.967171 -20.033209 0.964536 1.212843 -0.0 0.0 1e-06 -3.440388 0.788233 0.501656 -15.928185 -3.167308 2.999707 -6.338825 0.0 1e-06 -18.123444 3.648183 -4.90567 -4e-06 0.0 0.0 25.861294 6.332378 17.247795 50.19754 10.852657 16.745079 -0.077737 35.743099 0.01233 0.464462 0.511317 1.418441 2.243538 -5.255031 -3.180155 14.28288 -0.826592 6.952498 -3e-06 -12.690595 0.0 16.188238 -17.6656 2.462575 1.665664 -1.955919 -2.878296 4.727795 -4.17058 4.993919 11.020517 4e-06 0.0 12.10904 -3.735713 -2.86678 -1e-06 0.0 0.0 1.291984 -1.928547 -1.498088 14.800118 0.56747 3.865605 14.24256 -1.341734 -6.660651 19.631952 0.143926 -0.648241 49.479557 -0.615654 -6.39403 0.353028 -1.511149 -0.031939 20.22278 3.684309 2.316631 18.787258 5e-06 0.0 10.751621 -0.479867 1.397904 1e-06 1e-06 0.0 3.273804 0.305947 -0.58011 21.486803 11.830366 2.266134 8.162922 2e-06 -1e-06 18.399075 -3.798981 -4.940568 4e-06 0.0 -2e-06 1.378633 11.86091 2.813964 -0.009641 -0.298123 2.180807 -2.284185 3.391893 -7.484154 1.618422 -1.989715 0.037223 -0.0 -0.0 2e-06 -3.196415 -7.346547 1.652182 0.015425 0.059215 1.862808 4.451363 2.244749 -5.436989 -1.417155 0.822955 0.339506 0.0 0.0 -1e-06 
0.0 0.0 0.0 0.0 -0.0 0.0 3.21377 99.163345 -1.574995 -0.101108 0.018691 1.311959 0.515601 0.02762 -3.571736 -0.381302 -0.241584 -6.101236 -0.073522 -2.505075 9.706599 -0.546765 2.94585 6.392748 -0.769218 -0.184599 -3.670841 1.424341 -1.71022 -3.263308 7.7e-05 -2.2e-05 6e-06 -0.009565 0.095357 -0.004097 0.774719 -3.631202 -10.713198 -0.796457 3.830787 -10.714036 -19.157547 -3.616594 13.295151 -59.138287 -2.22825 6.539071 -0.022884 -35.874725 0.052826 -1.895589 -0.351526 -13.148746 -5.882101 9.861278 0.702588 -10.936863 -0.360575 7.156199 1e-06 8.774818 -2e-06 -16.180767 18.543478 6.375579 -1.844031 2.498502 -2.507276 -10.163592 4.67894 4.621103 -20.976009 -4e-06 -0.0 -21.226273 2.451693 -3.593999 1e-06 -6e-06 -0.0 -1.36268 2.240798 -0.746323 -21.3349 0.584906 3.008318 -13.821203 -3e-06 -0.0 -23.887154 -0.249082 -0.839482 -60.481396 2.876463 -1.293567 -0.294025 1.679687 0.833256 -14.218197 0.093214 1.300576 -34.212021 -0.28757 0.967166 -20.033199 0.964531 1.212839 1e-06 0.0 1e-06 -3.440386 0.788233 0.501654 -15.928176 -3.167309 2.999704 -6.338821 -2e-06 0.0 -18.12344 3.648177 -4.90567 -6e-06 -0.0 -2e-06 25.878323 6.295825 17.310999 50.159382 11.014606 16.904755 -0.098721 35.602753 0.004876 0.421174 0.591042 1.414247 2.24354 -5.255033 -3.180155 14.28288 -0.826592 6.952499 -4e-06 -12.690593 0.0 16.177681 -17.69202 2.474162 1.665664 -1.95592 -2.878296 4.727797 -4.170583 4.993918 11.020517 3e-06 -2e-06 12.109041 -3.735712 -2.866781 1e-06 -0.0 0.0 1.291985 -1.928549 -1.498088 14.800117 0.567469 3.865606 14.242562 -1.341734 -6.660653 19.631952 0.143929 -0.648242 49.469551 -0.617108 -6.394978 0.353028 -1.511149 -0.03194 20.222775 3.684311 2.31663 18.787256 8e-06 -1e-06 10.75162 -0.479866 1.397906 -1e-06 2e-06 -0.0 3.273804 0.305948 -0.58011 21.486797 11.830368 2.266133 8.162921 1e-06 0.0 18.399071 -3.79898 -4.940569 3e-06 -0.0 0.0 1.329698 11.834002 2.743073 -0.010938 -0.306716 2.16429 -2.245806 3.334594 -7.473339 1.616868 -1.981624 0.024852 0.0 -0.0 2e-06 -3.232077 -7.41041 1.603809 0.018506 0.063009 1.863383 4.465825 2.246989 -5.467427 -1.414857 0.827693 0.341251 0.0 0.0 -1e-06 
0.0 0.0 0.0 0.0 -0.0 0.0 3.241766 99.162437 -1.582562 -0.078761 0.098183 1.371839 0.51192 0.027502 -3.580335 -0.389653 -0.241613 -6.114618 -0.104178 -2.516345 9.727139 -0.465856 2.915316 6.465487 -0.787249 -0.213699 -3.682351 1.504214 -1.744016 -3.276962 7.7e-05 -2.3e-05 6e-06 -0.009795 0.091138 -0.009486 0.775384 -3.634614 -10.716683 -0.797893 3.825789 -10.717525 -19.125978 -3.617207 13.326753 -59.139084 -2.241477 6.852551 0.056667 -36.0112 0.015513 -1.732124 -0.407583 -13.128257 -5.882103 9.861281 0.702589 -10.936865 -0.360575 7.1562 -0.0 8.774819 -2e-06 -16.151825 18.526655 6.35925 -1.844031 2.498505 -2.507276 -10.163593 4.678941 4.621107 -20.976007 -1e-06 2e-06 -21.226271 2.451698 -3.594001 1e-06 -6e-06 1e-06 -1.36268 2.240798 -0.746324 -21.334904 0.584911 3.008322 -13.821208 -2e-06 2e-06 -23.887157 -0.249075 -0.839483 -60.419609 2.878349 -1.288199 -0.294025 1.679687 0.833255 -14.218202 0.093216 1.30058 -34.212032 -0.287562 0.967169 -20.033201 0.964538 1.212841 1e-06 0.0 0.0 -3.440387 0.788234 0.501656 -15.928177 -3.167308 2.999706 -6.338823 1e-06 2e-06 -18.123434 3.648183 -4.905669 -4e-06 -0.0 -2e-06 25.869125 6.2451 17.366428 50.142719 11.159087 17.106075 -0.128242 35.491016 -0.010539 0.379891 0.671963 1.441152 2.24354 -5.255035 -3.180157 14.282883 -0.826597 6.952497 3e-06 -12.690596 -2e-06 16.162487 -17.691879 2.478977 1.665664 -1.955921 -2.878298 4.727798 -4.170586 4.993917 11.02052 -2e-06 -0.0 12.109046 -3.735717 -2.866783 -1e-06 -1e-06 0.0 1.291986 -1.928548 -1.498087 14.800118 0.567466 3.865604 14.242562 -1.341742 -6.660656 19.631948 0.14392 -0.648248 49.437401 -0.621397 -6.396763 0.353028 -1.511149 -0.031941 20.222778 3.684301 2.316628 18.787262 1e-06 -3e-06 10.75162 -0.479872 1.397902 1e-06 1e-06 -2e-06 3.273804 0.305946 -0.58011 21.486797 11.830359 2.266135 8.162921 -0.0 -3e-06 18.399075 -3.798986 -4.940577 3e-06 -0.0 -2e-06 1.279931 11.788481 2.671671 -0.007069 -0.308121 2.162659 -2.213077 3.280233 -7.450288 1.613679 -1.979472 0.004343 -0.0 0.0 2e-06 -3.26709 -7.491316 1.554217 0.020956 0.073939 1.872947 4.468938 2.26483 -5.493122 -1.413187 0.827686 0.317743 -0.0 -0.0 -1e-06 
0.0 0.0 0.0 0.0 -0.0 0.0 3.267435 99.163841 -1.598061 -0.05975 0.15912 1.442243 0.503951 0.032135 -3.593494 -0.393288 -0.247579 -6.129666 -0.134693 -2.52705 9.740462 -0.399408 2.891691 6.569185 -0.788047 -0.254338 -3.68839 1.568823 -1.777575 -3.291387 7.7e-05 -2.2e-05 6e-06 -0.010582 0.089265 -0.009469 0.772644 -3.636159 -10.714368 -0.797059 3.823644 -10.715391 -19.085203 -3.611364 13.348902 -59.105263 -2.253654 7.213296 0.147421 -36.186741 -0.02365 -1.563179 -0.490062 -12.998651 -5.882098 9.861268 0.702588 -10.936856 -0.360576 7.156195 2e-06 8.774811 -2e-06 -16.132385 18.517673 6.334524 -1.84403 2.498501 -2.507274 -10.163585 4.678936 4.621101 -20.975996 -6e-06 3e-06 -21.226261 2.451691 -3.593994 1e-06 -6e-06 -0.0 -1.362679 2.240794 -0.746322 -21.334887 0.584907 3.008318 -13.821197 -4e-06 1e-06 -23.887138 -0.24908 -0.839482 -60.386105 2.879294 -1.300008 -0.294024 1.679682 0.833254 -14.218188 0.093213 1.300578 -34.212013 -0.287566 0.967171 -20.033184 0.964533 1.212842 1e-06 -0.0 1e-06 -3.440384 0.788233 0.501655 -15.928165 -3.167307 2.999702 -6.338816 -2e-06 1e-06 -18.123423 3.648174 -4.905663 -5e-06 -1e-06 -1e-06 25.848677 6.173998 17.403648 50.127785 11.270587 17.33597 -0.153298 35.447113 -0.028136 0.316885 0.766912 1.424044 2.243537 -5.25503 -3.180157 14.282874 -0.826593 6.952501 -3e-06 -12.690592 2e-06 16.163055 -17.684996 2.469185 1.665664 -1.955919 -2.878298 4.727793 -4.170583 4.993924 11.020512 4e-06 -3e-06 12.109036 -3.735711 -2.86678 -0.0 -1e-06 1e-06 1.291984 -1.928547 -1.49809 14.80011 0.567469 3.865606 14.242557 -1.341732 -6.66065 19.631943 0.143927 -0.648241 49.434288 -0.619514 -6.39338 0.353028 -1.511149 -0.03194 20.222769 3.684305 2.316629 18.787252 5e-06 -0.0 10.751616 -0.479868 1.397907 -0.0 1e-06 -1e-06 3.273802 0.305948 -0.58011 21.48679 11.830361 2.266135 8.162917 0.0 0.0 18.399067 -3.798982 -4.940569 3e-06 1e-06 -1e-06 1.233405 11.742455 2.569876 -0.006406 -0.306574 2.197242 -2.188009 3.254025 -7.429642 1.610747 -1.97624 0.009418 0.0 -0.0 2e-06 -3.293121 -7.569981 1.483323 0.02197 0.089827 1.896075 4.45315 2.287808 -5.511734 -1.411195 0.825798 0.292936 -0.0 -0.0 -1e-06 
0.0 0.0 0.0 0.0 -0.0 0.0 3.299264 99.165878 -1.615128 -0.052616 0.201261 1.516783 0.492619 0.032514 -3.595077 -0.395579 -0.249466 -6.145051 -0.157317 -2.535709 9.749067 -0.329309 2.882702 6.681444 -0.781336 -0.318698 -3.683442 1.623216 -1.797271 -3.297072 7.7e-05 -2.3e-05 6e-06 -0.011028 0.09073 -0.006803 0.7687 -3.6354 -10.710706 -0.794352 3.826072 -10.712272 -19.019054 -3.598919 13.36476 -59.063461 -2.26157 7.5446 0.209069 -36.426586 -0.045953 -1.373294 -0.598044 -12.72136 -5.882106 9.86128 0.702591 -10.936873 -0.360574 7.156207 1e-06 8.77482 1e-06 -16.13431 18.518375 6.310058 -1.844032 2.498503 -2.507278 -10.163602 4.678943 4.621109 -20.976025 -3e-06 5e-06 -21.226288 2.451696 -3.593996 1e-06 -6e-06 1e-06 -1.362682 2.240798 -0.746323 -21.334917 0.58491 3.008324 -13.821215 -3e-06 3e-06 -23.887177 -0.249081 -0.83948 -60.402363 2.874245 -1.316064 -0.294024 1.679687 0.833256 -14.218211 0.093215 1.300581 -34.212063 -0.287565 0.967174 -20.033218 0.964536 1.212843 1e-06 0.0 1e-06 -3.440389 0.788232 0.501656 -15.928189 -3.167307 2.999707 -6.338827 -3e-06 1e-06 -18.123446 3.648181 -4.905666 -4e-06 0.0 -2e-06 25.796518 6.099057 17.435883 50.135056 11.35685 17.585783 -0.171612 35.495392 -0.047568 0.210584 0.871043 1.343773 2.243541 -5.255033 -3.180156 14.282887 -0.826593 6.952503 -5e-06 -12.690598 1e-06 16.154816 -17.693407 2.458401 1.665665 -1.95592 -2.878295 4.727797 -4.170585 4.993921 11.02052 5e-06 0.0 12.109043 -3.735712 -2.866782 -1e-06 -1e-06 1e-06 1.291985 -1.928548 -1.498089 14.800122 0.567469 3.865604 14.242565 -1.341733 -6.660653 19.631958 0.143928 -0.648239 49.451126 -0.61336 -6.400086 0.353029 -1.51115 -0.03194 20.222784 3.68431 2.316629 18.787266 1e-05 -0.0 10.751624 -0.479866 1.397909 -1e-06 1e-06 -2e-06 3.273806 0.305947 -0.58011 21.486807 11.830372 2.266131 8.162923 2e-06 -2e-06 18.399076 -3.79898 -4.940569 3e-06 0.0 -1e-06 1.200795 11.708251 2.449044 -0.008139 -0.301486 2.268187 -2.165563 3.224469 -7.444895 1.609668 -1.969681 0.004925 0.0 -0.0 2e-06 -3.302956 -7.637581 1.398065 0.021337 0.095696 1.932689 4.434734 2.319432 -5.546522 -1.409628 0.821169 0.258671 -0.0 0.0 -1e-06 
0.0 0.0 0.0 0.0 -0.0 0.0 3.326506 99.167702 -1.630471 -0.055663 0.236774 1.601219 0.481057 0.031968 -3.587436 -0.400632 -0.249184 -6.155359 -0.176359 -2.553997 9.746584 -0.252985 2.88614 6.798538 -0.769917 -0.390782 -3.678031 1.686054 -1.808451 -3.301026 7.7e-05 -2.2e-05 6e-06 -0.010988 0.090303 -0.003689 0.764741 -3.637209 -10.711168 -0.790662 3.82734 -10.713308 -18.916777 -3.592099 13.383923 -59.039181 -2.273476 7.80948 0.244523 -36.708443 -0.062558 -1.145504 -0.735298 -12.355569 -5.882103 9.861279 0.70259 -10.936866 -0.360575 7.156201 2e-06 8.77482 -1e-06 -16.136484 18.531982 6.303311 -1.844032 2.498502 -2.507277 -10.163595 4.678942 4.621106 -20.976015 -5e-06 3e-06 -21.226274 2.451695 -3.593999 1e-06 -6e-06 1e-06 -1.362681 2.240796 -0.746322 -21.334908 0.584908 3.008321 -13.821209 -4e-06 1e-06 -23.887163 -0.249081 -0.839479 -60.439274 2.861336 -1.320523 -0.294024 1.679684 0.833255 -14.218203 0.093214 1.300579 -34.21204 -0.287566 0.96717 -20.033205 0.964535 1.212844 1e-06 0.0 -1e-06 -3.440387 0.788233 0.501655 -15.928179 -3.167309 2.999706 -6.338823 -1e-06 1e-06 -18.123436 3.648179 -4.905667 -4e-06 -0.0 -2e-06 25.720806 6.017022 17.455215 50.165447 11.42712 17.923681 -0.223204 35.590149 -0.084679 0.02733 1.017027 1.217194 2.243541 -5.255033 -3.180153 14.282883 -0.826593 6.952496 -3e-06 -12.690597 2e-06 16.126701 -17.690519 2.446811 1.665666 -1.955921 -2.878298 4.727797 -4.170586 4.993921 11.02052 4e-06 -1e-06 12.109046 -3.735714 -2.866781 0.0 -0.0 0.0 1.291986 -1.928548 -1.498089 14.800118 0.567468 3.865604 14.242561 -1.341734 -6.660652 19.631954 0.143927 -0.648244 49.455528 -0.602716 -6.421754 0.353028 -1.51115 -0.03194 20.222784 3.68431 2.316629 18.787266 5e-06 -1e-06 10.751623 -0.479866 1.397904 -0.0 1e-06 -1e-06 3.273805 0.305947 -0.580111 21.486801 11.830368 2.266129 8.162921 0.0 -1e-06 18.399071 -3.798984 -4.94057 3e-06 1e-06 0.0 1.178543 11.685346 2.303015 -0.010079 -0.294379 2.366466 -2.143274 3.164432 -7.476964 1.609404 -1.972168 -0.01681 -0.0 0.0 2e-06 -3.295489 -7.70728 1.289495 0.02142 0.091742 1.987496 4.416568 2.346146 -5.592555 -1.408817 0.815917 0.214435 0.0 0.0 -1e-06 
0.0 0.0 0.0 0.0 -0.0 0.0 3.337672 99.18084 -1.646828 -0.066939 0.264424 1.706704 0.47498 0.027803 -3.57088 -0.410605 -0.252229 -6.160224 -0.208171 -2.581288 9.726333 -0.161204 2.876407 6.919033 -0.743527 -0.440954 -3.680318 1.746222 -1.79644 -3.329617 7.7e-05 -2.3e-05 6e-06 -0.01018 0.088387 -0.001336 0.761393 -3.639511 -10.711269 -0.785956 3.826 -10.713314 -18.740265 -3.606211 13.441076 -59.069363 -2.315765 8.025611 0.273934 -36.994186 -0.086348 -0.879904 -0.923379 -12.057114 -5.882106 9.861283 0.702591 -10.936872 -0.360573 7.156207 0.0 8.774822 0.0 -16.152054 18.544386 6.297604 -1.844032 2.498503 -2.507278 -10.163601 4.678944 4.62111 -20.976021 -2e-06 4e-06 -21.226282 2.451698 -3.593999 2e-06 -6e-06 -0.0 -1.362681 2.240798 -0.746323 -21.334915 0.584911 3.008327 -13.821214 -1e-06 4e-06 -23.887175 -0.249076 -0.839482 -60.492805 2.843045 -1.300778 -0.294025 1.679687 0.833256 -14.21821 0.093216 1.300583 -34.212048 -0.28756 0.967172 -20.033215 0.96454 1.212843 -0.0 -0.0 0.0 -3.440389 0.788233 0.501656 -15.928185 -3.167308 2.999708 -6.338826 -1e-06 1e-06 -18.123444 3.648182 -4.905665 -4e-06 -0.0 -1e-06 25.612425 5.912313 17.455751 50.229702 11.493241 18.297678 -0.278668 35.745495 -0.1148 -0.192475 1.161541 1.147293 2.243541 -5.255037 -3.180159 14.282887 -0.826595 6.9525 -1e-06 -12.690601 1e-06 16.102018 -17.676785 2.430593 1.665666 -1.955922 -2.878299 4.727799 -4.170587 4.993927 11.020523 4e-06 -2e-06 12.10905 -3.735716 -2.866783 -1e-06 0.0 1e-06 1.291986 -1.92855 -1.498092 14.800125 0.567466 3.865608 14.242568 -1.341738 -6.660659 19.631964 0.143925 -0.648245 49.458733 -0.569148 -6.422285 0.353028 -1.511151 -0.031938 20.222786 3.684306 2.316631 18.78727 3e-06 -2e-06 10.751625 -0.47987 1.397907 -0.0 1e-06 -1e-06 3.273806 0.305947 -0.580111 21.486807 11.830368 2.26613 8.162924 0.0 -1e-06 18.39908 -3.798985 -4.940574 2e-06 -0.0 -1e-06 1.165426 11.663415 2.120151 -0.009483 -0.290859 2.489535 -2.119293 3.108958 -7.526792 1.608303 -1.985562 -0.045979 -0.0 -0.0 2e-06 -3.271858 -7.787192 1.148873 0.023 0.08863 2.045297 4.4103 2.368016 -5.627682 -1.409235 0.81097 0.152986 -0.0 0.0 -1e-06 
0.0 0.0 0.0 0.0 -0.0 0.0 3.32492 99.201134 -1.664533 -0.091592 0.294275 1.830536 0.471803 0.014362 -3.529533 -0.420526 -0.26557 -6.154424 -0.245388 -2.603757 9.688648 -0.051792 2.85586 7.028342 -0.707117 -0.438851 -3.692654 1.809494 -1.806054 -3.413279 7.7e-05 -2.3e-05 6e-06 -0.009249 0.09189 0.001514 0.756445 -3.634804 -10.710134 -0.779354 3.828579 -10.711438 -18.461348 -3.664787 13.517497 -59.184265 -2.383115 8.169391 0.24077 -37.259621 -0.080254 -0.558124 -1.17816 -11.877504 -5.882102 9.861279 0.702591 -10.936866 -0.360573 7.156204 -1e-06 8.774819 -2e-06 -16.188906 18.556854 6.282435 -1.84403 2.498503 -2.507277 -10.163595 4.678944 4.621109 -20.976013 -1e-06 6e-06 -21.226273 2.451699 -3.593996 1e-06 -6e-06 -1e-06 -1.36268 2.240796 -0.746323 -21.334904 0.584911 3.008326 -13.821205 -1e-06 6e-06 -23.887157 -0.249074 -0.839481 -60.559475 2.829895 -1.271083 -0.294025 1.679687 0.833256 -14.218199 0.093216 1.300582 -34.212025 -0.287557 0.967176 -20.033201 0.96454 1.212844 0.0 -0.0 -1e-06 -3.440387 0.788233 0.501655 -15.928179 -3.167307 2.999709 -6.338822 -1e-06 2e-06 -18.123438 3.648184 -4.905665 -4e-06 -0.0 -2e-06 25.43581 5.787725 17.432026 50.333321 11.53554 18.653446 -0.323826 36.05431 -0.141014 -0.433514 1.314812 1.20029 2.243538 -5.25503 -3.180155 14.282872 -0.826592 6.952496 -2e-06 -12.690591 -1e-06 16.066395 -17.66279 2.417818 1.665663 -1.95592 -2.878297 4.727793 -4.170583 4.993917 11.020512 3e-06 0.0 12.109035 -3.735712 -2.866777 -0.0 0.0 1e-06 1.291983 -1.928547 -1.498087 14.800112 0.567468 3.865606 14.242553 -1.341736 -6.660649 19.631937 0.143924 -0.648242 49.454914 -0.526206 -6.408177 0.353028 -1.511147 -0.031941 20.222765 3.684306 2.316629 18.787249 5e-06 -0.0 10.751615 -0.479871 1.397904 1e-06 2e-06 0.0 3.273803 0.305946 -0.580108 21.486788 11.830361 2.26613 8.162918 1e-06 -2e-06 18.399059 -3.798982 -4.940567 3e-06 0.0 0.0 1.161435 11.637479 1.877921 -0.005205 -0.292143 2.677438 -2.08317 3.086359 -7.62013 1.605767 -2.000423 -0.074992 -0.0 0.0 2e-06 -3.236571 -7.882425 0.973488 0.027176 0.081798 2.123548 4.414259 2.430073 -5.668031 -1.409601 0.807378 0.091107 0.0 0.0 -1e-06 
0.0 0.0 0.0 0.0 -0.0 0.0 3.307658 99.219406 -1.683075 -0.126984 0.342653 1.977276 0.460277 -0.009341 -3.451383 -0.435979 -0.282617 -6.139919 -0.280678 -2.626535 9.641194 0.084322 2.834041 7.078148 -0.664677 -0.40923 -3.694379 1.867708 -1.858816 -3.613041 7.7e-05 -2.2e-05 6e-06 -0.009021 0.10258 0.007927 0.748534 -3.62148 -10.703102 -0.771057 3.83703 -10.70203 -18.073359 -3.815591 13.633748 -59.380039 -2.458673 8.313064 0.166374 -37.541389 -0.043191 -0.161853 -1.455022 -11.779582 -5.882106 9.861288 0.70259 -10.936872 -0.360576 7.156204 0.0 8.774827 0.0 -16.212152 18.557171 6.275697 -1.844033 2.498505 -2.507277 -10.163599 4.678944 4.621107 -20.976023 -4e-06 1e-06 -21.226282 2.451696 -3.594 1e-06 -6e-06 1e-06 -1.362681 2.240798 -0.746323 -21.334913 0.584909 3.008322 -13.821213 -3e-06 2e-06 -23.887165 -0.249079 -0.839483 -60.616455 2.826419 -1.224915 -0.294025 1.679687 0.833256 -14.218208 0.093215 1.300581 -34.212048 -0.287564 0.96717 -20.033211 0.964535 1.212842 0.0 -0.0 -2e-06 -3.440388 0.788233 0.501655 -15.928185 -3.16731 2.999707 -6.338826 -1e-06 1e-06 -18.123444 3.648182 -4.90567 -5e-06 0.0 0.0 25.162939 5.631365 17.387936 50.488823 11.574256 19.029654 -0.364 36.546673 -0.164031 -0.763334 1.498313 1.330735 2.243541 -5.255037 -3.180157 14.282888 -0.826596 6.952503 -1e-06 -12.690603 -1e-06 16.033205 -17.650944 2.420122 1.665668 -1.955922 -2.878299 4.727799 -4.170588 4.993923 11.020528 3e-06 -2e-06 12.109053 -3.735716 -2.866786 -1e-06 -0.0 1e-06 1.291986 -1.928548 -1.49809 14.800131 0.567466 3.865607 14.242576 -1.341735 -6.660659 19.631969 0.143928 -0.648246 49.459393 -0.475177 -6.389953 0.353029 -1.51115 -0.03194 20.222794 3.684309 2.316627 18.787275 5e-06 -3e-06 10.751633 -0.479869 1.397906 -0.0 2e-06 1e-06 3.273806 0.305948 -0.580109 21.486816 11.83037 2.266132 8.162928 1e-06 -2e-06 18.399084 -3.798983 -4.940575 3e-06 1e-06 -1e-06 1.166366 11.576863 1.558054 -0.004522 -0.291363 2.942286 -2.075659 3.079654 -7.780726 1.603512 -2.005766 -0.081181 -0.0 0.0 2e-06 -3.190568 -7.986428 0.758333 0.032994 0.074671 2.224165 4.396163 2.519331 -5.742643 -1.408535 0.804851 0.051835 -0.0 -0.0 -1e-06 
0.0 0.0 0.0 0.0 -0.0 0.0 3.283393 99.237602 -1.710107 -0.176745 0.446025 2.177797 0.427203 -0.038021 -3.32872 -0.445346 -0.324882 -6.116265 -0.308753 -2.664847 9.571744 0.257452 2.793194 7.039669 -0.633139 -0.372226 -3.692108 1.932808 -1.919636 -3.960475 7.7e-05 -2.2e-05 6e-06 -0.0096 0.115071 0.014573 0.73541 -3.603029 -10.685875 -0.759139 3.844308 -10.682272 -17.550318 -4.060942 13.802707 -59.603222 -2.503788 8.75948 0.111121 -37.961723 -0.017103 0.308362 -1.789274 -11.660969 -5.882102 9.861278 0.70259 -10.936865 -0.360576 7.1562 1e-06 8.77482 -1e-06 -16.245058 18.538904 6.274352 -1.844031 2.498503 -2.507277 -10.163592 4.67894 4.621103 -20.976013 -4e-06 -0.0 -21.226274 2.451694 -3.594 2e-06 -6e-06 -0.0 -1.362681 2.240796 -0.746323 -21.3349 0.584908 3.00832 -13.821205 -4e-06 1e-06 -23.887154 -0.249081 -0.839482 -60.646309 2.83997 -1.177053 -0.294025 1.679688 0.833254 -14.218199 0.093214 1.300579 -34.212032 -0.287567 0.967168 -20.033201 0.964534 1.212842 1e-06 0.0 -2e-06 -3.440386 0.788233 0.501654 -15.928174 -3.167308 2.999702 -6.33882 -1e-06 0.0 -18.123436 3.648179 -4.905667 -4e-06 -0.0 0.0 24.767603 5.427063 17.308395 50.653778 11.599028 19.449554 -0.322039 37.27375 -0.137056 -1.276295 1.775391 1.594069 2.243539 -5.255033 -3.180154 14.282876 -0.826596 6.952501 -1e-06 -12.690594 0.0 15.986355 -17.666557 2.442972 1.665664 -1.955921 -2.878297 4.727796 -4.170585 4.993924 11.020516 1e-06 -1e-06 12.10904 -3.735715 -2.866779 0.0 -0.0 1e-06 1.291985 -1.928547 -1.498089 14.800114 0.567468 3.865606 14.242557 -1.341737 -6.660652 19.631945 0.143923 -0.648243 49.475422 -0.428425 -6.404898 0.353028 -1.511149 -0.031941 20.222769 3.684304 2.316632 18.787254 2e-06 -1e-06 10.751616 -0.479869 1.397907 1e-06 1e-06 0.0 3.273803 0.305945 -0.580109 21.486788 11.830364 2.266131 8.162919 1e-06 0.0 18.399063 -3.798988 -4.940569 3e-06 0.0 -1e-06 1.183801 11.46197 1.092219 -0.007812 -0.299984 3.349973 -2.099499 3.051113 -8.034009 1.600701 -2.004278 -0.059606 0.0 -0.0 2e-06 -3.11401 -8.117647 0.460943 0.041889 0.058789 2.361601 4.392425 2.591625 -5.842704 -1.406262 0.813036 -0.00444 -0.0 0.0 -1e-06 
0.0 0.0 0.0 0.0 -0.0 0.0 3.241923 99.277374 -1.756922 -0.247279 0.643959 2.503098 0.365367 -0.068799 -3.178058 -0.436345 -0.399831 -6.06636 -0.322248 -2.735337 9.461869 0.473864 2.679013 6.832019 -0.614963 -0.340214 -3.698299 1.979323 -1.946349 -4.48834 7.7e-05 -2.2e-05 6e-06 -0.01024 0.134145 0.01598 0.716847 -3.574956 -10.663739 -0.741971 3.855164 -10.660004 -16.695215 -4.416737 14.034481 -59.95607 -2.487388 9.898696 0.181737 -38.699108 -0.065979 0.890866 -2.285532 -11.128846 -5.882101 9.861282 0.702589 -10.936861 -0.360575 7.156198 1e-06 8.774821 0.0 -16.300781 18.478567 6.24332 -1.844031 2.498504 -2.507274 -10.163591 4.678942 4.621103 -20.976006 -2e-06 3e-06 -21.226269 2.451696 -3.593999 -0.0 -7e-06 0.0 -1.36268 2.240798 -0.746322 -21.334896 0.58491 3.008321 -13.821203 -2e-06 2e-06 -23.887152 -0.249077 -0.839485 -60.557762 2.850045 -1.163824 -0.294025 1.679687 0.833256 -14.218195 0.093215 1.30058 -34.212021 -0.287564 0.96717 -20.033194 0.964536 1.212844 -1e-06 -0.0 -1e-06 -3.440385 0.788233 0.501654 -15.928172 -3.16731 2.999707 -6.33882 1e-06 1e-06 -18.123426 3.648183 -4.905666 -6e-06 -0.0 -2e-06 24.098345 5.146965 17.122896 50.858902 11.645648 20.35183 -0.251384 38.18364 -0.053922 -2.31143 2.397165 2.246303 2.243539 -5.255034 -3.180158 14.282881 -0.826595 6.952498 1e-06 -12.690597 -3e-06 15.931473 -17.68895 2.477463 1.665666 -1.955923 -2.878299 4.727797 -4.170586 4.99392 11.02052 -1e-06 -1e-06 12.109046 -3.735715 -2.866784 0.0 -0.0 -1e-06 1.291986 -1.928548 -1.49809 14.80012 0.567465 3.865607 14.242562 -1.341736 -6.660656 19.631958 0.143922 -0.648247 49.469761 -0.415235 -6.445595 0.353031 -1.511149 -0.031941 20.222778 3.684302 2.316631 18.787266 2e-06 -2e-06 10.751622 -0.47987 1.397904 -0.0 1e-06 -0.0 3.273805 0.305946 -0.580108 21.486801 11.830366 2.266133 8.162922 0.0 -1e-06 18.399075 -3.798986 -4.940573 3e-06 0.0 -1e-06 1.18276 11.28616 0.337344 -0.010955 -0.323769 3.98194 -2.137004 3.03771 -8.37492 1.600519 -1.981068 -0.035739 -0.0 0.0 2e-06 -2.988922 -8.270785 -0.046696 0.057708 0.03375 2.627279 4.462451 2.578014 -5.982037 -1.405591 0.840055 -0.111586 0.0 0.0 -1e-06 
0.0 0.0 0.0 0.0 -0.0 0.0 3.177252 99.330032 -1.859625 -0.368418 0.974543 3.017911 0.308247 -0.110453 -2.993272 -0.41484 -0.520573 -5.988076 -0.250992 -2.84849 9.295631 0.626502 2.514115 6.363205 -0.604598 -0.344818 -3.72903 2.061561 -1.933329 -5.40245 7.7e-05 -2.2e-05 6e-06 -0.009795 0.166335 -0.000933 0.713992 -3.539108 -10.673234 -0.738499 3.88396 -10.66982 -14.983129 -4.911506 14.220954 -60.935383 -2.23834 11.833122 0.435621 -40.112469 -0.211544 1.699362 -3.090292 -9.725543 -5.882105 9.861289 0.70259 -10.93687 -0.360574 7.156204 0.0 8.774827 -2e-06 -16.430746 18.358803 6.089607 -1.844033 2.498505 -2.507279 -10.163597 4.678946 4.621106 -20.976021 -5e-06 -2e-06 -21.226286 2.451694 -3.594004 -1e-06 -6e-06 0.0 -1.362682 2.240798 -0.746323 -21.334913 0.584907 3.008319 -13.821213 -6e-06 2e-06 -23.887167 -0.249081 -0.839485 -60.288578 2.804926 -1.185186 -0.294024 1.679687 0.833256 -14.218207 0.093214 1.300577 -34.212048 -0.287567 0.967166 -20.033211 0.964533 1.212843 0.0 -1e-06 -1e-06 -3.440389 0.788234 0.501657 -15.928185 -3.167311 2.999703 -6.338825 -1e-06 0.0 -18.123449 3.648181 -4.905674 -4e-06 -0.0 -2e-06 22.65987 4.834292 16.817665 51.355091 11.815116 22.848312 -0.444649 39.012947 -0.124139 -4.352455 3.837129 4.647553 2.243541 -5.255034 -3.180155 14.282883 -0.826595 6.952498 -1e-06 -12.690601 -2e-06 15.860617 -17.621437 2.54837 1.665666 -1.95592 -2.878295 4.727798 -4.170587 4.993922 11.02052 2e-06 0.0 12.109046 -3.735716 -2.866783 0.0 -0.0 -1e-06 1.291986 -1.928549 -1.498088 14.800122 0.567465 3.865604 14.242564 -1.341738 -6.660654 19.631954 0.143924 -0.648245 49.376022 -0.455001 -6.470509 0.353028 -1.511149 -0.03194 20.222784 3.684306 2.316627 18.78726 3e-06 -1e-06 10.751622 -0.479871 1.397905 0.0 1e-06 0.0 3.273805 0.305947 -0.58011 21.486801 11.830371 2.266135 8.162924 1e-06 -1e-06 18.399075 -3.798985 -4.940577 2e-06 -2e-06 -1e-06 1.168092 11.073026 -0.943215 -0.007329 -0.356938 5.118116 -2.244408 3.069484 -8.959936 1.602754 -1.950748 -0.063121 -0.0 -0.0 2e-06 -2.736053 -8.327395 -1.025249 0.063563 -0.0251 3.349901 4.560079 2.270296 -6.201725 -1.410259 0.83582 -0.250687 0.0 0.0 -1e-06 
0.0 0.0 0.0 0.0 -0.0 0.0 3.179098 99.342712 -2.044918 -0.496828 1.227031 3.539658 0.329687 -0.188674 -2.623835 -0.406695 -0.623081 -5.893023 -0.05757 -3.013399 9.053342 0.548195 2.439326 5.812453 -0.626167 -0.35448 -3.788774 2.202761 -1.921803 -6.952927 7.7e-05 -2.3e-05 6e-06 -0.007953 0.176794 -0.030409 0.736588 -3.531195 -10.718499 -0.757612 3.89758 -10.722652 -12.04613 -5.404 14.440515 -63.053345 -1.775653 13.289617 0.574331 -42.10445 -0.317249 2.900298 -3.696316 -7.93754 -5.882107 9.861287 0.702589 -10.936872 -0.360575 7.156202 1e-06 8.774826 -2e-06 -16.566626 18.283218 5.836617 -1.844032 2.498504 -2.507278 -10.163602 4.678946 4.621107 -20.976028 -5e-06 0.0 -21.22629 2.451696 -3.594002 -0.0 -6e-06 -2e-06 -1.362681 2.240798 -0.746323 -21.334913 0.58491 3.008319 -13.821216 -3e-06 0.0 -23.887175 -0.249082 -0.839486 -60.044537 2.71544 -1.229217 -0.294025 1.679687 0.833256 -14.21821 0.093215 1.300578 -34.212063 -0.287566 0.967167 -20.033215 0.964535 1.212842 1e-06 -0.0 1e-06 -3.440389 0.788231 0.501655 -15.928187 -3.16731 2.999705 -6.338827 -2e-06 1e-06 -18.123449 3.64818 -4.905673 -1e-06 1e-06 -2e-06 19.852974 4.808905 16.636055 52.511421 12.073853 26.943928 -0.935249 39.406857 -0.415546 -7.147316 5.919322 10.126904 2.24354 -5.255034 -3.180154 14.282883 -0.826595 6.952497 -3e-06 -12.690599 1e-06 15.878872 -17.432261 2.59839 1.665665 -1.955921 -2.878298 4.727798 -4.170586 4.993925 11.02052 2e-06 -2e-06 12.109046 -3.735715 -2.866785 0.0 -1e-06 0.0 1.291986 -1.92855 -1.498089 14.800118 0.567466 3.865605 14.242564 -1.341736 -6.660655 19.631956 0.143927 -0.648245 49.260559 -0.517928 -6.485827 0.353031 -1.511151 -0.031941 20.222784 3.684307 2.316629 18.787268 4e-06 -3e-06 10.751623 -0.479869 1.397904 1e-06 1e-06 -1e-06 3.273804 0.305945 -0.58011 21.486803 11.830368 2.266129 8.162924 1e-06 -2e-06 18.399076 -3.798981 -4.940575 2e-06 -0.0 -1e-06 1.141207 11.061753 -2.704736 0.005492 -0.371371 7.157982 -2.474352 2.987233 -9.814061 1.609154 -1.965846 -0.229959 -0.0 -0.0 2e-06 -2.445809 -8.512105 -2.616029 0.052931 -0.08685 5.1401 4.353795 2.048896 -6.660815 -1.418753 0.783891 -0.420054 -0.0 -0.0 -1e-06 
0.0 0.0 0.0 0.0 -0.0 0.0 3.314887 99.235252 -2.251431 -0.481355 1.345939 3.852802 0.412425 -0.29511 -2.007357 -0.386233 -0.684786 -5.824651 0.163592 -3.13666 8.880122 0.121 2.49913 5.243925 -0.631097 -0.2471 -3.825873 2.380837 -2.088194 -8.877247 7.7e-05 -2.2e-05 6e-06 -0.003599 0.181314 -0.056654 0.758846 -3.526287 -10.742733 -0.771128 3.901194 -10.768928 -8.403847 -5.899172 14.747837 -65.913521 -1.33492 13.528158 0.713872 -44.132839 -0.485242 4.672541 -2.830584 -7.277146 -5.882104 9.861286 0.70259 -10.936866 -0.360574 7.156201 0.0 8.774826 -4e-06 -16.527237 18.444952 5.756119 -1.844032 2.498504 -2.507277 -10.163595 4.678946 4.621106 -20.976017 -3e-06 -0.0 -21.226282 2.451696 -3.594002 1e-06 -5e-06 -0.0 -1.362681 2.240798 -0.746323 -21.334904 0.584911 3.008321 -13.821205 -1e-06 0.0 -23.887156 -0.249078 -0.839488 -59.956139 2.690696 -1.29264 -0.294025 1.679688 0.833256 -14.218201 0.093216 1.30058 -34.212029 -0.287563 0.967166 -20.033205 0.964535 1.212841 1e-06 -1e-06 1e-06 -3.440387 0.788233 0.501655 -15.928177 -3.16731 2.999704 -6.338822 -2e-06 1e-06 -18.123438 3.648184 -4.905671 -3e-06 1e-06 -3e-06 15.682734 5.446059 16.541752 54.520927 12.031892 31.713289 -1.457565 38.511917 -0.736555 -10.585594 7.294792 16.283014 2.243545 -5.255035 -3.180156 14.282883 -0.826595 6.952499 -1e-06 -12.690598 1e-06 15.839675 -17.277376 2.69947 1.665664 -1.955921 -2.878299 4.727797 -4.170586 4.993919 11.020522 1e-06 -1e-06 12.109046 -3.735715 -2.866781 0.0 0.0 0.0 1.291985 -1.92855 -1.498088 14.800122 0.567466 3.865608 14.242567 -1.341738 -6.660655 19.63196 0.143924 -0.648245 49.317566 -0.636661 -6.513577 0.353029 -1.511151 -0.03194 20.222784 3.684304 2.31663 18.787266 3e-06 -0.0 10.751622 -0.47987 1.397905 1e-06 0.0 1e-06 3.273805 0.305947 -0.58011 21.486801 11.830366 2.266134 8.162923 -0.0 1e-06 18.399075 -3.798986 -4.940574 3e-06 -1e-06 -1e-06 0.960395 11.320181 -4.659023 0.019074 -0.361388 10.047029 -2.742954 2.486607 -10.684816 1.612006 -2.002483 -0.490699 0.0 -0.0 2e-06 -2.3843 -9.295124 -4.772013 0.022928 -0.075704 8.450195 3.943812 2.392664 -7.721531 -1.424899 0.737012 -0.732201 -0.0 0.0 -1e-06 
0.0 0.0 0.0 0.0 -0.0 0.0 3.607981 98.982742 -2.337168 -0.152127 1.291014 3.78298 0.539133 -0.3135 -1.273439 -0.319547 -0.650244 -5.773478 0.223272 -3.108934 8.873107 -0.610868 2.721095 4.838859 -0.613613 -0.29885 -3.790427 2.747132 -2.392396 -10.503097 7.7e-05 -2.3e-05 6e-06 0.005053 0.184878 -0.059723 0.763351 -3.528033 -10.735249 -0.758172 3.906463 -10.766055 -5.504443 -6.341548 14.803043 -68.329544 -0.945202 12.213547 1.099603 -46.203224 -0.689128 7.679388 -0.861693 -8.485429 -5.882105 9.861282 0.702591 -10.936868 -0.360575 7.156201 1e-06 8.774822 -2e-06 -16.216679 18.801708 5.941053 -1.844032 2.498503 -2.507277 -10.163597 4.678944 4.621106 -20.976021 -5e-06 4e-06 -21.226282 2.451696 -3.593998 0.0 -6e-06 -1e-06 -1.36268 2.240797 -0.746322 -21.334906 0.584911 3.008322 -13.821211 -2e-06 0.0 -23.887161 -0.249078 -0.839482 -59.798149 2.767194 -1.443607 -0.294024 1.679688 0.833256 -14.218205 0.093214 1.300579 -34.212044 -0.287563 0.967171 -20.033211 0.964538 1.212841 0.0 -0.0 1e-06 -3.440387 0.788233 0.501656 -15.928183 -3.167308 2.999705 -6.338824 0.0 0.0 -18.12344 3.648183 -4.905667 -3e-06 1e-06 -0.0 11.4069 6.614884 16.524372 56.779541 11.549432 35.923767 -1.639766 35.08765 -0.795793 -14.201101 6.639882 21.794737 2.243543 -5.255037 -3.180159 14.28289 -0.826594 6.9525 -1e-06 -12.690603 1e-06 15.958732 -17.23605 2.715352 1.665667 -1.955921 -2.878299 4.7278 -4.170587 4.993923 11.020528 2e-06 -2e-06 12.109055 -3.735716 -2.866785 0.0 0.0 0.0 1.291986 -1.928549 -1.498089 14.800129 0.567467 3.865605 14.242576 -1.341737 -6.66066 19.631971 0.143927 -0.648248 49.438629 -0.674818 -6.536355 0.353027 -1.51115 -0.03194 20.222794 3.684308 2.316628 18.787271 5e-06 -4e-06 10.751628 -0.479868 1.397905 -1e-06 1e-06 -0.0 3.273809 0.305947 -0.58011 21.486813 11.830372 2.266129 8.162926 1e-06 -1e-06 18.39908 -3.798984 -4.940577 3e-06 -1e-06 -1e-06 0.509462 11.852701 -6.159329 0.002956 -0.296814 13.032266 -2.74547 1.640862 -11.458019 1.610967 -2.002336 -0.603526 0.0 -0.0 2e-06 -2.90072 -10.755426 -6.649482 0.020035 0.040591 12.167322 3.567458 3.562539 -9.211706 -1.422549 0.694928 -0.86988 0.0 -0.0 -1e-06 
0.0 0.0 0.0 0.0 -0.0 0.0 3.982507 98.640015 -2.158851 0.209582 0.840371 3.320432 0.809449 -0.21562 -0.6935 -0.240951 -0.458082 -5.691022 0.197408 -2.87346 9.113151 -1.208925 3.042981 5.00859 -0.652959 -0.53085 -3.711416 3.139124 -2.588631 -11.402434 7.7e-05 -2.3e-05 6e-06 0.010351 0.147496 -0.017692 0.740205 -3.567746 -10.694534 -0.724442 3.867918 -10.706146 -5.173332 -6.309317 14.603047 -68.497742 -0.806151 9.512016 1.295358 -49.070461 -0.624918 11.8199 0.627852 -11.189451 -5.8821 9.861275 0.702591 -10.936862 -0.360575 7.156198 2e-06 8.774817 0.0 -15.828416 19.028786 6.186178 -1.84403 2.4985 -2.507275 -10.163592 4.678937 4.621103 -20.976007 -6e-06 5e-06 -21.226269 2.451691 -3.593994 -1e-06 -7e-06 0.0 -1.36268 2.240793 -0.746321 -21.334896 0.584907 3.008321 -13.821202 -4e-06 4e-06 -23.887146 -0.24908 -0.839479 -59.910049 2.937115 -1.616454 -0.294024 1.679685 0.833255 -14.218199 0.093214 1.300579 -34.212021 -0.287564 0.967169 -20.033199 0.964534 1.212843 1e-06 -0.0 -1e-06 -3.440385 0.788233 0.501655 -15.928174 -3.167306 2.999703 -6.338821 -1e-06 0.0 -18.123434 3.648179 -4.905665 -3e-06 1e-06 -3e-06 9.281343 8.114307 16.775995 57.492046 11.132025 40.208439 -1.325556 28.829702 -0.507308 -15.845539 2.404443 26.73131 2.243539 -5.255033 -3.180155 14.28287 -0.826593 6.952494 -2e-06 -12.690593 0.0 15.993995 -16.938362 2.520876 1.665663 -1.95592 -2.878296 4.727793 -4.170584 4.993918 11.020512 2e-06 -2e-06 12.109036 -3.735713 -2.866782 -0.0 -0.0 0.0 1.291987 -1.928548 -1.498088 14.800108 0.567468 3.865602 14.242555 -1.341735 -6.660653 19.631941 0.143927 -0.648245 49.390503 -0.449446 -6.285495 0.353028 -1.511149 -0.03194 20.222765 3.684306 2.316626 18.787247 4e-06 -2e-06 10.751615 -0.479868 1.397903 1e-06 0.0 0.0 3.273803 0.305947 -0.58011 21.486786 11.830364 2.266129 8.162917 1e-06 -0.0 18.399059 -3.798982 -4.940571 3e-06 -0.0 -1e-06 0.176785 13.052283 -6.540338 -0.060644 -0.231348 15.075175 -2.595212 0.608894 -12.380615 1.609887 -1.905332 -0.612069 -0.0 -1e-06 2e-06 -3.771389 -11.953438 -7.197796 0.062848 0.165073 14.343691 3.367725 5.355111 -10.534272 -1.414644 0.640004 -0.479836 -0.0 0.0 -1e-06 
0.0 0.0 0.0 0.0 -0.0 0.0 4.241428 98.400627 -1.731107 -0.046515 0.663392 2.771837 1.33031 -0.012937 -0.59918 -0.192338 -0.345353 -5.601953 0.436161 -2.828858 9.512415 -1.11166 3.343723 6.122324 -0.460012 -0.841474 -3.683624 2.582126 -2.109862 -11.262614 7.7e-05 -2.2e-05 6e-06 -0.004035 0.056881 0.047094 0.711036 -3.662604 -10.619809 -0.724123 3.777103 -10.626626 -8.430984 -5.516679 14.511736 -65.24424 -1.06742 6.430707 1.827294 -53.75473 -0.820242 15.70505 1.878685 -13.400836 -5.882102 9.861279 0.702591 -10.936867 -0.360575 7.156203 1e-06 8.774819 -0.0 -15.388468 18.766506 6.4274 -1.844031 2.498503 -2.507276 -10.163595 4.678941 4.621107 -20.976015 -4e-06 5e-06 -21.226273 2.451697 -3.593996 1e-06 -5e-06 -0.0 -1.36268 2.240796 -0.746323 -21.334906 0.584908 3.008323 -13.821208 -1e-06 4e-06 -23.887159 -0.249078 -0.839481 -60.076 3.134425 -1.672101 -0.294024 1.679688 0.833255 -14.218203 0.093212 1.300581 -34.21204 -0.287562 0.967173 -20.033205 0.964538 1.212842 -1e-06 0.0 -2e-06 -3.440388 0.788232 0.501655 -15.928181 -3.167307 2.999707 -6.338824 -2e-06 2e-06 -18.12344 3.648182 -4.905665 -3e-06 -0.0 -3e-06 11.349753 9.167603 17.625341 54.53651 11.188156 44.913853 -0.261739 23.915205 -0.00279 -9.708882 -5.96127 30.317383 2.243539 -5.255032 -3.180155 14.282872 -0.826592 6.952494 -2e-06 -12.690592 -0.0 14.98269 -16.969421 2.493514 1.665664 -1.95592 -2.878296 4.727793 -4.170584 4.993918 11.020512 5e-06 -2e-06 12.109036 -3.735711 -2.866781 -1e-06 -1e-06 -0.0 1.291983 -1.928548 -1.498088 14.800108 0.567467 3.865602 14.242553 -1.341734 -6.660652 19.631941 0.143928 -0.648245 49.141922 -0.646756 -6.265469 0.353029 -1.51115 -0.03194 20.222767 3.684307 2.316627 18.787251 5e-06 -1e-06 10.751617 -0.479868 1.397905 1e-06 1e-06 0.0 3.273802 0.305946 -0.58011 21.486786 11.830362 2.266129 8.162917 2e-06 -0.0 18.399059 -3.79898 -4.94057 3e-06 0.0 -1e-06 0.601226 14.181881 -6.270573 -0.093812 -0.188501 16.296482 -2.376251 -0.384301 -13.478651 1.603497 -1.827734 -0.670597 0.0 -0.0 2e-06 -3.958367 -12.248176 -6.096443 0.133616 0.269262 13.874964 3.556039 6.059617 -11.09293 -1.419019 0.581483 -0.375285 0.0 0.0 -1e-06 
0.0 0.0 0.0 0.0 -0.0 0.0 4.241595 98.512665 -1.13078 -1.442758 1.593079 2.641145 1.919608 0.07307 -1.083385 -0.214242 -0.729634 -5.652512 1.323103 -3.371581 9.618163 -0.190461 3.099238 8.260859 -0.214068 -0.476613 -3.760726 1.953062 -1.909119 -9.636028 7.7e-05 -2.3e-05 6e-06 -0.026263 0.030918 0.09626 0.662222 -3.685252 -10.492547 -0.717611 3.746767 -10.5594 -14.179399 -5.443529 14.685929 -59.28204 -0.311561 4.174188 2.153738 -60.377651 -1.524226 20.149704 3.164077 -13.880838 -5.882104 9.861281 0.70259 -10.936868 -0.360576 7.156205 1e-06 8.774823 -1e-06 -15.354055 18.522482 6.685564 -1.844032 2.498503 -2.507278 -10.163596 4.678941 4.621109 -20.976019 -3e-06 2e-06 -21.226282 2.451694 -3.593999 0.0 -6e-06 -0.0 -1.36268 2.240798 -0.746322 -21.334909 0.584909 3.008323 -13.82121 -2e-06 2e-06 -23.887165 -0.249081 -0.839483 -60.626366 3.097096 -1.474941 -0.294025 1.679688 0.833256 -14.218205 0.093216 1.300581 -34.212036 -0.287567 0.96717 -20.033211 0.964536 1.212845 1e-06 -0.0 0.0 -3.440388 0.788233 0.501656 -15.928183 -3.167308 2.999705 -6.338825 2e-06 1e-06 -18.123442 3.648178 -4.905669 -4e-06 -0.0 -2e-06 19.002012 8.074169 19.169983 46.262367 11.563112 43.045494 -0.610604 26.435968 -0.1763 4.115677 -6.754092 21.285336 2.24354 -5.255035 -3.180157 14.282878 -0.826593 6.952499 -3e-06 -12.690598 0.0 14.51659 -17.369799 2.884847 1.665665 -1.955921 -2.878298 4.727794 -4.170585 4.993921 11.020515 3e-06 -2e-06 12.109038 -3.735713 -2.866784 -0.0 0.0 -1e-06 1.291984 -1.928549 -1.498088 14.800115 0.567469 3.865605 14.242561 -1.341735 -6.660657 19.631952 0.143928 -0.648245 50.103321 -0.648563 -6.30668 0.353029 -1.51115 -0.03194 20.222773 3.684311 2.316629 18.787254 6e-06 -0.0 10.751616 -0.479867 1.397906 0.0 0.0 0.0 3.273804 0.305947 -0.580111 21.486797 11.830371 2.266132 8.162921 2e-06 0.0 18.399067 -3.798984 -4.940572 1e-06 -0.0 -1e-06 2.293127 14.853252 -6.259873 -0.045756 -0.150219 17.074524 -2.556742 -1.97956 -14.311519 1.586578 -1.872535 -0.818487 -0.0 0.0 2e-06 -2.316688 -11.357309 -3.79309 0.143129 0.331841 10.539312 3.855128 3.957711 -10.535881 -1.426121 0.518337 -1.023679 0.0 0.0 -1e-06 
0.0 0.0 0.0 0.0 -0.0 0.0 4.139424 98.59874 -0.820234 -2.411092 3.005919 2.276278 1.611936 -0.158555 -1.130336 -0.242451 -1.287366 -5.536959 2.241678 -3.696116 9.818619 1.564435 2.277445 10.276273 -0.566246 -0.567398 -3.756794 2.126781 -2.288933 -9.675121 7.7e-05 -2.2e-05 6e-06 -0.022021 0.166833 0.098694 0.633053 -3.567105 -10.486335 -0.680435 3.909761 -10.529588 -13.605631 -6.75138 14.156925 -58.546059 0.547486 6.603045 2.670634 -67.701286 -2.565922 19.935806 5.692275 -7.413903 -5.882095 9.861268 0.702589 -10.936854 -0.360576 7.156197 1e-06 8.774814 -1e-06 -16.015823 18.389584 6.380795 -1.844028 2.498502 -2.507273 -10.163582 4.678936 4.621101 -20.975988 -5e-06 3e-06 -21.22625 2.451694 -3.593994 0.0 -7e-06 -1e-06 -1.362679 2.240793 -0.746323 -21.334881 0.584906 3.008323 -13.821192 -5e-06 4e-06 -23.887136 -0.249078 -0.839477 -60.384823 2.873844 -1.313405 -0.294025 1.679688 0.833255 -14.218185 0.093212 1.300579 -34.211994 -0.287563 0.967171 -20.033182 0.964536 1.212843 0.0 -1e-06 -1e-06 -3.440382 0.788233 0.501655 -15.928162 -3.167305 2.999705 -6.338816 2e-06 2e-06 -18.123415 3.648177 -4.90566 -3e-06 2e-06 -1e-06 23.488909 6.715448 18.711721 43.766544 11.3146 31.664803 -3.366527 36.427063 -1.422763 -2.207455 -1.580881 3.295888 2.243539 -5.255033 -3.180155 14.282878 -0.826595 6.9525 -2e-06 -12.690595 -1e-06 15.362227 -17.065128 3.17819 1.665665 -1.955921 -2.878297 4.727796 -4.170585 4.993919 11.020518 2e-06 -1e-06 12.109042 -3.735714 -2.866783 0.0 -0.0 1e-06 1.291985 -1.928549 -1.498088 14.800115 0.567468 3.865604 14.24256 -1.341737 -6.660651 19.631952 0.143925 -0.648246 50.153637 -0.553235 -6.057524 0.35303 -1.511151 -0.031941 20.222775 3.684307 2.316627 18.787256 5e-06 1e-06 10.751622 -0.479868 1.397905 2e-06 1e-06 0.0 3.273804 0.305948 -0.580111 21.486794 11.830366 2.266131 8.162919 1e-06 -1e-06 18.399065 -3.798982 -4.940572 2e-06 -1e-06 1e-06 3.554129 14.025516 -6.722059 0.009123 -0.268465 18.854713 -2.992869 -2.46764 -15.062123 1.579681 -1.899088 -1.104832 -0.0 -1e-06 2e-06 -1.161997 -10.61518 -2.402735 0.111209 0.181285 9.218506 3.622823 1.780292 -10.22977 -1.41307 0.653916 -1.098294 -0.0 -0.0 -1e-06 
0.0 0.0 0.0 0.0 -0.0 0.0 4.140268 98.25016 -0.547079 -3.337001 4.164822 1.661974 1.414517 -0.454674 -0.714209 -0.234026 -1.747489 -5.432772 3.174886 -3.928037 10.190512 2.962614 1.253823 11.74174 -0.671036 -0.768997 -3.714774 1.912827 -2.42184 -10.34494 7.7e-05 -2.2e-05 6e-06 -0.008806 0.199278 0.082662 0.643502 -3.537931 -10.51874 -0.664678 3.944729 -10.547687 -9.851944 -7.572562 14.453058 -60.351738 -0.063506 9.611231 0.562836 -75.382416 -0.881795 13.716699 7.28828 -2.594379 -5.882103 9.861279 0.70259 -10.936869 -0.360572 7.156205 1e-06 8.774822 -1e-06 -16.56419 18.253201 5.748808 -1.844032 2.498502 -2.507276 -10.163595 4.678944 4.621108 -20.976015 -4e-06 2e-06 -21.22628 2.451695 -3.594 2e-06 -6e-06 -1e-06 -1.362681 2.240798 -0.746322 -21.334906 0.584908 3.008324 -13.821208 -4e-06 3e-06 -23.887165 -0.249078 -0.839478 -60.30426 2.735806 -1.547496 -0.294025 1.679687 0.833256 -14.218204 0.093214 1.30058 -34.21204 -0.287563 0.967172 -20.033207 0.964537 1.212842 -0.0 -0.0 0.0 -3.440387 0.788232 0.501656 -15.928183 -3.167305 2.999705 -6.338824 0.0 2e-06 -18.123436 3.64818 -4.905669 -4e-06 -0.0 -3e-06 23.943197 5.982986 17.736042 46.899212 10.845926 18.629522 -4.791741 49.678936 -2.688682 -9.332348 0.339733 -6.088926 2.243541 -5.255033 -3.180157 14.282887 -0.826592 6.952499 -4e-06 -12.690599 -0.0 15.201278 -17.269444 3.306432 1.665667 -1.955919 -2.878299 4.727797 -4.170584 4.993924 11.020526 3e-06 -1e-06 12.109051 -3.735714 -2.866784 -0.0 1e-06 -0.0 1.291986 -1.928548 -1.49809 14.800123 0.567469 3.865605 14.242568 -1.341734 -6.660659 19.631962 0.14393 -0.648245 49.899784 -0.653597 -5.87339 0.35303 -1.51115 -0.03194 20.222788 3.684312 2.31663 18.78727 8e-06 1e-06 10.751628 -0.479867 1.397906 1e-06 2e-06 -1e-06 3.273806 0.305947 -0.58011 21.486809 11.830374 2.266131 8.162925 2e-06 -1e-06 18.399076 -3.798984 -4.940573 3e-06 -0.0 -1e-06 4.754554 13.684766 -7.277886 -0.026012 -0.438778 21.32917 -2.922354 -3.028487 -16.174068 1.581279 -1.909896 -1.288542 0.0 -0.0 2e-06 -0.226733 -9.736291 -1.6354 0.075299 -0.069485 9.639677 3.653701 0.271288 -11.150449 -1.40334 0.794076 -1.255944 0.0 0.0 -1e-06 
0.0 0.0 0.0 0.0 -0.0 0.0 4.299241 97.775589 -0.233022 -3.805972 4.903989 1.249355 1.239084 -0.561185 -0.210669 -0.211952 -2.047448 -5.35573 3.667897 -4.12916 10.585878 4.569585 0.180521 12.818302 -0.763689 -0.96036 -3.723502 1.745571 -2.691331 -11.363758 7.7e-05 -2.3e-05 6e-06 -0.00239 0.120694 0.063183 0.659284 -3.613307 -10.592111 -0.667908 3.862876 -10.629956 -5.698267 -8.186284 14.906996 -62.509613 -0.26886 12.150298 -2.967493 -82.764648 2.49489 7.290663 9.227953 -2.140766 -5.882107 9.861285 0.702589 -10.93687 -0.360574 7.156203 -1e-06 8.774824 -1e-06 -16.490755 18.197031 5.658899 -1.844032 2.498506 -2.507278 -10.163599 4.678945 4.621109 -20.976019 -1e-06 2e-06 -21.226286 2.451698 -3.594003 1e-06 -6e-06 -0.0 -1.362682 2.240798 -0.746322 -21.334906 0.584912 3.008322 -13.82121 -2e-06 2e-06 -23.887169 -0.249078 -0.839484 -60.103493 2.678022 -1.391595 -0.294024 1.679687 0.833256 -14.218206 0.093217 1.30058 -34.212044 -0.28756 0.967168 -20.033209 0.964537 1.212843 0.0 0.0 -1e-06 -3.440389 0.788235 0.501656 -15.928183 -3.167308 2.999707 -6.338824 1e-06 -0.0 -18.123442 3.648185 -4.905672 -4e-06 1e-06 -2e-06 21.73048 5.48445 17.053904 51.531303 9.994593 10.87073 -5.828007 63.462143 -4.178457 -11.947453 0.03493 -5.186531 2.24354 -5.255037 -3.180156 14.282893 -0.826596 6.952505 -2e-06 -12.690601 -1e-06 14.911193 -17.113741 3.259258 1.665665 -1.955922 -2.878299 4.727801 -4.170585 4.993925 11.020524 2e-06 2e-06 12.109052 -3.735719 -2.866781 -1e-06 -1e-06 0.0 1.291986 -1.928548 -1.498088 14.800131 0.567467 3.865611 14.242568 -1.341737 -6.660651 19.631968 0.143921 -0.648239 49.497189 -0.81953 -5.793854 0.353029 -1.511152 -0.03194 20.222794 3.684309 2.316635 18.787275 1e-06 4e-06 10.751631 -0.479868 1.397908 2e-06 2e-06 1e-06 3.273807 0.305947 -0.58011 21.486816 11.830368 2.266139 8.162928 1e-06 1e-06 18.399086 -3.798988 -4.940572 5e-06 -0.0 1e-06 5.284211 13.541059 -7.934331 -0.047889 -0.479493 23.734884 -2.778236 -3.71724 -17.462217 1.590759 -1.912412 -1.373093 0.0 -0.0 2e-06 0.076775 -9.171551 -1.674848 0.049035 -0.169415 11.303765 3.761935 -0.507801 -12.665743 -1.41772 0.827827 -1.249754 0.0 0.0 -1e-06 
0.0 0.0 0.0 0.0 -0.0 0.0 4.606553 97.459061 0.105543 -3.869011 5.121947 1.134808 1.015861 -0.554668 0.381947 -0.180125 -2.197426 -5.24565 3.904835 -4.33005 10.805726 5.970277 -0.603672 13.490837 -0.820657 -1.232743 -3.778999 1.5557 -2.719539 -12.342647 7.7e-05 -2.2e-05 6e-06 0.002912 0.029323 0.047572 0.676801 -3.702763 -10.636363 -0.674876 3.770306 -10.682713 -2.22975 -8.656148 15.082088 -64.592201 0.876169 13.522794 -20.583914 -88.168587 20.089993 3.264493 11.49454 -3.728659 -5.882103 9.861283 0.702589 -10.936865 -0.360572 7.156202 -1e-06 8.774821 -2e-06 -16.362844 18.255964 5.798859 -1.844032 2.498505 -2.507277 -10.163595 4.678944 4.621105 -20.976013 -0.0 1e-06 -21.226274 2.4517 -3.594003 1e-06 -5e-06 -1e-06 -1.362681 2.240796 -0.746323 -21.334904 0.584909 3.008321 -13.821208 -0.0 2e-06 -23.887159 -0.249077 -0.839486 -59.995514 2.675709 -1.218905 -0.294024 1.679688 0.833254 -14.218199 0.093217 1.300579 -34.212032 -0.287562 0.967167 -20.033201 0.964535 1.212841 0.0 0.0 0.0 -3.440386 0.788233 0.501654 -15.928179 -3.167307 2.999707 -6.338823 -1e-06 1e-06 -18.12344 3.648181 -4.905672 -4e-06 0.0 -3e-06 18.203396 5.3717 16.507412 55.346519 8.438122 7.429965 -7.655524 75.379089 -6.505013 -11.780319 -1.425304 -0.580494 2.243541 -5.255037 -3.180157 14.282881 -0.826597 6.952501 -1e-06 -12.690601 -1e-06 14.865576 -17.233747 3.292981 1.665665 -1.955921 -2.878297 4.727796 -4.170588 4.993921 11.020519 -1e-06 -2e-06 12.109046 -3.735718 -2.866785 -2e-06 -0.0 -2e-06 1.291984 -1.92855 -1.498087 14.800118 0.567465 3.865606 14.242559 -1.341739 -6.660655 19.631948 0.143923 -0.648246 49.482708 -0.952296 -5.765581 0.353029 -1.511151 -0.031942 20.222776 3.684304 2.316629 18.787256 2e-06 -3e-06 10.75162 -0.479871 1.397905 2e-06 -0.0 2e-06 3.273804 0.305947 -0.58011 21.486797 11.830369 2.266132 8.162922 -0.0 -0.0 18.399071 -3.798989 -4.940575 4e-06 -0.0 -0.0 5.246989 13.720052 -8.277516 -0.044862 -0.486755 25.216043 -2.474213 -4.25608 -18.484297 1.594569 -1.928342 -1.493638 0.0 -0.0 2e-06 -0.138237 -8.742729 -2.226427 0.041708 -0.19474 13.421035 3.875504 -0.761755 -13.984297 -1.431203 0.792244 -1.325352 0.0 0.0 -1e-06 
0.0 0.0 0.0 0.0 -0.0 0.0 5.023342 97.361244 0.467763 -3.745342 4.951893 1.286127 0.701828 -0.508694 1.053797 -0.109329 -2.308313 -5.114642 4.034852 -4.430819 10.878099 6.972435 -1.068187 13.651177 -0.853415 -1.48243 -3.80007 1.273386 -2.489145 -12.960691 7.7e-05 -2.3e-05 6e-06 0.009889 0.029105 0.035118 0.679481 -3.691604 -10.631026 -0.663576 3.759261 -10.675795 0.450653 -8.938204 15.227787 -65.963608 2.566829 13.927932 -154.650604 -87.501503 154.418564 0.661576 13.754619 -5.1137 -5.882103 9.861283 0.702588 -10.936866 -0.360574 7.1562 1e-06 8.774823 -2e-06 -16.197786 18.354656 5.910204 -1.844035 2.498503 -2.507276 -10.163593 4.678944 4.621105 -20.976013 -3e-06 -3e-06 -21.226278 2.451696 -3.594004 -1e-06 -5e-06 0.0 -1.362682 2.240798 -0.746324 -21.334904 0.584911 3.008316 -13.821208 -1e-06 0.0 -23.887159 -0.249081 -0.839488 -59.811634 2.661786 -1.171407 -0.294026 1.679687 0.833258 -14.218199 0.093214 1.300577 -34.212029 -0.287565 0.967162 -20.033201 0.964533 1.212841 -0.0 0.0 -1e-06 -3.440387 0.788233 0.501654 -15.928176 -3.167308 2.999703 -6.338823 -2e-06 0.0 -18.12344 3.64818 -4.905673 -2e-06 -0.0 -3e-06 14.810241 5.357625 16.123734 57.638596 7.203976 6.285022 -14.397965 84.603378 -13.514388 -10.986838 -2.485043 2.844023 2.243541 -5.255035 -3.180157 14.282887 -0.826595 6.952503 -3e-06 -12.690602 -0.0 14.907147 -17.304634 3.274984 1.665666 -1.955922 -2.878299 4.727797 -4.170586 4.993923 11.020521 2e-06 -3e-06 12.10905 -3.735715 -2.866785 -2e-06 -1e-06 -1e-06 1.291985 -1.928552 -1.498089 14.800122 0.567468 3.865608 14.242567 -1.341736 -6.660658 19.631958 0.143928 -0.648244 49.383511 -1.052918 -5.744972 0.353028 -1.511149 -0.031939 20.222784 3.684309 2.316628 18.78727 6e-06 -2e-06 10.751626 -0.479869 1.397907 1e-06 1e-06 0.0 3.273806 0.305947 -0.580111 21.486809 11.830376 2.266132 8.162923 1e-06 0.0 18.399075 -3.798986 -4.940573 4e-06 -0.0 -0.0 4.882831 14.064235 -8.512188 -0.049963 -0.494181 25.979433 -2.205483 -4.433354 -19.212906 1.576629 -1.868033 -1.65627 -0.0 -0.0 2e-06 -0.537619 -8.357536 -3.286942 0.03504 -0.047747 15.895617 3.950071 -0.770089 -14.956383 -1.438017 0.792462 -1.674693 0.0 0.0 -1e-06 
0.0 0.0 0.0 0.0 -0.0 0.0 5.372778 97.251434 0.862257 -3.599289 4.517742 1.662054 0.388546 -0.614433 1.743246 -0.108847 -2.324499 -4.949595 4.125211 -4.420591 10.906702 7.800996 -1.412046 13.571027 -0.816225 -1.467982 -3.804479 1.033045 -2.224253 -13.550038 7.7e-05 -2.2e-05 6e-06 0.011852 0.038064 0.032704 0.677633 -3.670022 -10.603405 -0.657013 3.755632 -10.633437 2.846203 -9.173767 15.19761 -66.825912 4.838809 14.18021 -167.497757 -84.104553 167.662262 -1.746074 15.709751 -5.883451 -5.882104 9.861279 0.702589 -10.936871 -0.360575 7.156206 1e-06 8.774819 1e-06 -16.163973 18.46966 6.032115 -1.844032 2.498502 -2.507275 -10.163597 4.678943 4.621107 -20.976021 -4e-06 6e-06 -21.226282 2.451696 -3.593996 -1e-06 -6e-06 0.0 -1.362682 2.240798 -0.746321 -21.334906 0.58491 3.008322 -13.821211 -2e-06 3e-06 -23.887163 -0.249078 -0.839481 -59.914207 2.717708 -1.144531 -0.294025 1.679684 0.833254 -14.218205 0.093216 1.300582 -34.21204 -0.287562 0.967173 -20.033209 0.964537 1.212844 -0.0 0.0 -2e-06 -3.440388 0.788233 0.501655 -15.928185 -3.167307 2.999705 -6.338826 -2e-06 3e-06 -18.123444 3.648181 -4.905667 -4e-06 0.0 -3e-06 11.989751 5.329274 15.623315 58.870937 5.975528 5.864424 -163.031219 86.970169 -162.358429 -10.288148 -2.949574 5.031441 2.243538 -5.255032 -3.180153 14.282883 -0.826592 6.952498 -3e-06 -12.690593 -3e-06 14.864609 -17.289824 3.192176 1.665664 -1.95592 -2.878295 4.727796 -4.170582 4.993919 11.020517 3e-06 1e-06 12.109041 -3.73571 -2.866778 -3e-06 -1e-06 -1e-06 1.291984 -1.928548 -1.498088 14.80012 0.56747 3.865606 14.242563 -1.341734 -6.660648 19.631954 0.143925 -0.64824 49.209126 -1.029405 -5.729129 0.353029 -1.511148 -0.031939 20.222782 3.68431 2.316633 18.787262 7e-06 2e-06 10.751623 -0.479867 1.397908 1e-06 1e-06 0.0 3.273804 0.305947 -0.580109 21.486805 11.830367 2.266135 8.162924 3e-06 1e-06 18.399075 -3.79898 -4.940567 2e-06 1e-06 -1e-06 4.472032 14.670432 -8.823556 -0.072449 -0.522751 26.534679 -1.960712 -4.560922 -19.707033 1.581888 -1.801993 -1.647845 0.0 -0.0 2e-06 -0.923859 -7.931831 -4.882615 0.037718 -0.002613 18.894026 3.721033 -0.405643 -15.972512 -1.432041 0.83543 -2.007514 0.0 0.0 -1e-06 
0.0 0.0 0.0 0.0 -0.0 0.0 5.656122 97.168411 1.322494 -3.551018 3.779034 2.388718 0.101312 -0.741654 2.349156 -0.110189 -2.343478 -4.74717 4.23076 -4.318397 10.915891 8.328169 -1.608283 13.123587 -0.693299 -0.933581 -3.817613 0.947693 -1.884341 -13.958757 7.6e-05 -2.2e-05 6e-06 0.009182 0.092443 0.023088 0.676197 -3.600034 -10.577228 -0.660225 3.793786 -10.600739 4.633668 -9.34583 15.141899 -66.953964 7.488503 13.876844 -171.848526 -80.473206 172.33577 -3.499099 17.050035 -5.78442 -5.882105 9.861284 0.702592 -10.936871 -0.360575 7.156206 0.0 8.774824 0.0 -16.145449 18.540197 6.120092 -1.844033 2.498504 -2.507276 -10.163596 4.678943 4.621109 -20.976017 -6e-06 3e-06 -21.22628 2.451695 -3.593999 0.0 -7e-06 1e-06 -1.362681 2.240796 -0.746325 -21.334913 0.584909 3.008323 -13.821213 -4e-06 2e-06 -23.887171 -0.249082 -0.839482 -59.996799 2.734516 -1.083988 -0.294025 1.679685 0.833257 -14.218206 0.093213 1.300578 -34.212048 -0.287566 0.967171 -20.033211 0.964536 1.212845 -0.0 0.0 -1e-06 -3.440387 0.788232 0.501654 -15.928185 -3.16731 2.999706 -6.338825 -3e-06 0.0 -18.123444 3.648181 -4.90567 -4e-06 -1e-06 -2e-06 9.912994 5.311007 15.17765 59.277565 4.950561 5.450616 -176.596466 79.675926 -176.080109 -9.882591 -2.938962 6.328725 2.24354 -5.255031 -3.180155 14.282877 -0.826592 6.952497 -5e-06 -12.690593 2e-06 14.815203 -17.198345 3.11669 1.665665 -1.95592 -2.878297 4.727794 -4.170583 4.99392 11.020515 3e-06 -3e-06 12.109038 -3.73571 -2.866782 -2e-06 -1e-06 -0.0 1.291984 -1.928548 -1.498089 14.800115 0.567468 3.865604 14.24256 -1.341732 -6.660653 19.63195 0.143928 -0.648243 48.991581 -1.009348 -5.739141 0.353029 -1.51115 -0.03194 20.222771 3.684307 2.316628 18.787256 7e-06 -1e-06 10.75162 -0.479868 1.397905 -1e-06 0.0 -0.0 3.273803 0.305947 -0.580111 21.486797 11.830365 2.266128 8.162924 2e-06 -1e-06 18.399067 -3.798981 -4.94057 2e-06 -0.0 -1e-06 4.151595 15.897801 -9.352388 -0.103493 -0.603735 26.868279 -1.787155 -4.880331 -20.229689 1.588118 -1.760677 -1.539874 -0.0 -0.0 2e-06 -1.231471 -7.77894 -7.110072 0.056093 -0.008141 22.245749 3.57962 0.521533 -16.69911 -1.434762 0.87946 -2.330822 -0.0 -0.0 -1e-06 
0.0 0.0 0.0 0.0 -0.0 0.0 5.868586 97.248154 1.734512 -3.420889 2.270822 3.547761 -0.142601 -0.739461 2.930504 -0.110698 -2.336434 -4.474451 4.149394 -4.120287 10.797583 8.561193 -1.444034 12.135705 -0.625404 -0.112592 -3.838185 1.222611 -1.278285 -14.043603 7.7e-05 -2.3e-05 6e-06 0.013838 0.130258 -0.004483 0.693682 -3.5529 -10.576274 -0.668016 3.823242 -10.60231 5.370154 -9.37141 15.093393 -66.590134 10.785007 11.926764 -173.385727 -76.744621 174.183517 -3.861585 17.404844 -4.782823 -5.882106 9.861289 0.702588 -10.93687 -0.360574 7.156204 -1e-06 8.774826 -2e-06 -16.127218 18.475557 6.094489 -1.844033 2.498506 -2.507279 -10.163601 4.678944 4.621109 -20.976027 -3e-06 -1e-06 -21.226288 2.451694 -3.594002 0.0 -6e-06 1e-06 -1.362681 2.240798 -0.746322 -21.334909 0.584912 3.008321 -13.821212 -0.0 -3e-06 -23.887169 -0.249081 -0.839487 -60.016731 2.688418 -1.080329 -0.294023 1.679686 0.833256 -14.218207 0.093215 1.300576 -34.212048 -0.287564 0.967165 -20.033213 0.964536 1.21284 -1e-06 0.0 0.0 -3.440387 0.788232 0.501654 -15.928185 -3.16731 2.999707 -6.338825 -0.0 0.0 -18.123444 3.648183 -4.905674 -3e-06 0.0 1e-06 8.183953 5.666107 14.616424 59.327835 4.007426 4.870681 -178.482681 72.832237 -178.088165 -9.893378 -2.551656 7.031559 2.243542 -5.255039 -3.180159 14.282893 -0.826598 6.952505 -0.0 -12.69061 0.0 14.846156 -17.171324 3.089784 1.665667 -1.955922 -2.878301 4.727798 -4.170589 4.993926 11.020526 1e-06 -2e-06 12.109054 -3.735718 -2.866785 -2e-06 -1e-06 -1e-06 1.291986 -1.92855 -1.49809 14.800125 0.567466 3.86561 14.242573 -1.341739 -6.660661 19.631969 0.143925 -0.648246 48.890915 -1.066312 -5.766119 0.353028 -1.511151 -0.031938 20.222792 3.684309 2.316631 18.787275 1e-06 -1e-06 10.75163 -0.479871 1.397906 -0.0 -0.0 0.0 3.273807 0.305947 -0.580112 21.486814 11.830379 2.266135 8.162929 0.0 1e-06 18.399082 -3.79899 -4.940578 4e-06 0.0 -1e-06 3.592047 17.90728 -9.997614 -0.100372 -0.66719 26.57188 -1.691747 -4.954069 -20.234287 1.604891 -1.699955 -1.505692 -0.0 0.0 2e-06 -1.651719 -7.517148 -10.069081 0.106563 0.04409 25.741692 3.542488 2.167579 -16.569443 -1.441579 0.871586 -2.768749 -0.0 -0.0 -1e-06 
0.0 0.0 0.0 0.0 -0.0 0.0 5.955908 97.465675 1.970155 -2.984482 0.233563 4.893356 -0.336789 -0.63192 3.524677 -0.129027 -2.237406 -4.103715 3.517093 -3.929158 10.608922 8.518715 -0.8227 10.648551 -0.643431 0.8032 -3.787473 1.804621 -0.839729 -14.038259 7.7e-05 -2.3e-05 6e-06 0.004734 0.186731 -0.034742 0.714888 -3.494213 -10.616427 -0.708219 3.881931 -10.650975 5.276854 -9.099101 14.99437 -65.775017 14.179183 8.848017 -173.981552 -74.054268 174.989792 -2.850351 16.688696 -3.251632 -5.882103 9.861283 0.702589 -10.936859 -0.360573 7.156196 -3e-06 8.774818 -1e-06 -16.02281 18.302279 6.189609 -1.844032 2.498505 -2.507275 -10.163589 4.678941 4.621101 -20.976004 1e-06 -0.0 -21.226269 2.451697 -3.594001 0.0 -6e-06 1e-06 -1.362681 2.240797 -0.746322 -21.334888 0.584911 3.008318 -13.821199 0.0 -0.0 -23.887146 -0.249077 -0.839488 -60.214947 2.497849 -0.741917 -0.294026 1.679688 0.833256 -14.218197 0.093218 1.300579 -34.212013 -0.287558 0.967163 -20.033194 0.964537 1.212837 -1e-06 1e-06 -0.0 -3.440385 0.788233 0.501654 -15.928168 -3.167304 2.999704 -6.338818 1e-06 -0.0 -18.123428 3.648183 -4.905669 -4e-06 2e-06 -1e-06 5.938381 6.552725 13.969627 59.815643 3.415318 4.61476 -178.345306 67.601852 -177.880646 -10.41027 -1.278235 7.432401 2.243541 -5.255035 -3.180158 14.282879 -0.826594 6.952497 -0.0 -12.690597 1e-06 14.843046 -17.129591 3.146715 1.665665 -1.95592 -2.878297 4.727796 -4.170586 4.993921 11.020517 1e-06 -4e-06 12.109041 -3.735714 -2.866782 0.0 0.0 -1e-06 1.291984 -1.928549 -1.498088 14.800117 0.567467 3.865605 14.242562 -1.341738 -6.660655 19.631952 0.143924 -0.648247 48.74041 -1.150973 -5.813375 0.353029 -1.51115 -0.03194 20.222775 3.684307 2.316628 18.787256 3e-06 -2e-06 10.751617 -0.47987 1.397906 -0.0 1e-06 -0.0 3.273804 0.305946 -0.580111 21.48679 11.830367 2.266131 8.162922 1e-06 0.0 18.399069 -3.798984 -4.940576 4e-06 -0.0 -1e-06 2.531296 19.909712 -10.947102 -0.069812 -0.712762 26.263269 -1.766742 -4.401003 -19.543676 1.625015 -1.678107 -1.772635 0.0 -0.0 2e-06 -2.407138 -6.535107 -13.429912 0.234178 0.254129 29.613874 3.476446 4.086821 -15.695436 -1.44817 0.814022 -3.145 0.0 0.0 -1e-06 
0.0 0.0 0.0 0.0 -0.0 0.0 5.79001 97.668045 2.100598 -2.732156 -1.718714 5.986679 -0.374192 -0.511536 4.367034 -0.208424 -1.945358 -3.758729 2.711555 -3.763958 10.465714 8.328781 -0.029594 9.050226 -0.622171 1.41744 -3.713961 2.425526 -0.57519 -14.368584 7.6e-05 -2.3e-05 6e-06 0.002707 0.193544 -0.055379 0.753779 -3.501133 -10.67222 -0.750786 3.903111 -10.719895 5.447881 -8.974224 14.802403 -65.33812 16.757624 5.498623 -175.211319 -73.491249 176.421768 -1.468308 15.394277 -0.45318 -5.882102 9.861278 0.70259 -10.936863 -0.360575 7.156201 -2e-06 8.774817 -0.0 -15.801595 18.361572 6.340781 -1.844031 2.498504 -2.507275 -10.163592 4.678943 4.621105 -20.976006 2e-06 5e-06 -21.226269 2.4517 -3.593998 0.0 -6e-06 -1e-06 -1.362681 2.240795 -0.746323 -21.3349 0.584911 3.008325 -13.821204 1e-06 4e-06 -23.887154 -0.249075 -0.839482 -60.091125 2.569732 -0.818906 -0.294022 1.679687 0.833255 -14.218196 0.093216 1.300584 -34.212013 -0.287557 0.967171 -20.033194 0.964538 1.212842 0.0 0.0 0.0 -3.440387 0.788234 0.501656 -15.928176 -3.167304 2.999707 -6.338821 -0.0 3e-06 -18.123438 3.648182 -4.90567 -3e-06 1e-06 -1e-06 3.027606 7.597424 13.395891 60.74633 3.36969 4.217009 -178.488785 64.876358 -177.780975 -10.970959 0.08398 7.500171 2.243539 -5.25503 -3.180154 14.282875 -0.82659 6.952493 -3e-06 -12.69059 -1e-06 14.826169 -17.151546 3.163863 1.665664 -1.955919 -2.878295 4.727793 -4.17058 4.993917 11.020515 4e-06 -2e-06 12.109038 -3.73571 -2.86678 -2e-06 -0.0 1e-06 1.291984 -1.928547 -1.498088 14.800112 0.56747 3.865602 14.242558 -1.341734 -6.660649 19.631945 0.143928 -0.648242 48.344563 -1.176974 -5.93709 0.353028 -1.511149 -0.03194 20.222771 3.684309 2.316624 18.787254 8e-06 -1e-06 10.751616 -0.479867 1.397904 -0.0 1e-06 -0.0 3.273803 0.305947 -0.580109 21.486795 11.830364 2.266132 8.162921 3e-06 -1e-06 18.399067 -3.798976 -4.940569 4e-06 1e-06 -1e-06 1.809645 21.051844 -12.649475 -0.052792 -0.588514 27.72625 -1.745384 -3.505815 -18.4095 1.66758 -1.686184 -2.227798 0.0 -0.0 2e-06 -2.631644 -4.685856 -16.196653 0.289069 0.537978 33.691425 3.034898 4.851724 -15.179692 -1.433693 0.762716 -3.414908 0.0 -0.0 -1e-06 
0.0 0.0 0.0 0.0 -0.0 0.0 5.428995 97.603622 2.105131 -2.899549 -2.777184 6.453876 -0.282018 -0.368987 5.460989 -0.284937 -1.823924 -3.349841 2.015992 -3.679342 10.606796 8.142592 0.589919 7.714736 -0.381501 1.606837 -3.676124 2.771399 0.044874 -14.729433 7.6e-05 -2.2e-05 6e-06 0.015915 0.103256 -0.054528 0.808594 -3.596749 -10.683361 -0.77968 3.816542 -10.735161 6.146066 -9.090577 14.688843 -64.980293 17.679789 2.588211 -176.614014 -75.237694 177.58194 0.517897 13.61165 2.859549 -5.882103 9.861283 0.70259 -10.936868 -0.360574 7.156202 -0.0 8.774824 -0.0 -15.64544 18.380651 6.547992 -1.844033 2.498504 -2.507276 -10.163595 4.678943 4.621104 -20.976017 -2e-06 -1e-06 -21.226282 2.451697 -3.593999 1e-06 -6e-06 -1e-06 -1.362683 2.240799 -0.746326 -21.334906 0.58491 3.008317 -13.821209 -0.0 1e-06 -23.887165 -0.24908 -0.839486 -60.108047 2.677827 -0.704338 -0.294024 1.679688 0.833255 -14.218202 0.093216 1.300577 -34.212036 -0.287565 0.967167 -20.033205 0.964535 1.212839 1e-06 -0.0 1e-06 -3.440387 0.788235 0.501654 -15.928179 -3.167308 2.999703 -6.338824 0.0 -0.0 -18.123444 3.648182 -4.905669 -4e-06 1e-06 -2e-06 0.014564 8.60771 12.816085 61.467373 3.666909 3.22028 -178.798187 65.541878 -177.738327 -11.11275 1.111697 7.924045 2.243541 -5.255034 -3.180153 14.282881 -0.826596 6.952495 0.0 -12.690597 -1e-06 14.575265 -17.172918 3.085042 1.665665 -1.95592 -2.878297 4.727797 -4.170586 4.993921 11.02052 2e-06 -2e-06 12.109046 -3.735715 -2.866783 -2e-06 0.0 -0.0 1.291985 -1.928548 -1.49809 14.80012 0.567466 3.865602 14.242563 -1.341738 -6.660655 19.631954 0.143924 -0.648248 48.118271 -0.926169 -6.101364 0.353029 -1.51115 -0.03194 20.222778 3.684306 2.316624 18.787262 3e-06 -6e-06 10.75162 -0.479869 1.397903 2e-06 1e-06 -0.0 3.273805 0.305946 -0.58011 21.486799 11.830365 2.266131 8.16292 1e-06 -2e-06 18.399069 -3.798983 -4.940576 3e-06 0.0 -1e-06 1.944297 21.062674 -15.500707 0.017087 -0.496663 32.509193 -1.642402 -2.603724 -17.055136 1.692425 -1.777236 -3.640836 -0.0 0.0 2e-06 -1.894374 -2.403613 -17.268221 0.237669 0.663931 36.591259 1.732487 2.958761 -15.049219 -1.42936 0.72863 -3.937743 0.0 -0.0 -1e-06 
0.0 0.0 0.0 0.0 -0.0 0.0 4.918005 97.132858 2.02157 -3.166503 -2.956586 6.061914 -0.32957 -0.205286 7.039801 -0.377434 -1.838577 -2.939074 1.444283 -3.532605 11.099408 8.089313 0.715034 7.133407 -0.127573 1.927496 -3.552076 2.921473 0.625575 -14.818181 7.7e-05 -2.3e-05 5e-06 0.025303 0.052718 -0.014307 0.819194 -3.6369 -10.629565 -0.772066 3.753759 -10.677362 7.510662 -9.553435 14.547479 -63.914604 16.83462 0.492869 -177.446472 -78.511848 178.060318 1.96052 12.016107 5.899062 -5.882101 9.861277 0.702591 -10.936857 -0.360575 7.156194 -0.0 8.774817 -1e-06 -15.790535 18.272987 6.561822 -1.844031 2.498503 -2.507275 -10.163588 4.678942 4.621101 -20.976 -5e-06 -3e-06 -21.226265 2.451692 -3.594 0.0 -5e-06 -0.0 -1.362681 2.240797 -0.746322 -21.334894 0.584911 3.008316 -13.8212 -3e-06 -0.0 -23.887146 -0.249079 -0.839487 -60.032337 2.725682 -0.642043 -0.294025 1.679686 0.833256 -14.218193 0.093214 1.300575 -34.212009 -0.287566 0.967163 -20.033192 0.964534 1.21284 1e-06 -0.0 2e-06 -3.440386 0.788233 0.501654 -15.928168 -3.167307 2.999698 -6.338819 0.0 0.0 -18.123426 3.648179 -4.90567 -4e-06 0.0 -2e-06 -2.623762 9.404263 12.72547 61.517159 4.34486 -0.025005 179.100861 69.377037 -179.345062 -10.739854 1.235811 8.690051 2.243541 -5.255032 -3.180157 14.282881 -0.826594 6.952497 -2e-06 -12.690594 0.0 14.32671 -17.20517 2.997727 1.665665 -1.95592 -2.878294 4.727797 -4.170584 4.993918 11.020519 2e-06 0.0 12.109041 -3.735713 -2.866781 1e-06 -2e-06 -0.0 1.291984 -1.928548 -1.498086 14.800115 0.567467 3.865603 14.24256 -1.341735 -6.660653 19.631952 0.143923 -0.648243 48.113392 -0.567967 -6.307972 0.353029 -1.51115 -0.031941 20.222775 3.684305 2.316629 18.787262 4e-06 -3e-06 10.75162 -0.479869 1.397904 -1e-06 0.0 -1e-06 3.273805 0.305947 -0.580112 21.486801 11.830364 2.266129 8.162923 2e-06 -3e-06 18.399073 -3.798984 -4.940573 3e-06 0.0 -1e-06 2.64981 19.710642 -19.757887 0.00212 -0.490985 41.517403 -1.422289 -1.391 -14.556383 1.765876 -1.948909 -6.31913 -0.0 0.0 1e-06 -0.70464 -0.292229 -16.300074 0.156494 0.551674 37.253716 -0.461027 -0.27697 -15.718118 -1.405487 0.711659 -5.263582 0.0 0.0 -1e-06 
0.0 0.0 0.0 0.0 -0.0 0.0 4.323993 95.915108 2.032132 -3.192148 -2.495261 5.284459 -0.716909 -0.094392 8.64666 -0.438273 -1.749399 -2.638729 0.964539 -3.25793 11.957146 8.227575 0.483113 7.721082 0.093774 2.187393 -3.539796 2.899042 1.376515 -14.062417 7.6e-05 -2.3e-05 6e-06 0.044958 -0.046541 -0.008358 0.792104 -3.732076 -10.633553 -0.704711 3.644268 -10.653003 9.230609 -10.475919 13.933279 -61.741402 15.773776 -0.589428 -175.924072 -80.963013 176.507019 1.601534 10.848973 8.43167 -5.882103 9.861281 0.702591 -10.936867 -0.360574 7.156201 -2e-06 8.774821 -2e-06 -16.371664 18.187798 6.164549 -1.844032 2.498505 -2.507276 -10.163593 4.678942 4.621104 -20.976013 -1e-06 2e-06 -21.226274 2.451698 -3.594 0.0 -7e-06 -1e-06 -1.362681 2.240798 -0.746323 -21.334904 0.58491 3.00832 -13.821205 -2e-06 0.0 -23.887157 -0.249079 -0.839483 -59.886642 2.759333 -0.941721 -0.294024 1.679687 0.833256 -14.218199 0.093215 1.30058 -34.212032 -0.287562 0.967171 -20.033201 0.964538 1.212842 0.0 1e-06 1e-06 -3.440387 0.788233 0.501656 -15.928177 -3.167309 2.999707 -6.338823 0.0 2e-06 -18.123438 3.648183 -4.905671 -5e-06 1e-06 -3e-06 -3.340211 9.846271 12.963854 59.290722 4.158466 -6.123556 176.070847 73.937355 178.003494 -9.899889 -0.099039 10.363755 2.24354 -5.255033 -3.180153 14.282878 -0.826596 6.952498 -1e-06 -12.690597 -2e-06 14.319261 -17.213755 2.955517 1.665665 -1.95592 -2.878294 4.727796 -4.170584 4.993917 11.020517 -0.0 1e-06 12.109043 -3.735716 -2.866781 1e-06 -1e-06 -1e-06 1.291985 -1.928548 -1.498084 14.800117 0.567465 3.865606 14.24256 -1.341738 -6.660653 19.631952 0.14392 -0.648246 48.527428 -0.321821 -6.324543 0.353028 -1.51115 -0.031939 20.222773 3.684305 2.316628 18.787258 3e-06 -2e-06 10.751617 -0.479871 1.397903 -0.0 2e-06 -1e-06 3.273804 0.305947 -0.580109 21.486792 11.830362 2.26613 8.162917 1e-06 -3e-06 18.399067 -3.798985 -4.940575 3e-06 -1e-06 -0.0 3.0095 18.54365 -25.221579 -0.08727 -0.450163 52.570629 -1.216058 -1.433762 -11.996237 1.840986 -2.035316 -8.025438 0.0 -0.0 1e-06 0.079033 1.01267 -14.551138 0.141407 0.374358 36.79126 -0.977477 -3.37816 -19.429306 -1.41572 0.830295 -4.997067 0.0 0.0 -1e-06 
0.0 0.0 0.0 0.0 -0.0 0.0 3.774659 94.073891 2.133878 -3.822334 -1.564775 4.587776 -0.681575 0.198552 9.916832 -0.470524 -1.804519 -2.254145 1.033922 -3.067915 13.299545 8.277833 0.199922 8.672065 -0.099575 2.498511 -3.605349 2.615483 1.780922 -13.600356 7.7e-05 -2.3e-05 5e-06 0.047257 -0.076903 -0.00673 0.748813 -3.759911 -10.687097 -0.657515 3.609893 -10.702527 9.851045 -10.756954 13.647462 -58.077393 15.015889 -1.267758 -176.146484 -80.464714 178.066574 -1.204428 9.419569 8.898513 -5.882103 9.86128 0.702588 -10.936863 -0.360577 7.1562 1e-06 8.774817 -3e-06 -16.408566 17.823244 5.937387 -1.84403 2.498502 -2.507275 -10.163591 4.67894 4.621107 -20.976006 -1e-06 5e-06 -21.226271 2.451697 -3.593999 0.0 -6e-06 -1e-06 -1.362681 2.240796 -0.746322 -21.334896 0.58491 3.008324 -13.821201 -2e-06 3e-06 -23.887152 -0.249076 -0.839483 -59.567719 2.477291 -0.688159 -0.294024 1.679686 0.833255 -14.218197 0.093215 1.300581 -34.212021 -0.287562 0.967171 -20.033197 0.964537 1.212843 1e-06 1e-06 1e-06 -3.440385 0.788233 0.501655 -15.928174 -3.167307 2.999706 -6.338822 -1e-06 2e-06 -18.123434 3.648183 -4.905668 -4e-06 0.0 -3e-06 -1.149635 9.852195 14.014007 53.616539 1.986717 -13.956305 175.642838 75.02076 178.283478 -9.723592 -0.928176 10.135626 2.24354 -5.255034 -3.180153 14.282887 -0.826591 6.952499 -4e-06 -12.690599 -0.0 14.74993 -16.992603 2.884512 1.665665 -1.95592 -2.878297 4.727798 -4.170584 4.993918 11.020521 5e-06 -0.0 12.109049 -3.735713 -2.866781 -1e-06 0.0 0.0 1.291985 -1.928548 -1.498089 14.800125 0.567471 3.865604 14.242568 -1.341734 -6.660653 19.631968 0.143927 -0.648241 48.909756 -0.439887 -5.933112 0.353029 -1.511149 -0.031939 20.222786 3.684311 2.31663 18.787266 1e-05 0.0 10.751626 -0.479868 1.397907 -1e-06 0.0 0.0 3.273806 0.305947 -0.580109 21.486809 11.830372 2.266131 8.162923 3e-06 -2e-06 18.399075 -3.798978 -4.940571 3e-06 -1e-06 1e-06 3.31785 18.0776 -31.621683 -0.131313 -0.250654 63.832047 -1.9532 -3.161923 -11.764297 1.83697 -1.986173 -8.113305 -0.0 -0.0 3e-06 1.281048 1.346875 -13.84136 0.075666 0.159818 38.245575 -0.710919 -5.334259 -24.520393 -1.426201 0.902185 -3.80935 -0.0 -0.0 -1e-06 
0.0 0.0 0.0 0.0 -0.0 0.0 3.293949 91.853645 2.382244 -5.476741 -0.343551 4.146431 -0.338895 0.446684 11.025657 -0.439802 -1.823293 -1.787317 2.044829 -3.276369 14.580492 8.319956 -0.251816 8.887169 -0.366996 3.461814 -3.669323 1.992012 2.38469 -14.033333 7.7e-05 -2.2e-05 5e-06 0.009082 0.042216 -0.034242 0.705141 -3.647141 -10.715796 -0.692088 3.738377 -10.75959 12.270147 -10.515675 13.829914 -56.781631 16.421095 -2.624653 -176.916183 -75.914116 179.340988 -3.815537 7.424319 7.270059 -5.882104 9.861279 0.702592 -10.936867 -0.360575 7.1562 0.0 8.77482 1e-06 -16.277664 17.521265 5.86587 -1.844033 2.498502 -2.507275 -10.163591 4.678942 4.621105 -20.976013 -5e-06 2e-06 -21.226274 2.451695 -3.593997 1e-06 -5e-06 1e-06 -1.362682 2.240797 -0.746323 -21.334908 0.584911 3.008322 -13.821207 -3e-06 2e-06 -23.887161 -0.249079 -0.839482 -59.469944 2.372935 -0.601569 -0.294025 1.679686 0.833254 -14.218204 0.093216 1.300578 -34.212036 -0.287564 0.967168 -20.033205 0.964536 1.212842 2e-06 0.0 1e-06 -3.440388 0.788233 0.501656 -15.928181 -3.167309 2.999704 -6.338824 -1e-06 1e-06 -18.12344 3.648179 -4.905667 -4e-06 -0.0 -3e-06 0.132838 8.810154 14.887094 49.806538 -2.778102 -21.353111 177.727554 69.323753 179.656326 -10.312161 1.590985 5.134002 2.243539 -5.255031 -3.180155 14.282876 -0.826593 6.952497 -2e-06 -12.690593 1e-06 15.212904 -16.887079 2.594158 1.665664 -1.95592 -2.878297 4.727793 -4.170583 4.99392 11.020514 4e-06 -1e-06 12.10904 -3.735711 -2.866781 -1e-06 1e-06 2e-06 1.291984 -1.928548 -1.49809 14.800112 0.567467 3.865606 14.242557 -1.341734 -6.66065 19.631941 0.143927 -0.648245 49.291874 -0.50212 -5.728288 0.353029 -1.511149 -0.031941 20.222769 3.684308 2.316627 18.787254 4e-06 -0.0 10.751617 -0.479868 1.397906 0.0 0.0 1e-06 3.273803 0.305947 -0.580111 21.486788 11.830362 2.26613 8.162916 2e-06 -1e-06 18.399055 -3.798982 -4.940568 4e-06 -1e-06 -0.0 4.134587 18.462341 -38.0662 -0.168766 -0.004067 73.215782 -2.635823 -5.152249 -12.140541 1.811237 -1.890226 -8.684344 0.0 1e-06 3e-06 3.321516 0.268851 -15.389537 -0.012195 -0.048173 43.570774 -0.138526 -5.03598 -28.096275 -1.454093 0.945787 -3.570885 -0.0 -0.0 -1e-06 
0.0 0.0 0.0 0.0 -0.0 0.0 2.784814 89.57663 3.016701 -7.045312 1.070328 3.818233 -0.337199 0.302072 11.959818 -0.502769 -1.947619 -1.285009 3.149907 -3.541001 15.317306 8.900725 -0.930381 9.047152 -0.373052 4.550431 -3.703517 0.973522 3.404803 -14.475446 7.7e-05 -2.3e-05 6e-06 -0.00601 0.111398 -0.082527 0.705239 -3.594877 -10.740946 -0.723701 3.826236 -10.79853 16.125767 -10.368882 14.006056 -56.511013 20.932144 -3.692679 -178.02507 -70.428543 -179.877167 -5.995701 4.984192 3.943544 -5.882102 9.861279 0.702591 -10.936865 -0.360576 7.156204 -0.0 8.774821 -2e-06 -16.416872 17.480446 5.877502 -1.844032 2.498504 -2.507277 -10.163593 4.678944 4.621109 -20.976009 -1e-06 5e-06 -21.226273 2.451697 -3.593995 -0.0 -4e-06 1e-06 -1.362682 2.240797 -0.746324 -21.334904 0.58491 3.008324 -13.821206 -2e-06 5e-06 -23.887157 -0.249076 -0.839481 -59.829151 2.314376 -0.683856 -0.294024 1.679686 0.833256 -14.218198 0.093216 1.30058 -34.212032 -0.287559 0.967173 -20.033203 0.96454 1.212843 0.0 0.0 1e-06 -3.440389 0.788233 0.501655 -15.928179 -3.167307 2.999708 -6.338822 -1e-06 2e-06 -18.12344 3.648183 -4.905665 -4e-06 -1e-06 -3e-06 0.188726 6.880014 15.027612 48.884655 -8.737457 -27.546959 179.009445 61.636276 -179.649109 -11.747145 4.900487 -1.830521 2.243541 -5.255038 -3.180158 14.282898 -0.826594 6.952507 -1e-06 -12.690606 0.0 15.536422 -16.925142 2.441051 1.665666 -1.955922 -2.878299 4.727801 -4.170588 4.993925 11.020531 4e-06 -0.0 12.109058 -3.735716 -2.866783 -2e-06 0.0 2e-06 1.291986 -1.928549 -1.498091 14.800138 0.56747 3.865611 14.242576 -1.341735 -6.660659 19.631973 0.143927 -0.648242 49.708862 -0.687268 -5.703444 0.353029 -1.511151 -0.031939 20.222801 3.684311 2.316633 18.787283 5e-06 1e-06 10.751634 -0.479869 1.397907 -1e-06 1e-06 -3e-06 3.273808 0.305947 -0.580111 21.486824 11.830378 2.266137 8.162932 2e-06 1e-06 18.399092 -3.798984 -4.940577 5e-06 -1e-06 1e-06 4.883056 18.889626 -43.552059 -0.158703 0.186631 80.291992 -2.097618 -6.610219 -12.393785 1.793901 -1.807771 -9.622838 0.0 1e-06 3e-06 5.092852 -1.351578 -18.249708 -0.013389 -0.192038 51.50481 0.356527 -3.783371 -30.309446 -1.480927 0.948569 -4.413969 0.0 0.0 -1e-06 
0.0 0.0 0.0 0.0 -0.0 0.0 2.359629 87.268135 4.050832 -7.991457 2.01749 3.688629 -0.552096 0.040103 12.647206 -0.572776 -2.252693 -0.887478 3.72008 -3.64592 15.590628 9.465027 -1.288984 9.266591 -0.30448 5.075768 -3.711003 -0.003766 4.524545 -14.979139 7.7e-05 -2.3e-05 6e-06 0.026054 0.022892 -0.121947 0.752899 -3.699706 -10.748772 -0.708146 3.753971 -10.806477 18.705084 -10.326317 14.279768 -54.728584 26.880346 -4.198269 -177.975998 -67.627708 -179.801071 -7.22279 2.850359 1.587952 -5.882105 9.861279 0.70259 -10.936868 -0.360573 7.156201 -1e-06 8.774821 1e-06 -16.629272 17.556721 5.79416 -1.84403 2.498502 -2.507276 -10.163598 4.678944 4.621106 -20.976013 0.0 3e-06 -21.226278 2.451698 -3.593999 2e-06 -5e-06 -0.0 -1.362681 2.240797 -0.746323 -21.334908 0.584912 3.00832 -13.821211 -1e-06 3e-06 -23.887165 -0.249074 -0.839487 -59.883472 2.176607 -0.733375 -0.294023 1.679687 0.833255 -14.218201 0.093215 1.30058 -34.212036 -0.287558 0.967167 -20.033209 0.964538 1.212841 -1e-06 0.0 -0.0 -3.440387 0.788234 0.501655 -15.928183 -3.167304 2.999706 -6.338826 -1e-06 0.0 -18.123444 3.648183 -4.905669 -4e-06 -0.0 -3e-06 -0.419883 4.751258 14.935691 50.087753 -14.399374 -32.701874 179.313538 55.208698 -179.43071 -14.281241 7.167129 -7.274274 2.24354 -5.255031 -3.180156 14.282878 -0.826595 6.952493 -1e-06 -12.690592 -0.0 15.840911 -16.941803 2.406868 1.665665 -1.95592 -2.878296 4.727794 -4.170583 4.993918 11.020514 1e-06 -2e-06 12.109036 -3.735713 -2.866779 -0.0 -0.0 2e-06 1.291984 -1.928548 -1.49809 14.800115 0.567466 3.865604 14.242558 -1.341737 -6.660649 19.63195 0.143925 -0.648246 49.82782 -0.850207 -5.79655 0.353029 -1.511149 -0.03194 20.222771 3.684303 2.316627 18.78726 2e-06 -3e-06 10.751618 -0.479869 1.397905 -0.0 -0.0 1e-06 3.273804 0.305947 -0.580113 21.486794 11.83036 2.266129 8.162919 0.0 -1e-06 18.399063 -3.798983 -4.940569 4e-06 0.0 -1e-06 5.404375 18.72543 -47.181351 -0.064734 0.286725 85.312912 -1.013909 -6.918005 -12.820422 1.79493 -1.779184 -10.81007 0.0 0.0 3e-06 6.029723 -2.672723 -21.486481 0.027512 -0.201818 60.211884 0.363765 -2.061516 -31.179735 -1.479723 0.922588 -6.257399 0.0 0.0 -1e-06 
0.0 0.0 0.0 0.0 -0.0 0.0 2.276962 85.063675 5.29437 -8.309832 2.369903 3.861925 -0.692729 -0.140509 13.046172 -0.628214 -2.549799 -0.520315 3.868064 -3.874567 15.570934 9.571746 -1.146526 9.129133 -0.19315 5.20327 -3.772881 -0.846068 5.346714 -15.218254 7.7e-05 -2.2e-05 5e-06 0.039584 -0.017988 -0.146076 0.760127 -3.7484 -10.728126 -0.689245 3.721554 -10.801602 19.599352 -9.874824 14.504569 -52.554905 31.511881 -4.345993 -176.941086 -68.053337 179.788986 -6.949178 0.878065 -0.778327 -5.882096 9.861275 0.70259 -10.936856 -0.360576 7.156198 -0.0 8.774816 -2e-06 -16.398571 17.676823 5.784368 -1.84403 2.498502 -2.507275 -10.163588 4.67894 4.621102 -20.975996 -3e-06 3e-06 -21.226255 2.451694 -3.593995 0.0 -6e-06 -1e-06 -1.362679 2.240796 -0.746323 -21.334883 0.584907 3.008322 -13.821194 -2e-06 5e-06 -23.887136 -0.249079 -0.83948 -59.679188 1.906138 -0.5912 -0.294026 1.679685 0.833256 -14.218188 0.093213 1.300579 -34.212002 -0.287566 0.967174 -20.033186 0.964537 1.212844 0.0 0.0 1e-06 -3.440382 0.788232 0.501655 -15.928162 -3.167306 2.999703 -6.338817 -0.0 2e-06 -18.123423 3.648179 -4.905663 -4e-06 0.0 -3e-06 -1.238038 3.22771 15.023225 52.572113 -18.673958 -36.218067 179.33963 50.560474 -179.515717 -17.259851 9.506448 -10.86772 2.243541 -5.255033 -3.180156 14.28288 -0.826594 6.952494 -1e-06 -12.690593 -0.0 15.945127 -17.094568 2.426364 1.665665 -1.95592 -2.878297 4.727795 -4.170584 4.993919 11.020517 3e-06 -4e-06 12.109042 -3.735713 -2.866783 0.0 -0.0 1e-06 1.291985 -1.928548 -1.498087 14.800115 0.567468 3.865601 14.24256 -1.341735 -6.660652 19.631948 0.143928 -0.648246 49.591393 -0.874608 -5.908798 0.353029 -1.511149 -0.031939 20.222775 3.684306 2.316627 18.787256 6e-06 -4e-06 10.75162 -0.479868 1.397903 -1e-06 1e-06 0.0 3.273804 0.305947 -0.580111 21.486792 11.830363 2.266128 8.16292 2e-06 -1e-06 18.399067 -3.798981 -4.940575 3e-06 1e-06 -2e-06 5.436334 18.032766 -48.902077 0.022284 0.285331 88.556831 0.752671 -5.944439 -13.500043 1.823904 -1.733288 -13.541741 0.0 -0.0 3e-06 5.968393 -3.457047 -24.796299 0.124429 -0.157806 68.57608 0.288921 -0.247372 -30.593988 -1.486561 0.852596 -8.778824 0.0 0.0 -1e-06 
0.0 0.0 0.0 0.0 -0.0 0.0 2.509668 82.887299 6.698628 -8.002385 2.328073 4.224519 -0.80952 -0.267848 13.42848 -0.627605 -2.735905 -0.348165 3.691084 -4.114236 15.46564 9.11427 -0.875892 8.472605 -0.075304 5.308306 -3.798965 -1.350762 5.887847 -15.725613 7.7e-05 -2.3e-05 5e-06 0.041657 -0.034289 -0.166349 0.753404 -3.767558 -10.719443 -0.67845 3.706365 -10.798512 19.537859 -9.520562 14.581728 -51.778835 34.80315 -5.272773 -176.260376 -69.554443 179.383392 -5.259436 -0.563918 -3.348909 -5.882099 9.861276 0.702589 -10.936863 -0.360576 7.156202 1e-06 8.774817 -2e-06 -16.342449 17.650169 5.794131 -1.844029 2.498502 -2.507276 -10.163592 4.67894 4.621107 -20.976006 -4e-06 3e-06 -21.226269 2.451694 -3.593996 -0.0 -6e-06 1e-06 -1.36268 2.240796 -0.746322 -21.334896 0.584908 3.008322 -13.821201 -3e-06 3e-06 -23.887152 -0.249079 -0.839482 -59.536163 1.852609 -0.493808 -0.294023 1.679686 0.833254 -14.218195 0.093213 1.30058 -34.212021 -0.287565 0.967173 -20.033197 0.964536 1.212844 0.0 0.0 0.0 -3.440386 0.788231 0.501656 -15.928172 -3.167308 2.999707 -6.338821 -2e-06 2e-06 -18.123428 3.64818 -4.905665 -4e-06 0.0 -2e-06 -1.830607 2.136535 15.120581 55.347809 -21.650061 -37.665871 178.960251 46.919731 -179.964401 -18.994532 11.642725 -13.672519 2.243537 -5.25503 -3.180153 14.282869 -0.826591 6.952496 -4e-06 -12.69059 -1e-06 16.218884 -17.258154 2.367662 1.665663 -1.955919 -2.878294 4.727791 -4.170582 4.99392 11.020509 4e-06 1e-06 12.109032 -3.73571 -2.866781 1e-06 -0.0 2e-06 1.291983 -1.928547 -1.498088 14.800107 0.56747 3.865606 14.242551 -1.341734 -6.660649 19.631937 0.143926 -0.648239 49.292587 -1.014392 -6.150783 0.353028 -1.511149 -0.031938 20.222761 3.684309 2.316631 18.787245 6e-06 3e-06 10.751616 -0.479867 1.397905 1e-06 0.0 0.0 3.273802 0.305947 -0.580112 21.486788 11.830365 2.266134 8.162917 3e-06 1e-06 18.399054 -3.79898 -4.940565 2e-06 0.0 -2e-06 4.870315 17.213108 -49.419571 0.074862 0.292399 91.485512 1.772443 -4.855838 -16.340488 1.837361 -1.718801 -14.374449 0.0 -0.0 2e-06 5.217606 -3.572284 -27.729624 0.209338 0.016643 75.736076 0.202481 -0.457421 -29.462984 -1.486765 0.856937 -10.990106 0.0 0.0 -1e-06 
0.0 0.0 0.0 0.0 -0.0 0.0 2.987093 80.623749 8.070782 -7.353311 2.370255 4.638112 -0.851117 -0.40473 13.798849 -0.566418 -2.775476 -0.231532 3.416965 -4.392811 15.320106 8.379712 -0.479556 7.444346 0.091975 5.260607 -3.826453 -1.648865 6.015932 -16.256809 7.7e-05 -2.2e-05 5e-06 0.031119 -0.009508 -0.183228 0.745041 -3.741459 -10.71555 -0.691016 3.727901 -10.79686 19.143087 -9.101465 14.481555 -52.486969 37.08186 -6.902007 -176.378159 -70.808968 179.146271 -2.185222 -1.24673 -7.152894 -5.882106 9.861284 0.70259 -10.936869 -0.360572 7.156203 -3e-06 8.774822 -1e-06 -16.223433 17.648134 5.954535 -1.844033 2.498504 -2.507277 -10.163599 4.678946 4.621109 -20.976017 4e-06 5e-06 -21.226286 2.451704 -3.594 2e-06 -6e-06 -0.0 -1.36268 2.240798 -0.746324 -21.334906 0.584915 3.008326 -13.82121 1e-06 2e-06 -23.887165 -0.249072 -0.839484 -59.461578 1.86265 -0.37901 -0.294027 1.679687 0.833256 -14.218205 0.093219 1.300582 -34.212048 -0.287554 0.967168 -20.033209 0.964541 1.212842 1e-06 1e-06 0.0 -3.440388 0.788235 0.501657 -15.928183 -3.167304 2.999708 -6.338825 1e-06 3e-06 -18.123446 3.648188 -4.905667 -4e-06 -0.0 -3e-06 -2.060485 1.572664 15.253138 58.061493 -23.925053 -36.991711 177.951782 44.645119 179.452652 -19.159592 14.279225 -16.006393 2.243541 -5.255034 -3.180156 14.282881 -0.826595 6.952497 -2e-06 -12.690599 0.0 16.27907 -17.416451 2.249632 1.665666 -1.955921 -2.878297 4.727797 -4.170586 4.993919 11.020519 1e-06 1e-06 12.109043 -3.735717 -2.866778 0.0 -0.0 1e-06 1.291986 -1.928548 -1.498088 14.80012 0.567466 3.865604 14.242562 -1.341737 -6.660655 19.631952 0.143923 -0.648244 48.936172 -1.025342 -6.332022 0.353029 -1.51115 -0.031941 20.222782 3.684306 2.316631 18.787264 3e-06 0.0 10.751623 -0.47987 1.397905 1e-06 -1e-06 0.0 3.273804 0.305946 -0.580111 21.486799 11.830368 2.266129 8.162924 1e-06 -0.0 18.399071 -3.798986 -4.940573 3e-06 -0.0 -0.0 3.803617 16.332659 -49.438988 0.107253 0.32672 94.261932 2.241314 -4.094861 -19.867674 1.840779 -1.712027 -15.201993 -0.0 -1e-06 2e-06 4.164499 -3.487956 -30.352398 0.254656 0.172545 82.359383 0.287911 -2.798024 -28.502644 -1.488478 0.858746 -12.663749 0.0 0.0 -2e-06 
0.0 0.0 0.0 0.0 -0.0 0.0 3.627398 78.207787 9.392824 -6.42798 2.81655 4.969984 -0.825115 -0.524909 14.168758 -0.51368 -2.689114 -0.106282 3.140394 -4.646322 15.266584 7.737517 -0.065901 6.211792 0.229184 4.975636 -3.819488 -1.871757 5.733622 -16.739941 7.7e-05 -2.3e-05 6e-06 0.018929 0.022993 -0.201681 0.739246 -3.702988 -10.714448 -0.709566 3.754359 -10.79254 18.77986 -8.538774 14.436927 -54.350723 38.337486 -8.917881 -177.446426 -70.704285 179.189163 1.463604 -1.335466 -11.75149 -5.882101 9.861279 0.702587 -10.936863 -0.360575 7.156197 1e-06 8.774818 2e-06 -16.084269 17.794443 6.246894 -1.844032 2.498502 -2.507275 -10.163594 4.678941 4.621105 -20.976013 -4e-06 -0.0 -21.226273 2.451693 -3.593997 1e-06 -5e-06 -2e-06 -1.362682 2.240796 -0.746324 -21.3349 0.584909 3.008318 -13.821205 -5e-06 -0.0 -23.887157 -0.249081 -0.839484 -59.4897 1.936029 -0.343696 -0.294025 1.679685 0.833255 -14.218199 0.093213 1.300577 -34.212032 -0.287568 0.967167 -20.033203 0.964533 1.212842 2e-06 -0.0 3e-06 -3.440387 0.788233 0.501654 -15.928176 -3.167309 2.999702 -6.338821 -2e-06 0.0 -18.123436 3.648177 -4.905668 -5e-06 1e-06 -3e-06 -1.983236 1.328884 15.510564 60.822704 -26.055426 -35.43222 175.821976 44.278748 178.651413 -18.24754 16.587111 -17.49515 2.243539 -5.255034 -3.180155 14.282876 -0.826592 6.9525 -1e-06 -12.690595 -2e-06 16.305693 -17.622286 2.139998 1.665664 -1.95592 -2.878295 4.727795 -4.170584 4.993919 11.020515 3e-06 -1e-06 12.10904 -3.735713 -2.866782 -1e-06 -0.0 1e-06 1.291984 -1.928548 -1.498089 14.800114 0.567469 3.865608 14.242558 -1.341737 -6.660651 19.631952 0.143926 -0.648242 48.834465 -0.878298 -6.420112 0.353029 -1.511149 -0.03194 20.222773 3.684307 2.316632 18.787254 4e-06 3e-06 10.751619 -0.479868 1.397905 -1e-06 0.0 1e-06 3.273803 0.305947 -0.580109 21.48679 11.830366 2.266134 8.162921 3e-06 1e-06 18.399065 -3.798983 -4.940568 3e-06 0.0 -1e-06 2.366269 15.276208 -49.314289 0.153574 0.386374 97.119087 2.67474 -3.490116 -23.672626 1.834095 -1.683971 -16.294044 0.0 -0.0 2e-06 2.999615 -3.597275 -32.565487 0.239719 0.249213 88.676178 0.45791 -6.378856 -27.80224 -1.497063 0.879546 -14.269416 0.0 -0.0 -2e-06 
0.0 0.0 0.0 0.0 -0.0 0.0 4.354489 75.803307 10.651795 -5.372979 3.854276 5.146604 -0.766394 -0.584502 14.716525 -0.40442 -2.598016 0.035855 2.974866 -4.780183 15.351111 7.430039 0.288348 4.877355 0.117534 4.488039 -3.711202 -2.058027 5.185565 -17.29323 7.7e-05 -2.2e-05 5e-06 0.020032 0.024736 -0.216132 0.738743 -3.694319 -10.739766 -0.706758 3.750042 -10.812772 18.430077 -7.897946 14.39619 -56.574291 38.44603 -10.772295 -178.503662 -68.656998 179.131439 4.078354 -1.3711 -15.786417 -5.882101 9.861279 0.702592 -10.936862 -0.360573 7.156201 -1e-06 8.774818 -1e-06 -15.981855 17.938843 6.512644 -1.84403 2.498505 -2.507276 -10.16359 4.67894 4.621109 -20.976006 -1e-06 1e-06 -21.226271 2.451699 -3.593997 0.0 -5e-06 -0.0 -1.362679 2.240797 -0.746322 -21.334894 0.584909 3.008324 -13.821203 -1e-06 4e-06 -23.887152 -0.249077 -0.839483 -59.397301 2.026397 -0.310488 -0.294024 1.679685 0.833256 -14.218197 0.093217 1.300579 -34.212017 -0.287558 0.967169 -20.033197 0.964539 1.212842 1e-06 -0.0 1e-06 -3.440385 0.788231 0.501656 -15.928172 -3.167306 2.999706 -6.33882 -0.0 2e-06 -18.123432 3.648183 -4.905665 -4e-06 -0.0 -3e-06 -1.821163 1.16542 15.83632 63.989883 -28.117168 -34.322701 173.099335 46.283657 177.557999 -16.805248 17.255251 -17.209209 2.24354 -5.255033 -3.180153 14.28288 -0.826595 6.952495 -2e-06 -12.690596 -2e-06 16.52194 -17.883156 2.04062 1.665665 -1.95592 -2.878294 4.727796 -4.170584 4.993919 11.020517 3e-06 -0.0 12.109042 -3.735713 -2.86678 0.0 0.0 -1e-06 1.291985 -1.928548 -1.498086 14.800118 0.567466 3.865604 14.242562 -1.341738 -6.660649 19.631952 0.143922 -0.648243 49.373806 -0.763919 -6.492743 0.353029 -1.51115 -0.031938 20.222773 3.684306 2.316628 18.787262 3e-06 -0.0 10.751623 -0.479869 1.397905 1e-06 1e-06 -2e-06 3.273804 0.305946 -0.58011 21.486795 11.830363 2.26613 8.16292 1e-06 -3e-06 18.399065 -3.798983 -4.940572 3e-06 -1e-06 -1e-06 0.845449 14.149733 -49.685017 0.280234 0.482702 100.544823 3.202866 -3.191504 -26.484722 1.85207 -1.676152 -18.070246 -0.0 -0.0 2e-06 2.04929 -4.419164 -34.618523 0.09174 0.218881 94.859634 0.074877 -10.97583 -26.985502 -1.483444 0.905006 -15.223752 -0.0 0.0 -1e-06 
0.0 0.0 0.0 0.0 -0.0 0.0 5.024622 73.348274 11.76201 -4.26608 5.224945 5.284935 -0.641865 -0.562557 15.343568 -0.28377 -2.296516 0.308208 2.868225 -4.904801 15.502854 7.414485 0.492134 3.911604 -0.079835 4.072429 -3.721105 -2.517816 4.611494 -17.780968 7.7e-05 -2.2e-05 4e-06 0.033869 -0.024306 -0.238499 0.753135 -3.747141 -10.777799 -0.691843 3.703097 -10.84095 17.96624 -6.854945 14.473005 -58.0802 37.291344 -11.828868 -178.484451 -64.629364 178.44696 5.374443 -1.569115 -19.150021 -5.882098 9.861279 0.702588 -10.936861 -0.360576 7.1562 1e-06 8.774817 -1e-06 -15.935166 18.062529 6.443383 -1.84403 2.498503 -2.507273 -10.163588 4.678938 4.621106 -20.976 -4e-06 5e-06 -21.226263 2.451694 -3.593995 -1e-06 -6e-06 0.0 -1.362679 2.240794 -0.746321 -21.33489 0.584907 3.008324 -13.821197 -3e-06 4e-06 -23.88714 -0.249077 -0.83948 -58.948322 2.137614 -0.469176 -0.294025 1.679686 0.833255 -14.218197 0.093212 1.300581 -34.212021 -0.287565 0.967178 -20.033195 0.964536 1.212845 -1e-06 1e-06 1e-06 -3.440385 0.788233 0.501654 -15.928172 -3.16731 2.999707 -6.338819 -3e-06 1e-06 -18.123426 3.648178 -4.905662 -5e-06 -0.0 -2e-06 -1.942086 1.20223 16.169846 68.779686 -30.148678 -35.248993 170.513535 49.863186 176.120514 -14.51001 13.090916 -14.117714 2.243537 -5.255029 -3.180157 14.282874 -0.826589 6.952496 -6e-06 -12.690595 -2e-06 16.646717 -18.048048 2.130313 1.665664 -1.955919 -2.878296 4.72779 -4.17058 4.99392 11.020513 7e-06 1e-06 12.109035 -3.735707 -2.86678 1e-06 -0.0 0.0 1.291983 -1.928547 -1.498087 14.80011 0.567474 3.865603 14.242555 -1.341732 -6.660652 19.631943 0.14393 -0.64824 50.522449 -0.623171 -6.180216 0.353028 -1.511148 -0.031943 20.222765 3.684313 2.316628 18.787249 1e-05 3e-06 10.751616 -0.479865 1.397906 -0.0 -0.0 0.0 3.273803 0.305949 -0.58011 21.486792 11.830368 2.266132 8.162918 4e-06 -0.0 18.399057 -3.798975 -4.940566 3e-06 -0.0 -1e-06 -0.625966 13.362958 -50.833668 0.394611 0.529984 104.633423 3.546253 -3.645215 -28.092617 1.857006 -1.609091 -19.93417 -0.0 -0.0 2e-06 1.357569 -5.576336 -36.687557 -0.006121 0.177255 101.112144 -0.790227 -15.658289 -26.084534 -1.482367 0.932138 -14.709381 -0.0 1e-06 -2e-06 
0.0 0.0 0.0 0.0 -0.0 0.0 5.491405 70.647903 12.705154 -3.168832 6.943674 5.360349 -0.411726 -0.517622 16.230652 0.006708 -2.192291 0.499982 2.856695 -4.586962 15.780918 7.647362 0.128948 4.059235 -0.349462 3.88515 -3.7238 -3.28009 4.184762 -18.283808 7.7e-05 -2.3e-05 6e-06 0.055217 -0.084578 -0.239634 0.773434 -3.819616 -10.797423 -0.667392 3.646484 -10.844314 17.249495 -5.580733 14.652252 -57.731464 34.053375 -12.788017 -176.907242 -58.741329 177.704376 4.652173 -1.908804 -21.160059 -5.882094 9.861268 0.70259 -10.936858 -0.360578 7.156196 4e-06 8.774814 -1e-06 -16.067465 17.94043 5.974167 -1.84403 2.498499 -2.507274 -10.163588 4.678935 4.621101 -20.976002 -9e-06 5e-06 -21.226263 2.451694 -3.59399 1e-06 -6e-06 -0.0 -1.362678 2.240793 -0.746324 -21.334888 0.584901 3.008321 -13.821197 -8e-06 4e-06 -23.887142 -0.249082 -0.839477 -58.284252 2.345515 -0.787989 -0.294023 1.679684 0.833255 -14.218192 0.09321 1.30058 -34.212013 -0.287575 0.967177 -20.033192 0.964531 1.212848 -1e-06 -1e-06 -1e-06 -3.440385 0.788232 0.501655 -15.92817 -3.16731 2.999703 -6.338818 -2e-06 2e-06 -18.123425 3.648171 -4.905658 -4e-06 -0.0 -2e-06 -3.448798 1.013676 16.306654 75.659927 -30.2957 -38.656021 170.790939 51.197842 175.551544 -14.542185 1.383228 -7.888297 2.243539 -5.255031 -3.180155 14.282875 -0.82659 6.952495 -5e-06 -12.690589 -0.0 16.239763 -17.510353 2.387223 1.665664 -1.95592 -2.878295 4.727791 -4.17058 4.993917 11.020512 5e-06 -3e-06 12.109035 -3.73571 -2.866781 -0.0 1e-06 -1e-06 1.291983 -1.928548 -1.498088 14.800112 0.567468 3.865603 14.242557 -1.341732 -6.660652 19.631945 0.143929 -0.648246 50.442215 -0.792402 -5.750599 0.353027 -1.511149 -0.031941 20.222771 3.684309 2.316626 18.787251 7e-06 -0.0 10.751616 -0.479866 1.397903 -2e-06 0.0 1e-06 3.273804 0.305948 -0.58011 21.48679 11.830363 2.266132 8.16292 1e-06 -3e-06 18.399061 -3.798978 -4.940567 3e-06 -2e-06 -1e-06 -1.577163 12.904516 -52.907368 0.440778 0.568134 109.601913 3.706515 -5.530052 -28.157503 1.941384 -1.59828 -22.622753 0.0 -0.0 2e-06 0.965585 -7.188382 -38.407516 -0.122985 0.185465 107.17308 -1.790031 -20.463736 -25.451691 -1.486482 0.945114 -13.04824 -1e-06 0.0 -3e-06 
0.0 0.0 0.0 0.0 -0.0 0.0 5.754159 67.345848 13.523102 -2.467866 8.837803 5.307837 0.011119 -0.697175 17.449368 0.232717 -2.09214 0.755403 3.264966 -4.060461 16.219984 8.15554 -0.326067 5.327168 -0.473033 3.453399 -3.670725 -4.208745 4.012769 -18.737404 7.7e-05 -2.3e-05 3e-06 0.088601 -0.152748 -0.255537 0.783467 -3.88964 -10.84821 -0.612342 3.573939 -10.83682 16.733387 -4.308341 14.336434 -55.190212 27.784912 -14.349568 -176.060669 -51.69574 178.059982 2.533248 -2.735457 -20.624786 -5.882102 9.861283 0.70259 -10.936862 -0.360577 7.156196 1e-06 8.774822 -3e-06 -16.41011 17.382782 5.10516 -1.84403 2.498503 -2.507277 -10.163589 4.678942 4.621103 -20.976009 -3e-06 1e-06 -21.226271 2.451694 -3.593999 -0.0 -7e-06 -1e-06 -1.36268 2.240799 -0.746321 -21.3349 0.584908 3.008321 -13.821205 -2e-06 2e-06 -23.887156 -0.249081 -0.839483 -57.678307 2.351677 -1.19838 -0.294024 1.679688 0.833255 -14.218198 0.093214 1.300577 -34.212021 -0.287565 0.967169 -20.033197 0.964534 1.212841 -0.0 0.0 -1e-06 -3.440387 0.788233 0.501656 -15.928174 -3.167308 2.999705 -6.338821 2e-06 1e-06 -18.123428 3.648183 -4.905669 -3e-06 1e-06 -1e-06 -6.983746 0.041958 14.989408 80.555817 -26.64781 -42.051289 174.822861 47.105057 176.781693 -21.45985 -6.100749 -5.741896 2.243541 -5.255038 -3.180155 14.282887 -0.826594 6.952504 0.0 -12.690604 -0.0 17.009527 -16.736635 1.842216 1.665665 -1.955922 -2.878297 4.727797 -4.170587 4.993924 11.020524 2e-06 -1e-06 12.109049 -3.735716 -2.866782 -1e-06 -0.0 -0.0 1.291986 -1.928548 -1.498089 14.800125 0.567465 3.865608 14.242568 -1.341737 -6.660655 19.631962 0.143925 -0.648245 50.220371 -0.985954 -5.730391 0.353029 -1.511149 -0.03194 20.222786 3.684308 2.316631 18.78727 6e-06 0.0 10.751625 -0.479869 1.397908 2e-06 -0.0 2e-06 3.273804 0.305944 -0.580111 21.486809 11.830373 2.266135 8.162926 0.0 -1e-06 18.399076 -3.798991 -4.940573 3e-06 -2e-06 -3e-06 -1.551893 12.468513 -56.034737 0.438358 0.525074 116.071365 4.167438 -8.133969 -26.609146 1.997081 -1.579966 -24.528093 0.0 -0.0 1e-06 1.335654 -8.744002 -39.282902 -0.466912 0.149998 112.851479 -2.617451 -26.163 -24.548473 -1.477092 0.821307 -11.967846 -0.0 0.0 -2e-06 
0.0 0.0 0.0 0.0 -0.0 0.0 5.975483 63.389801 14.456759 -2.315738 10.44834 5.54706 0.591769 -1.211167 18.166855 0.54719 -1.789947 1.364683 4.070539 -3.652869 16.753105 8.551589 -0.753753 7.325416 -0.605454 3.024514 -3.627377 -5.650168 3.952677 -18.849131 7.7e-05 -2.2e-05 5e-06 0.16998 -0.202794 -0.250551 0.870386 -3.930228 -10.886428 -0.538541 3.515322 -10.821343 15.281447 -3.537436 13.4699 -51.011845 18.096344 -15.72203 -179.670395 -45.672756 -179.105286 -0.719423 -4.529864 -17.332195 -5.882103 9.86128 0.70259 -10.936865 -0.360575 7.156202 1e-06 8.77482 -1e-06 -16.35647 17.097193 4.437695 -1.844033 2.498503 -2.507277 -10.163595 4.67894 4.621107 -20.976013 -3e-06 1e-06 -21.226276 2.451695 -3.593999 0.0 -6e-06 -0.0 -1.36268 2.240797 -0.746324 -21.334904 0.584908 3.008321 -13.821208 -3e-06 1e-06 -23.887159 -0.249081 -0.839482 -57.169365 2.291494 -1.745916 -0.294024 1.679687 0.833258 -14.218203 0.093214 1.300578 -34.212032 -0.287564 0.967168 -20.033199 0.964535 1.212842 0.0 -0.0 0.0 -3.440389 0.788233 0.501654 -15.928179 -3.167308 2.999706 -6.338823 -1e-06 0.0 -18.12344 3.648182 -4.905671 -4e-06 1e-06 -1e-06 -10.593595 0.061076 12.889078 80.26075 -18.074156 -43.791191 -179.284622 37.785778 -179.782364 -32.408741 -7.657877 -3.36571 2.243542 -5.255038 -3.180159 14.282891 -0.826592 6.952501 -4e-06 -12.690603 1e-06 18.026928 -16.598169 1.398602 1.665666 -1.955921 -2.878299 4.727798 -4.170588 4.993925 11.020528 5e-06 -3e-06 12.109055 -3.735713 -2.866787 0.0 -0.0 1e-06 1.291985 -1.928548 -1.49809 14.800125 0.567467 3.865609 14.242569 -1.341735 -6.660658 19.631968 0.143926 -0.648247 53.153549 -0.798272 -6.064642 0.35303 -1.511151 -0.031943 20.222794 3.684313 2.31663 18.78727 7e-06 -2e-06 10.751629 -0.479868 1.397907 -1e-06 0.0 2e-06 3.273806 0.305947 -0.58011 21.486811 11.830376 2.266133 8.162926 2e-06 0.0 18.399076 -3.798982 -4.940575 2e-06 0.0 -1e-06 -0.545227 11.340177 -59.52639 0.302579 0.396767 122.84153 4.553932 -10.283444 -26.400145 1.992774 -1.620593 -24.535072 0.0 -0.0 3e-06 2.335554 -9.169497 -39.560349 -0.85944 -0.178034 117.467941 -1.284371 -32.01965 -24.616699 -1.444753 0.639454 -13.429692 -0.0 0.0 -3e-06 
0.0 0.0 0.0 0.0 -0.0 0.0 6.342889 59.311592 15.489385 -2.08747 11.252556 6.531635 1.037752 -1.470231 18.198332 0.975515 -1.68306 1.794214 4.904263 -3.273479 17.844492 8.751292 -1.104544 9.087519 -0.938318 3.021759 -3.665452 -6.524028 3.596355 -18.684603 7.7e-05 -2.3e-05 6e-06 0.268579 -0.223124 -0.203043 0.995052 -3.889217 -10.69747 -0.46129 3.429268 -10.654881 12.598962 -4.682669 12.425528 -46.814728 6.348818 -18.564007 176.973267 -45.754738 -176.264343 -2.336079 -7.204561 -11.19382 -5.88211 9.861289 0.702591 -10.936877 -0.360572 7.15621 -1e-06 8.774828 -1e-06 -16.063643 17.486349 4.51272 -1.844033 2.498506 -2.507279 -10.163606 4.678948 4.621112 -20.976038 -1e-06 2e-06 -21.226301 2.451698 -3.594003 0.0 -5e-06 -0.0 -1.362684 2.2408 -0.746325 -21.334929 0.584912 3.008325 -13.821224 0.0 -0.0 -23.887184 -0.249079 -0.839487 -58.029945 2.224088 -2.14477 -0.294025 1.679688 0.833256 -14.218217 0.093218 1.300582 -34.212074 -0.287561 0.967166 -20.033226 0.964538 1.21284 -0.0 1e-06 -0.0 -3.44039 0.788234 0.501655 -15.928198 -3.167309 2.999706 -6.338832 -1e-06 -0.0 -18.123459 3.648187 -4.905676 -4e-06 3e-06 -1e-06 -11.532947 2.898622 10.586794 73.391251 -5.728911 -42.986012 -176.177155 31.948503 -178.245407 -40.18763 2.969098 -3.015749 2.243543 -5.255037 -3.180156 14.282892 -0.826596 6.952504 -1e-06 -12.690605 1e-06 17.131632 -16.787144 1.627769 1.665664 -1.955921 -2.878297 4.727799 -4.170588 4.993925 11.020524 2e-06 -0.0 12.10905 -3.735717 -2.866784 0.0 -0.0 1e-06 1.291985 -1.928548 -1.498088 14.800129 0.567465 3.865609 14.242568 -1.341738 -6.660656 19.631962 0.143922 -0.648242 53.499359 -0.641906 -6.916985 0.353028 -1.51115 -0.03194 20.222788 3.684307 2.316633 18.78727 3e-06 1e-06 10.751627 -0.47987 1.397906 0.0 -0.0 1e-06 3.273807 0.305946 -0.580111 21.486809 11.830371 2.266135 8.162924 -1e-06 -0.0 18.39908 -3.798988 -4.940572 3e-06 1e-06 -1e-06 0.633083 9.71508 -62.387016 0.311333 0.462851 128.510513 4.849782 -12.102565 -29.077353 1.976342 -1.632434 -25.05983 0.0 -0.0 3e-06 2.754329 -8.10917 -39.909836 -1.217922 -0.702756 121.603775 3.322203 -36.399242 -27.763132 -1.327412 0.600308 -14.70942 1e-06 1e-06 -3e-06 
0.0 0.0 0.0 0.0 -0.0 0.0 7.026994 55.281986 16.531656 -2.242658 10.29671 7.831596 1.116885 -1.24465 17.934551 1.437149 -1.515062 2.092939 5.849492 -2.657261 19.580967 9.389443 -1.220707 9.149582 -0.651018 3.499903 -3.738122 -8.432824 4.362716 -17.689445 7.7e-05 -2.2e-05 5e-06 0.387131 -0.233467 -0.167923 1.129155 -3.83876 -10.442151 -0.357851 3.365217 -10.466802 9.789837 -6.984995 11.517499 -45.735611 -6.229372 -21.314373 175.265228 -55.37677 -174.786469 0.430032 -5.557756 -6.186399 -5.882097 9.861276 0.702593 -10.936858 -0.360576 7.1562 3e-06 8.774819 2e-06 -16.146185 18.88763 5.7785 -1.844031 2.498501 -2.507277 -10.163589 4.678941 4.621106 -20.976 -5e-06 5e-06 -21.226259 2.451694 -3.593994 0.0 -6e-06 -1e-06 -1.362679 2.240795 -0.746321 -21.33489 0.584908 3.008322 -13.821197 -2e-06 5e-06 -23.887142 -0.24908 -0.839479 -59.857101 2.36868 -2.368379 -0.294025 1.679686 0.833254 -14.218195 0.093214 1.30058 -34.212009 -0.287565 0.967172 -20.033192 0.964536 1.212844 -0.0 0.0 -0.0 -3.440384 0.788232 0.501654 -15.928168 -3.167306 2.999706 -6.338816 -1e-06 1e-06 -18.123426 3.648177 -4.905663 -5e-06 2e-06 -1e-06 -9.127558 8.119774 8.247542 61.377029 6.912611 -41.407146 -177.753357 42.507557 -178.201279 -37.56982 6.377561 4.41564 2.24354 -5.255034 -3.180157 14.282881 -0.826592 6.952505 -1e-06 -12.690595 -3e-06 15.099515 -16.593174 2.056146 1.665667 -1.955922 -2.878297 4.727798 -4.170583 4.993922 11.02052 3e-06 -0.0 12.109046 -3.735714 -2.866782 0.0 -0.0 1e-06 1.291986 -1.928548 -1.498088 14.800118 0.567468 3.865611 14.242561 -1.341735 -6.660652 19.631954 0.143924 -0.648239 48.853363 -0.355785 -6.617063 0.353027 -1.511149 -0.031943 20.222778 3.684308 2.316634 18.787264 5e-06 5e-06 10.751622 -0.47987 1.397907 -0.0 1e-06 0.0 3.273805 0.305947 -0.58011 21.486803 11.830366 2.26614 8.162923 3e-06 3e-06 18.399071 -3.798984 -4.940569 3e-06 0.0 -1e-06 2.2698 9.158034 -64.163246 0.513054 0.489524 134.257065 3.875878 -14.880295 -32.327324 1.940013 -1.552777 -25.157555 -0.0 0.0 3e-06 2.678837 -4.851485 -41.046219 -1.215305 -0.687915 126.432594 8.462293 -37.570747 -30.167812 -1.38899 0.826642 -14.941056 -1e-06 -0.0 0.0 
0.0 0.0 0.0 0.0 -0.0 0.0 7.644116 51.791 18.046 -3.071235 8.328049 8.494313 1.056405 -0.970215 17.199261 1.358792 -1.229896 2.142664 6.890676 -2.245924 21.917454 11.537947 -0.828515 7.459185 -0.930644 4.285523 -3.968432 -10.497886 5.680347 -15.138754 7.6e-05 -2.3e-05 4e-06 0.357577 -0.158612 -0.200913 1.102213 -3.805235 -10.627189 -0.390698 3.480751 -10.701577 7.64956 -9.644379 11.553347 -48.44693 -17.362444 -19.518616 175.216766 -70.691582 -174.897552 6.732082 -0.546534 -9.233796 -5.882103 9.861279 0.70259 -10.936865 -0.360576 7.156199 -1e-06 8.774821 -3e-06 -14.929256 18.37978 6.653369 -1.844031 2.498502 -2.507276 -10.163595 4.678943 4.621105 -20.976021 -4e-06 3e-06 -21.22628 2.451696 -3.593999 1e-06 -6e-06 1e-06 -1.362681 2.240796 -0.746323 -21.334908 0.584911 3.008322 -13.821206 -2e-06 1e-06 -23.887165 -0.249079 -0.839483 -58.214611 1.92602 -1.502258 -0.294025 1.679686 0.833254 -14.218203 0.093214 1.300581 -34.21204 -0.287563 0.967171 -20.033209 0.964535 1.212844 0.0 -2e-06 -0.0 -3.440388 0.788233 0.501654 -15.928183 -3.167307 2.999705 -6.338822 -1e-06 0.0 -18.123438 3.648178 -4.905668 -3e-06 -0.0 -2e-06 -4.268787 12.568056 7.842995 48.811378 19.182627 -33.473026 -177.868958 68.08638 -177.033813 -34.908737 4.979491 22.000095 2.243538 -5.25503 -3.180153 14.282871 -0.826591 6.952496 -3e-06 -12.69059 -1e-06 16.210695 -17.720407 2.462179 1.665664 -1.955919 -2.878295 4.727792 -4.170583 4.993918 11.020512 3e-06 1e-06 12.109035 -3.735712 -2.86678 -0.0 -0.0 0.0 1.291984 -1.928547 -1.498089 14.800108 0.567469 3.865604 14.242553 -1.341735 -6.66065 19.631939 0.143927 -0.648242 48.336384 -0.302369 -5.918614 0.353029 -1.511149 -0.03194 20.222769 3.684307 2.316629 18.787251 4e-06 2e-06 10.751616 -0.479868 1.397904 0.0 -0.0 -1e-06 3.273803 0.305947 -0.58011 21.486788 11.830362 2.266132 8.162917 3e-06 0.0 18.399057 -3.798979 -4.940569 3e-06 -0.0 -2e-06 4.77354 10.126899 -62.980335 0.613873 0.641489 139.618698 3.45021 -16.498421 -35.100632 1.933866 -1.52832 -26.594006 -0.0 0.0 3e-06 2.516671 -1.682176 -41.947117 -0.779215 0.06913 130.79187 11.318153 -35.872589 -28.32975 -1.588495 0.877295 -16.425821 0.0 -0.0 -2e-06 
0.0 0.0 0.0 0.0 -0.0 0.0 7.976982 49.298923 20.483641 -4.880361 6.958131 8.796441 1.310017 -0.802391 15.724649 0.930759 -1.639431 1.954489 7.911524 -3.109926 24.323208 13.458734 -0.598662 5.017453 -0.553469 5.791952 -3.933407 -11.380871 7.73466 -14.688534 7.6e-05 -2.3e-05 5e-06 0.236303 -0.12288 -0.168756 0.988025 -3.791659 -10.704842 -0.519653 3.537037 -10.74196 5.73831 -11.440551 13.791173 -50.993462 -21.78274 -10.674724 -179.731766 -81.306358 -179.512695 4.403846 -1.164551 -3.182012 -5.882093 9.861268 0.702587 -10.936852 -0.360577 7.156188 3e-06 8.774807 -1e-06 -14.844081 17.574413 6.299764 -1.844029 2.498499 -2.507271 -10.16358 4.678933 4.621099 -20.975988 -7e-06 5e-06 -21.226252 2.451689 -3.59399 -1e-06 -7e-06 2e-06 -1.362678 2.240795 -0.746322 -21.334875 0.584903 3.008315 -13.821189 -6e-06 3e-06 -23.887127 -0.249081 -0.839479 -57.643963 2.283368 -1.21958 -0.294025 1.679685 0.833255 -14.21818 0.093212 1.300577 -34.21199 -0.28757 0.96717 -20.033176 0.964531 1.212842 0.0 -2e-06 1e-06 -3.440382 0.78823 0.501653 -15.928157 -3.167308 2.999698 -6.338813 -3e-06 0.0 -18.123413 3.648174 -4.90566 -4e-06 1e-06 -0.0 2.117297 13.719355 10.869871 41.46645 31.161963 -17.41238 -30.03945 86.225967 -29.06267 -26.97617 9.276876 30.20253 2.243539 -5.255033 -3.180153 14.282878 -0.826593 6.952495 -1e-06 -12.690597 1e-06 18.434155 -18.835749 1.210764 1.665664 -1.955919 -2.878294 4.727795 -4.170585 4.993919 11.020518 3e-06 0.0 12.109039 -3.735712 -2.866782 -1e-06 0.0 -1e-06 1.291984 -1.928548 -1.498087 14.800115 0.567469 3.865603 14.242559 -1.341734 -6.660649 19.631948 0.143928 -0.648242 50.744408 -0.735392 -6.184807 0.353029 -1.511149 -0.03194 20.222775 3.684309 2.316628 18.787254 6e-06 -0.0 10.751616 -0.479866 1.397905 3e-06 1e-06 0.0 3.273804 0.305947 -0.580111 21.486794 11.830368 2.26613 8.16292 2e-06 0.0 18.399063 -3.798982 -4.94057 3e-06 1e-06 -2e-06 8.129135 12.632252 -60.136318 0.601427 0.787837 144.357834 6.0921 -16.704071 -37.401196 1.923776 -1.431309 -31.329948 0.0 1e-06 3e-06 2.481833 -0.642555 -42.064388 -0.326713 0.386591 134.522522 12.258871 -29.969883 -25.751507 -1.781548 0.782639 -17.892553 1e-06 -1e-06 -3e-06 
0.0 0.0 0.0 0.0 -0.0 0.0 8.284761 47.884689 23.362236 -6.356603 6.806189 8.285866 1.523153 -1.04415 14.713794 0.754074 -2.276323 1.660047 8.31269 -4.013445 25.244129 14.928664 -1.393063 4.993992 -0.004494 6.242493 -3.800916 -11.317745 9.19077 -14.555575 7.6e-05 -2.2e-05 5e-06 0.199908 -0.193181 -0.117446 0.935366 -3.825432 -10.633547 -0.539948 3.43041 -10.608732 5.048751 -11.845782 15.586839 -53.070435 -22.589859 -0.596179 -169.985443 -80.781982 171.694305 -3.418754 -1.283753 12.130281 -5.8821 9.86128 0.702591 -10.936861 -0.360573 7.1562 -1e-06 8.774819 -1e-06 -15.14769 17.773386 5.990432 -1.844029 2.498502 -2.507275 -10.163589 4.678941 4.621105 -20.976002 -0.0 5e-06 -21.226259 2.451698 -3.593997 1e-06 -5e-06 -1e-06 -1.36268 2.240796 -0.746323 -21.334892 0.584909 3.008322 -13.821199 -1e-06 3e-06 -23.887146 -0.249075 -0.839481 -58.2178 2.777232 -1.524786 -0.294024 1.679686 0.833255 -14.218196 0.093216 1.300581 -34.212013 -0.287561 0.967171 -20.033194 0.964539 1.212842 1e-06 0.0 -0.0 -3.440384 0.788234 0.501656 -15.928168 -3.167305 2.999707 -6.338819 -1e-06 2e-06 -18.123426 3.648181 -4.905667 -4e-06 1e-06 -2e-06 6.525449 12.520431 13.219474 47.486355 36.430855 -3.032384 -5.990476 73.417931 -4.911412 -21.82972 8.172051 29.629299 2.243539 -5.255033 -3.180157 14.28288 -0.826591 6.952497 -3e-06 -12.690595 -1e-06 16.916771 -18.557808 1.753683 1.665664 -1.955919 -2.878297 4.727795 -4.170583 4.993921 11.020518 5e-06 -1e-06 12.109043 -3.735711 -2.866781 -1e-06 0.0 1e-06 1.291983 -1.928548 -1.498086 14.800117 0.567468 3.865606 14.24256 -1.341735 -6.66065 19.631952 0.143926 -0.648243 49.632027 -0.831547 -5.678853 0.353028 -1.51115 -0.03194 20.222773 3.684309 2.31663 18.787262 7e-06 2e-06 10.75162 -0.479867 1.397906 1e-06 -0.0 -0.0 3.273803 0.305948 -0.580111 21.486795 11.830368 2.266131 8.162921 1e-06 -1e-06 18.399067 -3.79898 -4.94057 4e-06 -3e-06 -0.0 10.946563 14.128521 -54.921349 0.463596 0.887576 147.466782 8.981621 -15.789165 -40.044262 1.782813 -1.322976 -32.558662 -0.0 0.0 2e-06 1.226215 -2.015968 -40.165756 0.099752 0.617127 136.853256 11.361302 -19.696716 -24.347904 -1.876927 0.780032 -21.005531 0.0 -0.0 -1e-06 
0.0 0.0 0.0 0.0 -0.0 0.0 8.840802 47.381065 26.215416 -7.192913 6.928277 7.666277 1.924337 -1.416041 14.750844 0.759579 -2.454392 1.255859 8.437318 -4.732032 24.302595 14.972894 -2.533314 6.886261 0.696606 6.174921 -3.685925 -10.924607 9.476675 -14.64403 7.7e-05 -2.2e-05 6e-06 0.226487 -0.296249 -0.125172 0.926384 -3.905578 -10.644636 -0.477364 3.30509 -10.60664 5.361889 -11.207557 15.913537 -55.20887 -22.68795 5.165836 -167.703323 -75.794807 170.260361 -3.747724 -0.880207 18.533424 -5.882101 9.861277 0.702588 -10.936863 -0.360577 7.156198 1e-06 8.774821 -1e-06 -14.947725 17.924547 6.133898 -1.844031 2.498503 -2.507277 -10.16359 4.678941 4.621104 -20.976006 -5e-06 1e-06 -21.226271 2.451694 -3.593997 -1e-06 -6e-06 -0.0 -1.362681 2.240795 -0.746323 -21.334896 0.584907 3.008319 -13.821202 -4e-06 2e-06 -23.887152 -0.249082 -0.839481 -58.063751 2.794994 -1.622691 -0.294021 1.679687 0.833256 -14.218195 0.093213 1.300578 -34.212021 -0.287566 0.96717 -20.033194 0.964532 1.212844 2e-06 -1e-06 -1e-06 -3.440385 0.788233 0.501655 -15.928172 -3.16731 2.999704 -6.33882 -2e-06 1e-06 -18.123428 3.648177 -4.905669 -5e-06 -0.0 -2e-06 7.703078 10.052458 13.524243 58.156467 32.8727 7.919161 -6.160244 69.477722 -3.930347 -20.284548 5.556426 26.067608 2.24354 -5.255036 -3.180155 14.282883 -0.826595 6.952497 -1e-06 -12.690598 -1e-06 15.683186 -18.412317 2.6521 1.665665 -1.955921 -2.878296 4.7278 -4.170586 4.993919 11.020519 3e-06 -1e-06 12.109047 -3.735715 -2.866783 0.0 0.0 1e-06 1.291985 -1.928549 -1.498088 14.80012 0.567468 3.865609 14.242566 -1.341737 -6.660653 19.631956 0.143925 -0.648244 48.527454 -0.842675 -5.510937 0.353029 -1.51115 -0.031941 20.222778 3.684307 2.316629 18.787266 3e-06 -1e-06 10.751622 -0.479869 1.397905 1e-06 0.0 1e-06 3.273805 0.305946 -0.580111 21.486807 11.830367 2.266133 8.162925 0.0 -2e-06 18.399075 -3.798984 -4.940575 3e-06 -1e-06 -1e-06 11.813867 15.115204 -49.493443 0.308461 0.966269 148.274689 11.029233 -13.799029 -42.750546 1.698203 -1.280647 -32.551983 -0.0 0.0 3e-06 -1.008996 -3.816493 -37.870533 0.400069 0.844858 138.048065 10.189735 -10.635264 -23.715937 -1.897945 0.797456 -22.820932 0.0 0.0 0.0 
0.0 0.0 0.0 0.0 -0.0 0.0 9.43767 47.604351 28.713903 -7.38233 6.813618 7.724452 2.227456 -1.549295 14.84606 0.817044 -2.405577 1.089061 8.387918 -5.041731 23.252596 14.019121 -3.018953 8.639043 0.941504 5.474669 -3.700441 -10.321932 8.914712 -14.319035 7.7e-05 -2.2e-05 6e-06 0.237889 -0.326122 -0.159134 0.902042 -3.950776 -10.747378 -0.429167 3.289713 -10.684827 5.235439 -10.76998 15.389267 -55.334572 -22.336245 4.525497 -170.44574 -69.388802 173.166077 -2.342223 -0.59804 22.546129 -5.882101 9.861278 0.70259 -10.936863 -0.360574 7.156198 2e-06 8.774819 -2e-06 -15.011904 18.157953 6.216089 -1.844031 2.498502 -2.507274 -10.16359 4.67894 4.621105 -20.976006 -3e-06 -0.0 -21.226269 2.451695 -3.593997 -1e-06 -4e-06 -0.0 -1.36268 2.240796 -0.746323 -21.334896 0.584906 3.00832 -13.821201 -2e-06 2e-06 -23.887146 -0.24908 -0.839483 -58.490818 3.054699 -1.715011 -0.294025 1.679685 0.833255 -14.218195 0.093214 1.300578 -34.212013 -0.287567 0.967167 -20.033194 0.964534 1.212841 0.0 -0.0 1e-06 -3.440383 0.788233 0.501654 -15.928172 -3.167308 2.999703 -6.338821 -2e-06 -1e-06 -18.123426 3.648176 -4.905667 -5e-06 -0.0 -2e-06 8.340549 8.887608 13.817755 61.936462 25.703026 10.998636 -6.626429 73.100372 -4.002786 -18.572712 1.12898 27.560272 2.243539 -5.25503 -3.180154 14.282872 -0.826594 6.952491 -2e-06 -12.690592 -1e-06 15.491792 -18.016729 2.961507 1.665666 -1.95592 -2.878293 4.727793 -4.170586 4.993915 11.020514 1e-06 -3e-06 12.109037 -3.735713 -2.866783 -0.0 -1e-06 2e-06 1.291983 -1.928546 -1.498085 14.800108 0.567466 3.8656 14.242557 -1.341737 -6.660649 19.631945 0.143927 -0.648247 48.511234 -0.817017 -5.306139 0.353029 -1.511149 -0.031939 20.222767 3.684304 2.316625 18.787251 4e-06 -6e-06 10.751616 -0.479869 1.397902 1e-06 2e-06 -1e-06 3.273802 0.305947 -0.580111 21.486786 11.830363 2.266127 8.162915 1e-06 -1e-06 18.399059 -3.798981 -4.940573 2e-06 -2e-06 -3e-06 10.937347 15.914993 -46.098114 0.349542 0.972777 147.396896 11.210368 -11.23705 -43.353481 1.687506 -1.237286 -33.130211 0.0 -0.0 3e-06 -3.389721 -5.804962 -35.327007 0.541988 1.009224 137.917206 9.498872 -7.407408 -23.673679 -1.751095 0.802249 -20.881491 0.0 1e-06 -1e-06 
0.0 0.0 0.0 0.0 -0.0 0.0 9.989975 48.140625 30.90674 -7.112014 6.24651 8.716004 2.245669 -1.477813 14.716971 0.916723 -2.195601 1.031299 8.013341 -4.809489 22.439766 12.528413 -2.745337 9.832018 0.845874 4.763402 -3.699595 -9.616766 7.925666 -13.859816 7.7e-05 -2.2e-05 5e-06 0.238918 -0.280833 -0.199363 0.873286 -3.926902 -10.842975 -0.397613 3.35626 -10.774611 5.207191 -10.282289 14.195348 -54.522022 -21.361515 -0.016105 -173.459854 -63.109814 175.539764 0.491194 -1.415724 23.645842 -5.882102 9.861275 0.702588 -10.936862 -0.360578 7.1562 -0.0 8.774815 -3e-06 -15.120844 18.283484 6.06224 -1.844031 2.498502 -2.507276 -10.163589 4.678936 4.621104 -20.976006 -5e-06 2e-06 -21.226267 2.451691 -3.593996 0.0 -4e-06 -1e-06 -1.36268 2.240795 -0.746324 -21.334892 0.584907 3.008321 -13.821199 -5e-06 3e-06 -23.887146 -0.249081 -0.839481 -58.598461 3.285299 -1.727215 -0.294025 1.679687 0.833256 -14.218197 0.093214 1.300578 -34.212013 -0.287568 0.967171 -20.033194 0.964533 1.212843 -1e-06 -0.0 -1e-06 -3.440387 0.788232 0.501656 -15.928172 -3.167308 2.999704 -6.33882 -1e-06 0.0 -18.12343 3.648176 -4.905666 -4e-06 1e-06 -1e-06 8.166002 8.897094 13.613383 60.405571 18.968443 10.965928 -7.170827 82.433456 -4.929045 -16.469389 -3.033458 29.58099 2.24354 -5.255037 -3.180157 14.282887 -0.82659 6.952503 -4e-06 -12.690598 -0.0 15.725893 -17.829735 2.819475 1.665664 -1.955922 -2.878299 4.727797 -4.170585 4.993922 11.02052 4e-06 0.0 12.109043 -3.735711 -2.866781 0.0 -0.0 0.0 1.291984 -1.928548 -1.498087 14.800123 0.567472 3.865607 14.242562 -1.341733 -6.660653 19.631956 0.143925 -0.64824 49.011795 -0.716947 -5.406384 0.353028 -1.511151 -0.03194 20.222784 3.684309 2.316635 18.787266 7e-06 2e-06 10.751623 -0.479867 1.397908 1e-06 1e-06 0.0 3.273806 0.305947 -0.580111 21.486801 11.830368 2.266136 8.162924 1e-06 1e-06 18.399073 -3.79898 -4.940569 3e-06 -1e-06 -3e-06 9.156275 16.248413 -44.664009 0.409972 0.963239 145.308136 10.27066 -9.755405 -42.61451 1.691746 -1.210596 -33.690498 0.0 -0.0 1e-06 -5.4137 -6.965444 -32.601456 0.608563 1.212067 136.426788 9.860197 -8.301721 -24.137814 -1.596107 0.813884 -18.715767 -0.0 -0.0 -1e-06 
0.0 0.0 0.0 0.0 -0.0 0.0 10.555314 48.521271 32.896503 -6.849452 5.370694 10.459191 2.162936 -1.352708 14.533135 0.978482 -1.970763 0.976161 7.549442 -4.306108 21.783476 10.582037 -2.033743 10.445826 0.662588 4.445457 -3.665626 -9.082842 6.883982 -13.61886 7.7e-05 -2.3e-05 8e-06 0.235528 -0.236346 -0.212568 0.868986 -3.887777 -10.841354 -0.400314 3.407031 -10.805439 5.142504 -9.468005 13.213095 -53.028706 -19.774147 -6.216696 -175.938095 -58.175735 177.256012 3.44734 -3.006893 22.784166 -5.882109 9.861284 0.702591 -10.936871 -0.360573 7.156206 2e-06 8.774821 1e-06 -15.282666 18.343828 5.881104 -1.844033 2.498505 -2.507277 -10.163599 4.678946 4.62111 -20.976023 1e-06 -1e-06 -21.226288 2.451697 -3.594002 -0.0 -5e-06 0.0 -1.362681 2.240799 -0.746325 -21.334913 0.584911 3.008322 -13.821214 0.0 1e-06 -23.887171 -0.249078 -0.839486 -58.505428 3.398858 -1.770326 -0.294025 1.679687 0.833258 -14.218207 0.093219 1.30058 -34.212048 -0.287561 0.96717 -20.033211 0.964542 1.212841 -0.0 0.0 1e-06 -3.440388 0.788234 0.501656 -15.928187 -3.167307 2.999706 -6.338826 0.0 3e-06 -18.123444 3.648184 -4.905669 -5e-06 1e-06 -0.0 6.971072 9.388459 12.834094 56.696205 14.812628 8.758005 177.811325 85.359192 179.429871 -15.014875 -4.374806 27.62505 2.243543 -5.255032 -3.180157 14.282887 -0.826597 6.952495 0.0 -12.690598 0.0 16.102858 -18.115406 2.694027 1.665667 -1.95592 -2.878297 4.727799 -4.170587 4.993921 11.020521 1e-06 -2e-06 12.10905 -3.735716 -2.866783 -0.0 -0.0 0.0 1.291986 -1.928548 -1.498088 14.800122 0.567464 3.865602 14.242568 -1.341739 -6.660658 19.631964 0.143922 -0.648248 49.671795 -0.819857 -5.671692 0.353028 -1.51115 -0.031938 20.222784 3.684304 2.316625 18.78727 2e-06 -4e-06 10.751625 -0.479872 1.397902 1e-06 1e-06 1e-06 3.273806 0.305947 -0.580111 21.486801 11.830363 2.266125 8.162921 -2e-06 -3e-06 18.399078 -3.798983 -4.94058 3e-06 -1e-06 -1e-06 7.755267 15.599497 -44.420681 0.497312 1.013174 143.505356 9.143771 -10.522389 -42.055199 1.705625 -1.225805 -33.624969 1e-06 0.0 0.0 -6.869179 -7.055351 -30.660276 0.674869 1.485976 134.030685 10.603918 -8.331621 -24.5411 -1.527175 0.841397 -18.239857 0.0 -0.0 1e-06 
0.0 0.0 0.0 0.0 -0.0 0.0 11.169379 48.615646 34.824715 -7.061481 4.163861 12.542073 2.227919 -1.234279 14.407492 1.011185 -1.666575 0.949543 7.137238 -3.696367 21.351234 8.453949 -1.159138 10.313357 0.513815 4.402208 -3.647605 -8.584819 5.971533 -13.460618 7.7e-05 -2.2e-05 8e-06 0.222346 -0.214539 -0.202418 0.877487 -3.848809 -10.77494 -0.435656 3.414177 -10.767005 4.905343 -8.477337 12.701754 -51.127636 -18.090559 -12.866314 -177.733612 -55.047649 178.347488 5.171441 -4.735125 22.139593 -5.882109 9.861284 0.702588 -10.936866 -0.360574 7.156201 -2e-06 8.774821 -2e-06 -15.570035 18.434593 5.681433 -1.844032 2.498505 -2.507276 -10.163596 4.678946 4.621107 -20.976017 -0.0 -4e-06 -21.226282 2.451697 -3.594007 -0.0 -5e-06 -0.0 -1.362679 2.240798 -0.746322 -21.334906 0.584913 3.008317 -13.821208 -1e-06 -2e-06 -23.887165 -0.249077 -0.839489 -58.617886 3.398955 -1.909266 -0.294023 1.679688 0.833257 -14.2182 0.093219 1.300578 -34.21204 -0.287561 0.967157 -20.033205 0.964535 1.212835 -0.0 0.0 2e-06 -3.440388 0.788234 0.501655 -15.928183 -3.167303 2.999703 -6.338826 2e-06 -0.0 -18.123444 3.648183 -4.905675 -3e-06 1e-06 -3e-06 4.97079 10.039026 11.939039 53.452988 14.091918 4.17746 178.48497 74.348526 179.466675 -15.414977 -4.302163 24.364632 2.24354 -5.255033 -3.180156 14.282883 -0.826595 6.952495 -1e-06 -12.690597 1e-06 16.411068 -18.341002 2.737105 1.665664 -1.95592 -2.878298 4.727797 -4.170586 4.993919 11.020519 2e-06 -2e-06 12.109043 -3.735716 -2.866784 -1e-06 -0.0 0.0 1.291986 -1.928548 -1.498089 14.800118 0.567465 3.865605 14.242563 -1.341736 -6.660653 19.631954 0.143925 -0.648247 50.228477 -1.032414 -5.930901 0.353028 -1.51115 -0.031939 20.222778 3.684304 2.316625 18.787256 3e-06 -4e-06 10.751619 -0.479869 1.397903 0.0 0.0 0.0 3.273804 0.305948 -0.580111 21.486797 11.830364 2.266129 8.162923 -1e-06 -1e-06 18.399071 -3.798985 -4.940577 2e-06 -1e-06 -1e-06 7.305953 14.07854 -44.773228 0.553023 1.045763 142.607849 7.593827 -12.397365 -41.143227 1.759672 -1.253577 -33.805939 -0.0 0.0 2e-06 -7.585627 -6.24774 -29.725237 0.765953 1.800565 131.473587 11.357789 -6.309744 -24.545527 -1.521936 0.868451 -18.786991 0.0 -0.0 1e-06 
0.0 0.0 0.0 0.0 -0.0 0.0 11.773197 48.323429 36.732231 -7.683098 2.540141 14.726809 2.335438 -1.18499 14.382633 1.030994 -1.200163 1.005849 6.694582 -2.97447 21.059298 6.421966 -0.270974 9.492302 0.504551 4.389567 -3.657937 -8.059317 5.303393 -13.453748 7.7e-05 -2.2e-05 9e-06 0.196054 -0.181216 -0.176887 0.881549 -3.802402 -10.746433 -0.492677 3.438888 -10.756041 4.380668 -7.647986 12.280036 -49.214359 -16.624361 -19.457035 -178.629517 -54.023975 178.654465 5.922299 -6.324417 22.939455 -5.8821 9.861278 0.702589 -10.936863 -0.360575 7.1562 1e-06 8.774821 -1e-06 -15.909064 18.515587 5.381823 -1.844032 2.498503 -2.507276 -10.163592 4.678942 4.621108 -20.976009 -3e-06 3e-06 -21.226271 2.451696 -3.593997 2e-06 -6e-06 -0.0 -1.362682 2.240795 -0.746324 -21.3349 0.584907 3.008321 -13.821203 -3e-06 2e-06 -23.887154 -0.249083 -0.839481 -58.797867 3.240261 -2.054888 -0.294026 1.679688 0.833256 -14.218198 0.093213 1.300581 -34.212021 -0.287569 0.96717 -20.033197 0.964534 1.212846 -1e-06 2e-06 1e-06 -3.440386 0.788233 0.501656 -15.928176 -3.167308 2.999706 -6.33882 -2e-06 1e-06 -18.12343 3.648183 -4.905665 -5e-06 1e-06 -3e-06 2.497207 10.702259 10.845295 51.710133 16.281549 -1.736921 -179.320938 66.746994 -178.771286 -17.197895 -4.234437 21.815306 2.24354 -5.25503 -3.180153 14.282871 -0.826592 6.952492 -5e-06 -12.69059 -1e-06 16.417753 -18.366499 2.955943 1.665664 -1.955919 -2.878295 4.727791 -4.170581 4.993916 11.020512 5e-06 -2e-06 12.109034 -3.735711 -2.866781 -0.0 -1e-06 0.0 1.291984 -1.928545 -1.498086 14.800108 0.567471 3.865598 14.242554 -1.341732 -6.660649 19.631941 0.143931 -0.648244 50.595917 -1.241755 -6.013478 0.353029 -1.511149 -0.031941 20.222767 3.684309 2.316623 18.787251 1e-05 -1e-06 10.751616 -0.479862 1.397903 1e-06 1e-06 0.0 3.273802 0.305947 -0.580109 21.48679 11.830362 2.266126 8.162917 5e-06 -3e-06 18.399057 -3.798978 -4.94057 3e-06 -2e-06 -1e-06 7.662014 12.080107 -45.467014 0.51177 1.020179 142.614487 5.603003 -14.778183 -39.626125 1.847258 -1.241363 -34.975574 -1e-06 -0.0 2e-06 -7.910621 -4.782995 -29.841906 0.797225 1.990114 130.046646 12.030836 -4.454674 -24.522776 -1.479256 0.872181 -18.497976 -0.0 -0.0 -1e-06 
0.0 0.0 0.0 0.0 -0.0 0.0 12.296721 47.714516 38.611443 -8.158325 0.873983 17.008801 2.243433 -1.060218 14.510556 1.009999 -0.821695 1.138713 6.077086 -2.371277 20.760597 4.782636 0.522064 8.058218 0.527954 4.409973 -3.689093 -7.463356 4.746213 -14.115393 7.7e-05 -2.2e-05 9e-06 0.175348 -0.170082 -0.145053 0.886885 -3.77409 -10.692557 -0.539714 3.437503 -10.720261 3.623049 -7.102247 12.027775 -47.414581 -16.05253 -25.890032 -178.57457 -54.989937 178.503448 6.649992 -7.281156 24.656965 -5.882102 9.861279 0.702588 -10.936868 -0.360576 7.156203 1e-06 8.774819 -2e-06 -16.337172 18.546045 5.146233 -1.844031 2.498503 -2.507277 -10.163595 4.67894 4.621107 -20.976017 -7e-06 5e-06 -21.226276 2.451693 -3.593995 1e-06 -7e-06 -0.0 -1.362681 2.240794 -0.746324 -21.334908 0.584908 3.008324 -13.821208 -5e-06 4e-06 -23.887161 -0.249077 -0.83948 -59.246681 2.882718 -2.024838 -0.294025 1.679685 0.833255 -14.218204 0.093213 1.300583 -34.21204 -0.287566 0.967174 -20.033209 0.964536 1.212845 -1e-06 1e-06 1e-06 -3.440388 0.788231 0.501656 -15.928179 -3.167309 2.999707 -6.338822 -2e-06 2e-06 -18.123436 3.64818 -4.905666 -6e-06 2e-06 -1e-06 -0.046373 11.17791 9.662951 51.327709 20.662235 -7.726737 -177.133774 62.872589 -176.92485 -19.276077 -4.37827 21.150801 2.243539 -5.255031 -3.180157 14.282873 -0.826594 6.952495 0.0 -12.690591 -0.0 16.198225 -18.19231 3.135907 1.665664 -1.95592 -2.878294 4.727795 -4.170584 4.993917 11.020512 3e-06 -1e-06 12.109035 -3.735714 -2.86678 0.0 -1e-06 -1e-06 1.291983 -1.928547 -1.498087 14.800112 0.567467 3.865604 14.242556 -1.341737 -6.66065 19.631948 0.143926 -0.648245 50.672688 -1.344242 -6.024755 0.353028 -1.511149 -0.031938 20.222767 3.684304 2.31663 18.787251 4e-06 -2e-06 10.751616 -0.479867 1.397904 -1e-06 1e-06 0.0 3.273802 0.305946 -0.580108 21.48678 11.830359 2.26613 8.162916 2e-06 -2e-06 18.399055 -3.798982 -4.940569 1e-06 -1e-06 -0.0 8.166031 9.661626 -46.703754 0.407512 0.885596 143.373245 3.66013 -18.756384 -38.221676 1.948597 -1.278235 -34.300133 0.0 -0.0 2e-06 -8.420326 -3.288405 -30.85397 0.739326 1.972433 129.540497 12.497295 -3.880388 -24.501034 -1.472469 0.874847 -18.473972 0.0 -0.0 0.0 
0.0 0.0 0.0 0.0 -0.0 0.0 12.836668 47.191544 40.564873 -8.355344 -0.41168 19.424957 2.039923 -0.950388 14.670589 0.959552 -0.478752 1.319548 5.253504 -1.97182 20.764778 3.633723 0.978956 5.902475 0.416031 4.315564 -3.724952 -6.693087 4.301854 -14.802748 7.7e-05 -2.2e-05 7e-06 0.148665 -0.159407 -0.128287 0.876157 -3.758283 -10.664123 -0.581812 3.446528 -10.700586 2.428863 -7.384984 11.784403 -44.993587 -16.456171 -32.743988 -177.983856 -57.390938 177.85553 7.326471 -7.7986 26.400337 -5.882108 9.861284 0.70259 -10.936875 -0.360575 7.156208 -1e-06 8.774821 -2e-06 -16.59207 18.548466 4.914289 -1.844032 2.498504 -2.507278 -10.163602 4.678944 4.62111 -20.976023 2e-06 4e-06 -21.226288 2.451701 -3.593999 2e-06 -7e-06 -0.0 -1.362682 2.240798 -0.746322 -21.334917 0.584914 3.008327 -13.821216 -1e-06 2e-06 -23.887175 -0.249073 -0.839485 -59.509846 2.594563 -1.937589 -0.294025 1.679688 0.833255 -14.21821 0.093215 1.300583 -34.212051 -0.287556 0.967174 -20.033215 0.964541 1.212844 -1e-06 1e-06 1e-06 -3.440389 0.788233 0.501656 -15.928189 -3.167306 2.999711 -6.338825 0.0 3e-06 -18.123449 3.648186 -4.90567 -4e-06 1e-06 -3e-06 -1.691936 11.737691 8.638291 50.785862 25.991583 -13.938089 -175.592773 62.021267 -175.589615 -21.196182 -4.140559 22.015869 2.243541 -5.255035 -3.180156 14.282884 -0.826596 6.9525 -0.0 -12.690598 0.0 15.991822 -17.917158 3.157442 1.665665 -1.955921 -2.878298 4.727797 -4.170585 4.993923 11.020519 1e-06 -0.0 12.109043 -3.735715 -2.866783 -1e-06 -1e-06 -1e-06 1.291985 -1.928549 -1.498088 14.800118 0.567466 3.865609 14.242562 -1.341738 -6.660656 19.631952 0.143922 -0.648246 50.605648 -1.224126 -5.948704 0.353029 -1.51115 -0.031941 20.222778 3.684306 2.316628 18.78726 2e-06 0.0 10.751621 -0.47987 1.397905 2e-06 1e-06 -1e-06 3.273804 0.305946 -0.580109 21.486797 11.830364 2.266134 8.162921 -1e-06 -2e-06 18.399075 -3.798986 -4.940575 3e-06 -0.0 -2e-06 8.268688 7.446668 -48.449856 0.2779 0.799872 143.782608 2.439224 -23.304039 -36.289955 2.013796 -1.285577 -34.857494 -1e-06 -0.0 2e-06 -9.337773 -2.606118 -32.105839 0.768414 2.015259 128.688095 12.670961 -3.989643 -23.556828 -1.523508 0.876611 -19.085663 0.0 1e-06 -1e-06 
0.0 0.0 0.0 0.0 -0.0 0.0 13.438927 46.849766 42.561535 -8.514892 -1.269466 22.070343 1.901664 -0.877614 14.821531 0.897873 -0.128192 1.546755 4.428378 -1.742714 20.967056 2.735627 1.200348 3.322332 0.202209 4.105115 -3.752486 -5.858969 3.872871 -15.46736 7.7e-05 -2.2e-05 7e-06 0.103042 -0.128826 -0.128717 0.835357 -3.734574 -10.654192 -0.631653 3.485656 -10.701501 1.230685 -8.323513 11.412053 -42.229958 -17.607576 -39.450027 -177.244537 -60.087791 177.029419 7.689296 -8.409412 27.249853 -5.8821 9.861279 0.702591 -10.936863 -0.360576 7.1562 -0.0 8.774822 -2e-06 -16.879549 18.570694 4.693814 -1.844031 2.498504 -2.507275 -10.163592 4.67894 4.621106 -20.976009 -6e-06 3e-06 -21.226273 2.451694 -3.593996 3e-06 -6e-06 -0.0 -1.36268 2.240796 -0.746323 -21.3349 0.584905 3.00832 -13.8212 -6e-06 4e-06 -23.887152 -0.249082 -0.83948 -59.745441 2.523596 -1.782702 -0.294024 1.679686 0.833256 -14.218198 0.09321 1.300579 -34.212021 -0.287568 0.967173 -20.033197 0.964534 1.212844 1e-06 -1e-06 -0.0 -3.440386 0.788232 0.501654 -15.928174 -3.16731 2.999705 -6.338821 -3e-06 3e-06 -18.123428 3.648179 -4.905664 -5e-06 -1e-06 -2e-06 -2.610514 12.505844 7.632484 49.450424 30.538513 -19.747705 -174.774933 62.929108 -174.752487 -22.408066 -3.380606 23.145508 2.24354 -5.255034 -3.180157 14.282887 -0.826591 6.952498 -6e-06 -12.6906 2e-06 15.967825 -17.622576 3.026137 1.665666 -1.95592 -2.878298 4.727798 -4.170585 4.993925 11.020526 5e-06 -1e-06 12.109052 -3.735713 -2.866781 -1e-06 1e-06 -1e-06 1.291985 -1.928548 -1.498089 14.800127 0.567471 3.865608 14.242571 -1.341733 -6.660655 19.631968 0.143928 -0.648242 50.445164 -1.139114 -5.85113 0.353029 -1.51115 -0.031939 20.222788 3.684313 2.31663 18.78727 8e-06 2e-06 10.751627 -0.479869 1.397907 -0.0 1e-06 -1e-06 3.273806 0.305948 -0.580111 21.486814 11.830377 2.266131 8.162925 3e-06 1e-06 18.399076 -3.798982 -4.940569 3e-06 -1e-06 -1e-06 8.154577 5.679927 -50.615932 0.181674 0.733949 143.784897 1.58404 -27.34531 -34.764301 2.049847 -1.326784 -34.217323 -1e-06 0.0 -0.0 -10.564405 -2.955571 -33.374653 0.88103 2.159005 127.206673 12.382877 -4.57964 -21.742081 -1.548011 0.864965 -18.728489 0.0 0.0 -1e-06 
0.0 0.0 0.0 0.0 -0.0 0.0 14.023538 46.720871 44.665691 -8.571424 -1.699201 25.049198 1.799672 -0.801182 14.904637 0.819379 0.159447 1.828425 3.683867 -1.600754 21.270748 2.090184 1.326162 0.631987 -0.119684 3.78273 -3.787979 -5.026672 3.367851 -15.917264 7.7e-05 -2.2e-05 7e-06 0.062842 -0.096586 -0.150843 0.795322 -3.703266 -10.66041 -0.670288 3.517832 -10.709051 0.365241 -9.581109 10.801142 -39.336468 -19.26433 -45.574291 -176.44104 -62.008289 176.19191 7.000471 -9.726388 26.95466 -5.882102 9.861281 0.702589 -10.936862 -0.360576 7.1562 -0.0 8.774821 -2e-06 -17.202114 18.593309 4.462129 -1.84403 2.498503 -2.507277 -10.163591 4.67894 4.621104 -20.976006 -4e-06 2e-06 -21.226271 2.451695 -3.593998 1e-06 -7e-06 -0.0 -1.36268 2.240798 -0.746321 -21.334896 0.584909 3.00832 -13.8212 -5e-06 3e-06 -23.887152 -0.24908 -0.83948 -60.052376 2.610765 -1.696774 -0.294024 1.679687 0.833256 -14.218195 0.093214 1.30058 -34.212017 -0.287561 0.96717 -20.033195 0.964536 1.212843 -0.0 1e-06 -1e-06 -3.440385 0.788233 0.501655 -15.928172 -3.167309 2.999705 -6.338819 -2e-06 2e-06 -18.123436 3.648179 -4.905667 -7e-06 -1e-06 -3e-06 -2.765225 13.415989 6.769918 46.878735 33.311729 -25.135096 -174.692947 64.237717 -174.428467 -22.624269 -2.079947 24.356831 2.243537 -5.255028 -3.180151 14.282866 -0.826593 6.952487 -3e-06 -12.690582 1e-06 16.21307 -17.474335 2.78496 1.665664 -1.955918 -2.878295 4.727789 -4.17058 4.993915 11.020507 3e-06 1e-06 12.10903 -3.735711 -2.866779 -0.0 -0.0 1e-06 1.291984 -1.928546 -1.498087 14.800105 0.567468 3.8656 14.242547 -1.341734 -6.660647 19.631935 0.143928 -0.648243 50.50769 -1.106612 -5.819803 0.353028 -1.511148 -0.031941 20.222754 3.684305 2.316624 18.787237 6e-06 -2e-06 10.751607 -0.479867 1.397904 -1e-06 1e-06 -0.0 3.273801 0.305947 -0.580109 21.486774 11.830357 2.266127 8.162912 3e-06 -1e-06 18.399052 -3.798977 -4.940566 4e-06 0.0 -1e-06 7.707002 4.192276 -53.195812 0.189572 0.714025 143.564514 0.943967 -30.11412 -33.835087 2.026486 -1.37335 -32.155167 -0.0 -1e-06 3e-06 -11.927155 -4.311814 -34.569817 1.041765 2.489506 125.004524 11.742687 -5.111192 -19.469906 -1.54817 0.851443 -17.811281 0.0 0.0 -1e-06 
0.0 0.0 0.0 0.0 -0.0 0.0 14.582125 46.663494 46.770962 -8.635514 -1.894579 28.370075 1.757919 -0.708363 14.954978 0.712562 0.465138 2.133949 3.0967 -1.468444 21.574764 1.546335 1.427507 -1.906302 -0.447227 3.376459 -3.853803 -4.25478 2.851647 -15.977431 7.7e-05 -2.2e-05 8e-06 0.043774 -0.08202 -0.180217 0.772816 -3.682652 -10.678704 -0.683366 3.524026 -10.723203 -0.156836 -10.856552 9.989569 -36.238277 -21.172235 -51.231457 -175.994263 -62.656357 175.853989 4.751574 -12.197833 25.579546 -5.8821 9.861276 0.702592 -10.936861 -0.360574 7.156199 1e-06 8.774817 1e-06 -17.451839 18.701862 4.268437 -1.84403 2.498502 -2.507275 -10.163589 4.67894 4.621107 -20.976004 -2e-06 3e-06 -21.226267 2.451694 -3.593997 0.0 -6e-06 -0.0 -1.36268 2.240797 -0.746321 -21.334892 0.584909 3.008324 -13.821197 -3e-06 3e-06 -23.887144 -0.249075 -0.839482 -60.520393 2.789249 -1.788869 -0.294024 1.679687 0.833254 -14.218194 0.093216 1.300581 -34.212009 -0.287563 0.967169 -20.033194 0.964537 1.212841 -0.0 1e-06 -1e-06 -3.440385 0.788233 0.501655 -15.928172 -3.167306 2.999706 -6.338821 0.0 2e-06 -18.123428 3.64818 -4.905664 -5e-06 1e-06 -3e-06 -2.532413 14.286653 6.045013 43.88335 34.191418 -30.004932 -175.01059 65.041985 -174.489563 -22.082863 -0.348802 25.408876 2.243539 -5.255033 -3.180155 14.28288 -0.826593 6.952495 -2e-06 -12.690595 0.0 16.51679 -17.403122 2.545162 1.665665 -1.95592 -2.878297 4.727795 -4.170584 4.993919 11.020517 3e-06 0.0 12.109043 -3.735712 -2.866781 -0.0 -1e-06 3e-06 1.291985 -1.928548 -1.498089 14.800117 0.567468 3.865602 14.242563 -1.341735 -6.660655 19.631952 0.143926 -0.648243 50.701572 -1.027871 -5.842861 0.353029 -1.511149 -0.03194 20.222776 3.684307 2.316625 18.787262 5e-06 -1e-06 10.75162 -0.479868 1.397906 -3e-06 0.0 1e-06 3.273804 0.305947 -0.58011 21.486794 11.830365 2.26613 8.16292 1e-06 1e-06 18.399071 -3.79898 -4.940573 3e-06 -1e-06 -1e-06 7.103621 2.913777 -56.054359 0.293819 0.731629 143.319504 0.371836 -31.401836 -33.033146 1.969278 -1.386441 -30.307968 1e-06 -0.0 3e-06 -13.058422 -6.174935 -35.891369 1.192446 2.957242 122.640991 10.955886 -5.509173 -16.960808 -1.523372 0.858123 -16.570539 0.0 -0.0 -0.0 
0.0 0.0 0.0 0.0 -0.0 0.0 15.084446 46.418579 48.852783 -8.981474 -2.083178 32.061489 1.770468 -0.624186 15.059013 0.570329 0.872607 2.414282 2.703007 -1.244707 21.832258 0.954485 1.52414 -4.102672 -0.584704 2.938034 -3.916065 -3.683768 2.375708 -15.788908 7.7e-05 -2.2e-05 6e-06 0.029896 -0.068853 -0.191675 0.758711 -3.664575 -10.718223 -0.695323 3.531814 -10.763969 -0.219801 -11.884924 8.992349 -33.136845 -22.770224 -56.802887 -176.564102 -61.66254 176.603882 1.469855 -15.698712 23.484818 -5.882102 9.86128 0.702589 -10.936864 -0.360574 7.156198 1e-06 8.774818 -1e-06 -17.663944 18.886694 4.153022 -1.844031 2.498503 -2.507277 -10.163592 4.678942 4.621102 -20.976007 -5e-06 -1e-06 -21.226271 2.451696 -3.593999 -1e-06 -8e-06 -2e-06 -1.362681 2.240797 -0.746323 -21.334898 0.584907 3.008316 -13.821203 -4e-06 -2e-06 -23.887154 -0.249084 -0.839484 -61.260944 2.959393 -2.043709 -0.294025 1.679685 0.833253 -14.218199 0.093215 1.300576 -34.212029 -0.287569 0.967166 -20.033201 0.964533 1.212841 -1e-06 3e-06 -0.0 -3.440387 0.788233 0.501655 -15.928176 -3.167308 2.999702 -6.338822 -1e-06 -0.0 -18.123436 3.64818 -4.905669 -4e-06 1e-06 -3e-06 -2.272394 14.891218 5.40754 41.561279 33.696796 -34.466553 -175.50029 64.96991 -174.680908 -21.375536 1.204999 25.976658 2.243538 -5.25503 -3.180154 14.282871 -0.826593 6.952492 -2e-06 -12.690588 1e-06 16.541903 -17.311724 2.461195 1.665664 -1.955919 -2.878295 4.727792 -4.170582 4.993917 11.020511 3e-06 -1e-06 12.109035 -3.73571 -2.866783 -0.0 -0.0 2e-06 1.291984 -1.928547 -1.498088 14.800108 0.567468 3.865602 14.242555 -1.341734 -6.66065 19.631941 0.143927 -0.648246 50.67836 -0.831084 -5.780535 0.353029 -1.511149 -0.031939 20.222765 3.684305 2.316628 18.787249 5e-06 -0.0 10.751612 -0.479869 1.397904 -1e-06 0.0 0.0 3.273802 0.305946 -0.580111 21.48678 11.830358 2.266128 8.162914 1e-06 1e-06 18.399054 -3.79898 -4.940569 3e-06 0.0 -1e-06 6.651182 1.639949 -59.148052 0.448841 0.82437 143.40979 -0.335808 -31.414379 -32.013359 1.89488 -1.374586 -28.755196 0.0 0.0 2e-06 -13.771816 -7.977686 -37.536205 1.345309 3.396533 120.550133 10.237055 -5.842791 -14.148587 -1.49875 0.901355 -14.482822 0.0 -0.0 -1e-06 
0.0 0.0 0.0 0.0 -0.0 0.0 15.516356 45.794571 50.946915 -9.715118 -2.482874 36.1287 1.767769 -0.460901 15.239592 0.438479 1.251937 2.611892 2.486064 -0.893716 22.050854 0.344595 1.642722 -5.758311 -0.703377 2.647417 -3.960101 -3.231293 1.853092 -15.558003 7.7e-05 -2.2e-05 6e-06 -0.004379 -0.038134 -0.182171 0.731615 -3.614758 -10.740971 -0.736341 3.544541 -10.786434 0.173869 -12.451968 7.799967 -30.358732 -23.55974 -62.708534 -177.799377 -59.228764 177.98111 -1.728119 -19.972141 21.175142 -5.882107 9.86128 0.702586 -10.936871 -0.360573 7.156198 -0.0 8.774821 -1e-06 -17.934404 19.018923 4.13767 -1.844033 2.498502 -2.507277 -10.163597 4.678944 4.621102 -20.976021 0.0 -4e-06 -21.226284 2.451695 -3.594006 -1e-06 -6e-06 -3e-06 -1.362681 2.240797 -0.746323 -21.334911 0.584912 3.008313 -13.821213 -0.0 -1e-06 -23.887169 -0.24908 -0.83949 -62.384987 2.966275 -2.350115 -0.294026 1.679687 0.833255 -14.218205 0.093218 1.300574 -34.212048 -0.287565 0.967157 -20.033211 0.964533 1.212834 -0.0 0.0 -1e-06 -3.440389 0.788234 0.501654 -15.928183 -3.167304 2.999701 -6.338825 -0.0 -2e-06 -18.123446 3.648181 -4.905676 -5e-06 1e-06 -3e-06 -2.142058 15.193474 4.915596 40.352921 32.38739 -38.948761 -176.345978 64.001259 -175.128571 -20.760765 1.932584 26.142756 2.243543 -5.255036 -3.180159 14.282887 -0.8266 6.952501 1e-06 -12.690603 3e-06 16.416576 -17.240145 2.463831 1.665666 -1.955922 -2.878296 4.727798 -4.170589 4.993923 11.020526 -1e-06 -3e-06 12.109053 -3.735718 -2.866787 -1e-06 0.0 0.0 1.291986 -1.92855 -1.498092 14.800125 0.567464 3.865605 14.24257 -1.34174 -6.660659 19.631962 0.143922 -0.648249 50.44252 -0.529305 -5.685684 0.353029 -1.51115 -0.031939 20.222788 3.684303 2.316625 18.78727 -0.0 -6e-06 10.75163 -0.479871 1.397903 -1e-06 -0.0 -0.0 3.273806 0.305946 -0.580112 21.486805 11.830366 2.266129 8.162927 0.0 -1e-06 18.39908 -3.798988 -4.940578 3e-06 0.0 -0.0 6.287724 0.293705 -62.330215 0.632508 1.039331 144.062561 -1.028726 -30.398178 -31.28014 1.837974 -1.359949 -26.403593 0.0 0.0 3e-06 -13.969082 -9.474555 -39.688061 1.472202 3.647583 118.675552 9.578496 -6.751792 -11.669576 -1.514808 0.971855 -12.650958 0.0 -0.0 -1e-06 
0.0 0.0 0.0 0.0 -0.0 0.0 15.951935 44.869377 53.160721 -10.633136 -3.051552 40.501492 1.704496 -0.286662 15.370798 0.306394 1.54109 2.719232 2.40177 -0.500885 22.215536 -0.221884 1.726368 -6.998787 -0.924978 2.485071 -3.972748 -2.757671 1.288846 -15.372618 7.7e-05 -2.3e-05 7e-06 -0.052039 -0.006385 -0.172189 0.69845 -3.552035 -10.738432 -0.798142 3.546591 -10.774343 0.792681 -12.648638 6.513914 -27.93569 -23.38929 -69.593956 -178.75444 -56.299969 179.068512 -4.369868 -25.131893 18.435154 -5.882103 9.861277 0.702592 -10.936863 -0.360572 7.156202 -0.0 8.774818 1e-06 -18.284748 19.050524 4.115128 -1.84403 2.498502 -2.507276 -10.163592 4.678942 4.621108 -20.976007 1e-06 6e-06 -21.226273 2.451698 -3.593996 -2e-06 -6e-06 -1e-06 -1.36268 2.240796 -0.746324 -21.334896 0.584912 3.008323 -13.821201 -2e-06 5e-06 -23.88715 -0.249075 -0.839482 -63.575901 2.861362 -2.588836 -0.294025 1.679683 0.833254 -14.218197 0.093216 1.300581 -34.212029 -0.287561 0.967174 -20.033199 0.964538 1.212843 -0.0 1e-06 -0.0 -3.440387 0.788236 0.501656 -15.928176 -3.167304 2.999706 -6.338823 -1e-06 3e-06 -18.12344 3.64818 -4.905664 -3e-06 -2e-06 -1e-06 -1.878496 15.434269 4.64644 40.035244 30.438923 -43.367802 -177.159058 62.203823 -175.489655 -19.777685 2.194067 25.965784 2.24354 -5.255031 -3.180154 14.282875 -0.826595 6.952491 -1e-06 -12.690592 1e-06 16.388834 -17.236469 2.454381 1.665665 -1.955919 -2.878295 4.727794 -4.170583 4.993918 11.020514 1e-06 -2e-06 12.10904 -3.735712 -2.866781 0.0 0.0 0.0 1.291985 -1.928547 -1.498088 14.800114 0.567466 3.865602 14.242558 -1.341736 -6.660649 19.631945 0.143925 -0.648246 50.390312 -0.221852 -5.576918 0.353029 -1.511149 -0.031938 20.222769 3.684305 2.316625 18.787254 4e-06 -4e-06 10.751616 -0.479868 1.397902 0.0 -0.0 -0.0 3.273803 0.305946 -0.58011 21.486788 11.830359 2.266126 8.162918 1e-06 -1e-06 18.399059 -3.798982 -4.940571 2e-06 1e-06 -1e-06 5.687416 -1.268095 -65.531174 0.924074 1.460078 144.995667 -1.617984 -28.170496 -30.643869 1.824015 -1.329823 -24.232056 0.0 0.0 2e-06 -13.801683 -10.971202 -42.191193 1.567189 3.742338 116.91893 8.96858 -9.318392 -9.651006 -1.546236 1.032198 -11.194036 -0.0 1e-06 -1e-06 
0.0 0.0 0.0 0.0 -0.0 0.0 16.444592 43.82246 55.571568 -11.535066 -3.720484 45.066654 1.579225 -0.165547 15.457157 0.099538 1.823582 2.783748 2.403973 -0.214824 22.140457 -0.642269 1.726358 -8.076753 -1.239144 2.267421 -3.959535 -2.299212 0.720726 -15.485697 7.7e-05 -2.3e-05 4e-06 -0.098748 0.006474 -0.17196 0.667465 -3.522916 -10.75205 -0.859654 3.543855 -10.775544 1.60542 -12.520765 5.057856 -26.450939 -22.330702 -76.794884 -179.616623 -53.376202 179.970718 -5.646982 -30.545692 14.690909 -5.882104 9.861288 0.702588 -10.936868 -0.360574 7.156202 1e-06 8.774829 -1e-06 -18.532993 18.999575 4.184044 -1.844031 2.498506 -2.50728 -10.163598 4.678945 4.621106 -20.976023 -7e-06 -1e-06 -21.22629 2.451695 -3.594005 -1e-06 -5e-06 0.0 -1.362681 2.2408 -0.746324 -21.334913 0.584908 3.00832 -13.821213 -6e-06 1e-06 -23.887169 -0.24908 -0.839484 -64.60479 2.785991 -2.70681 -0.294024 1.679688 0.833257 -14.218206 0.093214 1.300577 -34.212048 -0.287566 0.967168 -20.033209 0.964534 1.212842 0.0 -0.0 2e-06 -3.440388 0.788233 0.501656 -15.928185 -3.167312 2.999707 -6.338826 -0.0 -0.0 -18.123444 3.648182 -4.905673 -4e-06 -2e-06 -2e-06 -1.542506 15.708353 4.358577 40.780491 28.111561 -47.379864 -177.787918 59.48769 -175.810257 -18.91873 2.602567 25.068876 2.243541 -5.255037 -3.180157 14.282892 -0.826593 6.952503 -3e-06 -12.690607 -1e-06 16.378132 -17.244759 2.479255 1.665666 -1.955922 -2.878299 4.7278 -4.170588 4.993923 11.020527 3e-06 0.0 12.109052 -3.735717 -2.866784 -0.0 1e-06 -0.0 1.291986 -1.92855 -1.498091 14.800129 0.567469 3.865609 14.242573 -1.341736 -6.660658 19.631971 0.143926 -0.648241 50.638126 -0.046189 -5.464318 0.353029 -1.511151 -0.03194 20.22279 3.684311 2.316633 18.78727 5e-06 2e-06 10.75163 -0.479869 1.397908 -0.0 1e-06 -0.0 3.273807 0.305947 -0.580111 21.486814 11.830377 2.266136 8.162929 2e-06 0.0 18.399084 -3.798985 -4.940574 1e-06 1e-06 -1e-06 4.920832 -3.088863 -68.599457 1.350766 2.060713 145.552063 -2.026361 -25.64521 -29.866583 1.83609 -1.303577 -22.450409 -1e-06 -0.0 2e-06 -13.488181 -12.695931 -44.821735 1.663993 3.830171 115.289261 8.41802 -12.920098 -7.828319 -1.584491 1.056235 -9.736293 -0.0 1e-06 -0.0 
0.0 0.0 0.0 0.0 -0.0 0.0 16.955713 42.727451 58.065659 -12.27766 -4.34946 49.936871 1.436727 -0.046441 15.457543 -0.209617 1.984147 2.864291 2.470627 -0.011199 21.595985 -0.853827 1.685691 -9.012562 -1.492054 1.745248 -3.890658 -1.950575 0.053053 -15.893982 7.7e-05 -2.3e-05 4e-06 -0.131174 -0.002458 -0.176032 0.641695 -3.530128 -10.755419 -0.897246 3.532383 -10.774654 2.6992 -12.03433 3.52704 -26.304426 -20.830433 -83.912331 179.821472 -50.58392 -179.47731 -5.072792 -35.805405 9.821374 -5.882103 9.861281 0.702591 -10.936865 -0.360573 7.156201 0.0 8.77482 0.0 -18.796284 18.815872 4.266494 -1.844032 2.498504 -2.507276 -10.163594 4.678945 4.621107 -20.976009 -1e-06 2e-06 -21.226271 2.451698 -3.593997 0.0 -6e-06 -2e-06 -1.362681 2.240794 -0.746323 -21.3349 0.584911 3.008323 -13.821205 -2e-06 3e-06 -23.887154 -0.249075 -0.839481 -65.510803 2.801299 -2.7584 -0.294026 1.679687 0.833256 -14.218199 0.093215 1.300581 -34.212021 -0.287561 0.96717 -20.033201 0.964538 1.212842 -0.0 -1e-06 -1e-06 -3.440387 0.788233 0.501656 -15.928176 -3.167307 2.999706 -6.338822 2e-06 2e-06 -18.123436 3.648183 -4.905667 -5e-06 1e-06 -3e-06 -1.221468 15.78874 3.841853 42.965843 25.520891 -50.729534 -178.287689 56.091118 -176.159546 -18.427734 3.110541 23.111504 2.243541 -5.255035 -3.180157 14.282887 -0.826594 6.9525 -4e-06 -12.690603 1e-06 16.220751 -17.144352 2.493874 1.665666 -1.955921 -2.878298 4.727797 -4.170587 4.993921 11.020522 5e-06 -2e-06 12.109048 -3.735713 -2.866782 0.0 -0.0 0.0 1.291985 -1.928549 -1.498089 14.800122 0.56747 3.865605 14.242569 -1.341735 -6.660656 19.631958 0.143928 -0.648245 50.884071 -0.042848 -5.405679 0.353029 -1.511151 -0.031941 20.222786 3.684312 2.316629 18.78727 7e-06 -2e-06 10.751623 -0.479868 1.397907 0.0 0.0 0.0 3.273806 0.305948 -0.580111 21.486809 11.830377 2.266132 8.162927 3e-06 -1e-06 18.399078 -3.798982 -4.940575 2e-06 -0.0 -1e-06 4.268176 -5.325483 -71.640625 1.985506 2.702011 145.423065 -2.104735 -23.958683 -28.92717 1.797379 -1.299087 -19.551184 -0.0 2e-06 3e-06 -12.882419 -14.728645 -47.524612 1.69168 4.03284 113.546448 7.998276 -16.86441 -5.874239 -1.603719 1.078693 -7.966621 0.0 0.0 -1e-06 
0.0 0.0 0.0 0.0 -0.0 0.0 17.399376 41.663136 60.724884 -12.705029 -4.787485 54.979431 1.300778 0.00117 15.397917 -0.563071 1.979881 2.90446 2.579767 0.040581 20.569458 -0.864912 1.566733 -9.584477 -1.612529 0.836767 -3.810763 -1.673094 -0.716027 -16.408817 7.7e-05 -2.2e-05 6e-06 -0.11673 -0.038583 -0.195939 0.65362 -3.554874 -10.709829 -0.877807 3.483049 -10.720523 3.97382 -11.199362 2.214084 -27.597599 -19.148773 -90.407997 179.027954 -48.18198 -179.146286 -2.831319 -41.518929 4.588755 -5.882103 9.861278 0.702593 -10.936865 -0.360572 7.156202 1e-06 8.77482 0.0 -19.056015 18.568701 4.365368 -1.844028 2.498503 -2.507275 -10.163595 4.678943 4.621109 -20.976009 -1e-06 7e-06 -21.226271 2.451698 -3.593992 1e-06 -5e-06 -1e-06 -1.362679 2.240797 -0.746321 -21.334904 0.584911 3.008325 -13.821205 -2e-06 6e-06 -23.887157 -0.249073 -0.839478 -66.610855 3.023243 -2.924003 -0.294025 1.679687 0.833256 -14.218203 0.093216 1.300583 -34.212032 -0.287557 0.967176 -20.033201 0.964541 1.212844 0.0 -1e-06 -1e-06 -3.440387 0.788234 0.501656 -15.928177 -3.167307 2.999707 -6.338822 -1e-06 3e-06 -18.123436 3.648183 -4.905662 -4e-06 -2e-06 -2e-06 -0.773286 15.421982 3.149877 46.729946 22.90749 -53.264881 -178.935471 52.536674 -176.806381 -18.109802 3.902858 20.234463 2.243539 -5.255031 -3.180155 14.282871 -0.826593 6.952496 -5e-06 -12.690593 3e-06 16.226479 -17.194685 2.478942 1.665664 -1.95592 -2.878298 4.727792 -4.170584 4.99392 11.020512 5e-06 -3e-06 12.109035 -3.735709 -2.866782 1e-06 1e-06 -0.0 1.291983 -1.928548 -1.498088 14.800108 0.567469 3.865603 14.242555 -1.341735 -6.660654 19.631943 0.14393 -0.648247 51.196247 -0.147232 -5.395453 0.353028 -1.511149 -0.03194 20.222765 3.684307 2.316626 18.787251 6e-06 -2e-06 10.75161 -0.479867 1.397906 -2e-06 1e-06 1e-06 3.273802 0.305947 -0.58011 21.486788 11.830363 2.266127 8.162918 2e-06 -2e-06 18.399055 -3.798982 -4.940569 2e-06 0.0 -1e-06 3.911368 -8.131289 -74.548302 2.759589 3.361542 144.499725 -1.999248 -23.135218 -26.829733 1.725171 -1.266421 -16.806433 -0.0 2e-06 2e-06 -11.694366 -17.096992 -50.303402 1.6788 4.52308 111.503143 7.606074 -19.688896 -3.256526 -1.643994 1.128599 -6.584928 -0.0 0.0 -1e-06 
0.0 0.0 0.0 0.0 -0.0 0.0 17.883562 40.349422 63.638985 -13.066873 -5.238157 60.073051 1.165088 -0.013177 15.308972 -0.810558 1.787244 2.830463 2.618348 0.028109 19.224905 -0.861795 1.383146 -9.974928 -1.491888 -0.356148 -3.715768 -1.519715 -1.705855 -16.975697 7.7e-05 -2.3e-05 5e-06 -0.041704 -0.103513 -0.225493 0.730398 -3.605773 -10.665329 -0.802181 3.40387 -10.6727 5.129899 -10.054818 1.245317 -30.224957 -16.706478 -95.316513 177.433655 -46.185726 -178.784912 1.557537 -47.530533 -0.80348 -5.882101 9.861279 0.702589 -10.936863 -0.360576 7.1562 -1e-06 8.77482 -1e-06 -19.30472 18.196562 4.587076 -1.844031 2.498504 -2.507277 -10.163593 4.678942 4.621106 -20.976009 -4e-06 1e-06 -21.226273 2.451695 -3.593999 1e-06 -6e-06 1e-06 -1.362682 2.240797 -0.746323 -21.3349 0.584908 3.008322 -13.821205 -3e-06 2e-06 -23.887154 -0.249078 -0.839484 -67.590416 3.240377 -3.040553 -0.294023 1.679687 0.833255 -14.218195 0.093214 1.300579 -34.212021 -0.287564 0.96717 -20.033197 0.964535 1.212843 1e-06 -1e-06 -0.0 -3.440386 0.788233 0.501655 -15.928176 -3.167307 2.999706 -6.338822 -1e-06 1e-06 -18.123432 3.64818 -4.905667 -4e-06 -0.0 -1e-06 0.049344 14.335929 2.804157 51.493462 20.58836 -54.822021 -179.34845 48.801178 -177.346207 -17.834497 5.059519 16.907106 2.243539 -5.255031 -3.180153 14.282876 -0.826595 6.952496 -2e-06 -12.690591 2e-06 16.424278 -17.350574 2.459461 1.665664 -1.955919 -2.878296 4.727793 -4.170584 4.99392 11.020514 3e-06 -3e-06 12.10904 -3.735713 -2.866783 0.0 1e-06 1e-06 1.291984 -1.928547 -1.498088 14.800112 0.567467 3.865603 14.242557 -1.341736 -6.660651 19.631945 0.143925 -0.648245 51.347591 -0.287663 -5.434485 0.353029 -1.511149 -0.031939 20.222769 3.684305 2.316628 18.787252 3e-06 -1e-06 10.751616 -0.479868 1.397906 -1e-06 1e-06 1e-06 3.273804 0.305948 -0.580112 21.48679 11.830361 2.26613 8.162919 1e-06 -0.0 18.399061 -3.798983 -4.940571 3e-06 1e-06 -2e-06 3.847844 -11.583 -77.270729 3.711555 4.258008 143.071686 -2.411613 -21.904278 -23.470539 1.712438 -1.196332 -13.478095 -0.0 -1e-06 2e-06 -10.190043 -19.379993 -52.97406 1.651946 5.138493 109.240227 6.730085 -21.8836 -0.177022 -1.629809 1.241513 -5.165447 -0.0 -1e-06 -1e-06 
0.0 0.0 0.0 0.0 -0.0 0.0 18.488766 38.697327 66.685555 -13.925145 -5.908105 65.149895 0.931619 -0.013711 15.227389 -0.86631 1.447876 2.682117 2.685185 0.052928 17.810457 -0.862477 1.270364 -10.072747 -1.344895 -1.746934 -3.602056 -1.475541 -2.959855 -17.640242 7.7e-05 -2.3e-05 5e-06 0.041506 -0.163284 -0.260486 0.834771 -3.64569 -10.631499 -0.737635 3.323924 -10.641008 5.714076 -8.757579 0.452772 -33.872173 -12.369519 -98.144516 175.542252 -44.396187 -178.690262 8.311977 -52.778141 -5.854829 -5.882106 9.861281 0.70259 -10.936866 -0.360575 7.156202 -0.0 8.774822 -2e-06 -19.107922 17.689434 4.940678 -1.84403 2.498505 -2.507277 -10.163595 4.678943 4.621106 -20.976017 -3e-06 0.0 -21.22628 2.451698 -3.594001 1e-06 -7e-06 -0.0 -1.362681 2.240797 -0.746323 -21.334906 0.58491 3.008322 -13.821208 -1e-06 1e-06 -23.887159 -0.249079 -0.839484 -67.61602 3.241644 -2.992434 -0.294024 1.679687 0.833255 -14.218205 0.093216 1.30058 -34.212036 -0.287563 0.967167 -20.033205 0.964535 1.212841 1e-06 -0.0 0.0 -3.440388 0.788234 0.501656 -15.928181 -3.167307 2.999706 -6.338824 -0.0 1e-06 -18.123444 3.648181 -4.905671 -4e-06 -1e-06 -1e-06 1.317891 12.573559 2.926862 55.831875 19.025951 -55.460896 -179.235321 45.098392 -177.593445 -17.766764 6.767348 13.723494 2.243541 -5.25503 -3.180154 14.282876 -0.826598 6.952493 -0.0 -12.690589 2e-06 16.525711 -17.571241 2.545363 1.665665 -1.95592 -2.878295 4.727795 -4.170587 4.993918 11.020516 0.0 -2e-06 12.109044 -3.735714 -2.866782 0.0 -0.0 1e-06 1.291985 -1.928547 -1.498088 14.800117 0.567464 3.865602 14.24256 -1.341738 -6.660651 19.631948 0.143922 -0.648248 51.394569 -0.326011 -5.498264 0.353029 -1.511149 -0.031941 20.222771 3.684299 2.316625 18.78726 1e-06 -4e-06 10.751621 -0.47987 1.397902 -2e-06 1e-06 1e-06 3.273803 0.305947 -0.58011 21.486786 11.830356 2.266126 8.16292 -0.0 -4e-06 18.399069 -3.798984 -4.940575 3e-06 1e-06 -0.0 4.172589 -15.19635 -79.808029 4.80958 5.656734 140.960114 -3.658653 -19.470366 -19.740482 1.689769 -1.116552 -10.666025 -0.0 0.0 2e-06 -8.591419 -20.993708 -55.558437 1.677434 5.688123 106.320663 5.315931 -23.518312 3.088668 -1.55128 1.390203 -3.931515 -0.0 0.0 -2e-06 
0.0 0.0 0.0 0.0 -0.0 0.0 19.224634 36.789791 69.589996 -15.808292 -6.441045 70.543106 0.637227 0.11008 15.121617 -0.773506 1.064467 2.57141 3.041079 0.18066 16.430107 -0.836359 1.231264 -9.870278 -1.126366 -3.066925 -3.51532 -1.084723 -4.341605 -18.896833 7.6e-05 -2.2e-05 7e-06 0.087399 -0.178807 -0.271234 0.876374 -3.645945 -10.58552 -0.685246 3.291602 -10.576693 5.617037 -7.339001 -0.3095 -38.103256 -5.974663 -99.784142 174.854706 -42.987587 -179.518021 18.20178 -57.133896 -11.303061 -5.882102 9.861281 0.702589 -10.936865 -0.360575 7.156201 0.0 8.774823 -1e-06 -18.809805 17.123043 5.291163 -1.84403 2.498503 -2.507277 -10.163592 4.678943 4.621107 -20.976006 -7e-06 -0.0 -21.226271 2.451695 -3.593999 1e-06 -6e-06 -0.0 -1.362682 2.240797 -0.746323 -21.334904 0.584908 3.00832 -13.821206 -3e-06 1e-06 -23.887157 -0.249081 -0.839484 -67.426949 2.970728 -2.819825 -0.294022 1.679687 0.833256 -14.2182 0.093214 1.300578 -34.212032 -0.287567 0.967168 -20.033205 0.964534 1.212842 1e-06 0.0 -0.0 -3.440388 0.788233 0.501656 -15.928179 -3.167309 2.999705 -6.338823 -2e-06 1e-06 -18.12344 3.648179 -4.905669 -4e-06 -0.0 -2e-06 3.087695 10.694154 3.462375 58.087521 19.074669 -55.573338 -178.222229 42.264637 -177.397964 -17.63372 9.110902 11.00765 2.24354 -5.255035 -3.180156 14.282885 -0.826594 6.952503 -2e-06 -12.690601 -1e-06 16.485703 -17.634745 2.605237 1.665665 -1.95592 -2.878297 4.727798 -4.170586 4.993921 11.02052 3e-06 1e-06 12.109046 -3.735715 -2.866781 1e-06 -0.0 1e-06 1.291985 -1.928549 -1.498088 14.800122 0.567468 3.865608 14.242565 -1.341737 -6.660654 19.631954 0.143927 -0.648242 51.46262 -0.262738 -5.715289 0.353028 -1.511151 -0.031939 20.222786 3.684307 2.316633 18.78727 3e-06 3e-06 10.751623 -0.47987 1.397906 -1e-06 0.0 1e-06 3.273806 0.305947 -0.58011 21.486805 11.830372 2.266136 8.162926 1e-06 0.0 18.399076 -3.798986 -4.940571 3e-06 0.0 -1e-06 5.277011 -18.421904 -82.309868 6.07656 7.31404 138.023605 -5.706094 -16.337526 -16.597343 1.687833 -1.040923 -8.160775 -0.0 -0.0 2e-06 -6.473675 -21.768528 -58.384048 1.818098 6.050716 102.425957 3.803332 -24.431612 5.71892 -1.454677 1.535711 -3.426996 0.0 -1e-06 -3e-06 
0.0 0.0 0.0 0.0 -0.0 0.0 20.194374 35.159088 72.481323 -18.355165 -6.368248 75.849121 0.356957 0.279173 15.012856 -0.772699 0.747714 2.594602 3.832106 0.415902 15.466156 -0.270309 1.087858 -9.755254 -0.742921 -4.004099 -3.474138 -0.407378 -5.385297 -20.500851 7.7e-05 -2.4e-05 6e-06 0.10598 -0.194748 -0.261279 0.856919 -3.65836 -10.552333 -0.624624 3.272205 -10.529978 5.508832 -6.145228 -0.836076 -43.253563 1.527411 -100.992409 176.09491 -42.285522 178.262329 30.471083 -61.100754 -16.95182 -5.882108 9.861286 0.70259 -10.936871 -0.360575 7.156203 -1e-06 8.774824 -1e-06 -19.52417 17.068874 5.11178 -1.844033 2.498506 -2.507277 -10.163599 4.678946 4.621107 -20.976021 -2e-06 -1e-06 -21.226286 2.451697 -3.594002 1e-06 -6e-06 -0.0 -1.362682 2.240798 -0.746323 -21.334911 0.584911 3.00832 -13.821213 -2e-06 -0.0 -23.887165 -0.249077 -0.839487 -68.755615 2.570087 -2.737569 -0.294023 1.679687 0.833256 -14.218205 0.093217 1.300578 -34.212044 -0.287561 0.967164 -20.033209 0.964536 1.212839 -0.0 -1e-06 0.0 -3.440388 0.788233 0.501655 -15.928183 -3.167307 2.999705 -6.338825 -0.0 0.0 -18.123444 3.648185 -4.905672 -4e-06 0.0 -2e-06 5.154272 9.861523 4.128196 57.892918 20.587503 -56.235172 -176.411514 41.187965 -176.866638 -17.703516 11.998856 8.67212 2.24354 -5.255036 -3.180155 14.282887 -0.826594 6.952501 -4e-06 -12.6906 -1e-06 16.2369 -17.621567 2.704796 1.665665 -1.955922 -2.878297 4.727797 -4.170587 4.993923 11.020522 4e-06 -1e-06 12.109047 -3.735713 -2.866781 0.0 1e-06 2e-06 1.291985 -1.928549 -1.498089 14.800123 0.567469 3.865608 14.242566 -1.341736 -6.660656 19.631958 0.143927 -0.648243 51.603992 -0.158 -5.919352 0.353028 -1.51115 -0.031938 20.222786 3.68431 2.31663 18.787268 8e-06 1e-06 10.751623 -0.479868 1.397908 -2e-06 0.0 2e-06 3.273805 0.305946 -0.580109 21.486805 11.830372 2.266135 8.162924 2e-06 1e-06 18.399076 -3.798984 -4.940572 3e-06 -0.0 -2e-06 7.170612 -21.100851 -84.36396 7.357406 8.833024 134.133438 -8.340291 -12.821634 -14.555476 1.725115 -1.01541 -6.981739 0.0 -1e-06 3e-06 -3.824096 -22.120512 -61.480167 2.077607 6.321159 98.504929 3.127795 -24.621136 7.004797 -1.377242 1.596617 -3.316617 -0.0 0.0 -2e-06 
0.0 0.0 0.0 0.0 -0.0 0.0 21.519569 33.801311 75.519867 -21.178137 -5.80112 80.569893 0.241334 0.429526 14.849313 -0.764257 0.436557 2.593852 4.677257 0.831026 15.020747 0.795429 0.917677 -9.206306 -0.218172 -4.478839 -3.524007 0.252599 -5.919017 -21.899643 7.7e-05 -2.4e-05 6e-06 0.09847 -0.242303 -0.239425 0.77372 -3.689287 -10.493523 -0.551907 3.211897 -10.479094 5.822715 -5.032685 -0.780985 -50.593887 9.280055 -100.888832 178.809738 -42.002239 174.611649 43.411892 -64.789902 -20.432217 -5.8821 9.861281 0.702589 -10.936866 -0.360577 7.156201 1e-06 8.774821 -2e-06 -22.647818 17.973204 3.762596 -1.844029 2.498503 -2.507277 -10.163594 4.678941 4.621106 -20.976013 -4e-06 2e-06 -21.226273 2.451695 -3.593998 2e-06 -6e-06 -0.0 -1.362682 2.240797 -0.746323 -21.334904 0.584908 3.008322 -13.821208 -4e-06 2e-06 -23.887161 -0.249079 -0.839481 -72.675179 2.124589 -2.911464 -0.294024 1.679686 0.833255 -14.2182 0.093215 1.300579 -34.212032 -0.287565 0.96717 -20.033205 0.964535 1.212844 -0.0 0.0 0.0 -3.440388 0.788233 0.501655 -15.928179 -3.16731 2.999706 -6.338824 -2e-06 1e-06 -18.12344 3.648179 -4.905669 -4e-06 0.0 -2e-06 6.625909 10.248286 5.216792 56.525661 22.751591 -57.783772 -174.734406 42.163925 -176.50824 -18.159077 14.92144 7.065488 2.243541 -5.255037 -3.180158 14.282884 -0.826591 6.952499 -6e-06 -12.690601 2e-06 15.771626 -17.617701 2.80823 1.665665 -1.955921 -2.878299 4.727795 -4.170584 4.993922 11.02052 4e-06 -2e-06 12.109045 -3.73571 -2.866784 -1e-06 1e-06 0.0 1.291985 -1.928548 -1.498089 14.800122 0.567471 3.865605 14.242567 -1.341733 -6.660657 19.631958 0.143932 -0.648242 51.330433 -0.051766 -6.11105 0.353028 -1.511149 -0.031939 20.222784 3.684313 2.316629 18.787266 1.1e-05 -0.0 10.751623 -0.479867 1.397908 0.0 1e-06 0.0 3.273806 0.305947 -0.580111 21.486805 11.830376 2.26613 8.162924 3e-06 -1e-06 18.399071 -3.798981 -4.940572 3e-06 0.0 -1e-06 9.646827 -23.41065 -85.327545 8.51261 10.270322 129.484436 -10.821816 -9.989144 -13.634167 1.774011 -1.082798 -6.63338 -0.0 -1e-06 3e-06 -1.231527 -22.468622 -64.689949 2.440817 6.521601 95.364868 3.204769 -23.763094 7.325986 -1.370028 1.543874 -3.22869 -0.0 -1e-06 -2e-06 
0.0 0.0 0.0 0.0 -0.0 0.0 23.233791 32.377964 78.587379 -24.43034 -4.950813 84.226173 0.563316 0.544186 14.621436 -0.579474 0.294495 2.413824 5.301017 1.367919 14.973048 1.360887 0.769897 -7.55495 0.341811 -4.549392 -3.641373 1.133007 -6.190409 -23.053848 7.7e-05 -2.2e-05 6e-06 0.076194 -0.283487 -0.228057 0.616228 -3.701626 -10.375728 -0.436256 3.147286 -10.375585 6.078261 -3.385915 -0.088172 -60.680099 16.614494 -97.805725 -179.250961 -41.049492 171.186447 55.653786 -65.992149 -19.875513 -5.882101 9.861278 0.702588 -10.936863 -0.360574 7.1562 1e-06 8.774815 -1e-06 -30.26078 19.797272 0.202077 -1.84403 2.498502 -2.507277 -10.16359 4.67894 4.621106 -20.976007 -6e-06 1e-06 -21.226271 2.45169 -3.593998 0.0 -6e-06 1e-06 -1.362682 2.240796 -0.746323 -21.334898 0.584908 3.008321 -13.821205 -4e-06 2e-06 -23.887154 -0.249083 -0.839481 -79.620979 1.676678 -3.375173 -0.294023 1.679686 0.833255 -14.218199 0.093212 1.300579 -34.212032 -0.287569 0.967171 -20.033199 0.964535 1.212844 -1e-06 -0.0 -0.0 -3.440387 0.788233 0.501655 -15.928176 -3.167309 2.999705 -6.338821 -2e-06 1e-06 -18.12343 3.648176 -4.905666 -3e-06 -0.0 -2e-06 6.962481 11.440141 6.773639 55.264465 24.734133 -59.201374 -173.786667 44.869667 -176.235413 -18.156998 17.623672 5.704719 2.243541 -5.255034 -3.180156 14.282882 -0.826594 6.952497 -3e-06 -12.690595 1e-06 15.360001 -17.487371 2.762992 1.665665 -1.95592 -2.878297 4.727796 -4.170584 4.993921 11.020519 4e-06 -2e-06 12.109046 -3.735712 -2.866784 -2e-06 2e-06 1e-06 1.291985 -1.928548 -1.498088 14.800118 0.567467 3.865603 14.242565 -1.341735 -6.660655 19.631958 0.143927 -0.648248 50.953098 -0.123233 -6.24958 0.353029 -1.511149 -0.031939 20.222784 3.684308 2.316627 18.78726 7e-06 -3e-06 10.751623 -0.479869 1.397904 0.0 0.0 0.0 3.273805 0.305947 -0.580111 21.486801 11.830367 2.266129 8.162921 2e-06 -1e-06 18.399073 -3.798982 -4.940573 2e-06 0.0 -1e-06 12.463381 -25.525787 -84.394646 9.510087 12.137609 124.469765 -12.905149 -8.893952 -13.425364 1.747427 -1.182961 -5.230241 -0.0 -1e-06 3e-06 0.935354 -22.897039 -67.596001 2.827866 6.49693 93.224365 3.115555 -21.630585 7.589287 -1.438006 1.399616 -2.900431 0.0 0.0 0.0 
0.0 0.0 0.0 0.0 -0.0 0.0 25.172165 30.657833 81.465759 -28.337721 -4.311422 86.379501 1.308501 0.684192 14.218277 -0.35877 0.490004 2.077517 5.726422 2.06481 15.318677 0.76068 0.522947 -4.763669 0.702253 -4.350397 -3.762243 2.14943 -6.140129 -23.610775 7.7e-05 -2.2e-05 7e-06 0.014729 -0.281788 -0.229869 0.409188 -3.677939 -10.269848 -0.350361 3.130897 -10.236601 5.803352 -0.737433 1.148093 -71.638634 22.216434 -90.016289 179.215683 -38.541557 171.250763 61.751755 -55.850143 -12.777156 -5.882096 9.861269 0.70259 -10.936859 -0.360576 7.156197 2e-06 8.774815 -1e-06 -45.217453 22.00453 -7.523315 -1.844031 2.498502 -2.507274 -10.163589 4.678939 4.621103 -20.976004 -3e-06 5e-06 -21.226267 2.451693 -3.593991 -0.0 -4e-06 -1e-06 -1.362679 2.240792 -0.746322 -21.33489 0.584908 3.008322 -13.821198 -4e-06 5e-06 -23.887142 -0.249076 -0.839477 -88.407753 1.392586 -4.203737 -0.294025 1.679684 0.833255 -14.21819 0.093213 1.30058 -34.212013 -0.287567 0.967173 -20.033194 0.964535 1.212843 1e-06 1e-06 1e-06 -3.440384 0.78823 0.501655 -15.928168 -3.167306 2.999704 -6.338818 -2e-06 2e-06 -18.123425 3.648176 -4.905661 -3e-06 -1e-06 -1e-06 6.160195 12.990195 8.007345 55.436127 25.397255 -59.189457 -174.001312 48.435493 -176.013336 -16.954964 19.125908 3.516801 2.24354 -5.255029 -3.180154 14.282869 -0.826597 6.952494 -0.0 -12.690585 -0.0 15.432197 -17.201279 2.53949 1.665665 -1.955919 -2.878297 4.727792 -4.170584 4.993918 11.020511 2e-06 -3e-06 12.109036 -3.735712 -2.866781 1e-06 1e-06 1e-06 1.291984 -1.928548 -1.498088 14.800108 0.567466 3.865603 14.242554 -1.341733 -6.660652 19.631939 0.143925 -0.648247 51.000179 -0.358355 -6.282302 0.353029 -1.511149 -0.03194 20.222763 3.684301 2.316626 18.787249 1e-06 -2e-06 10.751616 -0.479869 1.397903 -2e-06 1e-06 1e-06 3.273802 0.305947 -0.58011 21.486782 11.830354 2.266129 8.162915 -0.0 1e-06 18.399055 -3.798982 -4.940571 2e-06 1e-06 -0.0 15.225769 -27.763544 -80.802727 10.479353 14.932643 118.229416 -14.731579 -9.619794 -12.667302 1.593312 -1.25053 -3.523002 -0.0 1e-06 3e-06 2.240461 -23.314371 -69.415588 3.164885 6.287212 91.652512 2.43527 -17.617422 8.96807 -1.546948 1.244796 -2.334409 0.0 -1e-06 -0.0 
0.0 0.0 0.0 0.0 -0.0 0.0 27.1779 28.860485 84.139427 -32.694248 -4.15458 87.089409 2.074211 0.934641 13.740868 -0.222402 0.820105 1.774291 6.237611 2.815747 15.913894 -0.594424 0.201168 -2.013129 0.956127 -3.916976 -3.828377 2.447865 -5.762951 -23.718031 7.7e-05 -2.3e-05 6e-06 -0.019232 -0.255451 -0.238286 0.261821 -3.656629 -10.210531 -0.270252 3.160756 -10.140685 5.165302 2.533667 2.5694 -80.62867 26.51527 -79.20018 176.46019 -35.745155 173.87561 65.242035 -18.317385 -2.634649 -5.882106 9.861284 0.702589 -10.936869 -0.360575 7.156205 0.0 8.774824 -2e-06 -57.472607 21.248077 -13.534929 -1.844032 2.498504 -2.507277 -10.163599 4.678944 4.621108 -20.976021 -2e-06 3e-06 -21.226282 2.451697 -3.593999 0.0 -6e-06 -1e-06 -1.362682 2.240798 -0.746323 -21.334911 0.58491 3.008323 -13.82121 -3e-06 3e-06 -23.887167 -0.249078 -0.839482 -94.818932 1.438399 -4.924365 -0.294024 1.679686 0.833256 -14.218203 0.093215 1.30058 -34.212036 -0.287563 0.96717 -20.033207 0.964537 1.212843 -1e-06 -0.0 -0.0 -3.440387 0.788233 0.501656 -15.928183 -3.167309 2.999707 -6.338825 -0.0 1e-06 -18.123444 3.648183 -4.905671 -3e-06 0.0 -1e-06 5.255341 14.694435 9.120868 57.072758 24.724482 -58.070747 -175.586456 52.11953 -176.671219 -14.757236 18.915775 -0.10269 2.24354 -5.255038 -3.180157 14.282892 -0.826592 6.952504 -4e-06 -12.690603 -2e-06 16.0854 -16.842781 2.248431 1.665666 -1.955923 -2.878298 4.7278 -4.170587 4.993922 11.020524 6e-06 1e-06 12.109048 -3.735714 -2.866781 -1e-06 -1e-06 0.0 1.291985 -1.928548 -1.498089 14.800131 0.56747 3.865608 14.24257 -1.341736 -6.660653 19.631968 0.143925 -0.648242 51.359234 -0.599966 -6.179044 0.353028 -1.51115 -0.031941 20.222794 3.684313 2.316633 18.787273 6e-06 2e-06 10.751627 -0.479868 1.397906 -1e-06 -0.0 -1e-06 3.273805 0.305946 -0.580111 21.486818 11.83038 2.266138 8.162927 3e-06 3e-06 18.399082 -3.798984 -4.940573 3e-06 -2e-06 -0.0 17.291609 -30.925028 -75.062912 11.329995 18.130766 110.427628 -16.750664 -10.354183 -10.709014 1.387934 -1.282691 -2.412103 -1e-06 -1e-06 3e-06 2.928244 -23.553219 -69.871529 3.35901 5.902522 90.774971 1.804801 -13.928794 11.482491 -1.587027 1.185883 -1.595386 0.0 0.0 -2e-06 
0.0 0.0 0.0 0.0 -0.0 0.0 29.083284 26.943583 86.54496 -37.043297 -4.186054 86.895569 2.573766 1.0334 13.259591 -0.085993 1.24568 1.474856 6.857741 3.407935 16.585369 -1.771312 0.224276 -0.212471 1.024834 -3.324289 -3.785336 2.196218 -5.144651 -23.595516 7.6e-05 -2.2e-05 6e-06 0.04642 -0.261045 -0.256089 0.270149 -3.67144 -10.141557 -0.149159 3.160092 -10.059508 5.106843 6.057261 4.043374 -86.927963 30.808876 -66.203629 173.182831 -33.977612 177.656158 70.2687 26.686155 9.23833 -5.882105 9.861284 0.702591 -10.936868 -0.360572 7.156202 -0.0 8.774823 2e-06 -46.476837 17.657364 -6.146111 -1.844032 2.498504 -2.507277 -10.163595 4.678946 4.621107 -20.976015 -5e-06 1e-06 -21.226278 2.451698 -3.594003 -0.0 -6e-06 0.0 -1.362681 2.240799 -0.746323 -21.334906 0.584914 3.00832 -13.821208 -1e-06 0.0 -23.887161 -0.249079 -0.839487 -91.209236 1.402799 -2.821264 -0.294024 1.679686 0.833256 -14.218202 0.093217 1.300579 -34.212036 -0.287563 0.967166 -20.033205 0.964536 1.212839 0.0 -1e-06 -0.0 -3.440388 0.788231 0.501655 -15.928179 -3.167305 2.999704 -6.338824 -1e-06 1e-06 -18.123444 3.648185 -4.905672 -3e-06 1e-06 -3e-06 5.082443 16.358681 10.985547 58.921291 23.50421 -55.936172 -177.132187 55.701996 -178.071945 -11.338514 16.914808 -3.803487 2.243541 -5.255033 -3.180155 14.282888 -0.826595 6.952501 -3e-06 -12.690597 0.0 16.985352 -16.61684 2.00783 1.665666 -1.95592 -2.878297 4.727795 -4.170587 4.993923 11.02052 5e-06 2e-06 12.109045 -3.735712 -2.86678 -1e-06 -2e-06 0.0 1.291985 -1.92855 -1.498089 14.800123 0.567469 3.865608 14.242566 -1.341737 -6.660651 19.631958 0.143926 -0.648241 51.423676 -0.759072 -6.250955 0.353029 -1.511149 -0.031941 20.222784 3.684307 2.316632 18.78727 5e-06 1e-06 10.751622 -0.479867 1.397905 -1e-06 1e-06 -1e-06 3.273806 0.305947 -0.580109 21.486807 11.830368 2.266134 8.162925 3e-06 1e-06 18.399076 -3.798983 -4.940571 4e-06 -1e-06 -3e-06 17.705278 -34.947094 -68.330994 11.933075 20.604166 102.199631 -19.057163 -10.172976 -8.815842 1.347569 -1.293069 -1.811555 -0.0 -1e-06 2e-06 3.208336 -23.74947 -69.164619 3.614622 5.506745 90.864128 1.474275 -11.17547 13.54452 -1.526246 1.3031 -0.830786 -1e-06 -0.0 -2e-06 
0.0 0.0 0.0 0.0 -0.0 0.0 30.66666 24.885595 88.56057 -40.941353 -3.867479 86.209442 3.066327 1.053737 12.878202 0.13961 1.554408 1.332562 7.426484 3.990818 17.018147 -2.443179 1.016916 0.90946 0.700788 -3.252868 -3.740058 1.551086 -4.429368 -22.845116 7.7e-05 -2.1e-05 6e-06 0.049975 -0.336789 -0.295441 0.316195 -3.799018 -10.205761 -0.193729 3.131787 -10.145999 6.393945 8.850416 5.286294 -90.97065 35.150921 -55.598518 170.835907 -34.411148 -178.880219 75.63221 47.169052 15.873007 -5.882102 9.861281 0.702591 -10.936868 -0.360575 7.156206 -0.0 8.774822 -1e-06 -35.213818 15.920895 -1.2456 -1.844031 2.498504 -2.507277 -10.163595 4.678944 4.621109 -20.976013 -4e-06 4e-06 -21.226273 2.451696 -3.593997 1e-06 -6e-06 -0.0 -1.362681 2.240797 -0.746323 -21.334906 0.58491 3.008325 -13.821208 -3e-06 2e-06 -23.887157 -0.249077 -0.839481 -83.642441 1.412346 -0.997023 -0.294025 1.679688 0.833255 -14.218204 0.093214 1.30058 -34.212036 -0.287563 0.967172 -20.033205 0.964537 1.212845 0.0 0.0 -2e-06 -3.440387 0.788233 0.501656 -15.928181 -3.167309 2.999709 -6.338824 -1e-06 2e-06 -18.12344 3.648181 -4.905668 -4e-06 -0.0 -2e-06 5.325067 17.65028 12.92923 60.288139 21.889393 -54.273216 179.6866 58.845345 179.357147 -6.846584 13.981701 -5.680057 2.243541 -5.255032 -3.180157 14.282881 -0.826595 6.9525 -1e-06 -12.690599 0.0 16.961975 -16.953405 2.266585 1.665666 -1.955921 -2.878298 4.727794 -4.170585 4.993923 11.020517 3e-06 -1e-06 12.109042 -3.735713 -2.866784 -1e-06 -1e-06 1e-06 1.291986 -1.928548 -1.498089 14.800118 0.567469 3.865608 14.242562 -1.341733 -6.660655 19.631952 0.143925 -0.648244 50.906929 -0.702628 -6.403518 0.353029 -1.51115 -0.03194 20.222778 3.684306 2.316629 18.787256 3e-06 0.0 10.751619 -0.479869 1.397906 0.0 0.0 -2e-06 3.273804 0.305947 -0.580109 21.486794 11.830363 2.266132 8.162919 1e-06 -0.0 18.399067 -3.798985 -4.940571 3e-06 1e-06 1e-06 16.258074 -38.470913 -61.123875 12.402686 22.556004 94.788246 -20.142408 -9.467999 -7.383881 1.397204 -1.215742 -2.22814 -0.0 -1e-06 2e-06 3.114362 -23.85877 -67.896004 4.00146 5.198233 91.965645 2.413907 -7.319271 14.981252 -1.460745 1.575297 -0.473535 -0.0 -0.0 -3e-06 
0.0 0.0 0.0 0.0 -0.0 0.0 32.209385 22.743464 90.367676 -44.232079 -2.911249 85.877113 3.592946 1.079762 12.451604 0.781514 1.442182 0.964572 8.238895 4.804328 17.486481 -3.678449 1.627385 1.226563 0.033957 -2.618596 -3.70017 2.85893 -4.337709 -23.690861 7.6e-05 -2.4e-05 6e-06 -0.084564 -0.283937 -0.324894 0.199911 -3.798675 -10.213889 -0.352975 3.23622 -10.106972 7.965771 10.743279 6.447369 -93.115456 38.288799 -49.363098 169.808121 -37.019123 -176.147446 80.161995 61.738121 20.406628 -5.882103 9.861279 0.702589 -10.936864 -0.360574 7.156201 -0.0 8.774817 -1e-06 -29.162056 14.449076 1.071552 -1.844031 2.498503 -2.507276 -10.163594 4.678942 4.621107 -20.976007 -2e-06 2e-06 -21.226273 2.451698 -3.593998 -1e-06 -5e-06 -1e-06 -1.36268 2.240796 -0.746323 -21.3349 0.584911 3.008323 -13.821203 -2e-06 2e-06 -23.887157 -0.249075 -0.839483 -77.973152 1.51892 -0.018528 -0.294025 1.679686 0.833256 -14.218199 0.093216 1.300581 -34.212032 -0.287559 0.967171 -20.033199 0.964539 1.212842 -0.0 -0.0 -0.0 -3.440387 0.788233 0.501656 -15.928176 -3.167305 2.999707 -6.338821 0.0 3e-06 -18.123436 3.648183 -4.905669 -5e-06 0.0 -2e-06 5.832358 18.395506 14.716191 60.526581 21.364532 -52.648598 176.55249 62.317909 177.212479 -2.259893 12.198765 -4.221819 2.243541 -5.255032 -3.180157 14.282874 -0.826592 6.952492 -1e-06 -12.690593 -1e-06 16.778021 -16.878048 2.697282 1.665665 -1.95592 -2.878297 4.727791 -4.170584 4.993917 11.020515 3e-06 -4e-06 12.10904 -3.735713 -2.866784 0.0 -0.0 1e-06 1.291983 -1.928549 -1.498088 14.800112 0.56747 3.865601 14.242559 -1.341734 -6.660653 19.631948 0.143928 -0.648247 50.669338 -0.802574 -6.48775 0.35303 -1.51115 -0.03194 20.222769 3.684307 2.316624 18.787251 7e-06 -2e-06 10.751615 -0.479868 1.397901 0.0 -0.0 1e-06 3.273803 0.305947 -0.580112 21.48679 11.830368 2.266129 8.162917 2e-06 -3e-06 18.399061 -3.79898 -4.940574 3e-06 1e-06 -1e-06 14.949044 -40.763344 -55.497639 12.748661 24.092405 88.624664 -20.721468 -9.030775 -5.464516 1.46291 -1.113538 -2.150496 0.0 -0.0 1e-06 3.506041 -23.427666 -67.477028 4.209799 4.78046 93.752876 4.561901 -3.047972 16.50601 -1.525058 1.722189 -0.02357 -0.0 1e-06 -2e-06 
0.0 0.0 0.0 0.0 -0.0 0.0 33.545773 22.003735 91.509865 -45.533451 -2.153036 85.602821 3.663328 1.11026 12.301403 0.851198 1.241965 0.783746 9.120901 5.2974 17.777267 -3.552823 1.672326 1.083069 -0.208686 -2.099246 -3.649762 3.063192 -3.849434 -24.307056 7.7e-05 -2.3e-05 6e-06 -0.229723 -0.311426 -0.336262 0.101178 -3.832418 -10.209912 -0.547199 3.222183 -10.129074 9.150844 10.18525 7.78904 -94.231087 38.075722 -46.812729 168.69487 -40.023964 -173.992111 83.972305 68.017967 24.353249 -5.882098 9.861276 0.702592 -10.936861 -0.360575 7.1562 0.0 8.774816 -1e-06 -26.92716 14.163828 1.993546 -1.84403 2.498502 -2.507275 -10.163589 4.678939 4.621105 -20.976002 -4e-06 6e-06 -21.226261 2.451694 -3.593992 -2e-06 -7e-06 1e-06 -1.36268 2.240796 -0.746323 -21.33489 0.584907 3.008323 -13.821199 -4e-06 4e-06 -23.887142 -0.249079 -0.839478 -75.702393 1.620081 -0.069543 -0.294025 1.679686 0.833254 -14.218194 0.093213 1.300582 -34.212013 -0.287562 0.967176 -20.033194 0.964536 1.212846 0.0 1e-06 -0.0 -3.440385 0.788232 0.501656 -15.92817 -3.167308 2.999707 -6.338821 -1e-06 1e-06 -18.123426 3.64818 -4.905664 -4e-06 -0.0 -1e-06 6.560282 19.362829 15.588923 60.001034 21.344358 -51.857834 176.599884 65.633736 176.51828 0.445276 11.345098 -1.303071 2.243538 -5.255032 -3.180155 14.282878 -0.826593 6.952498 -1e-06 -12.690591 1e-06 16.743937 -16.869677 2.901736 1.665665 -1.955919 -2.878296 4.727796 -4.170584 4.99392 11.020514 3e-06 -0.0 12.10904 -3.735713 -2.866779 -2e-06 0.0 -0.0 1.291985 -1.928548 -1.498088 14.800112 0.567466 3.865605 14.242557 -1.341735 -6.660648 19.631945 0.143925 -0.648243 50.658722 -0.88215 -6.595962 0.353031 -1.511149 -0.03194 20.222771 3.684305 2.316629 18.787254 5e-06 1e-06 10.751616 -0.479868 1.397907 -0.0 0.0 0.0 3.273802 0.305946 -0.58011 21.48679 11.830362 2.266131 8.162919 -1e-06 -1e-06 18.399063 -3.798983 -4.940569 3e-06 0.0 -3e-06 14.722264 -42.20866 -52.583748 13.356449 25.382343 84.129204 -21.151516 -7.154881 -4.513115 1.465747 -1.098611 -2.556806 -0.0 -1e-06 1e-06 4.646251 -22.792784 -68.06472 4.077863 4.287078 95.727112 6.547673 -0.893815 16.398771 -1.489488 1.767656 -0.039743 -0.0 -0.0 -4e-06 
0.0 0.0 0.0 0.0 -0.0 0.0 34.778088 21.925318 92.359299 -46.087345 -1.582821 85.303062 3.745915 1.191857 12.301657 0.938266 1.207229 0.646621 9.361158 5.654815 17.761839 -3.208042 1.552283 1.072788 0.159558 -1.481821 -3.736161 2.917937 -3.373709 -24.537718 7.6e-05 -2.4e-05 6e-06 -0.233595 -0.353423 -0.351542 0.07146 -3.871428 -10.208679 -0.528017 3.181045 -10.128479 10.295338 9.332338 9.06728 -95.422905 37.095806 -46.457981 168.003174 -43.254078 -172.346405 76.363091 70.847588 16.616104 -5.882102 9.861279 0.702591 -10.936866 -0.360575 7.156202 1e-06 8.774822 0.0 -25.893278 13.931065 2.192499 -1.844032 2.498504 -2.507276 -10.163594 4.678943 4.621107 -20.976013 -6e-06 2e-06 -21.226273 2.451694 -3.593999 -3e-06 -7e-06 0.0 -1.362681 2.240797 -0.746322 -21.3349 0.584909 3.00832 -13.821205 -3e-06 1e-06 -23.887154 -0.24908 -0.839483 -73.020027 1.490954 -0.275595 -0.294024 1.679686 0.833256 -14.2182 0.093214 1.300581 -34.212032 -0.287563 0.967171 -20.033201 0.964535 1.212843 0.0 0.0 -0.0 -3.440386 0.788233 0.501655 -15.928179 -3.167309 2.999707 -6.338824 -1e-06 1e-06 -18.123438 3.648181 -4.905667 -5e-06 -0.0 -1e-06 7.178915 19.44091 16.023758 59.768745 21.197607 -51.028069 178.099884 68.355446 177.503998 1.532568 11.081596 -0.830134 2.243538 -5.25503 -3.180154 14.282873 -0.826592 6.952497 -6e-06 -12.690593 2e-06 16.743872 -16.614243 3.066737 1.665664 -1.955918 -2.878296 4.727796 -4.170585 4.993919 11.020512 4e-06 -1e-06 12.109035 -3.735712 -2.866781 0.0 -0.0 -0.0 1.291983 -1.928548 -1.498088 14.800112 0.567468 3.865602 14.242556 -1.341735 -6.660651 19.631945 0.143927 -0.648243 50.409214 -1.029005 -6.596418 0.353026 -1.51115 -0.03194 20.222771 3.684307 2.316627 18.787251 5e-06 -2e-06 10.751616 -0.479867 1.397905 -0.0 0.0 1e-06 3.273803 0.305948 -0.58011 21.486788 11.830365 2.266129 8.162917 3e-06 0.0 18.399059 -3.798981 -4.940569 3e-06 -1e-06 -2e-06 15.102643 -43.06855 -50.777378 13.741927 26.631771 80.3032 -20.800728 -6.136088 -3.234707 1.469893 -1.141383 -3.256719 0.0 -1e-06 2e-06 5.933921 -22.032345 -68.63401 3.772142 3.743604 96.959229 8.052974 0.777126 17.036186 -1.548838 1.813095 -0.274705 -1e-06 0.0 -2e-06 
