HIERARCHY
ROOT Root
{
  OFFSET 0.0 0.0 0.0
  CHANNELS 6 Xposition Yposition Zposition Zrotation Yrotation Xrotation
  JOINT Hips
  {
    OFFSET 0.0 100.0 0.0
    CHANNELS 6 Xposition Yposition Zposition Zrotation Yrotation Xrotation
    JOINT Spine1
    {
      OFFSET -0.013727 5.003763 -0.053727
      CHANNELS 3 Zrotation Yrotation Xrotation
      JOINT Spine2
      {
        OFFSET -0.0 7.125301 -0.029825
        CHANNELS 3 Zrotation Yrotation Xrotation
        JOINT Chest
        {
          OFFSET -1e-06 7.550063 -0.815971
          CHANNELS 3 Zrotation Yrotation Xrotation
          JOINT Neck1
          {
            OFFSET -0.181677 26.311295 -0.553348
            CHANNELS 3 Zrotation Yrotation Xrotation
            JOINT Neck2
            {
              OFFSET -3e-06 7.709397 2.302585
              CHANNELS 3 Zrotation Yrotation Xrotation
              JOINT Head
              {
                OFFSET -5e-06 6.128916 1.953709
                CHANNELS 3 Zrotation Yrotation Xrotation
                JOINT HeadEnd
                {
                  OFFSET 0.003598 16.065403 -1.835379
                  CHANNELS 3 Zrotation Yrotation Xrotation
                }
                JOINT Jaw
                {
                  OFFSET 0.002637 0.475592 3.094941
                  CHANNELS 3 Zrotation Yrotation Xrotation
                }
                JOINT LeftEye
                {
                  OFFSET 3.206381 5.380205 7.586883
                  CHANNELS 3 Zrotation Yrotation Xrotation
                }
                JOINT RightEye
                {
                  OFFSET -3.22244 5.361869 7.558234
                  CHANNELS 3 Zrotation Yrotation Xrotation
                }
              }
            }
          }
          JOINT LeftShoulder
          {
            OFFSET 1.621652 23.237164 5.113413
            CHANNELS 3 Zrotation Yrotation Xrotation
            JOINT LeftArm
            {
              OFFSET 14.919846 2e-06 -5.502326
              CHANNELS 3 Zrotation Yrotation Xrotation
              JOINT LeftForeArm
              {
                OFFSET 28.739307 0.0 -0.002588
                CHANNELS 3 Zrotation Yrotation Xrotation
                JOINT LeftHand
                {
                  OFFSET 27.093981 -1e-06 0.002609
                  CHANNELS 3 Zrotation Yrotation Xrotation
                  JOINT LeftHandThumb1
                  {
                    OFFSET 2.276482 -1.392045 3.191413
                    CHANNELS 3 Zrotation Yrotation Xrotation
                    JOINT LeftHandThumb2
                    {
                      OFFSET 4.012836 -1.828127 1.641654
                      CHANNELS 3 Zrotation Yrotation Xrotation
                      JOINT LeftHandThumb3
                      {
                        OFFSET 2.798515 0.0 -3e-06
                        CHANNELS 3 Zrotation Yrotation Xrotation
                        JOINT LeftHandThumbEnd
                        {
                          OFFSET 3.180793 -4e-06 4e-06
                          CHANNELS 3 Zrotation Yrotation Xrotation
                        }
                      }
                    }
                  }
                  JOINT LeftHandIndex1
                  {
                    OFFSET 3.247555 -0.531998 2.296169
                    CHANNELS 3 Zrotation Yrotation Xrotation
                    JOINT LeftHandIndex2
                    {
                      OFFSET 6.364578 0.01206 0.1786
                      CHANNELS 3 Zrotation Yrotation Xrotation
                      JOINT LeftHandIndex3
                      {
                        OFFSET 3.662364 0.0 0.0
                        CHANNELS 3 Zrotation Yrotation Xrotation
                        JOINT LeftHandIndex4
                        {
                          OFFSET 2.329242 4e-06 4e-06
                          CHANNELS 3 Zrotation Yrotation Xrotation
                          JOINT LeftHandIndexEnd
                          {
                            OFFSET 2.759615 -0.180537 -0.113024
                            CHANNELS 3 Zrotation Yrotation Xrotation
                          }
                        }
                      }
                    }
                  }
                  JOINT LeftHandMiddle1
                  {
                    OFFSET 3.163495 0.240981 1.000332
                    CHANNELS 3 Zrotation Yrotation Xrotation
                    JOINT LeftHandMiddle2
                    {
                      OFFSET 6.19078 -0.259278 -1.002548
                      CHANNELS 3 Zrotation Yrotation Xrotation
                      JOINT LeftHandMiddle3
                      {
                        OFFSET 4.35652 -4e-06 -1e-06
                        CHANNELS 3 Zrotation Yrotation Xrotation
                        JOINT LeftHandMiddle4
                        {
                          OFFSET 2.996877 -8e-06 0.0
                          CHANNELS 3 Zrotation Yrotation Xrotation
                          JOINT LeftHandMiddleEnd
                          {
                            OFFSET 2.304287 -0.294569 -0.031741
                            CHANNELS 3 Zrotation Yrotation Xrotation
                          }
                        }
                      }
                    }
                  }
                  JOINT LeftHandRing1
                  {
                    OFFSET 2.882643 -0.053652 -0.322543
                    CHANNELS 3 Zrotation Yrotation Xrotation
                    JOINT LeftHandRing2
                    {
                      OFFSET 5.854541 -0.486202 -1.373841
                      CHANNELS 3 Zrotation Yrotation Xrotation
                      JOINT LeftHandRing3
                      {
                        OFFSET 4.350578 0.0 3e-06
                        CHANNELS 3 Zrotation Yrotation Xrotation
                        JOINT LeftHandRing4
                        {
                          OFFSET 2.651321 7e-06 2e-06
                          CHANNELS 3 Zrotation Yrotation Xrotation
                          JOINT LeftHandRingEnd
                          {
                            OFFSET 1.936105 0.077687 -7.1e-05
                            CHANNELS 3 Zrotation Yrotation Xrotation
                          }
                        }
                      }
                    }
                  }
                  JOINT LeftHandPinky1
                  {
                    OFFSET 2.8655 -0.310005 -1.600378
                    CHANNELS 3 Zrotation Yrotation Xrotation
                    JOINT LeftHandPinky2
                    {
                      OFFSET 5.087849 -1.331141 -1.77123
                      CHANNELS 3 Zrotation Yrotation Xrotation
                      JOINT LeftHandPinky3
                      {
                        OFFSET 3.070974 4e-06 0.0
                        CHANNELS 3 Zrotation Yrotation Xrotation
                        JOINT LeftHandPinky4
                        {
                          OFFSET 1.549672 0.0 1e-06
                          CHANNELS 3 Zrotation Yrotation Xrotation
                          JOINT LeftHandPinkyEnd
                          {
                            OFFSET 1.944893 -0.157802 0.057219
                            CHANNELS 3 Zrotation Yrotation Xrotation
                          }
                        }
                      }
                    }
                  }
                }
              }
            }
          }
          JOINT RightShoulder
          {
            OFFSET -1.380118 23.180309 5.214158
            CHANNELS 3 Zrotation Yrotation Xrotation
            JOINT RightArm
            {
              OFFSET -15.037196 1.2e-05 -5.545604
              CHANNELS 3 Zrotation Yrotation Xrotation
              JOINT RightForeArm
              {
                OFFSET -28.736639 2e-06 -0.002597
                CHANNELS 3 Zrotation Yrotation Xrotation
                JOINT RightHand
                {
                  OFFSET -27.133619 -0.0 0.002613
                  CHANNELS 3 Zrotation Yrotation Xrotation
                  JOINT RightHandThumb1
                  {
                    OFFSET -2.274032 -1.383988 3.163127
                    CHANNELS 3 Zrotation Yrotation Xrotation
                    JOINT RightHandThumb2
                    {
                      OFFSET -4.011429 -1.827466 1.640914
                      CHANNELS 3 Zrotation Yrotation Xrotation
                      JOINT RightHandThumb3
                      {
                        OFFSET -2.794935 -4e-06 -3e-06
                        CHANNELS 3 Zrotation Yrotation Xrotation
                        JOINT RightHandThumbEnd
                        {
                          OFFSET -3.183852 4e-06 1e-06
                          CHANNELS 3 Zrotation Yrotation Xrotation
                        }
                      }
                    }
                  }
                  JOINT RightHandIndex1
                  {
                    OFFSET -3.253266 -0.520057 2.282866
                    CHANNELS 3 Zrotation Yrotation Xrotation
                    JOINT RightHandIndex2
                    {
                      OFFSET -6.341917 0.012471 0.178266
                      CHANNELS 3 Zrotation Yrotation Xrotation
                      JOINT RightHandIndex3
                      {
                        OFFSET -3.654871 -8e-06 -0.0
                        CHANNELS 3 Zrotation Yrotation Xrotation
                        JOINT RightHandIndex4
                        {
                          OFFSET -2.327586 0.0 1e-06
                          CHANNELS 3 Zrotation Yrotation Xrotation
                          JOINT RightHandIndexEnd
                          {
                            OFFSET -2.76179 -0.180656 -0.113078
                            CHANNELS 3 Zrotation Yrotation Xrotation
                          }
                        }
                      }
                    }
                  }
                  JOINT RightHandMiddle1
                  {
                    OFFSET -3.168106 0.246593 1.00103
                    CHANNELS 3 Zrotation Yrotation Xrotation
                    JOINT RightHandMiddle2
                    {
                      OFFSET -6.180828 -0.258836 -1.000895
                      CHANNELS 3 Zrotation Yrotation Xrotation
                      JOINT RightHandMiddle3
                      {
                        OFFSET -4.348901 0.0 -0.0
                        CHANNELS 3 Zrotation Yrotation Xrotation
                        JOINT RightHandMiddle4
                        {
                          OFFSET -3.00024 -4e-06 -2e-06
                          CHANNELS 3 Zrotation Yrotation Xrotation
                          JOINT RightHandMiddleEnd
                          {
                            OFFSET -2.30252 -0.29437 -0.031706
                            CHANNELS 3 Zrotation Yrotation Xrotation
                          }
                        }
                      }
                    }
                  }
                  JOINT RightHandRing1
                  {
                    OFFSET -2.88569 -0.067952 -0.308858
                    CHANNELS 3 Zrotation Yrotation Xrotation
                    JOINT RightHandRing2
                    {
                      OFFSET -5.854198 -0.48613 -1.373731
                      CHANNELS 3 Zrotation Yrotation Xrotation
                      JOINT RightHandRing3
                      {
                        OFFSET -4.33881 -4e-06 -0.0
                        CHANNELS 3 Zrotation Yrotation Xrotation
                        JOINT RightHandRing4
                        {
                          OFFSET -2.654903 -4e-06 4e-06
                          CHANNELS 3 Zrotation Yrotation Xrotation
                          JOINT RightHandRingEnd
                          {
                            OFFSET -1.933568 0.077527 -5.2e-05
                            CHANNELS 3 Zrotation Yrotation Xrotation
                          }
                        }
                      }
                    }
                  }
                  JOINT RightHandPinky1
                  {
                    OFFSET -2.866425 -0.342796 -1.584145
                    CHANNELS 3 Zrotation Yrotation Xrotation
                    JOINT RightHandPinky2
                    {
                      OFFSET -5.091371 -1.332055 -1.772385
                      CHANNELS 3 Zrotation Yrotation Xrotation
                      JOINT RightHandPinky3
                      {
                        OFFSET -3.062664 -4e-06 1e-06
                        CHANNELS 3 Zrotation Yrotation Xrotation
                        JOINT RightHandPinky4
                        {
                          OFFSET -1.546529 4e-06 -2e-06
                          CHANNELS 3 Zrotation Yrotation Xrotation
                          JOINT RightHandPinkyEnd
                          {
                            OFFSET -1.945119 -0.157718 0.057211
                            CHANNELS 3 Zrotation Yrotation Xrotation
                          }
                        }
                      }
                    }
                  }
                }
              }
            }
          }
        }
      }
    }
    JOINT LeftLeg
    {
      OFFSET 10.043214 -8.434526 2.595655
      CHANNELS 3 Zrotation Yrotation Xrotation
      JOINT LeftShin
      {
        OFFSET -1e-06 -43.221752 -0.802913
        CHANNELS 3 Zrotation Yrotation Xrotation
        JOINT LeftFoot
        {
          OFFSET 1e-06 -42.155094 -3.481523
          CHANNELS 3 Zrotation Yrotation Xrotation
          JOINT LeftToeBase
          {
            OFFSET 0.0 -5.059472 13.231529
            CHANNELS 3 Zrotation Yrotation Xrotation
            JOINT LeftToeEnd
            {
              OFFSET -0.009607 -1.647619 6.513017
              CHANNELS 3 Zrotation Yrotation Xrotation
            }
          }
        }
      }
    }
    JOINT RightLeg
    {
      OFFSET -10.047278 -8.29526 2.620317
      CHANNELS 3 Zrotation Yrotation Xrotation
      JOINT RightShin
      {
        OFFSET 1e-06 -43.362206 -0.805556
        CHANNELS 3 Zrotation Yrotation Xrotation
        JOINT RightFoot
        {
          OFFSET 2e-06 -42.117393 -3.478398
          CHANNELS 3 Zrotation Yrotation Xrotation
          JOINT RightToeBase
          {
            OFFSET -0.0 -5.079609 13.284196
            CHANNELS 3 Zrotation Yrotation Xrotation
            JOINT RightToeEnd
            {
              OFFSET 0.009532 -1.634378 6.460591
              CHANNELS 3 Zrotation Yrotation Xrotation
            }
          }
        }
      }
    }
  }
}
MOTION
Frames: 75
Frame Time: 0.03333333333333333
0.0 0.0 0.0 0.0 -0.0 0.0 -1.999272 98.808876 2.071615 -2.301565 -0.021227 4.310215 2.603693 0.062383 1.470248 0.214405 -0.711771 -4.560464 1.402217 -2.24841 9.296976 -3.409214 4.011976 -2.040299 -0.148323 -0.186853 -3.60987 -2.304362 0.372683 -14.864677 7.7e-05 -2.3e-05 6e-06 -0.000685 -0.095112 -0.012203 0.698488 -3.822562 -10.603145 -0.704939 3.645693 -10.567438 -11.895854 -6.210758 17.176451 -42.066071 -7.64391 28.724298 -0.92979 -46.075436 0.363856 2.924623 -2.1465 5.91421 -5.882098 9.861276 0.702589 -10.936856 -0.360576 7.156199 1e-06 8.774817 -3e-06 -15.599998 18.061701 6.179475 -1.844028 2.498502 -2.507276 -10.163588 4.678939 4.621101 -20.975996 -5e-06 3e-06 -21.226257 2.451693 -3.593994 2e-06 -6e-06 1e-06 -1.36268 2.240796 -0.746323 -21.334888 0.584906 3.008321 -13.821198 -3e-06 4e-06 -23.88714 -0.249081 -0.839482 -60.115623 2.416909 -0.969578 -0.294026 1.679685 0.833255 -14.21819 0.093214 1.300579 -34.212013 -0.287565 0.96717 -20.033188 0.964534 1.212845 1e-06 -0.0 0.0 -3.440383 0.788233 0.501654 -15.928167 -3.167307 2.999707 -6.338818 -1e-06 2e-06 -18.123425 3.648178 -4.905666 -4e-06 -0.0 -3e-06 9.215836 15.082584 15.131169 48.895027 1.449869 17.950819 0.785702 48.966969 0.869554 3.126687 1.629904 2.720576 2.243538 -5.255032 -3.180155 14.282874 -0.826592 6.952498 -4e-06 -12.690592 2e-06 16.220947 -17.773134 2.49232 1.665663 -1.955919 -2.878298 4.727791 -4.170581 4.993921 11.020513 5e-06 -0.0 12.109036 -3.73571 -2.866783 1e-06 -1e-06 1e-06 1.291984 -1.928547 -1.498088 14.800112 0.56747 3.865605 14.242557 -1.341733 -6.660654 19.631945 0.143927 -0.648242 49.960567 -0.851053 -6.703393 0.353028 -1.511149 -0.031943 20.222769 3.684307 2.316631 18.787252 6e-06 3e-06 10.751616 -0.479868 1.397905 3e-06 1e-06 -1e-06 3.273803 0.305947 -0.580112 21.486788 11.830364 2.266131 8.162914 2e-06 -1e-06 18.399055 -3.79898 -4.940567 3e-06 -0.0 -1e-06 6.581982 3.037583 -11.178638 0.037078 -0.284433 27.035156 -8.085625 1.956561 -13.035662 1.744537 -1.976012 -3.338963 0.0 -0.0 2e-06 1.689827 -3.374486 -9.023539 0.069288 0.290134 15.218226 3.13553 -2.399923 -11.339811 -1.442903 0.994679 -0.856977 0.0 0.0 -1e-06 
0.0 0.0 0.0 0.0 -0.0 0.0 -2.445113 98.751556 3.424192 -2.905432 0.225508 3.871496 3.243277 0.225622 1.881158 0.278721 -0.483058 -4.530147 1.568851 -2.060672 9.471188 -3.606901 3.915612 -2.149211 -0.2161 -0.101471 -3.599908 -2.437267 0.246595 -14.778725 7.7e-05 -2.3e-05 5e-06 0.010704 -0.112405 0.001515 0.691097 -3.83619 -10.53183 -0.675884 3.623373 -10.512689 -11.794586 -5.979095 17.339537 -42.469143 -7.723112 29.308533 -0.855784 -45.022152 0.467487 2.686027 -2.214071 5.868413 -5.882099 9.861279 0.702588 -10.936863 -0.360575 7.156201 -0.0 8.774819 -2e-06 -15.676364 18.024792 6.241264 -1.844031 2.498503 -2.507277 -10.16359 4.678941 4.621107 -20.976006 -3e-06 4e-06 -21.226271 2.451696 -3.593996 -0.0 -6e-06 1e-06 -1.362679 2.240796 -0.746322 -21.334896 0.58491 3.008322 -13.821201 -1e-06 4e-06 -23.887152 -0.249076 -0.839482 -60.451443 2.413484 -0.850192 -0.294024 1.679686 0.833256 -14.218197 0.093215 1.300581 -34.212021 -0.287562 0.967172 -20.033197 0.964538 1.212843 0.0 -0.0 0.0 -3.440386 0.788233 0.501657 -15.928172 -3.167308 2.999706 -6.338821 -1e-06 3e-06 -18.12343 3.648182 -4.905665 -5e-06 -0.0 -4e-06 8.998549 15.458552 15.667839 48.87862 1.677808 18.380234 0.388166 48.817955 0.584501 3.292975 1.509194 2.170525 2.24354 -5.255035 -3.180156 14.282886 -0.826595 6.952499 -2e-06 -12.690601 -2e-06 16.211607 -17.852207 2.455994 1.665665 -1.955922 -2.878298 4.727797 -4.170588 4.993925 11.020522 3e-06 0.0 12.109048 -3.735714 -2.866783 0.0 -1e-06 0.0 1.291984 -1.928548 -1.498089 14.800123 0.567469 3.865604 14.242568 -1.341735 -6.660654 19.631958 0.143925 -0.648243 49.855835 -0.706953 -6.563356 0.353029 -1.511152 -0.031941 20.222786 3.684309 2.31663 18.787268 5e-06 2e-06 10.751624 -0.479869 1.397907 2e-06 1e-06 0.0 3.273805 0.305948 -0.58011 21.486805 11.830371 2.266132 8.162923 1e-06 0.0 18.399076 -3.798983 -4.940573 3e-06 -1e-06 1e-06 7.715762 3.299483 -15.312413 -0.073957 -0.40943 37.096443 -7.693738 2.039237 -11.809128 1.770523 -2.001613 -5.76817 0.0 -0.0 2e-06 2.573753 -3.359849 -6.234705 0.057582 0.224108 12.537762 3.059254 -2.629261 -11.59325 -1.436776 0.955462 -0.812648 0.0 0.0 -1e-06 
0.0 0.0 0.0 0.0 -0.0 0.0 -2.814439 98.683922 4.969429 -3.22103 0.319124 3.132837 3.652541 0.324583 2.409044 0.309712 -0.171111 -4.408969 1.731173 -1.712574 9.720529 -3.713773 3.949259 -2.084801 -0.319003 -0.229965 -3.586723 -2.502113 0.167493 -14.912091 7.7e-05 -2.3e-05 6e-06 0.0028 -0.142256 0.023606 0.670234 -3.876573 -10.527307 -0.671426 3.603346 -10.516031 -11.798108 -5.652042 17.289034 -42.901909 -7.620893 29.726637 -0.867925 -44.202702 0.575515 2.481317 -2.105556 6.337323 -5.882099 9.861275 0.70259 -10.936859 -0.360575 7.156201 1e-06 8.774815 0.0 -15.728963 17.934267 6.257161 -1.844031 2.498502 -2.507276 -10.163589 4.678939 4.621106 -20.976004 -3e-06 4e-06 -21.226265 2.451694 -3.593996 -1e-06 -6e-06 -2e-06 -1.362678 2.240796 -0.746322 -21.334888 0.584909 3.008323 -13.821198 -3e-06 3e-06 -23.887144 -0.249077 -0.839481 -60.757477 2.347557 -0.795952 -0.294024 1.679685 0.833255 -14.218194 0.093215 1.300581 -34.212013 -0.287561 0.967173 -20.033192 0.964539 1.212845 -0.0 -1e-06 0.0 -3.440384 0.788232 0.501654 -15.928168 -3.167307 2.999707 -6.338819 -1e-06 1e-06 -18.123426 3.648179 -4.905663 -3e-06 -1e-06 -3e-06 8.946154 15.762402 16.185232 48.466747 1.922598 18.886335 -0.063369 48.943886 0.313743 3.402377 1.543606 1.632082 2.243539 -5.255033 -3.18016 14.28288 -0.826593 6.952497 -2e-06 -12.690593 -2e-06 16.092043 -17.900682 2.525104 1.665664 -1.95592 -2.878297 4.727797 -4.170583 4.993923 11.020517 2e-06 2e-06 12.10904 -3.735713 -2.866781 -0.0 -0.0 3e-06 1.291986 -1.928549 -1.498088 14.800115 0.567467 3.865607 14.242558 -1.341736 -6.660651 19.631948 0.143925 -0.648241 49.860401 -0.73388 -6.532854 0.353028 -1.511149 -0.031938 20.222775 3.684307 2.316633 18.787256 2e-06 3e-06 10.751617 -0.479872 1.39791 0.0 1e-06 0.0 3.273803 0.305947 -0.580111 21.486794 11.830359 2.266134 8.16292 1e-06 0.0 18.399063 -3.798982 -4.940567 3e-06 -0.0 0.0 8.255335 3.686888 -19.686323 -0.173947 -0.439096 47.036987 -6.125018 3.002817 -10.707617 1.762272 -1.994963 -5.725383 -0.0 -0.0 2e-06 3.022706 -3.459949 -3.031551 0.035446 0.159385 9.766723 2.784051 -2.432152 -11.552053 -1.425337 0.9354 -0.865614 -0.0 0.0 -1e-06 
0.0 0.0 0.0 0.0 -0.0 0.0 -3.056119 98.643913 6.71117 -2.977087 0.097836 2.450363 3.66477 0.426852 2.801842 0.282549 0.221005 -4.262314 1.714958 -1.317199 9.94502 -3.816593 4.069598 -1.97388 -0.416449 -0.330411 -3.618848 -2.463439 0.088179 -15.140199 7.7e-05 -2.2e-05 6e-06 -0.008942 -0.132229 0.026245 0.652162 -3.873274 -10.545587 -0.677859 3.618439 -10.544381 -11.983395 -5.042423 17.225351 -43.320438 -7.329457 30.214903 -0.779297 -43.384987 0.674179 2.320915 -1.892661 6.852911 -5.882106 9.861286 0.70259 -10.936873 -0.360574 7.156206 1e-06 8.774826 0.0 -15.815274 17.960072 6.219746 -1.844032 2.498504 -2.507278 -10.163601 4.678945 4.621108 -20.976027 -4e-06 2e-06 -21.226292 2.451696 -3.594002 -2e-06 -6e-06 -2e-06 -1.362681 2.240798 -0.746323 -21.334917 0.584909 3.008324 -13.821215 -3e-06 5e-06 -23.887175 -0.249079 -0.839483 -61.03867 2.32745 -0.883192 -0.294026 1.679688 0.833256 -14.21821 0.093215 1.300581 -34.212051 -0.287564 0.967171 -20.033215 0.964538 1.212842 0.0 -0.0 0.0 -3.440388 0.788233 0.501656 -15.928187 -3.16731 2.999705 -6.338827 -1e-06 1e-06 -18.123446 3.648184 -4.905672 -2e-06 -1e-06 -3e-06 8.985323 15.981356 16.561985 47.984535 2.206208 19.118267 -0.06219 49.20977 0.394289 3.25471 1.826279 2.047663 2.243541 -5.255034 -3.180157 14.282879 -0.826593 6.952499 -2e-06 -12.690594 -1e-06 16.008175 -17.902592 2.602723 1.665663 -1.955921 -2.878298 4.727795 -4.170584 4.99392 11.020518 3e-06 -2e-06 12.109043 -3.735713 -2.866783 -0.0 0.0 0.0 1.291984 -1.928548 -1.498089 14.800117 0.567469 3.865607 14.24256 -1.341735 -6.660655 19.631952 0.143928 -0.648244 49.957924 -0.813023 -6.498217 0.353028 -1.51115 -0.031941 20.222775 3.684307 2.316627 18.787258 5e-06 -1e-06 10.75162 -0.479868 1.397904 3e-06 2e-06 -1e-06 3.273805 0.305947 -0.580109 21.486794 11.830366 2.266131 8.162921 1e-06 -2e-06 18.399067 -3.798985 -4.940571 3e-06 -0.0 0.0 7.903215 4.203287 -23.314108 -0.197471 -0.360034 53.080059 -5.285041 3.762326 -10.883266 1.733476 -1.984263 -4.674986 0.0 -0.0 3e-06 2.744396 -3.563129 0.229454 -0.00224 0.143721 7.05194 2.524056 -2.000982 -11.458665 -1.419179 0.928298 -1.003955 0.0 0.0 -1e-06 
0.0 0.0 0.0 0.0 -0.0 0.0 -3.174404 98.624298 8.680016 -2.197226 -0.221048 2.040476 3.331531 0.47751 3.061395 0.194696 0.675298 -4.076327 1.437646 -0.980381 10.06078 -3.958994 4.09107 -2.073762 -0.396607 -0.244423 -3.660893 -2.428729 0.114953 -15.152315 7.7e-05 -2.3e-05 6e-06 -0.014211 -0.114419 0.014405 0.642788 -3.849926 -10.541994 -0.67996 3.627701 -10.543912 -12.01338 -4.525248 17.374289 -43.863071 -6.917043 30.579184 -0.760534 -42.567436 0.71294 1.835802 -1.735884 7.458778 -5.8821 9.861276 0.702588 -10.936861 -0.360576 7.156197 2e-06 8.774817 -1e-06 -15.929436 17.99357 6.129401 -1.844032 2.498502 -2.507275 -10.16359 4.678939 4.621102 -20.976006 -6e-06 2e-06 -21.226271 2.451692 -3.593997 -2e-06 -7e-06 0.0 -1.362679 2.240796 -0.746323 -21.334892 0.584906 3.008317 -13.8212 -4e-06 4e-06 -23.887152 -0.249081 -0.839481 -61.125031 2.342172 -1.057799 -0.294026 1.679685 0.833255 -14.218197 0.093213 1.300577 -34.212013 -0.287568 0.967169 -20.033194 0.964531 1.212842 1e-06 -2e-06 1e-06 -3.440385 0.788232 0.501654 -15.92817 -3.167309 2.999702 -6.338821 -1e-06 -1e-06 -18.123426 3.648178 -4.905667 -3e-06 -1e-06 -2e-06 8.824384 16.210209 16.781036 47.998188 2.507861 19.021509 0.014037 49.852188 0.454181 2.957863 2.173603 3.134872 2.243541 -5.255033 -3.180157 14.28288 -0.826594 6.952497 -1e-06 -12.690595 -1e-06 16.094727 -17.873497 2.591105 1.665663 -1.95592 -2.878297 4.727796 -4.170585 4.99392 11.020516 2e-06 -2e-06 12.109042 -3.735713 -2.86678 1e-06 0.0 -2e-06 1.291986 -1.928548 -1.498088 14.800118 0.567466 3.865605 14.24256 -1.341737 -6.660654 19.631952 0.143926 -0.648245 50.052662 -0.878953 -6.419196 0.353029 -1.51115 -0.03194 20.222775 3.684306 2.316628 18.787258 4e-06 -0.0 10.751619 -0.479868 1.397906 2e-06 1e-06 -1e-06 3.273805 0.305945 -0.580109 21.486794 11.830365 2.266132 8.162921 2e-06 -2e-06 18.399067 -3.798983 -4.940574 3e-06 -2e-06 -2e-06 6.768319 4.565921 -26.150803 -0.20823 -0.288472 54.020157 -5.620268 3.64341 -10.939221 1.721476 -1.986585 -4.189639 0.0 -0.0 2e-06 1.7786 -3.652412 3.034461 0.010166 0.166958 4.865326 2.332839 -1.615145 -11.534628 -1.416615 0.928999 -1.077898 -0.0 -0.0 -1e-06 
0.0 0.0 0.0 0.0 -0.0 0.0 -3.214678 98.535889 10.75001 -1.379067 -0.597862 1.910236 2.972754 0.487359 3.307045 0.0926 1.082022 -3.89786 1.098334 -0.712756 10.150816 -4.178757 4.096152 -2.425407 -0.299674 -0.128753 -3.687378 -2.42845 0.27717 -15.176648 7.7e-05 -2.3e-05 5e-06 -0.019592 -0.129843 0.000904 0.639837 -3.857645 -10.531212 -0.688223 3.601394 -10.534076 -11.941368 -4.241621 17.595808 -44.258221 -6.287598 30.993006 -0.837296 -42.254665 0.768115 1.053453 -1.68534 7.797195 -5.882105 9.861279 0.70259 -10.936868 -0.360574 7.156202 -0.0 8.774821 -0.0 -15.93282 18.001381 6.0828 -1.844032 2.498503 -2.507277 -10.163597 4.678943 4.621107 -20.976017 -2e-06 3e-06 -21.226282 2.451698 -3.593998 -2e-06 -6e-06 0.0 -1.362681 2.240797 -0.746323 -21.334906 0.584911 3.008322 -13.821208 -1e-06 3e-06 -23.887167 -0.249077 -0.839483 -61.080673 2.363004 -1.170964 -0.294024 1.679686 0.833254 -14.218204 0.093216 1.300581 -34.21204 -0.287562 0.967169 -20.033205 0.964538 1.212843 1e-06 -1e-06 -0.0 -3.440387 0.788233 0.501655 -15.928183 -3.167306 2.999706 -6.338824 -0.0 1e-06 -18.123444 3.648182 -4.905669 -4e-06 0.0 -2e-06 8.47086 16.5172 16.82671 48.144806 2.772209 18.958597 -0.113912 51.29018 0.365996 2.842015 2.443616 3.870163 2.24354 -5.255032 -3.180153 14.282878 -0.826596 6.952495 -1e-06 -12.690593 1e-06 16.20784 -17.849131 2.556068 1.665665 -1.955919 -2.878295 4.727797 -4.170585 4.993919 11.020516 2e-06 -1e-06 12.109042 -3.735715 -2.866783 -0.0 1e-06 -1e-06 1.291984 -1.928548 -1.498087 14.800114 0.567466 3.865602 14.242558 -1.341737 -6.660652 19.631948 0.143925 -0.648246 50.121235 -0.927799 -6.375777 0.353029 -1.511149 -0.031939 20.222771 3.684304 2.316629 18.787254 2e-06 -0.0 10.751617 -0.47987 1.397904 0.0 2e-06 0.0 3.273804 0.305948 -0.58011 21.48679 11.83036 2.26613 8.162919 1e-06 -3e-06 18.399067 -3.798983 -4.94057 3e-06 -0.0 -3e-06 5.541326 4.719927 -28.39328 -0.216192 -0.249701 50.849361 -6.502591 3.353982 -10.158648 1.719677 -2.041659 -3.934422 -0.0 -0.0 2e-06 0.705859 -3.67089 5.074782 0.052271 0.199123 3.555335 2.266317 -1.303562 -11.835803 -1.413536 0.918296 -1.127768 -0.0 0.0 -1e-06 
0.0 0.0 0.0 0.0 -0.0 0.0 -3.206559 98.315292 12.849415 -0.872726 -1.008497 1.946525 2.803796 0.46507 3.576993 0.013412 1.364262 -3.740192 0.872675 -0.516797 10.338202 -4.482778 4.115756 -2.897463 -0.177492 0.03768 -3.693424 -2.485418 0.55412 -15.483793 7.7e-05 -2.3e-05 6e-06 -0.023113 -0.155637 -0.003335 0.641431 -3.880645 -10.532098 -0.697021 3.569474 -10.537612 -11.905088 -4.109256 17.758249 -44.426067 -5.562656 31.751604 -0.840581 -42.46323 0.784416 0.496709 -1.731716 7.87363 -5.882107 9.861287 0.702591 -10.936874 -0.360575 7.156209 -0.0 8.774826 -1e-06 -15.836182 17.999083 6.091947 -1.844032 2.498505 -2.507278 -10.163602 4.678945 4.621111 -20.976027 -4e-06 6e-06 -21.226292 2.451699 -3.593997 0.0 -6e-06 0.0 -1.362682 2.240798 -0.746323 -21.334917 0.58491 3.008327 -13.821215 -2e-06 5e-06 -23.887175 -0.249076 -0.83948 -60.92688 2.359764 -1.203977 -0.294024 1.679688 0.833256 -14.218211 0.093215 1.300583 -34.212048 -0.287561 0.967175 -20.033218 0.964539 1.212847 1e-06 -1e-06 -0.0 -3.440389 0.788233 0.501657 -15.928189 -3.16731 2.999711 -6.338828 -1e-06 2e-06 -18.123447 3.648185 -4.905669 -4e-06 -0.0 -3e-06 8.106864 16.894958 16.788956 47.969879 3.104008 18.94418 -0.33211 53.457756 0.186444 2.858156 2.733188 3.975187 2.243539 -5.255035 -3.180156 14.282885 -0.826593 6.952501 -3e-06 -12.690603 1e-06 16.267765 -17.850929 2.531395 1.665665 -1.95592 -2.878298 4.727796 -4.170588 4.993923 11.020522 3e-06 -1e-06 12.109047 -3.735716 -2.866783 -0.0 1e-06 -1e-06 1.291986 -1.928549 -1.498088 14.800122 0.567469 3.865607 14.242567 -1.341736 -6.660656 19.63196 0.143929 -0.648242 50.179447 -0.975722 -6.40767 0.353029 -1.51115 -0.031939 20.222784 3.68431 2.316629 18.787268 8e-06 -1e-06 10.751625 -0.479869 1.397906 0.0 3e-06 1e-06 3.273805 0.305948 -0.580112 21.486809 11.830374 2.266134 8.162924 3e-06 -1e-06 18.399076 -3.798984 -4.940572 3e-06 -1e-06 -2e-06 4.758894 4.77383 -30.024204 -0.204015 -0.207895 44.659275 -6.741185 3.676083 -8.738162 1.70564 -2.121984 -3.511744 0.0 -0.0 2e-06 -0.095651 -3.824564 6.541441 0.06984 0.210451 3.022646 2.336649 -0.81015 -12.379997 -1.408244 0.88014 -1.13407 -0.0 -0.0 -1e-06 
0.0 0.0 0.0 0.0 -0.0 0.0 -3.136365 97.925606 14.977963 -0.777853 -1.519057 2.089961 2.830474 0.443801 3.825608 -0.0292 1.509133 -3.593837 0.804619 -0.432401 10.630446 -4.784191 4.117531 -3.302816 -0.045769 0.304158 -3.687659 -2.583202 0.939269 -16.02549 7.7e-05 -2.3e-05 6e-06 -0.019216 -0.156349 0.002929 0.64756 -3.879297 -10.540064 -0.695465 3.563389 -10.546885 -11.835558 -3.996857 17.802685 -44.489033 -4.88021 32.827358 -0.766715 -43.081348 0.765176 0.40605 -1.821217 8.204027 -5.882103 9.861283 0.702592 -10.936867 -0.360575 7.156202 0.0 8.774823 0.0 -15.802415 17.978346 6.090573 -1.844032 2.498503 -2.507279 -10.163596 4.678944 4.621106 -20.976019 -5e-06 3e-06 -21.22628 2.451695 -3.593999 -0.0 -5e-06 1e-06 -1.362681 2.240798 -0.746322 -21.334906 0.584907 3.008321 -13.82121 -3e-06 3e-06 -23.887167 -0.249081 -0.839481 -60.747421 2.357312 -1.182041 -0.294024 1.679687 0.833256 -14.218204 0.093214 1.300578 -34.21204 -0.287566 0.96717 -20.033205 0.964534 1.212843 0.0 -0.0 0.0 -3.440387 0.788233 0.501655 -15.928179 -3.167309 2.999705 -6.338824 -1e-06 1e-06 -18.12344 3.64818 -4.905669 -4e-06 -0.0 -2e-06 7.851988 17.308504 16.734922 47.406857 3.676906 18.782541 -0.43232 55.910244 0.053731 2.810877 3.15179 3.649262 2.24354 -5.255036 -3.180155 14.282883 -0.826592 6.952497 -3e-06 -12.690601 2e-06 16.294546 -17.864632 2.52343 1.665663 -1.95592 -2.878298 4.727796 -4.170587 4.993921 11.020517 4e-06 -3e-06 12.109043 -3.735714 -2.866782 -0.0 -1e-06 -1e-06 1.291984 -1.928548 -1.498089 14.800118 0.567468 3.865606 14.242562 -1.341736 -6.660655 19.631956 0.14393 -0.648244 50.195286 -1.042784 -6.474564 0.353027 -1.51115 -0.031938 20.222778 3.684309 2.316626 18.78726 5e-06 -2e-06 10.75162 -0.479869 1.397906 -1e-06 1e-06 1e-06 3.273804 0.305947 -0.580112 21.486801 11.830372 2.26613 8.162921 0.0 0.0 18.399071 -3.798983 -4.940575 3e-06 0.0 -3e-06 4.641172 4.787632 -31.032869 -0.175727 -0.178418 36.553635 -6.508898 4.190258 -6.784099 1.677822 -2.184818 -3.076302 0.0 -0.0 2e-06 -0.540015 -4.117125 7.703048 0.05161 0.202216 2.993374 2.50464 -0.132989 -13.153679 -1.401474 0.839453 -1.094936 0.0 0.0 -1e-06 
0.0 0.0 0.0 0.0 -0.0 0.0 -3.005309 97.393982 17.203295 -0.982907 -2.099809 2.264969 2.924524 0.464941 4.046359 -0.055663 1.507708 -3.491309 0.851997 -0.455945 10.997684 -4.948984 4.097254 -3.52263 0.079972 0.706938 -3.65117 -2.690394 1.324287 -16.50774 7.7e-05 -2.2e-05 6e-06 -0.00794 -0.12468 0.015679 0.652215 -3.84127 -10.520616 -0.677406 3.586249 -10.530738 -11.648315 -3.927774 17.792885 -44.464554 -4.261045 34.041744 -0.655065 -44.090824 0.702585 0.480651 -1.99538 9.000871 -5.882099 9.861276 0.702589 -10.93686 -0.360576 7.1562 1e-06 8.774817 0.0 -15.841915 17.926859 6.05623 -1.844029 2.498502 -2.507276 -10.163589 4.678939 4.621105 -20.976004 -4e-06 4e-06 -21.226265 2.451692 -3.593997 -0.0 -5e-06 2e-06 -1.36268 2.240796 -0.746324 -21.334892 0.584907 3.008322 -13.821199 -3e-06 4e-06 -23.887152 -0.249078 -0.839479 -60.630436 2.401917 -1.122409 -0.294024 1.679685 0.833255 -14.218195 0.093214 1.300581 -34.212013 -0.287564 0.967172 -20.033194 0.964537 1.212843 0.0 1e-06 0.0 -3.440385 0.788232 0.501655 -15.928172 -3.167308 2.999703 -6.338818 -1e-06 3e-06 -18.123426 3.648179 -4.905665 -4e-06 -0.0 -3e-06 7.727186 17.669094 16.739176 46.656734 4.586315 18.334038 -0.490157 58.347397 -0.077499 2.71745 3.604619 2.826686 2.243538 -5.255031 -3.180155 14.282875 -0.826592 6.952494 -0.0 -12.690588 0.0 16.313383 -17.901888 2.529914 1.665663 -1.955919 -2.878296 4.727795 -4.170584 4.993917 11.020514 3e-06 -2e-06 12.109038 -3.735712 -2.866782 -1e-06 -1e-06 -1e-06 1.291985 -1.928545 -1.498088 14.800112 0.567465 3.865605 14.242556 -1.341736 -6.660651 19.631941 0.143923 -0.648244 50.182846 -1.074237 -6.527135 0.353028 -1.511149 -0.031941 20.222769 3.684304 2.316629 18.787251 3e-06 0.0 10.751617 -0.479869 1.397906 -1e-06 0.0 1e-06 3.273802 0.305946 -0.58011 21.48679 11.830359 2.266131 8.162919 -0.0 -1e-06 18.399069 -3.798979 -4.940571 3e-06 -1e-06 -1e-06 4.972417 5.014155 -31.674606 -0.156738 -0.135839 28.187971 -6.412159 4.432845 -4.39631 1.642511 -2.189611 -3.008389 0.0 -0.0 2e-06 -0.744195 -4.407119 8.875132 0.031601 0.195147 3.15458 2.700498 0.573467 -14.172961 -1.398154 0.803675 -1.03032 0.0 0.0 -1e-06 
0.0 0.0 0.0 0.0 -0.0 0.0 -2.799496 96.764175 19.57877 -1.284395 -2.669835 2.509566 2.938687 0.497 4.191634 -0.069292 1.359944 -3.462504 0.94386 -0.45926 11.393458 -4.945484 4.030752 -3.613604 0.200552 1.233603 -3.587195 -2.757407 1.63048 -16.694099 7.7e-05 -2.2e-05 6e-06 0.004724 -0.08847 0.027216 0.656188 -3.800282 -10.49575 -0.655636 3.616069 -10.508506 -11.439066 -3.977528 17.830044 -44.186207 -3.735049 35.073116 -0.559727 -45.520481 0.598233 0.625536 -2.315544 10.113055 -5.882098 9.861277 0.702588 -10.936857 -0.360575 7.156199 0.0 8.774816 -0.0 -15.880045 17.882671 6.027138 -1.84403 2.498502 -2.507276 -10.163586 4.67894 4.621106 -20.975996 -3e-06 3e-06 -21.226255 2.451694 -3.593996 2e-06 -6e-06 -0.0 -1.36268 2.240796 -0.746323 -21.334887 0.584909 3.008323 -13.821195 -2e-06 1e-06 -23.887142 -0.249077 -0.839481 -60.609276 2.503344 -1.084416 -0.294024 1.679685 0.833256 -14.21819 0.093214 1.30058 -34.212002 -0.287562 0.967173 -20.033188 0.964537 1.212843 -0.0 1e-06 -1e-06 -3.440384 0.788232 0.501655 -15.928165 -3.167306 2.999707 -6.338817 -1e-06 1e-06 -18.123423 3.648181 -4.905665 -5e-06 0.0 -2e-06 7.723097 17.871708 16.696613 45.797031 5.606294 17.558575 -0.327601 60.832512 -0.081708 2.61298 3.944822 1.637115 2.243538 -5.255032 -3.180155 14.282874 -0.826594 6.952495 -1e-06 -12.690592 0.0 16.325972 -17.962017 2.567032 1.665663 -1.95592 -2.878298 4.727793 -4.170584 4.993919 11.020514 3e-06 -1e-06 12.109036 -3.735713 -2.86678 1e-06 -1e-06 -1e-06 1.291985 -1.928548 -1.498089 14.800112 0.567469 3.865603 14.242557 -1.341736 -6.660651 19.631945 0.143925 -0.648244 50.172134 -1.09134 -6.573144 0.353029 -1.51115 -0.03194 20.222769 3.684307 2.316627 18.787252 5e-06 -3e-06 10.751616 -0.479869 1.397905 -1e-06 0.0 -0.0 3.273802 0.305947 -0.580111 21.486788 11.830365 2.26613 8.162917 1e-06 -1e-06 18.399061 -3.798983 -4.940569 3e-06 -1e-06 -1e-06 5.149685 5.902912 -32.587177 -0.125405 -0.042076 22.219254 -6.715313 4.322569 -2.683557 1.612608 -2.156619 -3.157767 0.0 -0.0 1e-06 -0.901128 -4.558416 10.14625 0.017328 0.181794 3.235009 2.963774 1.222593 -15.273037 -1.399544 0.770756 -0.977729 -0.0 -0.0 -1e-06 
0.0 0.0 0.0 0.0 -0.0 0.0 -2.484749 96.052895 22.149698 -1.413432 -3.185831 2.824634 2.785709 0.523817 4.254838 -0.08787 1.172643 -3.465274 0.919021 -0.380753 11.757038 -4.875721 3.913057 -3.68932 0.346001 1.682385 -3.538112 -2.786017 1.939658 -16.711195 7.7e-05 -2.3e-05 6e-06 0.0093 -0.073623 0.036368 0.654567 -3.789869 -10.505025 -0.644447 3.633694 -10.51795 -11.314618 -4.139419 17.884525 -43.571148 -3.311096 35.362244 -0.672125 -47.115814 0.586396 0.973176 -2.847582 10.990003 -5.882098 9.861276 0.70259 -10.936859 -0.360576 7.156199 -0.0 8.774817 -2e-06 -15.900489 17.875896 6.002682 -1.84403 2.498502 -2.507276 -10.163588 4.678939 4.621104 -20.976 -3e-06 6e-06 -21.226263 2.451695 -3.593995 2e-06 -6e-06 -0.0 -1.362679 2.240796 -0.746322 -21.334887 0.584907 3.008322 -13.821197 -2e-06 4e-06 -23.887142 -0.249078 -0.839479 -60.63443 2.581079 -1.155657 -0.294024 1.679686 0.833254 -14.218194 0.093214 1.300581 -34.212009 -0.287562 0.967175 -20.033194 0.964536 1.212844 0.0 0.0 -0.0 -3.440385 0.788232 0.501655 -15.928168 -3.167307 2.999708 -6.338818 -1e-06 3e-06 -18.123425 3.648181 -4.905663 -3e-06 -0.0 -2e-06 7.724723 17.859358 16.402639 45.049404 6.386321 16.641336 0.071567 63.434978 0.116671 2.475901 4.244334 0.509019 2.243536 -5.25503 -3.180153 14.282869 -0.826594 6.952493 -2e-06 -12.690588 -1e-06 16.333046 -18.074816 2.645343 1.665663 -1.955919 -2.878293 4.72779 -4.170582 4.993916 11.020508 5e-06 -3e-06 12.10903 -3.735708 -2.866781 0.0 1e-06 -1e-06 1.291982 -1.928546 -1.498088 14.800108 0.567467 3.865603 14.242551 -1.341735 -6.66065 19.631937 0.143927 -0.648242 50.175575 -1.127069 -6.565264 0.35303 -1.511149 -0.031939 20.222761 3.684307 2.316627 18.787249 4e-06 1e-06 10.751613 -0.479869 1.397904 0.0 0.0 0.0 3.273802 0.305948 -0.58011 21.486786 11.830359 2.266131 8.162914 0.0 1e-06 18.399055 -3.798979 -4.940568 3e-06 -1e-06 -2e-06 4.606023 7.438776 -34.190887 -0.064764 0.085146 20.631363 -7.053331 4.201574 -2.378811 1.597202 -2.118236 -3.325856 0.0 -0.0 3e-06 -1.277713 -4.432436 11.50149 0.017763 0.16581 3.250152 3.382066 1.65439 -16.308777 -1.401062 0.751205 -1.071124 -0.0 -0.0 -1e-06 
0.0 0.0 0.0 0.0 -0.0 0.0 -2.028605 95.362946 24.979126 -1.291483 -3.743714 3.075721 2.509889 0.600266 4.359873 -0.10889 1.078715 -3.500778 0.678329 -0.200866 11.975755 -4.815799 3.91807 -3.733122 0.479215 1.941851 -3.510618 -2.791131 2.260304 -16.676085 7.7e-05 -2.3e-05 6e-06 0.012088 -0.028424 0.047097 0.651317 -3.752464 -10.508967 -0.635593 3.685686 -10.521911 -11.210108 -4.270249 18.057499 -42.943546 -2.988836 34.586033 -0.840333 -48.526653 0.603975 1.60256 -3.367024 11.272781 -5.882102 9.861278 0.702588 -10.936861 -0.360575 7.1562 0.0 8.774817 -1e-06 -15.93664 17.912479 5.967057 -1.844031 2.498503 -2.507277 -10.16359 4.678941 4.621105 -20.976006 -3e-06 3e-06 -21.226269 2.451696 -3.593999 0.0 -5e-06 0.0 -1.362682 2.240796 -0.746322 -21.334896 0.58491 3.00832 -13.821201 -2e-06 1e-06 -23.887152 -0.249077 -0.839483 -60.652134 2.572444 -1.345287 -0.294024 1.679686 0.833256 -14.218197 0.093215 1.300578 -34.212017 -0.287563 0.967169 -20.033201 0.964537 1.212843 0.0 -0.0 0.0 -3.440386 0.788233 0.501656 -15.928174 -3.167307 2.999706 -6.338821 -1e-06 2e-06 -18.123436 3.648181 -4.905667 -3e-06 -0.0 -2e-06 7.51489 17.797085 16.158501 44.854156 6.807606 15.537515 0.521354 65.987022 0.515957 2.265166 4.500892 0.165216 2.243538 -5.255032 -3.180155 14.282878 -0.826594 6.952499 -1e-06 -12.690591 1e-06 16.251213 -18.127575 2.786552 1.665663 -1.955917 -2.878295 4.727796 -4.170585 4.993921 11.020515 5e-06 -0.0 12.109041 -3.735713 -2.866782 1e-06 2e-06 0.0 1.291984 -1.92855 -1.498087 14.800115 0.567469 3.865604 14.242558 -1.341734 -6.66065 19.631948 0.143925 -0.648243 50.17144 -1.204093 -6.537944 0.353028 -1.511149 -0.031939 20.222775 3.684308 2.31663 18.787254 5e-06 2e-06 10.751617 -0.47987 1.397906 0.0 1e-06 0.0 3.273805 0.305948 -0.580108 21.48679 11.830361 2.266131 8.162921 2e-06 -0.0 18.399065 -3.798984 -4.940572 3e-06 0.0 0.0 3.55628 9.041395 -35.800205 -0.034003 0.153347 22.997887 -6.614405 3.863471 -2.743146 1.591508 -2.092583 -3.381309 0.0 -0.0 4e-06 -1.992776 -4.131671 13.034844 0.011554 0.341064 3.446456 3.801737 1.757278 -17.162676 -1.412693 0.76262 -1.436293 -0.0 -0.0 -1e-06 
0.0 0.0 0.0 0.0 -0.0 0.0 -1.412514 94.736633 28.178764 -1.012138 -4.390191 3.534003 2.137682 0.705709 4.195688 -0.155595 1.156141 -3.616977 0.473745 0.018065 12.018293 -4.832757 3.957561 -3.703449 0.560474 2.071156 -3.504708 -2.709494 2.514929 -16.561193 7.7e-05 -2.3e-05 5e-06 0.022741 0.025493 0.046098 0.655281 -3.701289 -10.506685 -0.617723 3.742277 -10.515907 -11.378669 -4.253444 18.006128 -42.263374 -2.451121 33.195698 -1.221957 -49.6385 0.898382 2.403625 -3.757691 10.994405 -5.882102 9.861281 0.702591 -10.936863 -0.360576 7.156201 2e-06 8.774822 1e-06 -15.983867 17.940807 6.042775 -1.844031 2.498503 -2.507277 -10.163592 4.678943 4.621108 -20.976007 -6e-06 2e-06 -21.226273 2.451694 -3.593999 1e-06 -6e-06 -1e-06 -1.36268 2.240798 -0.746322 -21.334898 0.584907 3.008322 -13.821205 -4e-06 2e-06 -23.887154 -0.249082 -0.839482 -60.778454 2.577849 -1.309732 -0.294025 1.679687 0.833257 -14.218198 0.093213 1.300579 -34.212021 -0.287568 0.967171 -20.033199 0.964536 1.212845 0.0 0.0 -0.0 -3.440385 0.788233 0.501656 -15.928176 -3.16731 2.999707 -6.33882 -2e-06 3e-06 -18.123432 3.64818 -4.905669 -3e-06 0.0 -2e-06 7.413559 17.71394 15.892718 44.765507 6.527961 14.730058 0.561525 68.382973 0.54142 2.104655 4.78912 -0.108198 2.243539 -5.255033 -3.180155 14.28288 -0.826591 6.952499 -2e-06 -12.690597 2e-06 16.223307 -18.208817 2.747019 1.665663 -1.955918 -2.878299 4.727795 -4.170584 4.993923 11.020515 4e-06 -0.0 12.109041 -3.735713 -2.86678 1e-06 0.0 0.0 1.291986 -1.92855 -1.498087 14.800118 0.56747 3.865607 14.24256 -1.341736 -6.660653 19.631952 0.143927 -0.648239 50.183083 -1.086781 -6.673197 0.353029 -1.51115 -0.031941 20.222778 3.684309 2.31663 18.787264 5e-06 2e-06 10.751622 -0.479867 1.397906 1e-06 1e-06 0.0 3.273804 0.305948 -0.580109 21.486799 11.830368 2.266134 8.162921 1e-06 1e-06 18.399069 -3.798985 -4.940569 2e-06 -1e-06 -0.0 2.403258 10.330816 -36.735176 0.004995 0.223584 26.768074 -5.500861 3.492072 -2.117643 1.625743 -2.069144 -3.364594 0.0 -0.0 2e-06 -2.984753 -3.651187 14.157119 0.023381 0.381487 4.336127 4.420513 2.010289 -17.761915 -1.41054 0.76305 -2.445415 0.0 0.0 -1e-06 
0.0 0.0 0.0 0.0 -0.0 0.0 -0.647172 94.346405 31.715225 -0.431739 -4.875452 4.222238 1.516626 0.698354 3.727425 -0.251285 1.45723 -3.792135 0.294136 0.102502 11.972997 -4.792071 4.025523 -3.696544 0.588076 2.108942 -3.586395 -2.661333 2.7138 -16.349405 7.7e-05 -2.3e-05 6e-06 0.02046 0.075426 0.034093 0.663781 -3.644311 -10.523049 -0.630576 3.785639 -10.5121 -11.819796 -4.022647 17.927511 -41.472591 -2.037521 31.689079 -1.55937 -50.282192 1.058114 3.278552 -4.262743 10.403302 -5.882102 9.861279 0.70259 -10.936866 -0.360576 7.156201 2e-06 8.774821 -0.0 -16.069723 17.993452 6.156877 -1.844032 2.498503 -2.507276 -10.163594 4.678941 4.621107 -20.976015 -7e-06 1e-06 -21.226273 2.451692 -3.593998 1e-06 -6e-06 0.0 -1.362681 2.240796 -0.746322 -21.334904 0.584906 3.00832 -13.821206 -4e-06 1e-06 -23.887159 -0.249083 -0.839481 -61.071995 2.536991 -1.116472 -0.294024 1.679686 0.833255 -14.218201 0.093213 1.300579 -34.212032 -0.287571 0.967169 -20.033205 0.964532 1.212844 -1e-06 0.0 -0.0 -3.440387 0.788233 0.501655 -15.928179 -3.16731 2.999702 -6.338823 -3e-06 0.0 -18.12344 3.648178 -4.905667 -3e-06 1e-06 -2e-06 7.659307 17.679657 15.842257 44.684834 5.63945 13.722651 0.358458 70.483101 0.465556 1.90861 5.26178 -0.436469 2.243539 -5.255031 -3.180157 14.282878 -0.826593 6.952496 -1e-06 -12.690592 -2e-06 16.152412 -18.449902 2.769124 1.665664 -1.955919 -2.878296 4.727795 -4.170582 4.993917 11.020517 1e-06 0.0 12.109042 -3.735713 -2.866782 0.0 0.0 0.0 1.291986 -1.928548 -1.49809 14.800117 0.567467 3.865603 14.242562 -1.341736 -6.660655 19.631952 0.143926 -0.648247 50.029579 -1.060659 -6.915358 0.35303 -1.51115 -0.03194 20.222775 3.684305 2.316628 18.787256 3e-06 -2e-06 10.75162 -0.479867 1.397904 0.0 1e-06 1e-06 3.273805 0.305947 -0.580109 21.486794 11.830362 2.26613 8.162921 1e-06 -2e-06 18.399071 -3.798982 -4.940575 3e-06 0.0 -1e-06 1.198984 10.557233 -37.097641 0.105678 0.29527 30.154961 -3.571869 3.228729 -1.023054 1.652388 -1.992246 -2.592531 0.0 -0.0 2e-06 -4.567827 -3.386981 14.457878 0.084887 0.472041 6.665795 5.390497 2.30575 -17.710714 -1.437413 0.776755 -4.318107 0.0 0.0 -1e-06 
0.0 0.0 0.0 0.0 -0.0 0.0 0.216534 94.128944 35.626068 0.509827 -4.857197 4.867404 0.878355 0.638972 3.248624 -0.412 1.733327 -3.971218 -0.194471 0.196497 11.727296 -4.468016 4.117716 -3.836707 0.500944 1.945122 -3.573618 -2.605047 2.604635 -16.222883 7.7e-05 -2.3e-05 6e-06 0.024323 0.060375 0.032592 0.676413 -3.677823 -10.579503 -0.63462 3.79214 -10.541283 -12.029088 -4.114119 17.671394 -40.914757 -1.973258 31.063789 -1.681544 -50.213177 1.248029 4.095537 -4.730661 9.658927 -5.882109 9.861281 0.702589 -10.936873 -0.360572 7.156204 -1e-06 8.774821 -0.0 -16.017996 17.930809 6.251866 -1.844033 2.498504 -2.507277 -10.163601 4.678944 4.621105 -20.976023 -0.0 0.0 -21.22629 2.451698 -3.594002 -0.0 -6e-06 1e-06 -1.362683 2.240798 -0.746325 -21.334919 0.584913 3.008317 -13.821216 -1e-06 -2e-06 -23.887173 -0.249077 -0.839487 -61.043442 2.337505 -0.845629 -0.294024 1.679685 0.833256 -14.21821 0.093218 1.300578 -34.212051 -0.287561 0.967162 -20.033215 0.964537 1.21284 0.0 -0.0 0.0 -3.440389 0.788233 0.501655 -15.928185 -3.167305 2.999703 -6.338826 -0.0 1e-06 -18.123449 3.648182 -4.90567 -5e-06 1e-06 -1e-06 8.298128 17.313108 15.939137 44.759056 4.288441 12.532655 0.267036 71.654732 0.433193 1.369812 6.293375 -0.857201 2.243543 -5.255036 -3.180157 14.282884 -0.826597 6.952497 0.0 -12.690598 -1e-06 16.133463 -18.516512 2.62306 1.665668 -1.955922 -2.878299 4.727797 -4.170586 4.99392 11.02052 -1e-06 -5e-06 12.109048 -3.735717 -2.866787 0.0 0.0 0.0 1.291986 -1.928548 -1.498089 14.800122 0.567464 3.865602 14.242569 -1.341738 -6.660661 19.631964 0.143926 -0.648251 49.923412 -1.118123 -7.086385 0.353029 -1.511151 -0.03194 20.222784 3.684304 2.316623 18.787268 2e-06 -6e-06 10.751624 -0.47987 1.397902 0.0 1e-06 0.0 3.273806 0.305943 -0.580111 21.486801 11.830363 2.266127 8.162924 1e-06 -3e-06 18.399075 -3.798983 -4.94058 3e-06 0.0 1e-06 -0.210088 10.059915 -37.389206 0.18619 0.335329 34.062504 -2.454551 3.164842 -3.929198 1.630675 -1.958244 -2.005277 -0.0 0.0 2e-06 -6.692774 -3.896162 13.741373 0.025589 0.762176 11.354308 6.861372 3.188896 -16.381447 -1.451683 0.806752 -8.86089 0.0 0.0 -1e-06 
0.0 0.0 0.0 0.0 -0.0 0.0 1.0779 94.166359 39.810482 1.518525 -4.258192 5.281947 0.248871 0.51233 2.912143 -0.632056 1.886374 -4.125432 -0.641714 0.101345 11.453263 -4.098801 4.144505 -4.070494 0.357892 1.621379 -3.524871 -2.5982 2.40551 -16.08676 7.7e-05 -2.3e-05 6e-06 0.014341 0.029064 0.020028 0.674996 -3.714412 -10.610475 -0.652601 3.768512 -10.56481 -12.059114 -4.332036 17.449581 -40.69421 -2.624684 31.091478 -1.224241 -49.175819 0.984575 4.251541 -4.916078 9.415367 -5.882109 9.861286 0.702591 -10.936875 -0.360575 7.156208 1e-06 8.774826 0.0 -16.052324 17.874537 6.23333 -1.844033 2.498505 -2.507278 -10.163604 4.678946 4.621109 -20.976032 -2e-06 3e-06 -21.226295 2.451698 -3.594 1e-06 -6e-06 -0.0 -1.362683 2.240798 -0.746322 -21.334923 0.584909 3.008325 -13.82122 -2e-06 2e-06 -23.887182 -0.249079 -0.839482 -61.082035 2.286304 -0.854156 -0.294025 1.679688 0.833255 -14.218214 0.093215 1.300582 -34.212063 -0.287564 0.967171 -20.033216 0.964538 1.212845 1e-06 -0.0 0.0 -3.440389 0.788233 0.501656 -15.928192 -3.16731 2.999709 -6.338829 -1e-06 1e-06 -18.123453 3.648183 -4.905671 -4e-06 -0.0 -3e-06 9.090352 16.909676 16.120382 45.281338 2.637608 11.143486 0.279827 71.302605 0.414737 0.709884 7.233308 -1.070932 2.243539 -5.255033 -3.180154 14.28288 -0.826594 6.952499 -1e-06 -12.690597 -1e-06 16.142792 -18.600021 2.621527 1.665663 -1.95592 -2.878296 4.727797 -4.170585 4.993918 11.020517 2e-06 -1e-06 12.109044 -3.735713 -2.86678 0.0 2e-06 0.0 1.291983 -1.928548 -1.498087 14.800118 0.567467 3.865606 14.242561 -1.341734 -6.660652 19.631952 0.143926 -0.648244 50.084335 -1.124114 -7.033072 0.353028 -1.511149 -0.03194 20.222775 3.684309 2.316631 18.787262 3e-06 2e-06 10.75162 -0.479867 1.397906 0.0 0.0 1e-06 3.273805 0.305947 -0.580109 21.486799 11.830368 2.266134 8.162922 2e-06 1e-06 18.399069 -3.798983 -4.940572 2e-06 1e-06 0.0 -1.696485 9.414205 -36.351746 0.182376 0.301185 36.246658 -1.863377 2.730313 -6.849354 1.614257 -1.882406 -1.306613 0.0 -0.0 2e-06 -8.822634 -4.695838 11.596932 0.014139 1.00253 19.176582 7.892824 4.029814 -12.729509 -1.514022 0.840228 -16.29299 0.0 0.0 -1e-06 
0.0 0.0 0.0 0.0 -0.0 0.0 1.910688 94.566261 44.17392 2.486701 -3.316365 5.428707 -0.419479 0.413301 2.748194 -0.828064 1.820372 -4.189939 -1.022513 -0.101314 11.156739 -3.598958 4.088475 -4.29202 0.172149 1.336376 -3.487791 -2.662987 2.015968 -15.793116 7.7e-05 -2.3e-05 6e-06 0.006096 -0.007282 0.019025 0.679686 -3.755268 -10.623138 -0.672799 3.737237 -10.580892 -11.768951 -4.74263 17.26185 -40.82563 -3.906046 31.488703 -0.656938 -47.579891 0.700352 4.13302 -4.7722 9.431606 -5.882105 9.861287 0.702592 -10.936873 -0.360576 7.156205 1e-06 8.774828 -1e-06 -16.026123 17.817814 6.163972 -1.844033 2.498504 -2.507278 -10.163603 4.678946 4.621109 -20.976028 -7e-06 1e-06 -21.226292 2.451696 -3.593999 0.0 -6e-06 0.0 -1.362681 2.240798 -0.746323 -21.334913 0.584906 3.008323 -13.821213 -4e-06 0.0 -23.887175 -0.249081 -0.839482 -60.958477 2.256886 -0.867754 -0.294024 1.679688 0.833256 -14.218209 0.093213 1.300579 -34.212048 -0.287568 0.96717 -20.033216 0.964535 1.212845 1e-06 -0.0 -0.0 -3.440389 0.788233 0.501656 -15.928189 -3.167312 2.999708 -6.338828 -1e-06 2e-06 -18.123447 3.648181 -4.905672 -5e-06 0.0 -2e-06 9.804509 16.566669 16.322664 46.080505 1.171477 10.287327 -0.2807 68.569099 -0.053617 0.288939 7.657043 -1.193719 2.243542 -5.255035 -3.180159 14.282885 -0.826595 6.952498 -0.0 -12.690598 1e-06 16.243822 -18.561691 2.61016 1.665666 -1.955919 -2.878298 4.727797 -4.170586 4.993923 11.020524 2e-06 -2e-06 12.10905 -3.735713 -2.866783 -0.0 2e-06 -1e-06 1.291982 -1.928548 -1.498089 14.800123 0.567468 3.865607 14.242568 -1.341735 -6.660656 19.631958 0.143925 -0.648247 50.263092 -1.097329 -6.854476 0.353028 -1.51115 -0.03194 20.222786 3.684305 2.316627 18.78727 1e-06 -3e-06 10.751625 -0.479871 1.397904 0.0 2e-06 1e-06 3.273806 0.305947 -0.580111 21.486803 11.830368 2.266129 8.162924 2e-06 -0.0 18.399076 -3.798983 -4.940575 3e-06 1e-06 -1e-06 -3.095311 8.619127 -33.631966 0.101096 0.160149 36.253994 -1.441513 2.422916 -9.378957 1.58748 -1.861417 -0.470393 0.0 -0.0 2e-06 -10.817981 -5.52094 7.17996 0.100994 1.236704 30.918047 8.237879 5.004317 -4.053754 -1.654717 0.842802 -25.841829 0.0 0.0 -0.0 
0.0 0.0 0.0 0.0 -0.0 0.0 2.628504 95.291405 48.525673 3.244447 -2.465688 5.147232 -1.067519 0.302468 2.959471 -0.894361 1.602348 -4.10268 -1.34874 -0.352732 10.862079 -3.114351 3.988156 -4.390285 0.035347 1.30395 -3.470915 -2.779729 1.553856 -15.641152 7.7e-05 -2.2e-05 6e-06 0.005301 -0.033556 0.009961 0.68237 -3.786857 -10.641392 -0.675307 3.71536 -10.58685 -11.36955 -5.416783 17.370207 -40.875835 -5.313771 31.529247 -0.156357 -46.272903 0.383461 3.965857 -4.472339 9.165903 -5.88211 9.86129 0.702591 -10.936877 -0.360574 7.156207 -0.0 8.774828 -1e-06 -16.019379 17.795258 6.111557 -1.844033 2.498505 -2.507279 -10.163604 4.678948 4.621109 -20.976032 -2e-06 0.0 -21.226301 2.451699 -3.594003 0.0 -6e-06 -2e-06 -1.362683 2.240799 -0.746322 -21.334929 0.584912 3.00832 -13.821221 -1e-06 0.0 -23.887184 -0.249081 -0.839487 -60.824783 2.275337 -0.802667 -0.294025 1.679688 0.833257 -14.218219 0.093216 1.300581 -34.212074 -0.287563 0.967166 -20.033228 0.964537 1.212842 1e-06 -0.0 -0.0 -3.440389 0.788234 0.501654 -15.928198 -3.16731 2.999707 -6.33883 -1e-06 1e-06 -18.123459 3.648185 -4.905674 -7e-06 0.0 -2e-06 10.163368 16.38842 16.357971 46.858711 0.404188 10.677967 -0.909359 63.673462 -0.414765 0.710832 6.787256 -1.074128 2.243545 -5.255039 -3.180159 14.282892 -0.826595 6.9525 -2e-06 -12.690603 2e-06 16.399883 -18.451838 2.54481 1.665667 -1.955921 -2.878298 4.7278 -4.170587 4.993924 11.020527 1e-06 -1e-06 12.109054 -3.735717 -2.866783 -0.0 2e-06 -2e-06 1.291986 -1.92855 -1.49809 14.800127 0.567468 3.865605 14.242574 -1.341737 -6.660659 19.631969 0.143927 -0.648245 50.190861 -1.076821 -6.748367 0.353029 -1.51115 -0.03194 20.222788 3.68431 2.316629 18.787271 3e-06 -5e-06 10.751627 -0.47987 1.397904 1e-06 0.0 -1e-06 3.273808 0.305947 -0.58011 21.486813 11.830376 2.266129 8.162926 0.0 -2e-06 18.399086 -3.798984 -4.940579 3e-06 -1e-06 -1e-06 -4.165703 8.060309 -29.471352 0.039511 0.006089 34.440311 -1.09796 2.339299 -11.306588 1.56935 -1.878427 -0.365094 0.0 -0.0 2e-06 -12.283765 -5.713142 0.9372 0.237832 1.310044 45.034664 8.551373 5.152546 6.609567 -1.623567 0.777986 -24.744358 0.0 -0.0 -3e-06 
0.0 0.0 0.0 0.0 -0.0 0.0 3.218535 95.976463 52.850056 3.644419 -1.892125 4.67513 -1.575736 0.159624 3.364046 -0.862156 1.254915 -3.985454 -1.51466 -0.581216 10.698074 -2.793686 3.97277 -4.38855 -0.087114 1.263689 -3.494124 -2.941927 1.424657 -15.805249 7.7e-05 -2.3e-05 6e-06 0.010625 -0.042986 -0.017906 0.686499 -3.78202 -10.627615 -0.667425 3.689496 -10.555683 -11.199533 -6.121049 17.661423 -40.268246 -6.488409 30.996157 0.179632 -45.928658 0.239151 4.15672 -4.134791 8.442004 -5.882102 9.861278 0.702592 -10.936863 -0.360574 7.156199 -0.0 8.774817 -0.0 -16.010508 17.843252 6.144567 -1.844032 2.498503 -2.507276 -10.163592 4.678942 4.621104 -20.976006 -2e-06 1e-06 -21.226271 2.451696 -3.593997 0.0 -6e-06 -1e-06 -1.36268 2.240796 -0.746323 -21.334896 0.58491 3.008318 -13.821203 -2e-06 0.0 -23.887146 -0.249079 -0.839485 -60.986698 2.359683 -0.827095 -0.294025 1.679686 0.833256 -14.218197 0.093216 1.300578 -34.212017 -0.287563 0.967167 -20.033197 0.964537 1.212839 2e-06 1e-06 0.0 -3.440387 0.788233 0.501654 -15.928176 -3.167305 2.999702 -6.338821 -1e-06 2e-06 -18.123436 3.648181 -4.90567 -5e-06 -0.0 -3e-06 10.273343 16.184101 16.235777 47.200466 0.299952 11.973159 -0.532981 57.801624 0.027653 2.097213 4.9847 0.423059 2.24354 -5.255033 -3.180159 14.28289 -0.826597 6.952503 -1e-06 -12.6906 -1e-06 16.436325 -18.310408 2.543966 1.665664 -1.95592 -2.878298 4.7278 -4.170588 4.993923 11.020524 2e-06 1e-06 12.109049 -3.735717 -2.866782 1e-06 -1e-06 -0.0 1.291985 -1.928548 -1.498087 14.800125 0.567467 3.865609 14.242567 -1.341739 -6.660654 19.631964 0.143923 -0.648244 50.013283 -1.034642 -6.712736 0.353029 -1.51115 -0.031941 20.222786 3.684306 2.316631 18.78727 4e-06 1e-06 10.751625 -0.47987 1.397904 0.0 2e-06 -1e-06 3.273806 0.305946 -0.58011 21.486811 11.830368 2.266137 8.162924 -0.0 -1e-06 18.39908 -3.798985 -4.940576 4e-06 -1e-06 -1e-06 -4.677829 7.903889 -24.702356 0.028706 -0.066554 31.769556 -0.981614 2.16229 -12.797193 1.597621 -1.852738 -0.977468 0.0 -0.0 2e-06 -12.806515 -5.247665 -5.898571 0.1986 1.173971 58.287018 9.162963 5.353032 12.331188 -1.359946 0.88074 -8.996587 -0.0 -0.0 -1e-06 
0.0 0.0 0.0 0.0 -0.0 0.0 3.708189 96.650246 57.047523 3.543439 -1.684761 4.353817 -1.769246 0.005873 3.650402 -0.81522 0.880697 -3.903264 -1.349171 -0.814953 10.707137 -2.863879 3.974386 -4.502738 -0.084646 1.19755 -3.540966 -3.133453 1.598696 -15.78956 7.7e-05 -2.3e-05 6e-06 0.007422 -0.02224 -0.028828 0.682675 -3.755958 -10.628054 -0.669342 3.703986 -10.562923 -11.308764 -6.639582 17.789907 -39.387005 -7.339716 29.927444 0.371022 -46.240494 0.103403 4.904402 -3.75607 8.239807 -5.882102 9.861279 0.702589 -10.936864 -0.360574 7.1562 0.0 8.774819 -0.0 -16.161907 17.90284 6.086039 -1.844032 2.498502 -2.507276 -10.163593 4.678942 4.621107 -20.976009 -3e-06 1e-06 -21.226273 2.451694 -3.593998 3e-06 -6e-06 -2e-06 -1.362681 2.240798 -0.746323 -21.334898 0.58491 3.008319 -13.821203 -1e-06 1e-06 -23.887154 -0.249078 -0.839485 -61.201534 2.442397 -0.918225 -0.294024 1.679686 0.833256 -14.218197 0.093215 1.30058 -34.212025 -0.287563 0.967167 -20.033197 0.964536 1.212841 1e-06 1e-06 0.0 -3.440387 0.788233 0.501655 -15.928176 -3.167307 2.999704 -6.338822 -1e-06 1e-06 -18.123436 3.64818 -4.905668 -4e-06 -0.0 -1e-06 10.340781 15.912645 16.223854 47.165417 0.288837 13.471218 0.039719 52.400463 0.457834 3.750555 3.111099 3.474795 2.243539 -5.255033 -3.180153 14.282877 -0.826596 6.952499 -0.0 -12.690591 -2e-06 16.381624 -18.146677 2.606821 1.665663 -1.95592 -2.878296 4.727795 -4.170584 4.99392 11.020514 1e-06 2e-06 12.109039 -3.735714 -2.866781 1e-06 -1e-06 1e-06 1.291985 -1.928548 -1.498088 14.800115 0.567465 3.865608 14.242558 -1.341736 -6.66065 19.63195 0.143921 -0.648244 50.087513 -0.896248 -6.631124 0.353029 -1.511149 -0.031942 20.222771 3.684301 2.316631 18.787254 1e-06 1e-06 10.751617 -0.479872 1.397906 0.0 2e-06 0.0 3.273804 0.305947 -0.580108 21.486792 11.830359 2.266135 8.162919 1e-06 0.0 18.399069 -3.798985 -4.94057 4e-06 -0.0 1e-06 -4.542061 7.764092 -19.822138 0.033614 -0.11991 28.41637 -1.014967 2.459919 -13.902929 1.60266 -1.802252 -1.032389 0.0 -0.0 2e-06 -12.414759 -4.931231 -12.739888 0.216186 0.933634 67.618896 8.683408 5.851685 9.644073 -1.361953 0.928735 -5.400149 -0.0 0.0 0.0 
0.0 0.0 0.0 0.0 -0.0 0.0 4.147215 97.3694 61.112465 2.879807 -1.883864 4.147308 -1.601712 -0.115505 3.898748 -0.687575 0.414056 -3.795732 -0.905433 -1.023604 10.758407 -3.108491 3.883576 -4.693462 -0.052745 1.322818 -3.530823 -3.258552 1.930466 -15.410857 7.7e-05 -2.2e-05 6e-06 0.005468 -0.009674 -0.03496 0.677021 -3.736043 -10.61924 -0.667335 3.708618 -10.562593 -11.445009 -7.052571 17.73798 -38.831161 -7.80204 28.124321 0.533453 -47.098961 -0.103608 6.288964 -3.171438 8.006687 -5.882104 9.861284 0.702591 -10.936868 -0.360575 7.156203 0.0 8.774826 0.0 -16.351387 17.895088 5.958028 -1.844031 2.498504 -2.507277 -10.163595 4.678944 4.621108 -20.976017 -4e-06 3e-06 -21.226282 2.451697 -3.593998 3e-06 -6e-06 -1e-06 -1.362682 2.240798 -0.746322 -21.334906 0.584909 3.008322 -13.821208 -2e-06 4e-06 -23.887161 -0.24908 -0.839481 -61.063328 2.464978 -1.016292 -0.294025 1.679687 0.833256 -14.218205 0.093214 1.30058 -34.212036 -0.287565 0.967172 -20.033209 0.964535 1.212843 0.0 -0.0 0.0 -3.440387 0.788234 0.501656 -15.928183 -3.16731 2.999707 -6.338825 -1e-06 1e-06 -18.123444 3.648183 -4.905668 -5e-06 -0.0 -3e-06 10.263303 15.729043 16.210817 47.073303 -0.103746 14.669011 0.487663 48.311779 0.637225 5.083699 1.58709 6.393288 2.243541 -5.255036 -3.180156 14.282887 -0.826596 6.952496 -1e-06 -12.690605 0.0 16.302185 -17.912689 2.622777 1.665666 -1.955921 -2.878297 4.727797 -4.170588 4.993919 11.020523 2e-06 -3e-06 12.109051 -3.735717 -2.866783 0.0 -0.0 3e-06 1.291985 -1.928548 -1.498089 14.800125 0.567467 3.865602 14.242572 -1.341738 -6.660659 19.631966 0.143926 -0.648245 50.159748 -0.867604 -6.571134 0.35303 -1.511152 -0.031939 20.222786 3.684309 2.316627 18.78727 5e-06 -4e-06 10.751624 -0.479869 1.397903 -0.0 -1e-06 2e-06 3.273806 0.305946 -0.580112 21.486809 11.830372 2.266128 8.162924 2e-06 -2e-06 18.399076 -3.798985 -4.940578 4e-06 -0.0 -3e-06 -3.776949 7.651514 -14.726686 0.028452 -0.229143 24.320766 -1.26434 3.193269 -14.669717 1.608391 -1.794232 -0.99067 0.0 -0.0 2e-06 -11.038602 -4.770938 -19.547764 0.218333 0.602947 71.758842 8.022789 5.837531 5.525039 -1.391281 0.926128 -4.664876 0.0 0.0 -3e-06 
0.0 0.0 0.0 0.0 -0.0 0.0 4.537965 97.880249 65.195473 1.954649 -2.138324 4.186236 -1.293355 -0.264394 4.088555 -0.497115 -0.153015 -3.682906 -0.359193 -1.327726 10.797071 -3.153085 3.746335 -4.975539 -0.045338 1.618335 -3.48952 -3.391498 2.349865 -14.862186 7.7e-05 -2.3e-05 6e-06 0.005627 -0.020188 -0.029187 0.671132 -3.73979 -10.59536 -0.660829 3.692785 -10.545401 -11.363265 -7.419887 17.48682 -38.583069 -7.84081 25.777977 0.730366 -48.985279 -0.334517 8.130835 -2.294119 7.393279 -5.882103 9.861281 0.70259 -10.936866 -0.360575 7.156202 1e-06 8.774821 -2e-06 -16.509655 17.845551 5.873013 -1.844034 2.498504 -2.507277 -10.163595 4.678942 4.621107 -20.976015 -4e-06 2e-06 -21.226276 2.451694 -3.593999 0.0 -6e-06 -1e-06 -1.362681 2.240797 -0.746322 -21.334904 0.584907 3.008322 -13.821207 -4e-06 1e-06 -23.887161 -0.24908 -0.839482 -60.624119 2.48536 -1.028004 -0.294025 1.679687 0.833256 -14.218201 0.093215 1.300581 -34.21204 -0.287566 0.96717 -20.033205 0.964535 1.212844 -2e-06 0.0 0.0 -3.440386 0.788233 0.501656 -15.928179 -3.167309 2.999706 -6.338823 -1e-06 1e-06 -18.123438 3.64818 -4.905669 -3e-06 -0.0 -3e-06 10.267836 15.526985 16.129211 46.673801 -1.159449 15.35113 0.971015 46.215885 0.77922 6.091933 0.842153 8.198867 2.243541 -5.255034 -3.180155 14.282886 -0.826595 6.952499 -2e-06 -12.690597 1e-06 16.229357 -17.770975 2.627904 1.665665 -1.95592 -2.878298 4.727797 -4.170585 4.99392 11.020522 3e-06 -1e-06 12.109047 -3.735714 -2.866783 0.0 -0.0 1e-06 1.291985 -1.928549 -1.498088 14.800122 0.567466 3.865608 14.242567 -1.341736 -6.660658 19.631954 0.143924 -0.648245 50.169895 -0.935457 -6.610565 0.353029 -1.51115 -0.03194 20.222786 3.684307 2.316628 18.78727 3e-06 -0.0 10.751626 -0.479869 1.397905 2e-06 -1e-06 -0.0 3.273806 0.305947 -0.580108 21.486803 11.830364 2.266131 8.162924 0.0 0.0 18.399075 -3.798982 -4.94057 4e-06 -0.0 -1e-06 -2.729905 7.494843 -9.723436 0.01869 -0.35304 19.927197 -1.755479 3.985322 -15.203531 1.619068 -1.830069 -0.929817 -0.0 0.0 2e-06 -9.028535 -4.915051 -26.063515 0.165931 0.293188 71.047188 7.666101 5.421122 1.904915 -1.426625 0.914861 -4.445966 0.0 0.0 -3e-06 
0.0 0.0 0.0 0.0 -0.0 0.0 4.850276 98.007759 69.479599 0.99368 -2.226561 4.574739 -0.977383 -0.478111 4.134284 -0.303878 -0.731834 -3.60589 0.161749 -1.709128 10.84202 -2.897864 3.577703 -5.326902 -0.021871 1.921058 -3.464911 -3.513311 2.847467 -14.390411 7.7e-05 -2.2e-05 6e-06 0.002913 -0.056176 -0.014966 0.662558 -3.77884 -10.584939 -0.657283 3.663027 -10.54008 -11.045341 -7.821628 17.00288 -38.322369 -7.524417 23.328205 1.007816 -52.21574 -0.566782 10.064851 -1.351558 6.362761 -5.882102 9.861282 0.702589 -10.936868 -0.360578 7.156204 2e-06 8.774823 -3e-06 -16.602665 17.856413 5.848356 -1.844029 2.498504 -2.507278 -10.163596 4.678941 4.621108 -20.976021 -8e-06 2e-06 -21.22628 2.451692 -3.593997 2e-06 -6e-06 -1e-06 -1.362681 2.240797 -0.746323 -21.334904 0.584905 3.008322 -13.821207 -5e-06 3e-06 -23.887159 -0.249083 -0.83948 -60.153149 2.529715 -1.027973 -0.294025 1.679687 0.833256 -14.218204 0.093212 1.300581 -34.212036 -0.287571 0.967173 -20.033209 0.964534 1.212844 2e-06 2e-06 0.0 -3.440388 0.788233 0.501656 -15.928181 -3.167313 2.999706 -6.338825 -3e-06 1e-06 -18.123442 3.648178 -4.905668 -4e-06 -0.0 -2e-06 10.573136 15.197808 16.007996 45.847515 -2.731125 15.617117 1.538734 45.771164 1.05644 6.926383 0.896108 8.776957 2.243539 -5.255031 -3.180153 14.282879 -0.826592 6.952494 -3e-06 -12.690593 -0.0 16.195307 -17.762011 2.624058 1.665664 -1.955919 -2.878294 4.727795 -4.170583 4.993917 11.020514 4e-06 -0.0 12.109039 -3.735712 -2.866782 1e-06 -0.0 3e-06 1.291984 -1.928547 -1.498089 14.800115 0.567469 3.865603 14.242558 -1.341736 -6.660646 19.63195 0.143926 -0.648243 50.191231 -1.007066 -6.717868 0.353029 -1.511149 -0.031938 20.222771 3.684308 2.316628 18.787254 6e-06 1e-06 10.751617 -0.479867 1.397907 -0.0 -1e-06 1e-06 3.273803 0.305947 -0.58011 21.486795 11.830364 2.266131 8.162921 4e-06 -2e-06 18.399063 -3.798982 -4.940569 3e-06 -1e-06 -1e-06 -1.64954 7.413295 -5.25891 -0.003492 -0.464887 15.920543 -2.298494 4.578421 -15.710572 1.635701 -1.879301 -0.909631 0.0 -0.0 2e-06 -6.700913 -5.382802 -31.761623 0.0909 0.074805 65.82962 7.635134 4.368955 -1.025584 -1.450153 0.899809 -4.492232 -0.0 0.0 -4e-06 
0.0 0.0 0.0 0.0 -0.0 0.0 5.076444 97.756935 73.9757 0.164091 -2.060915 5.206577 -0.797247 -0.647739 4.057202 -0.152271 -1.32387 -3.589904 0.625714 -2.159275 10.89248 -2.35615 3.457842 -5.682977 0.0278 2.101877 -3.468708 -3.65535 3.29258 -14.274366 7.8e-05 -2.2e-05 6e-06 -0.005532 -0.097468 0.004392 0.655539 -3.832435 -10.598908 -0.666922 3.63784 -10.557378 -10.489761 -8.29458 16.480068 -37.794167 -7.031512 20.930201 1.375989 -56.874783 -0.878888 11.98352 -0.657435 5.255162 -5.882096 9.861271 0.70259 -10.936856 -0.360575 7.156196 2e-06 8.774811 -1e-06 -16.673864 17.965904 5.827812 -1.844029 2.4985 -2.507272 -10.163585 4.678937 4.621101 -20.975994 -2e-06 4e-06 -21.226255 2.451695 -3.593994 2e-06 -6e-06 1e-06 -1.36268 2.240794 -0.746322 -21.334883 0.584908 3.008321 -13.821193 -2e-06 5e-06 -23.887135 -0.249077 -0.839479 -59.936531 2.616516 -1.042202 -0.294023 1.679685 0.833255 -14.218187 0.093214 1.300581 -34.212002 -0.287562 0.967172 -20.033184 0.964536 1.212843 0.0 0.0 0.0 -3.440382 0.788232 0.501655 -15.928162 -3.167304 2.999703 -6.338816 0.0 2e-06 -18.123417 3.648179 -4.90566 -4e-06 -0.0 -3e-06 11.089214 14.667459 15.852517 44.872898 -4.456132 15.814875 2.188526 46.05521 1.433772 7.464343 1.456804 9.071836 2.243538 -5.25503 -3.18015 14.282872 -0.826593 6.952494 -2e-06 -12.690588 -2e-06 16.19647 -17.86418 2.600232 1.665664 -1.955919 -2.878295 4.727793 -4.170581 4.993917 11.020512 3e-06 -1e-06 12.109035 -3.73571 -2.86678 1e-06 -0.0 3e-06 1.291984 -1.928547 -1.498087 14.800108 0.567469 3.865603 14.242553 -1.341734 -6.660647 19.631941 0.143927 -0.648241 50.263634 -1.031371 -6.843932 0.353029 -1.511149 -0.03194 20.222765 3.684307 2.316627 18.787249 5e-06 2e-06 10.751616 -0.479868 1.397907 -0.0 -2e-06 1e-06 3.273803 0.305947 -0.58011 21.486786 11.83036 2.26613 8.162917 2e-06 -2e-06 18.399055 -3.798978 -4.940567 3e-06 -1e-06 -1e-06 -0.620113 7.540461 -1.336634 -0.022986 -0.495872 12.683927 -2.904717 4.790781 -16.375328 1.656607 -1.914393 -1.075977 0.0 -0.0 2e-06 -4.266227 -5.883296 -35.956245 0.045238 0.011586 56.411373 7.878949 2.852251 -3.058929 -1.460049 0.878936 -4.437912 0.0 -0.0 -1e-06 
0.0 0.0 0.0 0.0 -0.0 0.0 5.106212 97.244064 78.511002 -0.514017 -1.621797 5.768631 -0.755519 -0.674642 3.948792 -0.024191 -1.93207 -3.64232 1.038525 -2.652318 10.986012 -1.640825 3.406722 -5.922522 0.026156 2.127859 -3.482763 -3.746265 3.529681 -14.503702 7.7e-05 -2.3e-05 6e-06 -0.019163 -0.138674 0.02251 0.654075 -3.882497 -10.629798 -0.693002 3.610919 -10.588382 -9.65947 -8.788598 16.135134 -37.252007 -6.693528 18.804733 2.090059 -62.204773 -1.680852 14.08487 -0.387765 4.534759 -5.882093 9.861277 0.702593 -10.936856 -0.360576 7.156202 3e-06 8.77482 0.0 -16.627943 18.087484 5.870762 -1.844029 2.498502 -2.507276 -10.163586 4.678937 4.621109 -20.975998 -8e-06 5e-06 -21.226255 2.451692 -3.593992 0.0 -6e-06 0.0 -1.362678 2.240795 -0.746322 -21.334887 0.584905 3.008326 -13.821192 -5e-06 4e-06 -23.887135 -0.24908 -0.839475 -60.032642 2.763538 -1.026062 -0.294023 1.679685 0.833256 -14.218191 0.093212 1.300583 -34.212009 -0.287567 0.967178 -20.033188 0.964534 1.212848 -0.0 1e-06 -0.0 -3.440384 0.788231 0.501653 -15.928167 -3.167312 2.999707 -6.338818 -1e-06 2e-06 -18.123421 3.648176 -4.905662 -4e-06 1e-06 -2e-06 11.464932 13.949922 15.808044 44.422272 -5.936301 16.036089 2.566021 46.2864 1.696443 7.511805 2.189624 8.92268 2.243539 -5.255035 -3.180155 14.282885 -0.826591 6.952499 -6e-06 -12.690604 2e-06 16.188 -18.033266 2.643827 1.665665 -1.95592 -2.878299 4.727794 -4.170586 4.993925 11.02052 7e-06 -0.0 12.109043 -3.735711 -2.866782 -0.0 0.0 2e-06 1.291984 -1.928548 -1.498089 14.800123 0.567473 3.865608 14.242564 -1.341731 -6.660655 19.631958 0.143932 -0.64824 50.311466 -0.956317 -6.884314 0.353028 -1.51115 -0.03194 20.222784 3.684316 2.316629 18.787266 1e-05 2e-06 10.751621 -0.479867 1.397909 -2e-06 -2e-06 1e-06 3.273805 0.305948 -0.58011 21.486807 11.83038 2.266133 8.162923 4e-06 1e-06 18.399071 -3.79898 -4.940567 2e-06 -1e-06 -1e-06 0.475113 7.854246 2.345691 -0.025259 -0.488928 10.283862 -3.601486 4.427149 -17.170656 1.668904 -1.927045 -1.540959 0.0 -0.0 2e-06 -2.104217 -6.00967 -37.68119 0.114156 0.05258 43.321499 7.939776 0.922291 -3.527391 -1.473961 0.918119 -4.089342 -0.0 -0.0 -1e-06 
0.0 0.0 0.0 0.0 -0.0 0.0 4.93916 96.581055 83.303398 -1.131986 -0.816246 6.107157 -0.662758 -0.69302 3.793291 0.048725 -2.350832 -3.767146 1.444189 -3.246961 11.065607 -1.048587 3.310221 -5.97464 0.025821 2.241055 -3.497775 -3.843891 3.434642 -14.732144 7.7e-05 -2.3e-05 6e-06 -0.020139 -0.123924 0.018273 0.653134 -3.878947 -10.662548 -0.694859 3.639053 -10.631996 -8.762442 -9.338236 15.93128 -36.944038 -6.470901 17.098324 2.926969 -67.371758 -2.754862 16.414516 -0.636669 4.345849 -5.8821 9.861274 0.702585 -10.936861 -0.360577 7.156197 0.0 8.774813 -5e-06 -16.474779 17.990589 6.031285 -1.84403 2.498502 -2.507273 -10.163592 4.678937 4.621102 -20.976004 -1e-06 8e-06 -21.226269 2.451697 -3.593994 1e-06 -6e-06 2e-06 -1.362679 2.240797 -0.746323 -21.334894 0.584908 3.008321 -13.821197 -2e-06 3e-06 -23.887142 -0.249076 -0.839479 -60.096233 2.806876 -0.873572 -0.294023 1.679685 0.833254 -14.218191 0.093213 1.300582 -34.212017 -0.28756 0.967175 -20.033194 0.964537 1.212845 0.0 1e-06 1e-06 -3.440387 0.788232 0.501656 -15.928168 -3.167306 2.999706 -6.33882 -0.0 1e-06 -18.123425 3.648176 -4.905663 -5e-06 -0.0 -2e-06 11.60586 13.119168 15.945985 44.749779 -7.292085 16.188868 2.425215 46.251125 1.712485 7.380725 2.976911 8.324614 2.24354 -5.255029 -3.180153 14.282869 -0.826596 6.952494 -0.0 -12.690583 2e-06 16.079613 -18.071348 2.80912 1.665664 -1.955919 -2.878297 4.727792 -4.170582 4.993917 11.020511 1e-06 -3e-06 12.109036 -3.735713 -2.86678 -1e-06 0.0 0.0 1.291984 -1.928547 -1.49809 14.800108 0.567464 3.865601 14.242554 -1.341737 -6.660652 19.631937 0.143923 -0.648247 50.29427 -0.852114 -6.697713 0.353029 -1.511148 -0.03194 20.222761 3.6843 2.316627 18.787249 2e-06 -4e-06 10.751612 -0.47987 1.397902 -1e-06 1e-06 -0.0 3.273802 0.305946 -0.580108 21.486778 11.830354 2.266128 8.162915 0.0 -2e-06 18.399055 -3.798981 -4.940572 3e-06 0.0 -1e-06 1.919371 8.25341 5.958148 -0.008787 -0.533621 8.857726 -4.505662 3.357771 -17.696863 1.699596 -1.931162 -2.488709 -0.0 -1e-06 2e-06 -0.753727 -5.167197 -37.372509 0.237084 0.229769 29.443871 8.319367 -0.366916 -3.043269 -1.445964 0.998004 -4.04857 -0.0 -0.0 0.0 
0.0 0.0 0.0 0.0 -0.0 0.0 4.617648 95.791557 88.511177 -1.782159 0.517987 6.260054 -0.284939 -0.735052 3.346559 0.049712 -2.733751 -3.896389 1.751286 -3.824835 11.177364 -0.761404 3.30438 -5.796666 0.091826 2.066532 -3.492436 -3.807346 3.295752 -14.793693 7.6e-05 -2.3e-05 6e-06 -0.003665 -0.095982 0.018317 0.655691 -3.8441 -10.627292 -0.66765 3.660367 -10.601663 -8.392476 -9.875665 15.838244 -36.499886 -6.520514 16.365583 4.174461 -71.286415 -4.283986 18.360365 -1.179095 4.59081 -5.882107 9.861279 0.702588 -10.936868 -0.360576 7.156199 -1e-06 8.774817 -6e-06 -16.382925 17.913832 6.323433 -1.844033 2.498503 -2.507276 -10.163597 4.678939 4.621104 -20.976019 -0.0 5e-06 -21.226278 2.451698 -3.593998 0.0 -7e-06 2e-06 -1.362679 2.240796 -0.746324 -21.334909 0.584911 3.008323 -13.821212 -1e-06 1e-06 -23.887163 -0.249075 -0.839481 -60.308029 2.711365 -0.54544 -0.294026 1.679687 0.833255 -14.218206 0.093214 1.30058 -34.21204 -0.28756 0.967172 -20.033209 0.964537 1.212843 1e-06 0.0 0.0 -3.440387 0.788233 0.501655 -15.928181 -3.167307 2.999707 -6.338823 -2e-06 0.0 -18.123442 3.64818 -4.905667 -5e-06 -1e-06 -2e-06 11.945987 12.359656 16.025745 45.444004 -8.569569 16.366213 2.208173 45.515644 1.724066 7.084928 3.596668 8.201773 2.243541 -5.255033 -3.180155 14.28288 -0.826599 6.952503 2e-06 -12.690593 1e-06 15.959164 -17.904858 2.949886 1.665665 -1.955921 -2.878297 4.727796 -4.170585 4.993925 11.020515 -1e-06 -0.0 12.109044 -3.735719 -2.866783 -1e-06 0.0 2e-06 1.291984 -1.928548 -1.498091 14.800115 0.567461 3.865608 14.242558 -1.341741 -6.660655 19.631945 0.143917 -0.64825 50.303932 -0.824466 -6.461373 0.353029 -1.511149 -0.031938 20.222771 3.684298 2.31663 18.787256 -2e-06 -3e-06 10.751619 -0.479872 1.397904 0.0 -0.0 0.0 3.273804 0.305945 -0.58011 21.48679 11.830355 2.266135 8.162921 -2e-06 1e-06 18.399067 -3.798989 -4.940573 3e-06 0.0 -3e-06 3.945734 8.612906 8.77814 0.049492 -0.625906 9.617815 -5.781836 1.454721 -17.872889 1.724929 -1.933972 -4.388676 -0.0 -0.0 2e-06 -0.085749 -3.77136 -36.439632 0.249364 0.436058 20.798758 9.062407 -1.431643 -1.828621 -1.414434 1.021781 -4.328967 0.0 -0.0 -1e-06 
0.0 0.0 0.0 0.0 -0.0 0.0 4.192385 95.013969 93.827782 -2.668857 2.040452 6.067039 0.548667 -0.659086 2.982015 0.107721 -3.16148 -4.028089 1.976843 -4.133388 11.18074 -1.040484 3.258362 -5.554374 0.156299 1.942357 -3.486543 -3.553327 2.878458 -14.499514 7.7e-05 -2.3e-05 6e-06 0.023642 -0.023361 0.019411 0.676401 -3.763802 -10.595045 -0.636537 3.726322 -10.582396 -8.508862 -10.134934 15.786162 -36.139526 -6.842 16.419546 5.271216 -73.912521 -5.487885 19.162491 -1.664237 5.122509 -5.8821 9.86128 0.70259 -10.936865 -0.360572 7.156201 -3e-06 8.77482 -1e-06 -16.180168 17.916876 6.557079 -1.844032 2.498503 -2.507275 -10.163589 4.678942 4.621106 -20.976004 -2e-06 1e-06 -21.226265 2.451696 -3.594 0.0 -7e-06 0.0 -1.362681 2.240797 -0.746324 -21.334896 0.584909 3.008321 -13.821201 -2e-06 1e-06 -23.887148 -0.24908 -0.839485 -60.424541 2.582493 -0.437269 -0.294025 1.679686 0.833255 -14.218196 0.093215 1.30058 -34.212021 -0.287564 0.967168 -20.033194 0.964535 1.212842 -0.0 0.0 -0.0 -3.440387 0.788233 0.501654 -15.928168 -3.167306 2.999706 -6.338818 -0.0 0.0 -18.123426 3.648179 -4.905668 -5e-06 1e-06 -2e-06 12.154823 11.674593 16.246744 46.571949 -9.478957 16.019848 2.204803 44.506615 1.731077 6.718307 3.893296 8.569652 2.24354 -5.255033 -3.180157 14.282881 -0.826595 6.952501 -3e-06 -12.690595 0.0 15.839359 -17.852488 2.935015 1.665665 -1.95592 -2.878296 4.727796 -4.170584 4.99392 11.020517 3e-06 -1e-06 12.10904 -3.735712 -2.866783 0.0 -0.0 0.0 1.291984 -1.928548 -1.498086 14.800118 0.567468 3.865605 14.242563 -1.341734 -6.660654 19.631954 0.143925 -0.648244 50.417248 -0.759021 -6.388579 0.353029 -1.511149 -0.03194 20.22278 3.684307 2.316632 18.787258 3e-06 0.0 10.751619 -0.479869 1.397906 0.0 1e-06 0.0 3.273804 0.305947 -0.580114 21.486797 11.830366 2.266131 8.162922 2e-06 -1e-06 18.399071 -3.798982 -4.940571 3e-06 -1e-06 -1e-06 6.509319 8.544693 9.864265 0.060248 -0.838405 14.501141 -6.97609 -0.627715 -16.995129 1.847674 -1.983259 -9.048046 -0.0 -0.0 2e-06 1.051106 -3.19774 -35.94788 0.240827 0.504752 21.80057 7.175647 -2.53685 0.946139 -1.434824 0.964216 -4.212916 -0.0 -0.0 -2e-06 
0.0 0.0 0.0 0.0 -0.0 0.0 3.758027 94.412048 99.477348 -3.302508 3.113765 5.411829 1.215811 -0.469928 2.994404 0.172003 -3.173463 -3.986501 2.290488 -4.291198 11.008015 -1.731717 3.242147 -5.205273 0.157598 1.876155 -3.488583 -3.121181 2.558542 -14.978535 7.7e-05 -2.3e-05 6e-06 0.01993 -0.020791 0.037669 0.676579 -3.761621 -10.574195 -0.645693 3.727376 -10.570874 -8.874505 -9.801012 15.762179 -36.524616 -7.293064 16.29122 4.731589 -75.506805 -4.864557 19.29781 -2.527832 5.889429 -5.882103 9.861283 0.702591 -10.936865 -0.360572 7.156201 1e-06 8.77482 -0.0 -16.263069 17.99394 6.478275 -1.84403 2.498502 -2.507278 -10.163591 4.678944 4.621107 -20.976009 -0.0 2e-06 -21.226271 2.451695 -3.594 0.0 -5e-06 -0.0 -1.36268 2.240797 -0.746322 -21.3349 0.584911 3.00832 -13.821204 -3e-06 1e-06 -23.887154 -0.249078 -0.839484 -60.52293 2.746044 -0.763156 -0.294026 1.679686 0.833255 -14.2182 0.093217 1.300581 -34.212025 -0.287561 0.967168 -20.033197 0.964536 1.212842 0.0 0.0 0.0 -3.440386 0.788233 0.501656 -15.928172 -3.167307 2.999704 -6.338824 1e-06 1e-06 -18.123436 3.648182 -4.905669 -3e-06 -0.0 -2e-06 11.927101 11.442425 16.260216 48.167614 -10.134395 15.871736 1.592496 43.60424 1.420405 6.242201 4.342283 8.588079 2.243541 -5.255035 -3.180159 14.282887 -0.826595 6.952503 -2e-06 -12.690601 1e-06 16.103889 -17.845795 2.722863 1.665665 -1.955921 -2.878298 4.727798 -4.170587 4.993924 11.020522 2e-06 -1e-06 12.109048 -3.735716 -2.866783 -1e-06 1e-06 -1e-06 1.291985 -1.928549 -1.49809 14.800123 0.567468 3.865609 14.242569 -1.341736 -6.660655 19.631958 0.143926 -0.648242 50.366867 -0.669593 -6.282538 0.353029 -1.51115 -0.031941 20.222786 3.684309 2.316628 18.78727 4e-06 1e-06 10.751625 -0.479868 1.397905 0.0 1e-06 0.0 3.273806 0.305947 -0.580109 21.486803 11.830368 2.266132 8.162925 3e-06 1e-06 18.399076 -3.798984 -4.94057 3e-06 0.0 -2e-06 8.943167 9.142641 8.444588 0.110729 -1.133936 24.882778 -6.6118 -1.748543 -12.368841 2.109398 -2.005328 -18.722172 0.0 -0.0 2e-06 1.996532 -3.344278 -35.618431 0.200904 0.323156 28.920218 3.864763 -2.822882 -0.792451 -1.462506 0.842701 -2.321768 0.0 0.0 -1e-06 
0.0 0.0 0.0 0.0 -0.0 0.0 3.480617 94.29641 105.031166 -3.503919 3.549726 4.77526 1.713253 -0.116286 3.253567 0.28173 -2.772778 -3.934542 2.438456 -4.369941 10.877761 -2.481631 3.345971 -5.21615 0.079282 1.53792 -3.483113 -2.944477 2.390548 -15.738102 7.7e-05 -2.3e-05 6e-06 0.027178 0.014225 0.042069 0.690631 -3.752077 -10.620946 -0.647053 3.784164 -10.610058 -9.090256 -9.02583 15.80126 -38.070404 -7.678195 15.863552 2.691158 -75.848778 -2.489303 19.490454 -3.761658 6.584115 -5.882105 9.861285 0.702591 -10.936873 -0.360576 7.156208 1e-06 8.774826 -2e-06 -16.199755 18.091753 6.421319 -1.844036 2.498505 -2.507279 -10.163602 4.678944 4.621109 -20.976027 -5e-06 3e-06 -21.226288 2.451694 -3.593999 -0.0 -4e-06 0.0 -1.362683 2.240798 -0.746322 -21.334917 0.584909 3.008326 -13.821214 -3e-06 3e-06 -23.887173 -0.249079 -0.83948 -60.532921 2.802852 -0.898824 -0.294026 1.679687 0.833255 -14.218212 0.093214 1.300581 -34.212051 -0.287565 0.967174 -20.033213 0.964537 1.212846 0.0 0.0 0.0 -3.440391 0.788233 0.501655 -15.928189 -3.167312 2.999709 -6.338826 -1e-06 3e-06 -18.123451 3.64818 -4.905669 -4e-06 -0.0 -2e-06 11.0748 11.858453 16.567305 49.950226 -9.645659 15.819102 0.94004 43.151825 1.251415 5.118125 4.776026 8.589656 2.243541 -5.255035 -3.180159 14.282887 -0.826594 6.9525 -3e-06 -12.690601 -2e-06 16.166187 -17.756504 2.488347 1.665666 -1.955921 -2.878297 4.727797 -4.170587 4.99392 11.020522 3e-06 -2e-06 12.109048 -3.735715 -2.866783 -0.0 0.0 0.0 1.291985 -1.928549 -1.498089 14.800122 0.567469 3.865601 14.242568 -1.341735 -6.660656 19.631966 0.143926 -0.648245 50.075565 -0.602268 -6.313907 0.353029 -1.51115 -0.031942 20.222786 3.68431 2.316628 18.78727 6e-06 -4e-06 10.751625 -0.479868 1.397903 -1e-06 0.0 2e-06 3.273806 0.305947 -0.58011 21.486809 11.830372 2.266133 8.162924 3e-06 -1e-06 18.399076 -3.798984 -4.940577 2e-06 -0.0 0.0 10.140534 10.379567 3.575845 -0.018459 -1.390736 39.753578 -3.02839 1.205007 -3.534778 2.235105 -1.807493 -25.128469 0.0 0.0 3e-06 2.537292 -4.149033 -33.77269 0.139271 0.134884 33.886467 2.254126 -2.332838 -6.061364 -1.465233 0.797675 -0.808729 -0.0 -0.0 -1e-06 
0.0 0.0 0.0 0.0 -0.0 0.0 3.489115 94.730774 110.275696 -3.744254 3.286204 4.468444 2.342331 0.133155 3.610352 0.433711 -2.196647 -3.900501 2.611669 -3.863063 10.77647 -3.026651 3.63219 -5.652685 -0.238673 1.100816 -3.460478 -2.903895 2.254651 -16.240938 7.7e-05 -2.2e-05 6e-06 0.00885 -0.017068 0.049822 0.654111 -3.791476 -10.615093 -0.646483 3.758682 -10.594301 -9.730084 -8.212202 15.868073 -39.924618 -7.452016 15.280501 1.522498 -75.261116 -1.018804 19.895958 -4.695901 7.284052 -5.882102 9.861281 0.70259 -10.936862 -0.360577 7.156205 3e-06 8.774822 1e-06 -16.26742 18.182859 6.344213 -1.844029 2.498504 -2.507276 -10.163591 4.678942 4.621107 -20.976007 -6e-06 2e-06 -21.226273 2.451694 -3.593999 0.0 -7e-06 -2e-06 -1.362682 2.240798 -0.746325 -21.334898 0.584906 3.008324 -13.821204 -4e-06 3e-06 -23.887154 -0.249081 -0.839479 -60.588314 2.728042 -0.963434 -0.294025 1.679686 0.833254 -14.218197 0.093213 1.300582 -34.212025 -0.287568 0.967175 -20.033199 0.964536 1.212847 -0.0 -0.0 -0.0 -3.440384 0.788231 0.501654 -15.928176 -3.167309 2.999708 -6.33882 -1e-06 2e-06 -18.123436 3.648182 -4.905667 -5e-06 -1e-06 -3e-06 10.272916 12.892749 17.196815 50.561367 -8.440611 16.020584 0.484077 44.011009 0.998278 3.804849 5.331109 8.774758 2.243537 -5.255033 -3.180154 14.28288 -0.82659 6.952503 -7e-06 -12.690597 1e-06 16.008842 -17.636492 2.436257 1.665664 -1.955919 -2.878297 4.727794 -4.170583 4.993919 11.020516 6e-06 1e-06 12.109038 -3.73571 -2.866781 -1e-06 -0.0 3e-06 1.291984 -1.928548 -1.49809 14.800117 0.567473 3.865605 14.242558 -1.341731 -6.660649 19.63195 0.14393 -0.648238 49.974052 -0.559864 -6.206492 0.353028 -1.51115 -0.031941 20.222771 3.684315 2.316633 18.787254 1e-05 4e-06 10.751616 -0.479867 1.397911 0.0 1e-06 2e-06 3.273804 0.305948 -0.580111 21.486803 11.830376 2.266136 8.162921 3e-06 -2e-06 18.399067 -3.79898 -4.940567 3e-06 -1e-06 -0.0 10.256888 12.089149 -3.633755 -0.146514 -1.358177 54.944275 1.540762 5.268161 6.076522 2.089346 -1.875032 -13.38433 0.0 0.0 2e-06 3.024136 -5.229357 -29.970129 0.117451 0.05979 34.181282 1.370728 -1.16014 -9.613257 -1.450496 0.81176 -0.741139 0.0 0.0 -1e-06 
0.0 0.0 0.0 0.0 -0.0 0.0 3.717851 95.589897 115.254524 -3.955492 2.201643 4.491495 2.964297 0.364166 3.932239 0.439228 -1.40358 -3.853304 2.763236 -2.839044 10.603281 -3.45502 3.871534 -6.087816 -0.440795 0.834465 -3.436418 -2.996376 2.238118 -16.583136 7.7e-05 -2.2e-05 6e-06 -0.006008 -0.01125 0.052116 0.640647 -3.787774 -10.610663 -0.662465 3.765292 -10.595768 -10.62916 -7.412905 15.713218 -41.393616 -6.367435 15.141869 1.234149 -74.291733 -0.362039 20.197666 -4.659954 8.092086 -5.882108 9.861281 0.702592 -10.93687 -0.360574 7.156203 -0.0 8.774822 -1e-06 -16.346914 18.205751 6.226015 -1.844032 2.498503 -2.507276 -10.163598 4.678945 4.621109 -20.976021 -2e-06 2e-06 -21.226284 2.451697 -3.593998 0.0 -7e-06 -0.0 -1.362682 2.240796 -0.746325 -21.334911 0.584909 3.008321 -13.821213 -4e-06 3e-06 -23.887167 -0.249079 -0.839484 -60.493626 2.635868 -1.005053 -0.294024 1.679686 0.833256 -14.218207 0.093214 1.300581 -34.212048 -0.287564 0.967169 -20.033209 0.964536 1.212842 0.0 -0.0 0.0 -3.440389 0.788234 0.501657 -15.928185 -3.167306 2.999704 -6.338827 -0.0 1e-06 -18.123444 3.648181 -4.905669 -5e-06 -1e-06 -3e-06 9.999209 14.09431 17.770388 49.42186 -7.18097 16.356501 0.179693 46.741886 0.790938 2.353759 5.94474 9.3101 2.24354 -5.255033 -3.180154 14.282883 -0.826593 6.952495 -3e-06 -12.690596 1e-06 15.833707 -17.580931 2.46243 1.665665 -1.95592 -2.878295 4.727797 -4.170585 4.99392 11.02052 3e-06 -1e-06 12.109046 -3.735713 -2.866782 -0.0 -0.0 2e-06 1.291985 -1.928548 -1.498088 14.80012 0.567469 3.865604 14.242565 -1.341735 -6.660653 19.631958 0.143928 -0.648246 50.008427 -0.685923 -6.296014 0.353029 -1.51115 -0.031941 20.22278 3.684309 2.316626 18.787262 6e-06 -1e-06 10.751622 -0.479868 1.397906 0.0 -1e-06 0.0 3.273805 0.305947 -0.580111 21.486807 11.83037 2.266129 8.162923 2e-06 -2e-06 18.399071 -3.798982 -4.940573 4e-06 -0.0 -0.0 9.364097 13.448639 -10.775551 -0.187057 -1.026928 65.725632 0.771507 2.679272 6.19873 1.961817 -1.992597 -5.810571 -0.0 -0.0 2e-06 3.189265 -5.675202 -25.301121 0.061196 0.027573 31.679674 1.261087 0.00778 -11.678223 -1.446129 0.777399 -0.972849 -0.0 -0.0 -1e-06 
0.0 0.0 0.0 0.0 -0.0 0.0 4.039459 96.708038 120.187202 -3.644558 1.032128 4.587534 3.154133 0.60025 4.272185 0.285653 -0.611634 -3.735705 2.61869 -1.925872 10.414119 -3.69736 3.917416 -6.616704 -0.455923 0.837735 -3.419042 -3.127319 2.227178 -16.394663 7.7e-05 -2.3e-05 6e-06 -0.00921 0.026046 0.045192 0.652141 -3.742407 -10.601187 -0.680512 3.793177 -10.589502 -11.466924 -6.718516 15.646128 -41.903988 -4.553465 15.387952 1.012 -73.884697 0.096463 19.664862 -4.148611 9.923473 -5.882102 9.861281 0.702589 -10.936865 -0.360576 7.156202 1e-06 8.774819 -4e-06 -16.544312 18.141188 5.983045 -1.84403 2.498502 -2.507276 -10.163595 4.678942 4.621105 -20.976017 -2e-06 1e-06 -21.226278 2.451694 -3.594001 0.0 -8e-06 -1e-06 -1.36268 2.240797 -0.746324 -21.334904 0.584911 3.008321 -13.821206 -1e-06 1e-06 -23.887157 -0.249079 -0.839484 -60.311207 2.679209 -1.101464 -0.294026 1.679686 0.833255 -14.218204 0.093216 1.30058 -34.212032 -0.287564 0.967168 -20.033201 0.964536 1.212843 -0.0 -0.0 0.0 -3.440387 0.788233 0.501655 -15.928176 -3.16731 2.999706 -6.338822 -1e-06 1e-06 -18.123438 3.648182 -4.905668 -4e-06 1e-06 -1e-06 10.120375 15.203263 17.973862 47.435825 -6.493632 15.419654 -0.164219 51.323391 0.440233 0.477709 6.987694 8.934683 2.243538 -5.255033 -3.180156 14.282874 -0.826591 6.952497 -4e-06 -12.690593 -2e-06 15.923418 -17.738327 2.450213 1.665664 -1.95592 -2.878297 4.727794 -4.170582 4.993922 11.020515 4e-06 -0.0 12.109038 -3.735711 -2.866781 -0.0 -0.0 1e-06 1.291985 -1.928548 -1.498088 14.800112 0.56747 3.865604 14.242558 -1.341734 -6.660651 19.631948 0.143929 -0.648241 50.263191 -0.980779 -6.531247 0.35303 -1.511149 -0.031939 20.222769 3.684309 2.31663 18.787252 7e-06 1e-06 10.751616 -0.479868 1.397906 0.0 -0.0 0.0 3.273802 0.305948 -0.580109 21.486795 11.830369 2.266131 8.162919 2e-06 2e-06 18.399063 -3.79898 -4.940569 5e-06 -1e-06 -3e-06 7.232153 14.553274 -17.683786 -0.20437 -0.543381 70.334938 -2.518662 -1.742479 3.364498 1.788584 -1.917316 -5.198132 -0.0 0.0 1e-06 2.507072 -5.495878 -19.737545 0.073947 0.084431 27.124752 1.750246 0.284994 -12.653125 -1.44267 0.799346 -1.054344 0.0 0.0 -1e-06 
0.0 0.0 0.0 0.0 -0.0 0.0 4.35747 97.668121 125.284767 -2.865869 0.287975 4.471929 2.879475 0.740884 4.660259 0.099552 0.058086 -3.557932 2.140815 -1.267214 10.277431 -3.672968 3.863734 -7.062303 -0.335041 0.919423 -3.443735 -3.30857 2.196287 -15.881743 7.7e-05 -2.3e-05 6e-06 -0.008305 0.03827 0.02908 0.658003 -3.717741 -10.59183 -0.684428 3.791547 -10.575503 -11.694161 -6.323325 15.90686 -41.843319 -2.24678 15.95375 0.84804 -74.466751 0.428964 17.760485 -3.565864 12.150136 -5.882092 9.861266 0.702591 -10.936855 -0.360578 7.156196 2e-06 8.774811 -3e-06 -16.653217 18.10265 5.760113 -1.844027 2.498499 -2.507275 -10.163582 4.678932 4.621104 -20.975988 -1e-05 8e-06 -21.226254 2.451689 -3.593988 0.0 -6e-06 -0.0 -1.362678 2.240795 -0.746323 -21.334879 0.584899 3.008324 -13.82119 -4e-06 7e-06 -23.887127 -0.249081 -0.839473 -60.250923 2.727044 -1.215912 -0.294023 1.679684 0.833254 -14.218187 0.09321 1.300582 -34.211994 -0.287571 0.967183 -20.033178 0.964533 1.21285 -0.0 -1e-06 0.0 -3.440382 0.788231 0.501655 -15.92816 -3.16731 2.999706 -6.338816 -3e-06 4e-06 -18.123413 3.648169 -4.905657 -4e-06 -2e-06 -2e-06 9.783579 16.098867 17.808424 46.133144 -6.464005 12.580192 -0.627779 57.307972 -0.147932 -2.129789 8.579835 7.251009 2.243536 -5.255028 -3.180154 14.282867 -0.82659 6.952498 -4e-06 -12.690584 -0.0 16.23871 -17.971684 2.448277 1.665663 -1.955919 -2.878293 4.727791 -4.170579 4.993919 11.020507 4e-06 2e-06 12.10903 -3.735709 -2.866777 -0.0 -0.0 0.0 1.291985 -1.928548 -1.498088 14.800107 0.567471 3.865606 14.242547 -1.341735 -6.660645 19.631935 0.143925 -0.648238 50.545963 -1.176343 -6.714606 0.353028 -1.511148 -0.03194 20.222757 3.684307 2.316633 18.787241 5e-06 5e-06 10.75161 -0.479869 1.397908 -0.0 1e-06 -1e-06 3.273799 0.305947 -0.58011 21.486786 11.830359 2.266138 8.162914 3e-06 1e-06 18.399054 -3.798981 -4.940562 3e-06 -2e-06 -1e-06 4.242864 15.231856 -23.866812 -0.117145 -0.196422 69.040451 -5.282134 -3.923258 0.962693 1.733567 -1.848511 -5.857103 0.0 0.0 -1e-06 1.168108 -4.890606 -13.228532 0.146525 0.217535 21.219374 2.416447 -0.319118 -12.932421 -1.436565 0.869199 -1.237639 0.0 0.0 -1e-06 
0.0 0.0 0.0 0.0 -0.0 0.0 4.595787 98.150185 130.529312 -1.894732 0.097964 4.24754 2.323779 0.846404 5.030522 -0.068549 0.545847 -3.393288 1.48985 -0.70704 10.193572 -3.371186 3.773604 -7.379407 -0.257629 0.848955 -3.523308 -3.444827 2.010491 -15.093527 7.7e-05 -2.3e-05 5e-06 -0.004933 0.046767 -0.009481 0.658859 -3.700968 -10.606551 -0.67863 3.788747 -10.596367 -11.323003 -6.29596 16.520683 -41.795891 0.002966 16.248945 0.335612 -75.68486 0.934602 14.688238 -2.983948 13.549983 -5.882104 9.86128 0.70259 -10.936865 -0.360574 7.156202 -1e-06 8.774821 -2e-06 -16.378166 18.230289 5.704513 -1.844032 2.498504 -2.507275 -10.163595 4.678944 4.621105 -20.976013 2e-06 2e-06 -21.22628 2.451698 -3.594001 0.0 -6e-06 0.0 -1.362683 2.240798 -0.746324 -21.334904 0.584913 3.008321 -13.821206 -1e-06 3e-06 -23.887159 -0.249075 -0.839485 -60.162991 2.671153 -1.428224 -0.294024 1.679686 0.833256 -14.218199 0.093218 1.300579 -34.212032 -0.287557 0.967167 -20.033201 0.964539 1.212841 1e-06 1e-06 0.0 -3.440385 0.788233 0.501657 -15.928179 -3.167304 2.999707 -6.338824 1e-06 1e-06 -18.123438 3.648184 -4.905671 -3e-06 -0.0 -3e-06 8.783594 16.644732 17.402775 45.672298 -6.736352 8.664466 -1.002497 63.80146 -0.717952 -4.88829 10.575938 4.765421 2.243543 -5.255034 -3.180157 14.282885 -0.826597 6.952501 -1e-06 -12.690597 0.0 16.479523 -18.10195 2.455869 1.665665 -1.955921 -2.878298 4.727798 -4.170587 4.993918 11.02052 2e-06 -2e-06 12.109044 -3.735714 -2.866781 0.0 -0.0 0.0 1.291983 -1.928548 -1.49809 14.800122 0.567466 3.865608 14.242566 -1.341738 -6.660654 19.631956 0.143922 -0.648245 50.651646 -1.178837 -6.751455 0.353028 -1.51115 -0.031941 20.222784 3.684305 2.316629 18.787266 3e-06 -1e-06 10.751623 -0.479872 1.397905 -1e-06 2e-06 2e-06 3.273806 0.305945 -0.580111 21.486801 11.830364 2.266131 8.162924 -0.0 0.0 18.399076 -3.798982 -4.940573 3e-06 -1e-06 -3e-06 1.211247 14.858063 -28.878805 -0.075073 -0.070806 63.20158 -6.844222 -3.472721 -1.199483 1.759657 -1.890639 -6.248727 -0.0 0.0 3e-06 -0.332016 -4.250403 -6.791502 0.172495 0.36711 15.723403 2.872595 -1.367193 -13.058178 -1.439306 0.917538 -1.538737 -0.0 0.0 -1e-06 
0.0 0.0 0.0 0.0 -0.0 0.0 4.852879 97.967949 135.691849 -1.374304 0.173592 4.085678 1.946121 0.859094 5.233006 -0.235855 1.078779 -3.27381 1.032604 -0.368965 10.161069 -2.997958 3.638413 -7.40679 -0.168653 0.61045 -3.602307 -3.573214 1.830793 -14.49077 7.7e-05 -2.3e-05 5e-06 -0.004877 -0.003256 -0.024833 0.65333 -3.74066 -10.602098 -0.673242 3.724896 -10.593321 -10.884819 -6.246709 17.238541 -42.04652 2.067932 16.019838 0.916651 -77.165146 0.349479 12.095627 -2.637789 14.143198 -5.882109 9.861286 0.70259 -10.936871 -0.360574 7.156201 -1e-06 8.774824 1e-06 -16.127127 18.404177 5.786809 -1.844034 2.498505 -2.507278 -10.1636 4.678946 4.621106 -20.976025 -4e-06 1e-06 -21.226288 2.451695 -3.594001 -0.0 -6e-06 0.0 -1.362681 2.240798 -0.746323 -21.334917 0.58491 3.008319 -13.821217 -3e-06 0.0 -23.887175 -0.24908 -0.839485 -59.979996 2.620384 -1.441571 -0.294026 1.679686 0.833254 -14.218208 0.093216 1.300578 -34.212048 -0.287565 0.967166 -20.033215 0.964534 1.212842 0.0 1e-06 1e-06 -3.440391 0.788234 0.501656 -15.928185 -3.167309 2.999704 -6.338828 -1e-06 0.0 -18.123446 3.648183 -4.905673 -4e-06 -0.0 -2e-06 7.666427 17.037157 16.848141 44.61261 -7.444347 5.466299 -1.501776 70.452515 -1.456115 -7.469093 12.930209 2.90943 2.243541 -5.255035 -3.180154 14.282887 -0.826599 6.952499 0.0 -12.6906 -1e-06 16.509047 -18.152426 2.438994 1.665667 -1.95592 -2.878298 4.727798 -4.170587 4.993919 11.02052 3e-06 -1e-06 12.109052 -3.735717 -2.866783 -0.0 1e-06 -2e-06 1.291987 -1.92855 -1.498088 14.800123 0.567466 3.865602 14.242568 -1.34174 -6.660656 19.631964 0.143923 -0.648246 50.592678 -1.137076 -6.795243 0.35303 -1.51115 -0.03194 20.222786 3.684304 2.316626 18.78727 0.0 -4e-06 10.751627 -0.479869 1.397902 -0.0 2e-06 0.0 3.273806 0.305948 -0.580113 21.486809 11.830362 2.266133 8.162924 -2e-06 -2e-06 18.399076 -3.798988 -4.940577 2e-06 -2e-06 -1e-06 -0.617439 13.29392 -32.498775 -0.066551 -0.080177 54.055958 -7.717934 -1.139646 -3.297526 1.782493 -2.013894 -6.005837 0.0 -0.0 1e-06 -1.260829 -3.694056 -1.428636 0.127291 0.331808 12.387283 3.559596 -2.575096 -13.537133 -1.433398 0.843444 -2.012985 0.0 -0.0 -1e-06 
0.0 0.0 0.0 0.0 -0.0 0.0 5.250688 97.273224 140.884476 -1.219927 0.427743 3.835588 1.670938 0.774766 5.298246 -0.398069 1.547041 -3.22325 0.79897 -0.122851 10.278221 -2.521452 3.444342 -6.98 -0.096438 0.403058 -3.624183 -3.64881 1.514126 -14.322824 7.7e-05 -2.2e-05 6e-06 0.002853 0.01126 -0.033435 0.680377 -3.717678 -10.604705 -0.685489 3.729207 -10.598338 -10.286123 -6.039938 17.847582 -42.754631 3.695206 15.139976 1.397545 -78.220253 -0.529393 10.644113 -2.548818 15.219433 -5.882106 9.861288 0.702592 -10.93687 -0.360574 7.156204 -1e-06 8.774825 -1e-06 -15.960785 18.498018 6.001139 -1.844031 2.498506 -2.507277 -10.163597 4.678947 4.621108 -20.976023 -1e-06 0.0 -21.226286 2.451697 -3.594002 -1e-06 -6e-06 -2e-06 -1.362682 2.240799 -0.746323 -21.334913 0.584914 3.008322 -13.821214 -1e-06 -2e-06 -23.887175 -0.249079 -0.839485 -59.934261 2.597924 -1.305279 -0.294026 1.679688 0.833255 -14.218207 0.093217 1.300579 -34.212048 -0.287562 0.967165 -20.033211 0.964536 1.212841 2e-06 1e-06 0.0 -3.440387 0.788233 0.501656 -15.928183 -3.167308 2.999704 -6.338827 0.0 -1e-06 -18.123444 3.648185 -4.905672 -4e-06 1e-06 -3e-06 6.713055 17.235605 16.421501 42.856483 -8.39382 3.009876 -2.509492 76.444664 -2.613119 -9.721069 14.848625 1.905314 2.243544 -5.255037 -3.180159 14.282891 -0.826598 6.952503 -1e-06 -12.690606 4e-06 16.547092 -18.169012 2.408314 1.665665 -1.955922 -2.878301 4.727798 -4.170591 4.993926 11.020527 2e-06 -2e-06 12.109053 -3.735716 -2.866786 -0.0 -1e-06 1e-06 1.291987 -1.92855 -1.498092 14.800131 0.567466 3.865607 14.242574 -1.341737 -6.660664 19.631971 0.143928 -0.648248 50.337219 -1.075987 -6.824936 0.353031 -1.511153 -0.03194 20.222792 3.684308 2.316626 18.787279 4e-06 -3e-06 10.751629 -0.479872 1.397904 -0.0 2e-06 -0.0 3.273806 0.305948 -0.580113 21.486814 11.830376 2.266127 8.162928 -2e-06 -1e-06 18.399088 -3.798987 -4.940578 3e-06 -1e-06 -0.0 -0.82052 10.53107 -34.241158 -0.035316 -0.056888 42.160587 -7.042833 2.62813 -4.134221 1.728778 -2.121283 -4.78901 -0.0 -0.0 2e-06 -1.801189 -3.568017 2.204725 0.072716 0.161722 12.922327 4.467132 -3.395912 -14.942601 -1.421318 0.758443 -3.090506 0.0 0.0 -1e-06 
0.0 0.0 0.0 0.0 -0.0 0.0 5.896553 96.180275 146.377029 -0.960579 0.706101 3.158904 1.16618 0.622998 5.352783 -0.531956 1.832444 -3.20611 0.509773 0.110741 10.582371 -1.608757 3.174149 -6.040638 -0.117444 0.377518 -3.585379 -3.656677 1.240675 -14.20085 7.7e-05 -2.2e-05 6e-06 0.005765 0.037768 -0.052369 0.701444 -3.684751 -10.644506 -0.701356 3.74913 -10.636651 -9.343398 -5.819757 18.113262 -43.811195 4.988536 14.238899 1.901727 -78.307358 -1.56151 9.896256 -2.675658 16.912205 -5.882099 9.861273 0.702591 -10.936856 -0.360574 7.156192 -3e-06 8.774814 -2e-06 -16.120007 18.378178 6.161533 -1.844029 2.498501 -2.507272 -10.163586 4.67894 4.6211 -20.97599 1e-06 3e-06 -21.226254 2.451698 -3.593996 1e-06 -7e-06 -2e-06 -1.36268 2.240796 -0.746322 -21.334885 0.584912 3.00832 -13.821195 -0.0 2e-06 -23.887138 -0.249074 -0.839484 -60.026047 2.595807 -1.153173 -0.294021 1.679684 0.833255 -14.218186 0.093217 1.300579 -34.212002 -0.28756 0.967167 -20.033184 0.964537 1.212841 2e-06 1e-06 1e-06 -3.440383 0.788234 0.501654 -15.928162 -3.167304 2.999703 -6.338817 1e-06 3e-06 -18.123419 3.648181 -4.905662 -4e-06 -0.0 -3e-06 6.227243 17.164265 16.169712 40.859344 -9.39924 1.026711 -4.741678 80.996712 -4.844393 -11.549109 16.003109 1.058977 2.243542 -5.255033 -3.180154 14.28288 -0.826593 6.952492 0.0 -12.690597 0.0 16.606358 -18.187584 2.49721 1.665667 -1.955921 -2.878298 4.727795 -4.170585 4.993919 11.020521 3e-06 -2e-06 12.109043 -3.735713 -2.866783 0.0 -0.0 0.0 1.291986 -1.928547 -1.498089 14.800117 0.567468 3.865604 14.242562 -1.341736 -6.660653 19.631954 0.143924 -0.648245 50.169029 -0.979025 -6.697686 0.353028 -1.511149 -0.03194 20.222782 3.684306 2.316626 18.787264 4e-06 -4e-06 10.751622 -0.479868 1.397903 -1e-06 2e-06 0.0 3.273805 0.305946 -0.580108 21.486797 11.830366 2.266126 8.162919 2e-06 -2e-06 18.399071 -3.79898 -4.940574 3e-06 -1e-06 -0.0 0.010137 7.087741 -34.195961 0.013395 0.031293 30.241171 -5.10934 5.040439 -3.055413 1.648477 -2.092347 -4.206755 -0.0 0.0 3e-06 -2.667464 -3.883095 4.058786 -0.001194 0.018963 18.292967 5.567513 -3.516627 -16.713614 -1.415265 0.725196 -5.792246 0.0 0.0 -1e-06 
0.0 0.0 0.0 0.0 -0.0 0.0 6.646717 94.84697 152.196411 0.057161 1.017205 1.889449 0.037557 0.515029 5.393013 -0.615802 1.795299 -3.123529 -0.056728 0.497708 11.215549 -0.366973 2.804327 -4.9581 -0.191184 0.67594 -3.43826 -3.68879 0.802075 -13.378489 7.7e-05 -2.2e-05 6e-06 0.02829 0.051719 -0.04552 0.700991 -3.665926 -10.608145 -0.655674 3.760887 -10.611042 -8.627967 -5.897905 18.413198 -44.058868 5.889407 13.759053 3.245967 -77.868942 -2.507893 9.087114 -2.374905 17.563288 -5.88211 9.861281 0.70259 -10.936868 -0.360572 7.156201 -2e-06 8.774819 -0.0 -16.382851 18.09868 6.107701 -1.844034 2.498504 -2.507278 -10.1636 4.678944 4.621106 -20.976021 -2e-06 1e-06 -21.226282 2.451696 -3.594 1e-06 -6e-06 -2e-06 -1.362683 2.240797 -0.746326 -21.334911 0.584913 3.008321 -13.821213 0.0 1e-06 -23.887167 -0.249076 -0.839485 -60.036018 2.544976 -0.978227 -0.294024 1.679685 0.833255 -14.218207 0.093218 1.300579 -34.212048 -0.287558 0.967168 -20.033211 0.964539 1.21284 0.0 1e-06 0.0 -3.440388 0.788234 0.501655 -15.928183 -3.167305 2.999706 -6.338825 1e-06 1e-06 -18.123444 3.648184 -4.905669 -4e-06 -1e-06 -2e-06 6.74426 16.548525 15.849862 38.355438 -10.543986 -0.66556 -4.818277 84.059837 -4.881311 -12.507765 16.583479 0.080799 2.243541 -5.255035 -3.180161 14.282887 -0.826593 6.952502 -1e-06 -12.6906 -3e-06 16.636457 -18.191917 2.515633 1.665667 -1.955923 -2.878298 4.727797 -4.170585 4.993925 11.020524 2e-06 -2e-06 12.109054 -3.735717 -2.866786 1e-06 1e-06 0.0 1.291986 -1.92855 -1.498089 14.800127 0.56747 3.865609 14.242572 -1.341736 -6.66066 19.631968 0.143925 -0.648246 50.276169 -1.118912 -6.497738 0.353029 -1.51115 -0.031944 20.222788 3.684308 2.31663 18.78727 4e-06 -0.0 10.751625 -0.47987 1.397906 -1e-06 1e-06 -0.0 3.273807 0.305947 -0.580111 21.486805 11.830372 2.266132 8.162926 -0.0 0.0 18.399078 -3.798984 -4.940575 3e-06 -2e-06 -0.0 -0.213218 4.715918 -33.138584 0.054112 0.157967 24.111834 -4.107126 4.74352 -0.318225 1.603267 -2.030954 -4.376938 0.0 -0.0 2e-06 -4.937219 -5.288808 3.431389 -0.036067 0.229327 29.884766 6.423364 -3.079977 -15.922869 -1.477611 0.786762 -12.950544 0.0 0.0 -1e-06 
0.0 0.0 0.0 0.0 -0.0 0.0 7.527541 93.488319 157.89798 1.721638 1.484149 0.181422 -1.51216 0.439081 5.769809 -0.881139 1.686117 -2.936651 -0.66004 0.467588 11.800884 0.879092 2.494792 -3.427359 -0.454134 0.943385 -3.466303 -3.526435 0.507607 -12.27716 7.7e-05 -2.3e-05 6e-06 0.021471 0.03794 -0.053989 0.664557 -3.695464 -10.636127 -0.63155 3.760623 -10.623466 -8.404659 -6.16747 18.78916 -42.496067 6.408113 14.12647 4.431582 -77.365105 -3.404155 8.424186 -2.447845 18.673147 -5.882108 9.861284 0.702588 -10.936872 -0.360576 7.156208 1e-06 8.774824 -2e-06 -16.672873 17.978802 6.010436 -1.844032 2.498505 -2.50728 -10.163602 4.678944 4.621108 -20.976025 -1e-06 6e-06 -21.226288 2.451699 -3.593998 -0.0 -5e-06 1e-06 -1.362681 2.240796 -0.746325 -21.334917 0.584911 3.008326 -13.821215 -1e-06 4e-06 -23.887171 -0.249077 -0.83948 -60.101662 2.501585 -0.882461 -0.294026 1.679688 0.833256 -14.218207 0.093213 1.30058 -34.212051 -0.287562 0.967174 -20.033215 0.964537 1.212844 -1e-06 1e-06 -0.0 -3.44039 0.788233 0.501657 -15.928189 -3.167309 2.999708 -6.338829 0.0 2e-06 -18.123451 3.648182 -4.90567 -4e-06 -0.0 -3e-06 8.267518 15.748091 16.065369 35.372711 -11.401029 -2.174979 -1.506877 86.41761 -1.798356 -12.229587 16.255613 -0.476288 2.243539 -5.255033 -3.180158 14.282887 -0.826594 6.952501 -2e-06 -12.690598 -2e-06 16.363888 -18.114824 2.620069 1.665666 -1.95592 -2.878297 4.727797 -4.170585 4.993922 11.020522 3e-06 -2e-06 12.109046 -3.735714 -2.866783 2e-06 1e-06 0.0 1.291985 -1.928549 -1.498088 14.800122 0.56747 3.865604 14.242566 -1.341735 -6.660654 19.631958 0.143926 -0.648243 50.032784 -1.147117 -6.308393 0.353028 -1.511149 -0.031941 20.222784 3.684309 2.31663 18.78727 6e-06 -2e-06 10.751625 -0.479868 1.397906 1e-06 1e-06 0.0 3.273803 0.305947 -0.580112 21.486809 11.83037 2.266134 8.162927 1e-06 -2e-06 18.399076 -3.798982 -4.940572 2e-06 -1e-06 -0.0 -2.594979 5.102524 -32.968609 0.137225 0.304163 30.088732 -1.371839 2.392122 2.216396 1.61106 -1.927745 -2.44208 0.0 -0.0 2e-06 -8.768083 -7.998634 -0.725622 0.184122 0.581304 47.707592 4.531762 -3.308925 -8.31377 -1.615738 0.837205 -21.865082 -0.0 0.0 -2e-06 
0.0 0.0 0.0 0.0 -0.0 0.0 8.277353 91.942436 163.301346 2.44672 1.982188 -2.189423 -1.8988 0.422387 7.025714 -0.999353 1.496917 -2.646241 -1.475826 0.230367 12.319909 1.624265 2.410527 -1.625549 -0.447551 0.439814 -3.662114 -3.666225 0.614338 -13.08969 7.7e-05 -2.3e-05 6e-06 0.028364 -0.059154 -0.055435 0.689535 -3.801018 -10.681148 -0.641152 3.67122 -10.63938 -7.194625 -6.860768 19.948702 -40.731819 5.800725 14.144124 4.116398 -77.539444 -2.52495 8.086308 -2.770552 19.36619 -5.8821 9.861276 0.702589 -10.936859 -0.360575 7.156198 2e-06 8.774817 -1e-06 -16.594141 18.035868 5.924336 -1.844032 2.498502 -2.507275 -10.163585 4.678938 4.621102 -20.975992 -4e-06 3e-06 -21.226255 2.451693 -3.593997 1e-06 -6e-06 3e-06 -1.362678 2.240796 -0.746323 -21.334887 0.584908 3.008321 -13.821196 -4e-06 3e-06 -23.88714 -0.24908 -0.839481 -59.891983 2.530254 -1.193095 -0.294023 1.679684 0.833255 -14.218188 0.093214 1.300579 -34.212006 -0.287565 0.967171 -20.033188 0.964536 1.212844 1e-06 1e-06 -0.0 -3.440385 0.788233 0.501654 -15.928165 -3.167308 2.999706 -6.338819 -1e-06 2e-06 -18.123421 3.648179 -4.905663 -4e-06 -1e-06 -3e-06 7.749237 14.832963 16.153446 35.133087 -11.494729 -2.96558 7.612745 87.75058 7.326413 -10.348876 15.818521 -0.214709 2.243537 -5.255029 -3.180155 14.282871 -0.826591 6.952496 -3e-06 -12.690588 -0.0 16.121349 -17.774956 2.531757 1.665663 -1.955919 -2.878296 4.727792 -4.17058 4.993916 11.020509 7e-06 -2e-06 12.109032 -3.735708 -2.866778 -0.0 -0.0 1e-06 1.291983 -1.928547 -1.498086 14.800108 0.567469 3.865604 14.242553 -1.341733 -6.660649 19.631941 0.143929 -0.648241 49.624641 -1.06293 -6.164754 0.353028 -1.511149 -0.031941 20.222763 3.684308 2.316628 18.787243 5e-06 2e-06 10.75161 -0.479867 1.397905 1e-06 -0.0 -0.0 3.273803 0.305947 -0.580111 21.486786 11.830362 2.266132 8.162913 2e-06 2e-06 18.399054 -3.79898 -4.940566 2e-06 -2e-06 -0.0 -3.878899 7.874142 -32.452782 0.262667 0.341309 41.195957 0.540311 -1.207652 -5.578628 1.586882 -1.902114 -1.49018 0.0 -0.0 2e-06 -11.373421 -10.632442 -7.05531 0.260484 0.436566 66.335716 -1.520369 -8.403207 2.135774 -1.46936 0.90815 -10.796468 0.0 -0.0 -2e-06 
0.0 0.0 0.0 0.0 -0.0 0.0 8.948764 90.655991 168.415344 3.299429 2.198742 -3.865486 -2.21306 0.340066 7.823896 -1.061366 1.123515 -2.407597 -2.175521 -0.044258 13.183746 1.551071 2.531835 -0.573479 -0.442816 0.075203 -3.69585 -3.795908 0.605246 -13.731513 7.7e-05 -2.2e-05 6e-06 0.022789 -0.059012 -0.040948 0.68333 -3.797601 -10.690939 -0.645265 3.666676 -10.646014 -6.564047 -7.403137 20.620483 -38.072357 5.406256 13.78623 4.20727 -78.70208 -2.494583 7.855273 -3.241883 20.574888 -5.882108 9.86129 0.702591 -10.936876 -0.360574 7.156207 1e-06 8.77483 0.0 -16.664955 18.061352 5.873984 -1.844034 2.498506 -2.507278 -10.163603 4.678947 4.621109 -20.976034 -3e-06 1e-06 -21.226297 2.451698 -3.594001 1e-06 -6e-06 -0.0 -1.362684 2.240799 -0.746323 -21.334923 0.584911 3.008325 -13.82122 -3e-06 1e-06 -23.88718 -0.249077 -0.839483 -60.074268 2.600227 -1.38909 -0.294026 1.679688 0.833256 -14.218216 0.093215 1.300581 -34.212067 -0.287562 0.967169 -20.033226 0.964539 1.212844 0.0 0.0 0.0 -3.440389 0.788233 0.501657 -15.928198 -3.167309 2.999708 -6.33883 -1e-06 1e-06 -18.123459 3.648183 -4.905672 -4e-06 -0.0 -2e-06 7.222634 13.860249 16.60264 35.3148 -11.350723 -3.223295 9.885051 88.202347 9.407825 -8.627441 16.215643 0.466738 2.243544 -5.25504 -3.180162 14.282897 -0.826599 6.952506 1e-06 -12.690611 3e-06 16.103413 -17.852198 2.5724 1.66567 -1.955922 -2.878302 4.727804 -4.170591 4.993927 11.020534 1e-06 -3e-06 12.10906 -3.73572 -2.866786 0.0 -0.0 0.0 1.291986 -1.92855 -1.49809 14.800136 0.567464 3.865608 14.242584 -1.34174 -6.660664 19.631983 0.143923 -0.648249 49.457546 -0.945376 -6.104804 0.353029 -1.51115 -0.03194 20.222803 3.684306 2.316631 18.787287 2e-06 -3e-06 10.751634 -0.47987 1.397905 1e-06 -0.0 0.0 3.273809 0.305946 -0.580112 21.486824 11.830376 2.266129 8.162934 -1e-06 -3e-06 18.399097 -3.798991 -4.940583 3e-06 -1e-06 -1e-06 -4.72542 10.974341 -30.129177 0.157586 0.28994 47.362106 1.56909 -3.486444 -12.148889 1.571072 -1.848797 -0.970641 0.0 -0.0 2e-06 -13.163713 -11.755249 -14.355309 0.219892 0.18027 78.591637 -3.615963 -10.061191 -0.025437 -1.45411 0.954214 -6.20078 0.0 -0.0 -2e-06 
0.0 0.0 0.0 0.0 -0.0 0.0 9.514071 89.923111 173.352692 3.774902 2.157094 -4.817128 -2.359746 0.156798 8.337188 -1.056192 0.553457 -2.225588 -2.466258 -0.365237 13.915493 1.261462 2.54182 -0.1664 -0.459944 0.02796 -3.653763 -3.854373 0.433537 -13.639433 7.7e-05 -2.3e-05 6e-06 0.015124 -0.037383 -0.023656 0.683316 -3.765549 -10.680876 -0.660083 3.677872 -10.637878 -6.178405 -8.130176 20.741476 -36.020535 5.57827 12.621295 5.190845 -80.253067 -3.601535 7.314803 -3.331063 21.819794 -5.882099 9.861273 0.702589 -10.936859 -0.360575 7.156199 -1e-06 8.774813 -4e-06 -16.687336 17.950285 5.834488 -1.84403 2.498503 -2.507274 -10.16359 4.678938 4.621101 -20.976 -0.0 5e-06 -21.226265 2.451697 -3.593994 1e-06 -6e-06 0.0 -1.362682 2.240796 -0.746324 -21.334894 0.58491 3.008323 -13.821199 -2e-06 4e-06 -23.887146 -0.249075 -0.83948 -60.084286 2.563101 -1.305404 -0.294023 1.679685 0.833254 -14.218194 0.093216 1.30058 -34.212017 -0.287559 0.967171 -20.033194 0.964538 1.212842 0.0 -0.0 0.0 -3.440387 0.788232 0.501655 -15.928172 -3.167305 2.999707 -6.33882 -1e-06 1e-06 -18.123426 3.64818 -4.905663 -4e-06 -0.0 -2e-06 7.581644 13.069575 17.045187 35.273495 -11.763822 -3.858975 9.069619 87.780098 8.620548 -7.459439 16.821728 1.222415 2.24354 -5.255034 -3.180155 14.282885 -0.826593 6.952495 1e-06 -12.690593 -6e-06 16.004597 -17.879805 2.560645 1.665667 -1.955922 -2.878295 4.727797 -4.170583 4.993917 11.02052 3e-06 -4e-06 12.109047 -3.735715 -2.866782 2e-06 -1e-06 0.0 1.291985 -1.928549 -1.498085 14.800122 0.567467 3.865602 14.242564 -1.34174 -6.660653 19.631958 0.143921 -0.648245 49.277214 -0.946114 -6.289055 0.353028 -1.51115 -0.031937 20.222784 3.684306 2.316629 18.787266 5e-06 -2e-06 10.751625 -0.479869 1.397904 1e-06 1e-06 0.0 3.273804 0.305947 -0.580111 21.486803 11.830366 2.266133 8.162925 3e-06 -2e-06 18.399075 -3.798982 -4.940576 3e-06 -2e-06 -1e-06 -4.870229 12.462613 -27.051384 0.071984 0.158442 50.492546 1.865477 -3.718121 -17.431938 1.574014 -1.777688 -0.71638 0.0 -0.0 2e-06 -13.224111 -12.113254 -22.488834 0.163518 -0.145205 82.72242 -3.303076 -9.481397 -4.951779 -1.425 0.924748 -5.565656 -0.0 0.0 -3e-06 
0.0 0.0 0.0 0.0 -0.0 0.0 9.861304 89.717323 178.113907 3.463916 2.305332 -4.980809 -2.168737 -0.129285 8.673224 -0.944629 -0.11388 -2.160824 -2.237553 -0.949976 14.284476 1.0258 2.369502 -0.238483 -0.449024 0.395666 -3.598933 -4.002589 0.201916 -12.890783 7.7e-05 -2.2e-05 6e-06 0.009105 0.052467 -0.016626 0.701395 -3.685079 -10.694963 -0.688383 3.778012 -10.672192 -5.308344 -9.09231 20.325272 -35.624428 5.950098 10.996591 6.465089 -81.502274 -5.003953 6.761347 -2.752238 21.903868 -5.882102 9.861279 0.70259 -10.936866 -0.360576 7.156202 1e-06 8.774821 -2e-06 -16.572252 17.815632 5.816968 -1.84403 2.498504 -2.507277 -10.163595 4.678941 4.621105 -20.976017 -5e-06 3e-06 -21.226276 2.451694 -3.593996 0.0 -6e-06 0.0 -1.362681 2.240797 -0.746324 -21.334911 0.584907 3.008321 -13.821212 -4e-06 2e-06 -23.887165 -0.249081 -0.839481 -59.788662 2.536026 -1.15887 -0.294027 1.679687 0.833256 -14.218204 0.093213 1.30058 -34.21204 -0.287568 0.967172 -20.033209 0.964534 1.212844 1e-06 -0.0 -0.0 -3.440387 0.788232 0.501655 -15.928183 -3.16731 2.999705 -6.338825 -2e-06 1e-06 -18.123444 3.648179 -4.905669 -4e-06 -0.0 -2e-06 8.4169 12.388474 17.233604 35.290363 -12.702847 -4.822517 8.606692 86.905228 8.266329 -6.311746 17.78249 0.918148 2.243539 -5.255034 -3.180156 14.282881 -0.826597 6.9525 3e-06 -12.690597 -2e-06 16.015102 -17.818581 2.507149 1.665663 -1.955921 -2.878295 4.727798 -4.170586 4.993921 11.02052 2e-06 -0.0 12.109047 -3.735716 -2.866782 -1e-06 1e-06 -1e-06 1.291985 -1.928548 -1.498091 14.80012 0.567465 3.865606 14.242566 -1.341738 -6.66065 19.631952 0.143924 -0.648245 49.266335 -0.987924 -6.54995 0.353028 -1.511149 -0.031939 20.222782 3.684306 2.316628 18.787266 1e-06 1e-06 10.751622 -0.479871 1.397904 -1e-06 -0.0 0.0 3.273805 0.305946 -0.58011 21.486801 11.830364 2.266133 8.162926 1e-06 -0.0 18.399075 -3.798984 -4.940573 2e-06 -3e-06 -1e-06 -4.073588 12.284377 -24.112371 -0.02016 0.089784 51.868313 1.357221 -3.179981 -21.03446 1.634244 -1.756096 -1.005507 0.0 -0.0 2e-06 -11.159292 -12.492437 -30.188026 0.01694 -0.378929 78.878494 -0.910814 -8.468843 -8.655909 -1.385747 0.88636 -5.8158 -0.0 0.0 -1e-06 
0.0 0.0 0.0 0.0 -0.0 0.0 9.976344 89.982933 182.698166 2.947437 2.574508 -4.5425 -1.97426 -0.387995 8.853211 -0.813432 -0.815316 -2.073046 -1.762583 -1.690168 14.295739 1.01485 2.348455 -0.581188 -0.446498 0.505224 -3.545358 -4.25111 0.258163 -11.946872 7.7e-05 -2.2e-05 6e-06 0.00042 0.051755 -0.013787 0.699157 -3.687075 -10.678859 -0.702847 3.781369 -10.679855 -4.268862 -10.045835 19.782228 -36.155792 6.302907 9.228604 7.648582 -82.463051 -6.100522 6.253639 -2.104642 20.757965 -5.882106 9.861283 0.702589 -10.936873 -0.360574 7.156203 -0.0 8.774822 -2e-06 -16.429638 17.745577 5.826262 -1.844033 2.498503 -2.507277 -10.163598 4.678943 4.621108 -20.976021 -2e-06 1e-06 -21.226286 2.451697 -3.594 1e-06 -6e-06 -0.0 -1.362683 2.240798 -0.746323 -21.334913 0.584911 3.008321 -13.821213 -2e-06 1e-06 -23.887167 -0.249078 -0.839485 -59.568588 2.440575 -0.865728 -0.294024 1.679687 0.833255 -14.218205 0.093216 1.300579 -34.212048 -0.287563 0.967168 -20.033213 0.964537 1.212841 1e-06 -0.0 0.0 -3.440386 0.788233 0.501656 -15.928183 -3.167307 2.999706 -6.338825 -1e-06 1e-06 -18.123444 3.648183 -4.90567 -4e-06 -0.0 -2e-06 9.434625 11.886038 17.237051 35.548676 -14.009706 -6.194472 10.406949 86.244484 9.98826 -5.288927 18.587278 -0.497162 2.243541 -5.255033 -3.180157 14.282885 -0.826593 6.952499 -1e-06 -12.690599 1e-06 16.118225 -17.940948 2.439 1.665666 -1.95592 -2.8783 4.727797 -4.170585 4.993921 11.020522 5e-06 -1e-06 12.109047 -3.735713 -2.866783 1e-06 -0.0 0.0 1.291986 -1.928548 -1.498088 14.800122 0.567467 3.865604 14.242568 -1.341735 -6.660655 19.631958 0.143927 -0.648245 49.495785 -0.919059 -6.730514 0.353029 -1.511149 -0.031941 20.222784 3.684308 2.316628 18.787266 7e-06 -1e-06 10.751623 -0.479866 1.397905 -1e-06 -0.0 0.0 3.273806 0.305946 -0.58011 21.486809 11.83037 2.266131 8.162925 1e-06 -1e-06 18.399076 -3.798982 -4.940574 3e-06 -1e-06 -1e-06 -3.015871 11.691857 -21.803598 -0.032653 -0.011191 52.800503 0.297825 -2.916548 -22.546953 1.679237 -1.790712 -2.275272 0.0 -0.0 2e-06 -8.238673 -12.918661 -36.124744 -0.102865 -0.413695 68.684776 1.538038 -8.986334 -10.969766 -1.38804 0.89706 -5.384484 0.0 0.0 -1e-06 
0.0 0.0 0.0 0.0 -0.0 0.0 9.946592 90.564087 187.45433 2.759247 2.460647 -3.871913 -1.938916 -0.416096 8.882156 -0.707691 -1.401827 -2.082981 -1.390317 -2.296151 14.138034 1.069429 2.447136 -0.749899 -0.572249 0.464997 -3.506155 -4.387831 0.449114 -11.02778 7.7e-05 -2.2e-05 6e-06 -0.006989 -0.016943 -0.028865 0.690119 -3.756185 -10.672039 -0.707298 3.718536 -10.692696 -3.414083 -10.624356 19.188574 -36.812851 6.538495 8.403365 9.854667 -83.108612 -8.189998 5.468908 -1.602499 19.281601 -5.882102 9.861281 0.70259 -10.936866 -0.360574 7.156204 -0.0 8.774821 -1e-06 -16.292864 17.819923 5.764788 -1.844035 2.498503 -2.507278 -10.163598 4.678945 4.621108 -20.976015 -2e-06 0.0 -21.22628 2.451696 -3.594 0.0 -6e-06 0.0 -1.362681 2.240798 -0.746322 -21.334904 0.58491 3.008322 -13.821208 -2e-06 2e-06 -23.887157 -0.249076 -0.839484 -59.629135 2.52723 -0.865862 -0.294024 1.679687 0.833256 -14.218199 0.093215 1.300581 -34.212036 -0.287561 0.967168 -20.033205 0.964539 1.212842 -0.0 -0.0 0.0 -3.440389 0.788233 0.501655 -15.928179 -3.167306 2.999707 -6.338823 0.0 1e-06 -18.12344 3.648182 -4.905669 -4e-06 0.0 -2e-06 10.265942 11.409222 17.495203 36.378895 -15.352438 -8.091383 10.891835 85.866104 10.450631 -4.66946 18.984694 -2.862666 2.243537 -5.255033 -3.180155 14.282873 -0.826593 6.952498 1e-06 -12.690592 -4e-06 15.971685 -18.103422 2.557466 1.665665 -1.955921 -2.878295 4.727795 -4.170583 4.993918 11.020514 2e-06 2e-06 12.109037 -3.735713 -2.866782 0.0 0.0 -2e-06 1.291985 -1.928548 -1.498089 14.800112 0.567469 3.865605 14.242558 -1.341738 -6.660652 19.631948 0.143923 -0.648242 49.623943 -0.889485 -6.795944 0.353029 -1.511149 -0.031941 20.222769 3.684306 2.316631 18.787252 4e-06 1e-06 10.751618 -0.479867 1.397906 -0.0 2e-06 -0.0 3.273804 0.305947 -0.58011 21.486792 11.830361 2.266137 8.162918 1e-06 -0.0 18.399061 -3.798983 -4.940569 3e-06 -1e-06 -0.0 -2.215602 11.363119 -19.547594 -0.066214 -0.102937 53.273476 -0.513613 -2.938632 -22.515728 1.724954 -1.819575 -4.46493 0.0 -0.0 2e-06 -5.884255 -12.690812 -39.192959 -0.020333 -0.250734 53.598953 2.567111 -9.543576 -11.488723 -1.433799 0.96911 -4.570256 0.0 0.0 -1e-06 
0.0 0.0 0.0 0.0 -0.0 0.0 9.828974 91.126259 192.664062 3.284796 2.308083 -3.456223 -2.255423 -0.424851 8.75384 -0.691872 -1.775388 -2.206387 -1.280286 -2.685981 14.001908 1.010748 2.640558 -0.434924 -0.782324 0.342939 -3.473779 -4.355837 0.673724 -10.194522 7.7e-05 -2.2e-05 6e-06 -0.003607 -0.081206 -0.032456 0.702055 -3.813888 -10.641258 -0.712288 3.651325 -10.667904 -2.878395 -10.873529 19.007864 -37.321682 6.719176 8.594505 13.29818 -83.571083 -11.462742 4.342302 -1.392208 18.163164 -5.882104 9.861283 0.702592 -10.936863 -0.360574 7.1562 2e-06 8.774823 1e-06 -16.237585 17.869822 5.77721 -1.844029 2.498503 -2.507275 -10.163593 4.678945 4.621107 -20.976017 -3e-06 1e-06 -21.226274 2.451696 -3.593998 0.0 -6e-06 0.0 -1.362682 2.240797 -0.746322 -21.3349 0.584909 3.00832 -13.821205 -2e-06 2e-06 -23.887156 -0.249079 -0.839482 -60.011681 2.566424 -0.847313 -0.294024 1.679687 0.833256 -14.218201 0.093216 1.300579 -34.212025 -0.287565 0.967167 -20.033201 0.964536 1.212841 -0.0 -1e-06 0.0 -3.440388 0.788233 0.501655 -15.928176 -3.167309 2.999703 -6.338822 -1e-06 1e-06 -18.123438 3.648182 -4.905668 -4e-06 -1e-06 -1e-06 10.451962 10.682123 17.900684 38.093735 -16.91502 -9.747913 11.081784 86.094749 10.627302 -4.099521 18.692024 -4.676163 2.243542 -5.255036 -3.180157 14.282885 -0.826595 6.952499 -4e-06 -12.690602 2e-06 15.618545 -18.152231 2.828255 1.665667 -1.95592 -2.8783 4.727797 -4.170587 4.993921 11.02052 4e-06 -3e-06 12.109046 -3.735712 -2.866785 1e-06 1e-06 -1e-06 1.291986 -1.928548 -1.498089 14.800122 0.567467 3.865604 14.242566 -1.341734 -6.660656 19.631958 0.143929 -0.648249 49.508553 -0.939177 -6.835625 0.35303 -1.511151 -0.031941 20.222784 3.684308 2.316625 18.787268 5e-06 -2e-06 10.751624 -0.479868 1.397905 -0.0 1e-06 -1e-06 3.273806 0.305947 -0.580113 21.486805 11.830372 2.266127 8.162924 2e-06 -1e-06 18.399075 -3.798983 -4.940577 3e-06 -2e-06 -1e-06 -2.078208 10.997908 -16.314531 -0.064832 -0.240122 52.659313 -1.363811 -2.852025 -21.961676 1.776521 -1.859994 -6.740316 0.0 -0.0 2e-06 -5.234629 -11.796728 -39.402893 0.103934 -0.112543 36.79237 4.647788 -8.055794 -10.876593 -1.454594 1.051951 -5.052542 0.0 1e-06 1e-06 
0.0 0.0 0.0 0.0 -0.0 0.0 9.578248 91.433296 198.06012 4.222306 2.544557 -3.614216 -2.755419 -0.529065 8.471453 -0.66525 -2.064393 -2.317129 -1.52593 -3.043195 13.838756 0.78623 2.848617 0.660087 -0.915737 0.274881 -3.470147 -4.120902 0.930605 -9.612738 7.7e-05 -2.3e-05 6e-06 -0.000397 -0.060061 -0.020681 0.722557 -3.782695 -10.634132 -0.727603 3.663261 -10.653058 -2.280675 -10.936807 19.192917 -37.94812 6.973258 9.170564 12.574475 -83.471718 -10.884282 3.317806 -1.477621 17.638424 -5.882103 9.861284 0.702589 -10.93687 -0.360575 7.156205 1e-06 8.774825 -2e-06 -16.375629 17.898956 5.854702 -1.844033 2.498505 -2.507277 -10.163599 4.678945 4.621109 -20.976021 -2e-06 1e-06 -21.226286 2.451697 -3.594002 0.0 -6e-06 -0.0 -1.362683 2.240798 -0.746324 -21.334913 0.58491 3.008323 -13.821213 -2e-06 1e-06 -23.887171 -0.249078 -0.839485 -60.512459 2.54586 -0.830934 -0.294025 1.679687 0.833255 -14.218213 0.093215 1.30058 -34.212051 -0.287563 0.967168 -20.033216 0.964537 1.212842 2e-06 0.0 0.0 -3.440387 0.788233 0.501655 -15.928185 -3.167308 2.999708 -6.338825 -1e-06 1e-06 -18.123444 3.648182 -4.905672 -4e-06 -0.0 -2e-06 9.929918 9.688419 18.327995 40.277027 -18.875034 -10.078176 9.122641 86.94796 8.878536 -3.442672 18.459732 -5.4324 2.243542 -5.255038 -3.180158 14.282896 -0.826595 6.952504 -1e-06 -12.690608 -2e-06 15.492371 -18.009716 2.984672 1.665665 -1.955924 -2.878299 4.727799 -4.170587 4.993927 11.020527 2e-06 0.0 12.109054 -3.735717 -2.866785 0.0 -2e-06 0.0 1.291986 -1.92855 -1.498088 14.800132 0.567468 3.865608 14.242578 -1.341737 -6.660661 19.631969 0.143925 -0.648245 49.497917 -1.107907 -6.705439 0.353028 -1.511151 -0.031941 20.222795 3.684309 2.316629 18.787275 4e-06 -0.0 10.75163 -0.479868 1.397905 0.0 3e-06 0.0 3.273807 0.305947 -0.580109 21.48682 11.830377 2.266132 8.16293 1e-06 -1e-06 18.399088 -3.798988 -4.940578 3e-06 -0.0 -1e-06 -2.190454 10.178548 -11.744466 -0.043966 -0.400346 51.180458 -2.322937 -2.526021 -21.09362 1.837221 -1.907143 -9.216518 0.0 -0.0 2e-06 -5.964687 -10.617792 -37.319714 0.221513 0.036795 22.509882 8.393341 -6.80647 -10.510685 -1.418878 1.044797 -5.052411 0.0 -0.0 -3e-06 
0.0 0.0 0.0 0.0 -0.0 0.0 9.271656 91.521523 202.942184 5.064055 3.323918 -4.058427 -3.106486 -0.545978 8.058735 -0.64946 -2.267398 -2.3465 -1.90221 -3.700168 13.609051 0.297783 2.991896 2.01916 -0.73341 0.298896 -3.457662 -3.922782 1.113103 -9.040555 7.7e-05 -2.2e-05 6e-06 0.006501 -0.030056 -0.014203 0.762288 -3.752023 -10.683827 -0.756487 3.694788 -10.697781 -1.566897 -10.995731 19.407755 -38.880302 7.28936 9.825996 10.33858 -82.327469 -8.656579 2.655205 -1.665026 16.994776 -5.882101 9.861275 0.702588 -10.936857 -0.360576 7.156196 -0.0 8.774815 -3e-06 -16.651478 17.984964 5.978504 -1.84403 2.498502 -2.507274 -10.163586 4.678938 4.621102 -20.976 -3e-06 2e-06 -21.226263 2.451693 -3.593997 1e-06 -6e-06 0.0 -1.362681 2.240796 -0.746324 -21.334888 0.584908 3.008319 -13.821198 -4e-06 2e-06 -23.887142 -0.249078 -0.839482 -60.984859 2.508526 -0.701527 -0.294027 1.679686 0.833254 -14.21819 0.093214 1.300579 -34.212013 -0.287564 0.96717 -20.033194 0.964535 1.212842 2e-06 0.0 0.0 -3.440389 0.788233 0.501655 -15.92817 -3.167306 2.999703 -6.338818 -2e-06 1e-06 -18.123426 3.648179 -4.905665 -4e-06 -0.0 -2e-06 8.846375 8.515061 18.639334 42.428299 -20.932961 -9.349829 7.800375 88.159531 7.888594 -2.629154 18.891399 -5.547648 2.243541 -5.255034 -3.180156 14.282882 -0.826592 6.952496 -2e-06 -12.690595 -3e-06 15.565448 -17.781458 2.948844 1.665665 -1.95592 -2.878298 4.727797 -4.170584 4.993921 11.020517 3e-06 0.0 12.109044 -3.735716 -2.866783 0.0 -2e-06 -1e-06 1.291985 -1.928548 -1.498088 14.800122 0.567466 3.865606 14.242566 -1.341736 -6.660656 19.631958 0.143924 -0.648243 49.5495 -1.132793 -6.59439 0.35303 -1.511149 -0.03194 20.222784 3.684306 2.316629 18.787268 5e-06 1e-06 10.751622 -0.479865 1.397906 0.0 1e-06 0.0 3.273806 0.305947 -0.580111 21.486801 11.830368 2.266134 8.162921 1e-06 -0.0 18.399075 -3.798983 -4.940573 3e-06 -0.0 -2e-06 -2.274154 8.523614 -7.427358 -0.036994 -0.526742 50.633289 -3.218105 -1.832733 -19.146969 1.919571 -1.914765 -13.384894 -0.0 0.0 2e-06 -7.075815 -9.571099 -34.739906 0.276227 0.219177 15.676168 10.669339 -7.174128 -10.831742 -1.337726 1.063608 -4.839675 -0.0 -0.0 -1e-06 
0.0 0.0 0.0 0.0 -0.0 0.0 8.85185 91.486969 208.030991 5.004284 4.281884 -4.348714 -2.658147 -0.636279 7.647753 -0.620014 -2.213367 -2.35173 -2.112884 -4.444426 13.455182 -0.421345 3.294474 2.942388 -0.561285 0.493677 -3.53104 -3.734394 1.270752 -7.893753 7.7e-05 -2.2e-05 6e-06 0.010303 -0.042822 -0.056887 0.778333 -3.757932 -10.712009 -0.766112 3.673551 -10.718086 -1.548182 -10.834482 19.633921 -39.441555 7.408227 9.884304 8.424988 -80.301094 -6.796891 2.069179 -1.401221 16.349785 -5.882102 9.861279 0.70259 -10.936862 -0.360575 7.156199 2e-06 8.774819 -0.0 -16.707939 17.846706 5.873148 -1.844032 2.498503 -2.507277 -10.163588 4.67894 4.621105 -20.976006 -5e-06 0.0 -21.226269 2.451693 -3.593999 1e-06 -6e-06 -0.0 -1.362679 2.240796 -0.746321 -21.334896 0.584908 3.008319 -13.821204 -3e-06 1e-06 -23.887154 -0.24908 -0.839483 -60.831345 2.33809 -0.518308 -0.294024 1.679686 0.833255 -14.218199 0.093214 1.300579 -34.212025 -0.287566 0.967167 -20.033197 0.964535 1.212842 -0.0 -0.0 0.0 -3.440387 0.788233 0.501655 -15.928172 -3.167307 2.999704 -6.338819 -1e-06 1e-06 -18.12343 3.64818 -4.905666 -4e-06 0.0 -2e-06 7.99508 7.712542 18.737297 43.766403 -23.138573 -8.437831 127.984848 89.811295 128.038452 -1.667839 19.653717 -4.433063 2.24354 -5.255034 -3.180158 14.282883 -0.826592 6.952497 -5e-06 -12.690594 -2e-06 15.644732 -17.716431 2.788385 1.665666 -1.955921 -2.878298 4.727795 -4.170583 4.993921 11.020519 5e-06 -2e-06 12.109044 -3.735711 -2.866782 -1e-06 -1e-06 -2e-06 1.291985 -1.928548 -1.498089 14.800122 0.567471 3.865603 14.242566 -1.341733 -6.660654 19.631958 0.14393 -0.648246 49.691662 -0.969447 -6.526495 0.353029 -1.51115 -0.031939 20.222776 3.684311 2.316628 18.78726 7e-06 0.0 10.75162 -0.479864 1.397906 -0.0 1e-06 -1e-06 3.273806 0.305946 -0.580112 21.486799 11.830367 2.266129 8.162919 3e-06 -1e-06 18.399071 -3.798978 -4.94057 3e-06 -0.0 -2e-06 -1.534836 6.655792 -5.685978 -0.046421 -0.612702 53.407055 -3.738761 -1.292903 -15.028895 2.047172 -1.883794 -20.473444 -0.0 -0.0 2e-06 -7.114597 -9.058233 -32.688148 0.341854 0.30821 16.014223 9.59215 -7.167789 -8.554101 -1.394076 1.054833 -5.20332 0.0 -0.0 -2e-06 
0.0 0.0 0.0 0.0 -0.0 0.0 8.353018 91.235855 212.862823 3.655483 5.07752 -4.409582 -1.12496 -0.787474 7.3352 -0.521561 -2.194695 -2.396523 -1.962582 -4.841548 13.678473 -1.278452 3.739542 3.041467 -0.49579 0.614001 -3.600568 -3.640938 1.425772 -6.292035 7.7e-05 -2.2e-05 6e-06 0.014784 0.020381 -0.091456 0.74038 -3.704617 -10.702708 -0.7193 3.742649 -10.715566 -2.80263 -10.289699 19.629044 -38.82304 7.258965 8.909657 4.47518 -77.55162 -3.319795 1.774546 -1.080543 15.817959 -5.882102 9.861276 0.702589 -10.936859 -0.360574 7.156201 -0.0 8.774816 -1e-06 -16.550638 17.5903 5.788979 -1.844032 2.498502 -2.507276 -10.16359 4.67894 4.621105 -20.976006 -2e-06 -0.0 -21.226263 2.451695 -3.593999 0.0 -6e-06 -0.0 -1.362681 2.240796 -0.746323 -21.334892 0.584911 3.00832 -13.821201 -2e-06 1e-06 -23.887152 -0.249076 -0.839486 -60.367912 2.324425 -0.359361 -0.294025 1.679686 0.833256 -14.218197 0.093217 1.300578 -34.212013 -0.28756 0.967167 -20.033194 0.964537 1.212841 1e-06 -0.0 0.0 -3.440387 0.788233 0.501654 -15.92817 -3.167305 2.999705 -6.338819 -1e-06 1e-06 -18.123428 3.64818 -4.905668 -4e-06 -0.0 -2e-06 8.062319 7.764864 18.753006 43.390663 -25.220394 -7.574282 175.669022 87.130241 175.531006 -1.241702 20.862381 -3.140609 2.243541 -5.255034 -3.180157 14.282882 -0.826595 6.9525 -1e-06 -12.690595 1e-06 15.779259 -17.533308 2.443016 1.665665 -1.955921 -2.878297 4.727797 -4.170584 4.993925 11.020518 1e-06 -0.0 12.109044 -3.735715 -2.866783 0.0 -2e-06 -2e-06 1.291985 -1.928548 -1.498089 14.800122 0.567464 3.86561 14.242562 -1.34174 -6.660654 19.631954 0.143921 -0.648245 49.783684 -0.834302 -6.52645 0.353029 -1.51115 -0.031938 20.22278 3.684304 2.316629 18.787266 4e-06 -1e-06 10.751622 -0.479867 1.397906 -0.0 1e-06 -1e-06 3.273805 0.305947 -0.580109 21.486801 11.830366 2.266133 8.162923 2e-06 0.0 18.399076 -3.798987 -4.940572 3e-06 0.0 -1e-06 0.621307 5.062331 -7.467097 -0.20009 -0.627579 60.710289 -3.149171 -0.559965 -8.507998 2.181648 -1.773923 -26.574781 -0.0 -0.0 1e-06 -5.565782 -8.858853 -32.610844 0.285878 0.263933 20.416403 7.089388 -7.134345 -1.752339 -1.462687 0.979979 -4.988294 0.0 1e-06 -1e-06 
0.0 0.0 0.0 0.0 -0.0 0.0 7.901671 90.401253 217.669205 1.643168 5.325462 -4.929277 0.609877 -0.788434 7.442016 -0.194112 -2.010635 -2.308784 -1.259226 -4.770077 14.282053 -1.869475 3.921822 2.834266 -0.664567 0.760288 -3.630541 -3.429454 1.477647 -4.88072 7.7e-05 -2.3e-05 6e-06 -0.003691 0.100254 -0.058135 0.693664 -3.648691 -10.745296 -0.708466 3.841698 -10.737234 -4.468523 -9.878929 19.028618 -37.616539 7.302662 7.767107 1.706398 -74.854134 -1.00614 1.610933 -0.848226 15.925502 -5.8821 9.861276 0.70259 -10.936862 -0.360574 7.156197 -0.0 8.774817 -1e-06 -16.600143 17.767469 5.729541 -1.844031 2.498502 -2.507274 -10.163589 4.67894 4.621105 -20.976006 -5e-06 2e-06 -21.226269 2.451693 -3.593998 1e-06 -6e-06 -1e-06 -1.362682 2.240796 -0.746321 -21.334892 0.584907 3.008317 -13.821201 -4e-06 1e-06 -23.887152 -0.24908 -0.839483 -60.00156 2.681566 -0.518615 -0.294026 1.679686 0.833256 -14.218196 0.093214 1.300579 -34.212013 -0.287566 0.967168 -20.033194 0.964534 1.212842 0.0 0.0 0.0 -3.440384 0.788232 0.501656 -15.928168 -3.167307 2.999704 -6.338821 -2e-06 1e-06 -18.12343 3.64818 -4.905666 -4e-06 -0.0 -2e-06 8.744243 8.684386 18.714993 40.527855 -26.967663 -7.200519 168.450439 83.679321 167.484604 -1.28837 22.690651 -1.791297 2.243541 -5.255034 -3.180156 14.282881 -0.826592 6.952494 -2e-06 -12.690596 0.0 16.022364 -17.529062 2.130862 1.665666 -1.955921 -2.878296 4.727794 -4.170581 4.993917 11.020519 4e-06 -2e-06 12.109046 -3.735714 -2.866781 -1e-06 -2e-06 -2e-06 1.291985 -1.928548 -1.498089 14.800118 0.567467 3.865602 14.242563 -1.341738 -6.660653 19.631954 0.143928 -0.648246 49.74704 -0.946213 -6.734538 0.353029 -1.511151 -0.03194 20.22278 3.684307 2.316626 18.787266 7e-06 -2e-06 10.751623 -0.479866 1.397904 0.0 2e-06 1e-06 3.273806 0.305946 -0.58011 21.486799 11.830367 2.266127 8.162921 4e-06 -1e-06 18.399071 -3.798981 -4.940573 3e-06 1e-06 -0.0 3.642055 4.165442 -11.721773 -0.354715 -0.439781 71.406189 -1.511822 1.193432 -0.468759 2.285637 -1.707242 -25.099148 0.0 -0.0 3e-06 -3.272713 -9.033444 -34.418644 0.161661 -0.021164 27.718533 2.243093 -5.102082 9.305939 -1.437417 0.741618 -2.342493 0.0 0.0 -1e-06 
0.0 0.0 0.0 0.0 -0.0 0.0 7.520725 88.961815 222.069244 0.337588 4.690723 -6.550077 1.350012 -0.575681 8.455604 0.062255 -1.635287 -1.945684 -0.404159 -4.421999 14.817613 -2.08668 4.174045 3.422991 -0.479741 0.846969 -3.662737 -3.747822 1.60291 -6.402633 7.7e-05 -2.3e-05 6e-06 -0.000342 0.077316 -0.055196 0.737237 -3.6754 -10.740627 -0.745954 3.821382 -10.740221 -3.889904 -9.232937 19.315071 -38.651493 6.441801 7.213624 1.482289 -72.55265 0.019539 3.041991 -1.113698 16.391436 -5.882102 9.861281 0.702588 -10.936864 -0.360576 7.156201 1e-06 8.774821 -3e-06 -16.795158 17.7099 5.824755 -1.844031 2.498503 -2.507276 -10.163594 4.678942 4.621106 -20.976009 -3e-06 4e-06 -21.226271 2.451697 -3.593994 -0.0 -6e-06 0.0 -1.362678 2.240796 -0.746321 -21.334898 0.584908 3.008324 -13.821204 -3e-06 3e-06 -23.887154 -0.249078 -0.83948 -60.457306 2.525191 -0.115642 -0.294025 1.679687 0.833254 -14.218202 0.093214 1.300581 -34.212021 -0.287564 0.967172 -20.033197 0.964537 1.212844 1e-06 0.0 0.0 -3.440387 0.788232 0.501656 -15.928177 -3.16731 2.999707 -6.338822 -1e-06 2e-06 -18.123434 3.648181 -4.905665 -4e-06 0.0 -3e-06 7.934724 10.132871 18.573109 37.432579 -26.487291 -4.74497 171.765152 81.330528 171.349854 -2.330736 23.388128 -0.937639 2.243541 -5.255031 -3.180155 14.28288 -0.826596 6.952497 -2e-06 -12.690595 4e-06 15.833627 -17.749702 2.299367 1.665666 -1.95592 -2.878296 4.727794 -4.170586 4.993921 11.020517 5e-06 -3e-06 12.109043 -3.735713 -2.866782 1e-06 -1e-06 -0.0 1.291986 -1.928548 -1.49809 14.800117 0.567468 3.865602 14.242562 -1.341734 -6.660652 19.631952 0.143928 -0.648242 49.203068 -1.116015 -6.784765 0.353029 -1.511149 -0.03194 20.222776 3.684307 2.316627 18.787256 3e-06 -3e-06 10.751619 -0.479869 1.397904 -0.0 1e-06 -1e-06 3.273805 0.305946 -0.580112 21.486801 11.830368 2.266126 8.162921 2e-06 -1e-06 18.399073 -3.798982 -4.940572 3e-06 -1e-06 -1e-06 5.751641 3.954437 -14.75634 -0.261272 -0.275652 81.056976 0.034436 4.208174 -1.065413 2.166393 -1.894344 -13.100902 -0.0 0.0 1e-06 -1.744855 -9.111657 -36.532387 -0.015583 -0.05022 39.411327 0.90101 -3.23248 3.729534 -1.428835 0.726271 -1.11502 -0.0 -0.0 -1e-06 
0.0 0.0 0.0 0.0 -0.0 0.0 7.208806 88.136101 225.860504 -0.266726 4.077287 -7.604845 1.624312 -0.29321 9.120396 0.132458 -1.241907 -1.853816 0.10337 -3.964727 15.544916 -1.803327 4.253458 3.95078 -0.418916 0.645584 -3.674423 -3.672787 1.57062 -7.615588 7.7e-05 -2.3e-05 6e-06 -0.008444 0.076693 -0.064028 0.742359 -3.665417 -10.722246 -0.768409 3.811104 -10.732265 -3.636007 -8.752665 19.856398 -39.02401 6.052257 7.079073 1.510811 -70.289047 0.163851 5.127682 -2.18541 16.460167 -5.882108 9.861286 0.702591 -10.936873 -0.360574 7.156204 3e-06 8.774827 -1e-06 -16.792654 17.775642 5.96746 -1.844034 2.498504 -2.507277 -10.163603 4.678946 4.621109 -20.976027 -3e-06 2e-06 -21.226292 2.451698 -3.594001 -0.0 -6e-06 0.0 -1.362682 2.240799 -0.746324 -21.334913 0.584909 3.008321 -13.821215 -3e-06 3e-06 -23.887171 -0.24908 -0.839484 -60.952118 2.575301 -0.058448 -0.294023 1.679687 0.833256 -14.218209 0.093214 1.30058 -34.212051 -0.287565 0.967168 -20.033215 0.964535 1.212844 0.0 0.0 1e-06 -3.440388 0.788233 0.501655 -15.928189 -3.16731 2.999706 -6.338828 -1e-06 0.0 -18.123447 3.648183 -4.905671 -4e-06 0.0 -3e-06 7.838466 11.27144 19.289446 33.714714 -23.594072 -3.092687 172.467392 81.669136 172.290024 -4.761201 22.943407 2.203578 2.243541 -5.255034 -3.180157 14.28288 -0.826594 6.952496 -0.0 -12.6906 1e-06 15.980083 -17.924049 2.533525 1.665663 -1.95592 -2.878297 4.727797 -4.170585 4.993921 11.02052 2e-06 -2e-06 12.109043 -3.735715 -2.866783 0.0 0.0 0.0 1.291985 -1.928549 -1.498086 14.800118 0.567467 3.865604 14.24256 -1.341736 -6.660655 19.631954 0.143925 -0.648245 49.295303 -1.154977 -6.821063 0.353029 -1.511149 -0.031941 20.222776 3.684307 2.316629 18.787258 4e-06 -0.0 10.75162 -0.479868 1.397904 -0.0 1e-06 -0.0 3.273807 0.305947 -0.58011 21.486794 11.830367 2.266129 8.162923 1e-06 -0.0 18.399073 -3.798984 -4.940572 3e-06 -1e-06 -0.0 6.65952 4.592177 -18.49111 -0.182208 -0.204077 86.789085 2.316092 8.808247 -3.910296 2.177183 -2.060366 -7.495643 -0.0 -1e-06 1e-06 -0.93763 -9.631929 -36.450321 0.004745 -0.040211 46.231064 -0.028421 -1.805709 -1.632385 -1.418338 0.73747 -0.50394 -0.0 -0.0 -1e-06 
0.0 0.0 0.0 0.0 -0.0 0.0 6.971565 88.066696 228.989838 -0.334631 3.851031 -7.763499 1.592906 -0.146567 9.592101 0.050043 -0.876339 -1.762524 0.29207 -3.526625 15.820368 -1.201326 4.095049 3.808074 -0.517678 0.403737 -3.638981 -3.230568 1.275054 -8.119802 7.7e-05 -2.3e-05 6e-06 -0.007241 0.063401 -0.062192 0.755408 -3.668339 -10.696746 -0.778966 3.787461 -10.693758 -3.893893 -8.642649 19.993773 -37.970879 6.707675 7.43616 0.966214 -68.520996 0.464135 6.513489 -2.900874 16.689882 -5.882105 9.861276 0.702589 -10.936865 -0.360575 7.156199 1e-06 8.774817 -1e-06 -16.993662 17.75304 5.83372 -1.84403 2.498502 -2.507275 -10.163594 4.67894 4.621107 -20.976006 -4e-06 3e-06 -21.226271 2.451695 -3.593999 -0.0 -6e-06 0.0 -1.362681 2.240797 -0.746323 -21.3349 0.58491 3.008322 -13.821205 -2e-06 1e-06 -23.887154 -0.249078 -0.839482 -61.179657 2.592033 -0.215145 -0.294025 1.679685 0.833256 -14.218197 0.093215 1.300578 -34.212021 -0.287563 0.967171 -20.033197 0.964536 1.212843 0.0 0.0 -1e-06 -3.440386 0.788233 0.501654 -15.928176 -3.167306 2.999706 -6.338821 -1e-06 3e-06 -18.12343 3.64818 -4.905665 -4e-06 0.0 -2e-06 7.46144 12.290546 19.258484 31.4091 -20.566753 -2.523113 171.057129 84.405357 170.798981 -6.809844 21.569345 7.096125 2.243539 -5.255035 -3.180157 14.282886 -0.826592 6.952501 -2e-06 -12.6906 -3e-06 16.12611 -18.130705 2.714309 1.665664 -1.955921 -2.878298 4.727797 -4.170585 4.993921 11.02052 3e-06 -1e-06 12.109046 -3.735713 -2.866782 -1e-06 0.0 -1e-06 1.291984 -1.928548 -1.498089 14.800122 0.56747 3.865606 14.242563 -1.341736 -6.660655 19.631954 0.143926 -0.648241 49.60862 -1.087828 -6.83594 0.353029 -1.511151 -0.031941 20.222782 3.684309 2.316631 18.787264 5e-06 2e-06 10.751624 -0.479865 1.397907 -0.0 -0.0 0.0 3.273804 0.305948 -0.58011 21.486807 11.830371 2.266136 8.162922 2e-06 0.0 18.399075 -3.798981 -4.940572 3e-06 -4e-06 -1e-06 6.495687 6.17051 -23.464085 -0.089178 -0.068145 87.612442 3.983417 11.004169 -5.683641 2.064789 -2.052157 -6.329289 0.0 -0.0 1e-06 -0.836698 -10.167041 -35.573532 0.004329 -0.058442 49.475113 -0.717109 -1.321189 -5.465192 -1.401788 0.775854 -0.128246 -0.0 -0.0 -1e-06 
0.0 0.0 0.0 0.0 -0.0 0.0 6.863879 88.481583 231.463104 -0.067218 4.184464 -7.359573 1.355097 -0.083229 10.13498 -0.07201 -0.678459 -1.555643 0.176877 -3.286608 15.650718 -0.565059 3.73262 3.408218 -0.573909 0.022877 -3.644087 -2.810085 0.900786 -8.503221 7.7e-05 -2.3e-05 6e-06 0.003073 0.02431 -0.077456 0.784607 -3.697332 -10.695083 -0.787346 3.736994 -10.674026 -4.075377 -8.986371 19.970346 -36.257248 7.68728 8.056837 0.80801 -66.557785 0.719865 7.228789 -3.280932 16.539782 -5.882099 9.861279 0.70259 -10.936861 -0.360576 7.1562 0.0 8.774822 0.0 -17.235275 17.627378 5.614262 -1.844033 2.498503 -2.507275 -10.163591 4.678942 4.621105 -20.976006 -6e-06 -1e-06 -21.226269 2.451693 -3.594 -1e-06 -6e-06 2e-06 -1.362681 2.240796 -0.746322 -21.334892 0.584907 3.008319 -13.821202 -3e-06 1e-06 -23.887152 -0.249081 -0.839483 -61.19054 2.531798 -0.332372 -0.294024 1.679686 0.833257 -14.218197 0.093213 1.300579 -34.212017 -0.287568 0.967169 -20.033197 0.964534 1.212844 1e-06 -0.0 0.0 -3.440384 0.788233 0.501654 -15.928172 -3.167309 2.999705 -6.33882 -2e-06 0.0 -18.12343 3.648179 -4.905668 -4e-06 0.0 -2e-06 6.282685 13.232752 18.547323 31.133713 -18.299576 -2.924145 158.561218 88.460106 158.483505 -7.992318 19.788523 10.733112 2.243537 -5.255032 -3.180154 14.282866 -0.826592 6.952495 -4e-06 -12.69059 1e-06 16.318256 -18.038443 2.726463 1.665663 -1.955919 -2.878296 4.727789 -4.170581 4.993919 11.020509 4e-06 -2e-06 12.109031 -3.735711 -2.866781 1e-06 0.0 0.0 1.291981 -1.928547 -1.498087 14.800105 0.567468 3.865604 14.242551 -1.341734 -6.660651 19.631937 0.143928 -0.648243 49.918926 -0.982199 -6.706165 0.353027 -1.51115 -0.031939 20.222761 3.684308 2.316628 18.787249 4e-06 1e-06 10.751612 -0.479869 1.397905 -0.0 -2e-06 0.0 3.273802 0.305947 -0.58011 21.48678 11.830362 2.266131 8.162913 -0.0 3e-06 18.399054 -3.798982 -4.940567 3e-06 0.0 -1e-06 5.482643 8.167905 -28.870516 -0.03748 0.047279 84.382545 3.094689 8.537971 -7.477758 1.89997 -1.951088 -6.323287 -0.0 0.0 3e-06 -1.276535 -10.64609 -34.615509 0.004416 -0.084716 50.75428 -0.722169 -1.353513 -7.641408 -1.39652 0.813268 -0.191967 0.0 0.0 -1e-06 
0.0 0.0 0.0 0.0 -0.0 0.0 6.87009 89.315071 233.710052 0.290023 4.992371 -6.711223 1.034095 -0.053956 10.760728 -0.151079 -0.720793 -1.370872 -0.124523 -3.199737 15.443708 -0.068492 3.344989 2.995143 -0.66742 -0.306233 -3.680124 -2.473521 0.33932 -8.651971 7.7e-05 -2.3e-05 6e-06 0.005917 0.012957 -0.101339 0.793449 -3.704799 -10.709902 -0.790354 3.720603 -10.67838 -4.391777 -9.546597 19.94491 -34.000282 8.244608 7.85872 0.449586 -63.950733 0.91105 7.766019 -3.121295 16.161945 -5.882102 9.861283 0.702589 -10.936869 -0.360576 7.156205 2e-06 8.774825 -1e-06 -17.169159 17.527353 5.456397 -1.844032 2.498503 -2.507277 -10.163595 4.678944 4.621108 -20.976021 -7e-06 2e-06 -21.226284 2.451694 -3.593998 -1e-06 -6e-06 0.0 -1.362681 2.240798 -0.746324 -21.334906 0.584905 3.008324 -13.821209 -5e-06 2e-06 -23.887161 -0.249082 -0.83948 -61.036823 2.385815 -0.405246 -0.294026 1.679687 0.833256 -14.218205 0.093212 1.30058 -34.212036 -0.28757 0.967171 -20.033209 0.964534 1.212845 2e-06 -0.0 1e-06 -3.440389 0.788233 0.501655 -15.928183 -3.167311 2.999707 -6.338826 -2e-06 -1e-06 -18.123444 3.64818 -4.905671 -4e-06 -0.0 -2e-06 5.135511 13.815365 17.819698 31.046228 -16.507328 -4.118196 6.428821 86.710205 6.903413 -8.242739 18.115318 12.767712 2.24354 -5.255033 -3.180156 14.282878 -0.82659 6.952499 -6e-06 -12.690595 -2e-06 16.4907 -17.848682 2.639863 1.665664 -1.95592 -2.878296 4.727796 -4.170583 4.993921 11.020518 4e-06 -1e-06 12.109041 -3.735712 -2.866782 -0.0 0.0 -1e-06 1.291983 -1.928548 -1.498087 14.800117 0.567471 3.865606 14.242558 -1.341735 -6.660653 19.631948 0.143929 -0.648241 50.174816 -0.849221 -6.595153 0.353028 -1.51115 -0.03194 20.222775 3.684309 2.316631 18.787258 7e-06 2e-06 10.75162 -0.479869 1.397907 0.0 -0.0 -0.0 3.273804 0.305947 -0.58011 21.486795 11.830368 2.266135 8.16292 2e-06 2e-06 18.399069 -3.79898 -4.940569 3e-06 0.0 -1e-06 3.747789 9.976295 -33.484383 -0.047511 0.110781 77.543633 1.178993 5.042228 -8.966289 1.800307 -1.899624 -6.242444 0.0 0.0 3e-06 -1.913739 -11.166053 -33.624214 0.084945 -0.048473 51.044785 -0.378768 -1.840353 -8.452719 -1.416189 0.840477 -0.599918 -0.0 0.0 -1e-06 
0.0 0.0 0.0 0.0 -0.0 0.0 6.981588 90.262527 235.731979 0.451329 5.850265 -5.957614 0.852725 -0.110777 11.233056 -0.185372 -0.757299 -1.192675 -0.368923 -3.237343 15.303524 0.139678 3.086515 2.842092 -0.768033 -0.796468 -3.726436 -2.329969 -0.13603 -8.523074 7.7e-05 -2.2e-05 6e-06 0.019894 -0.062664 -0.117359 0.802171 -3.770516 -10.702667 -0.769742 3.633231 -10.676441 -4.695424 -10.134467 19.734413 -31.622974 8.302112 6.968453 0.098943 -60.678745 0.991235 9.24579 -2.372295 14.955691 -5.882102 9.861279 0.70259 -10.936861 -0.360572 7.156199 -1e-06 8.774817 -0.0 -17.189491 17.421511 5.376286 -1.84403 2.498503 -2.507277 -10.163589 4.678943 4.621104 -20.976002 -2e-06 -1e-06 -21.226263 2.451694 -3.594001 1e-06 -6e-06 -0.0 -1.362681 2.240798 -0.746324 -21.334892 0.584912 3.00832 -13.821201 -3e-06 1e-06 -23.887146 -0.249077 -0.839484 -60.940758 2.321714 -0.3538 -0.294027 1.679687 0.833256 -14.218195 0.093217 1.30058 -34.212013 -0.28756 0.967166 -20.033194 0.964538 1.21284 2e-06 -0.0 -0.0 -3.440387 0.788233 0.501656 -15.92817 -3.167305 2.999704 -6.338821 -1e-06 1e-06 -18.123432 3.648183 -4.905668 -4e-06 0.0 -3e-06 3.974569 14.228533 16.904682 30.027895 -15.16093 -5.234632 0.899862 81.257149 2.147596 -7.921976 16.977695 13.184168 2.243539 -5.255033 -3.180156 14.282885 -0.826595 6.9525 -3e-06 -12.690599 2e-06 16.710186 -17.952269 2.480821 1.665667 -1.95592 -2.878297 4.727799 -4.170585 4.993921 11.020518 3e-06 -1e-06 12.10905 -3.735713 -2.866782 1e-06 -0.0 0.0 1.291986 -1.928548 -1.498088 14.800118 0.567468 3.865606 14.242566 -1.341735 -6.660655 19.631958 0.143926 -0.648244 50.414482 -0.802449 -6.646704 0.353028 -1.51115 -0.03194 20.222784 3.684308 2.316629 18.787266 5e-06 -0.0 10.751622 -0.479868 1.397905 -0.0 0.0 0.0 3.273807 0.305947 -0.58011 21.486803 11.830368 2.266131 8.162921 0.0 0.0 18.399075 -3.798984 -4.940572 3e-06 -1e-06 -1e-06 2.031647 10.915399 -36.501221 -0.10957 0.07403 67.97657 -0.154333 2.691161 -9.21569 1.749689 -1.927839 -5.54918 -0.0 0.0 2e-06 -2.395728 -11.238012 -32.893505 0.09989 -0.031408 50.958588 0.10851 -2.544418 -7.821476 -1.417955 0.804909 -1.311176 -0.0 -0.0 -1e-06 
0.0 0.0 0.0 0.0 -0.0 0.0 7.255416 91.098473 237.584427 0.422698 6.447299 -5.271015 0.817655 -0.215188 11.473468 -0.194459 -0.744099 -1.041225 -0.551213 -3.235742 15.238503 0.053259 2.976166 3.202344 -0.794574 -1.274676 -3.741328 -2.294932 -0.483419 -8.196005 7.7e-05 -2.3e-05 6e-06 0.027428 -0.097678 -0.128774 0.801169 -3.796191 -10.680121 -0.751881 3.58634 -10.658159 -4.804483 -10.569592 19.357685 -29.422798 7.906469 5.521369 -0.266853 -56.921665 0.914913 11.548375 -1.121246 13.299675 -5.882111 9.861286 0.702594 -10.936878 -0.360573 7.15621 3e-06 8.77483 0.0 -17.11812 17.305021 5.370153 -1.844033 2.498504 -2.507278 -10.163608 4.678948 4.621112 -20.976038 -3e-06 4e-06 -21.226301 2.451699 -3.593999 1e-06 -6e-06 -1e-06 -1.362681 2.240799 -0.746323 -21.334929 0.584911 3.008325 -13.821222 -2e-06 4e-06 -23.887188 -0.249077 -0.839482 -60.722172 2.359106 -0.38819 -0.294028 1.679688 0.833256 -14.21822 0.093215 1.300582 -34.212074 -0.287563 0.967172 -20.03323 0.964537 1.212843 1e-06 -0.0 0.0 -3.440392 0.788232 0.501657 -15.928198 -3.16731 2.999709 -6.338832 -1e-06 1e-06 -18.123459 3.648185 -4.905672 -4e-06 -0.0 -3e-06 2.988364 14.609022 16.141478 27.851515 -14.163118 -6.465478 0.327258 74.950424 2.06975 -7.794159 16.384981 13.029707 2.243543 -5.255036 -3.180158 14.282891 -0.826595 6.952504 -1e-06 -12.690602 0.0 17.008236 -18.069468 2.328682 1.665666 -1.955921 -2.878299 4.7278 -4.170586 4.993924 11.020529 3e-06 -1e-06 12.109052 -3.735715 -2.866784 -0.0 0.0 -0.0 1.291986 -1.928549 -1.498089 14.800132 0.567468 3.865608 14.242574 -1.341736 -6.660658 19.631969 0.143925 -0.648244 50.549469 -0.861086 -6.718131 0.353028 -1.51115 -0.03194 20.222795 3.684309 2.316631 18.787273 5e-06 -0.0 10.75163 -0.479868 1.397906 0.0 -0.0 -0.0 3.273808 0.305947 -0.580111 21.486813 11.830373 2.266133 8.162927 0.0 -0.0 18.399082 -3.798984 -4.940575 3e-06 0.0 -1e-06 1.313689 10.550565 -37.431774 -0.225639 -0.056015 56.440826 -0.96447 1.776047 -7.892708 1.713358 -1.938082 -4.444654 0.0 1e-06 2e-06 -2.633801 -10.805376 -32.535164 0.073549 0.011885 51.269787 0.411992 -3.551633 -6.545043 -1.409118 0.757792 -2.417452 -0.0 -0.0 -1e-06 
0.0 0.0 0.0 0.0 -0.0 0.0 7.686492 91.64064 239.317154 0.094464 6.545382 -4.815396 0.977205 -0.324329 11.538948 -0.184867 -0.607203 -0.912842 -0.675183 -3.151576 15.158369 -0.244427 2.978457 4.081977 -0.873903 -1.5365 -3.732553 -2.280915 -0.676253 -7.554327 7.7e-05 -2.3e-05 6e-06 0.025243 -0.092007 -0.13559 0.778085 -3.790239 -10.657882 -0.731376 3.5899 -10.634895 -4.67284 -10.761431 18.733599 -27.331411 7.480024 4.035914 -0.661578 -53.090885 0.851782 14.179932 0.354256 10.844716 -5.882102 9.861278 0.702588 -10.936861 -0.360574 7.1562 -0.0 8.774818 -1e-06 -17.067228 17.213747 5.28149 -1.844029 2.498505 -2.507276 -10.163591 4.678943 4.621103 -20.976006 -1e-06 0.0 -21.226271 2.451696 -3.594002 1e-06 -5e-06 -1e-06 -1.362682 2.240797 -0.746324 -21.334892 0.58491 3.008319 -13.821201 -1e-06 2e-06 -23.887146 -0.249076 -0.839484 -60.425968 2.440668 -0.485009 -0.294027 1.679682 0.833255 -14.218197 0.093215 1.300581 -34.212017 -0.287563 0.967167 -20.033195 0.964536 1.212841 0.0 0.0 1e-06 -3.440385 0.788233 0.501654 -15.928172 -3.167308 2.999705 -6.338821 -0.0 3e-06 -18.123432 3.648182 -4.905671 -4e-06 0.0 -1e-06 2.245574 15.044467 15.484971 24.554277 -13.406117 -7.439452 0.353611 67.648766 2.073841 -7.766966 16.091959 12.859763 2.243537 -5.255031 -3.180153 14.28287 -0.82659 6.952491 -2e-06 -12.690591 -1e-06 17.274515 -18.091602 2.212637 1.665663 -1.95592 -2.878295 4.72779 -4.170583 4.993916 11.02051 3e-06 -3e-06 12.109031 -3.735711 -2.866782 -0.0 0.0 -1e-06 1.291981 -1.928547 -1.498087 14.800108 0.567469 3.865601 14.242553 -1.341736 -6.660651 19.631941 0.143927 -0.648245 50.528965 -0.894273 -6.709551 0.353028 -1.511149 -0.03194 20.222757 3.684307 2.316626 18.787249 6e-06 -1e-06 10.751612 -0.479867 1.397904 0.0 0.0 0.0 3.273803 0.305947 -0.58011 21.486784 11.830364 2.26613 8.162917 2e-06 -0.0 18.399054 -3.798979 -4.94057 3e-06 -0.0 -1e-06 2.172568 9.284175 -36.235733 -0.272058 -0.182248 43.569901 -1.933806 1.090432 -4.751447 1.699154 -1.91136 -3.765954 -0.0 0.0 2e-06 -2.506386 -10.200541 -32.548321 0.00086 0.044695 52.395016 0.445685 -4.405193 -5.032733 -1.395771 0.71679 -3.967687 -0.0 0.0 -1e-06 
0.0 0.0 0.0 0.0 -0.0 0.0 8.239496 91.757919 241.162064 -0.34444 6.295103 -4.631965 1.081804 -0.278116 11.548384 -0.116017 -0.476918 -0.871255 -0.652652 -2.985083 14.965174 -0.74814 3.090395 5.283576 -0.919987 -1.501207 -3.645612 -2.234999 -0.877891 -6.749111 7.7e-05 -2.3e-05 4e-06 0.007869 -0.013621 -0.120365 0.730656 -3.721939 -10.671099 -0.717044 3.67679 -10.64325 -4.372108 -10.835435 18.017527 -25.00951 7.305397 3.403664 -0.617667 -49.689087 0.962832 16.239271 2.182076 7.221445 -5.882105 9.861279 0.70259 -10.936866 -0.360574 7.1562 2e-06 8.774819 -1e-06 -17.035954 17.212486 5.21976 -1.844031 2.498501 -2.507275 -10.163594 4.678941 4.621106 -20.976013 -4e-06 6e-06 -21.226273 2.451697 -3.593997 0.0 -6e-06 -3e-06 -1.362681 2.240796 -0.746322 -21.334904 0.584909 3.008321 -13.821205 -4e-06 5e-06 -23.887154 -0.249079 -0.839481 -60.356094 2.604178 -0.665454 -0.294022 1.679688 0.833254 -14.218199 0.093215 1.300581 -34.212032 -0.287564 0.967174 -20.033199 0.964536 1.212845 -1e-06 1e-06 -0.0 -3.440384 0.788233 0.501655 -15.928179 -3.167309 2.999705 -6.338822 -1e-06 2e-06 -18.12344 3.64818 -4.905668 -4e-06 -1e-06 -2e-06 1.618951 15.562598 14.882547 20.438147 -12.950363 -8.026464 0.785005 59.486721 1.926652 -7.36694 15.591446 13.222118 2.24354 -5.255031 -3.180153 14.282876 -0.826594 6.952495 -3e-06 -12.69059 2e-06 17.515993 -18.063416 2.073727 1.665664 -1.955919 -2.878295 4.727797 -4.170583 4.993918 11.020518 3e-06 -1e-06 12.109038 -3.735712 -2.866781 1e-06 0.0 -1e-06 1.291986 -1.928548 -1.498087 14.800112 0.567467 3.865602 14.242553 -1.341735 -6.66065 19.631941 0.143927 -0.648244 50.530201 -0.970684 -6.702962 0.353028 -1.511149 -0.031939 20.222769 3.684307 2.316628 18.787252 5e-06 -0.0 10.751616 -0.479868 1.397905 0.0 0.0 0.0 3.273802 0.305947 -0.58011 21.486788 11.830361 2.266128 8.162919 2e-06 -0.0 18.399059 -3.798981 -4.940569 3e-06 0.0 -1e-06 3.648001 8.675218 -34.125004 -0.152071 -0.189592 32.866493 -4.962888 -0.86491 1.003557 1.674247 -1.949794 -3.15689 0.0 0.0 2e-06 -2.351781 -10.219952 -32.597408 -0.013672 0.049076 54.143372 0.532238 -4.130487 -4.420815 -1.389477 0.687415 -5.463649 -0.0 -0.0 -1e-06 
0.0 0.0 0.0 0.0 -0.0 0.0 8.806137 91.402588 243.115906 -0.240487 6.411808 -4.391182 0.522709 -0.195914 11.459371 -0.123673 -0.448913 -0.941895 -0.452955 -2.886305 14.780603 -1.030623 3.238673 6.307968 -0.991555 -1.606607 -3.665172 -2.314744 -0.751408 -6.393518 7.7e-05 -2.3e-05 4e-06 -0.006731 -0.006639 -0.108018 0.696319 -3.713115 -10.662992 -0.71139 3.679752 -10.630704 -4.125928 -10.883904 17.395958 -21.824495 7.400124 3.284738 -0.462548 -46.801819 1.476511 17.221447 4.161119 2.080475 -5.882103 9.86128 0.702589 -10.936865 -0.360574 7.156201 1e-06 8.774819 -2e-06 -16.756769 17.358112 5.452509 -1.84403 2.498503 -2.507279 -10.16359 4.678942 4.621108 -20.976006 -1e-06 5e-06 -21.226271 2.451697 -3.594 0.0 -6e-06 -2e-06 -1.36268 2.240797 -0.746322 -21.334902 0.58491 3.008321 -13.821204 -3e-06 1e-06 -23.887154 -0.249078 -0.839482 -60.590172 2.737029 -0.593966 -0.294026 1.679686 0.833256 -14.218199 0.093217 1.300579 -34.212025 -0.287561 0.967169 -20.033199 0.964537 1.212841 -1e-06 0.0 0.0 -3.440387 0.788233 0.501656 -15.928176 -3.167305 2.999707 -6.338821 -0.0 1e-06 -18.123434 3.648183 -4.905666 -4e-06 -0.0 -3e-06 1.401076 16.050339 13.800835 15.727325 -13.170422 -7.452892 0.54923 50.612808 1.012602 -6.747573 15.203419 12.967793 2.243541 -5.255035 -3.180155 14.282885 -0.826594 6.952499 0.0 -12.690599 -2e-06 17.294891 -18.156347 2.138084 1.665666 -1.955921 -2.878297 4.727797 -4.170586 4.993921 11.020519 2e-06 -1e-06 12.109043 -3.735716 -2.866784 -1e-06 1e-06 -1e-06 1.291984 -1.928548 -1.498088 14.800122 0.567466 3.865606 14.242565 -1.341738 -6.660655 19.631956 0.143923 -0.648244 50.049629 -1.124749 -6.90028 0.353029 -1.511149 -0.03194 20.222778 3.684305 2.31663 18.78726 2e-06 -1e-06 10.75162 -0.479869 1.397905 0.0 -0.0 -0.0 3.273805 0.305945 -0.580111 21.486799 11.830366 2.266132 8.162926 1e-06 0.0 18.399071 -3.798985 -4.940573 3e-06 0.0 -1e-06 3.453809 10.128642 -33.809204 -0.01399 -0.082413 31.253468 -6.668607 -3.786434 4.926688 1.691202 -1.961759 -2.205352 -0.0 0.0 2e-06 -3.147112 -10.914466 -32.958015 0.078864 -0.052572 56.558517 1.484295 -2.29973 -5.332838 -1.37313 0.607697 -6.140157 0.0 0.0 -1e-06 
0.0 0.0 0.0 0.0 -0.0 0.0 9.216218 90.900169 244.745468 0.053597 7.13364 -4.241625 0.172634 -0.151162 11.641072 -0.191441 -0.556662 -0.996714 -0.677066 -2.638224 14.441418 -0.992764 3.223313 6.788833 -1.052771 -1.633743 -3.637158 -2.405491 -0.81008 -6.964937 7.7e-05 -2.3e-05 4e-06 -0.016903 0.011855 -0.08384 0.724291 -3.706124 -10.649502 -0.761689 3.713661 -10.626065 -3.354722 -11.260274 17.117781 -18.762125 7.15344 2.389836 -0.991348 -44.040218 1.688127 17.364355 5.425972 -0.771441 -5.882105 9.861279 0.702591 -10.936864 -0.360573 7.156202 -0.0 8.774821 -1e-06 -16.222036 17.597206 5.760454 -1.84403 2.498503 -2.507277 -10.163595 4.678942 4.621108 -20.976013 -3e-06 1e-06 -21.226273 2.451694 -3.593999 -1e-06 -7e-06 0.0 -1.362681 2.240798 -0.746322 -21.334904 0.584909 3.008322 -13.821205 -1e-06 0.0 -23.887157 -0.249077 -0.839484 -61.071056 2.706958 -0.824158 -0.294024 1.679684 0.833255 -14.2182 0.093215 1.300578 -34.212021 -0.28756 0.967168 -20.033201 0.964538 1.212845 0.0 -1e-06 0.0 -3.440385 0.788234 0.501656 -15.928176 -3.167307 2.999703 -6.338822 -0.0 2e-06 -18.12344 3.648183 -4.905665 -4e-06 -1e-06 -3e-06 1.224104 16.036108 13.078103 12.608624 -13.750852 -9.110355 1.554152 42.942364 1.056417 -6.86284 14.167544 12.061467 2.24354 -5.255033 -3.180155 14.282874 -0.826593 6.952497 -2e-06 -12.690593 -1e-06 17.010958 -17.932673 2.15599 1.665665 -1.955919 -2.878297 4.727795 -4.170584 4.993918 11.020514 2e-06 -2e-06 12.10904 -3.735713 -2.866783 -0.0 0.0 -1e-06 1.291984 -1.928549 -1.498089 14.800112 0.567468 3.865604 14.242559 -1.341735 -6.660654 19.631948 0.143927 -0.648245 49.481976 -1.192872 -7.038216 0.353028 -1.511149 -0.031941 20.222769 3.684307 2.316627 18.787254 4e-06 -3e-06 10.751617 -0.479868 1.397904 0.0 0.0 1e-06 3.273804 0.305946 -0.58011 21.48679 11.830362 2.266129 8.16292 1e-06 0.0 18.399063 -3.798982 -4.940571 3e-06 0.0 -1e-06 2.507476 11.705879 -35.237839 -0.027757 0.001124 35.152767 -6.523507 -6.536519 2.667838 1.661736 -1.893001 -1.686943 0.0 0.0 2e-06 -4.125755 -12.004454 -32.863659 0.157187 -0.029635 58.661854 2.623579 -1.220205 -7.87318 -1.389417 0.658229 -5.684045 0.0 0.0 -1e-06 
0.0 0.0 0.0 0.0 -0.0 0.0 9.443357 90.672424 246.198029 -0.011976 8.550363 -4.075263 0.052038 -0.153879 11.55854 -0.247372 -0.628664 -1.061834 -0.841025 -2.623645 14.320228 -0.655061 3.033892 6.931465 -1.104076 -1.744345 -3.619503 -2.53808 -0.880533 -7.345613 7.7e-05 -2.3e-05 5e-06 -0.027171 0.019674 -0.094105 0.733426 -3.69935 -10.649102 -0.792702 3.724653 -10.640131 -2.558342 -11.798836 17.141647 -16.095533 6.328507 0.883165 -1.771513 -40.80624 1.984636 17.630428 7.00342 -2.074618 -5.882103 9.861281 0.702591 -10.936868 -0.360575 7.156205 1e-06 8.774823 -1e-06 -15.959658 17.52075 5.844065 -1.844031 2.498503 -2.507277 -10.163597 4.678941 4.62111 -20.976013 -3e-06 2e-06 -21.226276 2.451696 -3.593999 -1e-06 -7e-06 -2e-06 -1.362682 2.240798 -0.746322 -21.334906 0.584909 3.008323 -13.821208 -2e-06 1e-06 -23.887165 -0.249079 -0.83948 -61.137161 2.70086 -0.955176 -0.294025 1.679688 0.833255 -14.218207 0.093215 1.300581 -34.212044 -0.287563 0.96717 -20.033209 0.964538 1.212843 -0.0 0.0 1e-06 -3.440387 0.788232 0.501655 -15.928179 -3.167309 2.999708 -6.338822 -1e-06 3e-06 -18.12344 3.648184 -4.905667 -4e-06 -0.0 -1e-06 1.175861 15.690615 12.532957 11.648334 -14.754681 -11.862277 1.732923 37.346455 0.637123 -7.381988 12.617374 9.770155 2.243543 -5.255037 -3.180158 14.282892 -0.826598 6.952504 -2e-06 -12.690604 1e-06 16.443251 -17.77961 2.32874 1.665667 -1.955922 -2.878299 4.7278 -4.170588 4.993925 11.020528 5e-06 -2e-06 12.109053 -3.735714 -2.866785 -1e-06 -0.0 -1e-06 1.291985 -1.928548 -1.49809 14.800132 0.567468 3.865608 14.242576 -1.341736 -6.660655 19.631969 0.143925 -0.648243 48.867619 -1.10618 -7.084985 0.353029 -1.511151 -0.031941 20.222794 3.684307 2.31663 18.787273 5e-06 -1e-06 10.75163 -0.479868 1.397907 0.0 0.0 -2e-06 3.273808 0.305944 -0.580112 21.486816 11.830371 2.266133 8.16293 1e-06 0.0 18.399088 -3.798985 -4.940577 3e-06 -0.0 -2e-06 1.890612 12.833852 -36.160225 -0.175551 -0.018971 37.707489 -6.464059 -8.912571 1.092245 1.652289 -1.80636 -1.76071 -0.0 1e-06 2e-06 -4.568701 -12.864096 -31.143251 0.196359 -0.007272 58.135605 3.435215 -1.189455 -11.698167 -1.410376 0.712782 -4.760767 0.0 0.0 -1e-06 
0.0 0.0 0.0 0.0 -0.0 0.0 9.58802 90.711792 247.403931 -0.286258 9.921713 -3.734292 -0.035452 -0.138945 11.230834 -0.310625 -0.650891 -1.140094 -0.847076 -2.763898 14.104142 -0.240147 2.847528 6.899773 -1.126423 -2.012428 -3.683687 -2.63186 -0.749982 -7.490887 7.7e-05 -2.3e-05 6e-06 -0.012556 -0.027568 -0.129348 0.757949 -3.741324 -10.675317 -0.787904 3.671795 -10.673931 -2.174443 -12.399342 17.00881 -14.190316 5.541665 -0.753479 -2.198435 -37.393768 2.031217 18.319704 8.634233 -2.829496 -5.882101 9.861279 0.70259 -10.936865 -0.360577 7.1562 1e-06 8.774821 -3e-06 -15.924993 17.389322 5.852582 -1.84403 2.498503 -2.507276 -10.16359 4.678939 4.621103 -20.976006 -4e-06 3e-06 -21.226269 2.451694 -3.593996 0.0 -6e-06 -1e-06 -1.36268 2.240798 -0.746324 -21.3349 0.584909 3.008319 -13.821205 -3e-06 2e-06 -23.887156 -0.24908 -0.83948 -60.976017 2.732766 -0.912674 -0.294024 1.679685 0.833256 -14.218197 0.093214 1.30058 -34.212021 -0.287563 0.967171 -20.033197 0.964537 1.212844 -0.0 -0.0 1e-06 -3.440386 0.78823 0.501656 -15.928174 -3.16731 2.999706 -6.338822 -0.0 2e-06 -18.123432 3.648182 -4.905664 -5e-06 -0.0 -3e-06 1.319688 15.155362 11.892433 12.3149 -15.845552 -14.406638 1.443897 34.67355 0.227702 -8.021349 11.415779 6.30771 2.24354 -5.255035 -3.180155 14.282884 -0.826596 6.9525 -1e-06 -12.690597 -2e-06 15.920795 -17.671621 2.473413 1.665665 -1.955924 -2.878298 4.727797 -4.170586 4.993923 11.02052 4e-06 -1e-06 12.109046 -3.735714 -2.866783 -1e-06 0.0 -3e-06 1.291984 -1.928548 -1.49809 14.80012 0.567466 3.865608 14.242564 -1.341736 -6.660657 19.631958 0.143926 -0.648244 48.471031 -0.943704 -7.031546 0.353028 -1.511149 -0.03194 20.222778 3.684307 2.316631 18.78726 3e-06 -0.0 10.751621 -0.47987 1.397905 0.0 0.0 -1e-06 3.273805 0.305946 -0.58011 21.486799 11.830368 2.266133 8.162921 3e-06 0.0 18.399071 -3.798983 -4.940572 3e-06 -0.0 -1e-06 1.637745 13.353453 -36.601936 -0.24407 -0.069804 38.701878 -6.699758 -10.476013 0.305459 1.662148 -1.768699 -2.191373 0.0 0.0 2e-06 -4.535563 -12.735451 -28.94503 0.180937 -0.043831 56.078972 4.224962 -1.7817 -15.320416 -1.423212 0.750717 -4.272964 -0.0 -0.0 -1e-06 
0.0 0.0 0.0 0.0 -0.0 0.0 9.708972 90.977097 248.365616 -0.670349 10.804584 -3.470567 0.023403 -0.159593 10.934439 -0.391759 -0.655524 -1.272426 -0.854704 -2.962882 13.821148 0.000439 2.796313 6.712237 -1.100401 -1.909043 -3.657417 -2.606256 -0.762518 -7.471766 7.8e-05 -2.3e-05 6e-06 -0.031865 0.040187 -0.128056 0.735914 -3.687846 -10.719411 -0.805643 3.756019 -10.715125 -2.447163 -12.655533 17.101362 -12.646476 4.865633 -2.428372 -2.189974 -34.251709 1.775527 19.236948 10.202338 -2.791337 -5.882103 9.861282 0.702591 -10.936865 -0.360573 7.156203 -0.0 8.774822 -3e-06 -15.820346 17.35537 5.868102 -1.844031 2.498503 -2.507277 -10.163596 4.678942 4.621109 -20.976013 -3e-06 2e-06 -21.226273 2.451697 -3.593999 2e-06 -6e-06 -1e-06 -1.362681 2.240798 -0.746323 -21.334904 0.584909 3.008322 -13.821205 -3e-06 1e-06 -23.887157 -0.24908 -0.839481 -60.813969 2.635185 -0.86297 -0.294024 1.679688 0.833256 -14.218202 0.093215 1.300581 -34.212036 -0.287562 0.967172 -20.033201 0.964539 1.212843 0.0 1e-06 2e-06 -3.440387 0.788234 0.501656 -15.928179 -3.167307 2.999709 -6.338822 1e-06 3e-06 -18.123438 3.648181 -4.905669 -6e-06 1e-06 -3e-06 1.826271 14.662386 11.546383 13.572728 -16.548101 -17.674673 1.486582 33.920067 0.158928 -8.508128 10.786456 2.842182 2.243541 -5.255035 -3.180155 14.282885 -0.826591 6.952495 -2e-06 -12.690601 -2e-06 15.979434 -17.589693 2.369135 1.665667 -1.955924 -2.878298 4.727797 -4.170586 4.993918 11.020522 6e-06 -2e-06 12.109049 -3.735714 -2.866785 -0.0 1e-06 -2e-06 1.291986 -1.928549 -1.498088 14.80012 0.567465 3.865602 14.242566 -1.341735 -6.660654 19.631956 0.143929 -0.648246 48.452629 -0.728559 -7.085025 0.353029 -1.511149 -0.031941 20.222782 3.684308 2.316626 18.78726 5e-06 -3e-06 10.751622 -0.479869 1.397905 0.0 0.0 -1e-06 3.273805 0.305948 -0.580111 21.486803 11.830376 2.266131 8.162919 4e-06 -3e-06 18.399075 -3.798981 -4.940577 4e-06 2e-06 -2e-06 1.825187 13.543518 -36.455296 -0.316478 -0.190036 38.825653 -7.32004 -11.297585 -0.602849 1.649098 -1.775722 -2.433583 0.0 -0.0 2e-06 -4.275586 -11.977105 -27.117332 0.248599 0.033681 54.208939 4.949731 -2.470508 -17.594435 -1.439963 0.818065 -3.89585 -0.0 -0.0 -1e-06 
0.0 0.0 0.0 0.0 -0.0 0.0 9.838404 91.247871 249.380783 -0.76076 11.399574 -3.138662 -0.035317 -0.123223 10.455405 -0.454163 -0.745885 -1.446771 -0.966523 -3.057631 13.606339 0.261908 2.794186 6.5161 -1.059481 -1.878911 -3.645362 -2.542652 -0.606618 -7.75767 7.7e-05 -2.2e-05 6e-06 -0.030881 0.063006 -0.112959 0.729984 -3.668056 -10.705635 -0.798057 3.784629 -10.692787 -2.567802 -12.743062 16.977413 -11.664427 4.205756 -3.112449 -2.053525 -31.754633 1.585581 19.956951 11.755501 -2.19027 -5.882103 9.861282 0.702592 -10.936868 -0.360575 7.156206 -0.0 8.774824 -2e-06 -15.654299 17.400995 6.048661 -1.844032 2.498504 -2.507277 -10.163597 4.678943 4.621109 -20.976017 -3e-06 6e-06 -21.226273 2.451697 -3.593994 0.0 -7e-06 -2e-06 -1.362681 2.240796 -0.746324 -21.334909 0.58491 3.008326 -13.82121 -2e-06 5e-06 -23.887165 -0.249076 -0.839479 -60.74456 2.646817 -0.885625 -0.294025 1.679688 0.833256 -14.218204 0.093214 1.300583 -34.212044 -0.287562 0.967177 -20.033209 0.964538 1.212847 0.0 -0.0 1e-06 -3.440387 0.788233 0.501655 -15.928183 -3.167309 2.99971 -6.338825 -1e-06 3e-06 -18.12344 3.648183 -4.905665 -5e-06 0.0 -3e-06 2.201481 14.161343 11.290475 15.029251 -17.105869 -19.866411 1.593351 34.037457 0.323016 -8.741066 10.380444 0.021798 2.243539 -5.255031 -3.180156 14.28288 -0.826597 6.952503 -2e-06 -12.690593 1e-06 16.159918 -17.664173 2.167886 1.665663 -1.955918 -2.878297 4.727796 -4.170584 4.993923 11.020519 2e-06 2e-06 12.109041 -3.735713 -2.866779 2e-06 1e-06 1e-06 1.291985 -1.928548 -1.498088 14.800115 0.567467 3.865608 14.242558 -1.341736 -6.660648 19.631948 0.143925 -0.648244 48.343315 -0.682305 -7.21928 0.353029 -1.511149 -0.03194 20.222775 3.684307 2.316633 18.787256 2e-06 2e-06 10.75162 -0.47987 1.397906 1e-06 0.0 -1e-06 3.273803 0.305948 -0.580109 21.486799 11.830364 2.266135 8.162921 3e-06 1e-06 18.399073 -3.798985 -4.940568 3e-06 1e-06 -1e-06 1.796212 13.532325 -36.089924 -0.354574 -0.229488 38.502697 -7.922602 -11.647261 -1.291965 1.647349 -1.776217 -2.724213 0.0 -1e-06 2e-06 -4.255531 -10.922976 -24.832699 0.262529 0.073997 51.141396 5.595989 -3.356001 -19.765106 -1.448754 0.875117 -3.173777 0.0 0.0 -1e-06 
0.0 0.0 0.0 0.0 -0.0 0.0 10.010318 91.553665 250.292542 -0.767343 11.784303 -2.869382 -0.06704 -0.071444 9.958435 -0.475843 -0.814837 -1.601836 -1.054737 -3.063453 13.400766 0.38252 2.708868 6.260627 -0.929992 -1.813251 -3.677526 -2.504097 -0.374094 -8.133566 7.7e-05 -2.3e-05 5e-06 -0.01101 0.020563 -0.109812 0.749349 -3.706725 -10.688445 -0.776846 3.738906 -10.672665 -2.659961 -12.824656 16.723063 -11.019268 3.555218 -3.029564 -1.728974 -29.649767 1.400924 20.50926 13.296382 -0.972345 -5.882109 9.861283 0.702588 -10.936876 -0.360576 7.156201 3e-06 8.774824 -1e-06 -15.439986 17.478483 6.364846 -1.844034 2.498505 -2.507277 -10.163604 4.678944 4.621105 -20.976038 -8e-06 -1e-06 -21.226297 2.451692 -3.594002 -0.0 -7e-06 -1e-06 -1.362682 2.240796 -0.746324 -21.334927 0.584906 3.008316 -13.82122 -6e-06 -1e-06 -23.887186 -0.249086 -0.839484 -60.791794 2.766181 -0.958028 -0.294024 1.679688 0.833255 -14.218215 0.093213 1.300577 -34.212067 -0.287573 0.967165 -20.033224 0.964529 1.21284 0.0 0.0 -2e-06 -3.44039 0.788233 0.501654 -15.928192 -3.167312 2.999704 -6.338829 -2e-06 -1e-06 -18.123453 3.648176 -4.905673 -5e-06 1e-06 -2e-06 2.544551 13.716082 11.076622 16.264795 -17.749016 -20.958939 1.326094 34.419529 0.339357 -9.061242 9.905039 -2.146739 2.243542 -5.255037 -3.180157 14.282887 -0.826592 6.952495 -5e-06 -12.6906 -0.0 16.128119 -17.825674 2.118275 1.665667 -1.95592 -2.878298 4.727796 -4.170585 4.99392 11.020526 2e-06 -5e-06 12.109052 -3.735712 -2.866786 2e-06 -1e-06 -1e-06 1.291986 -1.928544 -1.498089 14.800125 0.567469 3.8656 14.242568 -1.341731 -6.660658 19.631962 0.143932 -0.648247 48.384602 -0.754593 -7.269109 0.353028 -1.51115 -0.03194 20.22279 3.684311 2.316622 18.78727 1.1e-05 -5e-06 10.751625 -0.479864 1.397905 0.0 -0.0 1e-06 3.273807 0.305947 -0.580111 21.486811 11.830376 2.266126 8.162926 4e-06 -2e-06 18.399076 -3.798974 -4.940578 3e-06 1e-06 -1e-06 1.691201 13.486197 -35.5756 -0.32787 -0.221885 38.105713 -8.269063 -11.825859 -1.908222 1.656636 -1.77406 -3.011943 -0.0 0.0 2e-06 -4.283221 -9.740005 -22.749544 0.195726 0.030535 48.27581 6.135249 -4.290002 -21.611938 -1.443338 0.904118 -2.584558 0.0 0.0 -1e-06 
0.0 0.0 0.0 0.0 -0.0 0.0 10.283448 91.90937 251.083801 -0.797946 11.871943 -2.782439 -0.003223 -0.042015 9.568577 -0.469781 -0.857203 -1.741422 -1.055327 -3.123423 13.223421 0.334941 2.685134 6.02234 -0.810735 -1.596609 -3.657956 -2.438993 -0.243474 -8.490661 7.7e-05 -2.3e-05 6e-06 -0.015092 0.048987 -0.095906 0.747832 -3.679182 -10.690874 -0.783056 3.767796 -10.674117 -3.010714 -12.701556 16.6653 -10.487208 3.040108 -2.730842 -1.379129 -27.911966 1.203068 20.975687 14.723102 0.305201 -5.882098 9.861276 0.702588 -10.936854 -0.360574 7.156198 -2e-06 8.774817 -3e-06 -15.25722 17.461344 6.527078 -1.844029 2.498502 -2.507277 -10.163586 4.67894 4.621103 -20.97599 -0.0 4e-06 -21.226252 2.451699 -3.593997 1e-06 -6e-06 -1e-06 -1.362679 2.240796 -0.746322 -21.334881 0.584912 3.008323 -13.821193 1e-06 3e-06 -23.887135 -0.249073 -0.839483 -60.695358 2.743091 -1.006336 -0.294024 1.679685 0.833256 -14.218188 0.093216 1.300581 -34.211994 -0.287556 0.96717 -20.033184 0.964538 1.212842 0.0 0.0 -1e-06 -3.440384 0.788233 0.501655 -15.928164 -3.167305 2.999707 -6.338817 -0.0 3e-06 -18.123423 3.648183 -4.905663 -5e-06 0.0 -3e-06 2.922876 13.470727 11.167129 16.919218 -18.232906 -22.178854 1.267744 34.658756 0.328473 -9.52157 9.470316 -3.180483 2.243538 -5.255032 -3.180155 14.282871 -0.826594 6.952496 -1e-06 -12.690592 -1e-06 16.158907 -17.96487 2.103126 1.665664 -1.955917 -2.878296 4.727792 -4.170584 4.993919 11.020512 0.0 -1e-06 12.109035 -3.735713 -2.866781 2e-06 -1e-06 -1e-06 1.291983 -1.928546 -1.498088 14.800112 0.567466 3.865607 14.242552 -1.341737 -6.66065 19.631939 0.143924 -0.648243 48.595409 -0.732783 -7.256499 0.353029 -1.51115 -0.03194 20.222765 3.684309 2.31663 18.787247 4e-06 0.0 10.751616 -0.479867 1.397905 1e-06 0.0 -1e-06 3.273802 0.305947 -0.58011 21.486786 11.830362 2.266134 8.162915 -1e-06 2e-06 18.399055 -3.798984 -4.94057 3e-06 0.0 -2e-06 1.671506 13.50603 -34.763641 -0.333494 -0.274931 37.527931 -8.431222 -11.745186 -2.617073 1.658047 -1.775027 -3.153429 0.0 -0.0 3e-06 -4.348707 -8.837844 -21.351995 0.142037 0.00997 46.560207 6.441263 -4.637834 -22.341776 -1.441861 0.934514 -2.49388 -0.0 -0.0 -1e-06 
0.0 0.0 0.0 0.0 -0.0 0.0 10.651493 92.286354 251.75061 -0.696751 11.698998 -2.76658 0.014386 -0.034088 9.165765 -0.471258 -0.858095 -1.852489 -1.045712 -3.156333 13.047055 0.306134 2.632835 5.922544 -0.737278 -1.348542 -3.638366 -2.379578 -0.048365 -8.793432 7.7e-05 -2.3e-05 6e-06 -0.013407 0.05859 -0.086206 0.745962 -3.667212 -10.6829 -0.777339 3.775447 -10.668432 -3.19629 -12.4905 16.574917 -10.244905 2.676729 -2.106168 -1.300517 -26.612797 1.108817 21.314934 15.999166 1.649947 -5.882101 9.861279 0.702592 -10.936865 -0.360575 7.156203 1e-06 8.774822 0.0 -15.045756 17.417887 6.672842 -1.84403 2.498504 -2.507277 -10.163595 4.678941 4.621108 -20.976013 -6e-06 5e-06 -21.226273 2.451694 -3.593996 -0.0 -6e-06 0.0 -1.36268 2.240796 -0.746322 -21.334904 0.584907 3.008323 -13.821206 -3e-06 6e-06 -23.887154 -0.249078 -0.839479 -60.450878 2.699781 -1.059025 -0.294024 1.679686 0.833256 -14.218199 0.093213 1.300582 -34.212032 -0.287567 0.967175 -20.033201 0.964534 1.212846 2e-06 -2e-06 -1e-06 -3.440386 0.788232 0.501656 -15.928176 -3.16731 2.999707 -6.338823 -2e-06 3e-06 -18.123436 3.64818 -4.905663 -5e-06 -0.0 -1e-06 3.158402 13.356333 11.267516 17.153149 -18.644419 -22.702229 1.134375 34.700066 0.306874 -9.994323 9.042835 -3.841896 2.243539 -5.255033 -3.180155 14.282878 -0.826592 6.9525 -3e-06 -12.690598 -0.0 16.247492 -18.052038 2.103938 1.665664 -1.955919 -2.878297 4.727794 -4.170583 4.993921 11.020515 4e-06 1e-06 12.109037 -3.735714 -2.866779 1e-06 0.0 -1e-06 1.291984 -1.928548 -1.498088 14.800117 0.567469 3.865608 14.242559 -1.341735 -6.660651 19.631948 0.143925 -0.648241 48.875526 -0.72087 -7.209187 0.353028 -1.511149 -0.03194 20.222775 3.684309 2.316631 18.787258 5e-06 4e-06 10.751622 -0.479868 1.397908 -0.0 -0.0 -2e-06 3.273804 0.305947 -0.58011 21.486795 11.830371 2.266136 8.162919 3e-06 1e-06 18.399065 -3.798986 -4.94057 3e-06 0.0 -1e-06 1.552333 13.568634 -33.728657 -0.340254 -0.310903 36.750484 -8.412704 -11.430581 -3.121979 1.658584 -1.779823 -3.226296 -0.0 0.0 2e-06 -4.628064 -8.15273 -20.029398 0.138395 0.01522 44.950863 6.666841 -4.662356 -22.572832 -1.445127 0.955619 -2.488996 -0.0 -0.0 -1e-06 
0.0 0.0 0.0 0.0 -0.0 0.0 11.10764 92.662773 252.303574 -0.495572 11.306892 -2.739442 -0.000509 -0.048135 8.735276 -0.482537 -0.821444 -1.952474 -1.043553 -3.116688 12.824739 0.266373 2.610591 5.915949 -0.698413 -1.121616 -3.613326 -2.316894 0.113614 -9.041661 7.7e-05 -2.2e-05 6e-06 -0.008441 0.054911 -0.079169 0.746206 -3.670008 -10.669685 -0.767082 3.771389 -10.659043 -3.29045 -12.216909 16.444899 -10.129679 2.447505 -1.063471 -1.36257 -25.688023 1.069824 21.412012 17.301939 3.13781 -5.882104 9.861278 0.70259 -10.936871 -0.360575 7.156201 0.0 8.774818 -3e-06 -14.846815 17.383247 6.804382 -1.844032 2.498502 -2.507276 -10.163599 4.67894 4.621106 -20.976021 -4e-06 7e-06 -21.226282 2.451697 -3.593996 1e-06 -5e-06 1e-06 -1.362681 2.240796 -0.746323 -21.334911 0.584908 3.008322 -13.821211 -3e-06 4e-06 -23.887165 -0.249078 -0.839479 -60.157139 2.666184 -1.123109 -0.294024 1.679685 0.833256 -14.218207 0.093214 1.300582 -34.212048 -0.287563 0.967174 -20.033211 0.964537 1.212845 0.0 -1e-06 1e-06 -3.440388 0.788233 0.501656 -15.928185 -3.167307 2.999705 -6.338825 -1e-06 2e-06 -18.123444 3.64818 -4.905668 -6e-06 0.0 -0.0 3.305242 13.333276 11.372428 16.999678 -19.061419 -22.762142 1.085609 34.70615 0.376238 -10.549614 8.65099 -4.264856 2.243542 -5.255036 -3.180158 14.28289 -0.826593 6.952499 -4e-06 -12.690597 3e-06 16.371588 -18.132843 2.089828 1.665667 -1.95592 -2.878299 4.727798 -4.170585 4.993923 11.020526 4e-06 -2e-06 12.109052 -3.735714 -2.866784 1e-06 0.0 -1e-06 1.291986 -1.928547 -1.498089 14.800125 0.567465 3.865604 14.242572 -1.341735 -6.660658 19.631968 0.143926 -0.648249 49.132484 -0.734238 -7.19801 0.353029 -1.51115 -0.03194 20.222788 3.684308 2.316626 18.78727 6e-06 -3e-06 10.751625 -0.479867 1.397904 -0.0 -1e-06 0.0 3.273807 0.305946 -0.580111 21.486811 11.830368 2.266126 8.162926 2e-06 -2e-06 18.399076 -3.79898 -4.940579 3e-06 -0.0 0.0 1.349439 13.56772 -32.634178 -0.328091 -0.328196 35.922894 -8.228787 -10.930601 -3.573589 1.660541 -1.785076 -3.232841 -0.0 0.0 3e-06 -5.057529 -7.690495 -18.803226 0.143646 0.03643 43.425034 6.798751 -4.416915 -22.516298 -1.448592 0.960983 -2.503871 -0.0 -0.0 -1e-06 
0.0 0.0 0.0 0.0 -0.0 0.0 11.621436 93.023781 252.814743 -0.263487 10.772579 -2.73234 -0.014146 -0.074716 8.305905 -0.497185 -0.774151 -2.044017 -1.029787 -3.027799 12.602071 0.144106 2.625535 5.950781 -0.64775 -0.943267 -3.589843 -2.305074 0.226045 -9.19022 7.7e-05 -2.3e-05 6e-06 -0.005864 0.054505 -0.073337 0.743843 -3.672335 -10.651516 -0.758999 3.773588 -10.648601 -3.393069 -11.918412 16.370382 -10.018533 2.394963 0.366715 -1.365863 -25.114769 1.006989 21.301056 18.732761 4.701048 -5.882105 9.861279 0.70259 -10.936866 -0.360574 7.156201 0.0 8.774819 0.0 -14.659061 17.36208 6.895247 -1.844032 2.498503 -2.507276 -10.163597 4.678943 4.621105 -20.976017 -3e-06 1e-06 -21.226278 2.451696 -3.593998 -0.0 -6e-06 0.0 -1.362681 2.240796 -0.746323 -21.334909 0.584911 3.008324 -13.821211 -2e-06 2e-06 -23.887163 -0.249078 -0.839482 -59.842342 2.644177 -1.218497 -0.294025 1.679686 0.833256 -14.218205 0.093216 1.300581 -34.212036 -0.287563 0.967167 -20.033209 0.964539 1.212841 0.0 -1e-06 -1e-06 -3.440387 0.788233 0.501654 -15.928183 -3.167306 2.999708 -6.338823 -2e-06 -1e-06 -18.12344 3.648181 -4.905665 -4e-06 -0.0 -1e-06 3.344589 13.366812 11.559143 16.62676 -19.403124 -22.674131 1.118868 34.774727 0.516083 -11.193939 8.283994 -4.477196 2.243541 -5.255033 -3.180155 14.28288 -0.826595 6.952495 -2e-06 -12.690593 1e-06 16.617514 -18.224518 2.033303 1.665665 -1.95592 -2.878297 4.727795 -4.170583 4.993919 11.020517 4e-06 -2e-06 12.109041 -3.735709 -2.866781 1e-06 1e-06 -1e-06 1.291985 -1.928546 -1.498088 14.800115 0.567468 3.865603 14.242562 -1.341733 -6.660652 19.631952 0.143926 -0.648247 49.411983 -0.728182 -7.220199 0.353029 -1.51115 -0.03194 20.222775 3.684307 2.316627 18.787256 5e-06 -1e-06 10.75162 -0.479866 1.397903 -1e-06 -0.0 -1e-06 3.273804 0.305943 -0.580111 21.486799 11.830361 2.266128 8.162922 2e-06 -1e-06 18.399071 -3.798981 -4.940575 4e-06 1e-06 -1e-06 1.119069 13.473945 -31.548624 -0.297722 -0.316246 35.139954 -7.84784 -10.248712 -3.952784 1.666618 -1.78233 -3.204481 -0.0 -0.0 2e-06 -5.572301 -7.397075 -17.656078 0.155642 0.078791 42.000244 6.943543 -4.008984 -22.277557 -1.449841 0.950296 -2.5175 -0.0 0.0 -1e-06 
0.0 0.0 0.0 0.0 -0.0 0.0 12.175907 93.369492 253.34285 -0.063363 10.157451 -2.772202 -0.004047 -0.097665 7.890328 -0.508009 -0.71926 -2.142338 -0.972759 -2.948109 12.411421 -0.040918 2.695891 6.018133 -0.614175 -0.836813 -3.574444 -2.352689 0.289357 -9.207182 7.7e-05 -2.3e-05 6e-06 -0.00535 0.055927 -0.068548 0.735986 -3.672389 -10.62309 -0.749497 3.77763 -10.632923 -3.500335 -11.605738 16.340471 -9.936243 2.523337 1.945049 -1.324063 -24.904371 0.94682 20.98303 20.069315 6.277597 -5.882105 9.861283 0.702589 -10.93687 -0.360575 7.156204 1e-06 8.774822 0.0 -14.557198 17.337038 6.919755 -1.844032 2.498504 -2.507278 -10.163599 4.678943 4.621107 -20.976021 -5e-06 0.0 -21.226286 2.451695 -3.593999 -0.0 -7e-06 -1e-06 -1.362682 2.240798 -0.746323 -21.334911 0.584908 3.008323 -13.821213 -4e-06 0.0 -23.887165 -0.249082 -0.83948 -59.58086 2.624964 -1.328205 -0.294025 1.679687 0.833255 -14.218207 0.093214 1.30058 -34.212048 -0.287567 0.967171 -20.033211 0.964533 1.212843 -0.0 -1e-06 0.0 -3.440388 0.788233 0.501656 -15.928185 -3.16731 2.999706 -6.338826 -3e-06 0.0 -18.123444 3.648181 -4.90567 -4e-06 -0.0 -1e-06 3.281938 13.424684 11.828185 16.129473 -19.613892 -22.579662 1.227718 34.957825 0.654702 -11.914927 7.905509 -4.379355 2.243541 -5.255035 -3.180157 14.282887 -0.826596 6.952502 -3e-06 -12.690599 1e-06 16.937931 -18.317762 1.965676 1.665666 -1.955921 -2.878298 4.727798 -4.170587 4.993923 11.020523 3e-06 -1e-06 12.109051 -3.735714 -2.866784 1e-06 1e-06 1e-06 1.291986 -1.928548 -1.498089 14.800125 0.567468 3.865607 14.242567 -1.341736 -6.660656 19.631964 0.143922 -0.648245 49.695061 -0.69772 -7.272311 0.353029 -1.51115 -0.03194 20.222788 3.684304 2.31663 18.78727 3e-06 1e-06 10.751626 -0.479868 1.397903 -0.0 1e-06 -1e-06 3.273806 0.305946 -0.580111 21.486809 11.830367 2.266132 8.162928 0.0 -1e-06 18.399078 -3.798982 -4.940573 1e-06 0.0 -1e-06 0.927222 13.272674 -30.464827 -0.25661 -0.285477 34.429199 -7.397366 -9.449102 -4.270378 1.675231 -1.782316 -3.173267 0.0 1e-06 2e-06 -6.112271 -7.253298 -16.528269 0.170613 0.140201 40.6157 7.133364 -3.525544 -21.887285 -1.449424 0.931915 -2.559049 -0.0 -0.0 -1e-06 
0.0 0.0 0.0 0.0 -0.0 0.0 12.744858 93.698761 253.886993 0.034971 9.501267 -2.888236 0.04593 -0.108422 7.502203 -0.516958 -0.634504 -2.270063 -0.852453 -2.905262 12.293782 -0.229782 2.798023 6.124266 -0.615279 -0.771783 -3.571458 -2.429054 0.308466 -9.116321 7.7e-05 -2.3e-05 6e-06 -0.003217 0.057647 -0.06955 0.724603 -3.671297 -10.600017 -0.733115 3.781767 -10.622422 -3.572643 -11.274734 16.302124 -9.948732 2.755213 3.311931 -1.29804 -25.051161 0.8787 20.614655 21.058365 7.932443 -5.882103 9.861285 0.70259 -10.93687 -0.360576 7.156208 1e-06 8.774826 -2e-06 -14.59903 17.244747 6.852598 -1.844032 2.498505 -2.507277 -10.163596 4.678944 4.621111 -20.976021 -5e-06 3e-06 -21.226282 2.451696 -3.593999 -1e-06 -7e-06 -1e-06 -1.362681 2.240798 -0.746322 -21.334908 0.584908 3.008322 -13.82121 -4e-06 0.0 -23.887163 -0.249081 -0.839482 -59.456776 2.601285 -1.433156 -0.294024 1.679687 0.833256 -14.218206 0.093213 1.300582 -34.212048 -0.287567 0.967173 -20.033211 0.964535 1.212846 0.0 -0.0 0.0 -3.440388 0.788233 0.501655 -15.928185 -3.167311 2.999707 -6.338825 -2e-06 0.0 -18.123444 3.648181 -4.90567 -5e-06 -0.0 -2e-06 3.200253 13.48326 12.131789 15.57067 -19.649893 -22.583984 1.449086 35.198372 0.744966 -12.579682 7.621709 -3.859587 2.243539 -5.255033 -3.180157 14.282887 -0.826594 6.952507 -4e-06 -12.690599 2e-06 17.184958 -18.467289 1.9493 1.665665 -1.955919 -2.878298 4.727797 -4.170585 4.993925 11.02052 6e-06 1e-06 12.109043 -3.735713 -2.86678 2e-06 1e-06 0.0 1.291985 -1.928548 -1.498089 14.800123 0.567467 3.865611 14.242563 -1.341733 -6.660651 19.631958 0.143925 -0.64824 49.96476 -0.670821 -7.353446 0.353029 -1.51115 -0.03194 20.222786 3.684309 2.316635 18.787266 4e-06 5e-06 10.751625 -0.47987 1.397907 -1e-06 -0.0 -1e-06 3.273805 0.305947 -0.58011 21.486809 11.830372 2.266136 8.162924 3e-06 1e-06 18.399076 -3.798982 -4.94057 2e-06 0.0 -1e-06 0.859811 13.005048 -29.407215 -0.223013 -0.259098 33.879097 -7.011634 -8.651546 -4.622042 1.685629 -1.797702 -3.123521 -0.0 0.0 2e-06 -6.563671 -7.19076 -15.37859 0.182947 0.209694 39.245911 7.378962 -3.117585 -21.427044 -1.448682 0.90933 -2.651837 0.0 0.0 -1e-06 
0.0 0.0 0.0 0.0 -0.0 0.0 13.299501 94.001968 254.366302 0.063014 8.860364 -3.053973 0.0949 -0.092578 7.159277 -0.545066 -0.554176 -2.439661 -0.692018 -2.834497 12.268051 -0.388044 2.903847 6.234551 -0.628765 -0.815725 -3.550894 -2.413218 0.376017 -8.984764 7.7e-05 -2.3e-05 5e-06 0.003029 0.023264 -0.066177 0.709199 -3.703727 -10.560049 -0.704504 3.747842 -10.590862 -3.564435 -10.959806 16.29118 -10.050909 2.922829 4.370801 -1.257936 -25.370512 0.797649 20.227283 21.722563 9.520532 -5.882103 9.86128 0.702589 -10.936865 -0.360574 7.156204 -1e-06 8.774819 -1e-06 -14.735172 17.084412 6.706011 -1.844031 2.498503 -2.507277 -10.163596 4.678943 4.621109 -20.976013 -1e-06 3e-06 -21.226274 2.451698 -3.593997 -1e-06 -7e-06 -2e-06 -1.362681 2.240797 -0.746323 -21.334906 0.584911 3.008324 -13.821205 -1e-06 3e-06 -23.887159 -0.249075 -0.839482 -59.351749 2.558904 -1.545509 -0.294025 1.679686 0.833256 -14.218201 0.093215 1.300581 -34.212032 -0.287559 0.967174 -20.033203 0.964537 1.212843 -0.0 -1e-06 1e-06 -3.440387 0.788233 0.501657 -15.928179 -3.167307 2.999707 -6.338824 -1e-06 1e-06 -18.123442 3.648181 -4.905668 -4e-06 1e-06 -2e-06 3.138122 13.488196 12.303515 15.103661 -19.575819 -22.624069 1.757706 35.533012 0.761334 -12.923409 7.538788 -2.960642 2.243541 -5.255037 -3.180157 14.282887 -0.826594 6.952504 -1e-06 -12.690601 1e-06 17.213303 -18.645527 2.043349 1.665665 -1.955921 -2.878298 4.727798 -4.170586 4.993925 11.020522 3e-06 1e-06 12.109046 -3.735716 -2.866782 2e-06 1e-06 1e-06 1.291985 -1.928547 -1.498089 14.800125 0.567466 3.865608 14.242566 -1.341739 -6.660657 19.631962 0.143923 -0.648243 50.107803 -0.686435 -7.405772 0.353029 -1.511153 -0.03194 20.222786 3.684308 2.316632 18.78727 4e-06 2e-06 10.751626 -0.479871 1.397908 -0.0 1e-06 -1e-06 3.273806 0.30595 -0.58011 21.486805 11.830371 2.266135 8.162926 -1e-06 2e-06 18.399076 -3.798985 -4.940573 3e-06 -1e-06 -2e-06 0.895095 12.722095 -28.401009 -0.213522 -0.265794 33.450317 -6.793739 -8.038319 -5.006184 1.689739 -1.834016 -3.102035 0.0 0.0 2e-06 -6.909618 -7.230579 -14.291187 0.182416 0.273408 37.998569 7.643271 -2.891363 -20.983765 -1.448321 0.884869 -2.763231 -0.0 0.0 -1e-06 
