HIERARCHY
ROOT Root
{
  OFFSET 0.0 0.0 0.0
  CHANNELS 6 Xposition Yposition Zposition Zrotation Yrotation Xrotation
  JOINT Hips
  {
    OFFSET 0.0 100.0 0.0
    CHANNELS 6 Xposition Yposition Zposition Zrotation Yrotation Xrotation
    JOINT Spine1
    {
      OFFSET -0.013727 5.003763 -0.053727
      CHANNELS 3 Zrotation Yrotation Xrotation
      JOINT Spine2
      {
        OFFSET -0.0 7.125301 -0.029825
        CHANNELS 3 Zrotation Yrotation Xrotation
        JOINT Chest
        {
          OFFSET -1e-06 7.550063 -0.815971
          CHANNELS 3 Zrotation Yrotation Xrotation
          JOINT Neck1
          {
            OFFSET -0.181677 26.311295 -0.553348
            CHANNELS 3 Zrotation Yrotation Xrotation
            JOINT Neck2
            {
              OFFSET -3e-06 7.709397 2.302585
              CHANNELS 3 Zrotation Yrotation Xrotation
              JOINT Head
              {
                OFFSET -5e-06 6.128916 1.953709
                CHANNELS 3 Zrotation Yrotation Xrotation
                JOINT HeadEnd
                {
                  OFFSET 0.003598 16.065403 -1.835379
                  CHANNELS 3 Zrotation Yrotation Xrotation
                }
                JOINT Jaw
                {
                  OFFSET 0.002637 0.475592 3.094941
                  CHANNELS 3 Zrotation Yrotation Xrotation
                }
                JOINT LeftEye
                {
                  OFFSET 3.206381 5.380205 7.586883
                  CHANNELS 3 Zrotation Yrotation Xrotation
                }
                JOINT RightEye
                {
                  OFFSET -3.22244 5.361869 7.558234
                  CHANNELS 3 Zrotation Yrotation Xrotation
                }
              }
            }
          }
          JOINT LeftShoulder
          {
            OFFSET 1.621652 23.237164 5.113413
            CHANNELS 3 Zrotation Yrotation Xrotation
            JOINT LeftArm
            {
              OFFSET 14.919846 2e-06 -5.502326
              CHANNELS 3 Zrotation Yrotation Xrotation
              JOINT LeftForeArm
              {
                OFFSET 28.739307 0.0 -0.002588
                CHANNELS 3 Zrotation Yrotation Xrotation
                JOINT LeftHand
                {
                  OFFSET 27.093981 -1e-06 0.002609
                  CHANNELS 3 Zrotation Yrotation Xrotation
                  JOINT LeftHandThumb1
                  {
                    OFFSET 2.276482 -1.392045 3.191413
                    CHANNELS 3 Zrotation Yrotation Xrotation
                    JOINT LeftHandThumb2
                    {
                      OFFSET 4.012836 -1.828127 1.641654
                      CHANNELS 3 Zrotation Yrotation Xrotation
                      JOINT LeftHandThumb3
                      {
                        OFFSET 2.798515 0.0 -3e-06
                        CHANNELS 3 Zrotation Yrotation Xrotation
                        JOINT LeftHandThumbEnd
                        {
                          OFFSET 3.180793 -4e-06 4e-06
                          CHANNELS 3 Zrotation Yrotation Xrotation
                        }
                      }
                    }
                  }
                  JOINT LeftHandIndex1
                  {
                    OFFSET 3.247555 -0.531998 2.296169
                    CHANNELS 3 Zrotation Yrotation Xrotation
                    JOINT LeftHandIndex2
                    {
                      OFFSET 6.364578 0.01206 0.1786
                      CHANNELS 3 Zrotation Yrotation Xrotation
                      JOINT LeftHandIndex3
                      {
                        OFFSET 3.662364 0.0 0.0
                        CHANNELS 3 Zrotation Yrotation Xrotation
                        JOINT LeftHandIndex4
                        {
                          OFFSET 2.329242 4e-06 4e-06
                          CHANNELS 3 Zrotation Yrotation Xrotation
                          JOINT LeftHandIndexEnd
                          {
                            OFFSET 2.759615 -0.180537 -0.113024
                            CHANNELS 3 Zrotation Yrotation Xrotation
                          }
                        }
                      }
                    }
                  }
                  JOINT LeftHandMiddle1
                  {
                    OFFSET 3.163495 0.240981 1.000332
                    CHANNELS 3 Zrotation Yrotation Xrotation
                    JOINT LeftHandMiddle2
                    {
                      OFFSET 6.19078 -0.259278 -1.002548
                      CHANNELS 3 Zrotation Yrotation Xrotation
                      JOINT LeftHandMiddle3
                      {
                        OFFSET 4.35652 -4e-06 -1e-06
                        CHANNELS 3 Zrotation Yrotation Xrotation
                        JOINT LeftHandMiddle4
                        {
                          OFFSET 2.996877 -8e-06 0.0
                          CHANNELS 3 Zrotation Yrotation Xrotation
                          JOINT LeftHandMiddleEnd
                          {
                            OFFSET 2.304287 -0.294569 -0.031741
                            CHANNELS 3 Zrotation Yrotation Xrotation
                          }
                        }
                      }
                    }
                  }
                  JOINT LeftHandRing1
                  {
                    OFFSET 2.882643 -0.053652 -0.322543
                    CHANNELS 3 Zrotation Yrotation Xrotation
                    JOINT LeftHandRing2
                    {
                      OFFSET 5.854541 -0.486202 -1.373841
                      CHANNELS 3 Zrotation Yrotation Xrotation
                      JOINT LeftHandRing3
                      {
                        OFFSET 4.350578 0.0 3e-06
                        CHANNELS 3 Zrotation Yrotation Xrotation
                        JOINT LeftHandRing4
                        {
                          OFFSET 2.651321 7e-06 2e-06
                          CHANNELS 3 Zrotation Yrotation Xrotation
                          JOINT LeftHandRingEnd
                          {
                            OFFSET 1.936105 0.077687 -7.1e-05
                            CHANNELS 3 Zrotation Yrotation Xrotation
                          }
                        }
                      }
                    }
                  }
                  JOINT LeftHandPinky1
                  {
                    OFFSET 2.8655 -0.310005 -1.600378
                    CHANNELS 3 Zrotation Yrotation Xrotation
                    JOINT LeftHandPinky2
                    {
                      OFFSET 5.087849 -1.331141 -1.77123
                      CHANNELS 3 Zrotation Yrotation Xrotation
                      JOINT LeftHandPinky3
                      {
                        OFFSET 3.070974 4e-06 0.0
                        CHANNELS 3 Zrotation Yrotation Xrotation
                        JOINT LeftHandPinky4
                        {
                          OFFSET 1.549672 0.0 1e-06
                          CHANNELS 3 Zrotation Yrotation Xrotation
                          JOINT LeftHandPinkyEnd
                          {
                            OFFSET 1.944893 -0.157802 0.057219
                            CHANNELS 3 Zrotation Yrotation Xrotation
                          }
                        }
                      }
                    }
                  }
                }
              }
            }
          }
          JOINT RightShoulder
          {
            OFFSET -1.380118 23.180309 5.214158
            CHANNELS 3 Zrotation Yrotation Xrotation
            JOINT RightArm
            {
              OFFSET -15.037196 1.2e-05 -5.545604
              CHANNELS 3 Zrotation Yrotation Xrotation
              JOINT RightForeArm
              {
                OFFSET -28.736639 2e-06 -0.002597
                CHANNELS 3 Zrotation Yrotation Xrotation
                JOINT RightHand
                {
                  OFFSET -27.133619 -0.0 0.002613
                  CHANNELS 3 Zrotation Yrotation Xrotation
                  JOINT RightHandThumb1
                  {
                    OFFSET -2.274032 -1.383988 3.163127
                    CHANNELS 3 Zrotation Yrotation Xrotation
                    JOINT RightHandThumb2
                    {
                      OFFSET -4.011429 -1.827466 1.640914
                      CHANNELS 3 Zrotation Yrotation Xrotation
                      JOINT RightHandThumb3
                      {
                        OFFSET -2.794935 -4e-06 -3e-06
                        CHANNELS 3 Zrotation Yrotation Xrotation
                        JOINT RightHandThumbEnd
                        {
                          OFFSET -3.183852 4e-06 1e-06
                          CHANNELS 3 Zrotation Yrotation Xrotation
                        }
                      }
                    }
                  }
                  JOINT RightHandIndex1
                  {
                    OFFSET -3.253266 -0.520057 2.282866
                    CHANNELS 3 Zrotation Yrotation Xrotation
                    JOINT RightHandIndex2
                    {
                      OFFSET -6.341917 0.012471 0.178266
                      CHANNELS 3 Zrotation Yrotation Xrotation
                      JOINT RightHandIndex3
                      {
                        OFFSET -3.654871 -8e-06 -0.0
                        CHANNELS 3 Zrotation Yrotation Xrotation
                        JOINT RightHandIndex4
                        {
                          OFFSET -2.327586 0.0 1e-06
                          CHANNELS 3 Zrotation Yrotation Xrotation
                          JOINT RightHandIndexEnd
                          {
                            OFFSET -2.76179 -0.180656 -0.113078
                            CHANNELS 3 Zrotation Yrotation Xrotation
                          }
                        }
                      }
                    }
                  }
                  JOINT RightHandMiddle1
                  {
                    OFFSET -3.168106 0.246593 1.00103
                    CHANNELS 3 Zrotation Yrotation Xrotation
                    JOINT RightHandMiddle2
                    {
                      OFFSET -6.180828 -0.258836 -1.000895
                      CHANNELS 3 Zrotation Yrotation Xrotation
                      JOINT RightHandMiddle3
                      {
                        OFFSET -4.348901 0.0 -0.0
                        CHANNELS 3 Zrotation Yrotation Xrotation
                        JOINT RightHandMiddle4
                        {
                          OFFSET -3.00024 -4e-06 -2e-06
                          CHANNELS 3 Zrotation Yrotation Xrotation
                          JOINT RightHandMiddleEnd
                          {
                            OFFSET -2.30252 -0.29437 -0.031706
                            CHANNELS 3 Zrotation Yrotation Xrotation
                          }
                        }
                      }
                    }
                  }
                  JOINT RightHandRing1
                  {
                    OFFSET -2.88569 -0.067952 -0.308858
                    CHANNELS 3 Zrotation Yrotation Xrotation
                    JOINT RightHandRing2
                    {
                      OFFSET -5.854198 -0.48613 -1.373731
                      CHANNELS 3 Zrotation Yrotation Xrotation
                      JOINT RightHandRing3
                      {
                        OFFSET -4.33881 -4e-06 -0.0
                        CHANNELS 3 Zrotation Yrotation Xrotation
                        JOINT RightHandRing4
                        {
                          OFFSET -2.654903 -4e-06 4e-06
                          CHANNELS 3 Zrotation Yrotation Xrotation
                          JOINT RightHandRingEnd
                          {
                            OFFSET -1.933568 0.077527 -5.2e-05
                            CHANNELS 3 Zrotation Yrotation Xrotation
                          }
                        }
                      }
                    }
                  }
                  JOINT RightHandPinky1
                  {
                    OFFSET -2.866425 -0.342796 -1.584145
                    CHANNELS 3 Zrotation Yrotation Xrotation
                    JOINT RightHandPinky2
                    {
                      OFFSET -5.091371 -1.332055 -1.772385
                      CHANNELS 3 Zrotation Yrotation Xrotation
                      JOINT RightHandPinky3
                      {
                        OFFSET -3.062664 -4e-06 1e-06
                        CHANNELS 3 Zrotation Yrotation Xrotation
                        JOINT RightHandPinky4
                        {
                          OFFSET -1.546529 4e-06 -2e-06
                          CHANNELS 3 Zrotation Yrotation Xrotation
                          JOINT RightHandPinkyEnd
                          {
                            OFFSET -1.945119 -0.157718 0.057211
                            CHANNELS 3 Zrotation Yrotation Xrotation
                          }
                        }
                      }
                    }
                  }
                }
              }
            }
          }
        }
      }
    }
    JOINT LeftLeg
    {
      OFFSET 10.043214 -8.434526 2.595655
      CHANNELS 3 Zrotation Yrotation Xrotation
      JOINT LeftShin
      {
        OFFSET -1e-06 -43.221752 -0.802913
        CHANNELS 3 Zrotation Yrotation Xrotation
        JOINT LeftFoot
        {
          OFFSET 1e-06 -42.155094 -3.481523
          CHANNELS 3 Zrotation Yrotation Xrotation
          JOINT LeftToeBase
          {
            OFFSET 0.0 -5.059472 13.231529
            CHANNELS 3 Zrotation Yrotation Xrotation
            JOINT LeftToeEnd
            {
              OFFSET -0.009607 -1.647619 6.513017
              CHANNELS 3 Zrotation Yrotation Xrotation
            }
          }
        }
      }
    }
    JOINT RightLeg
    {
      OFFSET -10.047278 -8.29526 2.620317
      CHANNELS 3 Zrotation Yrotation Xrotation
      JOINT RightShin
      {
        OFFSET 1e-06 -43.362206 -0.805556
        CHANNELS 3 Zrotation Yrotation Xrotation
        JOINT RightFoot
        {
          OFFSET 2e-06 -42.117393 -3.478398
          CHANNELS 3 Zrotation Yrotation Xrotation
          JOINT RightToeBase
          {
            OFFSET -0.0 -5.079609 13.284196
            CHANNELS 3 Zrotation Yrotation Xrotation
            JOINT RightToeEnd
            {
              OFFSET 0.009532 -1.634378 6.460591
              CHANNELS 3 Zrotation Yrotation Xrotation
            }
          }
        }
      }
    }
  }
}
MOTION
Frames: 75
Frame Time: 0.03333333333333333
0.0 0.0 0.0 0.0 -0.0 0.0 1.53558 98.913841 -5.591388 2.870554 -0.229732 4.205644 -1.959565 0.111536 -1.139919 -1.10995 0.52224 -5.236144 -3.801261 -0.213383 20.216524 1.172988 2.734333 3.490383 -0.56712 -0.252763 -3.594545 3.737785 -1.932124 -10.924938 7.7e-05 -2.2e-05 6e-06 -0.035241 0.091775 -0.061536 0.710426 -3.611957 -10.628954 -0.787625 3.804273 -10.63245 -10.427276 -6.884378 18.30513 -57.326801 -10.698789 11.605118 0.221681 -37.073433 -0.270555 4.940674 -1.287532 -1.95549 -5.882109 9.861288 0.702591 -10.936873 -0.360574 7.156207 -0.0 8.774828 -0.0 -15.652197 18.330551 6.414809 -1.844033 2.498505 -2.507278 -10.163603 4.678947 4.621109 -20.97603 -3e-06 1e-06 -21.226295 2.451698 -3.594004 1e-06 -5e-06 -0.0 -1.362682 2.240799 -0.746323 -21.334921 0.584911 3.008322 -13.821217 -4e-06 -0.0 -23.887178 -0.249081 -0.839484 -60.555367 2.62633 -1.078539 -0.294025 1.679688 0.833253 -14.218214 0.093216 1.300581 -34.212063 -0.287563 0.967169 -20.03322 0.964538 1.212843 0.0 1e-06 0.0 -3.440389 0.788234 0.501655 -15.928191 -3.16731 2.999706 -6.338829 -1e-06 -1e-06 -18.123453 3.648183 -4.905672 -2e-06 -0.0 -3e-06 9.640028 12.876438 18.555149 62.705181 17.322762 19.197626 -0.2366 33.514584 0.16702 -8.182121 2.988186 -1.287614 2.243539 -5.255033 -3.180155 14.282879 -0.826593 6.952499 -2e-06 -12.690598 -1e-06 16.112474 -18.001701 2.516932 1.665664 -1.95592 -2.878297 4.727796 -4.170585 4.993921 11.020516 2e-06 -1e-06 12.109041 -3.735714 -2.866782 0.0 0.0 0.0 1.291984 -1.928548 -1.498088 14.800115 0.56747 3.865605 14.24256 -1.341736 -6.660652 19.631952 0.143928 -0.648243 49.964207 -0.48662 -6.657844 0.353029 -1.51115 -0.03194 20.222775 3.684309 2.316628 18.787256 3e-06 1e-06 10.751617 -0.479868 1.397904 -0.0 1e-06 -1e-06 3.273804 0.305949 -0.580111 21.486799 11.830371 2.266135 8.16292 1e-06 -1e-06 18.399069 -3.798983 -4.94057 3e-06 -0.0 -0.0 1.970092 7.230626 -14.202526 -0.045055 -0.09641 17.399462 -5.250101 3.525469 -6.857872 1.646032 -1.910759 0.021133 0.0 -0.0 2e-06 -8.031122 -7.475637 -16.639475 0.098859 0.306513 23.656792 8.2915 -1.220371 -11.154572 -1.424735 0.94196 -0.065192 0.0 0.0 -1e-06 
0.0 0.0 0.0 0.0 -0.0 0.0 1.532907 98.945656 -5.530936 2.84378 -0.337088 4.215544 -1.973596 0.111461 -1.12075 -1.092085 0.57557 -5.23794 -3.819208 -0.245966 20.198195 1.197713 2.719769 3.47972 -0.626874 -0.211811 -3.590097 3.740061 -1.863011 -10.808929 7.7e-05 -2.2e-05 6e-06 -0.030666 0.0961 -0.061644 0.713957 -3.605509 -10.637408 -0.782209 3.805688 -10.645133 -10.428315 -6.874896 18.307625 -57.247528 -10.664352 11.721716 0.27184 -37.070625 -0.298753 4.748125 -1.303226 -1.633661 -5.882098 9.861273 0.702592 -10.936859 -0.360576 7.156197 1e-06 8.774816 -2e-06 -15.667024 18.298903 6.41437 -1.84403 2.498501 -2.507274 -10.163588 4.678938 4.621105 -20.976 -4e-06 4e-06 -21.226265 2.451693 -3.593996 1e-06 -5e-06 -0.0 -1.362679 2.240796 -0.746323 -21.334888 0.584907 3.008322 -13.821197 -4e-06 3e-06 -23.887142 -0.249078 -0.839481 -60.625919 2.623868 -1.020513 -0.294024 1.679685 0.833254 -14.218192 0.093213 1.300581 -34.212013 -0.287566 0.967174 -20.03319 0.964536 1.212844 0.0 -0.0 0.0 -3.440385 0.788232 0.501655 -15.92817 -3.167306 2.999708 -6.338821 -1e-06 1e-06 -18.123426 3.648178 -4.905664 -1e-06 -0.0 -2e-06 9.634852 12.934258 18.616762 62.749756 17.250315 19.076363 -0.294767 33.583088 0.152165 -8.137198 2.982635 -1.168596 2.243537 -5.255029 -3.180153 14.282868 -0.826591 6.952494 -5e-06 -12.690588 -0.0 16.137909 -17.977783 2.48586 1.665663 -1.955917 -2.878298 4.72779 -4.17058 4.993921 11.020509 5e-06 -1e-06 12.109032 -3.735708 -2.866781 -1e-06 0.0 0.0 1.291983 -1.928547 -1.498087 14.800105 0.567471 3.865602 14.242547 -1.341731 -6.660654 19.631935 0.143929 -0.648239 49.897064 -0.497123 -6.684472 0.353029 -1.511149 -0.031941 20.222759 3.684309 2.316627 18.787243 7e-06 -1e-06 10.751611 -0.479867 1.397904 0.0 1e-06 -1e-06 3.273802 0.305947 -0.58011 21.486782 11.83036 2.266128 8.162913 3e-06 1e-06 18.399052 -3.798978 -4.940567 3e-06 -0.0 -0.0 1.970269 7.048507 -14.189874 -0.0431 -0.092383 17.52599 -5.109507 3.798807 -7.012383 1.642116 -1.921531 -0.008805 0.0 -1e-06 2e-06 -8.045901 -7.297832 -16.592842 0.086027 0.267577 23.606796 8.429512 -1.181365 -11.222324 -1.425706 0.936503 -0.2376 -0.0 0.0 -1e-06 
0.0 0.0 0.0 0.0 -0.0 0.0 1.581794 98.95977 -5.454212 2.812973 -0.378391 4.224895 -1.984253 0.120574 -1.108332 -1.090798 0.581801 -5.256572 -3.83122 -0.290441 20.231121 1.215577 2.732239 3.480312 -0.662197 -0.153023 -3.594635 3.777461 -1.782633 -10.766972 7.7e-05 -2.2e-05 6e-06 -0.026521 0.085924 -0.057795 0.713094 -3.616882 -10.650316 -0.773304 3.796556 -10.659548 -10.443159 -6.861583 18.343708 -57.082062 -10.691675 11.839686 0.326683 -37.099804 -0.288084 4.568082 -1.262659 -1.45086 -5.8821 9.861275 0.702589 -10.936865 -0.360577 7.156202 2e-06 8.774817 -1e-06 -15.681319 18.30419 6.4036 -1.844031 2.498502 -2.507274 -10.163592 4.678937 4.621105 -20.976009 -9e-06 3e-06 -21.226273 2.45169 -3.593993 1e-06 -4e-06 -0.0 -1.36268 2.240796 -0.746322 -21.3349 0.584905 3.00832 -13.821205 -6e-06 2e-06 -23.887156 -0.249084 -0.839479 -60.631836 2.615326 -0.98413 -0.294024 1.679686 0.833256 -14.218198 0.093212 1.300579 -34.212021 -0.28757 0.967173 -20.033197 0.964533 1.212845 -0.0 -1e-06 0.0 -3.440386 0.788232 0.501654 -15.928177 -3.167309 2.999707 -6.338821 -2e-06 -1e-06 -18.123436 3.648176 -4.905662 -2e-06 -0.0 -2e-06 9.684044 12.98074 18.681597 62.757965 17.214081 19.01449 -0.3599 33.602684 0.11612 -8.062428 2.970283 -1.220104 2.243539 -5.255033 -3.180155 14.282878 -0.826593 6.952497 -3e-06 -12.690593 0.0 16.145948 -17.971228 2.479698 1.665665 -1.95592 -2.878298 4.727795 -4.170583 4.993922 11.020517 3e-06 -1e-06 12.109041 -3.735711 -2.866781 -0.0 0.0 1e-06 1.291985 -1.928547 -1.498088 14.800115 0.567468 3.865604 14.24256 -1.341733 -6.660652 19.631952 0.143927 -0.648244 49.847301 -0.51286 -6.706101 0.353029 -1.511149 -0.031939 20.222775 3.684307 2.316629 18.787256 5e-06 2e-06 10.751619 -0.479867 1.397904 2e-06 1e-06 0.0 3.273804 0.305947 -0.58011 21.486797 11.830368 2.266132 8.162921 3e-06 -1e-06 18.399065 -3.798982 -4.940565 3e-06 -2e-06 -0.0 1.975219 6.850396 -14.171705 -0.037558 -0.083176 17.650871 -5.010106 4.036888 -7.19642 1.639468 -1.93928 0.00746 0.0 -0.0 2e-06 -8.057007 -7.137968 -16.549337 0.077997 0.249884 23.601391 8.509086 -1.196009 -11.271581 -1.420778 0.92777 -0.33676 -0.0 -0.0 -1e-06 
0.0 0.0 0.0 0.0 -0.0 0.0 1.617933 98.937592 -5.335249 2.774416 -0.403419 4.252931 -1.985606 0.127572 -1.089146 -1.099675 0.5919 -5.262997 -3.841636 -0.353305 20.261822 1.221515 2.755068 3.477322 -0.673814 -0.118004 -3.605254 3.813761 -1.731348 -10.764031 7.7e-05 -2.2e-05 6e-06 -0.023715 0.075552 -0.053556 0.709932 -3.627633 -10.658413 -0.764787 3.786415 -10.66702 -10.435414 -6.871032 18.346346 -56.919174 -10.710841 11.882953 0.353568 -37.200695 -0.260737 4.521627 -1.233912 -1.399454 -5.882105 9.861285 0.702589 -10.936866 -0.360573 7.156199 -1e-06 8.774824 -2e-06 -15.705489 18.318155 6.390243 -1.844031 2.498503 -2.507279 -10.163595 4.678945 4.621105 -20.976015 -3e-06 -2e-06 -21.226282 2.451694 -3.594001 0.0 -5e-06 -1e-06 -1.362681 2.240798 -0.746325 -21.334906 0.584912 3.008319 -13.821208 -2e-06 -2e-06 -23.887159 -0.249077 -0.839485 -60.634792 2.590138 -0.96167 -0.294025 1.679687 0.833256 -14.218201 0.093218 1.300578 -34.212036 -0.287564 0.967163 -20.033203 0.964536 1.21284 0.0 -0.0 0.0 -3.440388 0.788234 0.501655 -15.928179 -3.167307 2.999703 -6.338824 -1e-06 -2e-06 -18.12344 3.648184 -4.905674 -1e-06 -0.0 -2e-06 9.725152 12.989304 18.687958 62.756409 17.208626 19.023294 -0.365077 33.534267 0.094477 -7.940077 2.977061 -1.318849 2.24354 -5.255035 -3.180156 14.282883 -0.826596 6.952501 -1e-06 -12.690598 -1e-06 16.146961 -17.965422 2.467253 1.665665 -1.95592 -2.878298 4.727796 -4.170585 4.993919 11.02052 0.0 -1e-06 12.109045 -3.735715 -2.866785 -1e-06 0.0 1e-06 1.291985 -1.928548 -1.498088 14.800122 0.567466 3.865607 14.242565 -1.341738 -6.660655 19.631954 0.143922 -0.648243 49.793034 -0.530435 -6.715379 0.353028 -1.511149 -0.03194 20.222778 3.684305 2.31663 18.787264 1e-06 -1e-06 10.751621 -0.479869 1.397905 0.0 1e-06 -1e-06 3.273805 0.305946 -0.580114 21.486799 11.830367 2.266135 8.162922 2e-06 -1e-06 18.399071 -3.798984 -4.940572 3e-06 -0.0 0.0 1.997545 6.722107 -14.22134 -0.032425 -0.074173 17.845972 -4.969057 4.212 -7.389639 1.638879 -1.951288 0.065519 -0.0 0.0 2e-06 -8.055516 -7.051579 -16.519598 0.075485 0.232672 23.609983 8.588275 -1.190574 -11.341064 -1.416241 0.931322 -0.365796 -0.0 -0.0 -1e-06 
0.0 0.0 0.0 0.0 -0.0 0.0 1.65997 98.90509 -5.1949 2.721129 -0.398748 4.290452 -1.976561 0.126173 -1.064092 -1.111455 0.592637 -5.256977 -3.837039 -0.4112 20.285192 1.197373 2.767545 3.501318 -0.669242 -0.094717 -3.62322 3.855911 -1.704716 -10.785328 7.7e-05 -2.2e-05 6e-06 -0.024276 0.08 -0.05064 0.703282 -3.621194 -10.658905 -0.759533 3.788541 -10.666676 -10.409347 -6.903941 18.327482 -56.790771 -10.743316 11.829784 0.362389 -37.327057 -0.23545 4.549605 -1.26307 -1.496259 -5.882105 9.861286 0.70259 -10.93687 -0.360576 7.156203 1e-06 8.774824 -3e-06 -15.726839 18.327761 6.3768 -1.844032 2.498504 -2.507277 -10.163599 4.678944 4.621106 -20.976023 -5e-06 3e-06 -21.226286 2.451696 -3.593999 0.0 -5e-06 -1e-06 -1.362682 2.240798 -0.746322 -21.334913 0.584908 3.008321 -13.82121 -3e-06 2e-06 -23.887167 -0.249081 -0.839482 -60.626999 2.570644 -0.961875 -0.294024 1.679687 0.833256 -14.218207 0.093213 1.300581 -34.212048 -0.287566 0.967171 -20.033211 0.964535 1.212844 -0.0 1e-06 -0.0 -3.440388 0.788233 0.501655 -15.928185 -3.16731 2.999705 -6.338825 -1e-06 -2e-06 -18.123449 3.648182 -4.905672 -1e-06 -0.0 -3e-06 9.756701 12.97594 18.700796 62.754044 17.272245 19.036839 -0.338781 33.378555 0.082214 -7.795828 2.993818 -1.446695 2.24354 -5.255033 -3.180153 14.282881 -0.826594 6.952497 -2e-06 -12.690597 -2e-06 16.12641 -17.960266 2.461509 1.665665 -1.955921 -2.878296 4.727797 -4.170586 4.993917 11.020518 2e-06 -2e-06 12.109042 -3.735713 -2.86678 0.0 -0.0 -0.0 1.291984 -1.928547 -1.498086 14.800118 0.567467 3.865604 14.24256 -1.341736 -6.660653 19.631954 0.143926 -0.648242 49.767349 -0.552492 -6.718849 0.353028 -1.51115 -0.031939 20.222782 3.684306 2.316629 18.787264 4e-06 -2e-06 10.751622 -0.479868 1.397905 -0.0 2e-06 -2e-06 3.273805 0.305947 -0.580112 21.486801 11.830368 2.266131 8.162921 2e-06 -2e-06 18.399075 -3.798984 -4.94057 3e-06 -1e-06 -0.0 2.039427 6.631186 -14.313085 -0.027924 -0.067533 18.08502 -4.939994 4.34351 -7.578968 1.639058 -1.963033 0.143012 0.0 -0.0 2e-06 -8.031214 -6.992782 -16.47921 0.074434 0.217388 23.593582 8.658902 -1.207844 -11.397015 -1.414734 0.935958 -0.37748 -0.0 -0.0 -1e-06 
0.0 0.0 0.0 0.0 -0.0 0.0 1.712972 98.887718 -5.062593 2.647659 -0.334662 4.329905 -1.964165 0.117638 -1.02948 -1.117844 0.5788 -5.245012 -3.814165 -0.468715 20.295454 1.145671 2.772331 3.55206 -0.645779 -0.092383 -3.638549 3.894273 -1.686316 -10.79916 7.7e-05 -2.2e-05 5e-06 -0.026417 0.092236 -0.050185 0.697146 -3.60657 -10.657949 -0.757908 3.797704 -10.665812 -10.365271 -6.935582 18.305565 -56.695766 -10.810568 11.704351 0.351379 -37.467022 -0.224878 4.59242 -1.349261 -1.647213 -5.882106 9.861284 0.70259 -10.936871 -0.360574 7.15621 -1e-06 8.774823 -3e-06 -15.7317 18.32523 6.37224 -1.844031 2.498504 -2.507275 -10.163598 4.678944 4.621112 -20.976021 2e-06 6e-06 -21.226282 2.451704 -3.593996 1e-06 -5e-06 -0.0 -1.362681 2.240798 -0.746323 -21.334913 0.584913 3.008329 -13.821213 -0.0 4e-06 -23.887167 -0.249073 -0.839482 -60.608414 2.572043 -0.97327 -0.294025 1.679686 0.833254 -14.218207 0.093217 1.300585 -34.212048 -0.287553 0.967176 -20.033211 0.964543 1.212845 -0.0 0.0 1e-06 -3.440389 0.788235 0.501655 -15.928185 -3.167306 2.999711 -6.338826 1e-06 2e-06 -18.123444 3.648189 -4.905666 -1e-06 -0.0 -3e-06 9.773618 12.963856 18.7386 62.755512 17.369148 19.083754 -0.350546 33.20356 0.060849 -7.648664 2.996212 -1.647132 2.24354 -5.255034 -3.180157 14.282887 -0.826594 6.952502 -2e-06 -12.690597 -2e-06 16.107172 -17.957706 2.459633 1.665663 -1.95592 -2.878298 4.727797 -4.170584 4.993921 11.020522 3e-06 2e-06 12.109048 -3.735713 -2.866783 0.0 -0.0 1e-06 1.291985 -1.928548 -1.498087 14.800123 0.567468 3.865609 14.242566 -1.341737 -6.660654 19.631958 0.143925 -0.648243 49.768929 -0.560547 -6.703773 0.353029 -1.511151 -0.031939 20.222784 3.684308 2.316631 18.787268 4e-06 -1e-06 10.751625 -0.479868 1.397907 2e-06 1e-06 -2e-06 3.273806 0.305947 -0.580112 21.486807 11.830367 2.266134 8.162924 2e-06 -2e-06 18.399075 -3.798983 -4.940572 3e-06 -1e-06 -0.0 2.105183 6.558998 -14.418004 -0.024722 -0.065203 18.324684 -4.909644 4.421564 -7.746288 1.638829 -1.968475 0.206631 0.0 -0.0 2e-06 -7.982576 -6.934723 -16.415913 0.074779 0.205287 23.549868 8.724173 -1.282847 -11.45497 -1.416385 0.939979 -0.380018 -0.0 0.0 -1e-06 
0.0 0.0 0.0 0.0 -0.0 0.0 1.755627 98.880356 -4.943225 2.573256 -0.213414 4.362556 -1.951344 0.107732 -0.98302 -1.121585 0.562692 -5.230205 -3.7915 -0.527264 20.311525 1.101194 2.771836 3.619381 -0.629788 -0.104135 -3.647001 3.941942 -1.683174 -10.80734 7.7e-05 -2.2e-05 6e-06 -0.029408 0.108572 -0.051786 0.693496 -3.588328 -10.660566 -0.760429 3.811601 -10.671016 -10.313831 -6.950846 18.296444 -56.621449 -10.911795 11.533141 0.344448 -37.65966 -0.228852 4.62605 -1.456798 -1.800637 -5.882108 9.861288 0.702592 -10.936873 -0.360574 7.156208 1e-06 8.774828 -1e-06 -15.731553 18.320883 6.37182 -1.844033 2.498506 -2.507281 -10.163602 4.678947 4.621109 -20.97603 -5e-06 -1e-06 -21.226294 2.451695 -3.594003 1e-06 -6e-06 -0.0 -1.362682 2.240798 -0.746323 -21.334921 0.58491 3.008322 -13.821216 -4e-06 -0.0 -23.887175 -0.249081 -0.839483 -60.574074 2.591543 -0.985337 -0.294025 1.679688 0.833257 -14.218212 0.093215 1.300579 -34.212051 -0.287564 0.967166 -20.033215 0.964537 1.212843 0.0 -0.0 1e-06 -3.440389 0.788233 0.501654 -15.928189 -3.16731 2.999706 -6.338828 -1e-06 -2e-06 -18.123453 3.648183 -4.905673 -2e-06 0.0 -3e-06 9.76746 12.955565 18.809843 62.7519 17.487595 19.149078 -0.399244 33.062901 0.037593 -7.532242 2.990808 -1.868281 2.243543 -5.255037 -3.180157 14.282892 -0.826596 6.952499 -2e-06 -12.690607 0.0 16.093044 -17.94603 2.458157 1.665666 -1.955922 -2.878302 4.727799 -4.170589 4.993924 11.020527 1e-06 -1e-06 12.109055 -3.735717 -2.866787 0.0 -0.0 0.0 1.291986 -1.92855 -1.49809 14.800129 0.567467 3.865603 14.242573 -1.341736 -6.660661 19.631971 0.143926 -0.648249 49.783077 -0.55123 -6.680315 0.353029 -1.511151 -0.031939 20.222792 3.684309 2.316628 18.787275 5e-06 -3e-06 10.751629 -0.479867 1.397904 2e-06 1e-06 -1e-06 3.273807 0.305947 -0.580111 21.486814 11.830379 2.266129 8.162926 1e-06 -3e-06 18.399082 -3.798982 -4.940579 3e-06 -0.0 1e-06 2.173218 6.501348 -14.524444 -0.023231 -0.068265 18.55369 -4.885002 4.429026 -7.890243 1.638676 -1.969092 0.263817 0.0 -1e-06 2e-06 -7.93294 -6.896699 -16.343048 0.072941 0.196381 23.531548 8.787601 -1.381517 -11.542824 -1.419247 0.937488 -0.363727 -0.0 0.0 -1e-06 
0.0 0.0 0.0 0.0 -0.0 0.0 1.792532 98.874344 -4.837848 2.515058 -0.063123 4.384025 -1.94611 0.10071 -0.924207 -1.123824 0.552116 -5.218111 -3.770507 -0.58792 20.346655 1.069801 2.78245 3.697569 -0.63876 -0.132918 -3.648924 3.997878 -1.71309 -10.809206 7.7e-05 -2.2e-05 6e-06 -0.031867 0.118768 -0.052035 0.693034 -3.577766 -10.668537 -0.76499 3.821167 -10.682146 -10.266798 -6.948832 18.30031 -56.554173 -11.038313 11.358767 0.348224 -37.910458 -0.243964 4.650953 -1.567767 -1.959774 -5.882103 9.861281 0.70259 -10.936865 -0.360575 7.156204 1e-06 8.774821 -3e-06 -15.735445 18.322357 6.384373 -1.844032 2.498503 -2.507277 -10.163595 4.678944 4.621105 -20.976015 -3e-06 -2e-06 -21.226273 2.451694 -3.594001 0.0 -6e-06 0.0 -1.362681 2.240797 -0.746324 -21.334906 0.58491 3.008322 -13.821208 -3e-06 0.0 -23.887165 -0.24908 -0.839483 -60.550514 2.614245 -0.978757 -0.294024 1.679686 0.833253 -14.218201 0.093216 1.30058 -34.212032 -0.287563 0.967166 -20.033199 0.964537 1.212841 -1e-06 2e-06 -1e-06 -3.440387 0.788233 0.501656 -15.928179 -3.167308 2.999705 -6.338822 -1e-06 -1e-06 -18.12344 3.648181 -4.905668 -1e-06 -0.0 -3e-06 9.735126 12.952133 18.896637 62.726711 17.618433 19.182226 -0.439635 32.972973 0.014768 -7.446513 2.986711 -2.080513 2.243538 -5.255032 -3.180155 14.282875 -0.826591 6.952497 -4e-06 -12.690594 -0.0 16.087339 -17.934307 2.452464 1.665664 -1.95592 -2.878298 4.727793 -4.170583 4.993921 11.020514 4e-06 -0.0 12.109037 -3.735711 -2.866783 0.0 0.0 1e-06 1.291984 -1.928547 -1.498088 14.800112 0.567469 3.865607 14.242557 -1.341734 -6.660656 19.631948 0.14393 -0.648242 49.789551 -0.528971 -6.676797 0.353028 -1.51115 -0.031938 20.222769 3.684309 2.31663 18.787254 7e-06 1e-06 10.751617 -0.479868 1.397906 1e-06 -0.0 0.0 3.273804 0.305946 -0.580109 21.486795 11.830368 2.266135 8.162917 2e-06 1e-06 18.399063 -3.798984 -4.940567 4e-06 -1e-06 1e-06 2.227676 6.456933 -14.627647 -0.023836 -0.077226 18.781984 -4.855033 4.368205 -8.019486 1.638984 -1.973245 0.287366 0.0 -0.0 2e-06 -7.895259 -6.891473 -16.285864 0.069447 0.190293 23.582228 8.832762 -1.479834 -11.671919 -1.422623 0.927744 -0.346541 -0.0 -0.0 -1e-06 
0.0 0.0 0.0 0.0 -0.0 0.0 1.820018 98.861046 -4.739677 2.481254 0.147749 4.405085 -1.943984 0.093983 -0.860214 -1.122784 0.543386 -5.199476 -3.753629 -0.655785 20.381516 1.039153 2.806792 3.786159 -0.654701 -0.200286 -3.645654 4.04188 -1.765499 -10.844404 7.7e-05 -2.3e-05 6e-06 -0.032627 0.11734 -0.050046 0.693438 -3.579737 -10.677577 -0.766934 3.8201 -10.693823 -10.229874 -6.933424 18.306438 -56.490421 -11.190576 11.216233 0.350773 -38.191139 -0.256688 4.649872 -1.658646 -2.149613 -5.882105 9.861283 0.702589 -10.936868 -0.360575 7.156205 0.0 8.774821 -2e-06 -15.74033 18.326254 6.397863 -1.844033 2.498504 -2.507276 -10.163596 4.678942 4.621109 -20.976021 -3e-06 4e-06 -21.226282 2.451696 -3.593998 1e-06 -5e-06 -0.0 -1.362681 2.240796 -0.746322 -21.334906 0.584909 3.008325 -13.821208 -3e-06 1e-06 -23.887165 -0.249078 -0.83948 -60.518925 2.625085 -0.966082 -0.294024 1.679687 0.833254 -14.218204 0.093214 1.300582 -34.212036 -0.287562 0.967171 -20.033209 0.964538 1.212843 -1e-06 -1e-06 0.0 -3.440388 0.788233 0.501654 -15.928183 -3.167309 2.999708 -6.338825 -1e-06 0.0 -18.123442 3.648182 -4.905671 -2e-06 0.0 -2e-06 9.67135 12.944402 18.969151 62.681957 17.735262 19.159899 -0.44595 32.929867 0.002675 -7.342363 2.991474 -2.25357 2.243542 -5.255035 -3.180157 14.282883 -0.826597 6.952498 -1e-06 -12.690598 2e-06 16.091736 -17.914391 2.44091 1.665666 -1.95592 -2.878298 4.727796 -4.170587 4.993919 11.020519 2e-06 -3e-06 12.109046 -3.735714 -2.866782 0.0 -0.0 1e-06 1.291986 -1.928548 -1.498089 14.800118 0.567466 3.865604 14.242564 -1.341737 -6.660656 19.631954 0.143926 -0.648247 49.777939 -0.511017 -6.680063 0.353029 -1.511148 -0.031938 20.222776 3.684304 2.316624 18.78726 3e-06 -7e-06 10.75162 -0.47987 1.3979 -0.0 0.0 -1e-06 3.273804 0.305946 -0.58011 21.486801 11.830367 2.266126 8.162921 0.0 -3e-06 18.399073 -3.798984 -4.940578 3e-06 -1e-06 -0.0 2.261433 6.420807 -14.759772 -0.025266 -0.08272 19.047523 -4.828771 4.219743 -8.152749 1.638902 -1.973776 0.301188 0.0 -0.0 2e-06 -7.886349 -6.944304 -16.260195 0.06774 0.179716 23.723347 8.877567 -1.562951 -11.828535 -1.425231 0.919585 -0.328804 -0.0 -0.0 -1e-06 
0.0 0.0 0.0 0.0 -0.0 0.0 1.837574 98.837158 -4.653652 2.474341 0.430047 4.4281 -1.936146 0.085337 -0.803983 -1.119788 0.521879 -5.178105 -3.741756 -0.712283 20.42131 1.00319 2.821395 3.876496 -0.659968 -0.295449 -3.643387 4.066116 -1.842175 -10.916554 7.7e-05 -2.2e-05 6e-06 -0.032005 0.10566 -0.047903 0.692802 -3.590678 -10.679932 -0.764996 3.807843 -10.697824 -10.189523 -6.91842 18.327967 -56.433884 -11.370712 11.146765 0.35863 -38.461769 -0.266006 4.604725 -1.721016 -2.334633 -5.882102 9.861279 0.702591 -10.936865 -0.360576 7.1562 0.0 8.774819 -4e-06 -15.737427 18.337194 6.409138 -1.844032 2.498504 -2.507275 -10.163594 4.678942 4.621105 -20.976013 -4e-06 3e-06 -21.226278 2.451696 -3.593997 1e-06 -8e-06 -2e-06 -1.36268 2.240797 -0.746323 -21.334902 0.584908 3.008321 -13.821205 -3e-06 3e-06 -23.887157 -0.249078 -0.839482 -60.493252 2.628805 -0.958639 -0.294025 1.679687 0.833254 -14.2182 0.093213 1.30058 -34.212032 -0.287563 0.96717 -20.033201 0.964536 1.212843 -1e-06 0.0 0.0 -3.440386 0.788232 0.501654 -15.928179 -3.167308 2.999705 -6.338823 -1e-06 1e-06 -18.123438 3.648182 -4.905669 -2e-06 -0.0 -3e-06 9.595731 12.908504 19.013973 62.599007 17.833733 19.119862 -0.439483 32.915855 -0.011897 -7.21368 3.014854 -2.363153 2.24354 -5.255034 -3.180154 14.282882 -0.826593 6.952499 -3e-06 -12.690603 0.0 16.104414 -17.890347 2.424836 1.665666 -1.95592 -2.878294 4.727796 -4.170586 4.993923 11.020519 2e-06 0.0 12.109043 -3.735715 -2.866783 0.0 -0.0 1e-06 1.291985 -1.928548 -1.498088 14.800117 0.567469 3.865605 14.24256 -1.341736 -6.660652 19.631954 0.143928 -0.648243 49.764221 -0.496462 -6.685811 0.353028 -1.51115 -0.03194 20.222775 3.68431 2.316628 18.787256 5e-06 1e-06 10.75162 -0.47987 1.397905 -0.0 0.0 -1e-06 3.273805 0.305947 -0.580111 21.486801 11.830372 2.266135 8.162921 2e-06 2e-06 18.399071 -3.798983 -4.940569 3e-06 -0.0 1e-06 2.271379 6.372897 -14.93452 -0.024865 -0.087185 19.362349 -4.811548 3.983959 -8.268888 1.637534 -1.968331 0.331825 0.0 -0.0 2e-06 -7.911203 -7.042479 -16.26615 0.066505 0.170314 23.95956 8.943065 -1.662382 -12.040005 -1.427109 0.913753 -0.315373 -0.0 -0.0 -1e-06 
0.0 0.0 0.0 0.0 -0.0 0.0 1.845804 98.793701 -4.570417 2.49332 0.80872 4.445524 -1.926474 0.073753 -0.748163 -1.115642 0.489801 -5.147147 -3.719908 -0.773727 20.466572 0.962613 2.835779 3.969029 -0.668789 -0.418249 -3.643769 4.063487 -1.950275 -11.020563 7.7e-05 -2.2e-05 6e-06 -0.030421 0.091957 -0.044128 0.691264 -3.604174 -10.680132 -0.760122 3.794423 -10.698026 -10.128627 -6.927439 18.342735 -56.395615 -11.565813 11.109448 0.334722 -38.689335 -0.250833 4.535063 -1.766775 -2.370362 -5.882103 9.861281 0.70259 -10.936865 -0.360574 7.156202 -0.0 8.774822 -1e-06 -15.723029 18.345535 6.419093 -1.844031 2.498504 -2.507277 -10.163595 4.678944 4.621108 -20.976015 -3e-06 -0.0 -21.226278 2.451696 -3.593997 1e-06 -7e-06 -1e-06 -1.362682 2.240798 -0.746323 -21.334904 0.58491 3.008324 -13.821205 -2e-06 1e-06 -23.887157 -0.249079 -0.839484 -60.48278 2.63501 -0.954646 -0.294024 1.679688 0.833256 -14.218202 0.093216 1.30058 -34.212036 -0.287561 0.96717 -20.033205 0.964539 1.212844 -0.0 -2e-06 -1e-06 -3.440387 0.788233 0.501657 -15.928179 -3.167306 2.999709 -6.338822 -1e-06 1e-06 -18.12344 3.648181 -4.90567 -2e-06 -0.0 -3e-06 9.51539 12.837642 19.026306 62.478813 17.919991 19.07163 -0.427787 32.883213 -0.017627 -7.092294 3.051205 -2.488303 2.243542 -5.255036 -3.180158 14.282892 -0.826595 6.952504 -2e-06 -12.690601 -1e-06 16.12709 -17.868786 2.407428 1.665666 -1.955921 -2.878298 4.727799 -4.170587 4.993925 11.020528 2e-06 -1e-06 12.109053 -3.735714 -2.866787 -0.0 -0.0 1e-06 1.291986 -1.92855 -1.498091 14.800129 0.567467 3.86561 14.242574 -1.341735 -6.66066 19.631969 0.143928 -0.648246 49.75256 -0.48606 -6.66979 0.353029 -1.51115 -0.03194 20.222794 3.684308 2.316628 18.787275 4e-06 -1e-06 10.751628 -0.479869 1.397907 -0.0 -0.0 -1e-06 3.273808 0.305946 -0.580112 21.486813 11.830369 2.266131 8.162926 0.0 -1e-06 18.399084 -3.798983 -4.940576 3e-06 -0.0 1e-06 2.260954 6.299099 -15.148494 -0.026691 -0.086074 19.734289 -4.83116 3.677482 -8.396837 1.636345 -1.959372 0.36069 0.0 -0.0 2e-06 -7.96526 -7.17317 -16.305222 0.067867 0.166753 24.324301 9.008056 -1.831982 -12.323093 -1.427886 0.912076 -0.279466 -0.0 -0.0 -1e-06 
0.0 0.0 0.0 0.0 -0.0 0.0 1.855886 98.727783 -4.491636 2.548222 1.287466 4.450721 -1.921091 0.059192 -0.686656 -1.112369 0.454155 -5.111529 -3.685149 -0.847272 20.513508 0.919516 2.852524 4.074954 -0.68677 -0.542 -3.647056 4.037336 -2.089535 -11.1586 7.7e-05 -2.2e-05 6e-06 -0.029227 0.087558 -0.041223 0.68868 -3.609286 -10.682312 -0.754935 3.79131 -10.697723 -10.031959 -6.959686 18.339361 -56.408699 -11.771362 11.096999 0.290511 -38.868519 -0.198946 4.459266 -1.791183 -2.329331 -5.882099 9.861276 0.70259 -10.936864 -0.360576 7.156205 2e-06 8.774817 -2e-06 -15.714681 18.347214 6.428499 -1.844031 2.498503 -2.507277 -10.163592 4.67894 4.621108 -20.976006 -5e-06 6e-06 -21.226269 2.451694 -3.593994 1e-06 -7e-06 -1e-06 -1.362681 2.240797 -0.746321 -21.334898 0.584908 3.008324 -13.821204 -4e-06 6e-06 -23.887154 -0.249077 -0.839478 -60.490307 2.639728 -0.944679 -0.294024 1.679684 0.833256 -14.218199 0.093213 1.300583 -34.212025 -0.287562 0.967179 -20.033199 0.964538 1.212849 -0.0 -3e-06 0.0 -3.440386 0.788233 0.501657 -15.928176 -3.167309 2.99971 -6.338821 -2e-06 3e-06 -18.12343 3.64818 -4.905662 -1e-06 1e-06 -3e-06 9.430769 12.745567 19.012638 62.352867 17.996885 19.030197 -0.419558 32.786545 -0.018265 -7.003931 3.07512 -2.644382 2.243542 -5.255037 -3.180156 14.282893 -0.826595 6.9525 -3e-06 -12.690605 0.0 16.137001 -17.838034 2.399035 1.665666 -1.955922 -2.878299 4.727798 -4.170588 4.993921 11.020526 2e-06 -1e-06 12.109052 -3.735716 -2.866781 0.0 -0.0 0.0 1.291985 -1.928548 -1.498089 14.800127 0.567468 3.865606 14.242571 -1.341735 -6.660657 19.631969 0.143928 -0.648247 49.725159 -0.478991 -6.647155 0.35303 -1.511151 -0.03194 20.22279 3.684309 2.316631 18.787273 5e-06 -3e-06 10.751629 -0.479869 1.397906 -0.0 0.0 -1e-06 3.273807 0.305946 -0.58011 21.486813 11.830377 2.266133 8.162924 1e-06 -3e-06 18.39908 -3.798984 -4.940576 2e-06 -1e-06 -0.0 2.220092 6.187422 -15.389731 -0.030359 -0.081922 20.158403 -4.884654 3.314865 -8.537079 1.634559 -1.945903 0.378344 -0.0 0.0 2e-06 -8.057913 -7.338937 -16.364025 0.068794 0.161827 24.810217 9.086624 -2.053519 -12.68612 -1.427598 0.914345 -0.225729 -0.0 -0.0 -1e-06 
0.0 0.0 0.0 0.0 -0.0 0.0 1.864678 98.652443 -4.420838 2.624191 1.854318 4.447427 -1.914397 0.042543 -0.627967 -1.107728 0.412109 -5.082322 -3.633454 -0.942893 20.568527 0.868126 2.866401 4.228002 -0.711615 -0.647387 -3.655266 3.994744 -2.238354 -11.298943 7.7e-05 -2.2e-05 6e-06 -0.029282 0.091846 -0.04003 0.68617 -3.605438 -10.684439 -0.752313 3.796398 -10.697341 -9.920679 -6.987696 18.335094 -56.464584 -12.005695 11.129152 0.264663 -38.996452 -0.149182 4.403376 -1.791172 -2.293913 -5.882102 9.861276 0.702587 -10.936863 -0.360575 7.156197 -0.0 8.774817 -3e-06 -15.694829 18.350517 6.453108 -1.844031 2.498503 -2.507275 -10.163591 4.67894 4.621103 -20.976006 -4e-06 2e-06 -21.226269 2.451695 -3.593999 1e-06 -6e-06 -1e-06 -1.362681 2.240796 -0.746322 -21.334898 0.58491 3.008321 -13.821205 -2e-06 3e-06 -23.887154 -0.249078 -0.839482 -60.50819 2.651433 -0.929813 -0.294025 1.679687 0.833253 -14.218198 0.093216 1.30058 -34.212021 -0.287563 0.967168 -20.033197 0.964538 1.212843 -0.0 -2e-06 -1e-06 -3.440387 0.788233 0.501654 -15.928172 -3.167306 2.999703 -6.338821 -1e-06 -1e-06 -18.123434 3.648179 -4.905665 -2e-06 1e-06 -3e-06 9.360335 12.644359 19.003172 62.203735 18.075815 18.975689 -0.403788 32.638809 -0.015901 -6.932987 3.064473 -2.736285 2.24354 -5.255033 -3.180154 14.28288 -0.826595 6.9525 -0.0 -12.690593 -3e-06 16.125074 -17.793877 2.399228 1.665665 -1.955921 -2.878294 4.727797 -4.170584 4.993919 11.020517 1e-06 -1e-06 12.109042 -3.735714 -2.86678 0.0 -0.0 1e-06 1.291984 -1.928548 -1.498088 14.800117 0.567466 3.865608 14.242559 -1.341738 -6.660651 19.63195 0.143922 -0.648243 49.668167 -0.469769 -6.630681 0.35303 -1.51115 -0.031938 20.222775 3.684305 2.316634 18.787256 1e-06 0.0 10.75162 -0.479871 1.397905 1e-06 0.0 -1e-06 3.273804 0.305947 -0.580112 21.486794 11.830362 2.266134 8.162921 1e-06 1e-06 18.399069 -3.798984 -4.940569 3e-06 -0.0 -0.0 2.159864 6.021985 -15.65699 -0.03567 -0.080432 20.62508 -4.925803 2.904173 -8.657791 1.63316 -1.932192 0.400077 -0.0 -0.0 2e-06 -8.169827 -7.552604 -16.41898 0.06898 0.155693 25.351492 9.179617 -2.31393 -13.074842 -1.427219 0.91686 -0.168854 -0.0 -0.0 -1e-06 
0.0 0.0 0.0 0.0 -0.0 0.0 1.867209 98.573792 -4.345156 2.725381 2.527893 4.423542 -1.910689 0.024388 -0.58413 -1.103059 0.368226 -5.062706 -3.569988 -1.065783 20.649672 0.824219 2.871501 4.443145 -0.744845 -0.755331 -3.664149 3.926494 -2.387276 -11.428479 7.7e-05 -2.3e-05 5e-06 -0.030403 0.101156 -0.037861 0.683015 -3.596594 -10.680597 -0.751095 3.806297 -10.691663 -9.81176 -7.01126 18.332451 -56.54591 -12.247533 11.16225 0.29293 -39.109539 -0.132821 4.388558 -1.766922 -2.313584 -5.882104 9.861284 0.702591 -10.936868 -0.360576 7.156204 2e-06 8.774825 1e-06 -15.657546 18.349363 6.488538 -1.844032 2.498504 -2.507277 -10.163595 4.678944 4.621105 -20.976021 -8e-06 -0.0 -21.22628 2.451692 -3.594 1e-06 -6e-06 -1e-06 -1.362681 2.240798 -0.746322 -21.334911 0.584907 3.008321 -13.821213 -5e-06 -0.0 -23.887167 -0.249083 -0.839482 -60.511517 2.662278 -0.915921 -0.294024 1.679687 0.833257 -14.218204 0.093212 1.300579 -34.212036 -0.287573 0.967169 -20.033205 0.964533 1.212843 -1e-06 -2e-06 0.0 -3.440388 0.788234 0.501654 -15.928183 -3.167312 2.999704 -6.338825 -2e-06 -2e-06 -18.123444 3.64818 -4.905671 -1e-06 1e-06 -2e-06 9.305655 12.520193 19.019026 62.044907 18.185553 18.894384 -0.367287 32.435246 -0.011763 -6.865242 3.059606 -2.791411 2.24354 -5.255035 -3.180158 14.282883 -0.826592 6.952497 -5e-06 -12.690602 -1e-06 16.103718 -17.764614 2.40094 1.665666 -1.95592 -2.878298 4.727795 -4.170586 4.993918 11.020521 5e-06 -1e-06 12.109048 -3.735712 -2.866784 0.0 -0.0 0.0 1.291984 -1.928548 -1.498089 14.800123 0.567471 3.865606 14.242564 -1.341733 -6.660657 19.631958 0.14393 -0.648241 49.599628 -0.473648 -6.631677 0.353029 -1.51115 -0.031939 20.222782 3.684313 2.316628 18.787266 9e-06 -0.0 10.751622 -0.479868 1.397909 0.0 -0.0 -1e-06 3.273805 0.305947 -0.58011 21.486805 11.830377 2.266131 8.162921 2e-06 0.0 18.399075 -3.798983 -4.940575 3e-06 0.0 -1e-06 2.082636 5.772598 -15.917875 -0.042043 -0.0822 21.092005 -4.976026 2.419178 -8.728996 1.633507 -1.917892 0.418683 -0.0 -0.0 2e-06 -8.306428 -7.802972 -16.427561 0.070217 0.145017 25.898666 9.293696 -2.645488 -13.45997 -1.427308 0.922542 -0.107177 -0.0 -0.0 -1e-06 
0.0 0.0 0.0 0.0 -0.0 0.0 1.859169 98.493393 -4.275372 2.831403 3.287338 4.372239 -1.90326 0.002645 -0.545383 -1.095951 0.316566 -5.050793 -3.494324 -1.192468 20.734003 0.795246 2.853635 4.725729 -0.789083 -0.856805 -3.673609 3.8419 -2.539378 -11.507838 7.7e-05 -2.3e-05 6e-06 -0.033236 0.118689 -0.036876 0.678622 -3.579181 -10.676792 -0.752076 3.823832 -10.687477 -9.690978 -7.043681 18.348637 -56.677383 -12.45372 11.048366 0.323111 -39.284557 -0.131216 4.434189 -1.742538 -2.39683 -5.882102 9.86128 0.70259 -10.936865 -0.360575 7.156199 0.0 8.774822 -3e-06 -15.610082 18.350533 6.524916 -1.844032 2.498503 -2.507277 -10.163594 4.678943 4.621109 -20.976011 -5e-06 1e-06 -21.226273 2.451695 -3.593998 1e-06 -6e-06 -2e-06 -1.362681 2.240797 -0.746323 -21.334904 0.584908 3.008321 -13.821206 -3e-06 1e-06 -23.887157 -0.24908 -0.839486 -60.504883 2.674985 -0.908053 -0.294025 1.679687 0.833254 -14.218201 0.093214 1.300575 -34.212029 -0.287565 0.967168 -20.033205 0.964534 1.212841 -1e-06 -2e-06 -1e-06 -3.440387 0.788232 0.501654 -15.928179 -3.167309 2.999707 -6.338821 -1e-06 -1e-06 -18.123436 3.648179 -4.905672 -2e-06 0.0 -3e-06 9.271259 12.382422 19.07074 61.901554 18.317617 18.799744 -0.328137 32.211338 -0.011298 -6.789671 3.055653 -2.84942 2.24354 -5.255033 -3.180157 14.282883 -0.826593 6.9525 -4e-06 -12.690595 1e-06 16.093357 -17.746134 2.392308 1.665666 -1.95592 -2.878296 4.727796 -4.170584 4.993922 11.020519 3e-06 -1e-06 12.109043 -3.735713 -2.86678 -0.0 0.0 1e-06 1.291984 -1.928548 -1.498091 14.800118 0.567469 3.865604 14.24256 -1.341733 -6.660657 19.631956 0.14393 -0.648243 49.527084 -0.472458 -6.643792 0.353029 -1.511151 -0.031939 20.22278 3.684308 2.316628 18.78726 6e-06 -1e-06 10.751622 -0.479868 1.397908 -0.0 0.0 -1e-06 3.273804 0.305947 -0.58011 21.486801 11.830366 2.266131 8.162921 2e-06 0.0 18.399069 -3.79898 -4.94057 4e-06 0.0 -1e-06 2.020875 5.446274 -16.157114 -0.050918 -0.089892 21.554775 -5.042504 1.87485 -8.775736 1.634004 -1.907071 0.467654 0.0 -0.0 2e-06 -8.444385 -8.074123 -16.373959 0.073093 0.129282 26.429779 9.408252 -3.046528 -13.816525 -1.427451 0.93101 -0.030503 0.0 0.0 -1e-06 
0.0 0.0 0.0 0.0 -0.0 0.0 1.832068 98.418503 -4.208401 2.963416 4.122359 4.288265 -1.906294 -0.020045 -0.508802 -1.088834 0.261567 -5.041805 -3.424184 -1.298679 20.811777 0.796526 2.830584 5.050645 -0.845377 -0.992196 -3.683083 3.744145 -2.695583 -11.512794 7.7e-05 -2.2e-05 6e-06 -0.036237 0.133459 -0.034721 0.67441 -3.566035 -10.67745 -0.753632 3.840317 -10.687981 -9.546437 -7.103015 18.367231 -56.881573 -12.557587 10.77432 0.372461 -39.594875 -0.155481 4.530599 -1.705167 -2.49202 -5.882103 9.861282 0.702589 -10.936864 -0.360575 7.156197 -0.0 8.774821 -3e-06 -15.589226 18.371197 6.53945 -1.844031 2.498503 -2.507277 -10.163594 4.678944 4.621104 -20.976011 -2e-06 0.0 -21.226273 2.451697 -3.593998 1e-06 -5e-06 -1e-06 -1.36268 2.240798 -0.746322 -21.334902 0.58491 3.00832 -13.821205 -2e-06 1e-06 -23.887154 -0.249077 -0.839483 -60.490391 2.681634 -0.915967 -0.294024 1.679686 0.833255 -14.218201 0.093216 1.300579 -34.212032 -0.287563 0.967166 -20.033203 0.964534 1.21284 -2e-06 0.0 0.0 -3.440387 0.788233 0.501654 -15.928176 -3.167308 2.999703 -6.338822 -0.0 1e-06 -18.123436 3.648181 -4.905667 -1e-06 -0.0 -2e-06 9.275025 12.227668 19.152111 61.785217 18.453438 18.681881 -0.2744 31.999054 -0.002719 -6.742818 3.044415 -2.939159 2.243538 -5.255032 -3.180155 14.282871 -0.826592 6.952494 -4e-06 -12.690593 0.0 16.099669 -17.74033 2.372607 1.665664 -1.95592 -2.878297 4.727792 -4.170583 4.993918 11.020513 3e-06 -2e-06 12.109036 -3.735712 -2.866782 -0.0 -1e-06 0.0 1.291984 -1.928548 -1.498089 14.800112 0.567469 3.865604 14.242556 -1.341734 -6.660652 19.631945 0.143927 -0.648244 49.480961 -0.475999 -6.660124 0.353028 -1.511149 -0.031939 20.222767 3.684308 2.316629 18.787249 7e-06 -2e-06 10.751616 -0.479867 1.397904 1e-06 0.0 -1e-06 3.273802 0.305947 -0.58011 21.486786 11.830365 2.266131 8.162915 1e-06 -1e-06 18.399055 -3.798981 -4.940569 4e-06 0.0 -2e-06 1.956647 5.009339 -16.343273 -0.05992 -0.097919 21.969843 -5.148289 1.328124 -8.805035 1.634211 -1.895934 0.506903 0.0 -0.0 2e-06 -8.599487 -8.397504 -16.248739 0.080201 0.118357 26.941986 9.539563 -3.467843 -14.178767 -1.427312 0.945046 0.047077 0.0 0.0 -1e-06 
0.0 0.0 0.0 0.0 -0.0 0.0 1.784798 98.355469 -4.143021 3.097025 5.026258 4.193458 -1.906797 -0.032885 -0.483993 -1.086271 0.21047 -5.041924 -3.350126 -1.394375 20.875708 0.828918 2.813829 5.37978 -0.911288 -1.174187 -3.697455 3.646522 -2.851359 -11.442111 7.7e-05 -2.3e-05 6e-06 -0.038012 0.136012 -0.0329 0.673179 -3.565198 -10.684533 -0.75585 3.844928 -10.693944 -9.398631 -7.161109 18.374214 -57.129303 -12.547903 10.394049 0.417019 -40.079361 -0.191586 4.673853 -1.668786 -2.573981 -5.882104 9.861281 0.702589 -10.936868 -0.360576 7.156202 1e-06 8.774821 -3e-06 -15.582911 18.408115 6.554387 -1.844031 2.498504 -2.507276 -10.163595 4.678942 4.621108 -20.976013 -4e-06 3e-06 -21.226273 2.451697 -3.593997 0.0 -6e-06 -1e-06 -1.362681 2.240798 -0.746323 -21.334906 0.584908 3.008322 -13.821209 -3e-06 5e-06 -23.887165 -0.249078 -0.839479 -60.471359 2.691783 -0.929057 -0.294025 1.679687 0.833256 -14.218202 0.093215 1.300581 -34.212036 -0.287563 0.967171 -20.033209 0.964537 1.212846 -2e-06 0.0 1e-06 -3.440387 0.788232 0.501655 -15.928183 -3.167309 2.99971 -6.338824 -0.0 2e-06 -18.123444 3.648181 -4.905666 -3e-06 0.0 -3e-06 9.32333 12.064616 19.243233 61.679157 18.576275 18.65416 -0.249263 31.832048 -0.002675 -6.731671 3.004186 -2.989477 2.243541 -5.255035 -3.180157 14.282885 -0.826596 6.952501 -2e-06 -12.690601 -1e-06 16.117966 -17.741095 2.351065 1.665665 -1.95592 -2.8783 4.727797 -4.170586 4.993921 11.02052 2e-06 -2e-06 12.109047 -3.735715 -2.866783 -1e-06 -0.0 1e-06 1.291986 -1.92855 -1.498087 14.80012 0.567467 3.865603 14.242564 -1.341737 -6.660657 19.631954 0.143927 -0.648245 49.45673 -0.479497 -6.668189 0.353029 -1.51115 -0.031941 20.222784 3.684308 2.316628 18.787266 5e-06 -2e-06 10.751622 -0.479869 1.397907 0.0 0.0 -1e-06 3.273804 0.305947 -0.58011 21.486801 11.830368 2.266136 8.162924 2e-06 -1e-06 18.399071 -3.798984 -4.940576 4e-06 0.0 -1e-06 1.910718 4.448386 -16.511768 -0.063896 -0.103766 22.347355 -5.250336 0.797596 -8.781336 1.634402 -1.88385 0.530086 0.0 -0.0 2e-06 -8.738203 -8.778658 -16.052608 0.087509 0.114972 27.379103 9.673472 -3.925444 -14.50814 -1.427999 0.960168 0.12633 0.0 0.0 -1e-06 
0.0 0.0 0.0 0.0 -0.0 0.0 1.723414 98.306488 -4.082992 3.231313 5.988617 4.102177 -1.91106 -0.047397 -0.480801 -1.088636 0.165869 -5.05041 -3.282089 -1.483345 20.924389 0.903789 2.795167 5.685247 -0.984893 -1.393151 -3.719492 3.565934 -3.02038 -11.297746 7.7e-05 -2.3e-05 6e-06 -0.040331 0.133604 -0.033941 0.673814 -3.568858 -10.697878 -0.761057 3.843896 -10.705738 -9.25963 -7.208757 18.398884 -57.383297 -12.447134 9.96542 0.445096 -40.712509 -0.207973 4.852261 -1.638848 -2.785123 -5.882096 9.861269 0.702589 -10.936856 -0.360577 7.1562 1e-06 8.774813 -2e-06 -15.547836 18.440004 6.57386 -1.844029 2.498501 -2.507274 -10.163585 4.678935 4.621106 -20.975992 -6e-06 6e-06 -21.22625 2.451693 -3.593991 1e-06 -6e-06 -1e-06 -1.362678 2.240794 -0.746323 -21.334885 0.584906 3.008325 -13.821196 -4e-06 5e-06 -23.88714 -0.249079 -0.839476 -60.424118 2.703482 -0.93185 -0.294023 1.679683 0.833255 -14.218185 0.093213 1.300583 -34.211998 -0.287562 0.967178 -20.033184 0.964538 1.212848 -2e-06 0.0 2e-06 -3.440384 0.788232 0.501655 -15.928165 -3.167308 2.999709 -6.338816 -1e-06 3e-06 -18.123423 3.648175 -4.905661 -2e-06 -0.0 -1e-06 9.414329 11.883997 19.329247 61.60606 18.679056 18.698542 -0.258463 31.744366 -0.025827 -6.736031 2.937541 -2.898052 2.243539 -5.255033 -3.180157 14.282883 -0.826595 6.952507 -3e-06 -12.690595 1e-06 16.141485 -17.749735 2.328594 1.665664 -1.95592 -2.878298 4.727797 -4.170584 4.993925 11.02052 2e-06 2e-06 12.109043 -3.735713 -2.866783 -1e-06 -0.0 1e-06 1.291985 -1.928548 -1.498089 14.800118 0.567467 3.865608 14.242559 -1.341734 -6.660653 19.631952 0.143925 -0.648241 49.473969 -0.464456 -6.674078 0.353028 -1.511149 -0.031941 20.222775 3.684305 2.316635 18.787258 4e-06 3e-06 10.751622 -0.47987 1.397908 0.0 -1e-06 -0.0 3.273805 0.305947 -0.580107 21.486803 11.830361 2.266136 8.162921 1e-06 1e-06 18.399071 -3.798982 -4.940571 4e-06 1e-06 -1e-06 1.872816 3.794987 -16.669212 -0.062805 -0.120461 22.670456 -5.334385 0.276643 -8.684519 1.633923 -1.87719 0.533722 0.0 -0.0 2e-06 -8.863575 -9.210007 -15.784266 0.091376 0.120712 27.696386 9.810205 -4.394967 -14.818112 -1.429382 0.966448 0.200704 0.0 0.0 -1e-06 
0.0 0.0 0.0 0.0 -0.0 0.0 1.650311 98.27253 -4.032276 3.330605 7.014915 4.021949 -1.908093 -0.061844 -0.479747 -1.084605 0.133124 -5.05896 -3.202514 -1.568269 20.928171 1.004031 2.780552 5.949554 -1.07621 -1.632329 -3.733538 3.503894 -3.228758 -11.092031 7.7e-05 -2.2e-05 6e-06 -0.042247 0.129949 -0.032903 0.675785 -3.574292 -10.712481 -0.766818 3.842194 -10.718376 -9.145247 -7.259897 18.456743 -57.66272 -12.264421 9.477587 0.435022 -41.401474 -0.202358 5.065423 -1.58378 -3.054959 -5.882102 9.861278 0.702591 -10.936861 -0.360573 7.1562 -2e-06 8.774817 -3e-06 -15.511252 18.459183 6.586291 -1.84403 2.498505 -2.507276 -10.163591 4.678944 4.621106 -20.976004 2e-06 5e-06 -21.226263 2.451701 -3.593996 1e-06 -6e-06 -2e-06 -1.36268 2.240797 -0.746322 -21.334896 0.584915 3.008323 -13.821203 0.0 3e-06 -23.887152 -0.249071 -0.839483 -60.37463 2.712593 -0.918493 -0.294025 1.679687 0.833255 -14.218196 0.093217 1.300581 -34.212013 -0.287554 0.96717 -20.033197 0.96454 1.212838 -2e-06 0.0 -0.0 -3.440386 0.788233 0.501656 -15.928172 -3.167304 2.999707 -6.338821 1e-06 2e-06 -18.123428 3.648185 -4.905664 -3e-06 0.0 -3e-06 9.528164 11.706585 19.386665 61.596485 18.711252 18.670111 -0.246655 31.778688 -0.04274 -6.802548 2.873741 -2.669801 2.243538 -5.255032 -3.180153 14.282872 -0.826595 6.952495 -0.0 -12.69059 -2e-06 16.177551 -17.753832 2.29442 1.665663 -1.95592 -2.878295 4.727794 -4.170583 4.993917 11.020511 1e-06 -2e-06 12.109035 -3.735714 -2.86678 -0.0 -0.0 -1e-06 1.291984 -1.928547 -1.498088 14.80011 0.567466 3.865608 14.242554 -1.341739 -6.660649 19.631941 0.143922 -0.648244 49.490322 -0.431315 -6.684348 0.353029 -1.511149 -0.03194 20.222765 3.684302 2.316632 18.787249 2e-06 0.0 10.751616 -0.47987 1.397904 -0.0 -1e-06 0.0 3.273802 0.305946 -0.58011 21.486786 11.830357 2.266134 8.162917 -1e-06 2e-06 18.399059 -3.798984 -4.940568 4e-06 0.0 -2e-06 1.887237 3.038182 -16.821117 -0.064978 -0.137774 22.920649 -5.401027 -0.245817 -8.551436 1.63358 -1.871107 0.527564 0.0 -0.0 2e-06 -8.940404 -9.671324 -15.456387 0.091779 0.12445 27.892735 9.966613 -4.885905 -15.083029 -1.429841 0.966614 0.25367 0.0 0.0 -1e-06 
0.0 0.0 0.0 0.0 -0.0 0.0 1.572118 98.239227 -4.007144 3.403521 8.108024 3.97907 -1.895713 -0.075639 -0.467842 -1.078316 0.112423 -5.06168 -3.117551 -1.649552 20.885178 1.137665 2.781897 6.121156 -1.195004 -1.885936 -3.731784 3.470337 -3.490582 -10.903097 7.7e-05 -2.3e-05 6e-06 -0.043767 0.130388 -0.029077 0.677515 -3.575609 -10.721935 -0.771603 3.844717 -10.725416 -9.052592 -7.32585 18.502058 -57.970261 -11.996451 9.035681 0.429329 -42.049633 -0.194902 5.251134 -1.478375 -3.363696 -5.882102 9.861278 0.702591 -10.936865 -0.360576 7.156204 1e-06 8.774819 -1e-06 -15.497026 18.453403 6.570738 -1.844031 2.498502 -2.507276 -10.163593 4.678942 4.62111 -20.976007 -3e-06 7e-06 -21.226271 2.451697 -3.593994 1e-06 -6e-06 -1e-06 -1.36268 2.240796 -0.746322 -21.3349 0.58491 3.008327 -13.821203 -3e-06 5e-06 -23.887156 -0.249075 -0.839478 -60.314941 2.711082 -0.913357 -0.294024 1.679685 0.833255 -14.218197 0.093214 1.300583 -34.212025 -0.287559 0.967177 -20.033201 0.964537 1.212846 0.0 0.0 -2e-06 -3.440386 0.788233 0.501655 -15.928176 -3.167307 2.999709 -6.338821 -1e-06 3e-06 -18.123432 3.648182 -4.905662 -4e-06 0.0 -2e-06 9.654855 11.531264 19.390196 61.66782 18.641069 18.446926 -0.18874 32.012779 -0.036406 -7.00923 2.852145 -2.411783 2.24354 -5.255032 -3.180156 14.282881 -0.826593 6.952498 -4e-06 -12.690597 1e-06 16.213928 -17.757006 2.250995 1.665666 -1.95592 -2.878298 4.727794 -4.170585 4.993921 11.020519 4e-06 -1e-06 12.109042 -3.735711 -2.866783 -1e-06 0.0 -0.0 1.291985 -1.928548 -1.498088 14.800118 0.567469 3.865599 14.242561 -1.341733 -6.660652 19.631952 0.143928 -0.648243 49.485779 -0.414424 -6.70742 0.353028 -1.51115 -0.031941 20.222778 3.68431 2.316627 18.787262 7e-06 0.0 10.75162 -0.479865 1.397904 0.0 -0.0 0.0 3.273805 0.305947 -0.58011 21.486801 11.83037 2.26613 8.162921 3e-06 -3e-06 18.399069 -3.798982 -4.940571 3e-06 0.0 -3e-06 1.941365 2.131852 -17.025644 -0.067495 -0.148061 23.132545 -5.46208 -0.758266 -8.389741 1.633978 -1.869488 0.523031 -0.0 0.0 2e-06 -8.978926 -10.158883 -15.133345 0.089422 0.12058 28.013466 10.141075 -5.383647 -15.324718 -1.429813 0.971787 0.29187 -0.0 0.0 -1e-06 
0.0 0.0 0.0 0.0 -0.0 0.0 1.483713 98.198631 -4.009321 3.465952 9.237825 4.003579 -1.880755 -0.090275 -0.440036 -1.069244 0.099104 -5.050472 -3.036977 -1.717507 20.797558 1.290585 2.761979 6.146476 -1.313914 -2.124065 -3.72874 3.444314 -3.775632 -10.744529 7.7e-05 -2.2e-05 6e-06 -0.044111 0.131094 -0.025612 0.680693 -3.575378 -10.728364 -0.77544 3.845987 -10.728409 -8.967387 -7.407094 18.503809 -58.319832 -11.653903 8.667173 0.466684 -42.55146 -0.197488 5.396766 -1.340131 -3.80811 -5.882102 9.861279 0.702592 -10.936861 -0.360574 7.156197 -1e-06 8.774819 -1e-06 -15.505609 18.419287 6.534245 -1.844032 2.498503 -2.507274 -10.16359 4.678944 4.621105 -20.976006 1e-06 2e-06 -21.226269 2.451698 -3.594 -1e-06 -6e-06 0.0 -1.36268 2.240797 -0.746322 -21.334892 0.584911 3.00832 -13.821202 -1e-06 4e-06 -23.887148 -0.249075 -0.839485 -60.254776 2.691089 -0.919418 -0.294025 1.679686 0.833256 -14.218197 0.093217 1.30058 -34.212021 -0.287559 0.967167 -20.033195 0.964538 1.21284 -2e-06 -0.0 -2e-06 -3.440385 0.788233 0.501656 -15.92817 -3.167306 2.999706 -6.338821 1e-06 2e-06 -18.123432 3.648185 -4.905667 -5e-06 0.0 -2e-06 9.768682 11.360045 19.318111 61.809082 18.458578 18.082689 -0.122814 32.481121 -0.008288 -7.312132 2.855555 -2.184108 2.243541 -5.255033 -3.180156 14.282885 -0.826594 6.952495 -3e-06 -12.690595 -1e-06 16.255459 -17.783913 2.207005 1.665665 -1.955921 -2.878297 4.727796 -4.170584 4.99392 11.02052 3e-06 -4e-06 12.109045 -3.735711 -2.866784 0.0 -0.0 0.0 1.291984 -1.928548 -1.498092 14.80012 0.567468 3.865602 14.242564 -1.341733 -6.660656 19.631954 0.143928 -0.648246 49.495083 -0.39617 -6.730734 0.35303 -1.51115 -0.031941 20.222784 3.684308 2.316627 18.787266 8e-06 -3e-06 10.751625 -0.479865 1.397901 1e-06 -0.0 1e-06 3.273805 0.305947 -0.580111 21.486805 11.830367 2.266129 8.162922 3e-06 -2e-06 18.399073 -3.798981 -4.940573 3e-06 -0.0 0.0 2.011164 1.085405 -17.345285 -0.069597 -0.153404 23.352768 -5.530688 -1.217979 -8.186108 1.635242 -1.873948 0.513797 -0.0 0.0 2e-06 -8.998689 -10.67021 -14.900577 0.088683 0.118354 28.122084 10.336407 -5.890305 -15.536548 -1.429833 0.983332 0.325119 -0.0 0.0 -1e-06 
0.0 0.0 0.0 0.0 -0.0 0.0 1.395109 98.149246 -4.043461 3.52186 10.316257 4.08876 -1.861197 -0.099918 -0.364607 -1.052044 0.112676 -5.019693 -2.963868 -1.754755 20.653612 1.439372 2.719969 5.995778 -1.423829 -2.32969 -3.720681 3.441313 -4.09523 -10.664965 7.7e-05 -2.3e-05 6e-06 -0.043911 0.133867 -0.024326 0.684837 -3.573152 -10.732733 -0.779188 3.849245 -10.729187 -8.860775 -7.504314 18.454498 -58.771851 -11.22491 8.246014 0.516199 -42.906048 -0.202846 5.554812 -1.213048 -4.424779 -5.8821 9.861278 0.70259 -10.936863 -0.360575 7.156201 1e-06 8.774819 -1e-06 -15.532675 18.369102 6.49383 -1.844031 2.498503 -2.507277 -10.163592 4.678941 4.621105 -20.976007 -4e-06 4e-06 -21.226271 2.451694 -3.593996 -1e-06 -6e-06 0.0 -1.362681 2.240798 -0.746323 -21.3349 0.584906 3.008322 -13.821205 -2e-06 5e-06 -23.887152 -0.249078 -0.83948 -60.206928 2.661982 -0.928438 -0.294025 1.679686 0.833255 -14.218198 0.093214 1.300581 -34.212021 -0.287566 0.967173 -20.033197 0.964535 1.212846 -1e-06 0.0 -2e-06 -3.440386 0.788234 0.501655 -15.928176 -3.167309 2.999707 -6.338821 0.0 2e-06 -18.123432 3.648181 -4.905665 -4e-06 0.0 -3e-06 9.791204 11.238427 19.201042 62.039867 18.202374 17.707346 -0.086515 33.154259 0.03375 -7.615922 2.848133 -2.009736 2.243539 -5.255033 -3.180159 14.282885 -0.826593 6.952502 -4e-06 -12.690598 1e-06 16.302612 -17.827902 2.17032 1.665666 -1.955921 -2.878298 4.727797 -4.170585 4.993925 11.020522 4e-06 0.0 12.109048 -3.735713 -2.866784 -0.0 -0.0 2e-06 1.291985 -1.928548 -1.498088 14.800123 0.567469 3.865605 14.242566 -1.341734 -6.660654 19.631964 0.143928 -0.648243 49.51104 -0.390742 -6.756382 0.353028 -1.511149 -0.031941 20.222784 3.684309 2.31663 18.787266 5e-06 2e-06 10.751621 -0.479869 1.397907 1e-06 0.0 1e-06 3.273806 0.305947 -0.580111 21.486807 11.830371 2.266134 8.162924 3e-06 2e-06 18.399071 -3.798982 -4.94057 3e-06 -0.0 -0.0 2.082593 -0.057723 -17.80311 -0.069847 -0.154121 23.648685 -5.616704 -1.57855 -8.031979 1.636845 -1.877515 0.483914 -0.0 -1e-06 2e-06 -9.013885 -11.154657 -14.827897 0.091697 0.113788 28.302872 10.54082 -6.370699 -15.724589 -1.42991 1.006397 0.365992 -0.0 -0.0 -1e-06 
0.0 0.0 0.0 0.0 -0.0 0.0 1.324595 98.083344 -4.148011 3.601338 11.322969 4.234513 -1.840411 -0.11505 -0.228371 -1.029158 0.174724 -4.952988 -2.915539 -1.766898 20.474472 1.589189 2.686663 5.646369 -1.523628 -2.587188 -3.707343 3.498764 -4.438275 -10.713405 7.7e-05 -2.3e-05 6e-06 -0.04337 0.135181 -0.025671 0.687611 -3.571785 -10.738836 -0.780979 3.850554 -10.733234 -8.74234 -7.603122 18.412865 -59.351448 -10.73167 7.595812 0.540731 -43.178391 -0.20612 5.839742 -1.133038 -5.244458 -5.882102 9.86128 0.70259 -10.936865 -0.360575 7.156204 1e-06 8.774822 0.0 -15.570472 18.293091 6.447622 -1.844031 2.498504 -2.507277 -10.163594 4.67894 4.621108 -20.976009 -5e-06 4e-06 -21.226274 2.451692 -3.593998 -0.0 -6e-06 0.0 -1.362681 2.240799 -0.746324 -21.334906 0.584907 3.008321 -13.821206 -3e-06 3e-06 -23.887159 -0.249081 -0.839482 -60.156296 2.641021 -0.956521 -0.294024 1.679687 0.833256 -14.218201 0.093213 1.30058 -34.212029 -0.287567 0.96717 -20.033203 0.964535 1.212843 1e-06 -1e-06 -2e-06 -3.440387 0.788233 0.501654 -15.928179 -3.167309 2.999707 -6.338822 -1e-06 0.0 -18.12344 3.648181 -4.905666 -5e-06 0.0 -3e-06 9.682362 11.197281 19.083897 62.337021 17.934563 17.338017 -0.022338 34.003826 0.107353 -7.900885 2.838527 -1.814014 2.243538 -5.255032 -3.180157 14.282874 -0.826591 6.952496 -6e-06 -12.690595 2e-06 16.367552 -17.859173 2.125619 1.665665 -1.95592 -2.878297 4.727793 -4.170582 4.993921 11.020514 6e-06 1e-06 12.109038 -3.73571 -2.866781 -0.0 -0.0 3e-06 1.291984 -1.928547 -1.498086 14.800114 0.56747 3.865607 14.242555 -1.341733 -6.660651 19.631948 0.143929 -0.648242 49.512157 -0.40133 -6.763751 0.353029 -1.511149 -0.03194 20.222769 3.68431 2.316628 18.787252 8e-06 4e-06 10.751616 -0.479868 1.397906 1e-06 1e-06 2e-06 3.273803 0.305947 -0.58011 21.486792 11.830368 2.26613 8.162915 2e-06 -2e-06 18.399055 -3.798979 -4.940569 3e-06 -0.0 0.0 2.12458 -1.30552 -18.467901 -0.065489 -0.160148 24.158308 -5.700083 -1.852385 -7.933513 1.642434 -1.878628 0.399084 0.0 -0.0 2e-06 -9.072049 -11.610684 -14.965209 0.100383 0.101704 28.648762 10.763207 -6.811414 -15.907068 -1.432055 1.029009 0.426335 -0.0 -0.0 -1e-06 
0.0 0.0 0.0 0.0 -0.0 0.0 1.309089 97.973785 -4.358596 3.705222 12.198744 4.416264 -1.800571 -0.119732 -0.015362 -1.002191 0.278668 -4.841548 -2.90754 -1.745089 20.296553 1.723015 2.672381 5.111726 -1.61564 -2.931187 -3.699126 3.674209 -4.825768 -10.887678 7.7e-05 -2.2e-05 6e-06 -0.044417 0.139218 -0.030365 0.688795 -3.565797 -10.74758 -0.784578 3.853271 -10.743711 -8.579122 -7.701594 18.373985 -60.079815 -10.192444 6.742636 0.56575 -43.419331 -0.228834 6.272263 -1.085414 -6.27686 -5.882102 9.861278 0.702589 -10.936866 -0.360577 7.156203 2e-06 8.77482 -1e-06 -15.628929 18.194912 6.391012 -1.844031 2.498503 -2.507277 -10.163595 4.67894 4.621107 -20.976017 -7e-06 4e-06 -21.226276 2.451692 -3.593996 0.0 -6e-06 -1e-06 -1.362681 2.240797 -0.746323 -21.334906 0.584904 3.008323 -13.821206 -4e-06 2e-06 -23.887161 -0.249083 -0.83948 -60.123337 2.639882 -1.005944 -0.294025 1.679686 0.833256 -14.218201 0.09321 1.300579 -34.212032 -0.28757 0.967172 -20.033205 0.964532 1.212845 1e-06 0.0 -2e-06 -3.440387 0.788233 0.501656 -15.928179 -3.167311 2.999705 -6.338823 -1e-06 2e-06 -18.12344 3.648177 -4.905665 -5e-06 0.0 -1e-06 9.401586 11.258355 18.963654 62.702053 17.636837 16.986225 0.087331 35.063 0.217329 -8.144562 2.820103 -1.569037 2.243537 -5.25503 -3.180155 14.282869 -0.826591 6.952495 -3e-06 -12.690589 -0.0 16.44022 -17.843887 2.073105 1.665663 -1.955919 -2.878296 4.72779 -4.17058 4.993915 11.020509 4e-06 -1e-06 12.109033 -3.73571 -2.86678 -1e-06 -0.0 2e-06 1.291983 -1.928548 -1.498088 14.800107 0.567469 3.865605 14.24255 -1.341733 -6.660648 19.631937 0.143926 -0.64824 49.466053 -0.426825 -6.760657 0.353028 -1.511149 -0.031941 20.222761 3.684306 2.316629 18.787245 6e-06 0.0 10.751612 -0.479867 1.397906 0.0 1e-06 1e-06 3.273801 0.305948 -0.580109 21.486782 11.830361 2.266132 8.162912 2e-06 -1e-06 18.39905 -3.798981 -4.940567 3e-06 -1e-06 -1e-06 2.144995 -2.675476 -19.416866 -0.053902 -0.173266 25.108576 -5.796854 -2.092089 -7.948673 1.654554 -1.873082 0.223811 0.0 -0.0 2e-06 -9.189782 -12.023779 -15.363275 0.11091 0.088768 29.277647 11.035481 -7.211854 -16.084129 -1.436165 1.054032 0.524444 -0.0 -0.0 -1e-06 
0.0 0.0 0.0 0.0 -0.0 0.0 1.394037 97.731956 -4.742791 3.836616 12.873029 4.570266 -1.757571 -0.144524 0.308781 -0.961292 0.467632 -4.654153 -2.930398 -1.741367 20.133953 1.827399 2.644298 4.42839 -1.684731 -3.09355 -3.726576 3.926708 -5.304533 -11.198419 7.7e-05 -2.2e-05 6e-06 -0.042803 0.146281 -0.020224 0.694193 -3.561074 -10.755264 -0.78589 3.862012 -10.756706 -8.293101 -7.803463 18.264872 -61.052479 -9.595001 5.722261 0.619667 -43.625225 -0.235804 6.842083 -1.061003 -7.838584 -5.882104 9.861281 0.702589 -10.936867 -0.360575 7.156202 1e-06 8.774822 0.0 -15.539963 18.153469 6.335979 -1.844031 2.498502 -2.507277 -10.163595 4.678942 4.621106 -20.976017 -5e-06 0.0 -21.226282 2.451693 -3.593999 -0.0 -6e-06 0.0 -1.362681 2.240798 -0.746323 -21.334906 0.584906 3.008318 -13.82121 -4e-06 -1e-06 -23.887165 -0.249083 -0.839484 -59.97607 2.549138 -1.194092 -0.294025 1.679686 0.833255 -14.218204 0.093212 1.300578 -34.21204 -0.287567 0.967169 -20.033209 0.964534 1.212843 -1e-06 1e-06 -1e-06 -3.440387 0.788232 0.501655 -15.928181 -3.167309 2.999704 -6.338823 0.0 1e-06 -18.123442 3.648179 -4.905669 -5e-06 -0.0 -2e-06 8.806406 11.527347 18.706783 63.254185 17.15226 16.858583 0.073008 36.3834 0.284311 -8.268386 2.912939 -1.305752 2.24354 -5.255033 -3.180155 14.282885 -0.826592 6.952496 -5e-06 -12.690598 1e-06 16.513605 -17.751354 2.01619 1.665665 -1.95592 -2.878297 4.727797 -4.170585 4.993918 11.020521 5e-06 -2e-06 12.109045 -3.735711 -2.866782 -1e-06 0.0 1e-06 1.291986 -1.928548 -1.498088 14.800123 0.56747 3.865606 14.242567 -1.341734 -6.660651 19.631958 0.143928 -0.648244 49.375603 -0.454593 -6.749856 0.353028 -1.511151 -0.03194 20.222786 3.684313 2.316629 18.787268 8e-06 1e-06 10.751625 -0.479867 1.397906 1e-06 -0.0 -0.0 3.273805 0.305949 -0.580113 21.486809 11.830371 2.266132 8.162924 3e-06 -1e-06 18.399075 -3.798981 -4.940571 2e-06 -0.0 -0.0 2.161067 -4.367672 -20.629993 -0.05904 -0.12568 26.548784 -5.711565 -2.136913 -8.022118 1.68933 -1.927445 0.027111 -0.0 -0.0 2e-06 -9.382958 -12.366512 -16.123024 0.104684 0.155016 30.432817 11.328284 -7.475835 -16.458124 -1.428222 1.034158 0.65424 -0.0 -0.0 -1e-06 
0.0 0.0 0.0 0.0 -0.0 0.0 1.551875 97.423714 -5.270957 3.940975 13.084682 4.6193 -1.662611 -0.138855 0.785887 -0.922297 0.624082 -4.390196 -2.933224 -1.605438 20.028564 1.77145 2.719767 3.469093 -1.732835 -3.402393 -3.726799 4.304511 -5.720104 -11.574324 7.7e-05 -2.3e-05 6e-06 -0.036868 0.124804 -0.026182 0.701604 -3.586272 -10.776821 -0.78182 3.843951 -10.785472 -8.041238 -7.818398 18.207756 -62.276321 -9.005838 4.266913 0.737264 -43.956989 -0.270006 7.901159 -1.255395 -9.653826 -5.882105 9.861284 0.70259 -10.93687 -0.360577 7.156204 2e-06 8.774824 -1e-06 -15.527617 18.094395 6.31231 -1.844033 2.498504 -2.507277 -10.163599 4.678944 4.621108 -20.976021 -6e-06 3e-06 -21.226286 2.451695 -3.593998 1e-06 -6e-06 -1e-06 -1.362681 2.240797 -0.746323 -21.334911 0.584906 3.008323 -13.821213 -4e-06 3e-06 -23.887171 -0.249081 -0.839481 -59.976826 2.554633 -1.225178 -0.294024 1.679688 0.833256 -14.218207 0.093214 1.30058 -34.212048 -0.287567 0.967173 -20.033211 0.964535 1.212846 -1e-06 0.0 -1e-06 -3.440389 0.788231 0.501655 -15.928185 -3.16731 2.999707 -6.338825 -2e-06 1e-06 -18.123444 3.64818 -4.905668 -5e-06 0.0 -2e-06 7.8804 11.902699 18.443474 63.877243 16.671038 16.765774 -0.006808 37.879375 0.332467 -8.295005 3.125645 -1.272162 2.24354 -5.255034 -3.180156 14.282881 -0.826593 6.952497 -3e-06 -12.690598 0.0 16.498005 -17.738474 2.009195 1.665664 -1.955919 -2.878296 4.727797 -4.170584 4.993919 11.020519 4e-06 -1e-06 12.109043 -3.735713 -2.866781 0.0 -0.0 2e-06 1.291984 -1.928549 -1.49809 14.800118 0.567469 3.865603 14.242563 -1.341735 -6.660652 19.631954 0.143926 -0.648242 49.331699 -0.478067 -6.717569 0.353028 -1.51115 -0.03194 20.22278 3.684308 2.31663 18.787262 6e-06 0.0 10.751619 -0.479866 1.397905 1e-06 1e-06 1e-06 3.273804 0.305947 -0.58011 21.486801 11.830368 2.266134 8.162922 2e-06 -2e-06 18.399069 -3.798982 -4.940572 3e-06 -1e-06 2e-06 2.203694 -5.919464 -22.109779 -0.038896 -0.150055 28.857058 -5.554864 -2.324844 -8.483807 1.700003 -1.977391 -0.283206 0.0 -0.0 2e-06 -9.665691 -12.303221 -17.229315 0.102158 0.14668 32.115402 11.650423 -7.674348 -16.826418 -1.432831 1.009638 0.82094 -0.0 -0.0 -1e-06 
0.0 0.0 0.0 0.0 -0.0 0.0 1.841455 96.987595 -5.9784 4.049295 12.618891 4.554176 -1.569344 -0.150892 1.385215 -0.881382 0.788834 -4.074423 -2.959075 -1.358963 20.040445 1.597945 2.794189 2.28384 -1.750348 -3.489172 -3.728093 4.734387 -5.943217 -11.954608 7.7e-05 -2.2e-05 6e-06 -0.031916 0.124371 -0.032301 0.709392 -3.598835 -10.812082 -0.779761 3.85494 -10.825686 -7.906569 -7.69951 18.108393 -63.741627 -8.481947 2.339774 0.884126 -44.296204 -0.348748 9.741176 -1.634069 -11.815951 -5.882103 9.861284 0.702592 -10.936868 -0.360574 7.156203 -0.0 8.774823 -1e-06 -15.433765 18.033379 6.268229 -1.844031 2.498505 -2.507276 -10.163597 4.678944 4.621108 -20.976013 -2e-06 5e-06 -21.226273 2.4517 -3.593997 -0.0 -6e-06 -1e-06 -1.362681 2.240798 -0.746322 -21.334906 0.58491 3.008326 -13.821209 -0.0 3e-06 -23.887159 -0.249075 -0.839481 -59.867004 2.534347 -1.239333 -0.294025 1.679686 0.833256 -14.218204 0.093214 1.300582 -34.212036 -0.28756 0.967174 -20.033205 0.964539 1.212844 0.0 -0.0 0.0 -3.440388 0.788233 0.501656 -15.928181 -3.167308 2.999708 -6.338823 0.0 2e-06 -18.12344 3.648185 -4.905666 -4e-06 1e-06 -2e-06 6.89279 12.428775 18.219919 64.38073 16.164665 16.116907 -0.014494 39.274204 0.390643 -8.50455 3.603128 -1.960615 2.24354 -5.255033 -3.180155 14.282885 -0.826595 6.952503 -2e-06 -12.690598 0.0 16.455797 -17.700365 2.000375 1.665666 -1.955922 -2.878297 4.727798 -4.170584 4.993919 11.020521 2e-06 -1e-06 12.109047 -3.735715 -2.866783 -1e-06 0.0 2e-06 1.291985 -1.928548 -1.498088 14.800122 0.567469 3.865604 14.242565 -1.341737 -6.660656 19.63196 0.143926 -0.648242 49.239426 -0.490093 -6.693429 0.353028 -1.51115 -0.031941 20.222784 3.684306 2.316631 18.787264 4e-06 -1e-06 10.751622 -0.479869 1.397907 1e-06 2e-06 0.0 3.273806 0.305947 -0.580109 21.486803 11.830368 2.266137 8.162922 1e-06 1e-06 18.399075 -3.798983 -4.940572 3e-06 -1e-06 2e-06 2.248691 -7.369725 -23.706636 -0.023845 -0.155323 31.719641 -5.335969 -2.500249 -9.171464 1.705527 -2.008133 -0.565104 0.0 -0.0 2e-06 -10.074116 -11.762733 -18.716246 0.103442 0.15716 34.298473 11.985579 -7.755305 -17.361643 -1.430726 0.989835 0.934524 -0.0 -0.0 -1e-06 
0.0 0.0 0.0 0.0 -0.0 0.0 2.297921 96.37133 -6.805976 4.149817 11.306205 4.43464 -1.477338 -0.151112 1.976419 -0.837027 0.925028 -3.758214 -3.003367 -1.020119 20.239201 1.248461 2.879032 0.990261 -1.711764 -3.303664 -3.752502 5.229145 -5.965517 -12.320907 7.7e-05 -2.2e-05 6e-06 -0.026085 0.148566 -0.036549 0.715673 -3.584768 -10.831266 -0.774218 3.887667 -10.847268 -8.093833 -7.426629 17.985222 -65.254883 -8.153215 -0.021271 0.939164 -44.675457 -0.364501 12.67376 -2.029626 -14.276486 -5.8821 9.861276 0.70259 -10.936861 -0.360575 7.156198 0.0 8.774818 -1e-06 -15.333956 17.944424 6.180348 -1.844031 2.498501 -2.507275 -10.163589 4.67894 4.621104 -20.976 -3e-06 4e-06 -21.226265 2.451695 -3.593995 -1e-06 -5e-06 -0.0 -1.362679 2.240796 -0.746322 -21.33489 0.584909 3.008321 -13.821199 -1e-06 2e-06 -23.887142 -0.249078 -0.839481 -59.678459 2.49001 -1.227064 -0.294025 1.679685 0.833255 -14.218195 0.093215 1.300579 -34.212017 -0.287562 0.967172 -20.033192 0.964536 1.212842 -1e-06 -0.0 -1e-06 -3.440384 0.788233 0.501656 -15.92817 -3.167309 2.999705 -6.33882 -2e-06 2e-06 -18.123426 3.648181 -4.905664 -3e-06 -0.0 -2e-06 6.124901 13.070323 18.092348 64.501312 15.739159 14.535249 0.062031 40.024647 0.46695 -9.007419 3.961385 -3.207147 2.243539 -5.255032 -3.180157 14.28288 -0.826593 6.952499 -3e-06 -12.690593 -1e-06 16.377525 -17.658548 2.025006 1.665665 -1.95592 -2.878294 4.727795 -4.170583 4.993917 11.020516 3e-06 0.0 12.10904 -3.735712 -2.866782 -0.0 -0.0 2e-06 1.291984 -1.928547 -1.498088 14.800117 0.567468 3.865607 14.242559 -1.341736 -6.660651 19.631952 0.143925 -0.648241 49.143227 -0.500311 -6.663208 0.353028 -1.511149 -0.031941 20.222775 3.684307 2.316633 18.787256 5e-06 3e-06 10.751622 -0.479867 1.397904 3e-06 0.0 1e-06 3.273804 0.305946 -0.580111 21.486801 11.830365 2.266137 8.162919 1e-06 0.0 18.399069 -3.798982 -4.940569 3e-06 -0.0 1e-06 2.199433 -8.350356 -25.168028 -0.021463 -0.137569 34.570869 -5.06557 -2.425204 -10.163708 1.709201 -2.024123 -0.649542 0.0 0.0 2e-06 -10.576388 -10.779668 -20.62278 0.118253 0.202442 36.825592 12.246648 -7.601629 -17.970802 -1.422739 0.976013 1.056574 -0.0 -0.0 -1e-06 
0.0 0.0 0.0 0.0 -0.0 0.0 2.923142 95.687378 -7.681262 4.202163 9.012444 4.291343 -1.332523 -0.089258 2.504441 -0.809585 1.03382 -3.441524 -3.068684 -0.622627 20.620302 0.69954 3.029474 -0.489253 -1.65705 -3.140834 -3.780748 5.901402 -5.827381 -12.58798 7.7e-05 -2.3e-05 6e-06 -0.022376 0.145641 -0.059355 0.715414 -3.580379 -10.811176 -0.767871 3.876917 -10.830279 -8.716722 -7.118786 17.883797 -66.587158 -8.120979 -2.475755 0.900709 -45.328987 -0.30298 16.739124 -2.593293 -16.567425 -5.882097 9.861273 0.70259 -10.936856 -0.360575 7.156199 1e-06 8.774814 -1e-06 -15.473693 17.803534 6.019058 -1.84403 2.498501 -2.507274 -10.163584 4.678936 4.621104 -20.97599 -3e-06 5e-06 -21.226255 2.451693 -3.593992 1e-06 -5e-06 -0.0 -1.362679 2.240794 -0.746322 -21.334883 0.584908 3.008323 -13.821193 -2e-06 5e-06 -23.887129 -0.249076 -0.839477 -59.686558 2.547488 -1.089879 -0.294025 1.679686 0.833256 -14.218187 0.093215 1.300582 -34.212002 -0.28756 0.967175 -20.033188 0.964537 1.212845 1e-06 0.0 -1e-06 -3.440383 0.788233 0.501655 -15.928162 -3.167305 2.999707 -6.338816 -1e-06 3e-06 -18.123417 3.648179 -4.905659 -4e-06 2e-06 -2e-06 5.68562 13.621015 18.168291 64.131462 15.592178 11.968349 0.221251 39.701153 0.588988 -9.680263 3.714228 -4.571559 2.243537 -5.255031 -3.180156 14.282871 -0.826592 6.952496 -4e-06 -12.690588 -0.0 16.283831 -17.664021 2.166342 1.665664 -1.95592 -2.878296 4.727793 -4.170581 4.993919 11.020511 3e-06 1e-06 12.109035 -3.735709 -2.86678 -0.0 -0.0 1e-06 1.291983 -1.928547 -1.498088 14.800108 0.567469 3.865605 14.242549 -1.341732 -6.660649 19.631937 0.143927 -0.64824 49.180775 -0.515415 -6.582353 0.353029 -1.51115 -0.03194 20.222765 3.684306 2.316628 18.787249 4e-06 2e-06 10.751617 -0.479867 1.397904 0.0 1e-06 1e-06 3.273802 0.305946 -0.580109 21.486786 11.830359 2.266134 8.162915 1e-06 1e-06 18.399054 -3.798982 -4.940567 3e-06 -0.0 0.0 1.891437 -8.32963 -26.630146 -0.005627 -0.151638 37.621189 -4.783227 -2.150716 -11.63839 1.67851 -2.00379 -0.544497 0.0 0.0 2e-06 -11.160428 -9.457353 -22.950333 0.145732 0.209264 39.438667 12.2785 -7.002752 -18.189926 -1.422505 0.983532 1.247592 0.0 0.0 -1e-06 
0.0 0.0 0.0 0.0 -0.0 0.0 3.79652 94.947418 -8.59071 4.165443 5.759342 4.074914 -1.179711 0.008833 2.977992 -0.750989 1.146346 -3.129634 -3.210954 -0.377336 21.17592 0.095864 3.11381 -1.91133 -1.49103 -2.675054 -3.883074 6.537252 -5.553691 -12.797324 7.7e-05 -2.3e-05 6e-06 -0.021179 0.173236 -0.065499 0.718672 -3.546614 -10.805034 -0.769013 3.89742 -10.82873 -9.460851 -6.860079 17.838165 -67.487991 -8.624592 -4.109296 0.984628 -46.330647 -0.367534 20.855736 -3.500111 -18.430571 -5.882098 9.861275 0.702592 -10.936857 -0.360574 7.156198 1e-06 8.774816 -1e-06 -15.519033 17.704 5.877328 -1.844029 2.498503 -2.507276 -10.163588 4.678939 4.621106 -20.976 -6e-06 4e-06 -21.226259 2.451694 -3.593993 2e-06 -6e-06 -0.0 -1.362681 2.240796 -0.746322 -21.33489 0.584906 3.008322 -13.821198 -3e-06 3e-06 -23.887142 -0.249078 -0.83948 -59.674252 2.548376 -1.067243 -0.294024 1.679685 0.833256 -14.218191 0.093213 1.300581 -34.212013 -0.287563 0.967174 -20.03319 0.964536 1.212844 -0.0 0.0 0.0 -3.440385 0.788231 0.501655 -15.928168 -3.167307 2.999704 -6.338818 -2e-06 2e-06 -18.123425 3.64818 -4.905662 -3e-06 -0.0 -2e-06 5.618666 14.177028 18.552557 63.310242 15.704647 9.119712 0.255776 38.671455 0.628808 -10.35658 2.975129 -4.828318 2.243539 -5.255032 -3.180155 14.282877 -0.826594 6.952498 -1e-06 -12.690592 0.0 16.204451 -17.562136 2.361439 1.665665 -1.955919 -2.878295 4.727794 -4.170583 4.993922 11.020514 2e-06 1e-06 12.109039 -3.735713 -2.866778 -0.0 -0.0 -1e-06 1.291984 -1.928548 -1.498091 14.800115 0.567468 3.865604 14.242558 -1.341736 -6.660647 19.631947 0.143924 -0.648242 49.392971 -0.516282 -6.506716 0.353029 -1.511149 -0.03194 20.222771 3.684304 2.31663 18.787256 1e-06 2e-06 10.751617 -0.479869 1.397904 0.0 1e-06 -1e-06 3.273804 0.305946 -0.580107 21.48679 11.83036 2.266133 8.162921 3e-06 -1e-06 18.399069 -3.798985 -4.940573 2e-06 -0.0 -0.0 1.354572 -7.353666 -27.901611 -0.024364 -0.113907 40.446095 -4.232348 -1.049154 -13.032125 1.679261 -2.029734 -0.207288 -0.0 0.0 2e-06 -11.781091 -8.228124 -25.462223 0.206136 0.290873 41.753017 11.998338 -5.367302 -17.982143 -1.405942 0.970023 1.365495 -0.0 -0.0 -1e-06 
0.0 0.0 0.0 0.0 -0.0 0.0 4.953803 94.289505 -9.585582 3.917015 1.342113 3.910158 -1.011122 0.101083 3.422878 -0.694344 1.152229 -2.826087 -3.315748 -0.279472 21.748558 -0.504297 3.137005 -3.260191 -1.252006 -2.126046 -3.948314 7.077798 -5.078271 -12.892128 7.7e-05 -2.3e-05 6e-06 -0.018151 0.194849 -0.07194 0.723243 -3.515015 -10.796904 -0.768057 3.908153 -10.830433 -10.137677 -6.868449 17.810221 -67.88974 -9.661802 -4.918734 1.048146 -47.894115 -0.452932 25.269005 -4.81473 -19.271637 -5.882106 9.861281 0.70259 -10.93687 -0.360578 7.156204 0.0 8.774821 -2e-06 -15.507986 17.650164 5.777999 -1.844033 2.498505 -2.507277 -10.163598 4.678942 4.621109 -20.976021 -2e-06 1e-06 -21.226286 2.451694 -3.594 -1e-06 -7e-06 -0.0 -1.362682 2.240798 -0.746324 -21.334913 0.584909 3.008322 -13.821214 -4e-06 2e-06 -23.887173 -0.249079 -0.839484 -59.688915 2.580202 -1.052995 -0.294024 1.679686 0.833256 -14.218207 0.093215 1.30058 -34.212048 -0.287563 0.96717 -20.033211 0.964536 1.212843 -0.0 1e-06 -0.0 -3.440386 0.788233 0.501655 -15.928185 -3.167307 2.999708 -6.338826 0.0 1e-06 -18.123444 3.648181 -4.905669 -4e-06 1e-06 -2e-06 5.693369 14.57688 18.953497 62.350292 15.641381 6.707358 0.128638 38.192352 0.568179 -10.676871 2.196181 -4.161016 2.243539 -5.255033 -3.180158 14.282887 -0.826593 6.9525 -4e-06 -12.690601 1e-06 16.194836 -17.52002 2.526194 1.665666 -1.955922 -2.878297 4.727797 -4.170586 4.99392 11.020523 4e-06 -2e-06 12.10905 -3.735714 -2.866785 0.0 -0.0 -2e-06 1.291986 -1.928548 -1.498088 14.800125 0.567469 3.865604 14.242569 -1.341734 -6.660656 19.631966 0.143928 -0.648245 49.736282 -0.489114 -6.487542 0.353029 -1.511149 -0.03194 20.222786 3.684311 2.316628 18.78727 6e-06 -1e-06 10.751627 -0.479868 1.397905 1e-06 1e-06 0.0 3.273805 0.305948 -0.580113 21.486809 11.830372 2.266134 8.162925 3e-06 1e-06 18.399076 -3.798982 -4.940573 3e-06 -0.0 -1e-06 0.813022 -5.308655 -29.017696 -0.041583 -0.095854 42.917629 -3.801766 0.575342 -14.471537 1.681729 -2.061897 0.257915 0.0 -0.0 2e-06 -12.253473 -6.90623 -28.326252 0.304559 0.387069 43.522903 11.549554 -2.754488 -16.85886 -1.3921 0.931811 1.351296 -0.0 -0.0 -1e-06 
0.0 0.0 0.0 0.0 -0.0 0.0 6.35943 93.818222 -10.639011 3.55017 -4.068901 3.942154 -0.953007 0.073056 3.822119 -0.677819 1.031541 -2.527132 -3.376662 -0.385691 22.183105 -0.966403 3.030945 -4.397269 -0.96808 -1.423669 -4.005215 7.460524 -4.393843 -12.66855 7.7e-05 -2.3e-05 6e-06 -0.012262 0.189487 -0.081468 0.736805 -3.507965 -10.80753 -0.77001 3.887708 -10.851787 -10.28131 -7.384067 17.544947 -67.665253 -11.060681 -4.538068 1.26503 -50.272686 -0.679512 29.860241 -6.225829 -18.295053 -5.882107 9.861288 0.702589 -10.936869 -0.360575 7.1562 1e-06 8.774827 -1e-06 -15.447011 17.692263 5.73345 -1.844033 2.498504 -2.507278 -10.163599 4.678946 4.621105 -20.976023 -3e-06 -5e-06 -21.226286 2.451695 -3.594005 1e-06 -6e-06 -0.0 -1.362683 2.240798 -0.746324 -21.334911 0.584911 3.008316 -13.821213 -3e-06 -3e-06 -23.887167 -0.249083 -0.839489 -59.449749 2.552034 -1.014429 -0.294023 1.679686 0.833256 -14.218207 0.093216 1.300576 -34.212048 -0.287568 0.967161 -20.033211 0.964532 1.212841 0.0 0.0 -2e-06 -3.440388 0.788233 0.501654 -15.928183 -3.167309 2.999701 -6.338825 -0.0 -1e-06 -18.123444 3.648182 -4.905674 -3e-06 -1e-06 -2e-06 5.952631 14.776506 19.256109 61.293362 15.160512 4.958696 0.016036 39.119305 0.503517 -10.339731 1.718826 -2.90344 2.243541 -5.255036 -3.180155 14.282885 -0.826595 6.952496 -2e-06 -12.690603 -1e-06 16.205891 -17.622185 2.604688 1.665665 -1.955921 -2.878295 4.727796 -4.170588 4.993919 11.02052 3e-06 0.0 12.109046 -3.735715 -2.866783 -1e-06 -0.0 0.0 1.291985 -1.92855 -1.498088 14.800122 0.567467 3.865604 14.242566 -1.341736 -6.660653 19.631956 0.143928 -0.648244 50.141403 -0.421255 -6.513627 0.353029 -1.511151 -0.031939 20.222778 3.684309 2.316627 18.78726 6e-06 -1e-06 10.751622 -0.479867 1.397906 -2e-06 -1e-06 1e-06 3.273805 0.305947 -0.580111 21.486801 11.830374 2.266129 8.162922 2e-06 -2e-06 18.399069 -3.798985 -4.940575 1e-06 0.0 0.0 0.278435 -2.212454 -30.020597 -0.063022 -0.060057 44.750778 -3.669255 2.294741 -15.717295 1.682701 -2.116824 0.752841 -0.0 0.0 2e-06 -12.517711 -5.586914 -31.518391 0.444466 0.547219 44.461826 11.15649 0.684973 -14.719922 -1.382688 0.888399 1.037372 -0.0 0.0 -1e-06 
0.0 0.0 0.0 0.0 -0.0 0.0 7.928609 93.623627 -11.782566 3.059565 -10.439525 4.374543 -0.901731 -0.005045 4.171772 -0.725814 0.795649 -2.309783 -3.409225 -0.508252 22.313519 -1.483217 2.958289 -5.386795 -0.740623 -0.584143 -4.032672 7.871244 -3.638226 -11.996682 7.7e-05 -2.2e-05 6e-06 -0.009874 0.181288 -0.104133 0.744812 -3.511283 -10.867542 -0.773594 3.872168 -10.925864 -9.69923 -8.386492 16.886082 -66.452637 -12.583966 -3.01288 1.846883 -54.194374 -1.228449 34.250156 -7.537906 -14.412036 -5.882097 9.861277 0.70259 -10.936857 -0.360575 7.156199 -1e-06 8.774818 -2e-06 -15.408421 17.904846 5.891181 -1.84403 2.498503 -2.507275 -10.163588 4.67894 4.621105 -20.976 -5e-06 2e-06 -21.226257 2.451692 -3.593995 0.0 -8e-06 2e-06 -1.36268 2.240795 -0.746323 -21.334888 0.584909 3.008322 -13.821197 -3e-06 2e-06 -23.887142 -0.249079 -0.839482 -59.25375 2.517829 -1.018095 -0.294025 1.679688 0.833256 -14.21819 0.093213 1.300581 -34.212006 -0.287562 0.96717 -20.033192 0.964536 1.212845 0.0 -0.0 0.0 -3.440384 0.788229 0.501655 -15.928168 -3.167307 2.999704 -6.338819 1e-06 2e-06 -18.123423 3.64818 -4.905664 -3e-06 1e-06 -2e-06 6.459862 14.837825 19.46669 59.963268 14.338068 3.523939 0.096384 40.980797 0.480032 -9.706107 1.319724 -1.421452 2.243541 -5.255035 -3.180156 14.282885 -0.826597 6.952499 -1e-06 -12.690598 0.0 16.222044 -17.687212 2.622614 1.665665 -1.955919 -2.878298 4.727797 -4.170585 4.993922 11.02052 1e-06 -2e-06 12.109046 -3.735714 -2.866783 -1e-06 0.0 -0.0 1.291984 -1.928548 -1.498088 14.800122 0.567466 3.865605 14.242566 -1.341736 -6.660658 19.63196 0.143927 -0.648248 50.314594 -0.291484 -6.455277 0.353029 -1.511149 -0.031941 20.222784 3.684306 2.316628 18.787266 2e-06 -1e-06 10.751624 -0.479868 1.397905 -1e-06 -0.0 0.0 3.273805 0.305945 -0.58011 21.486801 11.830366 2.266131 8.162924 0.0 -2e-06 18.399076 -3.798986 -4.940576 2e-06 -0.0 0.0 -0.248797 2.064686 -31.095032 -0.072602 0.044059 45.856411 -3.828352 3.926455 -16.723595 1.677937 -2.196092 1.17945 0.0 0.0 2e-06 -12.194275 -4.439973 -35.163704 0.580202 0.823117 44.429649 10.759583 4.130604 -11.604197 -1.387547 0.87499 0.345054 0.0 0.0 -1e-06 
0.0 0.0 0.0 0.0 -0.0 0.0 9.618723 93.592865 -12.952527 2.497794 -17.695206 5.108131 -1.015673 -0.057212 4.408113 -0.723947 0.56012 -2.055033 -3.530744 -0.741017 22.116589 -1.758555 2.973636 -6.212609 -0.537913 0.574316 -4.005872 8.123748 -2.688066 -11.285324 7.7e-05 -2.1e-05 6e-06 -0.012119 0.182166 -0.122573 0.754677 -3.517938 -10.936026 -0.788637 3.880307 -11.008046 -7.98367 -9.618374 15.482598 -64.236313 -13.808423 -1.436886 2.791103 -60.306557 -2.184429 37.601967 -8.708225 -8.152314 -5.882107 9.861281 0.702589 -10.936872 -0.360575 7.156205 1e-06 8.774823 -2e-06 -15.494382 17.992346 6.01904 -1.844032 2.498503 -2.507278 -10.163601 4.678943 4.621107 -20.976023 -4e-06 5e-06 -21.226286 2.451698 -3.593997 -1e-06 -6e-06 -2e-06 -1.362682 2.240796 -0.746323 -21.334913 0.584906 3.008324 -13.821215 -5e-06 1e-06 -23.887173 -0.249078 -0.839479 -59.390537 2.59854 -0.943311 -0.294024 1.679686 0.833257 -14.21821 0.093216 1.300582 -34.212051 -0.287564 0.967171 -20.033211 0.964536 1.212844 1e-06 1e-06 0.0 -3.440389 0.788231 0.501655 -15.928185 -3.167311 2.999707 -6.338827 1e-06 -0.0 -18.123444 3.64818 -4.905669 -5e-06 -2e-06 -2e-06 6.955373 15.162927 19.396749 58.547562 13.099592 2.002808 0.489306 42.921925 0.564031 -8.785135 0.571644 0.976712 2.243539 -5.255035 -3.180155 14.282881 -0.826595 6.952495 -1e-06 -12.6906 -1e-06 16.276642 -17.826956 2.472504 1.665665 -1.955921 -2.878296 4.727796 -4.170586 4.993919 11.020519 2e-06 -2e-06 12.109046 -3.735714 -2.866786 1e-06 0.0 -1e-06 1.291986 -1.928548 -1.498089 14.800118 0.567468 3.865602 14.242564 -1.341736 -6.660657 19.631956 0.143927 -0.648247 50.478996 -0.308995 -6.624692 0.353028 -1.511151 -0.031939 20.222778 3.684308 2.316627 18.787258 4e-06 -5e-06 10.751619 -0.479867 1.397904 -1e-06 -0.0 0.0 3.273805 0.305947 -0.58011 21.486801 11.830369 2.266129 8.162921 1e-06 -1e-06 18.399071 -3.798982 -4.940575 2e-06 0.0 -1e-06 -0.898244 7.544425 -32.210659 -0.061615 0.101821 46.317265 -4.075821 5.489675 -17.053844 1.671451 -2.258509 1.62482 0.0 -0.0 2e-06 -10.717397 -4.454991 -38.975956 0.765898 1.08427 43.43441 9.889555 7.25851 -7.633819 -1.40398 0.839777 -0.446488 -0.0 -0.0 -1e-06 
0.0 0.0 0.0 0.0 -0.0 0.0 11.288918 93.681343 -13.976063 1.764784 -25.705124 5.795075 -1.159489 -0.07619 4.559485 -0.761355 0.337591 -2.023515 -3.606894 -0.604594 21.83239 -1.854169 2.809616 -6.71829 -0.248267 1.941197 -3.918858 8.366455 -1.644688 -10.343018 7.7e-05 -2.1e-05 6e-06 -0.015746 0.161491 -0.150867 0.751386 -3.549345 -10.958599 -0.79264 3.866546 -11.048244 -5.622974 -11.023439 14.033692 -60.954159 -14.558311 -1.727579 4.711076 -68.47599 -4.340678 38.153957 -9.068751 -0.561117 -5.882102 9.861279 0.702589 -10.936865 -0.360574 7.156202 1e-06 8.774819 0.0 -15.584571 17.991234 6.102874 -1.84403 2.498504 -2.507277 -10.163595 4.678941 4.621109 -20.976015 -4e-06 2e-06 -21.226276 2.451695 -3.593998 0.0 -3e-06 -0.0 -1.36268 2.240796 -0.746325 -21.3349 0.58491 3.008323 -13.821205 -3e-06 3e-06 -23.887157 -0.249079 -0.83948 -59.388775 2.7932 -1.007276 -0.294024 1.679687 0.833256 -14.218199 0.093212 1.30058 -34.212036 -0.287563 0.967174 -20.033203 0.964536 1.212845 -1e-06 -1e-06 -1e-06 -3.440387 0.788232 0.501655 -15.928177 -3.167308 2.999707 -6.338821 -0.0 2e-06 -18.123436 3.64818 -4.905666 -4e-06 2e-06 -3e-06 7.398431 15.16248 19.367361 56.939545 11.933274 0.289797 1.158189 44.7831 0.703677 -7.827681 -0.758049 4.311994 2.243541 -5.255035 -3.180156 14.282885 -0.826595 6.952499 -2e-06 -12.690601 0.0 16.183819 -17.89205 2.53055 1.665665 -1.955921 -2.878298 4.727797 -4.170586 4.993922 11.020522 3e-06 -0.0 12.109046 -3.735714 -2.866783 -0.0 0.0 0.0 1.291985 -1.928548 -1.498088 14.800123 0.567468 3.865605 14.242566 -1.341736 -6.660655 19.63196 0.143926 -0.648245 50.669643 -0.402181 -6.579795 0.353028 -1.51115 -0.031939 20.222784 3.684309 2.316629 18.787266 4e-06 -0.0 10.751622 -0.479868 1.397906 1e-06 -0.0 -0.0 3.273806 0.305947 -0.58011 21.486803 11.830369 2.266133 8.162926 3e-06 1e-06 18.399076 -3.798984 -4.940572 2e-06 -0.0 -0.0 -1.421572 14.150566 -33.017471 -0.041326 0.232203 46.495312 -4.439841 6.815741 -17.105207 1.676699 -2.224126 1.760321 0.0 -0.0 2e-06 -7.211727 -6.087074 -42.052288 0.788861 1.007117 42.070946 7.955559 9.079734 -6.204167 -1.412418 0.768166 -0.451523 -0.0 -0.0 -1e-06 
0.0 0.0 0.0 0.0 -0.0 0.0 12.827134 93.833679 -14.657499 1.339148 -34.171299 5.643085 -1.461031 -0.128559 4.760617 -0.844014 0.258273 -2.096151 -3.9698 -0.43134 21.222534 -1.720679 2.689507 -6.351329 0.198898 3.208566 -3.753633 8.542416 -0.525884 -9.422628 7.7e-05 -2.4e-05 6e-06 -0.018783 0.152753 -0.154592 0.755734 -3.567446 -10.910702 -0.803663 3.862761 -11.004549 -2.950034 -12.058267 13.01182 -57.373562 -14.52024 -4.672109 7.626811 -77.15451 -7.484808 36.730984 -8.956902 6.261886 -5.882102 9.861278 0.702588 -10.936865 -0.360577 7.156202 2e-06 8.774819 -1e-06 -15.525527 17.908831 6.266216 -1.844031 2.498503 -2.507276 -10.163595 4.67894 4.621107 -20.976013 -6e-06 5e-06 -21.226273 2.451692 -3.593995 0.0 -7e-06 0.0 -1.362681 2.240796 -0.746322 -21.334904 0.584905 3.008323 -13.821209 -1e-06 4e-06 -23.887161 -0.249082 -0.839479 -59.206238 2.802834 -0.788269 -0.294024 1.679686 0.833256 -14.2182 0.093213 1.300579 -34.212032 -0.287568 0.967173 -20.033203 0.964534 1.212845 0.0 0.0 0.0 -3.440386 0.788232 0.501656 -15.928179 -3.16731 2.999704 -6.338825 -0.0 1e-06 -18.123438 3.648177 -4.905666 -3e-06 2e-06 -2e-06 7.352362 14.872505 19.381636 56.091572 10.645976 -0.901836 1.018292 47.551018 0.319847 -7.16534 -2.526028 7.060774 2.24354 -5.255034 -3.180155 14.282882 -0.826594 6.952498 -3e-06 -12.690598 1e-06 16.002356 -17.895529 2.739328 1.665665 -1.955921 -2.878298 4.727797 -4.170585 4.993921 11.020518 3e-06 -1e-06 12.109043 -3.735714 -2.866783 0.0 -0.0 0.0 1.291985 -1.928548 -1.498088 14.800118 0.567468 3.865606 14.242562 -1.341735 -6.660653 19.631952 0.143927 -0.648244 51.038216 -0.560876 -6.46318 0.353029 -1.51115 -0.03194 20.222778 3.684308 2.316629 18.787264 4e-06 -0.0 10.751621 -0.479868 1.397905 1e-06 -0.0 -0.0 3.273804 0.305947 -0.580112 21.486801 11.830368 2.266131 8.162922 2e-06 -0.0 18.399075 -3.798983 -4.940573 3e-06 -1e-06 -1e-06 -1.87232 20.812351 -32.558834 -0.045587 0.31109 46.475498 -5.112278 8.342175 -17.287073 1.677053 -2.153213 1.430256 0.0 -0.0 2e-06 -2.46529 -9.53921 -43.43301 0.527221 0.50335 43.055294 5.238204 8.22536 -7.755442 -1.465105 0.679573 -0.522353 0.0 0.0 -1e-06 
0.0 0.0 0.0 0.0 -0.0 0.0 14.085847 93.971878 -14.880284 1.481552 -42.975418 4.384461 -1.805609 -0.178848 4.947972 -0.979569 0.172565 -2.249195 -4.491424 -0.371633 20.230791 -1.529044 2.602062 -5.057714 0.680507 4.320098 -3.553372 8.615672 0.386784 -8.721162 7.7e-05 -2.2e-05 6e-06 -0.018858 0.136601 -0.112383 0.770231 -3.583388 -10.794171 -0.819647 3.845728 -10.876617 -0.54437 -12.54182 12.424111 -54.446308 -13.65177 -8.46577 17.539099 -84.511307 -17.549547 34.706558 -8.442953 11.837997 -5.882099 9.861275 0.70259 -10.936859 -0.360578 7.1562 -0.0 8.774818 -2e-06 -15.47956 17.740753 6.530333 -1.84403 2.498503 -2.507277 -10.163587 4.678938 4.621107 -20.976004 -7e-06 1e-06 -21.226263 2.451691 -3.593997 0.0 -5e-06 -1e-06 -1.36268 2.240798 -0.746322 -21.33489 0.584906 3.008321 -13.821197 -4e-06 1e-06 -23.887146 -0.249077 -0.839482 -59.037064 2.562147 -0.641927 -0.294024 1.679686 0.833254 -14.218193 0.093213 1.300581 -34.212013 -0.287566 0.967171 -20.033192 0.964533 1.212844 -0.0 1e-06 -0.0 -3.440387 0.788233 0.501656 -15.928168 -3.167308 2.999706 -6.33882 -1e-06 1e-06 -18.123425 3.648179 -4.905665 -3e-06 3e-06 -1e-06 6.469735 14.09654 19.238344 56.53672 9.087442 -1.603366 0.256384 52.469608 -0.304356 -7.041379 -4.24993 8.526269 2.243539 -5.255032 -3.180154 14.282879 -0.826591 6.952497 -3e-06 -12.690592 -1e-06 16.030834 -17.744194 2.899274 1.665665 -1.95592 -2.878295 4.727795 -4.170582 4.993919 11.020517 4e-06 1e-06 12.10904 -3.735711 -2.866779 -0.0 0.0 0.0 1.291983 -1.928547 -1.498087 14.800115 0.56747 3.865606 14.242558 -1.341735 -6.660648 19.631948 0.143925 -0.64824 51.543369 -0.632714 -6.287303 0.353028 -1.511149 -0.03194 20.222773 3.684308 2.316632 18.787256 5e-06 3e-06 10.751619 -0.479868 1.397907 1e-06 -0.0 0.0 3.273804 0.305947 -0.58011 21.486795 11.830363 2.266135 8.16292 1e-06 1e-06 18.399063 -3.798982 -4.940568 3e-06 0.0 -1e-06 -1.93317 26.917938 -30.433502 -0.052041 0.355695 45.97155 -6.119422 10.080271 -17.684166 1.680835 -2.100811 0.898952 -0.0 0.0 2e-06 1.315513 -14.109262 -42.683025 0.153068 -0.072191 47.014183 1.889186 4.220102 -9.53667 -1.51897 0.665265 -0.750796 0.0 -1e-06 -1e-06 
0.0 0.0 0.0 0.0 -0.0 0.0 14.870871 94.275368 -14.729924 2.120305 -52.162041 2.381126 -2.053868 -0.153556 4.934003 -1.077242 0.059351 -2.539335 -4.883592 -0.579823 18.824877 -1.358182 2.645865 -3.085028 1.103395 4.900595 -3.361706 8.535513 0.994795 -8.155813 7.7e-05 -2.3e-05 6e-06 -0.027471 0.147696 -0.045154 0.784565 -3.560421 -10.647354 -0.852761 3.847586 -10.699385 1.291875 -12.552372 11.860701 -52.79797 -11.950787 -10.818734 80.131851 -88.050964 -80.049202 32.423286 -7.184468 15.729542 -5.882104 9.861283 0.702588 -10.936867 -0.360574 7.156208 1e-06 8.774824 -2e-06 -15.387568 17.637377 6.921371 -1.84403 2.498504 -2.507277 -10.163595 4.678942 4.62111 -20.976015 -1e-06 2e-06 -21.22628 2.451698 -3.594 0.0 -7e-06 0.0 -1.362681 2.240797 -0.746322 -21.334906 0.584908 3.008325 -13.821208 -2e-06 2e-06 -23.887159 -0.249074 -0.839484 -59.33567 2.279299 -0.620166 -0.294026 1.679686 0.833255 -14.218203 0.093215 1.300583 -34.212036 -0.287558 0.967171 -20.033209 0.964539 1.212843 -1e-06 1e-06 1e-06 -3.440389 0.788232 0.501655 -15.928181 -3.167309 2.999709 -6.338824 0.0 2e-06 -18.123442 3.648185 -4.905668 -3e-06 0.0 -0.0 4.831433 12.954098 18.861814 58.293964 7.178285 -1.573475 -0.761916 59.231621 -0.878751 -7.795621 -5.573783 8.869478 2.243541 -5.255036 -3.180155 14.282887 -0.826595 6.952501 -2e-06 -12.690601 -0.0 16.37714 -17.524805 2.947245 1.665665 -1.955921 -2.878297 4.727797 -4.170586 4.993922 11.020522 2e-06 0.0 12.109047 -3.735716 -2.866781 0.0 0.0 0.0 1.291984 -1.928548 -1.498088 14.800122 0.567467 3.865608 14.242566 -1.341738 -6.660654 19.63196 0.143924 -0.648243 51.928791 -0.654022 -6.188191 0.353029 -1.51115 -0.031939 20.222786 3.684308 2.316631 18.78727 3e-06 -0.0 10.751625 -0.479869 1.397905 0.0 -0.0 0.0 3.273804 0.305948 -0.580111 21.486803 11.830369 2.266133 8.162923 1e-06 0.0 18.399075 -3.798986 -4.940573 1e-06 -1e-06 -0.0 -1.283597 32.333694 -26.713926 -0.065564 0.364783 44.444359 -7.666368 12.354649 -18.051027 1.681073 -2.044873 0.367567 0.0 -0.0 2e-06 2.632242 -19.334309 -39.851398 -0.088998 -0.459721 51.699558 -0.781655 -2.553608 -11.840608 -1.517954 0.725745 -1.377627 -0.0 -0.0 -1e-06 
0.0 0.0 0.0 0.0 -0.0 0.0 14.960665 94.938324 -14.490726 2.773129 -61.517563 0.558474 -2.113402 -0.154223 4.593918 -1.015621 -0.317869 -2.958865 -4.893605 -0.866129 17.079006 -0.949395 2.664167 -1.045173 1.239892 4.898124 -3.229471 8.439485 1.032763 -7.607423 7.7e-05 -2.4e-05 6e-06 -0.035726 0.178437 0.00772 0.80985 -3.532027 -10.529771 -0.895653 3.886507 -10.548517 2.436088 -12.354861 11.415486 -52.408825 -9.477215 -11.837277 129.53154 -87.43998 -129.231949 30.059025 -5.323337 17.882345 -5.882104 9.861281 0.702591 -10.936867 -0.360576 7.156204 1e-06 8.774821 3e-06 -15.564908 17.805037 7.024862 -1.84403 2.498505 -2.507275 -10.163597 4.678944 4.621107 -20.976017 -2e-06 4e-06 -21.226276 2.451696 -3.593999 1e-06 -7e-06 -1e-06 -1.362681 2.240797 -0.746323 -21.334906 0.584909 3.008326 -13.82121 -1e-06 4e-06 -23.887159 -0.249078 -0.83948 -60.098228 2.177303 -0.820218 -0.294026 1.679688 0.833256 -14.218203 0.093216 1.300583 -34.212036 -0.287561 0.967173 -20.033207 0.964539 1.212841 -1e-06 1e-06 2e-06 -3.440385 0.788233 0.501656 -15.928181 -3.167308 2.999707 -6.338825 -3e-06 0.0 -18.123444 3.648184 -4.905668 -4e-06 1e-06 -1e-06 3.135264 11.88557 18.427122 60.489254 5.024411 -1.401618 -0.712316 66.065491 -0.61055 -9.357892 -5.942944 8.668388 2.24354 -5.255033 -3.180157 14.282881 -0.826591 6.952498 -2e-06 -12.690595 1e-06 16.59663 -17.458126 2.937055 1.665667 -1.955921 -2.878298 4.727797 -4.170584 4.993919 11.020517 4e-06 -1e-06 12.109043 -3.735713 -2.866781 -0.0 -0.0 -1e-06 1.291986 -1.928549 -1.498088 14.800118 0.567469 3.865605 14.24256 -1.341734 -6.660651 19.631954 0.143926 -0.648242 51.48111 -0.677721 -6.345881 0.353029 -1.511149 -0.03194 20.22278 3.684309 2.316629 18.787262 6e-06 1e-06 10.751621 -0.479867 1.397906 -0.0 -1e-06 1e-06 3.273806 0.305947 -0.580111 21.486799 11.830368 2.266131 8.162921 2e-06 -0.0 18.399069 -3.798981 -4.94057 3e-06 -1e-06 -0.0 0.314159 36.202747 -22.035921 -0.083516 0.389427 41.726315 -9.890372 15.744889 -18.046732 1.700846 -1.958144 -0.010451 -0.0 -0.0 2e-06 1.725055 -24.352127 -35.663368 -0.059953 -0.529762 54.371822 -1.010931 -10.037995 -13.976297 -1.504709 0.85914 -2.147172 -0.0 -0.0 -1e-06 
0.0 0.0 0.0 0.0 -0.0 0.0 14.303835 96.024933 -14.447634 2.895096 -70.893913 -0.624279 -1.903651 -0.109705 3.99385 -0.904426 -0.657625 -3.279232 -4.583053 -1.186733 15.371404 0.227152 2.37786 1.050289 0.995738 3.970864 -3.211226 8.342374 0.036327 -7.193527 7.7e-05 -2.3e-05 6e-06 -0.025117 0.15537 0.033576 0.836434 -3.526677 -10.343826 -0.90322 3.838907 -10.315304 2.879969 -11.931527 11.795705 -52.602222 -7.113277 -12.031163 124.372215 -87.836708 -123.737732 27.776491 -3.237569 18.794518 -5.882105 9.861281 0.702591 -10.936866 -0.360575 7.156202 -1e-06 8.774822 1e-06 -15.68345 18.106441 7.027356 -1.844031 2.498505 -2.507275 -10.163591 4.678945 4.621109 -20.976013 -1e-06 3e-06 -21.226273 2.451698 -3.594 0.0 -8e-06 1e-06 -1.362682 2.240797 -0.746322 -21.334904 0.584912 3.008322 -13.821206 -1e-06 1e-06 -23.887157 -0.249076 -0.839483 -60.582851 2.258685 -0.997776 -0.294025 1.679686 0.833256 -14.218202 0.093216 1.300579 -34.212032 -0.287558 0.96717 -20.033205 0.96454 1.212841 -2e-06 2e-06 -1e-06 -3.440387 0.788233 0.501656 -15.928179 -3.167307 2.999705 -6.338823 -1e-06 0.0 -18.123438 3.648183 -4.905667 -6e-06 1e-06 -1e-06 2.013388 10.456149 18.109404 62.585312 3.371541 -0.443791 -0.479276 71.163811 0.084181 -11.537266 -6.165171 7.332732 2.24354 -5.255032 -3.180154 14.282872 -0.826594 6.952494 0.0 -12.690596 -2e-06 16.543863 -17.529625 2.847248 1.665664 -1.955919 -2.878296 4.727793 -4.170585 4.99392 11.020513 1e-06 -2e-06 12.109038 -3.735716 -2.866782 -0.0 0.0 1e-06 1.291983 -1.928548 -1.498087 14.80011 0.567467 3.865603 14.242557 -1.341737 -6.660653 19.631945 0.143925 -0.648247 50.60294 -0.321114 -6.373683 0.35303 -1.51115 -0.03194 20.222769 3.684304 2.316629 18.787251 2e-06 -3e-06 10.751616 -0.479871 1.397904 -0.0 -1e-06 0.0 3.273802 0.305946 -0.580108 21.486788 11.830359 2.266128 8.162919 1e-06 2e-06 18.399063 -3.798985 -4.940573 4e-06 -1e-06 -2e-06 3.388885 37.414146 -16.69949 -0.043492 0.418368 39.029671 -12.686728 19.403439 -16.431316 1.720099 -1.906656 -1.347632 -0.0 -0.0 2e-06 -0.489025 -28.279232 -30.289209 -0.023397 -0.370738 52.963936 -0.311179 -18.06905 -15.146257 -1.484826 1.043161 -2.373923 0.0 0.0 -1e-06 
0.0 0.0 0.0 0.0 -0.0 0.0 13.051787 97.42585 -14.765255 2.677503 -80.840454 -1.433112 -1.571662 0.003031 3.321642 -0.82989 -0.903893 -3.52195 -4.196187 -1.356437 13.924338 2.035857 1.687305 3.283813 0.397911 2.500238 -3.192116 8.319342 -1.915083 -6.359808 7.7e-05 -2.3e-05 6e-06 -0.012291 0.109334 0.067398 0.825014 -3.56342 -10.223727 -0.86678 3.785125 -10.171736 2.22986 -10.798413 12.779524 -52.74514 -4.734036 -11.849464 55.683422 -88.279213 -54.898575 25.976049 -1.536999 18.67733 -5.882104 9.861278 0.702591 -10.936865 -0.360573 7.156201 -0.0 8.774819 -3e-06 -15.735791 18.240824 6.908288 -1.844032 2.498503 -2.507277 -10.163594 4.678942 4.621106 -20.976013 -1e-06 2e-06 -21.226273 2.451696 -3.593997 1e-06 -7e-06 -1e-06 -1.362681 2.240797 -0.746323 -21.3349 0.584912 3.008322 -13.821207 -1e-06 0.0 -23.887156 -0.249076 -0.839486 -60.441238 2.285969 -1.128422 -0.294025 1.679685 0.833254 -14.218202 0.093215 1.300581 -34.212032 -0.287561 0.967172 -20.033199 0.964539 1.212843 -2e-06 1e-06 1e-06 -3.440386 0.788234 0.501657 -15.928176 -3.167306 2.999706 -6.338823 -1e-06 2e-06 -18.123436 3.64818 -4.90567 -5e-06 1e-06 -3e-06 1.811153 9.133497 18.308771 63.967842 2.704618 0.455209 0.932609 73.58744 1.4462 -12.740522 -6.080219 6.075005 2.24354 -5.255033 -3.180158 14.282883 -0.826595 6.952501 -2e-06 -12.690595 -1e-06 16.288385 -17.599039 2.803266 1.665664 -1.955919 -2.878299 4.727796 -4.170584 4.99392 11.020519 3e-06 -2e-06 12.109043 -3.735713 -2.866783 -0.0 0.0 1e-06 1.291983 -1.928547 -1.498087 14.800118 0.567467 3.865604 14.242561 -1.341737 -6.660655 19.631952 0.143927 -0.648243 50.090252 -0.243588 -6.253456 0.353029 -1.511149 -0.031939 20.222778 3.684305 2.316629 18.787264 4e-06 -0.0 10.751622 -0.479869 1.397906 -0.0 -0.0 -1e-06 3.273803 0.305947 -0.58011 21.486801 11.830366 2.266134 8.162919 1e-06 -2e-06 18.399071 -3.798985 -4.940573 3e-06 -1e-06 -2e-06 7.033024 34.48893 -11.086534 -0.110442 0.17358 36.976406 -14.576841 24.024786 -12.33588 1.802008 -2.02832 -4.082979 -0.0 -1e-06 2e-06 -3.051885 -31.358242 -24.206829 0.087288 -0.003704 46.940552 -1.363787 -26.396486 -13.940065 -1.4329 1.205175 -2.359814 0.0 0.0 -1e-06 
0.0 0.0 0.0 0.0 -0.0 0.0 11.470674 98.948875 -15.559114 170.767883 -87.908188 -170.312561 -1.357142 0.023454 2.361243 -0.888529 -0.60799 -3.831919 -3.995034 -1.322362 13.008689 3.904421 0.843719 5.718667 -0.314151 0.531394 -3.250963 8.17461 -3.90611 -4.901686 7.7e-05 -2.2e-05 6e-06 0.001374 0.01331 0.074539 0.747474 -3.700063 -10.276557 -0.761699 3.730315 -10.238925 -0.185058 -8.793301 13.839195 -51.724937 -1.667299 -10.633968 15.709524 -84.875931 -14.86554 24.287207 0.08129 17.805229 -5.882102 9.861278 0.702589 -10.936863 -0.360573 7.156202 0.0 8.774819 0.0 -15.821073 18.335484 6.999135 -1.844031 2.498503 -2.507277 -10.163592 4.678943 4.621109 -20.976009 -2e-06 -4e-06 -21.226273 2.451694 -3.594002 1e-06 -6e-06 -1e-06 -1.36268 2.240796 -0.746323 -21.3349 0.584911 3.008322 -13.821205 -1e-06 -1e-06 -23.887157 -0.249079 -0.839489 -60.213158 2.435724 -1.078384 -0.294025 1.679686 0.833255 -14.218199 0.093216 1.300579 -34.212025 -0.287565 0.967162 -20.033201 0.964536 1.21284 1e-06 1e-06 -1e-06 -3.440385 0.788234 0.501654 -15.928172 -3.167306 2.999703 -6.338822 -1e-06 1e-06 -18.123436 3.648181 -4.905672 -5e-06 2e-06 -2e-06 2.730724 8.487746 19.254976 63.509121 3.66253 2.019367 1.171684 73.088631 1.468513 -12.183521 -6.538104 5.611097 2.243539 -5.255032 -3.18016 14.28288 -0.826593 6.952497 -6e-06 -12.690595 2e-06 16.194708 -17.702269 2.785064 1.665666 -1.955916 -2.8783 4.727794 -4.170582 4.993923 11.02052 7e-06 -4e-06 12.109043 -3.735707 -2.866782 -1e-06 1e-06 -0.0 1.291985 -1.928547 -1.49809 14.800122 0.567472 3.865602 14.242562 -1.341728 -6.660659 19.631954 0.143932 -0.648244 50.159561 -0.467651 -6.146977 0.353029 -1.51115 -0.031941 20.222776 3.684314 2.316628 18.787256 9e-06 -1e-06 10.75162 -0.479865 1.397906 -1e-06 -0.0 -2e-06 3.273804 0.305946 -0.58011 21.486801 11.830368 2.266128 8.162921 1e-06 0.0 18.399071 -3.798979 -4.940567 3e-06 -1e-06 -1e-06 8.88922 26.915466 -6.224248 -0.207836 -0.031622 35.569363 -9.380656 29.917059 -3.62443 1.986955 -2.257796 -5.889462 -0.0 3e-06 2e-06 -5.675047 -32.629776 -18.481276 0.09742 0.268239 38.034595 -3.415964 -30.544146 -9.201836 -1.429881 1.258892 -2.443343 0.0 0.0 -1e-06 
0.0 0.0 0.0 0.0 -0.0 0.0 10.036852 99.960075 -16.712818 177.859055 -75.0317 -177.563416 -1.356444 0.246943 1.391006 -0.927631 0.227429 -4.285193 -3.858859 -1.148018 12.685746 5.562518 0.156289 7.378215 -1.060781 -1.114283 -3.365598 7.805336 -5.448912 -3.044707 7.8e-05 -2.5e-05 6e-06 -0.00526 0.021506 0.010302 0.638273 -3.760395 -10.499731 -0.665674 3.813555 -10.512323 -3.832525 -6.184354 14.938263 -49.238163 1.706014 -9.465859 6.283688 -80.4869 -5.561484 22.178057 1.570654 16.957655 -5.882094 9.861273 0.702589 -10.936849 -0.360573 7.156191 1e-06 8.774813 -2e-06 -16.417774 18.503956 6.972763 -1.844028 2.4985 -2.507277 -10.163577 4.678937 4.621099 -20.975985 -2e-06 -1e-06 -21.226244 2.451692 -3.593998 0.0 -6e-06 -1e-06 -1.362679 2.240795 -0.746322 -21.334869 0.584911 3.008314 -13.821185 -2e-06 -1e-06 -23.887121 -0.249079 -0.839486 -60.175587 2.767328 -0.89756 -0.294025 1.679685 0.833254 -14.218179 0.093216 1.300577 -34.211979 -0.287564 0.967162 -20.033171 0.964533 1.212839 -0.0 1e-06 -0.0 -3.440382 0.788232 0.501656 -15.928153 -3.167303 2.999703 -6.338814 -0.0 1e-06 -18.123413 3.648179 -4.905665 -6e-06 -0.0 -2e-06 4.672175 8.877493 19.708307 60.989807 5.346711 4.022069 -0.484221 71.145309 -0.321276 -11.103702 -7.320212 6.659431 2.243539 -5.255031 -3.180153 14.282873 -0.826595 6.952495 -1e-06 -12.690589 2e-06 16.445845 -17.816877 2.702205 1.665664 -1.955917 -2.878293 4.727793 -4.170583 4.993917 11.020512 1e-06 3e-06 12.109035 -3.735712 -2.866779 0.0 -1e-06 -0.0 1.291984 -1.928546 -1.498087 14.800107 0.567464 3.865604 14.242552 -1.341736 -6.660647 19.631937 0.143922 -0.648243 50.395672 -0.705912 -6.12531 0.353028 -1.511149 -0.031941 20.222765 3.684302 2.316627 18.787249 3e-06 1e-06 10.751615 -0.479869 1.397904 -2e-06 -0.0 -1e-06 3.273803 0.305946 -0.58011 21.486786 11.830358 2.266129 8.162917 -1e-06 -0.0 18.399057 -3.798981 -4.940569 3e-06 -0.0 -1e-06 8.104278 16.6017 -4.166187 -0.251172 -0.499188 37.905418 6.716964 31.548088 11.293576 2.075283 -2.345824 -3.227367 -0.0 0.0 1e-06 -6.967259 -31.567608 -15.588628 0.024345 0.164344 29.920795 -3.952121 -30.021454 -2.366973 -1.507275 1.215674 -2.350881 0.0 0.0 -1e-06 
0.0 0.0 0.0 0.0 -0.0 0.0 8.770253 99.825882 -18.252649 178.074432 -62.392338 -177.754013 -1.467972 0.714396 1.314752 -0.977368 0.948938 -4.57392 -3.769783 -0.92983 12.607295 6.747764 -0.19291 7.717439 -1.470704 -2.57126 -3.44247 7.179706 -6.283747 -2.34053 7.7e-05 -2.1e-05 6e-06 0.004456 0.053725 -0.080548 0.60347 -3.729164 -10.677347 -0.609911 3.856269 -10.72574 -6.686074 -4.308309 16.01659 -47.523678 5.064084 -8.875702 2.674968 -76.880653 -1.665564 20.214254 1.508566 15.588763 -5.882106 9.861283 0.70259 -10.936869 -0.360575 7.156204 -2e-06 8.774822 -1e-06 -16.715908 18.228491 6.923202 -1.844034 2.498504 -2.507277 -10.163599 4.678943 4.621107 -20.976021 -5e-06 4e-06 -21.226284 2.451695 -3.594 -0.0 -6e-06 0.0 -1.362682 2.240798 -0.746323 -21.334913 0.584909 3.008323 -13.821214 -1e-06 4e-06 -23.887167 -0.24908 -0.839482 -60.553875 2.866746 -0.460055 -0.294025 1.679687 0.833255 -14.218206 0.093214 1.300579 -34.212036 -0.287564 0.967171 -20.033207 0.964535 1.212842 0.0 -0.0 0.0 -3.440389 0.788234 0.501657 -15.928185 -3.167308 2.999707 -6.338826 -2e-06 1e-06 -18.123444 3.64818 -4.905669 -4e-06 -0.0 -3e-06 6.044894 9.757409 19.493267 58.437603 7.555099 5.351778 -1.063346 69.242508 -0.971159 -10.825026 -7.4743 9.004045 2.24354 -5.255034 -3.180154 14.282887 -0.826596 6.9525 -2e-06 -12.690601 0.0 16.637905 -17.800089 2.613031 1.665665 -1.955919 -2.878298 4.727798 -4.170588 4.993923 11.020522 3e-06 0.0 12.10905 -3.735717 -2.866783 -0.0 -0.0 -1e-06 1.291986 -1.92855 -1.498089 14.800123 0.567464 3.865608 14.242568 -1.341738 -6.660655 19.631962 0.143924 -0.648245 50.372623 -0.726163 -6.07346 0.353028 -1.511151 -0.031939 20.222784 3.684308 2.31663 18.78727 4e-06 -1e-06 10.751625 -0.479869 1.397904 -1e-06 1e-06 -2e-06 3.273806 0.305944 -0.58011 21.486803 11.83037 2.266132 8.162926 0.0 1e-06 18.399076 -3.798988 -4.940575 3e-06 2e-06 0.0 6.502244 8.870475 -4.94304 -0.142878 -0.738808 46.512806 5.184897 26.010555 10.211254 1.923904 -2.134981 -2.329026 1e-06 -0.0 1e-06 -6.784552 -30.988436 -16.178732 -0.018301 -0.344729 27.026342 1.72097 -23.987621 -2.25619 -1.519104 1.052914 -2.641804 0.0 0.0 -1e-06 
0.0 0.0 0.0 0.0 -0.0 0.0 7.971909 98.397156 -19.554831 177.696075 -51.062817 -177.471222 -1.683354 1.070422 2.353873 -1.10252 1.358195 -4.442414 -3.881992 -0.534368 12.500578 7.219947 -0.190444 6.845761 -1.537839 -3.751471 -3.47374 6.69825 -6.283766 -3.550505 7.7e-05 -2.1e-05 6e-06 0.015126 -0.006596 -0.113565 0.638853 -3.751283 -10.764502 -0.621095 3.761039 -10.80714 -7.384271 -3.254838 16.414238 -47.822445 7.505081 -6.852464 3.04119 -73.331726 -1.543321 19.256235 0.09707 14.621294 -5.882106 9.861284 0.702592 -10.936873 -0.360573 7.156205 1e-06 8.774824 -0.0 -16.863892 17.963114 6.701458 -1.844033 2.498504 -2.507276 -10.163601 4.678946 4.621109 -20.976023 -0.0 4e-06 -21.226286 2.4517 -3.593999 0.0 -5e-06 -0.0 -1.362681 2.240798 -0.746322 -21.334915 0.584913 3.008326 -13.821218 -0.0 2e-06 -23.887175 -0.249076 -0.839482 -61.041313 2.905444 -0.2521 -0.294026 1.679687 0.833256 -14.218208 0.093216 1.300583 -34.212048 -0.28756 0.967174 -20.033213 0.964539 1.212844 -0.0 1e-06 0.0 -3.440387 0.788234 0.501656 -15.928185 -3.167307 2.999708 -6.338825 -0.0 1e-06 -18.123444 3.648186 -4.905668 -4e-06 -0.0 -2e-06 4.91932 10.874345 18.729156 58.128334 10.097851 6.514808 -1.175023 68.257782 -1.090252 -10.505809 -6.451365 11.458034 2.243539 -5.255035 -3.180156 14.282887 -0.826595 6.952503 -2e-06 -12.690598 1e-06 16.817581 -17.887573 2.547794 1.665665 -1.95592 -2.878297 4.727798 -4.170584 4.993922 11.020522 2e-06 0.0 12.109047 -3.735716 -2.866781 0.0 0.0 0.0 1.291986 -1.928548 -1.498089 14.800123 0.567468 3.865609 14.242565 -1.341738 -6.660653 19.631958 0.143921 -0.648244 50.448456 -0.576676 -6.094061 0.35303 -1.511149 -0.031942 20.222784 3.684307 2.316632 18.787268 4e-06 2e-06 10.751625 -0.47987 1.397905 1e-06 1e-06 0.0 3.273804 0.305945 -0.580111 21.486803 11.830369 2.266135 8.162924 1e-06 0.0 18.399075 -3.798985 -4.940572 3e-06 0.0 0.0 5.328846 5.404301 -8.170566 -0.082082 -0.611886 57.575722 -2.066448 19.296154 0.844099 1.856134 -2.076144 -2.804449 1e-06 -0.0 1e-06 -5.758648 -30.954275 -19.011999 0.026939 -0.705547 28.822712 5.098148 -15.94447 -7.186234 -1.476667 0.80331 -1.835972 -0.0 -0.0 -1e-06 
0.0 0.0 0.0 0.0 -0.0 0.0 7.506864 96.643288 -20.264151 177.037598 -41.983894 -177.117447 -2.064999 1.124855 3.988962 -1.261987 1.601234 -3.937223 -4.212246 -0.328505 13.202624 6.999857 -0.057035 4.460214 -1.501135 -3.715296 -3.593311 6.57189 -6.548092 -6.694581 7.7e-05 -2.4e-05 6e-06 0.004711 0.030743 -0.107795 0.708716 -3.681933 -10.816999 -0.708863 3.765661 -10.829807 -7.093517 -2.859234 16.427309 -48.652779 7.197587 -3.581651 3.794004 -68.179474 -2.253676 19.302462 -2.625449 13.011718 -5.882108 9.861285 0.702592 -10.936872 -0.360573 7.156208 -1e-06 8.774824 -2e-06 -16.8291 17.78297 6.472225 -1.844032 2.498504 -2.507279 -10.163598 4.678945 4.62111 -20.976017 0.0 5e-06 -21.226278 2.451702 -3.593998 0.0 -6e-06 -1e-06 -1.362682 2.240799 -0.746323 -21.334917 0.584913 3.008328 -13.821217 0.0 4e-06 -23.887173 -0.249072 -0.839482 -60.877464 2.656019 -0.261284 -0.294025 1.679687 0.833255 -14.218208 0.093218 1.300584 -34.212048 -0.287554 0.967175 -20.033211 0.964542 1.212844 0.0 0.0 -0.0 -3.440389 0.788234 0.501656 -15.928185 -3.167308 2.99971 -6.338826 0.0 2e-06 -18.123444 3.648187 -4.905668 -4e-06 -0.0 -2e-06 2.477324 11.665811 17.905512 59.275578 12.93078 7.446967 -2.406531 68.329865 -2.291166 -10.021871 -5.007031 12.862913 2.24354 -5.255033 -3.180155 14.28288 -0.826596 6.952496 1e-06 -12.69059 -3e-06 16.835821 -18.008398 2.620914 1.665666 -1.955919 -2.878296 4.727797 -4.170584 4.993918 11.020515 1e-06 -0.0 12.109039 -3.735713 -2.866782 0.0 -1e-06 0.0 1.291984 -1.928548 -1.498088 14.800115 0.567465 3.865604 14.24256 -1.341738 -6.660653 19.631952 0.14392 -0.648246 50.369678 -0.440914 -6.184045 0.353028 -1.511149 -0.03194 20.222776 3.684303 2.316628 18.787262 3e-06 -3e-06 10.75162 -0.479869 1.397905 1e-06 1e-06 1e-06 3.273804 0.305948 -0.580111 21.486794 11.830358 2.266134 8.162921 0.0 -1e-06 18.399067 -3.798984 -4.940571 3e-06 1e-06 -1e-06 5.106297 4.88856 -13.888225 0.014108 -0.463761 65.977905 -3.756176 17.303164 -7.096881 1.801366 -2.054339 -3.287209 -1e-06 0.0 2e-06 -4.891071 -29.240334 -23.421541 -0.013932 -0.64484 34.254787 4.436929 -10.367312 -11.423468 -1.452814 0.739546 -0.923877 -0.0 -0.0 -1e-06 
0.0 0.0 0.0 0.0 -0.0 0.0 7.028789 95.540932 -20.901056 177.480835 -35.857212 -177.764923 -2.232589 1.012297 5.436247 -1.348724 1.344942 -3.211656 -3.844832 -0.240566 14.804557 6.861728 0.009588 2.071559 -1.39833 -3.769078 -3.745622 6.330527 -6.644981 -9.460335 7.7e-05 -2.2e-05 6e-06 0.002031 0.032528 -0.12466 0.721309 -3.680338 -10.871508 -0.724914 3.76862 -10.886618 -6.693557 -3.650252 16.799431 -49.570145 3.170949 -0.038452 2.746965 -60.9725 -1.372588 19.607477 -5.879523 11.468102 -5.882102 9.86128 0.702589 -10.936866 -0.360575 7.156201 -1e-06 8.774819 -2e-06 -16.713314 17.718378 6.018496 -1.844029 2.498504 -2.507276 -10.163594 4.678941 4.621106 -20.976011 -3e-06 3e-06 -21.226274 2.451696 -3.593997 0.0 -6e-06 -1e-06 -1.362682 2.240797 -0.746323 -21.334904 0.58491 3.008322 -13.821206 -2e-06 2e-06 -23.887161 -0.249078 -0.839482 -60.248901 2.450968 -0.465451 -0.294023 1.679686 0.833256 -14.2182 0.093213 1.300581 -34.212025 -0.287563 0.967173 -20.033201 0.964537 1.212845 -1e-06 -0.0 -1e-06 -3.440388 0.788233 0.501655 -15.928179 -3.167308 2.999707 -6.338825 0.0 2e-06 -18.12344 3.648183 -4.905667 -4e-06 1e-06 -2e-06 1.205419 12.072987 17.776472 59.902077 15.41537 6.339262 -1.735509 67.619804 -1.652021 -10.504361 -3.822976 13.913941 2.243539 -5.255037 -3.180155 14.282885 -0.826595 6.9525 0.0 -12.690601 -0.0 16.816132 -18.052782 2.690175 1.665662 -1.955921 -2.878296 4.727795 -4.170587 4.993923 11.02052 2e-06 -1e-06 12.109043 -3.735717 -2.866782 0.0 -1e-06 -0.0 1.291986 -1.928549 -1.498088 14.800122 0.567466 3.865608 14.242565 -1.34174 -6.660654 19.63196 0.143924 -0.648244 50.476692 -0.474616 -6.265512 0.353029 -1.51115 -0.03194 20.222784 3.684307 2.31663 18.78727 3e-06 0.0 10.751624 -0.479869 1.397905 0.0 1e-06 1e-06 3.273806 0.305946 -0.58011 21.486805 11.830373 2.266134 8.162925 -2e-06 -1e-06 18.399076 -3.798986 -4.940574 3e-06 1e-06 -1e-06 7.128065 5.576686 -20.394945 -0.091277 -0.525882 67.964058 -2.349202 18.403391 -11.022076 1.808399 -2.087897 -3.520398 -1e-06 -1e-06 3e-06 -4.147933 -26.832247 -26.132711 -0.01298 -0.577071 38.381065 3.771081 -7.480994 -12.546073 -1.435142 0.729493 -0.141466 0.0 0.0 -1e-06 
0.0 0.0 0.0 0.0 -0.0 0.0 6.393688 94.985542 -21.725628 177.238403 -32.569405 -177.939163 -2.796681 0.894047 6.67502 -1.538594 0.860441 -2.58759 -3.622893 -0.585489 16.3172 7.94595 -0.238481 0.696756 -1.423835 -3.934719 -3.837291 6.075347 -6.870205 -11.084972 7.7e-05 -2.2e-05 6e-06 0.005805 -0.059235 -0.096157 0.703759 -3.791764 -10.916825 -0.699458 3.69982 -10.937234 -4.636596 -5.549663 17.605469 -50.451447 -3.841922 4.788162 1.216268 -53.887886 -0.200094 19.330082 -7.405092 12.14073 -5.882102 9.861279 0.702588 -10.936864 -0.360576 7.156199 0.0 8.774819 -2e-06 -16.52235 17.771919 5.87849 -1.844032 2.498503 -2.507275 -10.163592 4.67894 4.621103 -20.976013 -5e-06 1e-06 -21.226273 2.451693 -3.593998 1e-06 -6e-06 -0.0 -1.362679 2.240797 -0.746323 -21.334896 0.584907 3.00832 -13.821203 -4e-06 3e-06 -23.887152 -0.24908 -0.839483 -60.189388 2.373805 -0.450736 -0.294025 1.679687 0.833255 -14.218198 0.093213 1.300579 -34.212021 -0.287567 0.96717 -20.033197 0.964534 1.212844 0.0 0.0 -1e-06 -3.440386 0.788233 0.501654 -15.928176 -3.16731 2.999703 -6.338821 -3e-06 0.0 -18.123436 3.648179 -4.905666 -4e-06 -0.0 -2e-06 1.053309 12.095642 18.126879 60.901424 16.882206 4.652162 0.326194 65.382652 -0.072979 -11.809264 -3.25084 14.894766 2.243539 -5.255032 -3.180152 14.282876 -0.826593 6.952492 -2e-06 -12.690592 0.0 16.60936 -17.982353 2.695184 1.665663 -1.955919 -2.878294 4.727793 -4.170581 4.993917 11.020514 3e-06 -1e-06 12.109038 -3.735713 -2.86678 -0.0 0.0 -0.0 1.291984 -1.928549 -1.498086 14.800114 0.567468 3.865602 14.242557 -1.341736 -6.660649 19.631945 0.143927 -0.648243 50.253464 -0.496225 -6.247899 0.353028 -1.511148 -0.03194 20.222769 3.684307 2.316626 18.787251 5e-06 -2e-06 10.751616 -0.479867 1.397904 0.0 -2e-06 -0.0 3.2738 0.305947 -0.580109 21.486788 11.830365 2.266127 8.162917 0.0 -1e-06 18.399059 -3.798976 -4.940569 3e-06 -0.0 -1e-06 8.965439 6.051604 -26.500343 -0.219691 -0.596505 63.238495 -3.10775 16.339191 -13.09042 1.806479 -2.221706 -3.392132 0.0 -0.0 2e-06 -4.663138 -25.532434 -27.002192 0.030013 -0.487426 40.744755 3.743754 -5.788016 -13.332618 -1.42402 0.764356 0.298641 0.0 0.0 -1e-06 
0.0 0.0 0.0 0.0 -0.0 0.0 5.29365 94.770203 -22.639231 176.927277 -30.152472 -177.612717 -3.195299 0.687282 7.477068 -1.715557 0.472906 -2.18902 -3.587127 -1.055688 17.242788 9.24768 -0.485749 0.179625 -1.441897 -4.217685 -3.810687 5.902877 -6.983205 -11.869362 7.7e-05 -2.4e-05 6e-06 0.005524 -0.097952 -0.048065 0.674696 -3.853469 -10.895704 -0.672266 3.688736 -10.941918 -2.699831 -7.557395 18.113913 -50.309818 -10.64006 8.573433 -0.6735 -49.805527 1.064291 19.732185 -7.404379 13.538858 -5.882098 9.861271 0.70259 -10.936857 -0.360574 7.156198 -1e-06 8.774811 -2e-06 -16.157436 18.005566 6.150472 -1.844028 2.498502 -2.507273 -10.163589 4.678939 4.621103 -20.975998 -1e-06 5e-06 -21.226259 2.451696 -3.593995 1e-06 -6e-06 -1e-06 -1.362678 2.240796 -0.746322 -21.334887 0.584911 3.008322 -13.821197 -2e-06 4e-06 -23.88714 -0.249075 -0.839483 -60.499359 2.417464 -0.494108 -0.294024 1.679684 0.833254 -14.218189 0.093215 1.30058 -34.212009 -0.287559 0.967171 -20.033194 0.964538 1.212843 0.0 0.0 0.0 -3.440382 0.788231 0.501657 -15.928167 -3.167304 2.999706 -6.338818 -2e-06 1e-06 -18.123423 3.648178 -4.905661 -4e-06 -0.0 -3e-06 1.870741 12.233866 18.739817 61.389946 17.213074 4.248509 1.253513 62.846912 0.673293 -12.341125 -2.973168 13.637635 2.243537 -5.255029 -3.180151 14.282864 -0.826596 6.952494 0.0 -12.690584 -1e-06 16.447233 -17.877449 2.747041 1.665663 -1.955918 -2.878294 4.727791 -4.170582 4.993917 11.020509 -0.0 2e-06 12.10903 -3.735713 -2.866778 -0.0 1e-06 -0.0 1.291983 -1.928546 -1.498085 14.800105 0.567465 3.865604 14.242542 -1.341739 -6.660644 19.631929 0.14392 -0.648241 50.103386 -0.551005 -6.129562 0.353029 -1.511148 -0.031941 20.222754 3.6843 2.316631 18.787237 -1e-06 3e-06 10.751608 -0.47987 1.397905 -1e-06 -0.0 -0.0 3.273803 0.305946 -0.580109 21.486776 11.830354 2.266135 8.162913 -3e-06 1e-06 18.399052 -3.798983 -4.940566 3e-06 -0.0 -1e-06 9.69607 7.617306 -30.575762 -0.300957 -0.541413 51.96909 -6.406481 11.507998 -12.386024 1.698198 -2.259426 -3.156241 -0.0 0.0 2e-06 -5.463001 -24.173824 -27.300205 -0.027005 -0.452866 41.94413 4.151493 -4.486486 -14.165585 -1.416914 0.807611 0.538369 0.0 0.0 -1e-06 
0.0 0.0 0.0 0.0 -0.0 0.0 3.453794 94.639763 -23.58798 176.964722 -27.155937 -177.480225 -3.12072 0.41395 7.89516 -1.825415 0.268392 -1.938585 -3.622335 -1.45095 17.839481 9.973783 -0.692924 0.051084 -1.435903 -4.069883 -3.698745 5.721107 -6.737906 -12.213794 7.7e-05 -2.2e-05 6e-06 0.0079 -0.051402 -0.008901 0.642481 -3.815684 -10.793096 -0.635248 3.742899 -10.870074 -1.718354 -9.065487 18.324713 -49.809097 -15.753007 10.168064 -2.03587 -47.853348 1.836513 20.754618 -7.291448 13.979917 -5.882098 9.861276 0.702589 -10.936857 -0.360579 7.1562 1e-06 8.774817 -3e-06 -15.786083 18.282187 6.393749 -1.84403 2.498502 -2.507276 -10.163587 4.678936 4.621105 -20.976 -9e-06 2e-06 -21.226263 2.451689 -3.593994 1e-06 -7e-06 -3e-06 -1.36268 2.240796 -0.746323 -21.334888 0.584903 3.008322 -13.821197 -5e-06 2e-06 -23.887142 -0.249082 -0.839479 -60.666138 2.55448 -0.728446 -0.294024 1.679687 0.833254 -14.218193 0.093209 1.30058 -34.212013 -0.287572 0.967175 -20.033192 0.964532 1.212848 1e-06 -0.0 1e-06 -3.440384 0.788232 0.501655 -15.928172 -3.167311 2.999707 -6.33882 -2e-06 3e-06 -18.123425 3.648176 -4.905665 -4e-06 0.0 -3e-06 2.823709 12.60315 19.372438 61.436317 17.230938 5.306773 0.765637 60.092564 0.489967 -11.811598 -2.391689 11.757096 2.243539 -5.25503 -3.180154 14.282869 -0.826593 6.952492 -3e-06 -12.690592 0.0 16.430168 -17.804386 2.759377 1.665666 -1.95592 -2.878295 4.72779 -4.170582 4.993917 11.020509 3e-06 -2e-06 12.109033 -3.735711 -2.866781 0.0 0.0 -1e-06 1.291984 -1.928548 -1.498086 14.800105 0.567469 3.865602 14.242549 -1.341734 -6.660649 19.631937 0.143927 -0.648244 50.091732 -0.652736 -6.065741 0.353028 -1.511148 -0.031939 20.222761 3.684305 2.316626 18.787243 5e-06 -0.0 10.751612 -0.479869 1.397904 -0.0 1e-06 -0.0 3.273801 0.305947 -0.58011 21.486782 11.83036 2.26613 8.162913 2e-06 1e-06 18.399052 -3.79898 -4.940568 3e-06 0.0 -0.0 9.288465 9.765488 -31.138433 -0.389446 -0.562054 36.963352 -11.942516 4.646677 -8.813375 1.687678 -2.108383 -3.172075 0.0 1e-06 2e-06 -6.363237 -21.860661 -27.094461 -0.11137 -0.459108 42.392502 5.122358 -3.146086 -14.923569 -1.424096 0.878974 0.484365 0.0 0.0 -1e-06 
0.0 0.0 0.0 0.0 -0.0 0.0 1.055875 94.4944 -24.500862 176.907059 -22.973227 -177.774307 -3.020717 0.244446 8.042877 -1.825167 0.264081 -1.850366 -3.763759 -1.71057 18.411247 9.978478 -0.592039 0.269648 -1.45366 -3.470072 -3.58853 5.50768 -6.156588 -12.008312 7.7e-05 -2.3e-05 6e-06 0.007554 0.011808 -0.015812 0.647701 -3.752077 -10.777678 -0.63978 3.799638 -10.858586 -1.499279 -9.969975 18.262268 -49.966064 -18.776682 10.333627 -2.21655 -46.718803 1.764846 21.819481 -7.342272 13.052387 -5.882099 9.861279 0.702592 -10.936864 -0.360575 7.156199 1e-06 8.774819 0.0 -15.460588 18.473495 6.651371 -1.844032 2.498502 -2.507275 -10.163592 4.67894 4.621106 -20.976007 -6e-06 4e-06 -21.226271 2.451695 -3.593994 -0.0 -6e-06 -1e-06 -1.362681 2.240798 -0.746323 -21.334896 0.584908 3.008322 -13.821203 -4e-06 3e-06 -23.887154 -0.249079 -0.839479 -60.542881 2.56653 -0.633261 -0.294024 1.679685 0.833254 -14.218199 0.093214 1.300579 -34.212021 -0.287567 0.967172 -20.033199 0.964536 1.212843 0.0 1e-06 0.0 -3.440387 0.788233 0.501655 -15.928176 -3.16731 2.999707 -6.338821 -1e-06 0.0 -18.123434 3.64818 -4.905665 -4e-06 0.0 1e-06 3.163661 13.072022 19.846062 61.800869 17.381458 7.362316 -0.704295 57.10944 -0.53361 -11.039618 -1.746392 11.000607 2.243537 -5.255032 -3.180155 14.282874 -0.826593 6.952495 -2e-06 -12.690592 2e-06 16.447027 -17.822319 2.644999 1.665664 -1.955919 -2.878295 4.727792 -4.170582 4.993919 11.020513 3e-06 -0.0 12.109036 -3.735711 -2.866779 0.0 0.0 1e-06 1.291984 -1.928546 -1.498088 14.800112 0.567468 3.865603 14.242557 -1.341734 -6.660647 19.631945 0.143926 -0.648242 50.04417 -0.692929 -6.327511 0.353026 -1.511149 -0.031941 20.222769 3.684308 2.31663 18.787252 5e-06 2e-06 10.751616 -0.479868 1.397906 -1e-06 0.0 -0.0 3.273802 0.305948 -0.58011 21.48679 11.830362 2.266132 8.162918 3e-06 1e-06 18.399059 -3.798982 -4.940568 2e-06 -1e-06 -0.0 8.736485 9.769194 -28.988422 -0.366878 -0.620763 24.861612 -18.081184 0.366179 -1.837501 1.699072 -2.092314 -3.615976 -0.0 1e-06 1e-06 -7.753481 -18.251341 -26.719143 -0.156886 -0.362239 42.710903 6.145806 -1.83849 -15.234189 -1.428722 0.856343 0.131354 -0.0 -0.0 -1e-06 
0.0 0.0 0.0 0.0 -0.0 0.0 -1.593482 94.030754 -25.259193 176.23114 -17.379572 -178.245209 -3.468403 0.279741 8.188385 -1.780811 0.427744 -1.805307 -3.885701 -1.754611 18.972551 9.265749 -0.436213 0.506443 -1.180204 -2.150641 -3.678722 5.070133 -5.240571 -11.571854 7.7e-05 -2.2e-05 6e-06 -0.020526 0.051002 -0.016895 0.626496 -3.705544 -10.804376 -0.674105 3.827251 -10.867063 -1.756144 -10.334013 17.811914 -51.225273 -20.414719 9.519338 -1.438453 -45.394058 1.134771 22.460821 -7.726303 10.60182 -5.882097 9.861274 0.70259 -10.936855 -0.360577 7.156197 0.0 8.774815 0.0 -15.299841 18.576153 6.678127 -1.844031 2.498502 -2.507275 -10.163585 4.678937 4.621103 -20.97599 -7e-06 3e-06 -21.226254 2.451691 -3.593995 0.0 -6e-06 -0.0 -1.36268 2.240796 -0.746322 -21.334883 0.584906 3.008319 -13.821195 -4e-06 3e-06 -23.887135 -0.249079 -0.839478 -60.191936 2.423008 -0.63257 -0.294024 1.679687 0.833256 -14.218187 0.093213 1.30058 -34.211994 -0.287566 0.967173 -20.03318 0.964536 1.212845 1e-06 0.0 1e-06 -3.440382 0.78823 0.501657 -15.928167 -3.167308 2.999706 -6.338816 -1e-06 -1e-06 -18.123423 3.648178 -4.905662 -4e-06 -0.0 -2e-06 3.135912 13.4389 19.874771 62.408314 17.487526 8.758503 -1.287393 54.236141 -0.739042 -11.062713 -0.794046 11.348863 2.243536 -5.255029 -3.180153 14.282868 -0.82659 6.952495 -4e-06 -12.690585 1e-06 16.553268 -17.822496 2.463024 1.665663 -1.955918 -2.878294 4.727791 -4.170581 4.993918 11.020508 5e-06 0.0 12.109031 -3.735709 -2.866778 -0.0 0.0 -0.0 1.291984 -1.928547 -1.498085 14.800108 0.56747 3.865604 14.242549 -1.341733 -6.660646 19.631937 0.143927 -0.648238 49.982121 -0.547944 -6.509969 0.353027 -1.511148 -0.03194 20.222759 3.684309 2.316629 18.787243 5e-06 4e-06 10.751611 -0.479867 1.397907 -1e-06 -0.0 0.0 3.273802 0.305947 -0.58011 21.486786 11.83036 2.266134 8.162915 3e-06 3e-06 18.399054 -3.79898 -4.940562 3e-06 -0.0 -1e-06 8.293055 7.509643 -27.439402 -0.193518 -0.637959 24.056925 -15.631602 0.96647 6.099929 1.716597 -2.015441 -2.314785 0.0 -0.0 2e-06 -10.271225 -13.353797 -27.065042 0.079068 0.009264 44.067181 7.449209 -0.764204 -15.318146 -1.447737 0.975119 -0.636664 -0.0 -0.0 -1e-06 
0.0 0.0 0.0 0.0 -0.0 0.0 -4.150367 93.094444 -25.918282 175.957184 -11.764492 -178.990051 -3.416642 0.414983 8.301402 -1.736657 0.514699 -1.631102 -4.104708 -1.80303 19.302664 8.13014 -0.026077 0.665611 -0.873308 -1.126408 -3.704996 4.748846 -4.452542 -12.235508 7.7e-05 -2.3e-05 5e-06 -0.029651 0.07752 -0.031669 0.614049 -3.666796 -10.746066 -0.67944 3.837265 -10.812453 -2.322649 -9.857 17.570387 -52.426464 -21.722414 9.38022 0.155914 -44.357719 0.333785 23.793257 -7.516639 7.467465 -5.882098 9.861276 0.70259 -10.936856 -0.360573 7.156197 -0.0 8.774816 -0.0 -15.036211 18.579309 6.633862 -1.84403 2.498501 -2.507274 -10.163588 4.678939 4.621103 -20.975996 -1e-06 3e-06 -21.226257 2.451696 -3.593998 1e-06 -6e-06 -1e-06 -1.362679 2.240795 -0.746322 -21.334883 0.584909 3.008318 -13.821194 -2e-06 1e-06 -23.88714 -0.249077 -0.839485 -59.755447 2.512803 -0.828129 -0.294024 1.679684 0.833254 -14.21819 0.093216 1.300579 -34.212009 -0.28756 0.967166 -20.033188 0.964536 1.21284 0.0 -0.0 1e-06 -3.440385 0.788233 0.501655 -15.928165 -3.167305 2.999704 -6.338817 -1e-06 2e-06 -18.123423 3.64818 -4.905664 -4e-06 -0.0 -1e-06 3.038203 13.492402 19.972284 62.807888 17.889465 9.043694 -0.691946 51.51606 -0.209297 -12.002658 0.80705 11.572682 2.24354 -5.255033 -3.180155 14.282883 -0.826596 6.952499 0.0 -12.690595 -1e-06 16.542355 -18.001848 2.426237 1.665665 -1.955921 -2.878296 4.727798 -4.170584 4.993917 11.020519 1e-06 2e-06 12.109044 -3.735715 -2.866781 -0.0 -0.0 -1e-06 1.291985 -1.928548 -1.498087 14.800122 0.567466 3.865606 14.242564 -1.341738 -6.660652 19.631952 0.143922 -0.648245 49.900089 -0.64628 -6.552961 0.353028 -1.511149 -0.031941 20.22278 3.684305 2.316631 18.787262 2e-06 -1e-06 10.751621 -0.479869 1.397907 0.0 0.0 -1e-06 3.273803 0.305947 -0.58011 21.486801 11.830363 2.266137 8.162922 2e-06 0.0 18.399071 -3.798983 -4.940571 3e-06 -0.0 -2e-06 7.761887 8.888296 -27.96093 -0.201273 -0.681431 31.71628 -13.650276 3.067522 0.054438 1.665336 -1.970448 -0.613337 0.0 1e-06 2e-06 -12.095332 -9.716067 -28.534437 0.09935 0.004758 46.803047 8.261394 1.345678 -15.75002 -1.448383 0.948583 -0.910525 -0.0 -0.0 -1e-06 
0.0 0.0 0.0 0.0 -0.0 0.0 -6.451117 92.352722 -26.572857 175.31015 -6.79421 -179.638229 -3.488176 0.518968 8.190249 -1.670605 0.479552 -1.52754 -4.541575 -1.625778 20.194908 6.975675 0.51323 0.21796 -0.699171 -0.508558 -3.740362 4.362941 -3.592586 -12.930926 7.7e-05 -2.2e-05 6e-06 -0.035914 0.089164 -0.059832 0.616604 -3.651062 -10.745458 -0.69435 3.842579 -10.806891 -2.61581 -9.338946 17.514713 -53.709789 -22.950663 7.870914 0.499703 -43.268639 0.126449 25.405785 -7.333451 5.511281 -5.882101 9.861279 0.702589 -10.936861 -0.360577 7.1562 2e-06 8.774819 0.0 -15.093333 18.722681 6.598125 -1.84403 2.498505 -2.507277 -10.16359 4.67894 4.621105 -20.976009 -6e-06 2e-06 -21.226269 2.451693 -3.593996 1e-06 -6e-06 -0.0 -1.362682 2.240797 -0.746324 -21.334898 0.584908 3.008323 -13.821203 -3e-06 1e-06 -23.887152 -0.24908 -0.83948 -59.746765 2.570598 -0.909378 -0.294024 1.679686 0.833256 -14.218197 0.093213 1.300578 -34.212021 -0.287569 0.967171 -20.033197 0.964536 1.212845 1e-06 2e-06 1e-06 -3.440387 0.788232 0.501654 -15.928172 -3.167309 2.999704 -6.33882 -3e-06 0.0 -18.12343 3.648176 -4.905669 -5e-06 -0.0 -1e-06 3.010037 13.428806 20.119341 63.171524 18.167284 9.06292 -0.750416 49.61174 -0.300977 -13.344878 1.655092 11.068235 2.243537 -5.255032 -3.180157 14.282883 -0.82659 6.952499 -5e-06 -12.690597 -3e-06 16.555256 -18.075575 2.378604 1.665665 -1.955919 -2.878297 4.727797 -4.170583 4.993922 11.020521 5e-06 -0.0 12.109044 -3.735712 -2.86678 0.0 0.0 1e-06 1.291986 -1.928549 -1.498089 14.80012 0.56747 3.865604 14.242562 -1.341732 -6.660654 19.631958 0.143927 -0.64824 50.027164 -0.701881 -6.596871 0.353028 -1.51115 -0.031939 20.222782 3.684311 2.316631 18.787266 7e-06 2e-06 10.751623 -0.479869 1.397907 2e-06 -0.0 0.0 3.273807 0.305947 -0.580111 21.486807 11.830372 2.266135 8.162922 3e-06 -2e-06 18.399071 -3.79898 -4.940569 3e-06 -1e-06 -1e-06 6.736988 11.224343 -27.799648 -0.180919 -0.483689 36.972515 -12.773302 4.017572 -4.799728 1.654049 -2.020471 0.11949 0.0 1e-06 2e-06 -14.01391 -7.82017 -29.695358 0.196599 0.099777 48.635078 8.956101 3.416574 -15.425685 -1.433244 0.891827 -0.725118 0.0 0.0 -1e-06 
0.0 0.0 0.0 0.0 -0.0 0.0 -8.420084 92.171356 -27.281342 175.054794 -3.088984 179.823212 -3.355029 0.499017 8.104667 -1.535022 0.506434 -1.476901 -4.492364 -1.402498 20.797852 5.609881 0.943955 -0.22308 -0.492211 -0.108412 -3.756569 3.990445 -2.693015 -13.560265 7.7e-05 -2.3e-05 6e-06 -0.025115 0.04694 -0.072358 0.630978 -3.691854 -10.711882 -0.688019 3.80016 -10.776045 -2.709259 -8.693938 17.456793 -55.103008 -23.689522 7.50854 0.613578 -42.563583 0.035423 25.617094 -6.640448 4.453392 -5.882105 9.861285 0.702591 -10.936868 -0.360575 7.156206 -0.0 8.774822 -0.0 -15.279774 18.802078 6.538902 -1.844035 2.498504 -2.507277 -10.1636 4.678945 4.621107 -20.976021 -2e-06 7e-06 -21.226282 2.451699 -3.593997 1e-06 -5e-06 -0.0 -1.362682 2.240796 -0.746322 -21.334913 0.584911 3.008324 -13.821213 -2e-06 3e-06 -23.887167 -0.249075 -0.839478 -59.938244 2.574698 -0.935994 -0.294024 1.679688 0.833256 -14.218204 0.093216 1.300581 -34.21204 -0.28756 0.967174 -20.033205 0.964538 1.212844 -0.0 2e-06 -0.0 -3.440389 0.788233 0.501655 -15.928181 -3.167308 2.999708 -6.338827 -2e-06 3e-06 -18.123444 3.648185 -4.905668 -4e-06 0.0 -1e-06 2.907109 13.557169 20.168207 63.486317 17.739077 8.942376 -0.881121 48.45771 -0.511478 -13.843901 1.622567 10.970304 2.243543 -5.255038 -3.180156 14.282891 -0.826597 6.952499 -1e-06 -12.690605 2e-06 16.434189 -18.088612 2.369243 1.665666 -1.955921 -2.878298 4.727799 -4.170588 4.993924 11.020526 1e-06 0.0 12.109053 -3.735718 -2.866783 -0.0 -0.0 1e-06 1.291986 -1.928548 -1.498087 14.800129 0.567466 3.865605 14.242574 -1.341739 -6.660654 19.631969 0.143923 -0.648245 49.83263 -0.740571 -6.674466 0.35303 -1.51115 -0.031941 20.222792 3.684307 2.316628 18.787275 2e-06 -3e-06 10.751629 -0.479869 1.397902 -0.0 0.0 -1e-06 3.273808 0.305946 -0.580109 21.486811 11.83037 2.266134 8.16293 1e-06 -2e-06 18.399086 -3.798987 -4.940577 4e-06 -1e-06 1e-06 6.061167 12.748995 -26.940802 -0.163914 -0.335892 39.333099 -11.98155 5.196823 -7.873905 1.646257 -2.031223 0.581083 0.0 1e-06 2e-06 -15.275898 -6.832458 -30.1175 0.253228 0.203821 48.949123 9.339455 5.526355 -14.517639 -1.420516 0.819674 -0.524387 0.0 0.0 -1e-06 
0.0 0.0 0.0 0.0 -0.0 0.0 -9.826459 92.449394 -27.952749 175.049072 -0.541411 179.484116 -3.204516 0.477553 8.050274 -1.398022 0.521571 -1.503055 -4.119475 -1.217479 20.918255 4.506721 1.275799 -0.302493 -0.314388 0.215035 -3.781507 3.593891 -1.9445 -13.879969 7.7e-05 -2.3e-05 6e-06 -0.016792 0.03336 -0.066041 0.647909 -3.701645 -10.685574 -0.68907 3.78234 -10.741825 -2.38826 -8.276187 17.381443 -56.5033 -23.469578 8.136973 0.399371 -42.699718 0.084308 24.686443 -5.790637 3.966351 -5.882108 9.861284 0.702589 -10.936872 -0.360576 7.156202 2e-06 8.774822 1e-06 -15.533379 18.814867 6.441465 -1.844032 2.498503 -2.507278 -10.163601 4.678944 4.621109 -20.976027 -4e-06 -3e-06 -21.226292 2.451693 -3.594002 1e-06 -5e-06 -1e-06 -1.36268 2.240796 -0.746322 -21.334913 0.58491 3.008319 -13.821213 -3e-06 -1e-06 -23.887171 -0.249083 -0.839488 -60.142159 2.578779 -0.96235 -0.294025 1.679689 0.833257 -14.218207 0.093215 1.300578 -34.212051 -0.287567 0.96716 -20.033213 0.964536 1.212843 1e-06 1e-06 1e-06 -3.440389 0.788233 0.501656 -15.928189 -3.167308 2.999706 -6.338828 0.0 0.0 -18.123449 3.648182 -4.905672 -4e-06 -0.0 -3e-06 2.757416 13.602485 20.074095 63.810783 16.770706 9.442822 -1.135458 48.053562 -0.780241 -13.613396 1.123129 11.313632 2.24354 -5.255033 -3.180155 14.282882 -0.826593 6.952495 -5e-06 -12.690597 1e-06 16.266888 -17.924269 2.428416 1.665668 -1.955919 -2.878297 4.727796 -4.170585 4.993918 11.020521 5e-06 1e-06 12.109044 -3.735711 -2.866781 -0.0 0.0 1e-06 1.291986 -1.928547 -1.498088 14.800122 0.56747 3.865604 14.242564 -1.341734 -6.660647 19.631958 0.143928 -0.648243 49.761124 -0.746288 -6.569933 0.35303 -1.51115 -0.031937 20.222784 3.684309 2.316629 18.787266 8e-06 1e-06 10.751622 -0.479867 1.397904 1e-06 -0.0 1e-06 3.273804 0.305948 -0.58011 21.486807 11.830373 2.266131 8.162922 4e-06 -3e-06 18.399071 -3.798981 -4.940571 3e-06 1e-06 0.0 5.601148 13.806047 -25.673624 -0.155657 -0.266268 39.638405 -11.359425 6.179682 -9.455893 1.644096 -2.053221 0.868433 0.0 1e-06 2e-06 -15.938919 -6.418206 -29.64728 0.293959 0.284445 47.661629 9.65452 7.125405 -13.386992 -1.413874 0.776474 -0.517824 -0.0 0.0 -1e-06 
0.0 0.0 0.0 0.0 -0.0 0.0 -10.723694 93.100227 -28.54611 175.125717 1.182075 179.534851 -3.117082 0.426724 7.880535 -1.303987 0.52522 -1.624803 -3.702844 -1.13573 20.728424 3.75315 1.520153 -0.275084 -0.193461 0.560147 -3.754808 3.320316 -1.249923 -13.994351 7.7e-05 -2.3e-05 5e-06 -0.011633 0.031765 -0.045808 0.666611 -3.696687 -10.644849 -0.698407 3.774196 -10.693072 -2.307869 -8.057952 17.312685 -57.265213 -22.552776 9.033071 0.139018 -43.364136 0.155264 23.687201 -4.832695 3.289253 -5.882101 9.861278 0.702591 -10.936861 -0.360575 7.1562 0.0 8.774817 0.0 -15.69202 18.775501 6.375535 -1.844032 2.498501 -2.507276 -10.163592 4.678939 4.621103 -20.976009 -5e-06 2e-06 -21.226269 2.451693 -3.593998 0.0 -5e-06 -2e-06 -1.362681 2.240795 -0.746322 -21.334898 0.58491 3.008319 -13.821203 -4e-06 -0.0 -23.887154 -0.24908 -0.839482 -60.224415 2.578789 -1.027357 -0.294026 1.679686 0.833256 -14.218197 0.093213 1.30058 -34.212021 -0.287566 0.967169 -20.033197 0.964532 1.212843 1e-06 0.0 -1e-06 -3.440386 0.788233 0.501658 -15.928174 -3.16731 2.999704 -6.338821 -2e-06 0.0 -18.12343 3.648177 -4.905666 -4e-06 -0.0 -2e-06 2.898127 13.584866 19.929396 63.90028 15.711076 9.880062 -1.111296 48.110512 -0.854982 -13.239741 0.968532 11.310571 2.24354 -5.255036 -3.180157 14.282885 -0.826594 6.952504 -3e-06 -12.690598 -1e-06 16.227795 -17.798971 2.509837 1.665666 -1.955922 -2.878296 4.727797 -4.170586 4.993925 11.020521 2e-06 -1e-06 12.109045 -3.735715 -2.866784 -0.0 -0.0 -1e-06 1.291986 -1.928549 -1.498091 14.800122 0.567468 3.865605 14.242566 -1.341737 -6.660656 19.63196 0.143925 -0.648241 49.838631 -0.764825 -6.470983 0.353028 -1.51115 -0.03194 20.222784 3.684308 2.316633 18.787268 4e-06 2e-06 10.751625 -0.479869 1.397908 1e-06 0.0 1e-06 3.273804 0.305947 -0.58011 21.486801 11.830368 2.266135 8.162924 1e-06 -1e-06 18.399075 -3.798986 -4.940571 1e-06 -1e-06 -0.0 5.260697 14.629632 -24.240499 -0.152642 -0.260941 38.255493 -10.946537 6.876166 -9.81101 1.648688 -2.08059 0.864873 0.0 -0.0 2e-06 -16.156969 -6.077235 -28.78694 0.300196 0.333043 45.294014 9.986194 7.963181 -12.155904 -1.417292 0.783857 -0.665317 0.0 0.0 -1e-06 
0.0 0.0 0.0 0.0 -0.0 0.0 -11.247013 94.000977 -29.089394 175.223923 2.392477 179.857788 -3.058031 0.388742 7.564615 -1.232261 0.469512 -1.808146 -3.388944 -1.123075 20.432013 3.186535 1.704469 -0.203982 -0.077522 0.934566 -3.701659 3.137402 -0.609439 -13.924376 7.7e-05 -2.3e-05 6e-06 -0.009297 0.032151 -0.027271 0.679606 -3.690892 -10.61094 -0.707426 3.76867 -10.651046 -2.515065 -7.920943 17.349709 -57.576576 -21.570478 9.841308 -0.059717 -43.791576 0.215438 22.948101 -4.025789 2.331629 -5.882102 9.86128 0.702589 -10.936865 -0.360578 7.156203 2e-06 8.774821 -2e-06 -15.738709 18.729164 6.348583 -1.844034 2.498503 -2.507281 -10.163594 4.67894 4.621107 -20.976017 -9e-06 -0.0 -21.226276 2.45169 -3.593998 2e-06 -5e-06 -1e-06 -1.36268 2.240798 -0.746323 -21.334906 0.584906 3.008319 -13.821208 -4e-06 1e-06 -23.887163 -0.249084 -0.839482 -60.231197 2.596981 -1.104502 -0.294022 1.679686 0.833254 -14.2182 0.093212 1.300579 -34.212036 -0.287571 0.967174 -20.033207 0.964534 1.212846 1e-06 -2e-06 -1e-06 -3.440387 0.788233 0.501655 -15.928181 -3.16731 2.999706 -6.338825 -1e-06 2e-06 -18.12344 3.648176 -4.905669 -4e-06 0.0 -3e-06 3.213642 13.531184 19.812452 63.964531 14.931848 10.340169 -0.940356 48.151501 -0.741815 -13.053298 1.323098 10.671259 2.243538 -5.255033 -3.180155 14.282879 -0.82659 6.952498 -5e-06 -12.690597 -0.0 16.253618 -17.73842 2.554139 1.665663 -1.955919 -2.878298 4.727794 -4.170584 4.993921 11.020516 6e-06 -1e-06 12.10904 -3.735711 -2.866778 -0.0 0.0 1e-06 1.291983 -1.928548 -1.498088 14.800117 0.567471 3.865607 14.242558 -1.341733 -6.660653 19.631952 0.14393 -0.648239 49.887459 -0.787897 -6.454605 0.353027 -1.511149 -0.031941 20.222775 3.684313 2.316629 18.787256 7e-06 4e-06 10.751619 -0.479867 1.397907 0.0 0.0 1e-06 3.273805 0.305947 -0.580113 21.486803 11.830373 2.266132 8.16292 5e-06 -1e-06 18.399067 -3.79898 -4.940567 3e-06 -1e-06 -1e-06 5.051419 15.404647 -22.584051 -0.151948 -0.290114 35.492569 -10.670325 7.288363 -9.188395 1.654957 -2.097113 0.668336 -0.0 -1e-06 2e-06 -16.069466 -5.646187 -27.676544 0.288641 0.37665 42.160473 10.309362 8.208571 -10.832641 -1.423704 0.824792 -0.92304 0.0 0.0 -1e-06 
0.0 0.0 0.0 0.0 -0.0 0.0 -11.438927 94.965729 -29.562355 175.434036 3.307081 -179.638672 -2.977666 0.35511 7.122301 -1.168374 0.379868 -2.033782 -3.15215 -1.146595 20.094162 2.701295 1.83641 -0.019801 0.044274 1.310237 -3.644427 2.963313 0.029605 -13.767864 7.7e-05 -2.3e-05 6e-06 -0.009152 0.030335 -0.013599 0.682948 -3.69257 -10.600379 -0.710806 3.76554 -10.631108 -2.808132 -7.794934 17.404461 -57.758636 -20.647535 10.736526 -0.148279 -43.902348 0.222509 22.400116 -3.426661 1.399766 -5.882108 9.861284 0.702589 -10.936872 -0.360576 7.156209 2e-06 8.774824 0.0 -15.743347 18.692957 6.327792 -1.844032 2.498503 -2.507281 -10.163603 4.678942 4.62111 -20.976027 -4e-06 3e-06 -21.226292 2.451696 -3.593999 2e-06 -6e-06 -3e-06 -1.362682 2.240799 -0.746322 -21.334917 0.584909 3.008326 -13.821215 -2e-06 3e-06 -23.887175 -0.249079 -0.839482 -60.205051 2.64558 -1.160073 -0.294025 1.679685 0.833255 -14.218212 0.093214 1.300582 -34.212055 -0.287565 0.967173 -20.033215 0.964537 1.212845 1e-06 -1e-06 2e-06 -3.440389 0.788234 0.501656 -15.928185 -3.167311 2.999709 -6.338826 -1e-06 0.0 -18.123444 3.64818 -4.905668 -4e-06 -1e-06 -3e-06 3.547312 13.447125 19.740206 64.072273 14.58081 11.233275 -0.780397 47.904221 -0.557281 -12.915185 1.86063 9.6063 2.243541 -5.255037 -3.180158 14.282887 -0.826595 6.952503 -1e-06 -12.690601 0.0 16.263668 -17.709864 2.568185 1.665665 -1.955921 -2.878298 4.727796 -4.170585 4.993924 11.02052 1e-06 0.0 12.109046 -3.735717 -2.866782 -0.0 0.0 -0.0 1.291986 -1.928549 -1.498088 14.800125 0.567468 3.865609 14.242569 -1.341737 -6.660656 19.631962 0.143925 -0.648243 49.891209 -0.789406 -6.476286 0.353031 -1.51115 -0.031937 20.222784 3.684308 2.31663 18.78727 3e-06 -0.0 10.751625 -0.479869 1.397906 0.0 0.0 1e-06 3.273804 0.305947 -0.580111 21.486807 11.830372 2.266136 8.162924 1e-06 0.0 18.399076 -3.798988 -4.940575 3e-06 -1e-06 -0.0 5.104943 16.243727 -20.82999 -0.15353 -0.322657 31.934423 -10.486452 7.401052 -8.000021 1.659966 -2.098632 0.412757 0.0 -0.0 2e-06 -15.640064 -5.209077 -26.447598 0.266851 0.403998 38.633778 10.544167 8.168733 -9.59784 -1.42758 0.865183 -1.159119 -0.0 -0.0 -1e-06 
0.0 0.0 0.0 0.0 -0.0 0.0 -11.391329 95.848122 -29.898214 175.829193 4.041247 -179.015732 -2.838823 0.321869 6.577753 -1.111584 0.285635 -2.27341 -2.939506 -1.197878 19.750517 2.274882 1.953603 0.25511 0.143935 1.670588 -3.603812 2.808884 0.603354 -13.538379 7.7e-05 -2.3e-05 6e-06 -0.007332 0.014435 -0.004756 0.679759 -3.712208 -10.609707 -0.704155 3.751944 -10.634002 -3.132932 -7.653313 17.398506 -57.840473 -19.76895 12.055904 -0.085503 -43.795765 0.1367 21.954271 -2.93316 0.737809 -5.882102 9.861277 0.70259 -10.936861 -0.360576 7.156196 1e-06 8.774817 -1e-06 -15.801629 18.679918 6.293436 -1.844031 2.498501 -2.507276 -10.163589 4.67894 4.621103 -20.976004 -5e-06 0.0 -21.226265 2.451694 -3.593996 3e-06 -6e-06 -3e-06 -1.36268 2.240797 -0.746322 -21.334896 0.584906 3.008317 -13.821201 -3e-06 2e-06 -23.887146 -0.249078 -0.839481 -60.221798 2.720866 -1.190477 -0.294024 1.679684 0.833258 -14.218193 0.093214 1.300579 -34.212013 -0.287564 0.967166 -20.033194 0.964534 1.212841 1e-06 -0.0 2e-06 -3.440385 0.788233 0.501655 -15.928168 -3.167306 2.999701 -6.338818 -2e-06 0.0 -18.123426 3.648179 -4.905665 -5e-06 0.0 -2e-06 3.889113 13.358618 19.698252 64.148079 14.627226 12.649827 -0.670605 47.339344 -0.413143 -12.654439 2.298561 8.748098 2.243541 -5.255033 -3.180158 14.282883 -0.826592 6.952501 -3e-06 -12.690597 -1e-06 16.229229 -17.666142 2.575011 1.665664 -1.955921 -2.8783 4.727796 -4.170583 4.993922 11.020519 3e-06 0.0 12.109043 -3.735713 -2.866785 -0.0 1e-06 1e-06 1.291985 -1.928548 -1.49809 14.800122 0.567468 3.865604 14.242564 -1.341734 -6.660657 19.631958 0.143925 -0.648243 49.909531 -0.765236 -6.473815 0.353028 -1.511149 -0.031941 20.222784 3.684308 2.31663 18.787266 3e-06 -1e-06 10.751622 -0.479869 1.397906 1e-06 0.0 1e-06 3.273805 0.305947 -0.580109 21.486803 11.830368 2.266133 8.162924 5e-06 -1e-06 18.399075 -3.798982 -4.940571 3e-06 -1e-06 -2e-06 5.498692 17.14687 -19.186138 -0.14928 -0.350188 28.213747 -10.389098 7.298061 -6.616294 1.664435 -2.092291 0.14272 -0.0 -1e-06 2e-06 -14.865652 -4.879014 -25.282665 0.241153 0.40367 35.139713 10.658439 8.123236 -8.478423 -1.428913 0.896539 -1.352738 0.0 0.0 -1e-06 
0.0 0.0 0.0 0.0 -0.0 0.0 -11.19045 96.583733 -30.091385 176.384567 4.673118 -178.345627 -2.65021 0.285956 6.001774 -1.070129 0.196321 -2.515842 -2.720939 -1.259721 19.434029 1.913645 2.061242 0.495492 0.251735 1.97654 -3.585191 2.688093 1.118626 -13.214008 7.7e-05 -2.2e-05 6e-06 -0.003795 -0.010255 0.004023 0.672515 -3.740182 -10.62419 -0.690137 3.729353 -10.645221 -3.436071 -7.477426 17.282789 -57.896572 -18.944002 13.758893 0.001496 -43.587631 0.030932 21.585297 -2.566424 0.481558 -5.8821 9.861277 0.702588 -10.936862 -0.360575 7.156199 0.0 8.774819 0.0 -15.906025 18.657368 6.235897 -1.844032 2.498503 -2.507275 -10.16359 4.678943 4.621104 -20.976006 -4e-06 -1e-06 -21.226271 2.451693 -3.594 2e-06 -5e-06 -3e-06 -1.362678 2.240796 -0.746324 -21.334896 0.584908 3.008318 -13.8212 -3e-06 0.0 -23.88715 -0.249082 -0.839484 -60.27478 2.783527 -1.191758 -0.294025 1.679684 0.833256 -14.218195 0.093214 1.300578 -34.212021 -0.287565 0.967168 -20.033197 0.964532 1.212843 2e-06 -0.0 2e-06 -3.440385 0.788233 0.501655 -15.928168 -3.167306 2.999701 -6.338819 -2e-06 0.0 -18.123426 3.648178 -4.905667 -4e-06 0.0 -3e-06 4.258976 13.30165 19.619194 64.178444 14.899891 14.32142 -0.604189 46.637691 -0.328485 -12.374713 2.600109 8.212273 2.243541 -5.255035 -3.180155 14.282886 -0.826595 6.952502 -1e-06 -12.690598 -2e-06 16.181517 -17.59301 2.562465 1.665666 -1.95592 -2.878298 4.727796 -4.170586 4.993917 11.02052 3e-06 -1e-06 12.109048 -3.735714 -2.866784 0.0 0.0 0.0 1.291985 -1.928548 -1.498088 14.800122 0.567468 3.865606 14.242566 -1.341736 -6.660655 19.631958 0.143924 -0.648245 49.924339 -0.715209 -6.452989 0.353028 -1.511149 -0.031941 20.222784 3.684306 2.316631 18.787268 2e-06 -1e-06 10.751624 -0.47987 1.397907 1e-06 1e-06 2e-06 3.273805 0.305947 -0.580112 21.486803 11.83037 2.26613 8.162923 3e-06 -2e-06 18.399071 -3.798982 -4.940575 3e-06 -1e-06 -1e-06 6.185782 18.019241 -17.777021 -0.134823 -0.370456 24.79377 -10.420121 7.11604 -5.246931 1.666316 -2.08743 -0.147221 -0.0 -1e-06 2e-06 -13.838584 -4.66854 -24.294971 0.209329 0.379874 31.96447 10.694171 8.211403 -7.473241 -1.429256 0.912806 -1.50018 0.0 0.0 -1e-06 
0.0 0.0 0.0 0.0 -0.0 0.0 -10.714044 97.119835 -30.373409 177.027618 5.21937 -177.717346 -2.431724 0.245321 5.477337 -1.053617 0.110538 -2.726738 -2.513521 -1.330479 19.158657 1.652295 2.14067 0.607602 0.368482 2.231589 -3.574748 2.63484 1.567711 -12.816833 7.7e-05 -2.3e-05 6e-06 -0.000788 -0.023957 0.011039 0.665944 -3.752547 -10.631515 -0.677792 3.713316 -10.647779 -3.678416 -7.288292 17.101898 -57.9324 -18.225664 15.725064 0.111762 -43.397644 -0.079827 21.209055 -2.312955 0.683662 -5.8821 9.861278 0.702589 -10.936863 -0.360575 7.156203 -1e-06 8.774817 -2e-06 -16.032721 18.605761 6.163138 -1.844033 2.498505 -2.507278 -10.163594 4.67894 4.621107 -20.976009 -3e-06 3e-06 -21.226271 2.451697 -3.593997 2e-06 -4e-06 -3e-06 -1.362682 2.240797 -0.746327 -21.3349 0.584909 3.008325 -13.821203 -3e-06 3e-06 -23.887152 -0.249075 -0.839478 -60.349167 2.80426 -1.157137 -0.294024 1.679685 0.833255 -14.218197 0.093215 1.300581 -34.212017 -0.287559 0.967174 -20.033195 0.964539 1.212843 2e-06 1e-06 1e-06 -3.440386 0.788233 0.501655 -15.928174 -3.167306 2.999706 -6.33882 -1e-06 1e-06 -18.12343 3.64818 -4.905664 -5e-06 1e-06 -3e-06 4.600723 13.273239 19.48967 64.264885 15.321421 15.891523 -0.554474 45.953068 -0.283297 -12.227701 2.827366 7.875112 2.243541 -5.255035 -3.180157 14.282885 -0.826594 6.9525 -2e-06 -12.690598 -1e-06 16.147573 -17.520802 2.538102 1.665667 -1.955922 -2.8783 4.727797 -4.170585 4.993922 11.020521 3e-06 -1e-06 12.109046 -3.735715 -2.866782 1e-06 0.0 0.0 1.291985 -1.928549 -1.498089 14.800122 0.567468 3.865607 14.242565 -1.341736 -6.660655 19.631958 0.143925 -0.648244 49.909061 -0.661143 -6.427108 0.353028 -1.511149 -0.031941 20.222784 3.684309 2.31663 18.787266 3e-06 1e-06 10.751624 -0.479867 1.397908 3e-06 0.0 -1e-06 3.273805 0.305947 -0.580111 21.486807 11.830369 2.266131 8.162923 3e-06 -2e-06 18.399071 -3.798982 -4.94057 1e-06 -1e-06 -1e-06 7.064018 18.812588 -16.725861 -0.117755 -0.393153 22.12361 -10.573925 6.920691 -4.128881 1.662992 -2.070909 -0.401533 0.0 -0.0 2e-06 -12.684427 -4.572595 -23.532494 0.179752 0.34744 29.354189 10.698275 8.444776 -6.695642 -1.429018 0.923397 -1.604257 0.0 0.0 -1e-06 
0.0 0.0 0.0 0.0 -0.0 0.0 -10.112601 97.423309 -30.593353 177.672531 5.707035 -177.168579 -2.208056 0.197823 5.05795 -1.065526 0.045176 -2.874948 -2.374056 -1.420077 18.941395 1.541914 2.174886 0.549935 0.48297 2.475582 -3.573556 2.658859 1.934912 -12.428352 7.7e-05 -2.2e-05 6e-06 -1.5e-05 -0.022214 0.012719 0.663061 -3.744415 -10.637991 -0.673265 3.707233 -10.648297 -3.878486 -7.132904 16.925234 -57.85046 -17.650333 17.743063 0.279025 -43.318073 -0.18616 20.687294 -2.169777 1.302784 -5.882101 9.861277 0.702593 -10.936863 -0.360576 7.156203 0.0 8.774818 -1e-06 -16.117275 18.532177 6.108587 -1.84403 2.498504 -2.507277 -10.163592 4.678941 4.621107 -20.976009 -5e-06 5e-06 -21.226273 2.451695 -3.593995 2e-06 -6e-06 -1e-06 -1.36268 2.240795 -0.746323 -21.3349 0.584908 3.008323 -13.821203 -4e-06 2e-06 -23.887154 -0.24908 -0.839479 -60.4123 2.791589 -1.110139 -0.294025 1.679683 0.833255 -14.218196 0.093213 1.300578 -34.212021 -0.287566 0.967176 -20.033197 0.964536 1.212846 1e-06 0.0 2e-06 -3.440386 0.788232 0.501654 -15.928176 -3.167306 2.999708 -6.338821 -1e-06 2e-06 -18.12343 3.64818 -4.905666 -4e-06 1e-06 -1e-06 4.795833 13.296054 19.321396 64.576164 15.934592 17.173243 -0.560923 45.224281 -0.303683 -12.306502 3.070398 7.501441 2.243541 -5.255033 -3.180156 14.28288 -0.826593 6.952494 -3e-06 -12.690594 0.0 16.132023 -17.478737 2.510927 1.665664 -1.955919 -2.878293 4.727794 -4.170585 4.993921 11.020516 3e-06 -2e-06 12.10904 -3.735713 -2.866785 1e-06 0.0 1e-06 1.291984 -1.928548 -1.498088 14.800115 0.567468 3.865604 14.242559 -1.341734 -6.660654 19.631952 0.143927 -0.648246 49.886726 -0.627278 -6.419898 0.35303 -1.511149 -0.031941 20.222775 3.684305 2.316629 18.787256 2e-06 -0.0 10.751619 -0.479869 1.397906 1e-06 2e-06 1e-06 3.273805 0.305947 -0.58011 21.486794 11.830366 2.26613 8.162921 2e-06 -1e-06 18.399067 -3.798983 -4.940572 2e-06 0.0 -1e-06 8.01616 19.521513 -16.13076 -0.111778 -0.42159 20.467419 -10.810244 6.734092 -3.412025 1.656293 -2.043143 -0.526891 0.0 -0.0 2e-06 -11.536697 -4.565774 -23.087004 0.160934 0.307055 27.521112 10.6722 8.836285 -6.219727 -1.426164 0.931161 -1.612486 0.0 0.0 -1e-06 
0.0 0.0 0.0 0.0 -0.0 0.0 -9.434249 97.492981 -30.718094 178.220734 6.196771 -176.708817 -2.031285 0.166435 4.732841 -1.112905 0.033282 -2.954486 -2.36636 -1.532195 18.849483 1.632016 2.179462 0.340771 0.571742 2.708837 -3.584656 2.739587 2.235551 -12.211761 7.7e-05 -2.3e-05 6e-06 -0.002017 -0.011642 0.006797 0.659617 -3.727901 -10.648667 -0.673506 3.710438 -10.655178 -4.15902 -7.038267 16.789986 -57.485905 -17.244108 19.595642 0.523802 -43.323399 -0.317464 20.099308 -2.10869 1.902463 -5.882102 9.861283 0.70259 -10.936866 -0.360577 7.156205 2e-06 8.774822 0.0 -16.135498 18.456802 6.104296 -1.844032 2.498504 -2.507278 -10.163594 4.678941 4.621105 -20.976015 -7e-06 2e-06 -21.226276 2.451694 -3.593997 0.0 -6e-06 -0.0 -1.36268 2.240798 -0.746324 -21.334904 0.584906 3.008324 -13.821206 -5e-06 1e-06 -23.887157 -0.249082 -0.839481 -60.444054 2.764755 -1.057571 -0.294025 1.679687 0.833258 -14.218201 0.093213 1.300581 -34.212036 -0.287567 0.967172 -20.033205 0.964536 1.212845 -1e-06 -0.0 0.0 -3.440387 0.788232 0.501655 -15.928183 -3.167312 2.999709 -6.338823 -2e-06 0.0 -18.12344 3.648179 -4.905668 -4e-06 1e-06 -1e-06 4.893711 13.406435 19.191687 65.122765 16.835503 18.093124 -0.690518 44.294521 -0.407233 -12.753922 3.340972 6.919372 2.243541 -5.255034 -3.180156 14.282885 -0.826593 6.952498 -3e-06 -12.690599 0.0 16.15803 -17.527822 2.493117 1.665666 -1.95592 -2.878296 4.727796 -4.170586 4.99392 11.020521 4e-06 -2e-06 12.109048 -3.735712 -2.866783 0.0 0.0 0.0 1.291986 -1.928548 -1.498089 14.800122 0.567469 3.865605 14.242568 -1.341732 -6.660657 19.631962 0.143928 -0.648246 49.895973 -0.610907 -6.456096 0.353027 -1.511149 -0.031942 20.222784 3.684309 2.316628 18.787266 6e-06 -1e-06 10.751622 -0.479867 1.397904 0.0 2e-06 3e-06 3.273806 0.305946 -0.58011 21.486809 11.830373 2.266131 8.162923 2e-06 -1e-06 18.399076 -3.798981 -4.940575 2e-06 -1e-06 -0.0 8.928606 20.096451 -15.941537 -0.118004 -0.441748 19.736992 -11.079974 6.680552 -3.111682 1.649132 -2.028299 -0.517606 0.0 -0.0 2e-06 -10.520962 -4.613946 -23.084196 0.148265 0.246242 26.620846 10.525438 9.408835 -5.999884 -1.418456 0.940983 -1.500992 0.0 0.0 -1e-06 
0.0 0.0 0.0 0.0 -0.0 0.0 -8.868659 97.391823 -30.817165 178.604324 6.712809 -176.344116 -1.951908 0.191138 4.475067 -1.184162 0.053071 -2.99464 -2.528747 -1.636302 18.936926 1.936125 2.167488 0.044852 0.627724 2.905271 -3.593762 2.870677 2.501988 -12.314966 7.7e-05 -2.2e-05 6e-06 -0.005311 -0.005668 -0.003776 0.660023 -3.722749 -10.661426 -0.680528 3.716833 -10.66907 -4.593153 -7.009529 16.70117 -56.873985 -17.061058 20.861023 0.631198 -43.220982 -0.406606 19.609331 -2.123922 2.107491 -5.882098 9.861275 0.702589 -10.936859 -0.360575 7.1562 1e-06 8.774815 -2e-06 -16.152851 18.411024 6.126603 -1.844029 2.498502 -2.507273 -10.16359 4.678937 4.621103 -20.976004 -5e-06 4e-06 -21.226267 2.451694 -3.593995 1e-06 -6e-06 1e-06 -1.362681 2.240797 -0.746325 -21.334894 0.584908 3.008323 -13.821199 -3e-06 2e-06 -23.887146 -0.249076 -0.839479 -60.494473 2.753096 -1.018716 -0.294022 1.679684 0.833255 -14.218193 0.093214 1.300583 -34.212013 -0.287563 0.967174 -20.033194 0.964537 1.212846 -1e-06 0.0 -0.0 -3.440387 0.788232 0.501654 -15.928168 -3.167307 2.999706 -6.33882 -1e-06 2e-06 -18.123426 3.648179 -4.905664 -4e-06 1e-06 -1e-06 5.062274 13.566965 19.156883 65.734787 18.029411 18.507471 -0.764115 43.073708 -0.449275 -13.579842 3.494617 6.030083 2.243537 -5.255029 -3.180155 14.282872 -0.82659 6.9525 -4e-06 -12.690588 -2e-06 16.200089 -17.639482 2.502138 1.665663 -1.95592 -2.878298 4.727793 -4.17058 4.993921 11.020511 4e-06 1e-06 12.109034 -3.735709 -2.866779 0.0 0.0 0.0 1.291983 -1.928547 -1.498088 14.800108 0.567469 3.865606 14.242552 -1.341734 -6.660646 19.631939 0.143925 -0.648236 49.979855 -0.642731 -6.496733 0.353029 -1.511149 -0.03194 20.222767 3.684306 2.316634 18.787251 4e-06 4e-06 10.751615 -0.47987 1.397908 1e-06 2e-06 -1e-06 3.273803 0.305947 -0.580109 21.486792 11.830361 2.266135 8.162919 3e-06 0.0 18.399059 -3.79898 -4.940567 2e-06 -0.0 -1e-06 9.69186 20.741812 -15.987837 -0.136392 -0.459661 19.566837 -11.312699 6.584198 -3.022302 1.644412 -2.03904 -0.473165 -0.0 -1e-06 2e-06 -9.704831 -4.770204 -23.478168 0.139767 0.165406 26.559435 10.25812 10.165702 -6.012975 -1.412081 0.936966 -1.248832 -0.0 -0.0 -1e-06 
0.0 0.0 0.0 0.0 -0.0 0.0 -8.408669 97.306808 -30.924278 178.919037 7.227145 -175.988235 -1.93002 0.210602 4.194715 -1.247766 0.108264 -3.034802 -2.7607 -1.623547 19.241802 2.331882 2.099902 -0.445716 0.631102 3.011354 -3.578502 3.092958 2.690659 -12.458867 7.7e-05 -2.3e-05 6e-06 -0.007962 -0.010133 -0.019435 0.666424 -3.728802 -10.672525 -0.692748 3.715217 -10.681651 -5.154781 -7.022738 16.745815 -56.253269 -17.211493 21.161982 0.437992 -42.872482 -0.314997 19.372427 -2.176794 1.950773 -5.882108 9.861289 0.702588 -10.936875 -0.360573 7.156208 -0.0 8.774828 -3e-06 -16.198078 18.396725 6.124513 -1.844034 2.498506 -2.507282 -10.163604 4.678948 4.621109 -20.976032 -1e-06 4e-06 -21.226295 2.4517 -3.594001 -1e-06 -7e-06 2e-06 -1.362685 2.240799 -0.746323 -21.334921 0.584912 3.008323 -13.82122 -1e-06 4e-06 -23.887182 -0.249075 -0.839486 -60.493591 2.721769 -1.022133 -0.294027 1.679687 0.833256 -14.218213 0.093216 1.300579 -34.212063 -0.287563 0.96717 -20.03322 0.964537 1.212845 1e-06 -0.0 -1e-06 -3.440391 0.788235 0.501655 -15.928192 -3.16731 2.999707 -6.338829 -0.0 0.0 -18.123455 3.648185 -4.905674 -3e-06 0.0 -2e-06 5.246624 13.701056 19.127722 66.355659 19.397459 18.533993 -0.645614 41.59182 -0.411487 -14.404454 3.438623 4.893987 2.243541 -5.255036 -3.18016 14.282887 -0.826593 6.952501 -3e-06 -12.690601 -1e-06 16.214888 -17.715179 2.509938 1.665666 -1.955921 -2.878299 4.727799 -4.170586 4.993923 11.020524 3e-06 -2e-06 12.109052 -3.735714 -2.866786 0.0 0.0 -1e-06 1.291987 -1.928549 -1.498088 14.800125 0.567469 3.865605 14.242569 -1.341735 -6.660657 19.631968 0.143927 -0.648248 50.018585 -0.677854 -6.552233 0.353029 -1.511149 -0.03194 20.222786 3.68431 2.316626 18.78727 5e-06 -2e-06 10.751627 -0.479868 1.397905 0.0 1e-06 -2e-06 3.273806 0.305947 -0.580111 21.486809 11.830371 2.266131 8.162924 3e-06 -2e-06 18.399076 -3.798983 -4.940576 2e-06 -0.0 -1e-06 10.314081 21.529423 -16.02405 -0.143969 -0.460063 19.313705 -11.442012 6.412596 -2.822527 1.643492 -2.062366 -0.455139 0.0 -1e-06 2e-06 -8.946567 -5.071772 -23.939432 0.127839 0.115229 26.665302 9.885947 10.962736 -6.048813 -1.407381 0.919625 -0.939577 0.0 0.0 -1e-06 
0.0 0.0 0.0 0.0 -0.0 0.0 -8.070397 97.338188 -31.031889 179.289764 7.642587 -175.686234 -1.928889 0.219153 3.99394 -1.278088 0.13535 -3.056075 -2.878437 -1.533073 19.488813 2.570637 2.012077 -0.763216 0.675331 3.076318 -3.597871 3.272849 2.808136 -12.384253 7.7e-05 -2.3e-05 6e-06 -0.00374 -0.042241 -0.028163 0.67851 -3.759916 -10.679576 -0.696728 3.683366 -10.69171 -5.448067 -7.055996 16.791925 -56.37616 -17.429136 20.709454 0.173904 -42.153908 -0.104499 19.642237 -2.256605 1.432654 -5.882108 9.861286 0.702589 -10.936872 -0.360574 7.156203 -1e-06 8.774824 -2e-06 -16.224781 18.344603 6.120379 -1.844031 2.498504 -2.507282 -10.163602 4.678945 4.621108 -20.976027 -2e-06 -1e-06 -21.226294 2.451697 -3.594003 -1e-06 -6e-06 0.0 -1.362683 2.240799 -0.746325 -21.334917 0.584911 3.008322 -13.821217 -1e-06 3e-06 -23.88718 -0.249077 -0.839487 -60.53577 2.728115 -0.991081 -0.294025 1.679688 0.833256 -14.218211 0.093217 1.300578 -34.212055 -0.287561 0.967165 -20.033218 0.964538 1.212841 -2e-06 0.0 -0.0 -3.440388 0.788235 0.501654 -15.928185 -3.167307 2.999707 -6.338827 -1e-06 0.0 -18.123447 3.648183 -4.905672 -5e-06 1e-06 -1e-06 5.107419 13.887893 18.984327 67.098923 20.530123 18.751066 -0.532208 40.176105 -0.385005 -14.704404 3.114249 4.102043 2.243542 -5.255037 -3.180157 14.282885 -0.826599 6.9525 1e-06 -12.690601 1e-06 16.209181 -17.711975 2.461297 1.665666 -1.955922 -2.878298 4.727798 -4.170588 4.993924 11.02052 -0.0 -1e-06 12.109047 -3.735719 -2.866786 0.0 0.0 0.0 1.291986 -1.928548 -1.498086 14.800122 0.567464 3.865609 14.242568 -1.341743 -6.660655 19.631958 0.143921 -0.648247 49.911629 -0.670742 -6.599735 0.353028 -1.511149 -0.031941 20.222784 3.684305 2.316629 18.787266 -0.0 -1e-06 10.751622 -0.479871 1.397903 0.0 2e-06 -2e-06 3.273805 0.305946 -0.58011 21.486803 11.830368 2.266134 8.162924 1e-06 -1e-06 18.399076 -3.798988 -4.940574 2e-06 -0.0 -0.0 10.881489 22.374327 -15.78953 -0.138858 -0.446826 18.700209 -11.404297 6.193315 -2.458486 1.647329 -2.073532 -0.528622 0.0 -1e-06 2e-06 -8.189905 -5.520525 -24.0861 0.130443 0.114049 26.361839 9.552309 11.775982 -5.851539 -1.40742 0.883043 -0.855913 0.0 -0.0 -1e-06 
0.0 0.0 0.0 0.0 -0.0 0.0 -7.887983 97.451263 -31.119886 179.532623 7.911288 -175.412064 -1.983018 0.208501 3.923423 -1.312539 0.175052 -3.0943 -2.939966 -1.420112 19.544666 2.639363 1.976177 -0.869655 0.713746 3.101845 -3.629573 3.378758 2.783448 -12.144121 7.7e-05 -2.2e-05 6e-06 0.001181 -0.065283 -0.026714 0.691289 -3.783753 -10.697271 -0.699777 3.661237 -10.715054 -5.42158 -7.136638 16.703888 -57.072655 -17.380247 19.859999 -0.006619 -41.513622 0.039501 20.267752 -2.384702 0.546928 -5.882102 9.861279 0.702591 -10.936865 -0.360577 7.156196 2e-06 8.774821 0.0 -16.20179 18.235415 6.129104 -1.844031 2.498502 -2.507275 -10.163593 4.67894 4.621101 -20.976017 -9e-06 -0.0 -21.226276 2.45169 -3.593999 2e-06 -6e-06 -0.0 -1.36268 2.240798 -0.746322 -21.334904 0.584906 3.008316 -13.821206 -7e-06 1e-06 -23.887161 -0.249086 -0.839481 -60.493935 2.746127 -0.963812 -0.294024 1.679687 0.833256 -14.2182 0.093213 1.300576 -34.212032 -0.287572 0.967166 -20.033203 0.964532 1.212844 0.0 0.0 1e-06 -3.440385 0.788231 0.501655 -15.928179 -3.167312 2.999701 -6.338821 -2e-06 -1e-06 -18.123436 3.648176 -4.905668 -4e-06 -0.0 -2e-06 4.651421 14.076941 18.725084 67.805084 21.136923 19.173891 -0.41547 39.350597 -0.367726 -14.251334 2.690803 3.631932 2.243541 -5.255033 -3.180155 14.282885 -0.826592 6.952497 -4e-06 -12.690598 2e-06 16.189638 -17.638767 2.431006 1.665666 -1.95592 -2.878296 4.727796 -4.170584 4.993921 11.02052 5e-06 -0.0 12.109046 -3.735713 -2.866781 -0.0 0.0 0.0 1.291986 -1.928548 -1.498088 14.800123 0.567471 3.865606 14.242566 -1.341734 -6.660656 19.631962 0.14393 -0.648243 49.828083 -0.633875 -6.608385 0.353029 -1.511149 -0.03194 20.222784 3.684311 2.316627 18.787266 6e-06 -1e-06 10.751624 -0.479867 1.397906 2e-06 2e-06 -2e-06 3.273804 0.305947 -0.580112 21.486807 11.830374 2.266131 8.162924 3e-06 0.0 18.399076 -3.798979 -4.940573 2e-06 -1e-06 -0.0 11.168588 23.011541 -15.414607 -0.127085 -0.439428 17.795427 -11.318413 6.022875 -2.081711 1.651318 -2.054775 -0.64941 0.0 -1e-06 2e-06 -7.673854 -6.079833 -24.006824 0.140406 0.138183 25.7486 9.370081 12.559695 -5.53567 -1.411712 0.84661 -0.860448 0.0 -0.0 -1e-06 
0.0 0.0 0.0 0.0 -0.0 0.0 -7.833442 97.617844 -31.199476 179.591553 8.066495 -175.135422 -2.092324 0.187186 3.872267 -1.354871 0.23115 -3.145553 -3.046071 -1.320804 19.506451 2.619812 2.02256 -0.926997 0.685439 3.096455 -3.643164 3.439328 2.689502 -11.872342 7.7e-05 -2.2e-05 5e-06 0.004686 -0.06765 -0.017736 0.700602 -3.787554 -10.702604 -0.702034 3.659581 -10.722803 -5.461198 -7.23441 16.584379 -57.493603 -17.067083 18.880625 -0.141979 -41.253727 0.114287 20.885599 -2.617128 -0.771549 -5.882104 9.861281 0.702592 -10.936865 -0.360576 7.1562 1e-06 8.774822 0.0 -16.147387 18.133825 6.146644 -1.844035 2.498503 -2.507277 -10.163594 4.678942 4.621103 -20.976015 -6e-06 -2e-06 -21.226276 2.451692 -3.594002 0.0 -6e-06 -1e-06 -1.362682 2.240796 -0.746323 -21.334906 0.584908 3.00832 -13.821206 -4e-06 -0.0 -23.887157 -0.249081 -0.839485 -60.415905 2.750878 -0.967599 -0.294025 1.679688 0.833256 -14.218201 0.093212 1.300577 -34.212036 -0.287569 0.967167 -20.033205 0.964533 1.212842 -1e-06 0.0 0.0 -3.440387 0.788233 0.501656 -15.928181 -3.167308 2.999705 -6.338823 -2e-06 -1e-06 -18.12344 3.64818 -4.90567 -4e-06 1e-06 -1e-06 4.265845 14.272566 18.519541 68.1595 21.35829 19.537483 -0.32094 39.109966 -0.347514 -13.484257 2.404359 3.090083 2.24354 -5.255035 -3.180157 14.282887 -0.826593 6.952497 -4e-06 -12.6906 -0.0 16.209221 -17.565975 2.433993 1.665666 -1.95592 -2.878298 4.727797 -4.170585 4.993921 11.020522 4e-06 0.0 12.109049 -3.735713 -2.866784 -0.0 0.0 0.0 1.291985 -1.928548 -1.498088 14.800122 0.56747 3.865604 14.242566 -1.341734 -6.660653 19.631958 0.143928 -0.648243 49.820648 -0.598806 -6.614044 0.353028 -1.51115 -0.031938 20.222784 3.684311 2.316629 18.787268 7e-06 -1e-06 10.751622 -0.479867 1.397906 0.0 1e-06 -2e-06 3.273805 0.305947 -0.58011 21.486809 11.830371 2.266129 8.162922 3e-06 -2e-06 18.399075 -3.798981 -4.940572 2e-06 -1e-06 -0.0 11.137016 23.442852 -14.974188 -0.116391 -0.429292 16.645702 -11.272621 5.918039 -1.655375 1.654025 -2.034702 -0.758991 -0.0 -1e-06 2e-06 -7.468121 -6.558164 -23.83602 0.150826 0.169204 24.973087 9.343215 13.110448 -5.177028 -1.41509 0.830068 -0.886709 0.0 0.0 -1e-06 
0.0 0.0 0.0 0.0 -0.0 0.0 -7.899045 97.795952 -31.296011 179.500824 8.119689 -174.894119 -2.240865 0.181002 3.800873 -1.393021 0.287088 -3.196853 -3.222213 -1.276223 19.470484 2.554966 2.106386 -0.996513 0.626053 3.073803 -3.661707 3.463037 2.598899 -11.609471 7.7e-05 -2.2e-05 6e-06 0.005765 -0.057273 -0.010486 0.703609 -3.777473 -10.696309 -0.702584 3.669036 -10.715667 -5.564739 -7.297372 16.474649 -57.453079 -16.691408 18.238735 -0.191362 -41.235161 0.125677 21.227745 -2.828082 -2.060664 -5.882101 9.861279 0.702588 -10.936865 -0.360575 7.1562 2e-06 8.774819 -2e-06 -16.094622 18.112501 6.171398 -1.84403 2.498502 -2.507277 -10.163595 4.678941 4.621106 -20.976013 -6e-06 1e-06 -21.226273 2.45169 -3.593997 1e-06 -5e-06 -2e-06 -1.362682 2.240796 -0.746324 -21.334904 0.584906 3.008319 -13.821207 -6e-06 -0.0 -23.887159 -0.249084 -0.839483 -60.389385 2.77394 -0.981257 -0.294023 1.679686 0.833255 -14.218203 0.093212 1.300579 -34.212036 -0.287571 0.967169 -20.033205 0.964531 1.212843 -3e-06 -0.0 -2e-06 -3.440387 0.788233 0.501654 -15.928179 -3.167309 2.999702 -6.338821 -2e-06 2e-06 -18.123436 3.648177 -4.905665 -5e-06 -0.0 -2e-06 4.027335 14.434516 18.374828 68.205025 21.38376 19.704777 -0.179948 39.188919 -0.303864 -12.866499 2.28616 2.381279 2.243538 -5.255032 -3.180153 14.282874 -0.826593 6.952492 -3e-06 -12.690593 -1e-06 16.279964 -17.530348 2.436196 1.665663 -1.955919 -2.878295 4.727794 -4.170584 4.993922 11.020513 4e-06 -1e-06 12.109036 -3.735711 -2.866781 -0.0 0.0 1e-06 1.291984 -1.928548 -1.498088 14.80011 0.56747 3.865602 14.242555 -1.341734 -6.660647 19.631941 0.143927 -0.648245 49.888203 -0.571922 -6.613998 0.353028 -1.511149 -0.031939 20.222769 3.684308 2.316631 18.787251 4e-06 4e-06 10.751615 -0.479868 1.397905 0.0 1e-06 -1e-06 3.273804 0.305947 -0.580109 21.48679 11.830368 2.266129 8.162919 3e-06 0.0 18.399059 -3.798983 -4.940569 3e-06 -1e-06 -0.0 10.872142 23.695255 -14.456582 -0.101032 -0.407551 15.328918 -11.31424 5.845693 -1.242939 1.654728 -2.031143 -0.849423 0.0 -1e-06 2e-06 -7.538401 -6.88203 -23.564188 0.158933 0.198796 24.108894 9.435322 13.348862 -4.850899 -1.416665 0.827284 -0.918403 0.0 0.0 -1e-06 
0.0 0.0 0.0 0.0 -0.0 0.0 -8.073601 97.964607 -31.442743 179.350555 8.086663 -174.718277 -2.395482 0.188027 3.73733 -1.417036 0.321435 -3.245249 -3.408426 -1.246147 19.428928 2.457876 2.18965 -1.035958 0.560267 3.04633 -3.681385 3.482626 2.480293 -11.390663 7.7e-05 -2.3e-05 6e-06 0.005689 -0.050074 -0.007053 0.702791 -3.770224 -10.688319 -0.701508 3.67499 -10.705266 -5.627873 -7.373781 16.389597 -57.096413 -16.356373 18.070076 -0.177926 -41.265171 0.11811 21.253637 -2.902718 -3.072361 -5.882103 9.861284 0.702591 -10.93687 -0.360576 7.156205 2e-06 8.774824 -2e-06 -16.063375 18.137442 6.18894 -1.844031 2.498503 -2.507279 -10.163597 4.678942 4.621107 -20.976021 -7e-06 2e-06 -21.22628 2.451693 -3.593999 1e-06 -5e-06 -0.0 -1.362682 2.240798 -0.746323 -21.334913 0.584905 3.008322 -13.821213 -3e-06 0.0 -23.887167 -0.249082 -0.83948 -60.410667 2.811434 -1.004256 -0.294025 1.679688 0.833256 -14.218207 0.093212 1.30058 -34.212048 -0.287568 0.967175 -20.033211 0.964534 1.212844 0.0 1e-06 2e-06 -3.440388 0.788233 0.501654 -15.928185 -3.16731 2.999707 -6.338824 -3e-06 -1e-06 -18.123444 3.648179 -4.905665 -5e-06 -0.0 -2e-06 3.857474 14.491117 18.290676 68.056808 21.379446 19.821627 -0.011729 39.350788 -0.232071 -12.473171 2.225428 1.578988 2.243541 -5.255035 -3.180153 14.282883 -0.826592 6.952497 -4e-06 -12.6906 -0.0 16.340075 -17.535288 2.440092 1.665666 -1.95592 -2.878297 4.727796 -4.170585 4.99392 11.02052 4e-06 0.0 12.109046 -3.735712 -2.866784 -0.0 -0.0 -2e-06 1.291985 -1.928548 -1.498087 14.800123 0.56747 3.865606 14.242564 -1.341735 -6.660655 19.631958 0.143931 -0.648244 50.00568 -0.559786 -6.607698 0.353028 -1.511149 -0.031941 20.222782 3.684313 2.316627 18.787266 7e-06 0.0 10.751622 -0.479866 1.397906 0.0 1e-06 -1e-06 3.273804 0.305947 -0.580112 21.486807 11.830376 2.266129 8.162923 4e-06 -1e-06 18.399075 -3.798978 -4.940573 2e-06 -1e-06 -1e-06 10.509883 23.838779 -13.90065 -0.086681 -0.390514 14.025249 -11.391371 5.724708 -0.909738 1.654086 -2.03929 -0.916838 0.0 -1e-06 2e-06 -7.773876 -7.050064 -23.187126 0.160159 0.224168 23.211851 9.596774 13.305655 -4.57553 -1.417057 0.83546 -0.992574 0.0 -0.0 -1e-06 
0.0 0.0 0.0 0.0 -0.0 0.0 -8.360301 98.110413 -31.649948 179.176178 8.030778 -174.606232 -2.54981 0.192831 3.676057 -1.427859 0.355045 -3.289624 -3.567823 -1.204961 19.383511 2.327275 2.266078 -1.034748 0.496279 3.000772 -3.698805 3.528836 2.32322 -11.216917 7.7e-05 -2.3e-05 7e-06 0.007947 -0.059552 -0.010924 0.701539 -3.780993 -10.6907 -0.695292 3.666168 -10.703458 -5.651339 -7.451101 16.346056 -56.586346 -16.113901 18.226042 -0.15911 -41.261806 0.126517 21.095648 -2.851079 -3.790732 -5.882097 9.861272 0.70259 -10.936852 -0.360574 7.156196 -2e-06 8.774813 -3e-06 -16.052452 18.16786 6.219891 -1.844029 2.498501 -2.507271 -10.163584 4.678937 4.621104 -20.975988 -0.0 4e-06 -21.22625 2.451699 -3.593993 1e-06 -5e-06 1e-06 -1.362678 2.240794 -0.746325 -21.334875 0.584911 3.00832 -13.821191 -0.0 2e-06 -23.887131 -0.249074 -0.839481 -60.480663 2.837423 -1.002604 -0.294023 1.679684 0.833253 -14.218185 0.093215 1.300581 -34.211994 -0.287557 0.967173 -20.03318 0.96454 1.212841 0.0 1e-06 2e-06 -3.440383 0.788234 0.501654 -15.928159 -3.167304 2.999704 -6.338815 -1e-06 3e-06 -18.123419 3.648181 -4.905662 -5e-06 -0.0 -1e-06 3.727794 14.462673 18.246199 67.775047 21.414812 20.003311 0.133764 39.45517 -0.13481 -12.300619 2.153383 0.923194 2.243538 -5.255031 -3.180155 14.282879 -0.826595 6.952499 -1e-06 -12.690586 0.0 16.35746 -17.539288 2.450695 1.665665 -1.95592 -2.878295 4.727797 -4.170582 4.993922 11.020516 1e-06 3e-06 12.109041 -3.735713 -2.866779 -0.0 -0.0 -1e-06 1.291984 -1.928549 -1.498088 14.800115 0.567468 3.865605 14.242558 -1.341737 -6.660649 19.63195 0.143922 -0.648242 50.114517 -0.557719 -6.592809 0.353028 -1.511149 -0.03194 20.222773 3.684302 2.316633 18.787256 1e-06 4e-06 10.751618 -0.47987 1.397905 1e-06 0.0 1e-06 3.273802 0.305948 -0.58011 21.486795 11.830356 2.26614 8.16292 1e-06 0.0 18.399069 -3.798985 -4.940569 1e-06 -1e-06 -1e-06 10.107658 23.881741 -13.361529 -0.074804 -0.377215 12.858731 -11.420903 5.628564 -0.641109 1.654337 -2.052934 -0.965175 0.0 -1e-06 2e-06 -8.126107 -7.095455 -22.786047 0.155548 0.23569 22.39266 9.835668 13.14365 -4.314804 -1.415565 0.85083 -1.11412 -0.0 -0.0 -1e-06 
0.0 0.0 0.0 0.0 -0.0 0.0 -8.754066 98.238091 -31.887276 178.964966 7.954027 -174.56665 -2.708248 0.188492 3.613987 -1.433652 0.395546 -3.310975 -3.707411 -1.120103 19.339052 2.16352 2.311963 -0.994763 0.45309 2.921617 -3.702858 3.590697 2.166965 -11.080949 7.7e-05 -2.3e-05 6e-06 0.012923 -0.080498 -0.021174 0.70314 -3.806074 -10.706914 -0.686452 3.64901 -10.713286 -5.649838 -7.5383 16.325632 -56.043602 -15.938185 18.524801 -0.145233 -41.206341 0.140462 20.910908 -2.693323 -4.456174 -5.8821 9.861279 0.702593 -10.936865 -0.360574 7.156199 0.0 8.774822 0.0 -16.041559 18.189915 6.27387 -1.844032 2.498503 -2.507275 -10.163593 4.678944 4.621104 -20.976009 -2e-06 1e-06 -21.226273 2.451696 -3.593997 2e-06 -6e-06 -1e-06 -1.36268 2.240795 -0.746322 -21.3349 0.58491 3.00832 -13.821205 -1e-06 3e-06 -23.887157 -0.249078 -0.839482 -60.583199 2.863595 -0.977725 -0.294022 1.679685 0.833254 -14.2182 0.093215 1.300579 -34.212032 -0.287566 0.967169 -20.033201 0.964535 1.212841 -2e-06 0.0 1e-06 -3.440387 0.788232 0.501656 -15.928177 -3.167306 2.999703 -6.338822 -2e-06 -2e-06 -18.12344 3.648183 -4.905666 -5e-06 -0.0 -1e-06 3.64621 14.376578 18.205223 67.399025 21.484217 20.290836 0.188364 39.464417 -0.046926 -12.279673 2.031661 0.421831 2.243544 -5.255036 -3.180157 14.282894 -0.826594 6.952499 -2e-06 -12.690603 0.0 16.327463 -17.54719 2.47946 1.665667 -1.955922 -2.8783 4.727799 -4.170588 4.993922 11.020529 4e-06 -3e-06 12.109055 -3.735716 -2.866786 -0.0 0.0 -0.0 1.291985 -1.928548 -1.498088 14.800129 0.567468 3.865602 14.242576 -1.341735 -6.660661 19.631969 0.14393 -0.648249 50.215546 -0.569854 -6.585384 0.353029 -1.511149 -0.03194 20.222797 3.68431 2.316622 18.787279 5e-06 -4e-06 10.751629 -0.479866 1.397902 2e-06 2e-06 -1e-06 3.273806 0.305947 -0.580112 21.486813 11.830374 2.266128 8.162927 4e-06 -1e-06 18.399084 -3.79898 -4.940581 2e-06 -2e-06 -2e-06 9.651506 23.861412 -12.877101 -0.063762 -0.364904 11.909214 -11.355519 5.564908 -0.42675 1.655097 -2.063838 -1.009396 0.0 -0.0 2e-06 -8.594939 -7.098476 -22.36788 0.146671 0.228697 21.715794 10.120729 13.009201 -4.076962 -1.412023 0.870752 -1.250609 0.0 0.0 -1e-06 
0.0 0.0 0.0 0.0 -0.0 0.0 -9.202655 98.361633 -32.123928 178.754807 7.848886 -174.587784 -2.832676 0.176046 3.534858 -1.441032 0.455281 -3.301682 -3.82728 -1.033994 19.305996 1.987287 2.296984 -0.915876 0.433931 2.862321 -3.696726 3.64439 2.036487 -10.977303 7.7e-05 -2.3e-05 6e-06 0.01745 -0.091901 -0.03412 0.705522 -3.819359 -10.711788 -0.678969 3.63878 -10.71281 -5.67745 -7.609232 16.307646 -55.55584 -15.800795 18.860394 -0.079767 -41.091858 0.115917 20.739208 -2.453846 -4.970249 -5.882101 9.861279 0.702591 -10.936863 -0.360573 7.1562 -1e-06 8.774817 -2e-06 -15.998946 18.21537 6.35632 -1.844032 2.498502 -2.507274 -10.163594 4.678944 4.621105 -20.976007 -1e-06 4e-06 -21.226271 2.451698 -3.593999 2e-06 -6e-06 1e-06 -1.36268 2.240797 -0.746323 -21.334896 0.584913 3.008322 -13.821202 -0.0 3e-06 -23.887152 -0.249071 -0.839482 -60.640537 2.885639 -0.925188 -0.294024 1.679686 0.833254 -14.218198 0.093216 1.300581 -34.212029 -0.287559 0.967169 -20.033201 0.964539 1.212842 0.0 1e-06 0.0 -3.440386 0.788233 0.501656 -15.928176 -3.167305 2.999707 -6.33882 -1e-06 0.0 -18.123434 3.648184 -4.905665 -4e-06 -0.0 -2e-06 3.631292 14.286696 18.214346 66.991356 21.55933 20.560215 0.119775 39.472336 -0.000692 -12.36355 1.873522 0.028889 2.243539 -5.255033 -3.180156 14.282878 -0.826594 6.952499 -0.0 -12.690595 -1e-06 16.267845 -17.58395 2.523472 1.665666 -1.95592 -2.878292 4.727796 -4.170584 4.993918 11.020516 2e-06 1e-06 12.10904 -3.735715 -2.866779 -0.0 0.0 1e-06 1.291983 -1.928548 -1.498088 14.800115 0.567468 3.865604 14.242558 -1.341738 -6.660649 19.631952 0.143924 -0.648242 50.280235 -0.595167 -6.576146 0.35303 -1.51115 -0.031941 20.222771 3.684307 2.316629 18.787254 1e-06 3e-06 10.751619 -0.47987 1.397907 1e-06 1e-06 0.0 3.273804 0.305947 -0.58011 21.48679 11.830362 2.266131 8.162921 4e-06 -1e-06 18.399067 -3.798983 -4.940569 2e-06 -1e-06 -0.0 9.192797 23.838224 -12.472616 -0.065655 -0.345907 11.252427 -11.226198 5.45569 -0.310782 1.658581 -2.061657 -1.042934 -0.0 0.0 2e-06 -9.106432 -7.061476 -21.923326 0.137416 0.224041 21.157419 10.386942 12.881418 -3.859138 -1.407888 0.885934 -1.391815 -0.0 0.0 -1e-06 
0.0 0.0 0.0 0.0 -0.0 0.0 -9.581502 98.492813 -32.306442 178.542847 7.77386 -174.658707 -2.929008 0.164042 3.456843 -1.450104 0.533606 -3.266872 -3.947277 -0.979131 19.231636 1.828218 2.208529 -0.754933 0.398391 2.902712 -3.699444 3.751272 1.872792 -10.969677 7.7e-05 -2.3e-05 6e-06 0.011422 -0.042732 -0.05061 0.704082 -3.765622 -10.695885 -0.688561 3.681967 -10.697386 -5.791305 -7.601197 16.322403 -55.158245 -15.687018 19.369736 0.216428 -40.96542 -0.051372 20.619135 -2.209933 -5.310117 -5.882101 9.86128 0.702588 -10.936863 -0.360577 7.156199 1e-06 8.774822 -2e-06 -15.949596 18.270458 6.453916 -1.844031 2.498502 -2.507275 -10.163594 4.67894 4.621104 -20.976011 -7e-06 -1e-06 -21.226273 2.45169 -3.593999 1e-06 -6e-06 -1e-06 -1.362681 2.240796 -0.746321 -21.3349 0.584905 3.008318 -13.821205 -4e-06 0.0 -23.887157 -0.249084 -0.839481 -60.639362 2.853338 -0.838801 -0.294023 1.679686 0.833254 -14.218198 0.093212 1.300577 -34.212021 -0.287572 0.967168 -20.033199 0.964529 1.212845 -1e-06 1e-06 -0.0 -3.440386 0.788234 0.501652 -15.928177 -3.167311 2.999703 -6.338822 -3e-06 1e-06 -18.123436 3.648177 -4.905668 -5e-06 0.0 -1e-06 3.709908 14.242851 18.274521 66.548401 21.459532 20.567156 0.129891 39.738689 0.073393 -12.493233 1.683237 -0.18989 2.243541 -5.255033 -3.180159 14.282885 -0.826591 6.952499 -4e-06 -12.690593 -2e-06 16.137211 -17.672178 2.611276 1.665665 -1.95592 -2.878298 4.727798 -4.170582 4.993923 11.02052 5e-06 0.0 12.109043 -3.735711 -2.866781 -1e-06 -0.0 0.0 1.291983 -1.928548 -1.498088 14.800122 0.567471 3.865607 14.242564 -1.341732 -6.660651 19.631954 0.143926 -0.648238 50.24052 -0.586758 -6.53967 0.353028 -1.511151 -0.031942 20.222784 3.68431 2.316631 18.787266 7e-06 3e-06 10.751622 -0.479867 1.39791 1e-06 1e-06 -2e-06 3.273805 0.305947 -0.58011 21.486809 11.830367 2.266137 8.162922 5e-06 -1e-06 18.399075 -3.79898 -4.940569 1e-06 -1e-06 -0.0 8.749484 23.859287 -12.092382 -0.082089 -0.332262 10.858423 -11.080199 5.263187 -0.356769 1.661728 -2.028531 -0.988274 -0.0 0.0 2e-06 -9.653614 -6.987692 -21.450348 0.142796 0.258653 20.665363 10.650633 12.76007 -3.636858 -1.40342 0.899997 -1.471612 0.0 0.0 -1e-06 
