HIERARCHY
ROOT Root
{
  OFFSET 0.0 0.0 0.0
  CHANNELS 6 Xposition Yposition Zposition Zrotation Yrotation Xrotation
  JOINT Hips
  {
    OFFSET 0.0 100.0 0.0
    CHANNELS 6 Xposition Yposition Zposition Zrotation Yrotation Xrotation
    JOINT Spine1
    {
      OFFSET 5.003913 -0.037094 -0.013727
      CHANNELS 3 Zrotation Yrotation Xrotation
      JOINT Spine2
      {
        OFFSET 7.125363 -1e-06 0.0
        CHANNELS 3 Zrotation Yrotation Xrotation
        JOINT Chest
        {
          OFFSET 7.594027 1e-06 0.0
          CHANNELS 3 Zrotation Yrotation Xrotation
          JOINT Neck1
          {
            OFFSET 26.313086 -0.460272 -0.181672
            CHANNELS 3 Zrotation Yrotation Xrotation
            JOINT Neck2
            {
              OFFSET 8.045911 0.0 0.0
              CHANNELS 3 Zrotation Yrotation Xrotation
              JOINT Head
              {
                OFFSET 6.432774 0.0 0.0
                CHANNELS 3 Zrotation Yrotation Xrotation
                JOINT HeadEnd
                {
                  OFFSET 16.169773 0.06451 0.00362
                  CHANNELS 3 Zrotation Yrotation Xrotation
                }
                JOINT Jaw
                {
                  OFFSET 0.108741 3.12938 0.002639
                  CHANNELS 3 Zrotation Yrotation Xrotation
                }
                JOINT LeftEye
                {
                  OFFSET 4.45173 8.166359 3.206392
                  CHANNELS 3 Zrotation Yrotation Xrotation
                }
                JOINT RightEye
                {
                  OFFSET 4.436895 8.135758 -3.222429
                  CHANNELS 3 Zrotation Yrotation Xrotation
                }
              }
            }
          }
          JOINT LeftShoulder
          {
            OFFSET 23.218927 5.195579 1.621656
            CHANNELS 3 Zrotation Yrotation Xrotation
            JOINT LeftArm
            {
              OFFSET 15.902118 2e-06 -2e-06
              CHANNELS 3 Zrotation Yrotation Xrotation
              JOINT LeftForeArm
              {
                OFFSET 28.739307 0.0 -1e-06
                CHANNELS 3 Zrotation Yrotation Xrotation
                JOINT LeftHand
                {
                  OFFSET 27.093981 -4e-06 0.0
                  CHANNELS 3 Zrotation Yrotation Xrotation
                  JOINT LeftHandThumb1
                  {
                    OFFSET 2.276781 3.380274 0.83384
                    CHANNELS 3 Zrotation Yrotation Xrotation
                    JOINT LeftHandThumb2
                    {
                      OFFSET 4.705309 -1e-06 -1e-06
                      CHANNELS 3 Zrotation Yrotation Xrotation
                      JOINT LeftHandThumb3
                      {
                        OFFSET 2.798515 0.0 3e-06
                        CHANNELS 3 Zrotation Yrotation Xrotation
                        JOINT LeftHandThumbEnd
                        {
                          OFFSET 3.180793 4e-06 -4e-06
                          CHANNELS 3 Zrotation Yrotation Xrotation
                        }
                      }
                    }
                  }
                  JOINT LeftHandIndex1
                  {
                    OFFSET 3.247786 2.352677 0.137192
                    CHANNELS 3 Zrotation Yrotation Xrotation
                    JOINT LeftHandIndex2
                    {
                      OFFSET 6.367095 1e-06 0.0
                      CHANNELS 3 Zrotation Yrotation Xrotation
                      JOINT LeftHandIndex3
                      {
                        OFFSET 3.662364 0.0 0.0
                        CHANNELS 3 Zrotation Yrotation Xrotation
                        JOINT LeftHandIndex4
                        {
                          OFFSET 2.329242 4e-06 -4e-06
                          CHANNELS 3 Zrotation Yrotation Xrotation
                          JOINT LeftHandIndexEnd
                          {
                            OFFSET 2.767823 1e-06 0.0
                            CHANNELS 3 Zrotation Yrotation Xrotation
                          }
                        }
                      }
                    }
                  }
                  JOINT LeftHandMiddle1
                  {
                    OFFSET 3.163612 0.945023 -0.406112
                    CHANNELS 3 Zrotation Yrotation Xrotation
                    JOINT LeftHandMiddle2
                    {
                      OFFSET 6.276789 3e-06 0.0
                      CHANNELS 3 Zrotation Yrotation Xrotation
                      JOINT LeftHandMiddle3
                      {
                        OFFSET 4.35652 -1e-06 4e-06
                        CHANNELS 3 Zrotation Yrotation Xrotation
                        JOINT LeftHandMiddle4
                        {
                          OFFSET 2.996877 0.0 8e-06
                          CHANNELS 3 Zrotation Yrotation Xrotation
                          JOINT LeftHandMiddleEnd
                          {
                            OFFSET 2.323256 3e-06 -4e-06
                            CHANNELS 3 Zrotation Yrotation Xrotation
                          }
                        }
                      }
                    }
                  }
                  JOINT LeftHandRing1
                  {
                    OFFSET 2.882606 -0.309162 0.107445
                    CHANNELS 3 Zrotation Yrotation Xrotation
                    JOINT LeftHandRing2
                    {
                      OFFSET 6.033198 0.0 4e-06
                      CHANNELS 3 Zrotation Yrotation Xrotation
                      JOINT LeftHandRing3
                      {
                        OFFSET 4.350578 3e-06 0.0
                        CHANNELS 3 Zrotation Yrotation Xrotation
                        JOINT LeftHandRing4
                        {
                          OFFSET 2.651321 2e-06 -7e-06
                          CHANNELS 3 Zrotation Yrotation Xrotation
                          JOINT LeftHandRingEnd
                          {
                            OFFSET 1.937663 1e-06 -4e-06
                            CHANNELS 3 Zrotation Yrotation Xrotation
                          }
                        }
                      }
                    }
                  }
                  JOINT LeftHandPinky1
                  {
                    OFFSET 2.865315 -1.525436 0.575687
                    CHANNELS 3 Zrotation Yrotation Xrotation
                    JOINT LeftHandPinky2
                    {
                      OFFSET 5.54936 1e-06 -8e-06
                      CHANNELS 3 Zrotation Yrotation Xrotation
                      JOINT LeftHandPinky3
                      {
                        OFFSET 3.070974 0.0 -4e-06
                        CHANNELS 3 Zrotation Yrotation Xrotation
                        JOINT LeftHandPinky4
                        {
                          OFFSET 1.549672 1e-06 0.0
                          CHANNELS 3 Zrotation Yrotation Xrotation
                          JOINT LeftHandPinkyEnd
                          {
                            OFFSET 1.952123 0.0 0.0
                            CHANNELS 3 Zrotation Yrotation Xrotation
                          }
                        }
                      }
                    }
                  }
                }
              }
            }
          }
          JOINT RightShoulder
          {
            OFFSET 23.161716 5.296122 -1.380114
            CHANNELS 3 Zrotation Yrotation Xrotation
            JOINT RightArm
            {
              OFFSET -16.027195 -2e-06 1.1e-05
              CHANNELS 3 Zrotation Yrotation Xrotation
              JOINT RightForeArm
              {
                OFFSET -28.736639 4e-06 2e-06
                CHANNELS 3 Zrotation Yrotation Xrotation
                JOINT RightHand
                {
                  OFFSET -27.133619 6e-06 0.0
                  CHANNELS 3 Zrotation Yrotation Xrotation
                  JOINT RightHandThumb1
                  {
                    OFFSET -2.274328 -3.351035 -0.83067
                    CHANNELS 3 Zrotation Yrotation Xrotation
                    JOINT RightHandThumb2
                    {
                      OFFSET -4.703594 -3e-06 2e-06
                      CHANNELS 3 Zrotation Yrotation Xrotation
                      JOINT RightHandThumb3
                      {
                        OFFSET -2.794935 -4e-06 -3e-06
                        CHANNELS 3 Zrotation Yrotation Xrotation
                        JOINT RightHandThumbEnd
                        {
                          OFFSET -3.183852 4e-06 1e-06
                          CHANNELS 3 Zrotation Yrotation Xrotation
                        }
                      }
                    }
                  }
                  JOINT RightHandIndex1
                  {
                    OFFSET -3.253496 -2.33755 -0.127667
                    CHANNELS 3 Zrotation Yrotation Xrotation
                    JOINT RightHandIndex2
                    {
                      OFFSET -6.344434 0.0 0.0
                      CHANNELS 3 Zrotation Yrotation Xrotation
                      JOINT RightHandIndex3
                      {
                        OFFSET -3.654871 0.0 -8e-06
                        CHANNELS 3 Zrotation Yrotation Xrotation
                        JOINT RightHandIndex4
                        {
                          OFFSET -2.327586 -1e-06 0.0
                          CHANNELS 3 Zrotation Yrotation Xrotation
                          JOINT RightHandIndexEnd
                          {
                            OFFSET -2.770001 3e-06 8e-06
                            CHANNELS 3 Zrotation Yrotation Xrotation
                          }
                        }
                      }
                    }
                  }
                  JOINT RightHandMiddle1
                  {
                    OFFSET -3.168223 -0.944764 0.411762
                    CHANNELS 3 Zrotation Yrotation Xrotation
                    JOINT RightHandMiddle2
                    {
                      OFFSET -6.266691 -1e-06 -4e-06
                      CHANNELS 3 Zrotation Yrotation Xrotation
                      JOINT RightHandMiddle3
                      {
                        OFFSET -4.348901 0.0 0.0
                        CHANNELS 3 Zrotation Yrotation Xrotation
                        JOINT RightHandMiddle4
                        {
                          OFFSET -3.00024 2e-06 -4e-06
                          CHANNELS 3 Zrotation Yrotation Xrotation
                          JOINT RightHandMiddleEnd
                          {
                            OFFSET -2.321477 -4e-06 -4e-06
                            CHANNELS 3 Zrotation Yrotation Xrotation
                          }
                        }
                      }
                    }
                  }
                  JOINT RightHandRing1
                  {
                    OFFSET -2.885654 0.293261 -0.119232
                    CHANNELS 3 Zrotation Yrotation Xrotation
                    JOINT RightHandRing2
                    {
                      OFFSET -6.032835 -1e-06 -4e-06
                      CHANNELS 3 Zrotation Yrotation Xrotation
                      JOINT RightHandRing3
                      {
                        OFFSET -4.33881 0.0 -4e-06
                        CHANNELS 3 Zrotation Yrotation Xrotation
                        JOINT RightHandRing4
                        {
                          OFFSET -2.654903 -4e-06 -4e-06
                          CHANNELS 3 Zrotation Yrotation Xrotation
                          JOINT RightHandRingEnd
                          {
                            OFFSET -1.935122 0.0 4e-06
                            CHANNELS 3 Zrotation Yrotation Xrotation
                          }
                        }
                      }
                    }
                  }
                  JOINT RightHandPinky1
                  {
                    OFFSET -2.866241 1.503904 -0.60527
                    CHANNELS 3 Zrotation Yrotation Xrotation
                    JOINT RightHandPinky2
                    {
                      OFFSET -5.553177 -2e-06 0.0
                      CHANNELS 3 Zrotation Yrotation Xrotation
                      JOINT RightHandPinky3
                      {
                        OFFSET -3.062664 -1e-06 -4e-06
                        CHANNELS 3 Zrotation Yrotation Xrotation
                        JOINT RightHandPinky4
                        {
                          OFFSET -1.546529 2e-06 4e-06
                          CHANNELS 3 Zrotation Yrotation Xrotation
                          JOINT RightHandPinkyEnd
                          {
                            OFFSET -1.952341 0.0 -4e-06
                            CHANNELS 3 Zrotation Yrotation Xrotation
                          }
                        }
                      }
                    }
                  }
                }
              }
            }
          }
        }
      }
    }
    JOINT LeftLeg
    {
      OFFSET -8.443107 2.567604 10.043214
      CHANNELS 3 Zrotation Yrotation Xrotation
      JOINT LeftShin
      {
        OFFSET 43.229198 1e-06 -1e-06
        CHANNELS 3 Zrotation Yrotation Xrotation
        JOINT LeftFoot
        {
          OFFSET 42.298611 1e-06 1e-06
          CHANNELS 3 Zrotation Yrotation Xrotation
          JOINT LeftToeBase
          {
            OFFSET 14.165858 1e-06 0.0
            CHANNELS 3 Zrotation Yrotation Xrotation
            JOINT LeftToeEnd
            {
              OFFSET 6.7141 -0.234461 0.0
              CHANNELS 3 Zrotation Yrotation Xrotation
            }
          }
        }
      }
    }
    JOINT RightLeg
    {
      OFFSET -8.303923 2.592729 -10.047278
      CHANNELS 3 Zrotation Yrotation Xrotation
      JOINT RightShin
      {
        OFFSET -43.369682 0.0 1e-06
        CHANNELS 3 Zrotation Yrotation Xrotation
        JOINT RightFoot
        {
          OFFSET -42.260784 4e-06 2e-06
          CHANNELS 3 Zrotation Yrotation Xrotation
          JOINT RightToeBase
          {
            OFFSET -14.222245 -2e-06 -1e-06
            CHANNELS 3 Zrotation Yrotation Xrotation
            JOINT RightToeEnd
            {
              OFFSET -6.660062 0.232574 -2e-06
              CHANNELS 3 Zrotation Yrotation Xrotation
            }
          }
        }
      }
    }
  }
}
MOTION
Frames: 75
Frame Time: 0.03333333333333333
0.0 0.0 0.0 0.0 -0.0 0.0 0.266612 89.592072 -12.369835 93.296082 -9.687717 87.726357 8.565718 -0.826844 2.153239 -8.412748 -0.193521 4.56717 22.710135 0.891363 5.271546 23.04232 0.787089 3.127702 -2.37678 -0.09828 -4.945265 -35.83231 0.773211 -6.899704 5e-06 0.0 0.0 -0.101198 0.067819 -0.243662 -0.009536 0.032225 -0.243056 -0.083917 0.096262 -0.2534 -73.763741 -69.659027 95.551086 -10.578207 -33.059612 33.709888 102.381218 -2.155221 0.121614 27.302841 5.857677 -2.360906 17.636776 -26.322836 52.411404 -19.466808 -14.395626 29.410549 3e-06 -8.774888 -1.5e-05 16.567854 -17.778961 6.17055 -0.609783 -1.795666 -3.889344 -4.807122 -11.046901 -2.937879 1.6e-05 -20.976244 -2.2e-05 -5.019982 -25.033926 -4.031967 6e-06 1e-06 3e-06 -10.634592 -5.687008 -3.565606 10.573341 -17.923092 -3.113928 1.2e-05 -13.821347 -1.6e-05 -0.501727 -31.181952 -4.027116 -10.951123 -61.889015 6.905843 -13.982784 -7.150243 -2.875057 13.772811 -8.401558 -3.21825 0.347769 -34.211945 0.771618 -0.96302 -17.733614 2.621039 -1e-06 -1e-06 -3e-06 -17.346518 -20.095348 -4.201806 21.75769 -1.638386 3.866471 5e-06 -6.338886 -9e-06 -1.697576 -22.59207 -6.194131 -1e-06 -5e-06 -1e-06 -174.555313 -75.291389 7.626588 39.286263 -17.305588 -34.811958 121.91507 -1.774365 -0.71151 33.845615 29.525928 46.58017 22.182178 -20.375977 49.933525 -16.701799 -16.743542 28.476606 2.1e-05 -12.690626 -7e-06 15.256027 -17.869501 2.77219 -0.105924 -1.51386 -4.275895 -5.039061 -5.612889 -2.953572 -1.5e-05 -11.020562 0.0 -6.11134 -15.895423 -3.840512 1e-06 -1e-06 2e-06 -10.283399 -5.680316 -4.341857 11.028295 -11.302415 -2.372627 -1.384294 -14.238631 -6.320154 -0.625467 -26.924318 -3.827645 -4.064757 -48.793808 -4.285724 -13.708562 -7.363511 -3.720958 18.141157 -14.052753 -3.242665 -2.6e-05 -18.787334 1e-06 -0.42973 -8.456085 2.555523 0.0 -0.0 0.0 -15.923594 -20.094563 -5.473604 30.419252 -7.190799 1.73596 -1.1e-05 -8.162951 4e-06 -1.861938 -22.861582 -6.167979 0.0 -3e-06 -1e-06 111.571663 -4.360149 -4.997765 84.058746 -0.196437 -0.432627 -98.804955 -0.721033 -7.364429 -11.140989 1.893372 1.963904 -1.000001 0.0 1e-06 7.712026 -1.581782 -7.224651 34.868343 -0.301776 0.24434 -87.934357 11.82291 3.123967 -29.080961 1.041702 1.310745 -0.999996 0.0 -1e-06 
0.0 0.0 0.0 0.0 -0.0 0.0 -0.36583 90.19664 5.374124 96.002922 -10.549158 88.21756 6.79167 -2.294607 2.007583 -9.336901 -0.19729 5.8786 21.418123 -1.782821 6.483321 26.274073 1.834978 2.612886 -2.206151 -0.582275 -4.796668 -36.134075 2.690706 -8.021592 5e-06 -1e-06 -0.0 -0.060024 -0.002965 -0.006773 -0.007663 -0.048175 -0.014239 -0.009099 0.034765 -0.01468 -62.783756 -67.38076 84.848434 -14.976998 -31.841799 37.234619 103.54747 -2.49967 1.090695 25.022667 4.892629 -0.234308 17.636641 -26.322573 52.410755 -19.466427 -14.395408 29.41007 6e-06 -8.774736 -2.5e-05 16.204338 -18.014605 5.756475 -0.609779 -1.79564 -3.889296 -4.807057 -11.046732 -2.937823 -1.3e-05 -20.975872 3e-05 -5.019929 -25.033394 -4.031839 7e-06 1e-06 -3e-06 -10.634463 -5.686934 -3.565573 10.573155 -17.922827 -3.113826 -6e-06 -13.821116 1.4e-05 -0.501797 -31.18129 -4.026959 -10.643062 -61.197464 6.171133 -13.982618 -7.150154 -2.875038 13.772596 -8.401437 -3.218168 0.347701 -34.211323 0.771692 -0.963036 -17.733284 2.621028 -1e-06 -2e-06 0.0 -17.3463 -20.095089 -4.20176 21.757366 -1.63836 3.866445 4e-06 -6.338783 3e-06 -1.697581 -22.59161 -6.193952 -0.0 -4e-06 -2e-06 -178.423492 -73.098824 11.610943 32.454521 -19.100187 -28.291842 118.810783 0.550182 -1.180975 34.820133 30.59239 40.328228 22.181868 -20.375669 49.932964 -16.701607 -16.743425 28.476292 2.2e-05 -12.690493 1.2e-05 15.61764 -18.233137 3.299846 -0.105919 -1.513844 -4.275851 -5.039009 -5.612824 -2.953529 -1.7e-05 -11.020403 -5e-06 -6.111266 -15.895174 -3.840461 -2e-06 0.0 0.0 -10.2833 -5.680255 -4.341798 11.028179 -11.302268 -2.372615 -1.384282 -14.238424 -6.320075 -0.625453 -26.923862 -3.827609 -4.29028 -50.074802 -3.921846 -13.70843 -7.363435 -3.720901 18.140966 -14.05255 -3.242647 -3.5e-05 -18.787064 -8e-06 -0.429727 -8.455956 2.555478 0.0 0.0 0.0 -15.923448 -20.094332 -5.473529 30.418964 -7.190681 1.735913 -1.6e-05 -8.16283 -0.0 -1.861929 -22.861206 -6.167905 -0.0 -4e-06 -1e-06 110.869774 -1.312371 -7.616084 64.947716 -0.232568 -0.267133 -90.868172 1.551001 -8.017475 -11.087008 1.638229 1.950507 -0.999997 -0.0 -0.0 18.967056 -2.99958 -7.945446 22.756367 0.074719 0.208642 -64.104622 8.470522 4.739682 -39.699703 1.221678 1.264019 -0.999999 0.0 -0.0 
0.0 0.0 0.0 0.0 -0.0 0.0 -1.018503 91.02388 23.14036 95.863541 -9.384958 89.366081 5.180357 -2.141423 2.287278 -9.761621 0.014774 6.500803 21.692202 -2.855872 6.840274 29.09259 0.984951 2.485109 -2.326607 -0.449379 -4.029966 -35.612232 4.798393 -8.483668 2e-06 -1e-06 -0.0 -0.066353 -0.114194 0.277928 -0.135031 -0.239615 0.262919 -0.03859 -0.002223 0.279633 -68.573006 -67.988541 92.034912 -11.536867 -30.248108 31.751328 101.204681 -1.80529 1.179036 21.665497 10.320519 2.140915 17.636663 -26.322935 52.411678 -19.466909 -14.395749 29.410753 -1.7e-05 -8.77492 8e-06 15.861163 -17.711966 5.793125 -0.609777 -1.795668 -3.889363 -4.807116 -11.046903 -2.937887 4.4e-05 -20.976246 -2.8e-05 -5.019971 -25.033901 -4.031957 7e-06 -3e-06 3e-06 -10.634597 -5.687008 -3.565616 10.5734 -17.923109 -3.113966 2.5e-05 -13.821359 -1e-05 -0.501706 -31.181986 -4.027093 -10.412316 -60.622375 6.486972 -13.982797 -7.150236 -2.875065 13.772859 -8.401579 -3.218298 0.347805 -34.211967 0.771633 -0.963024 -17.733629 2.621079 -1e-06 2e-06 2e-06 -17.346518 -20.095346 -4.201824 21.757748 -1.63841 3.866432 9e-06 -6.338888 -5e-06 -1.697557 -22.592064 -6.194118 0.0 -2e-06 -3e-06 -176.512177 -74.684616 12.117291 22.963533 -17.18412 -14.53904 110.126648 0.434765 -1.462638 38.608028 27.179337 37.907925 22.182304 -20.37616 49.933491 -16.701931 -16.743624 28.476669 -2.7e-05 -12.690688 -6e-06 16.848181 -19.062786 3.2072 -0.105918 -1.513863 -4.275899 -5.039062 -5.612907 -2.953566 2.5e-05 -11.020655 2.6e-05 -6.11133 -15.895541 -3.840461 2e-06 1e-06 1e-06 -10.283416 -5.680305 -4.341855 11.028378 -11.302535 -2.372622 -1.384262 -14.238744 -6.320137 -0.625458 -26.924644 -3.827546 -4.438159 -51.227509 -3.839888 -13.708586 -7.3635 -3.720953 18.141285 -14.052912 -3.24267 2.4e-05 -18.787525 4.6e-05 -0.429709 -8.456195 2.555562 0.0 -0.0 1e-06 -15.923599 -20.094593 -5.473584 30.419388 -7.190942 1.735941 1.4e-05 -8.163035 1.3e-05 -1.861894 -22.861855 -6.167956 -0.0 -6e-06 -0.0 117.717766 1.21611 -5.631438 45.420265 -0.320412 -0.182284 -81.078201 0.146243 -6.821213 -10.503879 1.681167 2.101833 -1.000001 0.0 -0.0 23.264414 -1.417196 -5.909912 25.013237 -0.231677 0.135058 -39.096573 5.880784 -0.533419 -12.486887 0.891052 1.175349 -1.000001 -1e-06 0.0 
0.0 0.0 0.0 0.0 -0.0 0.0 -1.715743 91.278793 38.760948 94.765678 -7.09227 90.563011 4.612617 -1.327245 2.184237 -10.007498 -0.008489 6.38596 22.28047 -3.403733 5.864652 31.153957 0.282664 2.120181 -2.577476 -0.437342 -2.473849 -35.585793 6.188608 -7.470059 3e-06 -1e-06 -0.0 -0.04131 -0.165278 0.401891 -0.350022 -0.293274 0.328747 -0.237882 -0.051164 0.467335 -76.90107 -68.457451 100.162636 -2.512277 -30.691244 24.231123 97.405441 -1.384614 0.78754 19.221092 15.238615 4.16562 17.636679 -26.322723 52.411175 -19.466692 -14.395613 29.410395 1e-06 -8.774847 -7e-06 15.752141 -18.311634 6.109141 -0.609777 -1.795656 -3.88933 -4.807099 -11.046824 -2.937854 3e-06 -20.976067 -3e-06 -5.019983 -25.033655 -4.031912 7e-06 1e-06 3e-06 -10.634546 -5.686978 -3.565586 10.573286 -17.922977 -3.113903 3e-06 -13.821239 -3e-06 -0.501764 -31.181644 -4.027044 -11.423496 -60.554676 7.245018 -13.982735 -7.150209 -2.87504 13.77275 -8.4015 -3.218243 0.347741 -34.211639 0.771645 -0.963027 -17.733446 2.621032 -4e-06 1e-06 1e-06 -17.346455 -20.095249 -4.201775 21.757601 -1.638375 3.866438 0.0 -6.33884 -2e-06 -1.697591 -22.591843 -6.194034 -0.0 -4e-06 -3e-06 -175.983398 -72.606781 13.420603 19.386812 -19.190128 3.880709 94.791138 0.486302 -2.911678 31.372828 17.93223 34.98962 22.18222 -20.376074 49.933666 -16.701931 -16.743624 28.476774 2e-06 -12.6907 2e-06 17.943419 -18.743027 2.607587 -0.105926 -1.513866 -4.275907 -5.039071 -5.612918 -2.953584 2e-06 -11.020649 2e-06 -6.111355 -15.89558 -3.840528 -2e-06 1e-06 3e-06 -10.283422 -5.680326 -4.341867 11.028359 -11.302494 -2.372649 -1.384279 -14.238739 -6.320194 -0.625443 -26.924612 -3.827667 -4.54069 -51.418564 -4.038082 -13.708589 -7.363524 -3.720965 18.141258 -14.052858 -3.242694 -4e-06 -18.787495 3e-06 -0.429725 -8.45617 2.555547 1e-06 1e-06 -2e-06 -15.923618 -20.094618 -5.473616 30.419386 -7.190873 1.735933 -0.0 -8.163016 5e-06 -1.861914 -22.861828 -6.168029 -0.0 -3e-06 -3e-06 127.075943 1.905318 -3.993359 37.758301 -0.44112 -0.255979 -75.626114 -0.142493 -7.738981 -9.305205 1.520471 2.092434 -1.0 0.0 0.0 19.190248 0.106544 -4.766208 44.267239 -0.435421 0.069669 -42.80188 5.050281 -3.050779 -9.183227 0.89784 1.342721 -1.000003 -0.0 0.0 
0.0 0.0 0.0 0.0 -0.0 0.0 -2.445565 90.884247 53.256989 94.425156 -5.055253 92.005028 4.799496 -1.302738 1.728243 -10.156871 -0.294563 5.45879 22.309973 -4.380939 4.430845 31.993013 0.552186 1.731974 -2.672843 -0.621119 -0.543831 -35.861694 7.326289 -6.445738 5e-06 -0.0 -0.0 0.021746 -0.101507 0.343538 -0.286849 -0.195081 0.253324 -0.159454 -0.021951 0.418441 -80.088585 -69.626373 101.976723 8.788564 -34.157993 18.097837 94.798332 -0.419749 0.327345 16.908615 18.588211 5.557947 17.636703 -26.322767 52.41114 -19.466635 -14.395557 29.41033 -1.3e-05 -8.774806 -1.4e-05 15.85003 -19.122625 6.507725 -0.609776 -1.79565 -3.889322 -4.807062 -11.046792 -2.937851 3.9e-05 -20.976023 1.9e-05 -5.019928 -25.033579 -4.031844 6e-06 2e-06 -3e-06 -10.634514 -5.686949 -3.565595 10.573275 -17.922955 -3.113878 2.7e-05 -13.821215 1.7e-05 -0.501746 -31.18157 -4.026967 -12.255154 -61.048397 7.488595 -13.982689 -7.15017 -2.875055 13.772713 -8.401509 -3.218219 0.347789 -34.211571 0.771698 -0.963015 -17.733418 2.621078 -1e-06 -1e-06 4e-06 -17.346365 -20.095173 -4.201802 21.757519 -1.63841 3.866442 1.3e-05 -6.338832 7e-06 -1.697545 -22.591787 -6.193994 -2e-06 -4e-06 -2e-06 -178.906601 -67.584351 17.317204 22.401676 -25.082098 25.779932 78.430313 1.159052 -3.188405 14.035212 5.536674 35.53495 22.182133 -20.375868 49.933376 -16.701775 -16.743502 28.476522 1.4e-05 -12.690605 -1.3e-05 17.720335 -18.777584 2.949992 -0.105926 -1.513857 -4.275882 -5.03905 -5.612874 -2.953564 -7e-06 -11.02052 -7e-06 -6.111312 -15.895369 -3.840513 1e-06 1e-06 1e-06 -10.283378 -5.680297 -4.341848 11.028277 -11.302382 -2.372623 -1.384285 -14.238579 -6.32014 -0.625431 -26.924208 -3.827653 -5.137729 -52.174877 -4.07486 -13.70853 -7.363489 -3.720955 18.141127 -14.052707 -3.242657 -7e-06 -18.78727 -9e-06 -0.429718 -8.456056 2.55551 0.0 -1e-06 2e-06 -15.923554 -20.094494 -5.473603 30.419189 -7.190798 1.735963 -1e-06 -8.162921 -4e-06 -1.861895 -22.8615 -6.16798 1e-06 -5e-06 2e-06 135.472473 2.205151 -4.044747 40.461876 -0.280879 -0.41607 -74.614029 2.056867 -8.456813 -7.83538 1.482292 2.045398 -0.999999 0.0 1e-06 10.275859 -0.106472 -5.7779 68.519424 -0.143685 -0.20653 -54.313629 1.078722 -3.347866 -9.809701 0.922942 1.438498 -1.0 -0.0 0.0 
0.0 0.0 0.0 0.0 -0.0 0.0 -3.257357 90.122955 67.702515 94.819313 -3.690336 95.08506 6.07138 -2.41214 1.257009 -9.864908 -0.773717 3.29877 21.998093 -5.09304 2.297575 31.012566 1.582771 1.497706 -2.848032 -0.707923 0.372885 -37.622452 8.391631 -5.79768 5e-06 0.0 -0.0 0.030664 -0.007276 0.136029 -0.295339 -0.097022 0.056464 -0.193222 0.068181 0.206245 -74.27739 -73.671143 94.353539 22.634775 -40.736271 12.159214 99.312233 1.277905 0.042415 14.478094 25.361006 6.744772 17.636696 -26.322701 52.411133 -19.466753 -14.395617 29.410419 -1.3e-05 -8.774855 -8e-06 15.912593 -18.782129 6.092632 -0.609775 -1.795659 -3.889324 -4.807091 -11.046837 -2.937866 4.1e-05 -20.976109 -2.3e-05 -5.019937 -25.033718 -4.031919 4e-06 1e-06 -2e-06 -10.63455 -5.686975 -3.565589 10.573322 -17.923014 -3.11392 3.1e-05 -13.821271 -9e-06 -0.501703 -31.181744 -4.027053 -11.668732 -60.127022 6.454417 -13.982737 -7.150202 -2.875037 13.772774 -8.401528 -3.218252 0.347808 -34.211727 0.771619 -0.962996 -17.7335 2.621041 3e-06 -2e-06 -0.0 -17.346441 -20.095242 -4.201778 21.757618 -1.638404 3.866432 1.2e-05 -6.33885 -6e-06 -1.697539 -22.591908 -6.194063 -0.0 -4e-06 -3e-06 175.68541 -65.179955 23.350964 23.259411 -30.021076 49.233723 72.069572 0.298856 -0.968594 2.024687 -4.964193 36.861378 22.182188 -20.375999 49.933392 -16.70183 -16.743547 28.476564 -2.2e-05 -12.690619 -4e-06 18.290749 -19.493568 1.221527 -0.10592 -1.513853 -4.275882 -5.03904 -5.612864 -2.953564 2.4e-05 -11.020535 1e-05 -6.111274 -15.895356 -3.840487 -2e-06 -3e-06 -3e-06 -10.283377 -5.680272 -4.34185 11.028317 -11.302419 -2.37262 -1.384247 -14.238585 -6.320124 -0.625397 -26.924257 -3.827575 -5.080176 -52.768543 -4.007016 -13.708531 -7.363458 -3.720951 18.141184 -14.052764 -3.242666 3.1e-05 -18.787289 2.9e-05 -0.429704 -8.456072 2.555535 3e-06 2e-06 0.0 -15.923531 -20.094458 -5.473594 30.419239 -7.190872 1.735936 1.5e-05 -8.162938 1.2e-05 -1.861876 -22.861517 -6.16792 -3e-06 -1e-06 3e-06 141.783905 3.781259 -2.142311 50.314983 0.009832 -0.287942 -84.945663 0.550397 -4.804592 -5.333188 1.321551 1.993837 -1.0 0.0 -0.0 -3.118707 -2.253892 -7.847631 93.24369 0.670967 -0.202186 -66.498985 -2.717718 -2.286194 -10.053783 0.901466 1.495623 -1.000003 0.0 0.0 
0.0 0.0 0.0 0.0 -0.0 0.0 -4.23198 88.921967 82.228096 95.556686 -2.63569 100.267258 8.017526 -3.757591 0.102719 -9.022273 -1.276668 0.717106 22.338234 -5.540168 -1.146844 28.566776 3.551529 1.792428 -2.91056 -0.746958 0.15317 -41.299049 9.274665 -5.311341 4e-06 -0.0 -0.0 0.038238 0.01859 -0.083712 -0.264905 0.000281 -0.138043 -0.15598 0.018924 -0.016876 -54.032299 -79.644737 70.842674 39.987354 -43.580406 3.558843 108.775925 0.532138 -0.565059 23.610895 32.203461 17.293228 17.636644 -26.322912 52.411404 -19.46673 -14.39566 29.41054 -1e-05 -8.774855 4e-06 18.3309 -17.705475 4.271073 -0.609776 -1.795655 -3.889339 -4.807088 -11.046844 -2.937858 1.3e-05 -20.976126 3.1e-05 -5.019989 -25.033728 -4.031857 5e-06 2e-06 0.0 -10.634545 -5.686974 -3.5656 10.573311 -17.923025 -3.113899 7e-06 -13.821287 2.6e-05 -0.501792 -31.181778 -4.026973 -11.837897 -61.552689 7.072452 -13.982729 -7.150202 -2.875051 13.772766 -8.401534 -3.218255 0.347725 -34.211784 0.771731 -0.963061 -17.733538 2.62109 1e-06 -1e-06 -3e-06 -17.346434 -20.095249 -4.201789 21.757605 -1.6384 3.866428 5e-06 -6.338859 1.2e-05 -1.69758 -22.591921 -6.194011 0.0 -7e-06 -3e-06 165.014343 -65.888962 35.150871 17.492262 -32.339649 65.574059 72.484993 -4.524291 -0.152957 -2.635803 -14.742005 33.976536 22.182211 -20.375948 49.933582 -16.701904 -16.743597 28.476717 5e-06 -12.690691 -5e-06 17.871483 -19.704458 1.161857 -0.105925 -1.513861 -4.2759 -5.039078 -5.612906 -2.95358 -3e-06 -11.020602 -1.5e-05 -6.111349 -15.895517 -3.840557 -1e-06 0.0 0.0 -10.283418 -5.680319 -4.341862 11.028344 -11.302447 -2.372651 -1.384282 -14.238681 -6.320195 -0.625412 -26.924456 -3.8277 -5.086702 -53.714993 -3.250131 -13.708588 -7.363519 -3.720958 18.141237 -14.052794 -3.242697 4e-06 -18.787401 -2.1e-05 -0.429714 -8.456124 2.555527 -1e-06 -0.0 0.0 -15.923623 -20.09458 -5.473619 30.419378 -7.190843 1.735953 -1e-06 -8.162977 -4e-06 -1.861904 -22.861694 -6.168047 1e-06 -3e-06 -1e-06 149.58371 5.22107 1.19537 57.551701 0.101083 -0.275745 -96.355164 1.174445 -4.19536 -4.780078 1.310488 2.049829 -0.999998 0.0 0.0 -19.554844 -6.209252 -9.343535 112.821083 1.37806 -0.069462 -76.338036 -6.44288 0.789964 -9.894863 0.83203 1.558451 -0.999999 -0.0 0.0 
0.0 0.0 0.0 0.0 -0.0 0.0 -5.205439 88.227142 96.518524 95.477417 -1.557068 105.62748 9.407317 -4.184309 -0.95074 -8.28287 -1.693072 -2.053561 23.045713 -5.266176 -5.670958 27.275043 5.443141 2.182106 -2.761746 -0.714341 0.419971 -42.945633 9.364106 -4.047258 5e-06 -0.0 -0.0 0.055971 -0.000714 -0.159022 -0.133064 0.00552 -0.183176 -0.021494 -0.021685 -0.10523 0.853334 -81.326042 12.45331 57.571342 -42.213596 -7.774589 113.665291 0.101167 -0.951043 40.416 27.519869 33.351784 17.636663 -26.322792 52.411209 -19.466703 -14.395589 29.410429 3e-06 -8.77484 -4e-06 17.466475 -17.34511 4.260247 -0.609776 -1.795658 -3.88933 -4.807099 -11.046856 -2.93785 -8e-06 -20.976139 6e-06 -5.019992 -25.033773 -4.031892 6e-06 -1e-06 3e-06 -10.634543 -5.686985 -3.565588 10.573273 -17.923021 -3.113899 -4e-06 -13.821291 1e-06 -0.501777 -31.181816 -4.027049 -12.089828 -60.458054 7.511328 -13.982723 -7.15022 -2.875041 13.772737 -8.401522 -3.21824 0.347713 -34.211781 0.771666 -0.963043 -17.733532 2.621039 0.0 -0.0 1e-06 -17.346439 -20.095272 -4.201769 21.757572 -1.638368 3.866432 -2e-06 -6.338864 -2e-06 -1.697587 -22.591959 -6.194046 0.0 -4e-06 -1e-06 150.226624 -66.037262 51.168236 7.78368 -31.904217 73.580437 73.512894 -6.908071 -1.095063 0.157284 -14.750162 29.359087 22.182182 -20.375944 49.933403 -16.701828 -16.743525 28.476564 -1.3e-05 -12.690613 -1.2e-05 17.63055 -19.163128 1.644884 -0.105921 -1.51386 -4.275886 -5.039045 -5.612873 -2.953566 1.4e-05 -11.020546 -3e-06 -6.111288 -15.895388 -3.840501 -1e-06 -1e-06 1e-06 -10.283381 -5.680288 -4.341852 11.028313 -11.302427 -2.372627 -1.384257 -14.23861 -6.320144 -0.625399 -26.924309 -3.827615 -5.273747 -55.027039 -2.840971 -13.708539 -7.363473 -3.720957 18.141176 -14.052772 -3.242666 2.4e-05 -18.787319 4e-06 -0.429705 -8.456086 2.555528 2e-06 -0.0 0.0 -15.923543 -20.0945 -5.473605 30.419235 -7.190858 1.735949 1.1e-05 -8.162944 5e-06 -1.861869 -22.861555 -6.167959 0.0 -3e-06 -1e-06 160.09967 2.809657 3.728989 58.730373 -0.035226 0.011797 -103.43438 5.186232 -4.654098 -6.246694 1.291694 2.060561 -1.000001 0.0 0.0 -36.696655 -10.282647 -9.041502 120.303932 0.991852 -0.144638 -82.195885 -9.665243 2.796729 -9.379234 0.736932 1.646079 -1.000006 -0.0 -0.0 
0.0 0.0 0.0 0.0 -0.0 0.0 -6.111772 88.062172 111.95121 93.839729 -0.528099 108.369743 9.633774 -3.649169 -2.079059 -7.941826 -2.130046 -4.638136 22.267487 -4.007137 -9.815681 28.801867 4.970317 2.213531 -2.744068 -0.471618 2.162774 -40.438999 8.526007 -1.860048 7e-06 -0.0 -0.0 0.001402 -0.037047 -0.038766 -0.083777 -0.068213 -0.034922 -0.022213 -0.009624 -0.015096 28.976257 -76.510475 -18.403093 69.395737 -42.601093 -21.109587 114.963844 -1.058954 -0.960046 47.785965 23.974558 40.432751 17.636473 -26.322472 52.410927 -19.466494 -14.395514 29.410183 -2.2e-05 -8.774729 4e-06 16.539749 -17.801739 5.25633 -0.609766 -1.795637 -3.889309 -4.80702 -11.046656 -2.937841 6.6e-05 -20.975695 -2.4e-05 -5.01982 -25.033117 -4.031849 6e-06 -0.0 -0.0 -10.634447 -5.686901 -3.565579 10.573208 -17.922729 -3.113886 3.7e-05 -13.820995 1e-06 -0.501696 -31.180935 -4.026931 -13.08431 -61.247326 8.241578 -13.982599 -7.150104 -2.875042 13.77262 -8.401413 -3.218229 0.347817 -34.210991 0.771637 -0.962991 -17.733089 2.621021 -0.0 -2e-06 3e-06 -17.346233 -20.094976 -4.201808 21.75736 -1.638404 3.866378 1.6e-05 -6.33873 4e-06 -1.697506 -22.591358 -6.193925 0.0 -3e-06 -3e-06 141.791489 -64.164917 60.388626 -1.448256 -29.15176 75.463295 76.426529 -5.678222 -2.293484 7.711055 -12.57851 23.128487 22.181744 -20.375645 49.933102 -16.70186 -16.743584 28.476564 -7e-06 -12.690585 6.7e-05 17.334492 -18.221285 1.225715 -0.105906 -1.513852 -4.275873 -5.039017 -5.612861 -2.953539 -1e-06 -11.020487 -3.6e-05 -6.111272 -15.895314 -3.840481 -0.0 2e-06 1e-06 -10.283319 -5.680285 -4.341795 11.028263 -11.302341 -2.372699 -1.384246 -14.238544 -6.320135 -0.625358 -26.92412 -3.827699 -4.358856 -54.33728 -3.665772 -13.708463 -7.363466 -3.720886 18.141106 -14.052648 -3.242774 1e-06 -18.787182 -5.9e-05 -0.429717 -8.456008 2.555464 -0.0 0.0 1e-06 -15.923474 -20.094427 -5.473533 30.419176 -7.190722 1.735786 -7e-06 -8.162878 -2.3e-05 -1.861889 -22.861385 -6.167993 -1e-06 -3e-06 -2e-06 172.157593 -3.564585 4.910191 55.292225 -0.502334 0.47758 -102.984329 9.479901 -5.374473 -14.297227 1.499934 2.042389 -0.999996 -0.0 0.0 -51.545879 -12.347041 -7.591107 114.28875 0.162503 0.055573 -85.607445 -14.089163 3.02933 -8.895124 0.724362 1.687647 -1.000006 1e-06 -1e-06 
0.0 0.0 0.0 0.0 -0.0 0.0 -6.863961 88.641922 128.252487 90.867661 0.229941 106.796837 8.802237 -2.136983 -3.179184 -8.208615 -2.156497 -6.724806 20.654257 -2.768067 -12.480379 31.248465 1.744727 2.225763 -2.899812 -0.722554 4.695329 -35.259037 7.104672 1.64092 6e-06 -0.0 -0.0 -0.022551 -0.076998 0.120791 -0.194101 -0.145883 0.086802 -0.196742 -0.00443 0.168287 35.198994 -74.329796 -25.740482 74.066933 -45.755795 -28.981722 116.209961 -1.133477 -0.107832 49.590866 22.754114 41.403111 17.636826 -26.322956 52.411339 -19.466768 -14.39565 29.410477 -3e-05 -8.774868 -2e-05 17.325895 -18.417673 5.927884 -0.609779 -1.795657 -3.889336 -4.80708 -11.046851 -2.937857 6.7e-05 -20.976198 3.9e-05 -5.019949 -25.0338 -4.031835 6e-06 1e-06 0.0 -10.634567 -5.686964 -3.565606 10.573369 -17.92309 -3.113887 4.3e-05 -13.821332 3.2e-05 -0.50173 -31.181881 -4.026925 -14.116779 -63.739231 9.34533 -13.982757 -7.150189 -2.87506 13.772814 -8.401579 -3.218233 0.347826 -34.211891 0.771735 -0.963014 -17.733595 2.62113 2e-06 1e-06 -1e-06 -17.346443 -20.095245 -4.201801 21.757645 -1.638454 3.86646 2.4e-05 -6.338874 1.4e-05 -1.69752 -22.591969 -6.194006 -0.0 -7e-06 -1e-06 141.944595 -62.290833 61.24992 -8.28744 -26.786627 74.229988 82.690994 -0.056242 -2.642071 12.827477 -6.627139 18.617956 22.18223 -20.375887 49.933514 -16.701927 -16.743633 28.476677 1.7e-05 -12.690723 -6e-06 16.535425 -16.390293 1.708366 -0.105921 -1.513868 -4.2759 -5.039093 -5.612922 -2.953576 -1.2e-05 -11.020616 -1.6e-05 -6.111393 -15.895539 -3.840545 0.0 -0.0 0.0 -10.283446 -5.680338 -4.341848 11.028366 -11.302451 -2.372657 -1.384305 -14.238702 -6.320192 -0.625435 -26.924469 -3.827721 -3.640296 -52.336727 -3.249215 -13.708626 -7.363545 -3.720941 18.141277 -14.052786 -3.242708 -8e-06 -18.787405 -4.6e-05 -0.429713 -8.456114 2.555507 -0.0 3e-06 -1e-06 -15.923685 -20.094639 -5.473595 30.419456 -7.190822 1.735954 -6e-06 -8.162979 -1.6e-05 -1.861912 -22.861694 -6.168086 -1e-06 -3e-06 1e-06 -176.330658 -10.262717 3.916331 51.40958 -0.882874 0.668717 -89.187019 8.687227 -2.123238 -32.484715 2.048642 1.74404 -1.0 -0.0 1e-06 -59.719208 -10.972971 -7.604046 96.314644 -0.239756 0.222524 -90.528389 -17.187252 3.00721 -8.15659 0.617316 1.55608 -1.000004 1e-06 -1e-06 
0.0 0.0 0.0 0.0 -0.0 0.0 -7.283506 90.161476 144.556076 90.078491 0.784572 101.936684 7.505206 -1.508133 -3.71975 -8.47117 -2.239362 -7.553999 20.496115 -2.531139 -13.528797 31.078768 -2.043041 2.587759 -2.799742 -0.511158 5.863842 -31.38908 5.665201 5.318459 5e-06 0.0 -0.0 -0.077219 -0.063603 0.094642 -0.174431 -0.159309 0.045623 -0.198885 0.037097 0.148284 42.673603 -77.607132 -32.31625 70.989037 -48.604786 -27.835421 116.850357 -1.399765 -0.011163 47.56057 19.953012 38.46944 17.63629 -26.322428 52.411034 -19.466557 -14.395509 29.410351 1.8e-05 -8.774749 2.5e-05 17.377773 -18.850817 6.035567 -0.609773 -1.79565 -3.889318 -4.807069 -11.046747 -2.937854 -2.3e-05 -20.975849 -7.3e-05 -5.019892 -25.033394 -4.031968 6e-06 0.0 -1e-06 -10.63446 -5.686967 -3.565571 10.573155 -17.922796 -3.11394 -1.7e-05 -13.821101 -4.7e-05 -0.501727 -31.181286 -4.027141 -13.654912 -63.357491 9.294221 -13.982616 -7.150192 -2.875026 13.772602 -8.401402 -3.218262 0.347702 -34.211258 0.771538 -0.963021 -17.733238 2.620936 3e-06 0.0 1e-06 -17.34631 -20.095146 -4.201776 21.757393 -1.638301 3.866371 -1.1e-05 -6.338771 -1.7e-05 -1.697567 -22.591579 -6.194067 -1e-06 -6e-06 -2e-06 143.630447 -63.441475 60.658199 -14.724662 -29.293844 67.912209 90.118179 5.233249 -3.833418 13.864824 2.268384 12.957865 22.181997 -20.375883 49.933258 -16.701757 -16.743406 28.476469 -5.1e-05 -12.690485 8e-06 16.337934 -15.349525 2.334554 -0.105918 -1.513849 -4.27587 -5.038987 -5.612822 -2.953559 4.7e-05 -11.020458 -9e-06 -6.111156 -15.895226 -3.840483 -0.0 1e-06 -1e-06 -10.283293 -5.680234 -4.341845 11.02824 -11.302367 -2.372627 -1.384193 -14.238482 -6.320107 -0.625311 -26.924036 -3.827571 -4.131374 -50.880062 -2.814841 -13.708417 -7.363402 -3.720956 18.141047 -14.052707 -3.242664 7.4e-05 -18.787149 1.5e-05 -0.429688 -8.456006 2.555522 2e-06 -1e-06 -2e-06 -15.92336 -20.094332 -5.473624 30.418968 -7.190864 1.735889 2.7e-05 -8.162884 1.1e-05 -1.861792 -22.861341 -6.167869 -0.0 1e-06 -3e-06 -167.01091 -9.66538 4.278301 48.423134 -0.74083 0.648083 -62.897049 -0.996503 -1.670575 -31.038485 1.9443 1.816007 -1.000001 -0.0 0.0 -58.028996 -8.565705 -8.075782 70.050102 -0.295032 0.172601 -93.847733 -13.473741 1.706645 -9.017386 0.644479 1.606815 -1.000001 -0.0 0.0 
0.0 0.0 0.0 0.0 -0.0 0.0 -7.909117 90.788277 160.052795 90.896835 1.957966 96.959984 6.930183 -1.784257 -3.852162 -8.818052 -2.279612 -7.113719 21.306221 -2.589178 -12.927214 29.508848 -5.261271 2.438676 -2.675309 0.201878 6.745088 -30.338457 4.660609 8.002829 5e-06 -0.0 0.0 -0.163229 -0.059387 0.079859 -0.088479 -0.107309 0.074305 -0.116364 -0.010858 0.091703 52.856575 -81.265762 -40.533237 63.995724 -52.929264 -23.724979 111.306953 -2.100411 0.106625 45.438499 19.356789 33.926315 17.636642 -26.322815 52.411434 -19.46678 -14.395686 29.410576 -5e-06 -8.774879 6e-06 17.10104 -19.819199 5.775541 -0.609777 -1.79566 -3.889348 -4.807107 -11.04685 -2.937873 2.3e-05 -20.976114 -2.6e-05 -5.019958 -25.033722 -4.031942 6e-06 3e-06 -1e-06 -10.634579 -5.686993 -3.565598 10.573335 -17.923018 -3.113942 1e-05 -13.821272 -1e-05 -0.501723 -31.181736 -4.02708 -13.073991 -62.009991 8.881435 -13.982768 -7.150222 -2.875046 13.772798 -8.401523 -3.218278 0.347768 -34.211735 0.771623 -0.963017 -17.733496 2.621034 1e-06 1e-06 -1e-06 -17.346491 -20.095287 -4.201801 21.757664 -1.638381 3.866428 2e-06 -6.338853 -2e-06 -1.697563 -22.591906 -6.194089 -2e-06 -5e-06 -1e-06 144.328384 -65.125992 59.920265 -17.279821 -39.649986 59.223602 96.760406 5.131111 -4.115649 12.495218 7.899655 9.184951 22.18222 -20.375988 49.933563 -16.701941 -16.743622 28.476698 -1.4e-05 -12.690689 2e-06 16.513668 -16.438383 2.388694 -0.10592 -1.513865 -4.275904 -5.039069 -5.6129 -2.953576 1.4e-05 -11.020597 -1.1e-05 -6.111325 -15.895471 -3.840522 0.0 0.0 -2e-06 -10.283417 -5.680312 -4.341858 11.028361 -11.30247 -2.372655 -1.384262 -14.238673 -6.320174 -0.625396 -26.924438 -3.827652 -4.747027 -50.579849 -3.171293 -13.708591 -7.363508 -3.720957 18.141268 -14.052822 -3.242707 2.2e-05 -18.787397 -1.2e-05 -0.429706 -8.456118 2.555532 -2e-06 1e-06 -2e-06 -15.923613 -20.094582 -5.473619 30.419395 -7.190883 1.73593 1.1e-05 -8.162976 -3e-06 -1.861882 -22.861668 -6.168005 -1e-06 -5e-06 -1e-06 -164.258484 -4.830661 5.456272 53.770317 -0.686387 0.266313 -51.5093 -3.083648 -4.558617 -9.401008 1.601523 2.503451 -1.0 0.0 -0.0 -49.69672 -6.57185 -8.95831 46.423988 -0.266583 0.064543 -91.128265 -8.075159 -1.147641 -8.664717 0.598914 1.724307 -1.000003 -0.0 -1e-06 
0.0 0.0 0.0 0.0 -0.0 0.0 -8.723598 90.482643 175.438858 91.914314 3.479654 92.752907 7.121923 -2.153653 -3.254506 -9.081706 -2.069723 -6.426698 22.081373 -2.988768 -11.00299 27.372259 -7.938942 2.069511 -2.587764 0.649911 7.538939 -30.366413 4.432782 9.393625 7e-06 -0.0 -0.0 -0.125316 -0.046308 0.12098 -0.00464 -0.08754 0.128236 -0.015325 -0.013438 0.130465 61.256626 -85.074509 -46.936779 55.630219 -57.353619 -18.461468 97.722656 -0.655938 -0.181706 38.833748 22.02894 27.626154 17.636625 -26.32263 52.411095 -19.466648 -14.395517 29.410347 -2.1e-05 -8.774781 -1.2e-05 16.842838 -19.683395 4.907384 -0.609772 -1.795648 -3.889319 -4.807045 -11.046777 -2.937865 6.7e-05 -20.975973 -2.3e-05 -5.019838 -25.03351 -4.031892 6e-06 -0.0 -1e-06 -10.634488 -5.686943 -3.565597 10.573266 -17.922916 -3.1139 4.3e-05 -13.82118 -3e-06 -0.501671 -31.181477 -4.026991 -11.92732 -59.715305 7.455215 -13.982649 -7.150156 -2.87506 13.772679 -8.401502 -3.218229 0.34784 -34.211487 0.771632 -0.962987 -17.733381 2.621058 -1e-06 -0.0 2e-06 -17.346312 -20.095131 -4.20182 21.757454 -1.638415 3.866432 2e-05 -6.338809 1e-06 -1.697481 -22.591709 -6.194027 -1e-06 -4e-06 -3e-06 141.800705 -67.623634 61.919861 -12.641293 -54.005249 49.080162 99.813751 2.231494 -2.20067 13.712592 14.932257 8.725869 22.182091 -20.375814 49.933067 -16.70167 -16.743484 28.476334 1.7e-05 -12.69057 -1.2e-05 16.369257 -17.33519 2.242045 -0.105923 -1.513843 -4.275858 -5.039036 -5.612848 -2.953535 -1.1e-05 -11.020471 1.2e-05 -6.111312 -15.895274 -3.840444 -1e-06 -0.0 -2e-06 -10.283354 -5.680269 -4.341815 11.028245 -11.302335 -2.372597 -1.384295 -14.238504 -6.320076 -0.625485 -26.924057 -3.827561 -4.900921 -50.544186 -3.375463 -13.708498 -7.363453 -3.720917 18.141073 -14.052646 -3.242628 -2.4e-05 -18.787188 1.5e-05 -0.429721 -8.456016 2.555503 2e-06 1e-06 -1e-06 -15.923526 -20.094402 -5.473537 30.419123 -7.190763 1.735959 -1.2e-05 -8.162889 6e-06 -1.861934 -22.861387 -6.167921 -1e-06 -3e-06 0.0 -169.048065 -0.875119 2.232491 69.174049 -0.348062 0.008994 -58.488838 -2.705928 -3.479845 -7.38362 1.549006 2.374111 -0.999997 -0.0 0.0 -40.603176 -5.11766 -8.342095 35.485233 -0.10292 -0.07065 -86.434624 -5.303227 -2.757885 -9.049675 0.734876 1.718734 -1.000004 0.0 -0.0 
0.0 0.0 0.0 0.0 -0.0 0.0 -9.781713 89.301323 191.098282 91.669823 3.7965 88.23484 6.875929 -1.090926 -2.050661 -9.392284 -1.788909 -4.589178 22.520882 -3.572018 -8.378821 25.027916 -10.042593 2.153821 -2.412117 0.251954 7.075041 -31.064678 4.652795 9.081798 5e-06 0.0 0.0 -0.065777 0.006725 0.049725 0.071585 -0.011951 0.075641 0.100268 0.012244 0.039963 -174.749268 -87.784065 -169.171066 44.554985 -57.407978 -11.214426 77.48201 1.634718 0.222362 30.695305 26.031416 22.10099 17.636688 -26.323084 52.411777 -19.466856 -14.395756 29.410751 -6e-06 -8.77492 7e-06 16.001741 -18.385622 5.669457 -0.609781 -1.795661 -3.889362 -4.807128 -11.046909 -2.937875 6e-06 -20.976267 1.2e-05 -5.02003 -25.033941 -4.031929 5e-06 -1e-06 -0.0 -10.634605 -5.687008 -3.565614 10.573376 -17.923119 -3.113938 -1e-06 -13.821371 1.4e-05 -0.501782 -31.182024 -4.027056 -11.003499 -58.793537 6.484377 -13.982808 -7.150245 -2.875062 13.772853 -8.401563 -3.218283 0.347719 -34.212017 0.771704 -0.963063 -17.733662 2.621087 -1e-06 -1e-06 1e-06 -17.34654 -20.095358 -4.201807 21.757744 -1.638392 3.866448 1e-06 -6.3389 1.1e-05 -1.697598 -22.592098 -6.194092 1e-06 -3e-06 -3e-06 131.361572 -73.969627 70.951416 10.054717 -64.703613 26.129868 96.776047 0.058563 -1.054166 23.092066 21.623995 15.188585 22.182169 -20.376036 49.933804 -16.702032 -16.743662 28.476896 -1.5e-05 -12.690711 2.2e-05 15.895481 -17.83201 2.463671 -0.105919 -1.513871 -4.275924 -5.039072 -5.612923 -2.953594 1.7e-05 -11.020639 -3.3e-05 -6.111324 -15.895567 -3.840563 -2e-06 -1e-06 -1e-06 -10.283428 -5.680332 -4.341876 11.028381 -11.302494 -2.372693 -1.384248 -14.238727 -6.32023 -0.625344 -26.924547 -3.827748 -4.781759 -50.447845 -3.512926 -13.7086 -7.363532 -3.720973 18.141296 -14.052854 -3.242757 2.8e-05 -18.78746 -3.9e-05 -0.429712 -8.456145 2.555526 -2e-06 -2e-06 1e-06 -15.923616 -20.094637 -5.473653 30.419434 -7.19088 1.735884 7e-06 -8.162999 -1.2e-05 -1.861858 -22.861759 -6.168078 -1e-06 -3e-06 -1e-06 179.44664 -1.213429 -4.589673 88.195625 0.234536 -0.371512 -71.637001 -5.124735 -0.557569 -7.900395 1.582454 2.367942 -1.0 1e-06 0.0 -36.048477 -2.824801 -5.737445 40.332737 0.275059 0.128396 -73.329758 -1.780266 0.552129 -7.743931 0.702409 1.731847 -1.000001 1e-06 0.0 
0.0 0.0 0.0 0.0 -0.0 0.0 -11.114238 87.968132 206.474854 87.946869 5.203557 83.170334 8.237498 0.732088 -0.567767 -8.958414 -0.788932 -1.979434 24.719751 -1.732018 -5.106389 21.02062 -12.805286 2.88014 -2.454894 0.405331 5.935889 -35.017895 4.383587 8.801999 6e-06 -0.0 -0.0 -0.0737 0.046836 -0.201486 -0.182046 0.109417 -0.188772 -0.112663 -0.033743 -0.178495 -126.204262 -82.129341 143.593246 37.349682 -52.644337 -11.673337 61.284325 1.431502 1.221732 30.356359 36.245972 39.670265 17.636595 -26.322573 52.410988 -19.46664 -14.395557 29.410307 6e-06 -8.774822 -9e-06 16.388346 -18.206181 6.725573 -0.609775 -1.795653 -3.889317 -4.807089 -11.046795 -2.937849 1.1e-05 -20.976 -3e-05 -5.01994 -25.033581 -4.031934 4e-06 -0.0 1e-06 -10.634519 -5.686967 -3.565574 10.573257 -17.922913 -3.113911 9e-06 -13.821197 -1.6e-05 -0.501723 -31.181528 -4.027071 -13.686462 -60.534286 8.569045 -13.982696 -7.150193 -2.875028 13.772714 -8.401474 -3.218241 0.34776 -34.211521 0.7716 -0.963004 -17.733393 2.621 2e-06 -1e-06 0.0 -17.346405 -20.095194 -4.201769 21.757547 -1.638364 3.866428 3e-06 -6.338817 -1.1e-05 -1.697569 -22.591774 -6.194063 -2e-06 -3e-06 0.0 121.900925 -80.35675 79.355659 50.355457 -60.01033 -13.221304 92.81234 -2.681835 -0.830547 35.108231 25.034027 28.532784 22.18211 -20.375849 49.933338 -16.701832 -16.743505 28.476559 -9e-06 -12.6906 -3e-06 16.28606 -17.702192 2.328215 -0.105921 -1.513858 -4.275881 -5.039041 -5.612872 -2.953563 9e-06 -11.02053 -1.6e-05 -6.111279 -15.895377 -3.840515 -0.0 2e-06 -2e-06 -10.283365 -5.680288 -4.341843 11.02829 -11.302401 -2.37264 -1.384259 -14.238593 -6.320151 -0.625385 -26.924271 -3.827662 -4.261068 -49.634373 -3.323406 -13.708518 -7.363476 -3.720948 18.141146 -14.052737 -3.242683 2.1e-05 -18.787279 -2.1e-05 -0.429703 -8.456065 2.555507 -1e-06 1e-06 3e-06 -15.923522 -20.094479 -5.473604 30.419193 -7.190828 1.735928 6e-06 -8.162922 -6e-06 -1.861863 -22.861513 -6.167986 2e-06 0.0 -0.0 165.445984 -7.997522 -7.271973 102.927017 1.234578 -0.517198 -80.467781 -2.804911 5.536475 -9.067374 1.674361 2.387554 -1.0 -0.0 0.0 -32.726921 3.745957 -3.126082 55.201725 0.129094 -0.076402 -85.570831 -3.835267 2.600624 -4.481441 0.673773 1.743728 -1.000004 0.0 0.0 
0.0 0.0 0.0 0.0 -0.0 0.0 -12.503057 87.506035 220.372604 84.77774 7.133524 80.093712 10.239526 1.641921 0.153024 -8.521207 -0.027579 0.481223 27.219547 -0.21818 -1.473705 18.831633 -12.796577 1.962564 -2.589609 -0.275772 6.602319 -37.394329 4.192105 7.992561 6e-06 0.0 0.0 -0.070046 -0.012466 0.013264 -0.223714 0.105191 0.081254 -0.141336 -0.148536 -0.026285 -99.707481 -78.194733 118.396454 28.987562 -48.194832 -16.261892 56.771244 3.132276 2.333578 33.019547 50.546455 47.056576 17.63652 -26.322376 52.410465 -19.466311 -14.395432 29.409904 7e-06 -8.774712 -1.5e-05 18.378668 -16.535408 5.482274 -0.609775 -1.795628 -3.889276 -4.807042 -11.046642 -2.937798 -6e-06 -20.975662 2.6e-05 -5.019907 -25.033089 -4.031815 8e-06 3e-06 3e-06 -10.634434 -5.686897 -3.565541 10.573128 -17.922678 -3.113816 -2e-06 -13.820991 2.3e-05 -0.501808 -31.180952 -4.026902 -12.99307 -59.387676 7.929377 -13.982581 -7.150108 -2.875005 13.772565 -8.401364 -3.218172 0.347702 -34.210949 0.771695 -0.963026 -17.733086 2.621009 -0.0 2e-06 -1e-06 -17.34626 -20.09495 -4.201718 21.757318 -1.63835 3.866404 0.0 -6.338723 9e-06 -1.697588 -22.591351 -6.193888 -1e-06 -8e-06 -1e-06 151.254135 -82.24147 47.338253 69.72097 -44.73806 -32.840023 94.826408 -5.484227 0.314195 38.999462 28.617702 31.778063 22.181913 -20.375486 49.932678 -16.701681 -16.743286 28.476164 -2.2e-05 -12.690439 -1.2e-05 15.608398 -17.168779 2.771951 -0.105915 -1.513848 -4.275832 -5.038978 -5.612812 -2.95353 2.6e-05 -11.020405 -3.4e-05 -6.111166 -15.895159 -3.840466 -1e-06 1e-06 -2e-06 -10.283264 -5.680229 -4.341798 11.028177 -11.302296 -2.372621 -1.384225 -14.238425 -6.320072 -0.625328 -26.923889 -3.827618 -4.226252 -49.67474 -3.078767 -13.708382 -7.363399 -3.72091 18.140953 -14.052605 -3.242652 6e-05 -18.787052 -5.3e-05 -0.429673 -8.455946 2.555457 2e-06 -1e-06 -1e-06 -15.923345 -20.09428 -5.473557 30.418865 -7.190782 1.73591 2.1e-05 -8.162826 -2.2e-05 -1.861775 -22.861191 -6.167941 0.0 -3e-06 -4e-06 147.107986 -12.074758 -2.799831 107.367172 0.650878 -0.418246 -83.902641 6.109689 3.534467 -8.626536 1.72125 2.133522 -0.999993 0.0 -0.0 -21.600319 6.942732 -2.673994 58.976879 0.084604 -0.070017 -96.834206 -2.015764 1.222509 -3.499014 0.691536 1.724535 -0.999997 0.0 -0.0 
0.0 0.0 0.0 0.0 -0.0 0.0 -13.311616 88.374893 232.61319 84.183548 6.381136 77.898544 10.942939 1.387631 1.475256 -8.506607 0.375734 2.435931 26.689632 0.64035 1.531712 18.724981 -12.574629 1.549396 -2.553132 -0.182036 5.691118 -35.917908 4.091321 6.218653 6e-06 0.0 0.0 -0.149395 -0.023911 0.111005 -0.224579 0.066121 0.200245 -0.190205 -0.129416 0.046688 -97.615791 -75.171188 115.880661 14.801498 -37.753365 -11.206242 57.423218 4.227591 2.924676 24.795519 56.724529 31.488743 17.636589 -26.322515 52.410717 -19.466463 -14.395557 29.410109 7e-06 -8.774796 -1e-05 18.137848 -15.971501 4.863659 -0.609772 -1.795635 -3.889295 -4.807074 -11.046711 -2.93781 -9e-06 -20.975832 3.3e-05 -5.01998 -25.033344 -4.031829 7e-06 2e-06 -2e-06 -10.634497 -5.686923 -3.565551 10.573216 -17.922789 -3.11385 -5e-06 -13.821093 1.9e-05 -0.501822 -31.181242 -4.026937 -11.016188 -60.595268 6.798173 -13.98266 -7.15014 -2.875007 13.772672 -8.401414 -3.218206 0.347704 -34.211239 0.771704 -0.963041 -17.733248 2.621032 2e-06 -0.0 1e-06 -17.346363 -20.095039 -4.201725 21.757479 -1.638365 3.866414 2e-06 -6.33877 9e-06 -1.697605 -22.591551 -6.193946 0.0 -3e-06 -0.0 -169.737183 -78.746651 5.559262 68.510483 -29.184736 -41.666386 105.629059 -6.012608 1.649796 32.842693 34.686741 28.93022 22.181927 -20.375698 49.933086 -16.701849 -16.743465 28.47648 -4e-05 -12.690549 1.6e-05 14.451924 -17.417805 2.809051 -0.105914 -1.513857 -4.275867 -5.039002 -5.612848 -2.95355 3.7e-05 -11.020488 -3.2e-05 -6.111208 -15.895307 -3.840497 2e-06 0.0 -3e-06 -10.283312 -5.680259 -4.341818 11.028269 -11.302373 -2.372663 -1.384209 -14.238538 -6.320131 -0.625298 -26.924164 -3.827649 -4.101767 -49.203957 -3.38263 -13.708446 -7.363433 -3.720922 18.141102 -14.052707 -3.242719 7.1e-05 -18.787205 -4.2e-05 -0.429682 -8.456025 2.555485 1e-06 1e-06 2e-06 -15.923418 -20.094379 -5.473587 30.419092 -7.190845 1.735855 2.5e-05 -8.162896 -1.4e-05 -1.861791 -22.861423 -6.167965 -0.0 -4e-06 -1e-06 129.254425 -11.311831 1.246279 97.48777 -0.219384 0.037479 -86.746452 3.446432 -3.851995 -8.368627 1.395743 1.946965 -0.999997 0.0 -0.0 -9.748378 6.529909 -0.585396 55.106789 0.027165 0.169017 -103.217552 0.871262 -0.837968 -5.339998 0.723178 1.678731 -1.000002 -0.0 0.0 
0.0 0.0 0.0 0.0 -0.0 0.0 -13.831242 90.588493 245.65535 86.503403 5.22698 75.740051 11.066995 0.334629 2.644875 -8.367591 0.206988 3.750443 24.780283 -1.095409 4.103169 19.833664 -11.506361 1.696314 -2.492485 -0.554081 4.236117 -33.7019 4.751033 3.038699 6e-06 0.0 0.0 -0.19383 -0.051649 0.163112 -0.200067 0.02196 0.226991 -0.160916 -0.141983 0.117659 -95.103897 -73.135063 112.514244 4.237088 -24.398308 -6.49276 56.052868 4.392183 2.289687 13.545005 54.96727 15.914736 17.636475 -26.32234 52.410645 -19.466436 -14.395483 29.410067 9e-06 -8.77475 -8e-06 17.355778 -15.675606 4.841835 -0.609772 -1.795636 -3.88929 -4.807058 -11.046682 -2.937824 4e-06 -20.975733 -2.4e-05 -5.019894 -25.033215 -4.031897 4e-06 -0.0 -1e-06 -10.634464 -5.686926 -3.565547 10.573177 -17.922728 -3.113877 4e-06 -13.821032 -1.4e-05 -0.501743 -31.181087 -4.027018 -10.617516 -60.907982 6.906278 -13.982622 -7.150138 -2.875006 13.772616 -8.401386 -3.218214 0.34774 -34.211067 0.771606 -0.963005 -17.733143 2.620976 -2e-06 3e-06 1e-06 -17.346308 -20.095026 -4.20174 21.757393 -1.638342 3.866398 0.0 -6.338742 -6e-06 -1.69757 -22.591438 -6.193982 -2e-06 -4e-06 -3e-06 -160.212631 -71.445328 -7.734192 63.509533 -19.148293 -50.182369 112.393974 -2.804891 1.309556 26.601612 36.619701 30.823719 22.181873 -20.375731 49.93301 -16.701717 -16.743399 28.476381 -2.5e-05 -12.690479 1.8e-05 14.862818 -17.340845 2.698518 -0.105916 -1.513849 -4.275856 -5.038985 -5.612829 -2.953541 2.1e-05 -11.020449 -1.6e-05 -6.111191 -15.895241 -3.840465 -1e-06 1e-06 -1e-06 -10.283278 -5.680242 -4.341814 11.028208 -11.302332 -2.372633 -1.384217 -14.238483 -6.320095 -0.625355 -26.924038 -3.827599 -4.032588 -48.453114 -4.044246 -13.708399 -7.363416 -3.720918 18.141001 -14.052657 -3.242676 3.7e-05 -18.787148 -1.4e-05 -0.429697 -8.456001 2.555489 -0.0 1e-06 0.0 -15.923368 -20.094326 -5.473562 30.418938 -7.190785 1.735868 1.2e-05 -8.162866 -3e-06 -1.861824 -22.861309 -6.167903 0.0 -3e-06 -1e-06 120.701668 -8.795183 0.940474 74.190178 -0.392733 0.37719 -89.400703 -5.541006 -7.710572 -8.274359 1.471025 2.039758 -0.999996 -0.0 0.0 2.884049 2.626035 2.932155 45.345364 -0.422051 0.504293 -101.838692 1.374461 -2.021308 -10.515848 0.841401 1.673751 -0.999999 0.0 0.0 
0.0 0.0 0.0 0.0 -0.0 0.0 -14.402002 92.915733 260.951233 89.149239 4.010647 73.877861 10.044266 -0.760824 3.196297 -8.103061 -0.090511 5.28833 22.489359 -3.505881 6.117455 21.65727 -9.662121 1.876196 -2.4233 -0.447724 2.079134 -32.059547 5.196947 -0.191793 6e-06 -0.0 0.0 -0.100466 -0.042566 0.0168 -0.173481 0.000951 0.00787 -0.133838 -0.102994 0.029745 -83.90358 -71.715637 101.767365 -4.25767 -12.776605 -0.624888 54.824841 4.043631 0.357796 9.09303 48.843536 8.516573 17.636637 -26.322666 52.411095 -19.466801 -14.395578 29.41046 -9e-06 -8.774851 -2e-06 16.483456 -15.713972 5.145747 -0.609776 -1.795666 -3.889331 -4.807084 -11.046878 -2.937868 3e-05 -20.9762 -3.5e-05 -5.019945 -25.033861 -4.031925 8e-06 -4e-06 2e-06 -10.634538 -5.68699 -3.565585 10.573306 -17.923067 -3.113942 2.1e-05 -13.821322 -2.3e-05 -0.501691 -31.18189 -4.027101 -10.359878 -59.846035 7.124797 -13.982718 -7.150223 -2.875039 13.772756 -8.401554 -3.218261 0.347801 -34.211891 0.771582 -0.962993 -17.733599 2.62102 -0.0 1e-06 1e-06 -17.346415 -20.095297 -4.201781 21.757587 -1.638386 3.866426 7e-06 -6.338875 -1e-05 -1.697541 -22.592012 -6.194098 -2e-06 -5e-06 -2e-06 -160.045212 -65.12088 -11.353819 57.51535 -13.958897 -54.690247 111.136444 2.036601 -0.628205 26.368515 37.16069 35.490757 22.181995 -20.375868 49.933243 -16.701923 -16.743546 28.47661 -2.3e-05 -12.690607 2.7e-05 15.654819 -17.251457 3.411655 -0.105911 -1.513863 -4.275885 -5.039029 -5.612892 -2.953556 1.7e-05 -11.020597 -1.5e-05 -6.111274 -15.895476 -3.840482 1e-06 -2e-06 -0.0 -10.283348 -5.680296 -4.341825 11.028307 -11.302461 -2.37267 -1.384235 -14.238673 -6.320144 -0.625378 -26.924437 -3.827648 -4.815915 -49.418663 -3.36167 -13.708496 -7.363484 -3.720924 18.141171 -14.052814 -3.242729 3.4e-05 -18.787376 -3.2e-05 -0.429702 -8.45611 2.555502 0.0 -4e-06 -1e-06 -15.923493 -20.094532 -5.473569 30.419218 -7.190857 1.735853 1.1e-05 -8.162968 -1.7e-05 -1.861841 -22.861656 -6.168007 0.0 -3e-06 -0.0 119.798927 -7.522987 -1.273675 44.449966 0.246225 0.639429 -86.708702 -10.536977 -11.630269 -9.1211 1.928835 1.68224 -0.999996 1e-06 1e-06 16.132633 -2.203143 5.56459 31.770636 -0.626587 0.769436 -89.297729 -0.074735 -2.371118 -20.548483 0.983158 1.524284 -1.000003 1e-06 -0.0 
0.0 0.0 0.0 0.0 -0.0 0.0 -14.756195 94.719383 277.607056 88.938393 2.435059 72.490646 8.127864 -0.735656 3.281308 -8.279139 -0.094892 6.38631 20.751774 -3.807291 7.393767 24.225523 -7.614678 1.935772 -2.528582 -0.267882 0.614407 -30.017794 4.521916 -1.050887 5e-06 -0.0 -0.0 -0.063726 0.012552 -0.208953 -0.014481 -0.040628 -0.1806 0.022304 0.047587 -0.24023 -67.696793 -68.969284 86.71891 -11.81282 -6.901566 10.024325 53.817196 4.774673 1.430896 13.272942 42.21653 10.514576 17.636608 -26.322691 52.411156 -19.466698 -14.395619 29.41041 -4e-06 -8.774839 2e-06 17.52037 -15.194024 4.425333 -0.609772 -1.795656 -3.889326 -4.807087 -11.046811 -2.937856 2.3e-05 -20.976044 -2e-05 -5.019945 -25.033636 -4.031909 6e-06 2e-06 -3e-06 -10.634533 -5.68697 -3.565581 10.573293 -17.922953 -3.11392 1.2e-05 -13.82122 -8e-06 -0.501737 -31.181593 -4.027042 -10.311697 -59.990475 7.339782 -13.982712 -7.150196 -2.875033 13.772743 -8.401495 -3.218256 0.347766 -34.211601 0.771636 -0.963019 -17.733431 2.621034 -4e-06 3e-06 3e-06 -17.34642 -20.095215 -4.201773 21.757572 -1.638375 3.866414 6e-06 -6.338829 -2e-06 -1.697562 -22.591801 -6.19404 1e-06 -4e-06 -3e-06 -159.448425 -62.617378 -13.473821 52.438805 -9.626115 -53.765827 103.780533 2.702319 -3.344397 27.912724 37.200764 38.527084 22.182074 -20.375883 49.933266 -16.701788 -16.743528 28.476519 -1.1e-05 -12.69059 8e-06 16.222446 -17.613047 3.730783 -0.105917 -1.513858 -4.275874 -5.039031 -5.612858 -2.953553 1.1e-05 -11.020509 -3e-06 -6.111278 -15.895326 -3.840477 1e-06 -1e-06 -1e-06 -10.283357 -5.680275 -4.341832 11.028286 -11.30239 -2.372634 -1.384256 -14.238567 -6.320121 -0.62541 -26.924206 -3.827605 -5.051487 -50.501884 -3.449976 -13.708504 -7.363461 -3.720936 18.14113 -14.052721 -3.242672 1e-05 -18.787239 3e-06 -0.429713 -8.456044 2.55551 1e-06 -0.0 -0.0 -15.923507 -20.094444 -5.473579 30.41918 -7.190822 1.735914 3e-06 -8.162912 4e-06 -1.861893 -22.861467 -6.167935 1e-06 -2e-06 -0.0 121.261322 -7.526371 -2.365119 22.578993 0.45225 0.491911 -77.403351 -11.016385 -15.790459 -9.901133 2.096809 1.465976 -0.999993 0.0 2e-06 25.6635 -4.219935 7.578898 22.549238 -0.393247 0.63832 -65.005196 -4.160504 -1.990958 -30.450985 0.994174 1.366268 -0.999997 -0.0 -0.0 
0.0 0.0 0.0 0.0 -0.0 0.0 -14.613146 96.309174 293.270355 86.677963 2.482495 69.959686 7.975552 -0.292344 3.341468 -8.599319 0.131256 6.990476 20.047613 -2.6433 7.14216 26.836927 -6.860259 2.238381 -2.619989 -0.13984 0.340295 -28.304396 3.786822 0.355037 6e-06 -0.0 -0.0 -0.106743 0.023024 -0.172531 -0.006599 -0.057479 -0.105296 0.047523 0.081526 -0.240828 -56.236229 -65.582901 75.832779 -17.804075 -8.356043 27.728682 52.206783 6.963382 4.36453 21.481958 37.858433 16.342907 17.636528 -26.322535 52.410847 -19.466476 -14.395522 29.410166 2.1e-05 -8.774781 -2e-06 19.228657 -15.053445 3.080653 -0.609777 -1.795642 -3.889301 -4.807084 -11.046749 -2.937824 -3.6e-05 -20.975872 9e-06 -5.019994 -25.033413 -4.031871 5e-06 1e-06 0.0 -10.634493 -5.686953 -3.565561 10.573188 -17.922815 -3.113862 -2.3e-05 -13.821123 4e-06 -0.501834 -31.181334 -4.027002 -11.21932 -62.28027 7.940336 -13.98266 -7.150172 -2.875015 13.772645 -8.401416 -3.218212 0.347667 -34.211327 0.771669 -0.963051 -17.733286 2.621003 -2e-06 -2e-06 -2e-06 -17.346375 -20.095119 -4.201733 21.757452 -1.638329 3.866418 -1.2e-05 -6.338783 3e-06 -1.697637 -22.591623 -6.19397 -2e-06 -2e-06 -3e-06 -158.151886 -62.315224 -15.158501 51.615051 -7.372924 -45.76281 95.707916 0.628734 -3.608542 28.665344 31.925377 39.010967 22.182003 -20.375795 49.933205 -16.701727 -16.74353 28.476471 1e-05 -12.690582 1.1e-05 16.528738 -18.202814 3.683259 -0.105918 -1.513848 -4.275869 -5.039034 -5.612854 -2.95355 -6e-06 -11.020478 -8e-06 -6.111303 -15.895304 -3.840491 -2e-06 0.0 -1e-06 -10.283349 -5.680277 -4.341823 11.02826 -11.302331 -2.372629 -1.384282 -14.23852 -6.320119 -0.625431 -26.924099 -3.827636 -4.773394 -50.845898 -4.138301 -13.708498 -7.363459 -3.72092 18.141098 -14.052643 -3.242675 -1.8e-05 -18.787188 -6e-06 -0.429721 -8.456016 2.5555 -2e-06 -1e-06 1e-06 -15.923517 -20.094412 -5.473562 30.419159 -7.190754 1.73592 -9e-06 -8.162889 3e-06 -1.861926 -22.861401 -6.167948 0.0 -4e-06 -1e-06 124.12529 -9.592471 -3.318313 22.543983 -0.004087 0.213144 -67.863327 -8.580691 -17.136889 -10.264725 2.216233 1.800972 -0.999997 -1e-06 1e-06 24.923752 -5.124035 10.096177 32.147343 -0.437134 0.549439 -48.436924 -7.071868 -5.227161 -14.55181 0.751195 1.414659 -0.999997 -0.0 0.0 
0.0 0.0 0.0 0.0 -0.0 0.0 -14.292261 97.897705 308.078369 84.644882 3.52924 67.259247 8.368696 0.103714 2.617446 -8.727009 0.167533 7.01989 20.09165 -1.824423 5.535406 29.577824 -7.214056 2.511152 -2.586979 -0.210386 1.459665 -27.563435 3.206427 2.358154 5e-06 -0.0 -0.0 -0.108623 -0.026309 0.055579 -0.071361 -0.088475 0.130689 -0.019153 0.012237 -0.023176 -52.394821 -63.973671 72.645042 -21.164825 -14.4245 43.130352 49.9669 6.709062 5.578122 31.402277 29.81212 25.172123 17.636623 -26.322609 52.410931 -19.466665 -14.3956 29.410299 -9e-06 -8.774828 -1e-06 21.154627 -16.376732 2.019343 -0.609774 -1.795654 -3.889318 -4.807076 -11.046793 -2.93784 2.6e-05 -20.976015 -8e-06 -5.019948 -25.033585 -4.031877 6e-06 3e-06 3e-06 -10.634523 -5.68696 -3.565567 10.573285 -17.922939 -3.113906 1.6e-05 -13.821209 -2e-06 -0.501751 -31.181559 -4.027004 -12.66439 -63.533104 8.858644 -13.982703 -7.150178 -2.875023 13.772732 -8.401497 -3.218243 0.347779 -34.211555 0.77163 -0.963003 -17.733406 2.621022 0.0 -0.0 3e-06 -17.346395 -20.095182 -4.201752 21.757549 -1.638384 3.866408 7e-06 -6.338821 -2e-06 -1.697562 -22.591778 -6.194013 1e-06 -2e-06 1e-06 -161.093796 -62.741867 -11.763412 57.784378 -9.809482 -32.777287 88.619087 -0.086621 -2.305827 26.541245 22.311926 37.039791 22.182106 -20.375811 49.933144 -16.701874 -16.743528 28.476494 -1.3e-05 -12.690627 2e-06 16.478458 -18.317244 3.586795 -0.105916 -1.513859 -4.275873 -5.039041 -5.612884 -2.953552 1e-05 -11.020562 -1.1e-05 -6.111301 -15.895423 -3.840483 -0.0 -1e-06 0.0 -10.283364 -5.680292 -4.341822 11.028309 -11.302431 -2.372645 -1.384265 -14.238633 -6.320127 -0.625404 -26.924353 -3.827633 -4.532382 -50.818062 -4.36781 -13.70852 -7.363478 -3.720922 18.141178 -14.052776 -3.242692 2.7e-05 -18.787338 -2.8e-05 -0.429693 -8.456093 2.555497 -1e-06 -2e-06 -1e-06 -15.92353 -20.094503 -5.473559 30.419241 -7.19085 1.735912 1.2e-05 -8.162951 -1.7e-05 -1.861854 -22.86161 -6.16801 1e-06 -4e-06 -1e-06 131.893402 -12.155696 -5.381993 27.218363 -0.21822 0.008655 -61.662231 -8.4005 -17.132942 -9.521631 1.926999 2.070788 -0.999996 0.0 0.0 18.383375 -5.407794 13.376472 52.893177 -0.899898 0.586133 -48.865314 -3.130267 -7.723582 -9.930961 0.776105 1.590971 -1.0 0.0 1e-06 
0.0 0.0 0.0 0.0 -0.0 0.0 -14.048336 98.944725 322.490936 83.997192 4.273552 66.019348 8.355798 0.10331 1.827459 -8.97908 -0.156278 5.738288 20.262594 -1.988395 3.653196 32.109089 -7.928761 2.476199 -2.527407 -0.062124 2.83216 -26.744427 2.82711 4.446287 3e-06 0.0 -0.0 -0.051207 -0.081979 0.208714 -0.176309 -0.089343 0.235487 -0.146175 -0.091877 0.170778 -54.124744 -65.328766 75.240044 -21.110119 -21.516748 50.35704 49.731403 4.135514 5.469232 37.474144 19.803017 30.38966 17.636812 -26.322916 52.411564 -19.466835 -14.395691 29.410624 -1.6e-05 -8.774906 -1.4e-05 20.818495 -17.618465 2.504842 -0.60978 -1.795662 -3.889351 -4.807107 -11.046868 -2.937884 5.5e-05 -20.976183 -1.1e-05 -5.019946 -25.033802 -4.031944 4e-06 1e-06 -1e-06 -10.6346 -5.686988 -3.565619 10.573388 -17.923077 -3.113929 3.4e-05 -13.821317 6e-06 -0.501706 -31.181849 -4.027047 -12.600834 -62.832119 8.465606 -13.9828 -7.150218 -2.875074 13.77285 -8.401567 -3.218261 0.347816 -34.211876 0.771666 -0.963014 -17.733582 2.621093 0.0 -1e-06 -0.0 -17.346514 -20.095306 -4.201835 21.757719 -1.638428 3.866474 1.6e-05 -6.338873 3e-06 -1.697543 -22.591982 -6.194093 1e-06 -3e-06 -2e-06 -169.046112 -63.400085 -2.657766 67.418083 -17.895441 -20.255894 79.799713 -0.526991 -0.573546 19.914274 13.536507 35.440308 22.182245 -20.376003 49.933552 -16.701931 -16.743607 28.476698 8e-06 -12.690699 -6e-06 16.872686 -18.23382 2.776645 -0.105922 -1.513867 -4.275901 -5.039077 -5.612921 -2.953574 -8e-06 -11.020641 -2e-06 -6.111366 -15.895565 -3.840518 -4e-06 -0.0 -1e-06 -10.283426 -5.680332 -4.341856 11.028357 -11.302491 -2.372648 -1.38429 -14.238741 -6.320183 -0.625444 -26.924585 -3.827676 -4.441951 -50.758179 -4.334943 -13.7086 -7.363534 -3.720954 18.141254 -14.052844 -3.242694 -3e-06 -18.787472 -1.4e-05 -0.429717 -8.456154 2.555525 -2e-06 -1e-06 -3e-06 -15.923642 -20.094637 -5.473599 30.419392 -7.190858 1.735947 1e-06 -8.163011 -9e-06 -1.861905 -22.861807 -6.168057 -0.0 -1e-06 1e-06 141.196152 -12.843539 -7.608931 31.265253 -0.288434 0.064682 -62.716942 -9.539799 -17.97452 -8.01666 1.675141 2.089935 -1.000006 0.0 -1e-06 9.521783 -4.691539 15.399163 73.420746 -1.187338 0.328562 -51.944492 -1.267109 -7.418538 -9.811209 0.76088 1.667616 -1.000001 1e-06 -1e-06 
0.0 0.0 0.0 0.0 -0.0 0.0 -13.85538 98.732353 336.650543 84.249954 4.518911 66.36953 8.274755 -0.178592 1.310794 -9.033879 -0.597937 3.928488 20.301991 -2.462167 1.5204 33.679668 -8.934781 2.430952 -2.499402 0.172804 4.160459 -25.828655 2.676651 6.145428 4e-06 0.0 0.0 0.014343 -0.115217 0.220682 -0.299108 -0.056571 0.18673 -0.29593 -0.180561 0.236676 -60.033401 -68.364189 81.231239 -15.436865 -27.591345 49.398579 52.018726 2.107981 3.997211 35.179314 15.198068 30.495501 17.636774 -26.322821 52.411247 -19.466848 -14.395742 29.410524 -2.3e-05 -8.77492 -4e-06 18.54373 -18.137316 4.38768 -0.609773 -1.795659 -3.889338 -4.807101 -11.046853 -2.93786 7e-05 -20.976168 -5e-06 -5.019961 -25.033783 -4.031908 6e-06 -0.0 0.0 -10.63459 -5.686967 -3.565586 10.573412 -17.923059 -3.113935 4.2e-05 -13.821304 5e-06 -0.501698 -31.181818 -4.027023 -12.096236 -61.165337 7.582715 -13.98279 -7.150197 -2.875036 13.772866 -8.401563 -3.218272 0.347846 -34.211838 0.771654 -0.962992 -17.733559 2.621082 -0.0 -2e-06 0.0 -17.346504 -20.095249 -4.201779 21.75774 -1.638438 3.866434 2e-05 -6.338864 1e-06 -1.697541 -22.591944 -6.19406 -0.0 -5e-06 -3e-06 -177.545776 -64.289474 7.335409 73.723572 -29.006113 -11.981542 68.128983 -2.358998 -0.362946 14.669514 10.45796 35.45496 22.182098 -20.37603 49.933548 -16.702036 -16.743633 28.476812 -8e-06 -12.690696 3.2e-05 15.850093 -17.767973 2.937255 -0.105914 -1.513874 -4.275908 -5.039062 -5.612949 -2.953573 3e-06 -11.020705 -8e-06 -6.111344 -15.895674 -3.840503 -0.0 6e-06 -1e-06 -10.283405 -5.680346 -4.341849 11.028357 -11.302551 -2.372683 -1.384261 -14.238836 -6.320199 -0.625417 -26.924812 -3.827703 -4.113749 -49.854237 -4.253166 -13.708573 -7.363548 -3.720938 18.141256 -14.052919 -3.242753 1.1e-05 -18.78759 -3.9e-05 -0.429714 -8.456214 2.555515 0.0 1e-06 0.0 -15.923604 -20.094696 -5.473577 30.419378 -7.190868 1.735862 -2e-06 -8.163055 -2.6e-05 -1.861868 -22.861969 -6.168099 1e-06 -3e-06 -1e-06 149.874237 -11.671902 -8.303112 35.657352 -0.390629 0.245478 -67.640419 -10.583559 -19.612053 -7.106063 1.608778 2.001394 -1.0 0.0 0.0 -1.45712 -3.000721 15.766661 90.970879 -1.079296 0.093222 -57.10112 -1.891985 -6.142356 -9.782968 0.718078 1.672283 -1.000006 0.0 0.0 
0.0 0.0 0.0 0.0 -0.0 0.0 -13.540157 96.879944 350.692871 84.838379 4.112677 68.700348 8.726156 -0.375425 0.73451 -8.957933 -0.978877 2.053459 20.129635 -2.848518 -0.842494 33.647404 -9.770514 2.611582 -2.551501 0.595342 5.377651 -25.495962 2.514886 7.455466 9e-06 -0.0 0.0 -0.001618 -0.086189 0.108603 -0.38967 0.00569 0.048929 -0.377747 -0.182113 0.15172 -69.351662 -72.873825 89.438118 -3.869313 -30.623123 40.327652 53.042183 1.319542 2.279884 29.274544 15.534053 29.068981 17.636612 -26.322573 52.410919 -19.466522 -14.395505 29.410212 8e-06 -8.774779 -1.5e-05 16.692638 -18.15929 5.886382 -0.609777 -1.795644 -3.889307 -4.807077 -11.046756 -2.937837 -5e-06 -20.975916 2e-06 -5.019944 -25.033464 -4.031884 7e-06 -1e-06 -0.0 -10.6345 -5.686947 -3.565574 10.573207 -17.922852 -3.113867 -3e-06 -13.821144 3e-06 -0.501777 -31.181385 -4.027009 -12.18014 -59.76701 7.56053 -13.982668 -7.150173 -2.875032 13.772658 -8.401443 -3.218207 0.347716 -34.211388 0.771658 -0.963029 -17.73332 2.621017 0.0 0.0 -0.0 -17.346367 -20.095133 -4.201765 21.757467 -1.638357 3.866437 -0.0 -6.338796 1e-06 -1.697585 -22.591671 -6.194003 -0.0 -5e-06 -2e-06 172.388458 -66.689697 19.748739 71.530548 -39.93021 -4.979432 57.630871 -3.140824 -0.753433 14.592194 14.140202 35.134052 22.182024 -20.375719 49.932938 -16.701706 -16.743446 28.476294 -1.6e-05 -12.690529 -6e-06 16.200022 -17.303848 2.60665 -0.105917 -1.513847 -4.275854 -5.039014 -5.61283 -2.953532 1.6e-05 -11.020454 -2e-06 -6.11124 -15.895224 -3.840448 0.0 2e-06 -1e-06 -10.283326 -5.680248 -4.341805 11.028246 -11.302339 -2.372614 -1.384253 -14.238477 -6.32007 -0.625401 -26.924009 -3.827558 -3.641541 -49.878452 -4.059502 -13.708468 -7.363424 -3.72091 18.141073 -14.05266 -3.242647 2.5e-05 -18.787149 0.0 -0.429694 -8.455998 2.555492 0.0 0.0 0.0 -15.923466 -20.094353 -5.473539 30.419075 -7.190798 1.735922 1.2e-05 -8.162869 -0.0 -1.861861 -22.861315 -6.167897 2e-06 -3e-06 1e-06 156.79567 -8.903406 -6.309247 42.094921 -0.400443 0.468319 -76.490021 -11.341182 -18.268602 -7.491298 1.66769 1.971211 -0.999999 0.0 0.0 -15.144266 -0.642973 12.97446 104.772415 -0.675269 0.001612 -65.483498 -4.655365 -4.449688 -9.415359 0.679863 1.572872 -1.000005 0.0 -0.0 
0.0 0.0 0.0 0.0 -0.0 0.0 -13.199872 93.317299 363.720032 86.306122 3.535794 73.684784 9.88333 -1.160397 0.348228 -8.913538 -1.320719 -0.264985 20.201866 -3.148844 -3.868729 32.331715 -8.990038 2.75232 -2.771482 0.825038 6.700414 -27.336523 2.362736 8.140777 4e-06 0.0 -0.0 -0.051668 -0.022799 0.007119 -0.439191 0.004125 -0.067195 -0.385994 -0.060498 0.072974 -82.062477 -78.805481 100.585785 12.438044 -28.429144 25.651196 49.367306 0.965276 0.675784 25.614038 18.854618 27.872952 17.636602 -26.322645 52.410973 -19.466532 -14.395493 29.410231 5e-06 -8.774774 -1e-05 16.064602 -18.322067 6.290107 -0.609778 -1.795646 -3.889311 -4.807072 -11.046777 -2.937836 -1.2e-05 -20.975958 1.4e-05 -5.019956 -25.033518 -4.031863 6e-06 1e-06 -0.0 -10.634492 -5.686955 -3.565579 10.573199 -17.922897 -3.113866 -5e-06 -13.821183 6e-06 -0.501789 -31.181498 -4.026994 -11.709335 -59.105602 7.517165 -13.982655 -7.150178 -2.875039 13.772644 -8.401464 -3.218207 0.347703 -34.21146 0.771677 -0.963039 -17.733356 2.621026 -0.0 -3e-06 0.0 -17.346348 -20.095167 -4.201766 21.757444 -1.638355 3.866431 -1e-06 -6.338809 2e-06 -1.697585 -22.59173 -6.193992 0.0 -4e-06 -3e-06 154.988052 -69.856339 39.877899 59.868889 -47.207924 4.083477 51.181904 -3.165573 -1.0126 19.262403 22.240267 31.788967 22.182121 -20.375816 49.93317 -16.701807 -16.743448 28.476454 -1.8e-05 -12.690576 -1.6e-05 17.089188 -17.941114 2.280181 -0.105921 -1.513855 -4.27587 -5.039026 -5.612866 -2.953557 1.9e-05 -11.020545 -1e-05 -6.111256 -15.895384 -3.840486 -0.0 0.0 0.0 -10.283346 -5.680279 -4.341835 11.028275 -11.302417 -2.372625 -1.384247 -14.238603 -6.320129 -0.625381 -26.924299 -3.827624 -3.806557 -50.657093 -3.810134 -13.70849 -7.363466 -3.720941 18.141117 -14.052758 -3.242661 4.1e-05 -18.787298 -1.8e-05 -0.429692 -8.456072 2.555507 -0.0 0.0 0.0 -15.923483 -20.094458 -5.473588 30.419128 -7.190856 1.735939 1.7e-05 -8.162932 -9e-06 -1.861827 -22.861532 -6.167975 -2e-06 -2e-06 -1e-06 161.324753 -3.797717 -3.269859 50.850658 -0.100647 0.22995 -93.08532 -13.088707 -9.599887 -5.279655 1.606627 2.054267 -0.999998 0.0 -0.0 -30.77796 -0.574651 6.567089 111.941109 0.222845 0.024732 -74.020447 -9.317488 -2.362092 -8.516302 0.573479 1.332909 -0.999996 2e-06 -0.0 
0.0 0.0 0.0 0.0 -0.0 0.0 -13.396369 89.262207 375.930298 89.91156 3.219336 81.251907 11.250719 -2.926403 -0.881134 -8.513864 -1.906008 -2.260588 21.247578 -4.61888 -7.416557 29.999613 -4.748622 2.979091 -2.825145 0.585361 6.899331 -30.76152 2.820097 8.732889 3e-06 0.0 -0.0 -0.13041 0.047381 -0.13488 -0.299407 0.045504 -0.183051 -0.173009 0.032351 -0.084132 -71.590569 -86.123238 88.657516 30.671009 -22.417915 10.289485 42.208183 0.547648 -0.454646 26.430721 22.849792 28.679049 17.636662 -26.322853 52.411308 -19.466734 -14.395721 29.410488 1e-06 -8.77489 3e-06 15.976245 -17.464979 5.541378 -0.609776 -1.795655 -3.889337 -4.807116 -11.046845 -2.937841 -1e-06 -20.976107 2.7e-05 -5.02004 -25.03371 -4.031872 6e-06 0.0 1e-06 -10.63458 -5.686982 -3.56558 10.573336 -17.92301 -3.113906 -6e-06 -13.821272 2.1e-05 -0.501816 -31.181734 -4.026996 -10.078999 -58.570465 6.207025 -13.982777 -7.150208 -2.875026 13.772812 -8.401516 -3.218262 0.347706 -34.21175 0.771712 -0.963059 -17.733509 2.621068 0.0 -0.0 1e-06 -17.346508 -20.095263 -4.201749 21.75769 -1.638381 3.866428 -1e-06 -6.338853 9e-06 -1.697625 -22.5919 -6.194016 -1e-06 -6e-06 -4e-06 129.559784 -70.163635 68.187424 45.384838 -50.54026 14.137932 47.881622 -2.28635 -0.981135 24.512531 31.6131 28.757324 22.182165 -20.375994 49.933521 -16.702021 -16.743715 28.47677 -3.9e-05 -12.690732 2.2e-05 17.019167 -18.338612 2.348448 -0.10591 -1.513865 -4.275906 -5.039061 -5.612897 -2.95357 3.3e-05 -11.020618 -1.6e-05 -6.111311 -15.895483 -3.840507 1e-06 1e-06 4e-06 -10.283419 -5.680301 -4.341845 11.028408 -11.302486 -2.372684 -1.384236 -14.238688 -6.32017 -0.625351 -26.924509 -3.827642 -4.403814 -51.255527 -3.416493 -13.708593 -7.363495 -3.720938 18.141338 -14.052851 -3.242749 4.8e-05 -18.787424 -1.1e-05 -0.429697 -8.456137 2.555529 -1e-06 0.0 -1e-06 -15.923603 -20.094549 -5.473597 30.41947 -7.190914 1.735865 2e-05 -8.162985 -1e-06 -1.861866 -22.861691 -6.167993 2e-06 -3e-06 -0.0 165.857101 1.977763 -2.107491 57.781994 0.033968 -0.222912 -105.059097 -9.062493 -2.982825 -5.715421 1.766936 2.155536 -0.999998 0.0 0.0 -46.429821 -5.079626 0.492214 110.687737 0.604653 -0.219273 -79.331779 -11.110081 -1.199083 -7.665213 0.451972 1.341905 -1.000003 -1e-06 1e-06 
0.0 0.0 0.0 0.0 -0.0 0.0 -13.938689 86.574974 387.990967 90.200554 1.731768 87.622253 12.041153 -2.474032 -1.946188 -7.565386 -2.231628 -4.038022 22.144169 -4.634613 -10.293275 27.49008 -2.163037 3.288244 -2.646823 0.602585 6.349529 -30.659767 2.653599 9.00293 3e-06 0.0 -0.0 -0.145633 0.064549 -0.242701 -0.133301 0.009586 -0.265558 -0.023835 0.110583 -0.21296 53.730652 -84.638924 -39.034824 44.560764 -16.160082 -0.054732 35.498913 1.730845 -0.105856 25.887505 25.124088 30.386459 17.636604 -26.322458 52.410839 -19.466511 -14.395501 29.410164 -2e-06 -8.77478 -1.7e-05 15.608969 -16.87134 5.327785 -0.609781 -1.795642 -3.889305 -4.807067 -11.046719 -2.937842 2.3e-05 -20.975824 -2.3e-05 -5.019892 -25.033331 -4.031911 6e-06 -1e-06 3e-06 -10.634497 -5.686936 -3.565572 10.573218 -17.922783 -3.113872 1.2e-05 -13.821074 -5e-06 -0.501735 -31.181187 -4.027012 -9.397196 -57.866703 5.364423 -13.982663 -7.150152 -2.875033 13.772659 -8.401425 -3.218209 0.347769 -34.211197 0.771623 -0.963001 -17.733217 2.621007 -0.0 -0.0 3e-06 -17.346355 -20.095072 -4.201777 21.757462 -1.638372 3.866433 5e-06 -6.338764 -5e-06 -1.697555 -22.591528 -6.193995 -0.0 -3e-06 -3e-06 117.891472 -68.683319 82.250877 27.626089 -54.659302 20.727814 50.085632 -1.616585 -1.028689 25.717575 38.935905 23.062992 22.182074 -20.375738 49.932972 -16.701672 -16.743402 28.476263 -1.8e-05 -12.690503 -2.1e-05 16.516247 -17.977438 2.887791 -0.10592 -1.513845 -4.275851 -5.039002 -5.612813 -2.953537 2.6e-05 -11.020418 -3e-06 -6.111208 -15.89516 -3.840459 -1e-06 -2e-06 -3e-06 -10.28332 -5.680237 -4.341815 11.028235 -11.302316 -2.372601 -1.38424 -14.238433 -6.320062 -0.625381 -26.92391 -3.827538 -4.604815 -51.226192 -3.16951 -13.708453 -7.363406 -3.720928 18.141048 -14.052642 -3.24262 3.7e-05 -18.787086 1.5e-05 -0.429689 -8.45597 2.555503 0.0 -0.0 -1e-06 -15.923433 -20.094305 -5.47357 30.419012 -7.190826 1.73595 2e-05 -8.16285 1e-05 -1.861851 -22.861227 -6.16786 -0.0 -3e-06 -2e-06 172.089371 1.094066 -2.29069 61.398956 -0.171923 -0.069732 -109.246262 -2.827684 -0.318144 -11.997878 1.934518 2.22366 -0.999996 0.0 -0.0 -58.616165 -6.481109 -4.688776 98.250603 0.303265 -0.437152 -80.535454 -14.400765 -1.52302 -6.943479 0.518141 1.452759 -0.999999 1e-06 2e-06 
0.0 0.0 0.0 0.0 -0.0 0.0 -14.294431 83.979607 401.279388 87.885574 -0.383298 90.57914 12.672917 -1.050115 -2.908574 -7.242029 -2.184259 -5.78511 21.784063 -3.064061 -11.959769 26.645216 -2.544466 3.160932 -2.502879 0.553898 6.799698 -30.40818 1.528471 10.15319 6e-06 -0.0 0.0 -0.17705 0.013 -0.173806 -0.13117 -0.053741 -0.193678 -0.120525 0.078615 -0.143353 55.279911 -77.654495 -42.471478 55.702477 -12.710114 -6.716825 27.865866 4.154824 0.595537 21.912575 28.069258 32.398155 17.636705 -26.322817 52.411358 -19.46666 -14.395619 29.41046 3e-06 -8.774853 -1.2e-05 15.844497 -17.151125 5.617849 -0.609781 -1.795654 -3.889334 -4.807106 -11.046821 -2.937858 -1e-06 -20.976057 1.2e-05 -5.019992 -25.033651 -4.031918 5e-06 -1e-06 -0.0 -10.634562 -5.686976 -3.565601 10.573288 -17.922956 -3.113888 -3e-06 -13.821231 9e-06 -0.501792 -31.181606 -4.02702 -10.075197 -58.143234 5.737187 -13.982746 -7.150206 -2.875057 13.772754 -8.401495 -3.218233 0.347707 -34.211617 0.771699 -0.963053 -17.733442 2.62106 0.0 -0.0 -2e-06 -17.34646 -20.095234 -4.201801 21.75761 -1.638376 3.866464 1e-06 -6.338841 8e-06 -1.697603 -22.591854 -6.194043 -2e-06 -3e-06 -6e-06 122.529045 -66.80069 77.718361 5.930428 -56.731846 35.088375 59.559769 -1.432938 -0.779271 21.819794 42.315826 17.83061 22.182285 -20.376026 49.933701 -16.701956 -16.743586 28.476776 -6e-06 -12.690701 -2e-05 15.965069 -17.777647 3.367732 -0.105927 -1.513865 -4.275907 -5.03908 -5.612919 -2.953594 1.1e-05 -11.020643 -1.2e-05 -6.111345 -15.89558 -3.840561 -1e-06 2e-06 -2e-06 -10.283433 -5.680326 -4.341881 11.028369 -11.302499 -2.372647 -1.384273 -14.238743 -6.320211 -0.625409 -26.924622 -3.827691 -5.014681 -51.416912 -3.154074 -13.708599 -7.363527 -3.720985 18.141266 -14.052863 -3.242693 2.4e-05 -18.787476 -1e-05 -0.429711 -8.456169 2.555547 0.0 0.0 -3e-06 -15.92362 -20.094622 -5.473654 30.419399 -7.190901 1.735967 1e-05 -8.163011 -2e-06 -1.861873 -22.861811 -6.168058 0.0 -3e-06 -1e-06 -179.725571 -2.257617 -2.520672 62.091606 -0.541444 0.25515 -109.147949 -0.433426 0.497428 -21.898529 2.181252 2.069042 -1.0 -0.0 0.0 -65.280525 -4.263478 -7.621099 77.951149 0.140585 -0.489257 -80.697441 -13.857759 -1.975648 -6.131146 0.567858 1.551621 -1.000005 1e-06 -1e-06 
0.0 0.0 0.0 0.0 -0.0 0.0 -14.30206 81.487679 416.630402 85.093361 -2.343417 90.75985 13.030961 -0.008898 -3.740268 -7.355399 -2.082037 -6.881855 21.793156 -1.236367 -13.259927 26.946861 -3.852952 3.456113 -2.315495 0.417323 7.958707 -31.170723 0.161685 12.036807 3e-06 0.0 -0.0 -0.141237 -0.064869 0.022557 -0.089491 -0.075427 0.022163 -0.192343 -0.046014 0.03481 50.186451 -72.793343 -38.166157 63.595119 -9.5385 -10.370117 21.653996 4.765212 0.812992 18.096685 29.474585 35.847691 17.636744 -26.323013 52.411652 -19.46682 -14.395701 29.410669 -1e-06 -8.774904 -6e-06 16.023243 -17.63677 6.015221 -0.609781 -1.795664 -3.889356 -4.807125 -11.046906 -2.937876 7e-06 -20.976259 6e-06 -5.020014 -25.033922 -4.031936 6e-06 -1e-06 4e-06 -10.634601 -5.687009 -3.565616 10.573359 -17.923105 -3.113923 3e-06 -13.821362 7e-06 -0.501769 -31.181993 -4.027069 -11.157066 -58.853745 6.68715 -13.982809 -7.150249 -2.875065 13.772837 -8.401564 -3.218265 0.347725 -34.211994 0.771688 -0.963054 -17.733652 2.621079 1e-06 -1e-06 3e-06 -17.34654 -20.095362 -4.201809 21.757723 -1.638391 3.866466 -0.0 -6.338892 6e-06 -1.697591 -22.59206 -6.194107 1e-06 -5e-06 2e-06 130.769043 -64.526535 69.036804 -9.626006 -54.365982 47.135254 72.555939 -1.781783 -1.280016 16.959705 42.942547 14.960662 22.182316 -20.376074 49.933788 -16.702051 -16.743629 28.476871 -1.4e-05 -12.69074 -1e-05 15.402032 -17.499165 3.558199 -0.105921 -1.513876 -4.275918 -5.03909 -5.612944 -2.9536 1.5e-05 -11.020702 -1.8e-05 -6.111356 -15.895674 -3.840571 0.0 -1e-06 1e-06 -10.283446 -5.680346 -4.341885 11.028405 -11.30255 -2.372669 -1.384263 -14.238817 -6.320237 -0.625383 -26.924767 -3.827721 -5.031059 -51.02599 -3.232228 -13.708627 -7.363549 -3.720987 18.141331 -14.052935 -3.242723 3.9e-05 -18.787582 -3.4e-05 -0.429703 -8.456215 2.555542 -0.0 -1e-06 2e-06 -15.923649 -20.094696 -5.473657 30.41947 -7.190933 1.735946 1.3e-05 -8.163044 -1e-05 -1.861853 -22.861925 -6.168097 0.0 -3e-06 -2e-06 -170.009109 -4.714338 -2.576013 59.388142 -0.561606 0.186287 -102.049683 -2.475429 -0.448463 -33.079529 2.407271 1.921824 -1.000002 -0.0 -0.0 -66.322296 -0.442219 -8.232082 54.382729 0.250438 -0.276633 -79.291061 -4.142684 -3.542922 -7.227438 0.537684 1.543117 -1.000004 -0.0 -0.0 
0.0 0.0 0.0 0.0 -0.0 0.0 -14.465436 79.562172 431.979736 82.886284 -4.502699 90.022224 13.063799 0.670994 -4.267906 -7.36247 -2.11261 -7.473614 22.222965 0.060054 -14.280337 27.223476 -4.591456 4.034261 -2.248858 -0.202483 9.27603 -31.83489 -1.298051 14.179572 4e-06 -0.0 -0.0 -0.101597 -0.104976 0.196255 -0.011472 -0.09789 0.21403 -0.166338 -0.098494 0.191656 47.340302 -70.108856 -35.650593 67.761185 -6.451428 -10.844539 19.192696 3.604351 0.974752 16.474911 26.827751 37.99548 17.636633 -26.322718 52.41135 -19.466679 -14.395591 29.410475 0.0 -8.774831 -6e-06 16.134535 -17.997662 6.321146 -0.609777 -1.795655 -3.889336 -4.807096 -11.046808 -2.93787 1.1e-05 -20.976009 -2.4e-05 -5.019939 -25.033571 -4.031946 7e-06 -1e-06 -3e-06 -10.634544 -5.686977 -3.565603 10.573283 -17.922939 -3.113919 7e-06 -13.821206 -1.1e-05 -0.501729 -31.181536 -4.027077 -11.624242 -59.339939 7.267903 -13.982726 -7.150205 -2.87506 13.772736 -8.401485 -3.218249 0.347752 -34.211536 0.771631 -0.963029 -17.733385 2.621035 2e-06 1e-06 3e-06 -17.34643 -20.09523 -4.201818 21.75757 -1.638374 3.866444 3e-06 -6.33882 -1e-06 -1.697567 -22.591757 -6.194068 0.0 -5e-06 -1e-06 134.996994 -62.721001 64.823608 -15.042065 -51.98875 50.454376 87.050545 -1.633768 -1.949671 15.909678 42.87635 11.395041 22.182178 -20.37598 49.933521 -16.701899 -16.743586 28.476677 1e-06 -12.690665 -1e-06 15.139193 -17.541409 3.550045 -0.105919 -1.513863 -4.275898 -5.039063 -5.612903 -2.953573 2e-06 -11.020599 -8e-06 -6.111325 -15.895498 -3.840517 0.0 2e-06 0.0 -10.283405 -5.680314 -4.341853 11.028334 -11.302452 -2.372646 -1.384271 -14.238686 -6.320169 -0.625424 -26.924465 -3.827657 -5.20049 -50.590553 -2.962731 -13.708571 -7.363507 -3.720953 18.141216 -14.052796 -3.242691 4e-06 -18.787395 -1e-05 -0.429713 -8.456118 2.555525 1e-06 0.0 0.0 -15.923593 -20.094568 -5.473606 30.419327 -7.190851 1.735933 0.0 -8.162984 -5e-06 -1.861888 -22.861704 -6.168023 -1e-06 -4e-06 -2e-06 -162.758881 -5.985118 -3.862516 57.322697 -0.40401 -0.048056 -86.429504 -5.734845 -3.352998 -36.466942 2.084558 1.832851 -0.999996 -0.0 0.0 -66.067909 3.118194 -6.461339 37.848343 0.166906 0.240082 -78.499664 3.401004 -7.780265 -8.284463 0.53434 1.490238 -1.000008 1e-06 0.0 
0.0 0.0 0.0 0.0 -0.0 0.0 -14.956572 77.606949 446.595154 82.366875 -6.622858 90.273979 13.682707 0.755098 -4.436529 -7.140065 -2.250655 -7.536712 22.902416 0.65674 -14.736577 25.976954 -4.290372 3.770219 -2.324418 -0.620005 10.547064 -32.434357 -2.264242 15.800968 4e-06 -0.0 -0.0 -0.115767 -0.112408 0.217937 0.024455 -0.133601 0.252299 -0.11346 -0.079161 0.194633 47.491062 -68.313019 -35.712814 67.6549 -3.452439 -11.990637 19.995928 3.447217 1.228568 15.89423 24.403961 37.382225 17.636745 -26.323107 52.411385 -19.466625 -14.395656 29.410429 -7e-06 -8.774844 -7e-06 16.642555 -17.714827 6.291472 -0.609775 -1.795647 -3.889332 -4.80709 -11.046838 -2.937822 -1.4e-05 -20.976151 0.000106 -5.020063 -25.033739 -4.031756 5e-06 -2e-06 -2e-06 -10.634547 -5.686962 -3.565593 10.573299 -17.923037 -3.113842 -8e-06 -13.821307 6.9e-05 -0.501895 -31.181805 -4.026849 -11.998967 -59.664886 7.755131 -13.982736 -7.15019 -2.875044 13.77276 -8.401531 -3.218216 0.347653 -34.211826 0.771855 -0.963105 -17.733564 2.621136 -1e-06 -0.0 -3e-06 -17.346441 -20.09523 -4.201752 21.757593 -1.638402 3.866445 2e-06 -6.338869 2.9e-05 -1.69763 -22.591921 -6.193927 -2e-06 -5e-06 -3e-06 135.956726 -61.529049 63.398384 -14.825407 -54.454277 48.579464 101.75576 -1.730003 -1.594588 15.924101 44.660343 11.519064 22.182219 -20.375916 49.933659 -16.70199 -16.743532 28.476782 -5e-06 -12.690668 -8e-06 15.700104 -17.613754 3.04892 -0.105924 -1.513875 -4.275907 -5.039066 -5.612934 -2.953598 6e-06 -11.020656 -3.3e-05 -6.111317 -15.895602 -3.840574 1e-06 4e-06 2e-06 -10.283414 -5.680345 -4.341879 11.028339 -11.302513 -2.372671 -1.384262 -14.238762 -6.320233 -0.625365 -26.924625 -3.827762 -5.313471 -51.086311 -2.762097 -13.708583 -7.363548 -3.720981 18.141233 -14.052867 -3.242721 4.1e-05 -18.787487 -7.1e-05 -0.429699 -8.456159 2.555511 -1e-06 -2e-06 -1e-06 -15.923603 -20.094671 -5.473662 30.419334 -7.190884 1.735943 1.3e-05 -8.163005 -2.9e-05 -1.861828 -22.861807 -6.168118 0.0 -3e-06 -2e-06 -163.006302 -6.594841 -5.884738 63.130817 -0.629922 -0.128204 -74.890251 -5.541107 -6.329247 -22.53018 1.717668 2.023713 -1.000002 -1e-06 -0.0 -67.809212 3.033985 -5.519718 39.881805 -0.21649 0.218605 -79.340363 3.523847 -8.243039 -8.607895 0.522038 1.557687 -1.000003 -0.0 -0.0 
0.0 0.0 0.0 0.0 -0.0 0.0 -15.637387 74.951988 460.058105 82.558258 -8.837551 90.909126 14.592641 0.834399 -4.218752 -6.866493 -2.552962 -7.28519 24.07884 0.54226 -14.58119 23.22452 -3.145435 3.225678 -2.212459 -0.291077 11.064715 -33.760303 -2.483851 17.369263 6e-06 0.0 0.0 -0.134217 -0.053288 0.089263 0.026946 -0.127865 0.137485 -0.060207 0.029495 0.052471 49.881809 -67.692993 -37.975235 63.7071 -0.724601 -16.771038 23.168007 5.096451 1.969979 16.088072 24.745096 36.90765 17.636707 -26.322622 52.41111 -19.466633 -14.395563 29.410343 3e-06 -8.774832 -2e-05 17.164499 -17.199883 5.989189 -0.609777 -1.795652 -3.889322 -4.807099 -11.046799 -2.93786 1.4e-05 -20.976009 -2.2e-05 -5.019945 -25.033607 -4.031947 7e-06 0.0 -3e-06 -10.634549 -5.686968 -3.56559 10.573278 -17.922922 -3.113894 1.2e-05 -13.821204 -1.1e-05 -0.501732 -31.181555 -4.027074 -12.351867 -59.448978 7.655024 -13.982731 -7.150195 -2.875048 13.772734 -8.401481 -3.218226 0.347761 -34.21154 0.771624 -0.963012 -17.733406 2.621025 0.0 -1e-06 -1e-06 -17.346447 -20.095198 -4.201796 21.757586 -1.638375 3.866463 4e-06 -6.338821 -3e-06 -1.697571 -22.591789 -6.194071 0.0 -4e-06 -3e-06 135.483994 -62.34708 62.1497 -6.682159 -61.105026 38.269054 116.378677 -1.41767 -1.317315 18.064869 48.584713 17.210798 22.182114 -20.37583 49.93317 -16.701828 -16.74345 28.476461 -3.4e-05 -12.690559 -5e-06 16.052925 -17.643145 2.700388 -0.10592 -1.513857 -4.275871 -5.039014 -5.612857 -2.953559 3.5e-05 -11.020523 -1.3e-05 -6.111216 -15.895336 -3.840483 -1e-06 -0.0 2e-06 -10.283341 -5.680264 -4.341837 11.028286 -11.302411 -2.372633 -1.384226 -14.238566 -6.320124 -0.625351 -26.924227 -3.827604 -5.366522 -51.755844 -2.734046 -13.708484 -7.363445 -3.720944 18.141123 -14.052756 -3.242668 6.3e-05 -18.787262 -1.5e-05 -0.429679 -8.456055 2.555505 2e-06 1e-06 -1e-06 -15.923466 -20.094425 -5.473598 30.419115 -7.190878 1.735916 2.5e-05 -8.162915 -3e-06 -1.861803 -22.861475 -6.167947 -2e-06 -3e-06 0.0 -168.737 -7.269394 -8.65896 74.946869 -0.96127 -0.211512 -69.689293 -6.049288 -7.994043 -14.261986 1.585751 2.281786 -0.999996 0.0 1e-06 -71.569206 1.129864 -4.788158 54.117832 -0.343299 -0.012892 -76.995293 3.764846 -7.365435 -9.370456 0.531842 1.572924 -1.0 0.0 0.0 
0.0 0.0 0.0 0.0 -0.0 0.0 -16.71805 71.317497 471.723694 82.469437 -11.089863 91.321648 16.254702 0.443884 -3.792629 -6.291129 -2.699539 -6.587927 25.366776 0.276241 -13.921823 18.828445 -0.632049 2.971884 -2.049667 -0.215539 11.475925 -36.133732 -1.997222 18.763569 5e-06 -0.0 -0.0 -0.10645 0.025598 -0.053806 0.182762 -0.057059 0.027515 0.183674 0.108275 -0.117666 55.333027 -67.544991 -43.276917 55.412838 2.461074 -22.171091 28.152756 6.896983 3.505203 15.671403 26.627449 34.758869 17.636806 -26.322908 52.411545 -19.466825 -14.395678 29.410622 -6e-06 -8.774911 -1.5e-05 17.62203 -16.790749 6.02564 -0.609781 -1.795664 -3.88935 -4.807123 -11.046894 -2.937883 2.4e-05 -20.976238 -1.2e-05 -5.019985 -25.033905 -4.031963 6e-06 -2e-06 2e-06 -10.634607 -5.687006 -3.565615 10.573369 -17.923094 -3.113924 1.7e-05 -13.821351 -1e-06 -0.501737 -31.181959 -4.027082 -12.074139 -59.266563 7.554185 -13.98281 -7.150241 -2.875069 13.772841 -8.401564 -3.218258 0.347773 -34.211948 0.771656 -0.963023 -17.733622 2.62107 0.0 0.0 3e-06 -17.34654 -20.095345 -4.201823 21.757729 -1.6384 3.866482 1e-05 -6.338888 -1e-06 -1.697569 -22.592066 -6.194123 -3e-06 -5e-06 -3e-06 134.007599 -67.434395 60.880516 20.10491 -65.42086 5.783468 130.759872 -0.504665 -1.692616 25.649105 50.335857 25.539734 22.182106 -20.375898 49.933296 -16.701843 -16.743502 28.476532 -2.1e-05 -12.690574 5e-06 15.788674 -17.58514 2.636409 -0.105919 -1.513856 -4.27588 -5.039025 -5.612871 -2.953557 2.3e-05 -11.020539 -9e-06 -6.111244 -15.895362 -3.840476 1e-06 -1e-06 1e-06 -10.283356 -5.68029 -4.341843 11.028286 -11.302424 -2.372639 -1.38424 -14.238594 -6.320124 -0.625385 -26.924255 -3.827604 -4.799074 -51.494244 -2.901104 -13.708505 -7.363472 -3.720948 18.141138 -14.052773 -3.242684 3.4e-05 -18.787302 -8e-06 -0.4297 -8.456072 2.555506 0.0 -2e-06 -0.0 -15.923502 -20.094496 -5.473595 30.419167 -7.190855 1.735904 1.4e-05 -8.162936 -6e-06 -1.861844 -22.861523 -6.167951 1e-06 -3e-06 -3e-06 -178.108398 -8.909088 -11.922155 91.007652 -0.922041 -0.323451 -66.506615 -9.414491 -9.033212 -11.334886 1.591575 2.381443 -0.999998 1e-06 1e-06 -77.305176 0.928446 -3.061203 75.556808 -0.542244 -0.214376 -80.132164 2.919143 -3.982193 -8.053813 0.581934 1.583985 -1.000002 0.0 -0.0 
0.0 0.0 0.0 0.0 -0.0 0.0 -17.945606 66.720787 481.716766 81.027107 -13.02566 90.763687 18.839098 -0.081362 -2.888838 -5.25238 -2.8256 -5.672984 26.428844 0.286197 -12.133989 13.448662 3.107386 1.865548 -2.006321 0.107791 12.185404 -39.274422 -1.833281 20.515951 6e-06 0.0 -1e-06 -0.079345 0.074528 -0.147798 0.101121 -0.003084 -0.091426 0.139864 0.145603 -0.175084 62.67448 -66.286171 -50.013943 43.196255 7.198185 -27.830269 29.064487 6.375941 3.803492 12.131878 28.753263 29.863377 17.636614 -26.322779 52.411331 -19.466862 -14.395613 29.41058 -1.3e-05 -8.774858 6e-06 18.195656 -16.489292 6.292147 -0.609775 -1.795671 -3.889343 -4.807092 -11.046903 -2.937877 3.1e-05 -20.976242 -4.1e-05 -5.019943 -25.033913 -4.031939 5e-06 -1e-06 1e-06 -10.634544 -5.687007 -3.565599 10.57332 -17.923107 -3.113958 2.1e-05 -13.821357 -3e-05 -0.501676 -31.181982 -4.027123 -12.171469 -61.203125 8.371109 -13.982728 -7.150241 -2.875052 13.772771 -8.401569 -3.218282 0.34781 -34.211964 0.771561 -0.962994 -17.733618 2.621019 -1e-06 -0.0 -1e-06 -17.346434 -20.095348 -4.201801 21.757608 -1.638387 3.866422 8e-06 -6.338889 -1.5e-05 -1.697528 -22.592075 -6.194126 2e-06 -6e-06 -2e-06 136.268661 -75.179626 55.388298 51.432247 -54.85075 -35.300888 135.704666 -0.112679 -1.289958 28.138153 48.324104 26.446827 22.18218 -20.375904 49.933411 -16.701796 -16.743635 28.476576 5.5e-05 -12.690703 -0.0 15.125005 -17.866774 2.972945 -0.105922 -1.513852 -4.275889 -5.039095 -5.612909 -2.953553 -4.5e-05 -11.020578 1.1e-05 -6.111436 -15.895476 -3.840503 -1e-06 -0.0 4e-06 -10.283433 -5.680331 -4.341832 11.028316 -11.302397 -2.372629 -1.38435 -14.238655 -6.320147 -0.625554 -26.92436 -3.827667 -4.052067 -49.612133 -3.39947 -13.708609 -7.363535 -3.720921 18.141199 -14.052711 -3.242671 -7.7e-05 -18.787352 -1.1e-05 -0.429745 -8.456093 2.555503 1e-06 1e-06 1e-06 -15.923694 -20.094593 -5.473545 30.419395 -7.190737 1.735976 -3e-05 -8.162961 -7e-06 -1.86202 -22.861652 -6.168043 -2e-06 -2e-06 3e-06 169.996063 -12.438187 -14.323956 110.517731 -0.610966 0.02052 -60.114796 -15.200303 -12.05723 -9.703878 1.527626 2.649932 -0.999998 -1e-06 -0.0 -81.496155 4.16176 -3.396317 96.019669 -0.134392 -0.558232 -90.932472 -2.905669 0.235483 -5.782015 0.663482 1.619649 -1.000001 0.0 0.0 
0.0 0.0 0.0 0.0 -0.0 0.0 -18.720524 61.802017 491.161194 79.303268 -15.569057 88.752296 22.01226 -0.603218 -1.422424 -4.217216 -3.153727 -5.093748 26.507362 0.013455 -10.09832 8.247892 6.284149 0.787624 -2.030011 -0.151082 12.517785 -43.664524 -2.203841 22.224211 9e-06 1e-06 0.0 -0.083523 0.136482 -0.349884 0.137585 0.168543 -0.29076 0.212012 0.091617 -0.369828 67.139038 -63.135769 -54.253754 30.437424 12.733813 -28.164371 16.02891 3.269701 1.38639 2.920055 27.012018 22.348574 17.636902 -26.322935 52.411545 -19.466801 -14.395623 29.410587 -2e-06 -8.774902 -3.1e-05 18.735277 -16.289454 5.785243 -0.609787 -1.795665 -3.889348 -4.80713 -11.046905 -2.937885 1.7e-05 -20.976261 3e-06 -5.020005 -25.033939 -4.031961 6e-06 -1e-06 -0.0 -10.634612 -5.687005 -3.565628 10.573359 -17.923115 -3.113903 1.4e-05 -13.821368 5e-06 -0.501749 -31.182016 -4.027076 -11.73141 -60.373367 9.11741 -13.982809 -7.150245 -2.875085 13.772832 -8.401572 -3.218233 0.347763 -34.21199 0.771676 -0.963035 -17.733646 2.621087 -0.0 -0.0 -0.0 -17.346539 -20.095352 -4.201841 21.757721 -1.638409 3.866515 8e-06 -6.338898 3e-06 -1.697581 -22.592087 -6.19412 -0.0 -5e-06 -2e-06 157.587524 -77.584305 28.863359 64.966064 -35.258995 -53.941952 117.709938 1.628245 -2.430768 19.542858 46.763031 20.914663 22.18227 -20.375988 49.933479 -16.702011 -16.743685 28.476723 -1.5e-05 -12.690746 8e-06 15.441447 -18.183573 2.599321 -0.105913 -1.513864 -4.275904 -5.039082 -5.612919 -2.95357 1.5e-05 -11.02065 -5e-06 -6.111363 -15.89555 -3.840508 1e-06 -0.0 3e-06 -10.283442 -5.680325 -4.341845 11.02841 -11.302513 -2.372668 -1.384273 -14.238742 -6.320174 -0.625409 -26.924604 -3.827659 -3.348748 -49.657536 -4.362601 -13.708623 -7.36352 -3.720941 18.141338 -14.052874 -3.242728 3e-05 -18.787487 -1.9e-05 -0.429704 -8.456163 2.555528 2e-06 1e-06 -0.0 -15.923656 -20.094627 -5.47359 30.419512 -7.190909 1.735912 1.3e-05 -8.163012 -1.6e-05 -1.861885 -22.861792 -6.168052 -2e-06 -3e-06 2e-06 156.605301 -15.287137 -14.228434 128.265808 -0.017802 0.573792 -50.250992 -14.920812 -15.542903 -7.410257 1.411653 3.090814 -1.0 -0.0 -1e-06 -82.714828 8.588018 -5.653428 111.228233 0.329069 -0.480313 -101.327271 -9.758498 4.691582 -4.590922 0.673302 1.700597 -1.000001 1e-06 -0.0 
0.0 0.0 0.0 0.0 -0.0 0.0 -18.968454 57.986652 500.623383 76.654366 -18.665928 84.815475 24.282015 -0.705803 0.880204 -3.040462 -3.592455 -3.738361 27.445465 -0.809707 -7.846873 2.906184 7.240609 0.459272 -2.147573 -0.4276 10.520484 -48.151535 -2.49666 22.3535 6e-06 0.0 0.0 -0.113561 0.301433 -0.649096 0.239253 0.438397 -0.618521 0.375843 0.148822 -0.646493 69.611977 -60.569649 -56.386234 18.231316 17.99802 -24.957857 6.293789 -2.532999 0.144135 -1.621578 24.082306 9.503683 17.63674 -26.322767 52.411179 -19.466656 -14.395592 29.41036 0.0 -8.774843 -1.7e-05 18.16889 -16.33872 5.261199 -0.60978 -1.795654 -3.889325 -4.8071 -11.046824 -2.937849 6e-06 -20.97608 1.6e-05 -5.01999 -25.033672 -4.031888 7e-06 1e-06 1e-06 -10.634552 -5.686972 -3.565591 10.573285 -17.922985 -3.113882 4e-06 -13.821246 1.1e-05 -0.501787 -31.181665 -4.027004 -10.464889 -56.692005 7.366831 -13.982737 -7.150204 -2.875047 13.772749 -8.40151 -3.218223 0.347731 -34.211678 0.771684 -0.963036 -17.733473 2.621054 -0.0 0.0 0.0 -17.346447 -20.095234 -4.201782 21.757589 -1.638381 3.866456 4e-06 -6.338845 5e-06 -1.697592 -22.591864 -6.194026 0.0 -4e-06 -1e-06 175.138077 -71.847786 5.457154 71.670654 -16.857874 -65.188377 83.059914 0.248625 -2.936872 0.882279 42.023457 1.375115 22.182138 -20.375891 49.933327 -16.701851 -16.743559 28.476566 -6e-06 -12.690639 2e-06 16.556828 -18.26981 1.620369 -0.105917 -1.513858 -4.275881 -5.039052 -5.612883 -2.95356 8e-06 -11.020559 -6e-06 -6.111313 -15.895421 -3.840498 1e-06 2e-06 3e-06 -10.283384 -5.680295 -4.341834 11.028317 -11.302422 -2.372643 -1.384269 -14.238623 -6.320142 -0.625415 -26.924335 -3.827634 -3.800264 -50.819466 -4.233397 -13.708543 -7.363484 -3.720937 18.141188 -14.052761 -3.242683 1.3e-05 -18.787323 -5e-06 -0.429706 -8.456085 2.555516 -1e-06 3e-06 1e-06 -15.923563 -20.094503 -5.473584 30.419279 -7.190837 1.735932 6e-06 -8.162951 -6e-06 -1.861889 -22.861599 -6.167994 -0.0 3e-06 -1e-06 144.798355 -18.370365 -12.8251 137.819275 0.515623 0.521721 -39.860836 -7.406342 -9.939926 -5.182067 1.315257 3.352072 -0.999997 -0.0 -1e-06 -81.744972 15.08692 -9.227222 120.5914 0.379276 -0.54265 -106.74926 -17.649408 10.061833 -6.852064 0.614084 1.774149 -1.000001 -0.0 -1e-06 
0.0 0.0 0.0 0.0 -0.0 0.0 -19.411781 57.026802 512.049377 76.773087 -21.447018 82.02037 25.052149 -1.72738 2.264848 -2.808613 -3.84076 -2.259744 28.11182 -2.40974 -5.085821 2.601547 3.365626 0.692945 -2.243783 -1.272335 7.227668 -42.669693 -6.787348 19.778294 4e-06 -0.0 1e-06 -0.120914 0.199485 -0.350663 -0.027663 0.359467 -0.428208 0.093143 0.016921 -0.267834 65.461975 -63.665321 -53.736237 19.840479 15.024178 -27.516424 11.480048 -4.024517 0.133593 2.00088 23.68355 16.388458 17.636595 -26.322729 52.411224 -19.466721 -14.395708 29.410471 -8e-06 -8.774871 9e-06 18.225611 -16.353556 4.534424 -0.609772 -1.795654 -3.889331 -4.807094 -11.046803 -2.937849 2.7e-05 -20.976038 0.0 -5.019978 -25.033609 -4.031884 7e-06 -0.0 -0.0 -10.634553 -5.686959 -3.565579 10.573329 -17.92296 -3.113926 1.4e-05 -13.821229 6e-06 -0.501759 -31.181623 -4.02701 -10.455342 -57.461365 7.339778 -13.982738 -7.150193 -2.875027 13.772789 -8.401497 -3.218271 0.347761 -34.211594 0.771666 -0.963028 -17.733435 2.621053 -0.0 -0.0 -0.0 -17.346453 -20.095198 -4.20177 21.757645 -1.638394 3.866406 5e-06 -6.33883 4e-06 -1.697581 -22.591812 -6.194029 -1e-06 -4e-06 -3e-06 -175.129242 -62.826149 -8.633135 76.930817 -9.830834 -82.220459 50.472019 -0.994165 -0.502903 -2.154306 37.715015 -13.465142 22.181934 -20.375778 49.93335 -16.701841 -16.743465 28.476599 -1.7e-05 -12.690539 2.6e-05 15.423704 -16.904333 1.954105 -0.105916 -1.513861 -4.275887 -5.039014 -5.612868 -2.953566 1.2e-05 -11.020503 -3.2e-05 -6.111223 -15.895332 -3.840521 -1e-06 -2e-06 -3e-06 -10.283331 -5.680291 -4.341844 11.028251 -11.302378 -2.372668 -1.384228 -14.238561 -6.320163 -0.625331 -26.924156 -3.827694 -4.065523 -48.685501 -4.017764 -13.708467 -7.363477 -3.720948 18.141077 -14.052706 -3.242727 3.1e-05 -18.78721 -4.7e-05 -0.429703 -8.456017 2.555485 -1e-06 -1e-06 0.0 -15.923456 -20.094475 -5.473615 30.419077 -7.190786 1.735863 4e-06 -8.162895 -1.4e-05 -1.861833 -22.86142 -6.167994 2e-06 -3e-06 -5e-06 137.059998 -15.632994 -10.796862 133.745407 1.478586 0.528989 -31.560911 -7.04318 -8.631738 -4.116372 1.333696 3.130409 -1.000004 -0.0 -0.0 -73.402306 19.486443 -8.120349 123.056503 0.341226 -0.238926 -108.74765 -30.206573 16.637253 -11.746037 0.298165 1.679828 -1.000003 0.0 -0.0 
0.0 0.0 0.0 0.0 -0.0 0.0 -20.623165 55.111015 523.915894 78.611816 -27.981165 84.655617 24.285395 -3.573342 1.523634 -3.29976 -2.695884 -0.739999 27.352737 -3.071427 -2.662423 4.665442 -1.709505 1.332837 -2.424607 -1.401713 3.763678 -36.135681 -8.408477 12.514867 8e-06 1e-06 0.0 -0.11548 -0.025922 -0.047214 0.244766 0.190693 0.009812 0.243126 -0.246555 -0.102664 50.294582 -69.892151 -40.504745 29.585266 6.204178 -41.800407 28.382128 -1.918712 1.013577 12.331491 32.91362 33.253796 17.636707 -26.322878 52.411533 -19.466776 -14.395669 29.410601 8e-06 -8.774892 -5e-06 19.200331 -17.04217 4.495733 -0.609782 -1.795666 -3.889349 -4.807133 -11.046884 -2.937874 -1.4e-05 -20.976198 -8e-06 -5.02003 -25.033848 -4.03196 6e-06 0.0 -0.0 -10.634594 -5.687014 -3.565609 10.57333 -17.923061 -3.113926 -8e-06 -13.821327 -4e-06 -0.501789 -31.181887 -4.027094 -12.020886 -59.511967 8.027699 -13.982793 -7.150251 -2.87506 13.77281 -8.401534 -3.218261 0.347706 -34.211876 0.771655 -0.963053 -17.733578 2.621046 0.0 -0.0 -0.0 -17.346531 -20.09535 -4.201808 21.7577 -1.638365 3.866463 -4e-06 -6.338872 -0.0 -1.697616 -22.591993 -6.194103 -0.0 -4e-06 -3e-06 -168.403137 -59.42281 -13.447734 75.63797 -8.188441 -91.131424 36.335705 -0.440905 0.053414 4.865636 36.796917 -12.306816 22.182198 -20.376081 49.933693 -16.701941 -16.743654 28.476799 -8e-06 -12.690702 1.6e-05 14.19466 -16.512175 2.933668 -0.10592 -1.513864 -4.275912 -5.039073 -5.612911 -2.953578 8e-06 -11.020632 -3e-06 -6.111345 -15.895535 -3.840521 -2e-06 -1e-06 -1e-06 -10.283422 -5.68032 -4.341868 11.028361 -11.30248 -2.372656 -1.384266 -14.238708 -6.32019 -0.625414 -26.924534 -3.827659 -3.692961 -47.012581 -4.378825 -13.708589 -7.363518 -3.720966 18.14127 -14.052837 -3.242709 2e-06 -18.787458 6e-06 -0.429724 -8.456158 2.555543 -1e-06 -1e-06 0.0 -15.923618 -20.094599 -5.473616 30.419395 -7.190864 1.735912 -1e-06 -8.163003 4e-06 -1.861915 -22.861776 -6.168009 1e-06 0.0 -2e-06 128.512054 -8.489017 -8.835237 124.307327 1.716627 0.095378 -37.959759 -18.451216 -7.336989 -11.95539 2.030855 2.163931 -0.999998 -0.0 -0.0 -63.663574 17.290871 -4.92576 122.875702 0.53022 -0.404298 -106.748596 -44.060181 12.105988 -14.69207 0.312502 1.462772 -1.000007 0.0 0.0 
0.0 0.0 0.0 0.0 -0.0 0.0 -21.27323 56.428848 535.993774 79.278755 -38.569435 89.27906 22.555836 -3.653092 0.5278 -3.145369 -1.642167 0.254342 25.655748 -4.164227 -1.463895 2.492803 -2.780743 0.448083 -2.452651 -1.886337 2.056296 -32.690807 -7.458193 7.207828 6e-06 -1e-06 2e-06 -0.157257 0.015884 -0.078228 0.23851 0.193594 0.007434 0.235186 -0.160369 -0.159278 42.860294 -75.021591 -35.422405 35.917461 -0.537059 -53.191082 42.224167 -1.473577 0.834811 20.072206 41.9519 50.033421 17.636683 -26.322748 52.411674 -19.466726 -14.395606 29.410627 1.1e-05 -8.774863 -1.5e-05 19.758459 -16.667301 4.517357 -0.609788 -1.795661 -3.889352 -4.807124 -11.046833 -2.937901 4e-06 -20.976057 -5e-05 -5.019949 -25.033672 -4.032025 5e-06 -1e-06 -2e-06 -10.634582 -5.687002 -3.565633 10.573298 -17.922962 -3.113937 1e-06 -13.821233 -2.2e-05 -0.501724 -31.181637 -4.027145 -11.780373 -61.064667 8.436807 -13.982774 -7.150237 -2.875092 13.77277 -8.401489 -3.218253 0.347742 -34.21162 0.771603 -0.963033 -17.733435 2.621027 0.0 -1e-06 -0.0 -17.346497 -20.095293 -4.201878 21.757643 -1.638361 3.866486 -2e-06 -6.338833 -5e-06 -1.697583 -22.591839 -6.194134 0.0 -6e-06 -3e-06 -160.483994 -61.632881 -17.083311 68.631592 -10.516574 -83.460266 35.801399 -1.850551 -0.41163 12.738596 36.356052 12.526142 22.182322 -20.376171 49.933941 -16.701954 -16.743595 28.47687 -3.7e-05 -12.690681 -1.2e-05 15.213556 -17.330849 2.81391 -0.105929 -1.513863 -4.275924 -5.039062 -5.612894 -2.95361 3.7e-05 -11.020613 -9e-06 -6.111274 -15.895494 -3.840575 2e-06 4e-06 -3e-06 -10.28342 -5.680303 -4.341912 11.028374 -11.302489 -2.372643 -1.384229 -14.238681 -6.320223 -0.625329 -26.92449 -3.827668 -5.112213 -47.663952 -2.716097 -13.708586 -7.363495 -3.721019 18.141275 -14.052855 -3.242688 5.6e-05 -18.78742 1.8e-05 -0.429704 -8.456139 2.555572 0.0 1e-06 0.0 -15.923571 -20.094557 -5.473714 30.419352 -7.190943 1.735958 2.4e-05 -8.162994 2e-05 -1.861836 -22.86171 -6.167984 0.0 -2e-06 -1e-06 123.624229 -1.820551 -7.452648 119.758133 3.057786 -0.266364 -47.749031 -25.314102 -6.180656 -10.757038 1.894083 2.275881 -0.999999 -0.0 -0.0 -58.823139 11.983629 -5.680459 116.293533 0.628536 -0.679011 -97.327232 -51.974682 3.677856 -14.725471 0.502984 1.424252 -1.000004 -1e-06 0.0 
0.0 0.0 0.0 0.0 -0.0 0.0 -21.058746 57.144428 548.138916 79.310425 -49.415245 92.875092 20.27972 -3.674882 -0.06029 -3.580457 -0.924889 0.753571 24.03327 -4.778534 -1.157859 0.572339 -3.529614 0.060109 -2.49399 -2.009087 1.255582 -31.343895 -5.997712 3.643089 3e-06 1e-06 -1e-06 -0.17963 0.07767 -0.114822 0.079329 0.169102 -0.023614 0.118722 -0.001699 -0.201722 28.979868 -80.082573 -23.210068 42.541588 -9.371973 -56.556633 54.192982 -0.667754 -0.179489 27.396749 48.787506 60.059891 17.636593 -26.322433 52.410984 -19.466564 -14.395556 29.410263 1.4e-05 -8.774815 -1.5e-05 19.899338 -16.764736 4.865046 -0.609777 -1.795647 -3.889314 -4.807097 -11.046743 -2.937854 2e-06 -20.975861 -4e-05 -5.019938 -25.033394 -4.031964 5e-06 -1e-06 -0.0 -10.634533 -5.68696 -3.565577 10.573237 -17.922806 -3.113899 1e-06 -13.821099 -2e-05 -0.501746 -31.181259 -4.027081 -12.158502 -62.29108 9.026464 -13.982708 -7.150182 -2.875034 13.772703 -8.401417 -3.218229 0.347743 -34.211262 0.771596 -0.963011 -17.73324 2.620988 -0.0 -2e-06 3e-06 -17.346426 -20.095135 -4.201788 21.757542 -1.638348 3.86644 -1e-06 -6.338778 -6e-06 -1.69759 -22.591593 -6.194046 -2e-06 -7e-06 -2e-06 -157.016586 -65.287651 -17.885944 64.945045 -15.316829 -78.366295 42.468067 -2.906121 -0.768512 20.90987 38.659447 31.27639 22.182148 -20.375891 49.93327 -16.701788 -16.743494 28.47648 -3.4e-05 -12.690578 -9e-06 16.41428 -17.786503 2.163028 -0.105919 -1.513847 -4.275874 -5.039023 -5.61284 -2.95356 3.4e-05 -11.020494 -1e-06 -6.111243 -15.895304 -3.840483 -1e-06 3e-06 -1e-06 -10.283352 -5.680248 -4.341844 11.028294 -11.302382 -2.372618 -1.38423 -14.238527 -6.320114 -0.625364 -26.924149 -3.827565 -5.451402 -49.069225 -2.101892 -13.7085 -7.363425 -3.720953 18.141144 -14.052726 -3.242651 5e-05 -18.787222 1.9e-05 -0.429693 -8.456044 2.555528 0.0 1e-06 -2e-06 -15.923476 -20.094372 -5.473611 30.419157 -7.190876 1.735939 2.2e-05 -8.162911 1.3e-05 -1.861846 -22.861437 -6.167897 -1e-06 -2e-06 0.0 122.182648 3.879181 -7.095237 113.127922 3.987666 -0.320428 -52.690056 -26.861382 -4.076705 -9.097384 1.942678 2.341154 -0.999995 0.0 0.0 -54.786465 6.018374 -7.301402 107.305016 -0.016785 -0.550202 -86.066788 -55.639473 -5.684406 -11.018596 0.651304 1.482904 -1.000001 -0.0 0.0 
0.0 0.0 0.0 0.0 -0.0 0.0 -20.235331 55.120201 560.14563 77.796692 -57.28933 95.971619 17.849056 -3.446573 -0.18383 -4.630507 -0.426864 1.005136 21.882849 -4.856173 -1.166655 0.137061 -3.691018 0.239652 -2.480026 -1.500624 1.135708 -31.346594 -5.719909 2.861246 7e-06 -1e-06 0.0 -0.192831 0.1278 -0.148226 -0.040569 0.205745 -0.054743 -0.001435 0.066596 -0.239643 4.53963 -84.278374 1.150365 47.264103 -20.354397 -53.774879 63.102787 -0.450087 -0.762269 36.652775 51.545692 66.905144 17.636463 -26.322641 52.410873 -19.466551 -14.395542 29.410229 -1.3e-05 -8.774755 1e-05 19.55328 -17.405106 5.144185 -0.609768 -1.795643 -3.889307 -4.807035 -11.046741 -2.937821 2.1e-05 -20.975903 2.8e-05 -5.019922 -25.033409 -4.031794 6e-06 1e-06 1e-06 -10.634451 -5.686927 -3.565561 10.573213 -17.922871 -3.113878 8e-06 -13.821146 2.2e-05 -0.501783 -31.181368 -4.026909 -12.132365 -62.444035 8.789556 -13.982606 -7.150145 -2.875018 13.772635 -8.401462 -3.218232 0.347736 -34.211372 0.771698 -0.963032 -17.733307 2.621042 0.0 0.0 -2e-06 -17.346272 -20.095091 -4.201737 21.757393 -1.638378 3.866364 6e-06 -6.33879 9e-06 -1.697551 -22.591631 -6.193925 2e-06 -6e-06 -3e-06 -157.837387 -70.397156 -15.775647 65.407669 -22.190317 -73.208054 51.433647 -2.001334 -0.834274 30.227047 42.004585 44.075741 22.18178 -20.375669 49.932823 -16.70167 -16.743395 28.476269 -6e-06 -12.690445 3.4e-05 17.343639 -18.071659 2.173891 -0.105912 -1.513844 -4.275847 -5.03898 -5.612833 -2.953519 2e-06 -11.020429 -3e-06 -6.111207 -15.895206 -3.840411 0.0 3e-06 1e-06 -10.283266 -5.680247 -4.341785 11.028173 -11.302308 -2.372632 -1.384244 -14.238462 -6.32005 -0.625415 -26.923943 -3.827575 -5.463532 -50.874214 -1.688147 -13.708388 -7.363423 -3.720884 18.140955 -14.052609 -3.242678 1e-06 -18.7871 -1.9e-05 -0.429712 -8.455974 2.555464 0.0 -0.0 1e-06 -15.923375 -20.094337 -5.473504 30.418898 -7.190724 1.735845 -5e-06 -8.162854 -1.2e-05 -1.861866 -22.861256 -6.167887 -0.0 -2e-06 0.0 125.407372 6.324331 -6.41816 106.267677 4.487557 -0.297362 -56.324337 -25.796202 -3.356786 -7.840098 1.952536 2.368146 -1.0 -0.0 0.0 -47.921097 0.899212 -8.350629 97.059738 -1.327091 -0.024888 -74.295036 -51.822803 -13.93526 -7.850617 0.622914 1.639546 -1.000003 -2e-06 -1e-06 
0.0 0.0 0.0 0.0 -0.0 0.0 -19.355961 51.220737 570.206665 74.365295 -62.313553 100.084526 15.299139 -2.677047 0.107688 -5.608486 -0.312666 1.177123 19.693031 -4.563665 -1.434728 -0.763659 -3.032587 0.49334 -2.453717 -0.996958 1.606892 -31.760992 -6.129525 3.554724 9e-06 -1e-06 0.0 -0.220107 0.174444 -0.164089 -0.217902 0.272701 -0.115119 -0.213287 0.093843 -0.212283 -37.416546 -84.969505 44.239674 49.516983 -31.715971 -49.212234 69.290306 0.186184 -1.636902 47.088272 51.201164 71.394379 17.636578 -26.322708 52.411209 -19.466576 -14.395533 29.41036 7e-06 -8.774795 -5e-06 18.531376 -18.11207 5.696419 -0.609779 -1.795651 -3.889323 -4.807086 -11.046798 -2.937849 -2.4e-05 -20.976004 7e-06 -5.019978 -25.033596 -4.031887 6e-06 2e-06 -7e-06 -10.63451 -5.686974 -3.565591 10.57321 -17.922907 -3.113881 -1.7e-05 -13.821196 7e-06 -0.501815 -31.181522 -4.027017 -12.048088 -61.829605 8.392381 -13.982679 -7.150202 -2.87505 13.77267 -8.401464 -3.218225 0.347674 -34.211536 0.77168 -0.963059 -17.733402 2.621027 0.0 -0.0 3e-06 -17.346386 -20.095207 -4.201787 21.757488 -1.638343 3.866437 -9e-06 -6.338823 6e-06 -1.697611 -22.591776 -6.194012 0.0 -3e-06 -1e-06 -165.406891 -75.949577 -7.476675 66.527512 -29.621008 -66.415619 59.861671 -1.207814 -1.410398 40.820751 43.361553 54.340481 22.182091 -20.375891 49.933342 -16.701759 -16.743448 28.476501 -4e-06 -12.690551 -8e-06 17.824686 -18.289434 2.361331 -0.105925 -1.513852 -4.275879 -5.039026 -5.612863 -2.953564 5e-06 -11.020512 -5e-06 -6.111265 -15.895345 -3.840497 1e-06 -2e-06 1e-06 -10.283343 -5.68028 -4.34185 11.028254 -11.302386 -2.372622 -1.384256 -14.238571 -6.320135 -0.625406 -26.924202 -3.827624 -5.622697 -52.347069 -1.506595 -13.708487 -7.363468 -3.720956 18.141081 -14.052714 -3.242654 1e-05 -18.787245 -2e-06 -0.429712 -8.456044 2.555515 -1e-06 -1e-06 -1e-06 -15.92348 -20.094454 -5.473609 30.419098 -7.190813 1.735942 3e-06 -8.162913 3e-06 -1.861868 -22.861475 -6.167951 -2e-06 -3e-06 -1e-06 132.05574 5.557634 -5.872533 99.018608 4.19426 -0.40744 -58.83012 -26.457087 -5.778964 -6.917347 1.905656 2.570798 -0.999996 0.0 -0.0 -39.681648 -3.685041 -10.449205 85.269333 -3.27971 1.048667 -66.550873 -44.240269 -16.263802 -6.195366 0.483201 1.665763 -0.999999 -3e-06 1e-06 
0.0 0.0 0.0 0.0 -0.0 0.0 -18.733006 46.209106 578.76709 69.320236 -65.686424 105.825371 12.520946 -1.866929 0.459479 -6.493783 -0.486997 1.080973 17.907846 -3.945059 -1.898427 -2.159847 -1.752372 0.871889 -2.407721 -0.767502 2.230243 -32.245983 -6.772756 4.621934 8e-06 1e-06 -1e-06 -0.238488 0.216648 -0.176143 -0.24922 0.331036 -0.152094 -0.267155 0.121687 -0.198428 -61.766151 -82.913712 70.116127 48.564243 -42.150383 -42.345154 74.40979 1.495282 -2.504679 56.650227 49.815426 73.219154 17.63662 -26.322889 52.411293 -19.466677 -14.395578 29.41045 -5e-06 -8.774817 3e-06 17.537521 -18.469381 6.244376 -0.60978 -1.795656 -3.88933 -4.80708 -11.046855 -2.937845 -1e-05 -20.97616 3.5e-05 -5.019992 -25.033789 -4.031837 6e-06 -1e-06 -0.0 -10.63452 -5.686979 -3.565593 10.573256 -17.923035 -3.113886 -9e-06 -13.821308 2.3e-05 -0.501807 -31.181829 -4.026976 -11.718575 -61.230885 8.03524 -13.982693 -7.150211 -2.875046 13.772706 -8.401526 -3.218239 0.347687 -34.211826 0.771725 -0.963069 -17.733566 2.621066 -0.0 0.0 3e-06 -17.346394 -20.095266 -4.201773 21.757524 -1.63837 3.866424 -1e-06 -6.338873 9e-06 -1.697593 -22.591976 -6.194003 2e-06 -5e-06 -1e-06 174.087692 -80.198151 13.738781 66.023109 -37.077087 -57.088356 66.981461 -0.276404 -2.334016 50.105854 42.956097 62.394852 22.182074 -20.375937 49.933365 -16.701792 -16.743484 28.476553 1e-05 -12.690573 7e-06 18.083763 -18.495205 2.436889 -0.105922 -1.513856 -4.275882 -5.039033 -5.61289 -2.953559 -6e-06 -11.02056 2e-06 -6.111293 -15.895432 -3.840474 -1e-06 2e-06 -2e-06 -10.283355 -5.680301 -4.341843 11.02826 -11.302424 -2.37263 -1.384272 -14.238645 -6.320132 -0.625461 -26.924383 -3.827623 -5.450485 -53.012421 -1.789872 -13.708504 -7.36349 -3.720943 18.141096 -14.052753 -3.242672 -1.3e-05 -18.787352 -4e-06 -0.429725 -8.456097 2.555508 -0.0 -2e-06 -0.0 -15.923515 -20.094521 -5.473582 30.419123 -7.190794 1.735918 -7e-06 -8.162953 -5e-06 -1.861895 -22.861618 -6.167982 0.0 -3e-06 -1e-06 140.581024 2.67064 -7.10619 88.811836 1.842055 -0.517062 -59.136127 -27.887991 -9.551694 -6.281697 1.804671 2.775956 -0.999995 -0.0 0.0 -31.402952 -7.75379 -15.136152 72.398613 -5.793755 3.108966 -62.467655 -37.336323 -14.375083 -5.334059 0.443731 1.631611 -1.000003 0.0 -1e-06 
0.0 0.0 0.0 0.0 -0.0 0.0 -18.456333 40.568398 587.015625 63.00433 -67.694435 112.986641 9.815547 -1.177433 0.641908 -7.348217 -0.719929 0.746293 16.508389 -3.214164 -2.324628 -2.488784 -0.219702 1.369835 -2.309828 -0.998824 2.664478 -32.585205 -7.301872 5.415637 5e-06 2e-06 -0.0 -0.220434 0.238428 -0.18751 -0.093204 0.36183 -0.150617 -0.118793 0.137476 -0.218805 -69.89444 -80.108566 79.976952 44.008728 -50.50523 -33.539192 78.900192 2.25317 -3.395189 64.857315 47.649162 73.077202 17.63648 -26.322577 52.410973 -19.466654 -14.395527 29.410328 -1.8e-05 -8.774766 1.2e-05 16.649496 -18.471605 6.588127 -0.609769 -1.795653 -3.889316 -4.807045 -11.046779 -2.937852 4.3e-05 -20.975973 -2.9e-05 -5.01987 -25.033525 -4.031874 6e-06 -0.0 1e-06 -10.63447 -5.686952 -3.565577 10.573238 -17.922911 -3.113921 2.7e-05 -13.821177 -1.6e-05 -0.501677 -31.181484 -4.027025 -11.077099 -60.609879 7.607281 -13.982635 -7.15017 -2.875032 13.77266 -8.401486 -3.218254 0.347805 -34.211472 0.771586 -0.962988 -17.73336 2.621004 0.0 -0.0 0.0 -17.3463 -20.095152 -4.201777 21.757427 -1.638379 3.866381 1.2e-05 -6.338806 -8e-06 -1.697503 -22.591711 -6.194019 -2e-06 -3e-06 -3e-06 141.67662 -80.779785 47.409607 63.021671 -44.114906 -45.516033 73.155991 1.166456 -2.947139 55.922256 42.94862 67.665894 22.181931 -20.37582 49.933144 -16.701765 -16.743492 28.47646 -5e-06 -12.690536 3.1e-05 18.291018 -18.713062 2.360348 -0.105915 -1.513849 -4.275871 -5.039011 -5.612856 -2.953538 2e-06 -11.020495 -4e-06 -6.111257 -15.895324 -3.840442 -1e-06 -1e-06 0.0 -10.28332 -5.680276 -4.341815 11.028237 -11.302362 -2.372642 -1.384252 -14.238545 -6.320095 -0.625425 -26.924147 -3.827602 -5.044102 -53.095478 -2.301551 -13.708463 -7.363455 -3.720913 18.141064 -14.05269 -3.242693 -4e-06 -18.787235 -1e-05 -0.429719 -8.456039 2.555489 0.0 1e-06 -0.0 -15.923465 -20.094429 -5.473548 30.419075 -7.190769 1.735863 -6e-06 -8.162905 -6e-06 -1.861888 -22.861444 -6.167936 -1e-06 -4e-06 -2e-06 150.561661 -1.157306 -11.15507 74.898834 -2.8354 0.51599 -56.15596 -27.106333 -12.619501 -5.853426 1.61694 2.918954 -1.000001 1e-06 1e-06 -22.81879 -10.783014 -22.535372 59.79895 -8.677662 6.644954 -59.890957 -31.203707 -11.48699 -5.012773 0.501599 1.612225 -0.999996 0.0 3e-06 
0.0 0.0 0.0 0.0 -0.0 0.0 -18.277966 34.157978 594.531494 55.813133 -68.753807 120.80938 7.12755 -0.610195 0.677294 -8.340908 -0.810612 0.372667 15.375888 -2.47596 -2.374059 -1.180387 0.984201 1.972606 -2.21225 -1.556437 2.797985 -32.794075 -7.700665 5.683178 9e-06 1e-06 -0.0 -0.183737 0.21792 -0.173093 0.101512 0.359017 -0.091825 0.09642 0.100543 -0.246443 -73.089676 -76.811958 85.099312 36.112671 -56.961788 -22.291754 83.067474 2.726613 -4.518596 71.890556 44.339878 70.956039 17.636856 -26.322933 52.411533 -19.466825 -14.395693 29.41061 -3e-06 -8.774923 -1.6e-05 15.701635 -18.332539 6.817235 -0.609786 -1.795664 -3.88935 -4.807131 -11.046896 -2.937878 2.5e-05 -20.976246 -0.0 -5.020003 -25.03392 -4.031955 6e-06 -1e-06 -3e-06 -10.634619 -5.687006 -3.565616 10.573379 -17.923101 -3.113917 1.6e-05 -13.821361 1e-06 -0.501734 -31.181986 -4.027082 -10.541607 -59.716187 7.179396 -13.982827 -7.150241 -2.875068 13.772859 -8.401565 -3.218248 0.347776 -34.211967 0.771666 -0.963025 -17.733627 2.621078 0.0 0.0 3e-06 -17.34656 -20.095343 -4.201817 21.757757 -1.638406 3.866489 8e-06 -6.338891 2e-06 -1.697579 -22.592066 -6.194116 -1e-06 -3e-06 -3e-06 119.042397 -77.810158 71.903694 55.966881 -50.332409 -30.488739 79.515106 3.006728 -3.626751 59.380367 43.800083 70.831673 22.182329 -20.376074 49.933666 -16.701918 -16.743626 28.476732 9e-06 -12.690722 -1.7e-05 18.301855 -18.860493 2.254488 -0.105926 -1.513863 -4.275906 -5.039088 -5.612918 -2.953583 -0.0 -11.020646 2e-06 -6.111377 -15.895572 -3.840534 -0.0 1e-06 -1e-06 -10.283447 -5.68033 -4.341871 11.028373 -11.302492 -2.372637 -1.384293 -14.238738 -6.320194 -0.62545 -26.924593 -3.827665 -4.512278 -52.826633 -2.850206 -13.708625 -7.363533 -3.720969 18.141287 -14.052853 -3.242677 -1e-06 -18.787485 3e-06 -0.429717 -8.456168 2.555547 -1e-06 2e-06 -0.0 -15.92366 -20.094629 -5.473622 30.419426 -7.190874 1.735978 1e-06 -8.163012 2e-06 -1.861912 -22.861797 -6.168039 0.0 -3e-06 -1e-06 161.761154 -5.471262 -20.200693 57.703678 -9.789031 5.621837 -51.406139 -22.049999 -13.232329 -6.045263 1.476944 3.039477 -1.000003 1e-06 0.0 -14.215025 -12.559695 -32.761185 48.420853 -12.610929 12.780634 -58.081005 -24.145998 -8.230678 -4.952585 0.523702 1.654846 -1.000004 -2e-06 -1e-06 
0.0 0.0 0.0 0.0 -0.0 0.0 -18.185593 27.203798 599.864319 46.937069 -69.678017 129.439621 4.412528 -0.18185 0.752263 -9.566733 -0.621895 0.328729 13.954917 -1.462978 -1.954049 1.214799 1.059233 2.638078 -2.231429 -2.017076 2.759343 -33.479527 -7.504471 5.349596 3e-06 -1e-06 -1e-06 -0.218931 0.131217 -0.099416 0.200453 0.300341 0.055023 0.252462 -0.017226 -0.244767 -75.053566 -72.545807 88.712708 25.606884 -61.758453 -9.68563 86.49366 2.285396 -5.473186 78.442268 41.978203 67.688301 17.636599 -26.322765 52.411118 -19.466619 -14.395607 29.410347 4e-06 -8.774825 3e-06 14.843038 -18.021112 6.744166 -0.609776 -1.79565 -3.889322 -4.80709 -11.046822 -2.937834 -1.9e-05 -20.976063 3.6e-05 -5.020022 -25.033657 -4.031849 6e-06 0.0 -2e-06 -10.634523 -5.686968 -3.565575 10.573255 -17.922962 -3.113878 -1.7e-05 -13.821245 2.3e-05 -0.501845 -31.181665 -4.026968 -10.19109 -58.362198 6.331603 -13.982703 -7.150199 -2.875026 13.77272 -8.401485 -3.218232 0.347672 -34.211658 0.771716 -0.963071 -17.733469 2.621053 -0.0 -0.0 -1e-06 -17.346416 -20.095215 -4.201747 21.757555 -1.638358 3.866421 -4e-06 -6.338846 9e-06 -1.69763 -22.591875 -6.193989 -4e-06 -9e-06 2e-06 110.645187 -73.082375 82.690849 43.867554 -54.764339 -11.595666 86.810669 4.893057 -3.022172 60.687828 46.054176 70.133965 22.182091 -20.375883 49.933323 -16.701849 -16.743536 28.476578 -3e-06 -12.690619 6e-06 17.960709 -18.950121 2.209225 -0.105918 -1.513859 -4.275884 -5.039043 -5.612886 -2.95356 6e-06 -11.020558 -7e-06 -6.111301 -15.895428 -3.840497 1e-06 1e-06 1e-06 -10.283367 -5.680295 -4.341839 11.0283 -11.302427 -2.372644 -1.384264 -14.23864 -6.320144 -0.625413 -26.924355 -3.82764 -4.251419 -52.023426 -3.446772 -13.708521 -7.363489 -3.720938 18.141159 -14.052762 -3.242686 1.1e-05 -18.787344 -1.4e-05 -0.429709 -8.456096 2.555512 -0.0 -2e-06 0.0 -15.923534 -20.094511 -5.473583 30.419222 -7.190829 1.735913 2e-06 -8.16295 -5e-06 -1.861879 -22.861597 -6.167991 -2e-06 -2e-06 -1e-06 172.971039 -9.772548 -41.216373 37.893578 -19.520346 21.583141 -46.609222 -13.486806 -12.819589 -5.911807 1.274393 3.196522 -1.0 -1e-06 1e-06 -6.940111 -13.139342 -46.380692 37.045853 -17.718193 24.298983 -55.538776 -15.195409 -4.066313 -4.571547 0.441538 1.750533 -0.999997 -0.0 3e-06 
0.0 0.0 0.0 0.0 -0.0 0.0 -18.114025 22.914362 603.046448 36.37101 -71.318741 141.133331 1.898667 -0.115034 0.516057 -10.352592 -0.672405 0.152398 13.377172 -0.796437 -1.756 0.931469 1.058302 3.180987 -2.224548 -2.054619 2.288412 -34.395794 -7.373507 4.892477 6e-06 0.0 -1e-06 -0.254167 0.143687 -0.101101 0.181799 0.275112 0.050995 0.261266 0.030531 -0.241906 -74.946716 -69.981712 89.753662 15.507463 -64.175026 0.582926 89.531715 2.523751 -4.463255 83.122963 42.733116 64.582344 17.636522 -26.322723 52.411041 -19.466604 -14.395602 29.41033 0.0 -8.774816 9e-06 14.468374 -17.718222 6.348972 -0.609775 -1.795647 -3.889318 -4.807076 -11.046802 -2.937828 -1.7e-05 -20.976028 2.2e-05 -5.020003 -25.033613 -4.03185 8e-06 1e-06 -1e-06 -10.634501 -5.686964 -3.565567 10.573238 -17.92293 -3.113883 -1e-05 -13.821218 1.5e-05 -0.501811 -31.181601 -4.026988 -10.012776 -57.516819 5.742926 -13.982676 -7.150187 -2.875018 13.7727 -8.401472 -3.218238 0.347683 -34.21159 0.771698 -0.963056 -17.733437 2.621035 1e-06 2e-06 -1e-06 -17.346378 -20.095177 -4.201735 21.757519 -1.638356 3.8664 -4e-06 -6.33883 7e-06 -1.697605 -22.591816 -6.193997 -2e-06 -6e-06 -2e-06 106.505783 -70.196358 89.138908 28.426498 -56.755493 5.178458 94.943268 5.957243 -1.860845 62.904465 47.289722 68.665909 22.182068 -20.375856 49.933159 -16.701799 -16.743505 28.476479 2e-06 -12.690599 1e-06 17.415993 -18.979191 2.285586 -0.105919 -1.513857 -4.275869 -5.039039 -5.612885 -2.953547 -3e-06 -11.020563 4e-06 -6.11131 -15.895436 -3.84047 0.0 -0.0 0.0 -10.283356 -5.680293 -4.341818 11.028277 -11.302415 -2.372629 -1.384278 -14.238637 -6.32012 -0.625453 -26.92436 -3.827619 -4.231866 -51.331509 -3.67898 -13.708504 -7.363483 -3.720916 18.141125 -14.052754 -3.242671 -3e-06 -18.787344 -1e-05 -0.429712 -8.456095 2.555506 0.0 -2e-06 -1e-06 -15.92353 -20.0945 -5.473542 30.419176 -7.190801 1.735927 -4e-06 -8.162952 -7e-06 -1.861894 -22.861612 -6.167987 0.0 -3e-06 -1e-06 178.754166 -12.612563 -65.573181 21.989819 -25.208864 44.774128 -46.071018 -8.907598 -12.92107 -6.021722 1.080422 3.237081 -1.000001 0.0 -1e-06 -3.086307 -13.340373 -65.338432 24.624916 -22.479427 43.648994 -53.72213 -8.591952 -1.214145 -5.254576 0.522107 1.761911 -1.000003 2e-06 -1e-06 
0.0 0.0 0.0 0.0 -0.0 0.0 -18.224228 19.898636 604.955322 26.397213 -72.557213 153.40802 0.016087 -0.304635 0.113687 -10.840327 -0.75539 -0.118653 13.326635 -0.87968 -1.656446 0.2852 1.050361 3.572466 -2.272214 -2.093154 1.566695 -35.400784 -7.21511 4.038899 1e-05 1e-06 1e-06 -0.25702 0.175711 -0.125136 0.195559 0.265853 0.017173 0.283352 0.102066 -0.254638 -74.040092 -68.294899 89.653664 8.817413 -64.597794 7.012328 91.921257 2.538768 -3.255721 85.831482 44.534519 62.57465 17.636755 -26.322699 52.411079 -19.466639 -14.395585 29.410303 -1.7e-05 -8.774834 -2e-05 14.269105 -17.435955 6.009797 -0.60978 -1.79565 -3.889323 -4.807077 -11.046778 -2.937848 5.3e-05 -20.975977 1.1e-05 -5.019922 -25.03351 -4.031872 8e-06 -0.0 -3e-06 -10.634541 -5.686947 -3.565592 10.573304 -17.922924 -3.113877 3.6e-05 -13.821186 1.6e-05 -0.50172 -31.181459 -4.026964 -9.95026 -57.355633 5.561588 -13.982724 -7.150167 -2.875048 13.772756 -8.401503 -3.218222 0.347816 -34.211514 0.771681 -0.962998 -17.733385 2.621076 -0.0 -0.0 -1e-06 -17.346415 -20.095152 -4.201793 21.757576 -1.638423 3.866452 1.8e-05 -6.338814 7e-06 -1.697538 -22.591711 -6.194003 -1e-06 -6e-06 -2e-06 103.058952 -67.969757 94.557777 13.683972 -56.997185 19.342407 102.076355 6.463179 -0.754974 64.688011 47.568779 66.87664 22.182192 -20.375879 49.933338 -16.70179 -16.743486 28.476498 -1.4e-05 -12.69059 -1.9e-05 17.061888 -18.991362 2.344681 -0.105924 -1.513855 -4.275878 -5.03904 -5.612862 -2.953565 2e-05 -11.020515 -6e-06 -6.11127 -15.89535 -3.840505 -0.0 2e-06 -1e-06 -10.283371 -5.680275 -4.341851 11.028295 -11.302394 -2.372617 -1.384253 -14.238561 -6.320134 -0.625383 -26.924208 -3.827609 -4.412151 -50.873371 -3.907304 -13.708527 -7.363461 -3.720959 18.141148 -14.052739 -3.242649 3.6e-05 -18.787264 0.0 -0.429696 -8.456056 2.555521 0.0 2e-06 0.0 -15.923524 -20.094444 -5.473617 30.41918 -7.190861 1.735966 1.5e-05 -8.162919 3e-06 -1.86185 -22.861479 -6.167942 -1e-06 -3e-06 1e-06 -178.246307 -14.672994 -82.130318 12.892037 -25.177752 61.100853 -46.791214 -7.649669 -13.01298 -6.566425 1.007772 3.217589 -1.000002 -1e-06 -2e-06 0.137796 -13.24996 -93.918671 8.285223 -23.678972 76.163811 -50.957424 -3.180712 0.336541 -5.770694 0.593402 1.755265 -1.000006 2e-06 -0.0 
0.0 0.0 0.0 0.0 -0.0 0.0 -18.286375 17.412407 606.403015 18.764687 -73.216675 163.513458 -1.373967 -0.614681 -0.211659 -11.151718 -0.863954 -0.380803 13.564218 -1.3019 -1.641176 0.176528 0.841695 3.732069 -2.367079 -2.15327 1.024062 -36.180569 -7.0172 2.993509 5e-06 1e-06 -1e-06 -0.242492 0.194191 -0.146441 0.200554 0.265637 -0.015234 0.287048 0.138253 -0.265209 -73.424179 -67.255783 89.753357 5.456689 -63.555355 10.232111 93.859665 2.486344 -2.34558 87.14212 46.159512 61.612827 17.636557 -26.322777 52.411247 -19.466705 -14.395638 29.410471 2e-06 -8.774847 6e-06 14.15668 -17.311699 5.941952 -0.609776 -1.795653 -3.889331 -4.807094 -11.046836 -2.93785 -3e-06 -20.976103 -0.0 -5.019997 -25.033724 -4.031897 1.1e-05 0.0 1e-06 -10.63453 -5.686978 -3.565583 10.573284 -17.922991 -3.113915 -4e-06 -13.821266 2e-06 -0.501775 -31.181719 -4.027038 -10.125322 -57.568272 5.776437 -13.982714 -7.150207 -2.875033 13.772744 -8.401505 -3.218261 0.347719 -34.211712 0.771664 -0.963044 -17.733492 2.621037 1e-06 -0.0 3e-06 -17.346426 -20.095249 -4.201767 21.757587 -1.638368 3.866413 -2e-06 -6.338847 4e-06 -1.69759 -22.591896 -6.194046 -3e-06 -8e-06 -1e-06 100.314461 -66.291199 98.576645 2.116244 -56.165276 29.66678 107.441986 6.408852 0.462831 65.896057 47.901939 65.930702 22.182055 -20.375864 49.933201 -16.70182 -16.743511 28.476513 -3e-06 -12.690591 7e-06 16.787819 -18.886267 2.401716 -0.105916 -1.513856 -4.275878 -5.039033 -5.612882 -2.953547 3e-06 -11.020558 -1e-06 -6.111291 -15.895425 -3.840469 -0.0 2e-06 -1e-06 -10.283354 -5.680296 -4.341823 11.028279 -11.302416 -2.372638 -1.384263 -14.238623 -6.320119 -0.625434 -26.924328 -3.827612 -4.297501 -50.621872 -4.234087 -13.708504 -7.36348 -3.720924 18.14113 -14.052755 -3.242683 6e-06 -18.787327 -1.2e-05 -0.42971 -8.456087 2.555503 1e-06 1e-06 1e-06 -15.923519 -20.094496 -5.473555 30.419176 -7.190815 1.735907 1e-06 -8.162951 -9e-06 -1.861882 -22.861599 -6.167984 2e-06 -3e-06 -0.0 -176.393341 -16.344212 -90.564384 9.728865 -23.783316 68.315147 -47.715221 -7.453734 -12.625977 -6.885064 0.946952 3.209943 -1.0 -1e-06 1e-06 3.143553 -12.60833 -131.996811 -6.463468 -15.555379 120.380104 -47.738277 0.295208 0.132875 -6.631997 0.604894 1.670137 -1.000004 -0.0 -1e-06 
0.0 0.0 0.0 0.0 -0.0 0.0 -18.406837 15.209103 607.611755 12.98244 -73.596741 171.749023 -2.521196 -0.986237 -0.466802 -11.464647 -0.926246 -0.562554 13.818069 -1.871069 -1.655774 0.638646 0.365994 3.601434 -2.442388 -2.110736 0.547228 -37.050224 -6.473388 1.915165 9e-06 1e-06 -1e-06 -0.239068 0.204015 -0.166439 0.211149 0.263883 -0.036539 0.290285 0.157574 -0.283529 -73.131592 -66.520546 89.908028 4.00388 -61.79607 11.597945 95.260475 1.900556 -2.073427 87.890244 47.093239 61.11359 17.636759 -26.322893 52.411392 -19.46673 -14.395672 29.410498 -8e-06 -8.774882 -1.2e-05 13.934101 -17.220938 6.063296 -0.609778 -1.795654 -3.889338 -4.807105 -11.046839 -2.937856 2.5e-05 -20.97613 2.2e-05 -5.019989 -25.033726 -4.03189 6e-06 1e-06 -3e-06 -10.634577 -5.686975 -3.565598 10.573344 -17.923021 -3.113897 1.5e-05 -13.821286 2e-05 -0.501764 -31.181761 -4.026992 -10.345614 -57.689808 6.007115 -13.982772 -7.150203 -2.875054 13.772809 -8.401532 -3.218243 0.34776 -34.211777 0.771709 -0.963037 -17.733534 2.621092 1e-06 0.0 -1e-06 -17.346489 -20.095245 -4.201793 21.757673 -1.638413 3.866455 1e-05 -6.338855 1e-05 -1.69758 -22.591913 -6.194032 -2e-06 -6e-06 -3e-06 98.155548 -64.81237 101.617973 -6.653851 -54.842606 36.796612 111.483589 5.951546 1.740078 66.455261 48.758099 65.367516 22.182287 -20.376034 49.933598 -16.701937 -16.743607 28.476721 -1.5e-05 -12.690701 -1.3e-05 16.496025 -18.782171 2.546546 -0.105922 -1.513865 -4.275904 -5.039074 -5.612905 -2.95358 1.8e-05 -11.020617 -3e-06 -6.111331 -15.895505 -3.840534 -0.0 3e-06 -1e-06 -10.283428 -5.680312 -4.341866 11.028371 -11.302482 -2.372644 -1.384263 -14.238697 -6.320183 -0.625394 -26.924498 -3.827645 -4.129488 -50.551075 -4.394844 -13.708597 -7.363507 -3.720969 18.141275 -14.052849 -3.242686 2.8e-05 -18.787432 6e-06 -0.429706 -8.456141 2.555546 -1e-06 -1e-06 0.0 -15.923616 -20.094585 -5.473628 30.419395 -7.1909 1.735952 1.1e-05 -8.162992 4e-06 -1.861878 -22.861725 -6.168003 -0.0 -3e-06 -1e-06 -174.927902 -17.786213 -95.257317 8.937824 -22.371534 71.216263 -49.135525 -7.025687 -11.314466 -6.974736 0.895188 3.164964 -1.000002 1e-06 -1e-06 5.685581 -11.87959 -173.270248 -9.341167 -2.8162 168.79866 -44.587784 0.854659 -2.94421 -7.438081 0.539085 1.565918 -1.000005 1e-06 -3e-06 
0.0 0.0 0.0 0.0 -0.0 0.0 -18.56916 13.702387 608.211853 8.558884 -73.869522 178.392548 -3.328649 -1.267051 -0.640231 -11.788705 -1.08095 -0.721379 14.05789 -2.376711 -1.728777 1.352659 -0.537725 3.297414 -2.494531 -2.058091 0.263376 -38.060173 -5.503801 0.890787 3e-06 -1e-06 -0.0 -0.26327 0.15131 -0.142018 0.182002 0.181749 -0.023004 0.24126 0.133004 -0.248052 -73.089531 -66.276634 89.940735 3.739198 -59.845379 11.840344 96.047485 1.011493 -2.187462 88.955154 47.571911 61.762806 17.636686 -26.322773 52.411182 -19.466694 -14.395656 29.410398 -1.5e-05 -8.774855 -5e-06 13.85704 -17.173525 6.166857 -0.609771 -1.795653 -3.889329 -4.807079 -11.046803 -2.937848 4e-05 -20.976038 2.3e-05 -5.019954 -25.033592 -4.031854 7e-06 -0.0 0.0 -10.63455 -5.686955 -3.565584 10.573328 -17.92297 -3.113896 2.8e-05 -13.821233 1.6e-05 -0.501748 -31.181614 -4.026963 -10.410537 -57.799091 6.064816 -13.982729 -7.150177 -2.875037 13.772777 -8.401514 -3.218246 0.34779 -34.21162 0.771699 -0.963017 -17.733444 2.621082 -2e-06 -1e-06 1e-06 -17.346428 -20.095184 -4.201777 21.757607 -1.638419 3.866427 1.2e-05 -6.338833 8e-06 -1.697561 -22.591808 -6.194002 -3e-06 -6e-06 -6e-06 97.015282 -63.683121 103.383347 -12.285678 -53.982849 40.690533 114.285255 5.382565 2.773424 66.33017 49.82135 65.051598 22.182203 -20.375891 49.933376 -16.701864 -16.743523 28.476572 -1.7e-05 -12.690634 -1.8e-05 16.386168 -18.69964 2.693939 -0.105923 -1.513859 -4.275885 -5.039051 -5.612877 -2.95357 2e-05 -11.020555 -1.5e-05 -6.111288 -15.895418 -3.840526 0.0 0.0 -1e-06 -10.283389 -5.68029 -4.341851 11.028322 -11.302431 -2.372636 -1.384255 -14.238628 -6.320161 -0.625369 -26.924351 -3.827653 -4.177586 -50.63139 -4.252243 -13.708548 -7.363482 -3.720954 18.141195 -14.052776 -3.242677 3.9e-05 -18.787325 -1.7e-05 -0.429695 -8.456088 2.555517 -0.0 0.0 1e-06 -15.923554 -20.094501 -5.473609 30.419258 -7.19087 1.735949 1.5e-05 -8.16295 -3e-06 -1.861844 -22.861582 -6.167998 1e-06 -3e-06 -2e-06 -173.81752 -18.669493 -98.831757 8.513211 -20.373081 72.852905 -51.136639 -6.13552 -8.610758 -7.178258 0.858656 3.038354 -1.000003 2e-06 5e-06 7.717699 -11.344709 152.766953 -4.482005 3.521104 -147.161072 -42.729168 -1.509918 -8.611034 -7.790307 0.483276 1.493182 -1.000006 -0.0 -0.0 
0.0 0.0 0.0 0.0 -0.0 0.0 -18.644043 13.102388 608.120361 5.775712 -74.039574 -177.40506 -3.713307 -1.287945 -0.701012 -11.919931 -1.292452 -0.886547 14.374254 -2.61369 -1.765895 1.959701 -1.902673 3.065766 -2.520354 -1.969681 0.228884 -39.092075 -4.447577 0.20865 7e-06 -1e-06 1e-06 -0.289918 0.047001 -0.067886 0.103054 0.044107 0.018267 0.127947 0.063566 -0.143587 -73.690651 -66.531616 90.465034 4.352962 -58.131428 11.475831 96.338562 0.445731 -2.115747 90.12883 47.920944 63.275131 17.636429 -26.322519 52.411022 -19.46664 -14.395518 29.410355 -1.3e-05 -8.774771 1.1e-05 13.95857 -17.124779 6.109688 -0.609774 -1.795649 -3.889318 -4.80704 -11.046762 -2.93786 4.1e-05 -20.975933 -4.7e-05 -5.019854 -25.033485 -4.031908 6e-06 1e-06 -3e-06 -10.634465 -5.686947 -3.565582 10.573224 -17.922865 -3.113933 2.8e-05 -13.821144 -2.5e-05 -0.50165 -31.181385 -4.02706 -10.59393 -58.032143 6.192739 -13.982623 -7.150167 -2.875039 13.772647 -8.401465 -3.218258 0.347805 -34.211395 0.771574 -0.962992 -17.733322 2.620994 2e-06 -0.0 2e-06 -17.346285 -20.095133 -4.201799 21.757408 -1.638371 3.866379 7e-06 -6.338793 -7e-06 -1.6975 -22.591663 -6.194036 -3e-06 -4e-06 -2e-06 97.279243 -63.260422 103.573555 -14.93954 -54.440987 42.360504 115.871185 5.440476 3.046084 66.226242 50.220615 66.029991 22.181921 -20.375727 49.933117 -16.701849 -16.743498 28.4765 -3.7e-05 -12.690556 2.5e-05 16.411741 -18.66992 2.769665 -0.105911 -1.513857 -4.275871 -5.039005 -5.612843 -2.953549 3.4e-05 -11.020479 -3.1e-05 -6.111207 -15.895283 -3.840491 -1e-06 -2e-06 1e-06 -10.283316 -5.68026 -4.341815 11.028274 -11.302369 -2.372666 -1.384211 -14.238528 -6.320125 -0.625299 -26.924118 -3.827642 -4.496557 -50.796127 -3.934905 -13.708457 -7.363438 -3.720919 18.141119 -14.0527 -3.242723 6.4e-05 -18.787182 -3.7e-05 -0.429683 -8.456015 2.555489 0.0 -0.0 0.0 -15.923433 -20.094387 -5.473576 30.419123 -7.190829 1.735839 2.2e-05 -8.162885 -1.2e-05 -1.861805 -22.861385 -6.167949 0.0 -3e-06 1e-06 -173.237427 -18.455454 -103.347031 7.014097 -16.88204 76.098206 -53.363701 -3.964178 -3.408877 -7.675268 0.908224 2.938068 -0.999995 0.0 2e-06 8.832298 -10.523033 132.354111 -0.623667 5.361592 -117.786972 -42.732586 -4.599485 -14.304882 -7.744496 0.50204 1.449725 -1.000005 0.0 2e-06 
0.0 0.0 0.0 0.0 -0.0 0.0 -18.638441 12.951099 607.758484 4.126662 -74.079773 -175.177612 -3.874694 -1.153314 -0.761377 -11.894998 -1.345385 -1.054421 14.634959 -2.608507 -1.73475 2.702668 -3.207129 2.809892 -2.531079 -1.869552 0.440939 -40.403473 -3.48037 0.0542 8e-06 -1e-06 -1e-06 -0.281748 -0.019404 -0.026075 0.089244 -0.040775 0.045646 0.103195 0.017485 -0.090743 -74.719299 -66.876968 91.629005 4.699915 -56.490692 12.104576 96.676315 0.654947 -1.788357 91.304123 48.112782 64.655807 17.636923 -26.322989 52.411461 -19.466787 -14.395665 29.410536 4e-06 -8.774914 -2.6e-05 13.986801 -17.030844 5.976877 -0.60979 -1.795665 -3.889344 -4.807141 -11.046914 -2.937864 -4e-06 -20.976278 2.6e-05 -5.020055 -25.033945 -4.031929 4e-06 -0.0 0.0 -10.634626 -5.687008 -3.56561 10.57336 -17.923126 -3.113891 -2e-06 -13.821372 1.6e-05 -0.501799 -31.182007 -4.027053 -10.842524 -58.289341 6.277524 -13.982834 -7.15025 -2.875065 13.772851 -8.40157 -3.218231 0.347715 -34.212025 0.771714 -0.963056 -17.73366 2.621088 0.0 -0.0 0.0 -17.346582 -20.095373 -4.201797 21.757761 -1.638401 3.866503 0.0 -6.338902 1e-05 -1.697616 -22.59211 -6.194095 2e-06 -7e-06 -3e-06 98.104103 -63.356304 103.076134 -15.952228 -55.39267 43.2728 116.961433 5.895083 2.77887 67.142334 49.784512 69.303467 22.182375 -20.376083 49.933689 -16.701862 -16.743656 28.476694 1.9e-05 -12.69073 -2.2e-05 16.383133 -18.695633 2.858033 -0.105927 -1.51386 -4.275907 -5.039101 -5.612908 -2.953578 -7e-06 -11.0206 1.1e-05 -6.111398 -15.89549 -3.840528 0.0 2e-06 -1e-06 -10.283469 -5.680327 -4.341871 11.028377 -11.302452 -2.372621 -1.38431 -14.238672 -6.320177 -0.625469 -26.924431 -3.827643 -4.792274 -51.045357 -3.697249 -13.708653 -7.363531 -3.72097 18.141291 -14.052791 -3.242655 -2.1e-05 -18.787407 2.1e-05 -0.429725 -8.456126 2.55555 -0.0 -0.0 -1e-06 -15.92371 -20.094604 -5.473619 30.419474 -7.190846 1.736013 -7e-06 -8.162991 1.3e-05 -1.861959 -22.861702 -6.168005 -0.0 -3e-06 -0.0 -173.238571 -17.288099 -109.975853 4.758495 -11.566496 82.525063 -54.242558 0.488658 3.98007 -8.300084 1.020774 2.845309 -1.0 -1e-06 0.0 9.142253 -9.529634 123.438446 1.761116 6.220273 -103.262054 -43.943981 -7.029305 -18.360308 -7.675392 0.526799 1.433175 -1.000001 -1e-06 2e-06 
0.0 0.0 0.0 0.0 -0.0 0.0 -18.532701 12.6346 606.956726 2.868173 -74.022652 -174.127747 -3.938436 -0.912344 -0.86966 -11.91304 -1.281183 -1.033961 14.767255 -2.419298 -1.585686 3.709131 -4.083083 2.436915 -2.559303 -1.72289 0.792093 -41.743683 -2.541932 0.300263 3e-06 -2e-06 2e-06 -0.24766 -0.039753 -0.020078 0.167447 -0.077289 0.082432 0.188645 0.012814 -0.115351 -75.609871 -66.993408 92.881325 4.044362 -54.842861 14.290394 97.493393 1.337678 -1.426807 92.484024 48.099037 65.724609 17.636789 -26.322922 52.411373 -19.466709 -14.395684 29.41048 9e-06 -8.7749 -1.4e-05 13.788793 -16.883924 5.835962 -0.609782 -1.795657 -3.889336 -4.807139 -11.046872 -2.937846 -2.5e-05 -20.976179 4.6e-05 -5.02008 -25.033819 -4.031892 6e-06 -2e-06 2e-06 -10.634597 -5.686997 -3.565593 10.573328 -17.923044 -3.113878 -1.4e-05 -13.821319 2.4e-05 -0.501851 -31.181843 -4.027006 -10.85766 -58.087528 6.200373 -13.982799 -7.150232 -2.875044 13.772823 -8.401526 -3.218233 0.347674 -34.211853 0.771744 -0.963075 -17.733574 2.621088 1e-06 1e-06 -5e-06 -17.346546 -20.095314 -4.201767 21.757719 -1.63838 3.866475 -3e-06 -6.338872 1.4e-05 -1.697648 -22.591991 -6.19404 -2e-06 -3e-06 -1e-06 98.664734 -63.772854 102.640465 -17.012114 -55.864342 44.429379 118.375099 6.374969 2.108231 67.986961 48.778687 73.275726 22.182238 -20.376047 49.933506 -16.701866 -16.74358 28.476633 1e-06 -12.690662 -7e-06 16.322308 -18.821474 3.005701 -0.105923 -1.513859 -4.275894 -5.039064 -5.612906 -2.953566 1e-06 -11.020614 1.2e-05 -6.11134 -15.895505 -3.840491 -1e-06 4e-06 -1e-06 -10.283411 -5.680311 -4.341855 11.028334 -11.302464 -2.372626 -1.38428 -14.238686 -6.320146 -0.625458 -26.92448 -3.827613 -5.057594 -51.263161 -3.536838 -13.708577 -7.363508 -3.720953 18.141214 -14.052814 -3.242664 -2e-06 -18.787428 1.6e-05 -0.429717 -8.456137 2.555534 0.0 -1e-06 0.0 -15.923604 -20.09458 -5.47359 30.419317 -7.190857 1.735951 1e-06 -8.162992 2e-06 -1.861907 -22.861719 -6.16799 -0.0 -2e-06 -1e-06 -173.887451 -15.806209 -117.376297 3.528428 -5.914128 90.333733 -52.373932 5.281145 10.509073 -9.026861 1.202026 2.609411 -0.999999 1e-06 1e-06 9.11511 -8.679479 121.120522 3.367887 6.322013 -98.146194 -45.844864 -8.004119 -20.122637 -7.533103 0.517892 1.41501 -1.000001 0.0 1e-06 
0.0 0.0 0.0 0.0 -0.0 0.0 -18.289188 12.344337 605.999329 2.441376 -73.917839 -174.91748 -3.935334 -0.671452 -0.931809 -11.954643 -1.171847 -0.8185 14.897185 -2.019238 -1.214537 4.699335 -4.6452 1.979122 -2.579097 -1.491126 1.463317 -42.754818 -1.544927 0.77092 3e-06 -2e-06 3e-06 -0.211098 -0.023492 -0.049876 0.260463 -0.076767 0.088732 0.29434 0.044214 -0.179105 -76.150589 -66.773895 93.69194 2.526021 -53.5742 17.813202 98.563118 2.394377 -0.682733 93.602348 48.065235 66.714951 17.636734 -26.322817 52.411427 -19.466812 -14.395657 29.410572 -4e-06 -8.7749 -1e-05 13.59307 -16.853411 5.811527 -0.609782 -1.795666 -3.889345 -4.807116 -11.046884 -2.937881 2.3e-05 -20.976204 -2e-05 -5.019975 -25.033857 -4.031969 5e-06 1e-06 -2e-06 -10.63459 -5.687002 -3.565606 10.573346 -17.923071 -3.113933 1.5e-05 -13.821334 -1.3e-05 -0.501721 -31.181921 -4.027104 -10.817403 -57.734264 6.151711 -13.98278 -7.150237 -2.875062 13.772817 -8.401546 -3.218257 0.347782 -34.211891 0.771621 -0.963012 -17.733597 2.621051 0.0 -0.0 1e-06 -17.346506 -20.095324 -4.201812 21.757698 -1.638393 3.866468 6e-06 -6.338873 -5e-06 -1.697566 -22.592016 -6.194127 0.0 -3e-06 -1e-06 99.398201 -64.540672 101.762726 -17.790667 -56.095852 45.21117 119.708817 6.724879 1.402001 68.333244 47.819244 76.180511 22.182138 -20.375956 49.933399 -16.701849 -16.743557 28.476603 8e-06 -12.690634 3e-06 16.273762 -18.873035 3.026509 -0.105921 -1.513861 -4.275889 -5.039054 -5.612898 -2.953562 -1e-06 -11.020588 1e-06 -6.111325 -15.895471 -3.840492 -0.0 2e-06 -2e-06 -10.283386 -5.680306 -4.341843 11.028312 -11.302443 -2.372636 -1.384279 -14.238672 -6.32015 -0.625449 -26.924437 -3.827635 -5.106628 -51.226395 -3.509722 -13.708549 -7.363501 -3.720943 18.141178 -14.052784 -3.24268 -5e-06 -18.787386 -3e-06 -0.429719 -8.456116 2.555519 -0.0 -0.0 -0.0 -15.923575 -20.094542 -5.473584 30.419266 -7.190836 1.735934 -3e-06 -8.162978 -3e-06 -1.861907 -22.861679 -6.168002 1e-06 -3e-06 -0.0 -174.575272 -14.383445 -124.071236 3.076189 -2.609308 98.456833 -49.582092 6.147689 13.096119 -9.772751 1.291644 2.46585 -0.999994 -0.0 1e-06 9.174331 -8.265344 123.377831 4.031199 5.545131 -99.677681 -48.135136 -8.559215 -19.758142 -8.356056 0.509314 1.387933 -1.000005 -1e-06 -2e-06 
0.0 0.0 0.0 0.0 -0.0 0.0 -17.967739 12.120461 605.004028 2.670118 -73.814964 -176.90184 -3.923456 -0.517808 -0.922399 -12.010335 -1.029584 -0.516515 15.067878 -1.521937 -0.77529 5.557749 -5.008188 1.653099 -2.574993 -1.24685 2.163466 -43.285656 -0.469196 1.203356 5e-06 -1e-06 2e-06 -0.187378 0.011205 -0.090575 0.345233 -0.056757 0.077006 0.385947 0.093779 -0.246019 -76.456535 -66.265121 94.073677 0.628748 -52.652798 21.977552 99.669487 3.551821 0.098766 94.435219 47.707832 67.692917 17.63678 -26.322893 52.411407 -19.46674 -14.395658 29.410522 2e-06 -8.774891 -1.3e-05 13.407062 -16.853069 5.839233 -0.609777 -1.795659 -3.889341 -4.80712 -11.046862 -2.937862 5e-06 -20.976168 1.8e-05 -5.020015 -25.0338 -4.031919 6e-06 1e-06 3e-06 -10.634584 -5.686991 -3.565603 10.573334 -17.923046 -3.113894 1e-06 -13.821314 1.5e-05 -0.501792 -31.181856 -4.027031 -10.798766 -57.399052 6.196584 -13.98278 -7.150226 -2.875057 13.772807 -8.401531 -3.218238 0.347724 -34.211838 0.771699 -0.963052 -17.733564 2.621078 2e-06 1e-06 -2e-06 -17.346498 -20.095295 -4.201797 21.757685 -1.638392 3.866472 0.0 -6.338873 8e-06 -1.697604 -22.591988 -6.194066 -3e-06 -8e-06 -1e-06 100.375465 -65.451935 100.55513 -17.969803 -56.27879 45.598919 120.765953 7.152794 0.66922 68.221939 46.937477 78.061699 22.182226 -20.375996 49.933453 -16.701872 -16.743601 28.476616 -2e-06 -12.690682 -9e-06 16.259411 -18.864014 2.952421 -0.105921 -1.513858 -4.275891 -5.039069 -5.6129 -2.953563 5e-06 -11.020601 9e-06 -6.11135 -15.895494 -3.84049 -1e-06 2e-06 -3e-06 -10.283413 -5.680305 -4.341848 11.028345 -11.30246 -2.372631 -1.384284 -14.238681 -6.320148 -0.62545 -26.924461 -3.827612 -5.017441 -50.990051 -3.594933 -13.708579 -7.363502 -3.720946 18.141235 -14.052807 -3.242673 3e-06 -18.787407 1e-05 -0.429713 -8.456127 2.555535 0.0 1e-06 0.0 -15.92361 -20.094553 -5.473587 30.419352 -7.190859 1.735954 2e-06 -8.16298 3e-06 -1.861914 -22.861708 -6.167989 1e-06 -3e-06 -1e-06 -174.880875 -13.041541 -130.643829 2.771772 -1.024632 107.23542 -47.168148 4.04858 12.900155 -10.526205 1.331146 2.397555 -0.999999 -0.0 -0.0 9.538181 -8.155872 128.756332 4.200227 4.393198 -105.982315 -50.273079 -8.307401 -18.526457 -9.517138 0.517357 1.362781 -1.000002 -0.0 -1e-06 
0.0 0.0 0.0 0.0 -0.0 0.0 -17.638309 11.956477 604.175476 3.20068 -73.701462 -179.212479 -3.967978 -0.469657 -0.89126 -12.08007 -0.868508 -0.254275 15.291224 -1.032862 -0.391303 6.270347 -5.150152 1.465502 -2.567611 -1.13291 2.778155 -43.33176 0.603152 1.483644 6e-06 -2e-06 2e-06 -0.179847 0.030172 -0.106144 0.393394 -0.051048 0.075059 0.43345 0.126608 -0.27398 -76.43087 -65.746231 93.940598 -1.525454 -52.133236 26.101349 100.774078 4.493936 0.741469 94.789688 47.034042 68.438126 17.636374 -26.322474 52.410877 -19.466564 -14.395539 29.410252 -1.1e-05 -8.774759 1.5e-05 13.306674 -16.875652 5.885214 -0.609768 -1.795642 -3.889307 -4.807041 -11.046721 -2.937839 3.2e-05 -20.975842 -2.2e-05 -5.019867 -25.033348 -4.03187 8e-06 -1e-06 -2e-06 -10.634445 -5.686931 -3.565564 10.573198 -17.922804 -3.113912 1.9e-05 -13.821091 -8e-06 -0.5017 -31.181248 -4.026998 -10.835096 -57.261383 6.324308 -13.982596 -7.150146 -2.875021 13.772627 -8.401432 -3.218248 0.347779 -34.211239 0.771614 -0.962995 -17.73324 2.621 -3e-06 -1e-06 -1e-06 -17.346264 -20.095064 -4.201764 21.757391 -1.638365 3.866366 7e-06 -6.338768 1e-06 -1.697524 -22.591557 -6.193982 -1e-06 -5e-06 -3e-06 101.43531 -66.408226 99.279625 -17.652416 -56.513668 45.599483 121.428497 7.531561 -0.095564 67.845924 46.194756 79.120804 22.181931 -20.375628 49.932835 -16.701727 -16.743376 28.476265 -3.3e-05 -12.690471 3e-06 16.286484 -18.881756 2.87027 -0.105914 -1.513847 -4.275846 -5.038985 -5.612816 -2.953532 3.5e-05 -11.020418 -1.8e-05 -6.111171 -15.895172 -3.840452 1e-06 3e-06 2e-06 -10.283284 -5.680237 -4.341804 11.028219 -11.302329 -2.372628 -1.384215 -14.238441 -6.320071 -0.625324 -26.923918 -3.827576 -4.876054 -50.770576 -3.750634 -13.708411 -7.363404 -3.720911 18.141018 -14.052648 -3.242667 6.3e-05 -18.787085 -2.4e-05 -0.429679 -8.455963 2.555478 -0.0 1e-06 1e-06 -15.923377 -20.094307 -5.473555 30.418959 -7.190819 1.735885 2.5e-05 -8.162847 -1e-05 -1.861795 -22.861214 -6.167886 -1e-06 -2e-06 -2e-06 -174.71492 -12.004416 -137.29686 2.543844 -0.476292 116.427368 -45.461037 0.742381 11.257473 -10.737888 1.332404 2.389171 -0.999997 -0.0 -0.0 10.091408 -8.25488 136.245697 4.211532 3.423728 -115.868492 -51.93787 -6.925748 -17.03352 -10.499048 0.535338 1.354871 -0.999999 1e-06 -2e-06 
0.0 0.0 0.0 0.0 -0.0 0.0 -17.334036 11.796749 603.489319 3.748784 -73.600029 178.680374 -4.046546 -0.510329 -0.861325 -12.157083 -0.700496 -0.074623 15.47066 -0.612729 -0.128299 6.913727 -5.091713 1.345964 -2.573586 -1.139632 3.258402 -43.079723 1.642208 1.611897 8e-06 1e-06 2e-06 -0.185191 0.01552 -0.092095 0.419884 -0.071868 0.092124 0.455055 0.118509 -0.262847 -75.980873 -65.300888 93.254913 -3.764807 -51.969444 30.012924 101.782303 5.238736 1.171975 94.795815 46.060631 68.791016 17.636246 -26.322533 52.410904 -19.466528 -14.395539 29.410269 2.6e-05 -8.774745 3.6e-05 13.235942 -16.928606 5.950345 -0.609769 -1.795648 -3.889309 -4.807079 -11.046782 -2.937819 -8.2e-05 -20.975924 -9e-06 -5.020015 -25.033499 -4.031871 7e-06 0.0 -2e-06 -10.634454 -5.686977 -3.565544 10.573125 -17.922832 -3.113913 -5.2e-05 -13.821145 -1.8e-05 -0.501846 -31.181402 -4.02707 -10.912538 -57.277599 6.482401 -13.982609 -7.150206 -2.874992 13.772592 -8.401402 -3.218258 0.347588 -34.21138 0.771616 -0.963079 -17.733316 2.620937 0.0 0.0 -3e-06 -17.346329 -20.095184 -4.201699 21.757387 -1.638269 3.866335 -2.8e-05 -6.338797 -7e-06 -1.697652 -22.591707 -6.193999 -3e-06 -6e-06 -1e-06 102.552719 -67.296936 97.947456 -17.125652 -56.791161 45.603996 121.746223 7.883152 -0.843194 67.427002 45.58041 79.7267 22.181868 -20.375881 49.933128 -16.701815 -16.743532 28.47653 -1.8e-05 -12.690558 4.7e-05 16.289932 -18.905409 2.835074 -0.105908 -1.513853 -4.275874 -5.039006 -5.612869 -2.953539 8e-06 -11.020536 3e-06 -6.11126 -15.895379 -3.840436 0.0 3e-06 0.0 -10.283305 -5.680274 -4.341807 11.028255 -11.30241 -2.372652 -1.384241 -14.238598 -6.320102 -0.625419 -26.924282 -3.827594 -4.74213 -50.575058 -3.933853 -13.708443 -7.363454 -3.720901 18.141087 -14.052739 -3.242713 2e-06 -18.787306 1e-06 -0.42972 -8.456079 2.555501 -0.0 -0.0 -1e-06 -15.923435 -20.094444 -5.473526 30.419094 -7.190789 1.735827 -5e-06 -8.162939 -5e-06 -1.86189 -22.861557 -6.167933 1e-06 -2e-06 -2e-06 -174.291061 -11.259041 -143.870407 2.34155 -0.450364 125.583138 -43.931923 -2.640605 9.076447 -10.385321 1.323712 2.419665 -0.999993 -0.0 -0.0 10.637215 -8.600247 145.319229 4.187129 2.70464 -128.457657 -53.047546 -4.592393 -15.381067 -11.197584 0.553712 1.366019 -1.0 -0.0 1e-06 
0.0 0.0 0.0 0.0 -0.0 0.0 -17.057341 11.645115 602.889282 4.162063 -73.522888 176.957169 -4.157362 -0.590329 -0.841129 -12.225403 -0.555742 0.056787 15.618874 -0.257342 0.041115 7.409095 -4.983532 1.261927 -2.584889 -1.161184 3.571826 -42.750187 2.591322 1.59496 5e-06 -0.0 0.0 -0.191752 -0.01006 -0.071326 0.446081 -0.095764 0.111519 0.479758 0.091528 -0.241811 -75.129517 -64.994576 92.155014 -5.95992 -52.087925 33.591503 102.59462 5.814259 1.559417 94.717392 44.974533 68.957756 17.636497 -26.322641 52.411022 -19.466619 -14.39555 29.410324 1.3e-05 -8.77479 8e-06 13.12126 -16.99136 6.024961 -0.609774 -1.795653 -3.889318 -4.807088 -11.046829 -2.937838 -4.4e-05 -20.976053 -8e-06 -5.020006 -25.033665 -4.031894 8e-06 -0.0 -0.0 -10.634503 -5.686986 -3.565567 10.573205 -17.922941 -3.1139 -2.1e-05 -13.821221 -1e-05 -0.501811 -31.181614 -4.027056 -10.923029 -57.282112 6.577954 -13.982678 -7.150216 -2.875019 13.772671 -8.401473 -3.218243 0.347669 -34.211601 0.771627 -0.963046 -17.733421 2.620985 -0.0 2e-06 -1e-06 -17.346395 -20.095249 -4.201744 21.757496 -1.638324 3.866402 -9e-06 -6.338828 -6e-06 -1.697613 -22.591812 -6.194029 -3e-06 -5e-06 -1e-06 103.721611 -68.091072 96.586288 -16.485769 -57.1101 45.694923 121.856216 8.245693 -1.476152 67.044411 45.094124 80.110535 22.182037 -20.375938 49.933193 -16.701759 -16.743565 28.476477 1e-05 -12.6906 1.7e-05 16.272034 -18.909657 2.818588 -0.105914 -1.513851 -4.275874 -5.039037 -5.61287 -2.953535 -9e-06 -11.020532 2.1e-05 -6.111324 -15.895375 -3.840429 -1e-06 -3e-06 0.0 -10.283356 -5.680281 -4.341814 11.02828 -11.3024 -2.372622 -1.384285 -14.238594 -6.320089 -0.6255 -26.924276 -3.827552 -4.605679 -50.372967 -4.120375 -13.708509 -7.36347 -3.720909 18.141127 -14.052731 -3.242666 -3.1e-05 -18.787308 2.8e-05 -0.42973 -8.456079 2.555514 -0.0 -1e-06 0.0 -15.923532 -20.094469 -5.473524 30.419197 -7.190782 1.735904 -1.2e-05 -8.162948 5e-06 -1.861951 -22.861578 -6.167923 -0.0 -4e-06 -0.0 -173.861069 -10.72578 -150.042328 2.146723 -0.634768 134.166626 -42.5937 -5.568298 6.812506 -9.987082 1.322544 2.441538 -1.000001 0.0 -1e-06 11.011859 -9.14366 155.701675 4.109732 2.292953 -143.121323 -53.810802 -1.577092 -13.687952 -11.553022 0.563858 1.389655 -1.000003 -1e-06 1e-06 
0.0 0.0 0.0 0.0 -0.0 0.0 -16.814896 11.509294 602.361267 4.413607 -73.437195 175.620544 -4.259883 -0.655428 -0.827223 -12.269037 -0.423781 0.182834 15.702137 0.035219 0.122707 7.760911 -4.862121 1.208167 -2.586942 -1.108558 3.702631 -42.442711 3.390142 1.491722 8e-06 -0.0 2e-06 -0.195292 -0.026526 -0.05582 0.479871 -0.105993 0.124237 0.513646 0.068987 -0.224747 -74.00779 -64.802338 90.747665 -8.179736 -52.352386 36.987656 103.10173 6.228146 1.893894 94.865898 43.887333 69.191292 17.636597 -26.32255 52.410759 -19.466513 -14.395498 29.410135 1e-05 -8.774779 -1.4e-05 12.956531 -17.044947 6.114622 -0.609776 -1.795646 -3.889298 -4.807078 -11.04677 -2.937821 -1.7e-05 -20.975952 1.7e-05 -5.019979 -25.033525 -4.031862 6e-06 0.0 -2e-06 -10.634491 -5.686947 -3.565557 10.573198 -17.922873 -3.113856 -1.2e-05 -13.821168 1e-05 -0.50181 -31.181459 -4.02699 -10.910751 -57.2598 6.643081 -13.982656 -7.150173 -2.875014 13.772657 -8.401447 -3.218203 0.347697 -34.211456 0.771667 -0.963033 -17.733364 2.621013 1e-06 0.0 -1e-06 -17.346361 -20.095135 -4.201731 21.757463 -1.638355 3.866428 -2e-06 -6.338808 2e-06 -1.697608 -22.591722 -6.193985 -5e-06 -8e-06 -1e-06 105.03994 -68.761742 95.100136 -15.891258 -57.463371 45.981388 121.728455 8.574258 -1.931963 66.992958 44.828075 80.642052 22.182001 -20.375872 49.933064 -16.70166 -16.743477 28.476358 1e-05 -12.690531 1e-05 16.259871 -18.874573 2.800638 -0.105919 -1.513847 -4.275861 -5.039017 -5.612845 -2.953531 -1e-05 -11.020475 2e-05 -6.11129 -15.895278 -3.840422 0.0 2e-06 1e-06 -10.283325 -5.680264 -4.341809 11.028229 -11.302349 -2.372601 -1.384282 -14.238519 -6.320064 -0.6255 -26.924093 -3.827525 -4.497248 -50.194897 -4.277785 -13.708467 -7.363447 -3.720909 18.141043 -14.052664 -3.242633 -3.2e-05 -18.787216 3.6e-05 -0.42973 -8.456037 2.555512 -0.0 1e-06 1e-06 -15.923483 -20.094393 -5.473523 30.41906 -7.190757 1.735925 -1.3e-05 -8.162915 1.3e-05 -1.86195 -22.861444 -6.167877 1e-06 -2e-06 -0.0 -173.559174 -10.418895 -155.233749 1.893198 -0.910248 141.312317 -41.53616 -7.807921 4.739853 -9.695846 1.321111 2.44311 -0.999995 0.0 -1e-06 11.058969 -9.744864 167.098297 3.692497 2.127174 -159.33606 -54.498055 1.858903 -11.91615 -11.554077 0.563852 1.426416 -1.000001 -2e-06 1e-06 
0.0 0.0 0.0 0.0 -0.0 0.0 -16.638365 11.418402 601.87384 4.529156 -73.347 174.648132 -4.327712 -0.685603 -0.813432 -12.270273 -0.32395 0.272161 15.720606 0.253381 0.130545 8.009384 -4.697783 1.188951 -2.578943 -1.027648 3.707721 -42.17783 4.034175 1.326149 7e-06 -1e-06 0.0 -0.196966 -0.02013 -0.058428 0.505939 -0.092117 0.115431 0.541902 0.068399 -0.221837 -72.665359 -64.717506 89.096725 -10.43237 -52.688046 40.263191 103.390709 6.588117 2.223786 95.316666 42.898167 69.633629 17.636564 -26.322653 52.411057 -19.466719 -14.395566 29.410381 -3e-06 -8.774822 2e-06 12.822505 -17.082655 6.191399 -0.609772 -1.795662 -3.889324 -4.807083 -11.046846 -2.937851 1.2e-05 -20.976114 -2.6e-05 -5.019947 -25.033735 -4.031903 7e-06 -1e-06 -0.0 -10.634515 -5.686989 -3.565576 10.573267 -17.92301 -3.11393 9e-06 -13.821272 -1.8e-05 -0.501715 -31.181744 -4.027073 -10.894964 -57.277508 6.699831 -13.982693 -7.150221 -2.875029 13.772711 -8.401519 -3.218258 0.347767 -34.21172 0.771588 -0.962999 -17.733494 2.621004 0.0 0.0 -3e-06 -17.346397 -20.095278 -4.201761 21.75753 -1.638365 3.866409 3e-06 -6.338846 -1e-05 -1.697552 -22.591888 -6.194067 -3e-06 -3e-06 -2e-06 106.615936 -69.28054 93.354034 -15.38718 -57.850311 46.403347 121.398346 8.792189 -2.199808 67.380775 44.868622 81.6493 22.181959 -20.3759 49.933231 -16.701841 -16.743589 28.476559 -1.7e-05 -12.690607 3.7e-05 16.27132 -18.799717 2.771537 -0.10591 -1.513852 -4.275879 -5.039028 -5.612868 -2.953542 9e-06 -11.020529 -3e-06 -6.111283 -15.895351 -3.840452 1e-06 -1e-06 -1e-06 -10.283347 -5.680282 -4.341814 11.028292 -11.302397 -2.372655 -1.384251 -14.238585 -6.320111 -0.625407 -26.924223 -3.827601 -4.408075 -50.067631 -4.395843 -13.708496 -7.363465 -3.720907 18.14115 -14.052731 -3.242713 8e-06 -18.787281 -3e-06 -0.429713 -8.45606 2.555504 0.0 0.0 -1e-06 -15.923509 -20.094467 -5.473536 30.419207 -7.190802 1.735849 -1e-06 -8.162934 -4e-06 -1.861895 -22.861523 -6.167942 0.0 -3e-06 -1e-06 -173.434845 -10.295466 -159.007355 1.591005 -1.252392 146.401001 -40.952629 -9.469459 3.153266 -9.521954 1.310739 2.443203 -1.0 -0.0 -0.0 10.651053 -10.205985 178.451355 2.831612 1.970253 -175.410416 -55.124439 5.16912 -10.119692 -11.580134 0.56371 1.462469 -1.000003 0.0 0.0 
0.0 0.0 0.0 0.0 -0.0 0.0 -16.538321 11.349493 601.45105 4.495244 -73.280983 174.058945 -4.340093 -0.684991 -0.809106 -12.243999 -0.259543 0.326336 15.673643 0.393522 0.091995 8.24031 -4.511211 1.177836 -2.554592 -0.924392 3.587719 -41.983776 4.540354 1.095877 4e-06 -3e-06 -0.0 -0.19708 0.006356 -0.074248 0.532899 -0.059261 0.097733 0.572315 0.088996 -0.235363 -71.255966 -64.74408 87.361282 -12.641295 -53.004902 43.370396 103.535469 6.918771 2.450056 96.113068 41.953121 70.202942 17.636341 -26.322336 52.410679 -19.46649 -14.395466 29.410112 -3.1e-05 -8.774696 1.2e-05 12.731647 -17.089304 6.210069 -0.609763 -1.795633 -3.889293 -4.806993 -11.046639 -2.93783 8.5e-05 -20.975666 -3.1e-05 -5.019773 -25.033087 -4.031819 6e-06 0.0 -4e-06 -10.634393 -5.686885 -3.56556 10.573181 -17.922716 -3.113903 5.2e-05 -13.820989 -3e-06 -0.501642 -31.180944 -4.026923 -10.820992 -57.273327 6.69173 -13.982533 -7.150087 -2.875024 13.772573 -8.401411 -3.218233 0.347862 -34.210957 0.771613 -0.962968 -17.733088 2.621016 -0.0 -0.0 4e-06 -17.346148 -20.094925 -4.201781 21.757269 -1.638402 3.86634 2.1e-05 -6.33872 2e-06 -1.697465 -22.591335 -6.193913 -1e-06 -5e-06 0.0 108.222496 -69.596031 91.525887 -15.044977 -58.14846 47.085457 120.942322 9.00195 -2.298422 68.07502 45.094311 83.080956 22.181841 -20.375534 49.93293 -16.701784 -16.743399 28.476374 -4.7e-05 -12.690479 2e-05 16.304155 -18.721605 2.73247 -0.105911 -1.513849 -4.275855 -5.038979 -5.612805 -2.953548 4.4e-05 -11.020397 -4.9e-05 -6.111148 -15.89516 -3.840511 0.0 -1e-06 -1e-06 -10.283276 -5.680228 -4.34181 11.028227 -11.302295 -2.372665 -1.384187 -14.238414 -6.320123 -0.625231 -26.923864 -3.827674 -4.337632 -50.005211 -4.485777 -13.708398 -7.363392 -3.72092 18.141035 -14.052614 -3.242715 8.6e-05 -18.787035 -6.2e-05 -0.42967 -8.455937 2.555468 -0.0 0.0 1e-06 -15.923348 -20.094269 -5.473596 30.418964 -7.190801 1.735844 2.8e-05 -8.162813 -1.5e-05 -1.861758 -22.861141 -6.167929 1e-06 -2e-06 -1e-06 -173.54425 -10.28964 -160.983124 1.186517 -1.635073 148.922806 -40.766193 -10.503679 2.240626 -9.46468 1.303973 2.439035 -0.999996 -0.0 0.0 9.878094 -10.365046 -171.215485 1.611296 1.64244 170.044601 -55.699291 8.022434 -8.466563 -11.622835 0.562868 1.501047 -0.999999 2e-06 -0.0 
0.0 0.0 0.0 0.0 -0.0 0.0 -16.51989 11.327916 601.153748 4.279571 -73.216751 173.894287 -4.332141 -0.667171 -0.814763 -12.191264 -0.236879 0.314799 15.592228 0.478184 0.011431 8.462452 -4.309677 1.169838 -2.523724 -0.847878 3.36816 -41.836384 4.887829 0.776563 4e-06 -0.0 1e-06 -0.19657 0.028348 -0.082923 0.556411 -0.033895 0.087567 0.592279 0.108262 -0.24194 -69.890343 -64.921997 85.709541 -14.690776 -53.33699 46.105579 103.677185 7.238015 2.522909 97.02597 40.96627 70.723564 17.63661 -26.322794 52.411366 -19.466808 -14.395626 29.410576 -4e-06 -8.774866 2e-06 12.698412 -17.08563 6.163141 -0.609776 -1.795666 -3.889342 -4.807104 -11.046895 -2.937875 6e-06 -20.976233 -2.7e-05 -5.019979 -25.033924 -4.031951 5e-06 -0.0 -3e-06 -10.634551 -5.687007 -3.565596 10.573312 -17.923075 -3.113946 4e-06 -13.821342 -1.5e-05 -0.501714 -31.181963 -4.027122 -10.696975 -57.235722 6.6465 -13.982742 -7.150243 -2.875049 13.772767 -8.401546 -3.218274 0.347751 -34.211933 0.771604 -0.963022 -17.73362 2.621025 -1e-06 1e-06 -4e-06 -17.34646 -20.095335 -4.201791 21.757626 -1.638366 3.866433 1e-06 -6.338887 -7e-06 -1.697559 -22.592075 -6.194127 0.0 -6e-06 -3e-06 109.664871 -69.769554 89.815071 -14.727179 -58.395515 47.643242 120.407127 9.103417 -2.353236 68.902008 45.484455 84.912392 22.181915 -20.375948 49.933174 -16.701744 -16.743557 28.476496 2e-06 -12.690556 4.5e-05 16.404932 -18.678055 2.652006 -0.10591 -1.513848 -4.275874 -5.039016 -5.612867 -2.953531 -6e-06 -11.020524 2.3e-05 -6.111287 -15.895343 -3.840402 -0.0 1e-06 -1e-06 -10.283323 -5.680275 -4.341807 11.028242 -11.302383 -2.372633 -1.384265 -14.238566 -6.320075 -0.625494 -26.924204 -3.827533 -4.25675 -50.009228 -4.589816 -13.708467 -7.363463 -3.720901 18.141077 -14.052708 -3.242687 -3.4e-05 -18.787279 3.2e-05 -0.429739 -8.456067 2.55551 -0.0 -2e-06 0.0 -15.923478 -20.09445 -5.473511 30.419106 -7.190754 1.735848 -1.9e-05 -8.162933 7e-06 -1.861954 -22.861523 -6.167884 -0.0 -2e-06 -0.0 -173.838089 -10.401818 -161.141006 0.747087 -2.110795 148.892532 -41.005169 -11.070577 1.970675 -9.495363 1.298872 2.446511 -0.999998 -1e-06 -0.0 8.867893 -10.244216 -162.575211 0.18416 0.982515 157.958939 -56.292339 10.116054 -7.161469 -11.841581 0.570219 1.530689 -1.000002 0.0 -0.0 
0.0 0.0 0.0 0.0 -0.0 0.0 -16.571857 11.35832 600.952087 3.929996 -73.161606 174.135941 -4.312634 -0.642063 -0.826176 -12.13154 -0.250789 0.244159 15.505723 0.488015 -0.1087 8.691399 -4.126277 1.152946 -2.495971 -0.779993 3.01086 -41.726204 5.080873 0.372512 6e-06 0.0 2e-06 -0.192449 0.048759 -0.085436 0.577056 -0.008343 0.083347 0.605354 0.123767 -0.241837 -68.674011 -65.191353 84.184982 -16.411921 -53.641617 48.350868 103.849358 7.480506 2.476504 97.688278 39.935665 70.99765 17.636772 -26.322775 52.411224 -19.466646 -14.395585 29.410372 -7e-06 -8.774832 -2.1e-05 12.667332 -17.064842 6.0827 -0.60978 -1.795651 -3.889324 -4.807087 -11.046798 -2.937855 3.2e-05 -20.976021 1.4e-05 -5.019943 -25.033583 -4.031892 4e-06 -1e-06 -0.0 -10.634545 -5.686959 -3.565605 10.573297 -17.922953 -3.113882 2e-05 -13.82122 1.4e-05 -0.501743 -31.181576 -4.026991 -10.53593 -57.135063 6.556586 -13.982736 -7.150184 -2.875062 13.772748 -8.401505 -3.218219 0.347769 -34.21159 0.771699 -0.963026 -17.733427 2.621076 -0.0 1e-06 -1e-06 -17.346426 -20.095186 -4.201807 21.75758 -1.638409 3.866465 1.2e-05 -6.338827 7e-06 -1.697564 -22.591782 -6.194023 -3e-06 -6e-06 -1e-06 110.720947 -69.835304 88.449524 -14.481209 -58.541805 47.977291 119.81208 9.070327 -2.363712 69.743797 46.092278 86.903259 22.18222 -20.375862 49.933418 -16.70188 -16.743551 28.476595 -4e-06 -12.690666 -1.9e-05 16.557484 -18.675488 2.552957 -0.105922 -1.513862 -4.275888 -5.039065 -5.612889 -2.953573 9e-06 -11.020564 -2e-05 -6.111326 -15.895449 -3.840543 3e-06 1e-06 1e-06 -10.283405 -5.680305 -4.341853 11.028336 -11.302423 -2.372643 -1.38427 -14.238632 -6.320177 -0.625378 -26.924355 -3.827685 -4.197102 -50.105446 -4.669363 -13.708572 -7.363499 -3.720956 18.141224 -14.052766 -3.242682 2.9e-05 -18.787334 -3.1e-05 -0.429696 -8.456091 2.555516 0.0 1e-06 0.0 -15.923594 -20.094528 -5.473617 30.419323 -7.190855 1.735962 1.2e-05 -8.16295 -8e-06 -1.861863 -22.861595 -6.168031 1e-06 -3e-06 -2e-06 -174.279419 -10.545512 -159.46843 0.379124 -2.625079 146.40361 -41.514732 -11.279248 2.200063 -9.623265 1.3132 2.449614 -1.000001 1e-06 -0.0 7.819204 -9.962806 -155.688156 -1.292101 -0.014426 148.306122 -56.975098 11.732882 -6.219482 -12.083391 0.57728 1.559068 -1.000001 1e-06 -2e-06 
0.0 0.0 0.0 0.0 -0.0 0.0 -16.690203 11.412907 600.787842 3.503188 -73.097992 174.73291 -4.256689 -0.630154 -0.831835 -12.077313 -0.302251 0.133089 15.389441 0.460356 -0.24929 8.945711 -3.978653 1.089327 -2.474195 -0.715766 2.592197 -41.623318 5.113014 -0.089343 4e-06 -2e-06 1e-06 -0.189337 0.057861 -0.079856 0.596446 4.9e-05 0.087447 0.61858 0.133154 -0.233917 -67.461456 -65.545265 82.653717 -17.648699 -53.961601 50.017036 103.984718 7.57964 2.4374 97.995216 39.080166 71.208305 17.636755 -26.32305 52.411682 -19.466877 -14.39573 29.410719 1.8e-05 -8.77494 -0.0 12.625106 -17.055817 6.030801 -0.609783 -1.795675 -3.889365 -4.807164 -11.046978 -2.937871 -4.9e-05 -20.976395 1.3e-05 -5.020119 -25.034136 -4.03194 5e-06 0.0 -3e-06 -10.634634 -5.687053 -3.565612 10.573357 -17.923189 -3.11393 -3.2e-05 -13.821453 4e-06 -0.501845 -31.182253 -4.027124 -10.416321 -57.041306 6.459421 -13.982847 -7.150302 -2.875051 13.772861 -8.401587 -3.218276 0.347658 -34.212227 0.771675 -0.963077 -17.733768 2.621049 -0.0 0.0 0.0 -17.346621 -20.09549 -4.201779 21.757799 -1.638346 3.866469 -1.3e-05 -6.338938 0.0 -1.697662 -22.59227 -6.194139 1e-06 -7e-06 -3e-06 111.261185 -69.923561 87.626175 -14.406116 -58.548882 48.112564 119.223167 8.937036 -2.347062 70.593369 46.805424 88.903572 22.182302 -20.37624 49.933811 -16.70199 -16.743748 28.476881 9e-06 -12.690784 1.5e-05 16.70471 -18.667921 2.451933 -0.105921 -1.513868 -4.275919 -5.039102 -5.612952 -2.95358 -1.1e-05 -11.020713 2e-05 -6.111423 -15.895679 -3.840505 -2e-06 -3e-06 -2e-06 -10.283466 -5.68035 -4.341867 11.028409 -11.302547 -2.372651 -1.384304 -14.238827 -6.320195 -0.625499 -26.92478 -3.827646 -4.170779 -50.239815 -4.697865 -13.708653 -7.363558 -3.720958 18.141354 -14.052926 -3.242708 -2.9e-05 -18.787613 2.5e-05 -0.429739 -8.456234 2.555561 -0.0 0.0 1e-06 -15.92371 -20.094709 -5.473592 30.419546 -7.190885 1.735933 -1.2e-05 -8.163073 6e-06 -1.861973 -22.861998 -6.168044 0.0 -3e-06 -2e-06 -174.787796 -10.714833 -156.147644 0.192996 -3.10813 141.740326 -41.949566 -11.029419 2.866238 -9.68051 1.324534 2.468409 -1.000004 -1e-06 -0.0 6.864474 -9.643506 -150.566589 -2.542777 -1.165677 141.041046 -57.595974 13.006004 -5.497869 -12.541314 0.584039 1.581093 -1.000003 1e-06 -2e-06 
0.0 0.0 0.0 0.0 -0.0 0.0 -16.873453 11.50167 600.650269 2.943922 -73.029373 175.693787 -4.163158 -0.624377 -0.835591 -12.034144 -0.397652 0.00941 15.260694 0.41635 -0.378371 9.167459 -3.884436 1.006164 -2.452405 -0.676586 2.082083 -41.557419 5.013604 -0.615048 5e-06 -1e-06 0.0 -0.185223 0.050306 -0.059919 0.611551 -0.011883 0.107194 0.623986 0.128901 -0.21282 -66.250565 -65.96553 81.104408 -18.398932 -54.29903 51.085403 104.055504 7.466619 2.358825 98.042114 38.353813 71.483002 17.636356 -26.322416 52.410748 -19.466492 -14.395512 29.410149 -1.8e-05 -8.774718 1.5e-05 12.546762 -17.056194 5.982288 -0.60976 -1.795635 -3.889299 -4.807012 -11.046669 -2.937826 4.8e-05 -20.975729 -1.5e-05 -5.019841 -25.033176 -4.031819 6e-06 -1e-06 -0.0 -10.634415 -5.686901 -3.565558 10.57319 -17.922737 -3.113899 3e-05 -13.821022 0.0 -0.501697 -31.181036 -4.026939 -10.334179 -56.918633 6.345758 -13.982561 -7.150105 -2.875016 13.772596 -8.401408 -3.21824 0.347796 -34.211048 0.771639 -0.962996 -17.733137 2.621011 -0.0 -1e-06 2e-06 -17.346199 -20.094971 -4.201763 21.757317 -1.638381 3.866343 9e-06 -6.33874 4e-06 -1.697515 -22.591423 -6.193925 1e-06 -1e-06 1e-06 111.308556 -70.038559 87.350426 -14.519174 -58.445316 48.23748 118.695137 8.832817 -2.339894 71.582047 47.500248 90.971298 22.181921 -20.375587 49.933033 -16.701843 -16.743435 28.476448 -3.6e-05 -12.690535 1.3e-05 16.862415 -18.658421 2.358959 -0.105913 -1.513858 -4.275862 -5.039001 -5.612839 -2.953555 3.3e-05 -11.020454 -5.1e-05 -6.111188 -15.895261 -3.840526 -1e-06 -3e-06 -3e-06 -10.283311 -5.680257 -4.34182 11.028257 -11.302344 -2.372669 -1.384207 -14.238504 -6.320145 -0.625259 -26.924057 -3.827703 -4.214951 -50.437595 -4.628726 -13.708442 -7.363434 -3.720925 18.141087 -14.052667 -3.24272 7.8e-05 -18.787121 -7.2e-05 -0.429673 -8.45598 2.555468 0.0 -1e-06 -0.0 -15.923415 -20.094358 -5.473598 30.41906 -7.190821 1.735865 2.6e-05 -8.162857 -2.2e-05 -1.861764 -22.861286 -6.167987 0.0 -1e-06 0.0 -175.381012 -10.930293 -151.441498 0.250815 -3.536994 135.228424 -42.271667 -10.18692 3.922112 -9.730833 1.331923 2.488202 -0.999996 1e-06 0.0 5.99695 -9.34908 -146.892059 -3.699254 -2.45573 135.68454 -58.16732 14.10079 -4.944952 -12.844193 0.577049 1.615148 -1.000003 0.0 -0.0 
0.0 0.0 0.0 0.0 -0.0 0.0 -17.123524 11.627192 600.534973 2.384918 -72.963943 176.806473 -4.013209 -0.625441 -0.838327 -11.989392 -0.504823 -0.103281 15.120895 0.336242 -0.486561 9.327584 -3.85183 0.94488 -2.435091 -0.640769 1.505392 -41.542774 4.800995 -1.164937 4e-06 -2e-06 1e-06 -0.184621 0.029193 -0.028981 0.616491 -0.037008 0.13962 0.615955 0.11035 -0.182488 -65.195877 -66.398643 79.667366 -18.693476 -54.600788 51.700157 103.992012 7.235026 2.186692 98.096893 37.72089 71.825386 17.63661 -26.322662 52.411057 -19.466669 -14.395576 29.410355 8e-06 -8.774831 -2e-06 12.509224 -17.079166 5.913898 -0.609773 -1.795656 -3.88932 -4.807099 -11.046829 -2.937846 -1.1e-05 -20.976074 -1e-05 -5.019993 -25.033686 -4.031909 4e-06 -0.0 -1e-06 -10.63453 -5.686983 -3.565578 10.573261 -17.922955 -3.113898 -5e-06 -13.821235 -4e-06 -0.501777 -31.181641 -4.027052 -10.255139 -56.857159 6.207499 -13.982703 -7.150209 -2.87503 13.772719 -8.401495 -3.218242 0.347715 -34.211674 0.771637 -0.963034 -17.733477 2.621017 0.0 -0.0 0.0 -17.346424 -20.09524 -4.201763 21.757565 -1.638356 3.866427 -1e-06 -6.338838 -4e-06 -1.697598 -22.591848 -6.194046 -1e-06 -3e-06 -3e-06 110.945496 -70.175911 87.482574 -14.87699 -58.254616 48.58741 118.268692 8.857964 -2.352426 72.815933 48.119354 93.201187 22.182106 -20.375849 49.933208 -16.701817 -16.743528 28.476501 -8e-06 -12.690616 -0.0 16.994804 -18.63216 2.289354 -0.105919 -1.513853 -4.275874 -5.039042 -5.612869 -2.953553 9e-06 -11.020538 -6e-06 -6.111299 -15.895397 -3.840491 0.0 3e-06 0.0 -10.283364 -5.680284 -4.341826 11.028296 -11.302405 -2.372631 -1.384264 -14.238606 -6.320126 -0.625407 -26.924301 -3.827622 -4.294959 -50.638462 -4.51626 -13.708517 -7.363466 -3.72093 18.141157 -14.052742 -3.242671 2e-05 -18.787304 -1.1e-05 -0.429702 -8.456081 2.555511 0.0 0.0 -0.0 -15.92353 -20.09446 -5.473567 30.41921 -7.190833 1.735927 9e-06 -8.162937 -6e-06 -1.861868 -22.861547 -6.167976 0.0 -3e-06 -1e-06 -176.023453 -11.167495 -145.742279 0.493382 -3.892788 127.298141 -42.345833 -8.763616 5.362234 -9.806155 1.336413 2.503645 -0.999997 0.0 0.0 5.298691 -9.123526 -144.496292 -4.660134 -3.671795 131.954132 -58.610229 15.236948 -4.483578 -13.109357 0.555461 1.653974 -1.000004 1e-06 -0.0 
0.0 0.0 0.0 0.0 -0.0 0.0 -17.418571 11.782598 600.521851 2.014166 -72.950523 177.717041 -3.838938 -0.685796 -0.83289 -11.912657 -0.604821 -0.187869 15.029832 0.213896 -0.563585 9.420974 -3.82337 0.904799 -2.437916 -0.647623 0.984749 -41.588905 4.48552 -1.685557 5e-06 -0.0 -1e-06 -0.187545 -1.1e-05 0.006137 0.604315 -0.065645 0.173218 0.594272 0.079883 -0.147081 -64.310333 -66.744026 78.506195 -18.540798 -54.979801 51.934921 103.764862 7.124238 2.041517 98.154701 37.336796 71.90004 17.636671 -26.32259 52.410954 -19.466522 -14.395498 29.410204 -1.5e-05 -8.774774 -2.2e-05 12.535765 -17.123281 5.863294 -0.609772 -1.795642 -3.889309 -4.807045 -11.046716 -2.937848 5.4e-05 -20.975861 5e-06 -5.019869 -25.033363 -4.031858 6e-06 -0.0 1e-06 -10.63448 -5.686918 -3.565591 10.573238 -17.922832 -3.113863 3.1e-05 -13.821115 2e-05 -0.501726 -31.181295 -4.026941 -10.205204 -56.957092 6.147059 -13.982646 -7.150134 -2.875057 13.772666 -8.401457 -3.2182 0.347803 -34.211285 0.771684 -0.963007 -17.733267 2.621068 -2e-06 0.0 1e-06 -17.346304 -20.095055 -4.201812 21.757441 -1.638416 3.866441 1.6e-05 -6.338781 6e-06 -1.697531 -22.591589 -6.193971 0.0 -6e-06 -2e-06 110.501053 -70.349335 87.622963 -15.551663 -58.124233 49.1353 117.96077 8.819102 -2.263789 74.227997 48.813992 95.63588 22.182035 -20.375631 49.933094 -16.701708 -16.743366 28.476355 -2e-06 -12.690503 -1.7e-05 17.029398 -18.612036 2.251975 -0.105924 -1.513853 -4.275859 -5.039015 -5.61284 -2.953555 1e-05 -11.020447 -2.9e-05 -6.111228 -15.895256 -3.840512 -1e-06 -1e-06 0.0 -10.283323 -5.680267 -4.341832 11.028217 -11.302318 -2.372623 -1.384251 -14.238483 -6.320128 -0.625358 -26.924009 -3.827667 -4.305069 -50.738918 -4.482008 -13.708458 -7.363446 -3.720943 18.141024 -14.052629 -3.242653 3.3e-05 -18.787121 -4.5e-05 -0.429694 -8.455983 2.555481 0.0 -0.0 0.0 -15.923454 -20.094379 -5.473606 30.41901 -7.190776 1.735952 1.1e-05 -8.162855 -1.1e-05 -1.861827 -22.86128 -6.167969 0.0 -2e-06 -0.0 -176.624771 -11.362483 -140.05188 0.762007 -4.320773 119.371475 -42.181904 -7.174059 6.835334 -9.723963 1.34509 2.53451 -0.999995 -0.0 0.0 4.796247 -9.075426 -142.959518 -5.202818 -4.649066 129.360153 -58.990009 16.61133 -3.87903 -13.7623 0.540262 1.657281 -0.999997 -0.0 1e-06 
0.0 0.0 0.0 0.0 -0.0 0.0 -17.756411 11.927342 600.552551 1.707165 -72.969368 178.414352 -3.646749 -0.790069 -0.816394 -11.811732 -0.667291 -0.194245 14.957756 0.075751 -0.60006 9.379418 -3.732018 0.856602 -2.458507 -0.706886 0.55401 -41.726151 4.11501 -2.103071 6e-06 1e-06 1e-06 -0.183269 -0.022894 0.036334 0.592651 -0.078048 0.201168 0.579011 0.04514 -0.116597 -63.648964 -66.98423 77.744339 -18.150896 -55.375431 51.852032 103.49263 7.067214 1.944337 98.174202 37.231346 71.635254 17.636839 -26.322973 52.411633 -19.466791 -14.395684 29.410631 -2e-06 -8.77491 -1.9e-05 12.572177 -17.161772 5.851033 -0.609782 -1.79566 -3.88935 -4.80713 -11.046878 -2.937879 2.3e-05 -20.9762 8e-06 -5.02 -25.033852 -4.031947 5e-06 -0.0 -3e-06 -10.634612 -5.686996 -3.565624 10.573371 -17.923071 -3.113908 1.3e-05 -13.821331 1.6e-05 -0.501761 -31.181908 -4.027051 -10.210464 -57.093716 6.177103 -13.982806 -7.150228 -2.875081 13.772839 -8.401555 -3.218247 0.347755 -34.211884 0.771696 -0.96304 -17.733591 2.621093 -1e-06 -0.0 -2e-06 -17.346539 -20.095314 -4.201834 21.757736 -1.638412 3.86649 7e-06 -6.338885 5e-06 -1.697587 -22.592035 -6.194099 -2e-06 -4e-06 2e-06 110.13282 -70.499229 87.700287 -16.626085 -58.031494 50.023033 117.80201 8.743114 -2.081026 75.57589 49.55167 97.841171 22.182322 -20.375946 49.933594 -16.701925 -16.74361 28.476702 8e-06 -12.690723 -2.3e-05 16.99778 -18.62676 2.245245 -0.105928 -1.513866 -4.275901 -5.039086 -5.612911 -2.953584 5e-06 -11.020607 -1.5e-05 -6.111369 -15.895509 -3.840559 -0.0 -3e-06 2e-06 -10.283445 -5.680328 -4.341868 11.028376 -11.302463 -2.372643 -1.384287 -14.2387 -6.320203 -0.625406 -26.924492 -3.8277 -4.283611 -50.739525 -4.521634 -13.70862 -7.363524 -3.72097 18.141281 -14.052812 -3.242686 1.7e-05 -18.787407 -2.1e-05 -0.429708 -8.456122 2.555533 1e-06 -0.0 0.0 -15.923656 -20.094597 -5.473637 30.419436 -7.190873 1.73598 8e-06 -8.162983 -5e-06 -1.861894 -22.861706 -6.168055 -0.0 -2e-06 0.0 -177.175842 -11.554765 -135.102631 0.965433 -4.837522 112.549171 -42.041733 -5.719226 8.030674 -9.556574 1.373585 2.553804 -1.000001 2e-06 0.0 4.486338 -9.145244 -141.844772 -5.308361 -5.332495 127.41333 -59.211376 18.105881 -3.191771 -14.107514 0.520279 1.643742 -1.000002 1e-06 -0.0 
0.0 0.0 0.0 0.0 -0.0 0.0 -18.100176 12.071133 600.572021 1.561941 -73.030968 178.736801 -3.39078 -0.919528 -0.789175 -11.696335 -0.706043 -0.113736 14.864136 -0.046226 -0.609646 9.182173 -3.57151 0.808357 -2.483454 -0.766083 0.192429 -41.922901 3.735067 -2.3607 7e-06 0.0 -0.0 -0.172986 -0.030094 0.047341 0.601662 -0.071493 0.211191 0.594819 0.021773 -0.105828 -63.128494 -67.092728 77.276756 -17.785711 -55.760536 51.689419 103.303734 7.03141 2.046273 98.152527 37.3843 71.233398 17.636602 -26.322748 52.410965 -19.466537 -14.395604 29.410252 2.6e-05 -8.774822 -1e-06 12.647885 -17.206018 5.872171 -0.609773 -1.79565 -3.889312 -4.807115 -11.046821 -2.937809 -7.2e-05 -20.976044 5.7e-05 -5.020098 -25.033651 -4.03183 6e-06 0.0 -1e-06 -10.634532 -5.686979 -3.565557 10.573215 -17.92293 -3.113848 -4.9e-05 -13.821235 3.1e-05 -0.501937 -31.181654 -4.026967 -10.217484 -57.250927 6.282392 -13.982711 -7.150208 -2.875005 13.772704 -8.401458 -3.218219 0.347575 -34.211636 0.771749 -0.963099 -17.733461 2.621027 -0.0 1e-06 -3e-06 -17.346455 -20.095222 -4.201697 21.757555 -1.638323 3.86642 -1.7e-05 -6.338837 1.4e-05 -1.697688 -22.591848 -6.193969 -1e-06 -5e-06 -1e-06 109.955109 -70.650452 87.602203 -18.01206 -57.993614 51.320286 117.701935 8.801894 -1.896386 76.750488 50.184292 99.541603 22.182234 -20.376013 49.933311 -16.701782 -16.743509 28.476501 1.3e-05 -12.690626 -2e-05 16.926214 -18.643021 2.285463 -0.105927 -1.513857 -4.275878 -5.039054 -5.612895 -2.953555 -5e-06 -11.020602 2.2e-05 -6.111344 -15.895494 -3.840464 -0.0 1e-06 -2e-06 -10.283389 -5.680301 -4.34184 11.028296 -11.302459 -2.372599 -1.384296 -14.238677 -6.320124 -0.625502 -26.92448 -3.827582 -4.232771 -50.664757 -4.585029 -13.708542 -7.363498 -3.720941 18.141161 -14.052804 -3.242631 -1.4e-05 -18.787424 2.3e-05 -0.429722 -8.456141 2.555534 1e-06 -1e-06 1e-06 -15.923572 -20.094536 -5.473564 30.419231 -7.190851 1.735983 -1e-06 -8.16299 4e-06 -1.861919 -22.861731 -6.167981 0.0 -4e-06 -0.0 -177.689224 -11.712111 -130.987564 1.044921 -5.451099 107.056297 -42.003311 -4.60506 8.771536 -9.362896 1.395409 2.584558 -0.999996 -0.0 0.0 4.237415 -9.290812 -140.644745 -5.108708 -5.798321 125.623543 -59.229046 19.258965 -2.504397 -14.409578 0.511661 1.609953 -1.000004 -0.0 0.0 
0.0 0.0 0.0 0.0 -0.0 0.0 -18.434267 12.178975 600.541687 1.343361 -73.113823 178.913269 -3.139595 -1.034374 -0.750353 -11.585007 -0.729409 0.041534 14.713578 -0.120298 -0.584416 8.870005 -3.433081 0.7774 -2.49304 -0.8051 -0.151126 -42.175816 3.429717 -2.51925 4e-06 0.0 -0.0 -0.157448 -0.028812 0.046896 0.624276 -0.055698 0.209754 0.631991 0.00472 -0.105072 -62.774303 -67.093651 77.054482 -17.495247 -56.031635 51.446289 103.247429 6.862988 2.38927 98.146561 37.67947 71.116669 17.636633 -26.322662 52.411037 -19.466608 -14.395555 29.410295 -6e-06 -8.774802 -9e-06 12.728915 -17.270672 5.914894 -0.609776 -1.795648 -3.889317 -4.807075 -11.046783 -2.937844 1.7e-05 -20.975988 7e-06 -5.019944 -25.033558 -4.031874 5e-06 -1e-06 -1e-06 -10.634509 -5.686949 -3.565583 10.573263 -17.922916 -3.113886 1.5e-05 -13.821185 7e-06 -0.501745 -31.181505 -4.026999 -10.16078 -57.327747 6.33148 -13.982681 -7.150171 -2.87504 13.772708 -8.401479 -3.218225 0.347765 -34.211514 0.771666 -0.963018 -17.733385 2.621049 0.0 -0.0 -1e-06 -17.346367 -20.09515 -4.201778 21.757507 -1.638391 3.86643 8e-06 -6.338813 1e-06 -1.697557 -22.591732 -6.194005 -3e-06 -5e-06 0.0 109.955536 -70.784111 87.345596 -19.362942 -57.967709 52.788113 117.578499 9.091128 -1.698008 77.41713 50.619934 100.155556 22.181971 -20.375685 49.933029 -16.701719 -16.743416 28.476362 -1.1e-05 -12.690502 8e-06 16.838961 -18.653805 2.305666 -0.105918 -1.51385 -4.275859 -5.039006 -5.612837 -2.953542 1.2e-05 -11.02045 -1.7e-05 -6.111216 -15.895232 -3.840471 1e-06 -2e-06 -0.0 -10.283313 -5.680255 -4.341818 11.028222 -11.302333 -2.372628 -1.384241 -14.238482 -6.320099 -0.62537 -26.924011 -3.827618 -4.159147 -50.460556 -4.664314 -13.708449 -7.363436 -3.720923 18.141027 -14.052642 -3.242664 2.6e-05 -18.787125 -2.5e-05 -0.429697 -8.455986 2.555482 -0.0 -3e-06 1e-06 -15.923437 -20.094362 -5.473572 30.419006 -7.19078 1.735906 8e-06 -8.162872 -6e-06 -1.861841 -22.861301 -6.167926 -0.0 -3e-06 0.0 -178.142319 -11.891358 -127.857071 1.08735 -6.182987 103.054398 -42.253689 -3.720831 9.326743 -9.203609 1.407341 2.607514 -0.999997 -1e-06 -0.0 3.952336 -9.444365 -138.879898 -4.872711 -6.349975 123.390091 -59.031666 20.069738 -1.896628 -14.39225 0.503814 1.58406 -1.000001 0.0 1e-06 
0.0 0.0 0.0 0.0 -0.0 0.0 -18.729826 12.260884 600.513916 0.977544 -73.173508 179.084473 -2.929806 -1.083814 -0.719175 -11.505662 -0.724839 0.243507 14.542009 -0.144389 -0.525833 8.48737 -3.339859 0.758249 -2.492575 -0.827328 -0.488977 -42.482983 3.281292 -2.636979 3e-06 -1e-06 -0.0 -0.151283 -0.029797 0.046973 0.63633 -0.04528 0.212741 0.66167 -0.012195 -0.106365 -62.783318 -67.037071 77.203491 -17.246649 -56.114052 51.117165 103.229271 6.558707 2.845075 98.450729 37.981586 71.52607 17.636419 -26.322489 52.410889 -19.466585 -14.395515 29.410263 -1e-06 -8.774757 1e-05 12.835911 -17.359873 5.939484 -0.60977 -1.795647 -3.889312 -4.807053 -11.046756 -2.937843 8e-06 -20.975901 -3.3e-05 -5.019904 -25.033459 -4.03189 6e-06 -1e-06 -0.0 -10.634459 -5.686949 -3.565564 10.573194 -17.922852 -3.113913 7e-06 -13.821139 -1.9e-05 -0.50172 -31.181381 -4.027049 -10.035351 -57.319283 6.250599 -13.982615 -7.15017 -2.875025 13.772629 -8.401447 -3.218247 0.347754 -34.211361 0.771591 -0.96301 -17.733311 2.620983 -2e-06 -0.0 -3e-06 -17.346294 -20.095127 -4.201762 21.757406 -1.638354 3.866374 1e-06 -6.33879 -9e-06 -1.697552 -22.591654 -6.194016 -2e-06 -4e-06 1e-06 110.091385 -70.879051 86.986664 -20.321444 -57.933571 54.049713 117.419189 9.528706 -1.533232 77.659332 50.874611 100.018173 22.18191 -20.375767 49.933102 -16.701761 -16.743498 28.476448 -5e-06 -12.690547 2.4e-05 16.748743 -18.677048 2.305241 -0.105913 -1.513852 -4.275867 -5.039015 -5.612852 -2.953539 5e-06 -11.020479 -1.2e-05 -6.111259 -15.895297 -3.840464 -1e-06 0.0 3e-06 -10.283316 -5.680265 -4.341812 11.028245 -11.302343 -2.372645 -1.384251 -14.238525 -6.320104 -0.625401 -26.924093 -3.827624 -4.094589 -50.173279 -4.793455 -13.708456 -7.363447 -3.720909 18.141075 -14.052662 -3.24269 7e-06 -18.787189 -1.6e-05 -0.429709 -8.456022 2.55549 -0.0 -1e-06 0.0 -15.923452 -20.094389 -5.47355 30.419092 -7.19077 1.73587 -0.0 -8.162889 -5e-06 -1.861882 -22.861399 -6.167938 0.0 -3e-06 -0.0 -178.599716 -12.162566 -125.815323 1.049837 -6.976291 100.74749 -42.944126 -2.972569 9.801113 -9.225586 1.405299 2.591147 -0.999998 -1e-06 -0.0 3.660903 -9.569642 -136.779205 -4.637977 -7.003102 120.966843 -58.791481 20.674627 -1.470859 -14.185607 0.4911 1.58067 -1.000003 0.0 -0.0 
0.0 0.0 0.0 0.0 -0.0 0.0 -18.926674 12.320256 600.598328 0.70345 -73.185677 179.123077 -2.767297 -1.025348 -0.697705 -11.453472 -0.691364 0.425532 14.387158 -0.16144 -0.435694 8.158144 -3.289508 0.745746 -2.48823 -0.848401 -0.770532 -42.728039 3.301244 -2.765102 2e-06 -3e-06 -0.0 -0.158633 -0.025131 0.042331 0.61606 -0.032226 0.210061 0.652217 -0.019055 -0.109994 -63.139122 -66.958023 77.623901 -16.87299 -56.142693 50.81398 103.146118 6.371006 3.223048 98.974281 38.16539 72.322746 17.636564 -26.322741 52.411243 -19.466734 -14.395638 29.410477 3e-06 -8.77485 1.1e-05 13.005863 -17.469547 5.899528 -0.609778 -1.795661 -3.889333 -4.8071 -11.046844 -2.937854 3e-06 -20.976103 -2.1e-05 -5.019979 -25.033726 -4.03191 8e-06 -1e-06 -3e-06 -10.634543 -5.686989 -3.565585 10.573292 -17.922995 -3.113931 3e-06 -13.821266 -1.2e-05 -0.50175 -31.181736 -4.02707 -9.888725 -57.300194 6.033658 -13.982728 -7.150222 -2.875031 13.772757 -8.401512 -3.218271 0.347738 -34.211727 0.771628 -0.963026 -17.7335 2.621019 -2e-06 1e-06 -3e-06 -17.346443 -20.09527 -4.20177 21.757603 -1.638364 3.866409 0.0 -6.338848 -6e-06 -1.69758 -22.591887 -6.19407 -1e-06 -4e-06 0.0 110.466278 -70.972031 86.410698 -20.749769 -57.927963 54.8209 117.288925 9.959779 -1.438083 77.801926 51.083858 99.822433 22.1821 -20.376083 49.933342 -16.701807 -16.743605 28.476576 -3e-06 -12.690618 3.1e-05 16.655983 -18.718801 2.303505 -0.105916 -1.513852 -4.275887 -5.039041 -5.612887 -2.953544 -0.0 -11.020586 3.2e-05 -6.111322 -15.895433 -3.840415 3e-06 -2e-06 1e-06 -10.283373 -5.680292 -4.341828 11.0283 -11.302442 -2.372624 -1.384274 -14.238642 -6.320092 -0.625506 -26.924377 -3.827526 -4.117843 -49.91803 -4.936338 -13.708528 -7.36348 -3.720922 18.141161 -14.052782 -3.242669 -2.8e-05 -18.787388 5e-05 -0.429737 -8.45612 2.555534 0.0 -0.0 -0.0 -15.923548 -20.094517 -5.473537 30.419235 -7.190823 1.735892 -1.2e-05 -8.162983 1.4e-05 -1.861961 -22.861677 -6.167899 -0.0 -3e-06 -1e-06 -179.004944 -12.521061 -124.891113 0.852289 -7.754433 100.096924 -44.013294 -2.507254 10.198729 -9.38085 1.392833 2.547128 -1.000003 1e-06 -1e-06 3.444159 -9.669703 -134.613846 -4.207886 -7.646296 118.574982 -58.764053 20.888628 -1.249712 -14.653874 0.497449 1.583099 -1.000007 -0.0 -1e-06 
0.0 0.0 0.0 0.0 -0.0 0.0 -18.996529 12.353831 600.806641 0.893279 -73.15493 178.76091 -2.579874 -0.871415 -0.650257 -11.387066 -0.653329 0.519581 14.205617 -0.212075 -0.311354 7.820812 -3.119606 0.796979 -2.438329 -0.879596 -1.008659 -42.713055 3.33437 -2.818466 6e-06 0.0 0.0 -0.171574 0.034491 0.00263 0.582296 0.048669 0.169481 0.618702 0.018419 -0.142086 -63.676613 -66.887703 77.926483 -16.533012 -56.204643 50.704365 103.008728 6.421224 3.309031 99.374153 38.21875 73.068123 17.63695 -26.32292 52.411301 -19.466692 -14.395641 29.410389 -2.2e-05 -8.774888 -3.7e-05 13.177982 -17.635666 5.814216 -0.609783 -1.795653 -3.889333 -4.807087 -11.046807 -2.937854 7e-05 -20.976084 4.9e-05 -5.019953 -25.033636 -4.031849 6e-06 -0.0 -3e-06 -10.634583 -5.686947 -3.565611 10.573378 -17.923019 -3.113858 4.2e-05 -13.82126 4.7e-05 -0.501758 -31.181684 -4.026909 -9.768196 -57.342636 5.741511 -13.982772 -7.150171 -2.875074 13.772824 -8.401552 -3.218206 0.347826 -34.211708 0.771763 -0.963015 -17.733496 2.621146 -0.0 2e-06 -3e-06 -17.346466 -20.095188 -4.201821 21.757671 -1.638467 3.866493 2.6e-05 -6.33885 1.9e-05 -1.697551 -22.591854 -6.19398 1e-06 -4e-06 -3e-06 110.87751 -71.099281 85.723686 -20.767895 -57.844181 55.103775 117.27272 10.393544 -1.456302 77.62001 51.279942 99.560791 22.182293 -20.37579 49.933475 -16.701836 -16.743507 28.476562 9e-06 -12.690647 -3.7e-05 16.511654 -18.866886 2.31023 -0.105931 -1.513863 -4.275886 -5.039075 -5.612882 -2.953581 5e-06 -11.020526 -3.1e-05 -6.111309 -15.89538 -3.840568 1e-06 -0.0 1e-06 -10.283423 -5.680309 -4.341865 11.028322 -11.302394 -2.372635 -1.384279 -14.238591 -6.320187 -0.625364 -26.924236 -3.82771 -4.267441 -49.689266 -5.072861 -13.708595 -7.363504 -3.720973 18.141195 -14.05273 -3.242658 2.7e-05 -18.787271 -4e-05 -0.429695 -8.456055 2.555512 1e-06 -2e-06 -0.0 -15.923621 -20.094526 -5.473649 30.4193 -7.190835 1.736012 1.3e-05 -8.162921 -7e-06 -1.861859 -22.861488 -6.168031 -0.0 -3e-06 -1e-06 -179.208923 -12.966187 -125.043419 0.629069 -8.470253 101.060097 -45.123787 -2.488042 10.436101 -9.524587 1.393066 2.496757 -0.999996 -0.0 1e-06 3.283452 -9.78267 -132.502899 -3.653911 -8.313531 116.232964 -58.766769 20.809404 -1.167207 -16.009209 0.533244 1.573544 -0.999999 -0.0 -0.0 
