HIERARCHY
ROOT Root
{
  OFFSET 0.0 0.0 0.0
  CHANNELS 6 Xposition Yposition Zposition Zrotation Yrotation Xrotation
  JOINT Hips
  {
    OFFSET 0.0 100.0 0.0
    CHANNELS 6 Xposition Yposition Zposition Zrotation Yrotation Xrotation
    JOINT Spine1
    {
      OFFSET -0.013727 5.003763 -0.053727
      CHANNELS 3 Zrotation Yrotation Xrotation
      JOINT Spine2
      {
        OFFSET -0.0 7.125301 -0.029825
        CHANNELS 3 Zrotation Yrotation Xrotation
        JOINT Chest
        {
          OFFSET -1e-06 7.550063 -0.815971
          CHANNELS 3 Zrotation Yrotation Xrotation
          JOINT Neck1
          {
            OFFSET -0.181677 26.311295 -0.553348
            CHANNELS 3 Zrotation Yrotation Xrotation
            JOINT Neck2
            {
              OFFSET -3e-06 7.709397 2.302585
              CHANNELS 3 Zrotation Yrotation Xrotation
              JOINT Head
              {
                OFFSET -5e-06 6.128916 1.953709
                CHANNELS 3 Zrotation Yrotation Xrotation
                JOINT HeadEnd
                {
                  OFFSET 0.003598 16.065403 -1.835379
                  CHANNELS 3 Zrotation Yrotation Xrotation
                }
                JOINT Jaw
                {
                  OFFSET 0.002637 0.475592 3.094941
                  CHANNELS 3 Zrotation Yrotation Xrotation
                }
                JOINT LeftEye
                {
                  OFFSET 3.206381 5.380205 7.586883
                  CHANNELS 3 Zrotation Yrotation Xrotation
                }
                JOINT RightEye
                {
                  OFFSET -3.22244 5.361869 7.558234
                  CHANNELS 3 Zrotation Yrotation Xrotation
                }
              }
            }
          }
          JOINT LeftShoulder
          {
            OFFSET 1.621652 23.237164 5.113413
            CHANNELS 3 Zrotation Yrotation Xrotation
            JOINT LeftArm
            {
              OFFSET 14.919846 2e-06 -5.502326
              CHANNELS 3 Zrotation Yrotation Xrotation
              JOINT LeftForeArm
              {
                OFFSET 28.739307 0.0 -0.002588
                CHANNELS 3 Zrotation Yrotation Xrotation
                JOINT LeftHand
                {
                  OFFSET 27.093981 -1e-06 0.002609
                  CHANNELS 3 Zrotation Yrotation Xrotation
                  JOINT LeftHandThumb1
                  {
                    OFFSET 2.276482 -1.392045 3.191413
                    CHANNELS 3 Zrotation Yrotation Xrotation
                    JOINT LeftHandThumb2
                    {
                      OFFSET 4.012836 -1.828127 1.641654
                      CHANNELS 3 Zrotation Yrotation Xrotation
                      JOINT LeftHandThumb3
                      {
                        OFFSET 2.798515 0.0 -3e-06
                        CHANNELS 3 Zrotation Yrotation Xrotation
                        JOINT LeftHandThumbEnd
                        {
                          OFFSET 3.180793 -4e-06 4e-06
                          CHANNELS 3 Zrotation Yrotation Xrotation
                        }
                      }
                    }
                  }
                  JOINT LeftHandIndex1
                  {
                    OFFSET 3.247555 -0.531998 2.296169
                    CHANNELS 3 Zrotation Yrotation Xrotation
                    JOINT LeftHandIndex2
                    {
                      OFFSET 6.364578 0.01206 0.1786
                      CHANNELS 3 Zrotation Yrotation Xrotation
                      JOINT LeftHandIndex3
                      {
                        OFFSET 3.662364 0.0 0.0
                        CHANNELS 3 Zrotation Yrotation Xrotation
                        JOINT LeftHandIndex4
                        {
                          OFFSET 2.329242 4e-06 4e-06
                          CHANNELS 3 Zrotation Yrotation Xrotation
                          JOINT LeftHandIndexEnd
                          {
                            OFFSET 2.759615 -0.180537 -0.113024
                            CHANNELS 3 Zrotation Yrotation Xrotation
                          }
                        }
                      }
                    }
                  }
                  JOINT LeftHandMiddle1
                  {
                    OFFSET 3.163495 0.240981 1.000332
                    CHANNELS 3 Zrotation Yrotation Xrotation
                    JOINT LeftHandMiddle2
                    {
                      OFFSET 6.19078 -0.259278 -1.002548
                      CHANNELS 3 Zrotation Yrotation Xrotation
                      JOINT LeftHandMiddle3
                      {
                        OFFSET 4.35652 -4e-06 -1e-06
                        CHANNELS 3 Zrotation Yrotation Xrotation
                        JOINT LeftHandMiddle4
                        {
                          OFFSET 2.996877 -8e-06 0.0
                          CHANNELS 3 Zrotation Yrotation Xrotation
                          JOINT LeftHandMiddleEnd
                          {
                            OFFSET 2.304287 -0.294569 -0.031741
                            CHANNELS 3 Zrotation Yrotation Xrotation
                          }
                        }
                      }
                    }
                  }
                  JOINT LeftHandRing1
                  {
                    OFFSET 2.882643 -0.053652 -0.322543
                    CHANNELS 3 Zrotation Yrotation Xrotation
                    JOINT LeftHandRing2
                    {
                      OFFSET 5.854541 -0.486202 -1.373841
                      CHANNELS 3 Zrotation Yrotation Xrotation
                      JOINT LeftHandRing3
                      {
                        OFFSET 4.350578 0.0 3e-06
                        CHANNELS 3 Zrotation Yrotation Xrotation
                        JOINT LeftHandRing4
                        {
                          OFFSET 2.651321 7e-06 2e-06
                          CHANNELS 3 Zrotation Yrotation Xrotation
                          JOINT LeftHandRingEnd
                          {
                            OFFSET 1.936105 0.077687 -7.1e-05
                            CHANNELS 3 Zrotation Yrotation Xrotation
                          }
                        }
                      }
                    }
                  }
                  JOINT LeftHandPinky1
                  {
                    OFFSET 2.8655 -0.310005 -1.600378
                    CHANNELS 3 Zrotation Yrotation Xrotation
                    JOINT LeftHandPinky2
                    {
                      OFFSET 5.087849 -1.331141 -1.77123
                      CHANNELS 3 Zrotation Yrotation Xrotation
                      JOINT LeftHandPinky3
                      {
                        OFFSET 3.070974 4e-06 0.0
                        CHANNELS 3 Zrotation Yrotation Xrotation
                        JOINT LeftHandPinky4
                        {
                          OFFSET 1.549672 0.0 1e-06
                          CHANNELS 3 Zrotation Yrotation Xrotation
                          JOINT LeftHandPinkyEnd
                          {
                            OFFSET 1.944893 -0.157802 0.057219
                            CHANNELS 3 Zrotation Yrotation Xrotation
                          }
                        }
                      }
                    }
                  }
                }
              }
            }
          }
          JOINT RightShoulder
          {
            OFFSET -1.380118 23.180309 5.214158
            CHANNELS 3 Zrotation Yrotation Xrotation
            JOINT RightArm
            {
              OFFSET -15.037196 1.2e-05 -5.545604
              CHANNELS 3 Zrotation Yrotation Xrotation
              JOINT RightForeArm
              {
                OFFSET -28.736639 2e-06 -0.002597
                CHANNELS 3 Zrotation Yrotation Xrotation
                JOINT RightHand
                {
                  OFFSET -27.133619 -0.0 0.002613
                  CHANNELS 3 Zrotation Yrotation Xrotation
                  JOINT RightHandThumb1
                  {
                    OFFSET -2.274032 -1.383988 3.163127
                    CHANNELS 3 Zrotation Yrotation Xrotation
                    JOINT RightHandThumb2
                    {
                      OFFSET -4.011429 -1.827466 1.640914
                      CHANNELS 3 Zrotation Yrotation Xrotation
                      JOINT RightHandThumb3
                      {
                        OFFSET -2.794935 -4e-06 -3e-06
                        CHANNELS 3 Zrotation Yrotation Xrotation
                        JOINT RightHandThumbEnd
                        {
                          OFFSET -3.183852 4e-06 1e-06
                          CHANNELS 3 Zrotation Yrotation Xrotation
                        }
                      }
                    }
                  }
                  JOINT RightHandIndex1
                  {
                    OFFSET -3.253266 -0.520057 2.282866
                    CHANNELS 3 Zrotation Yrotation Xrotation
                    JOINT RightHandIndex2
                    {
                      OFFSET -6.341917 0.012471 0.178266
                      CHANNELS 3 Zrotation Yrotation Xrotation
                      JOINT RightHandIndex3
                      {
                        OFFSET -3.654871 -8e-06 -0.0
                        CHANNELS 3 Zrotation Yrotation Xrotation
                        JOINT RightHandIndex4
                        {
                          OFFSET -2.327586 0.0 1e-06
                          CHANNELS 3 Zrotation Yrotation Xrotation
                          JOINT RightHandIndexEnd
                          {
                            OFFSET -2.76179 -0.180656 -0.113078
                            CHANNELS 3 Zrotation Yrotation Xrotation
                          }
                        }
                      }
                    }
                  }
                  JOINT RightHandMiddle1
                  {
                    OFFSET -3.168106 0.246593 1.00103
                    CHANNELS 3 Zrotation Yrotation Xrotation
                    JOINT RightHandMiddle2
                    {
                      OFFSET -6.180828 -0.258836 -1.000895
                      CHANNELS 3 Zrotation Yrotation Xrotation
                      JOINT RightHandMiddle3
                      {
                        OFFSET -4.348901 0.0 -0.0
                        CHANNELS 3 Zrotation Yrotation Xrotation
                        JOINT RightHandMiddle4
                        {
                          OFFSET -3.00024 -4e-06 -2e-06
                          CHANNELS 3 Zrotation Yrotation Xrotation
                          JOINT RightHandMiddleEnd
                          {
                            OFFSET -2.30252 -0.29437 -0.031706
                            CHANNELS 3 Zrotation Yrotation Xrotation
                          }
                        }
                      }
                    }
                  }
                  JOINT RightHandRing1
                  {
                    OFFSET -2.88569 -0.067952 -0.308858
                    CHANNELS 3 Zrotation Yrotation Xrotation
                    JOINT RightHandRing2
                    {
                      OFFSET -5.854198 -0.48613 -1.373731
                      CHANNELS 3 Zrotation Yrotation Xrotation
                      JOINT RightHandRing3
                      {
                        OFFSET -4.33881 -4e-06 -0.0
                        CHANNELS 3 Zrotation Yrotation Xrotation
                        JOINT RightHandRing4
                        {
                          OFFSET -2.654903 -4e-06 4e-06
                          CHANNELS 3 Zrotation Yrotation Xrotation
                          JOINT RightHandRingEnd
                          {
                            OFFSET -1.933568 0.077527 -5.2e-05
                            CHANNELS 3 Zrotation Yrotation Xrotation
                          }
                        }
                      }
                    }
                  }
                  JOINT RightHandPinky1
                  {
                    OFFSET -2.866425 -0.342796 -1.584145
                    CHANNELS 3 Zrotation Yrotation Xrotation
                    JOINT RightHandPinky2
                    {
                      OFFSET -5.091371 -1.332055 -1.772385
                      CHANNELS 3 Zrotation Yrotation Xrotation
                      JOINT RightHandPinky3
                      {
                        OFFSET -3.062664 -4e-06 1e-06
                        CHANNELS 3 Zrotation Yrotation Xrotation
                        JOINT RightHandPinky4
                        {
                          OFFSET -1.546529 4e-06 -2e-06
                          CHANNELS 3 Zrotation Yrotation Xrotation
                          JOINT RightHandPinkyEnd
                          {
                            OFFSET -1.945119 -0.157718 0.057211
                            CHANNELS 3 Zrotation Yrotation Xrotation
                          }
                        }
                      }
                    }
                  }
                }
              }
            }
          }
        }
      }
    }
    JOINT LeftLeg
    {
      OFFSET 10.043214 -8.434526 2.595655
      CHANNELS 3 Zrotation Yrotation Xrotation
      JOINT LeftShin
      {
        OFFSET -1e-06 -43.221752 -0.802913
        CHANNELS 3 Zrotation Yrotation Xrotation
        JOINT LeftFoot
        {
          OFFSET 1e-06 -42.155094 -3.481523
          CHANNELS 3 Zrotation Yrotation Xrotation
          JOINT LeftToeBase
          {
            OFFSET 0.0 -5.059472 13.231529
            CHANNELS 3 Zrotation Yrotation Xrotation
            JOINT LeftToeEnd
            {
              OFFSET -0.009607 -1.647619 6.513017
              CHANNELS 3 Zrotation Yrotation Xrotation
            }
          }
        }
      }
    }
    JOINT RightLeg
    {
      OFFSET -10.047278 -8.29526 2.620317
      CHANNELS 3 Zrotation Yrotation Xrotation
      JOINT RightShin
      {
        OFFSET 1e-06 -43.362206 -0.805556
        CHANNELS 3 Zrotation Yrotation Xrotation
        JOINT RightFoot
        {
          OFFSET 2e-06 -42.117393 -3.478398
          CHANNELS 3 Zrotation Yrotation Xrotation
          JOINT RightToeBase
          {
            OFFSET -0.0 -5.079609 13.284196
            CHANNELS 3 Zrotation Yrotation Xrotation
            JOINT RightToeEnd
            {
              OFFSET 0.009532 -1.634378 6.460591
              CHANNELS 3 Zrotation Yrotation Xrotation
            }
          }
        }
      }
    }
  }
}
MOTION
Frames: 150
Frame Time: 0.03333333333333333
0.0 0.0 0.0 0.0 -0.0 0.0 0.79987 99.922302 -1.706412 0.480698 -0.019839 -2.984661 -0.74516 0.053628 -2.934655 -0.601199 -0.259974 -6.268827 -0.477353 -2.180887 11.424734 0.753295 2.539542 7.478419 -0.440173 -0.132906 -3.683265 -1.447984 -0.646651 -11.086705 7.7e-05 -2.2e-05 6e-06 0.011274 0.06844 0.038767 0.695543 -3.66169 -10.479664 -0.676246 3.809447 -10.50762 -11.5863 -3.672204 16.773941 -67.447945 -11.105055 17.713699 0.013966 -22.126352 -0.170556 8.150231 1.791146 -4.237621 -5.882108 9.861288 0.702589 -10.936875 -0.360575 7.156207 0.0 8.774829 -2e-06 -15.946572 18.317835 6.274268 -1.844034 2.498507 -2.507281 -10.163604 4.678947 4.621108 -20.97603 -4e-06 2e-06 -21.226295 2.451697 -3.594003 1e-06 -7e-06 1e-06 -1.362683 2.240799 -0.746326 -21.334919 0.584909 3.008323 -13.821216 -3e-06 3e-06 -23.887175 -0.249079 -0.839485 -60.464687 2.659779 -1.004623 -0.294026 1.679689 0.833256 -14.218214 0.093214 1.300582 -34.212063 -0.287565 0.967168 -20.033216 0.964536 1.212843 -1e-06 -0.0 -1e-06 -3.440389 0.788233 0.501654 -15.928189 -3.167311 2.999707 -6.338828 -1e-06 1e-06 -18.123453 3.648184 -4.905672 -5e-06 0.0 -2e-06 11.872573 7.933076 15.409503 67.430267 6.478292 18.432417 0.167479 24.630516 0.014024 -1.684069 0.791417 0.703611 2.243541 -5.255038 -3.180159 14.282892 -0.826595 6.952504 -1e-06 -12.690608 -2e-06 15.972625 -17.681669 2.785546 1.665667 -1.955923 -2.878299 4.7278 -4.170588 4.993925 11.020527 3e-06 -1e-06 12.109053 -3.735718 -2.866783 -0.0 -0.0 0.0 1.291986 -1.92855 -1.498089 14.800129 0.567467 3.865608 14.242573 -1.341739 -6.660657 19.631973 0.143925 -0.648244 49.912857 -0.571012 -6.40483 0.353029 -1.511152 -0.031939 20.222794 3.684309 2.316631 18.787271 4e-06 1e-06 10.751626 -0.47987 1.397907 2e-06 1e-06 2e-06 3.273806 0.305947 -0.580111 21.486813 11.830377 2.266136 8.162929 1e-06 0.0 18.399086 -3.798986 -4.940577 4e-06 0.0 -3e-06 0.053051 3.658876 6.373015 -0.002483 -0.123008 2.792289 -2.165102 5.234499 -7.496511 1.650948 -1.96813 -1.985016 0.0 -0.0 2e-06 -3.109796 -7.354125 6.406311 0.014588 0.06409 4.714133 1.026978 2.427732 -6.509271 -1.427095 0.845411 -1.373076 0.0 0.0 -1e-06 
0.0 0.0 0.0 0.0 -0.0 0.0 0.751404 99.954758 -1.430736 0.448116 -0.071532 -2.862631 -0.746404 0.030808 -2.945602 -0.586297 -0.184344 -6.273421 -0.499642 -2.182636 11.382665 0.796878 2.509958 7.575862 -0.44672 -0.131066 -3.663433 -1.407376 -0.644863 -11.031052 7.7e-05 -2.3e-05 6e-06 0.016398 0.076751 0.039688 0.700802 -3.653761 -10.478488 -0.671736 3.817046 -10.510859 -11.645641 -3.600613 16.785324 -67.370178 -11.038947 17.564096 -0.061657 -22.202301 -0.158055 8.209091 1.730918 -4.101601 -5.882103 9.861282 0.702591 -10.936868 -0.360575 7.156204 0.0 8.774821 -3e-06 -15.908399 18.306635 6.307067 -1.844032 2.498503 -2.507276 -10.163597 4.678943 4.621107 -20.976021 -3e-06 6e-06 -21.226282 2.451696 -3.593998 1e-06 -6e-06 -1e-06 -1.362681 2.240798 -0.746323 -21.334906 0.58491 3.008322 -13.82121 -3e-06 2e-06 -23.887165 -0.249077 -0.839484 -60.51025 2.650783 -0.928447 -0.294024 1.679687 0.833256 -14.218205 0.093214 1.300582 -34.212044 -0.287563 0.96717 -20.033211 0.964537 1.212843 -2e-06 -0.0 -2e-06 -3.440388 0.788233 0.501655 -15.928185 -3.167308 2.999707 -6.338825 -2e-06 1e-06 -18.123444 3.648182 -4.905669 -5e-06 -0.0 -2e-06 11.779157 7.926439 15.442181 67.591515 6.332948 18.42308 0.066734 24.839073 -0.019488 -1.588122 0.774958 0.424948 2.243542 -5.255039 -3.180159 14.282896 -0.826595 6.952506 -3e-06 -12.690607 0.0 16.010881 -17.720844 2.754459 1.665667 -1.955921 -2.878299 4.7278 -4.170588 4.993925 11.020531 3e-06 -1e-06 12.109056 -3.735717 -2.866784 0.0 -0.0 -0.0 1.291986 -1.928551 -1.498091 14.800134 0.567468 3.865609 14.242577 -1.341736 -6.66066 19.631973 0.143926 -0.648244 49.909821 -0.532662 -6.416045 0.353029 -1.511151 -0.031939 20.222801 3.684311 2.316629 18.787283 5e-06 -1e-06 10.751631 -0.47987 1.397909 1e-06 0.0 1e-06 3.273808 0.305947 -0.580111 21.486824 11.830377 2.266134 8.16293 2e-06 -2e-06 18.399088 -3.798986 -4.940577 4e-06 -1e-06 -3e-06 0.078819 3.646204 6.312911 -0.007695 -0.135868 2.777305 -2.060926 5.33215 -7.512413 1.64442 -1.949484 -1.960523 -0.0 0.0 2e-06 -3.066644 -7.384552 6.411681 0.007308 0.035233 4.593204 0.99145 2.529792 -6.444757 -1.42256 0.839765 -1.505406 0.0 0.0 -1e-06 
0.0 0.0 0.0 0.0 -0.0 0.0 0.702133 99.989281 -1.206387 0.389887 -0.092031 -2.708282 -0.733719 0.021118 -2.97308 -0.580839 -0.148141 -6.303391 -0.507414 -2.183467 11.382125 0.865212 2.509899 7.752588 -0.460913 -0.111971 -3.646823 -1.346995 -0.646707 -11.028946 7.7e-05 -2.2e-05 6e-06 0.017689 0.068895 0.046795 0.697437 -3.662372 -10.482368 -0.666315 3.809846 -10.51614 -11.748376 -3.492841 16.838972 -67.24678 -11.002408 17.501709 -0.08614 -22.345661 -0.156782 8.244219 1.749013 -4.093512 -5.8821 9.861276 0.702589 -10.936861 -0.360576 7.1562 2e-06 8.774816 -1e-06 -15.888059 18.321346 6.327852 -1.84403 2.498502 -2.507275 -10.16359 4.678939 4.621104 -20.976006 -5e-06 3e-06 -21.226269 2.451691 -3.593996 -1e-06 -6e-06 0.0 -1.362679 2.240795 -0.746322 -21.334892 0.584907 3.008322 -13.821201 -4e-06 3e-06 -23.887146 -0.249081 -0.839479 -60.529293 2.639116 -0.861607 -0.294024 1.679685 0.833256 -14.218196 0.093214 1.30058 -34.212013 -0.287567 0.96717 -20.033194 0.964535 1.212844 -2e-06 -0.0 -2e-06 -3.440386 0.788233 0.501657 -15.928172 -3.167308 2.999705 -6.338821 -2e-06 1e-06 -18.12343 3.648176 -4.905663 -5e-06 0.0 -3e-06 11.757442 7.914391 15.463359 67.692665 6.175565 18.513475 -0.030851 25.067692 -0.05288 -1.492615 0.804227 0.01386 2.243538 -5.255033 -3.180153 14.282875 -0.826593 6.952499 -3e-06 -12.690593 -1e-06 16.034327 -17.763855 2.753138 1.665664 -1.955919 -2.878298 4.727794 -4.170584 4.993919 11.020514 4e-06 0.0 12.109038 -3.735711 -2.866781 -1e-06 0.0 -0.0 1.291983 -1.928548 -1.498088 14.800112 0.567468 3.865607 14.242556 -1.341735 -6.660653 19.631945 0.143925 -0.648244 49.906647 -0.522978 -6.429576 0.353029 -1.51115 -0.03194 20.222769 3.684306 2.31663 18.787251 4e-06 1e-06 10.751616 -0.479868 1.397906 1e-06 2e-06 2e-06 3.273803 0.305947 -0.58011 21.48679 11.830365 2.266135 8.16292 0.0 1e-06 18.399063 -3.798982 -4.940569 3e-06 -0.0 -3e-06 0.147096 3.698878 6.254228 -0.009999 -0.151149 2.734388 -2.0387 5.351211 -7.555203 1.638114 -1.943349 -1.914578 -0.0 0.0 2e-06 -2.985399 -7.416339 6.425497 0.003878 0.003494 4.388488 0.937244 2.659087 -6.29159 -1.413679 0.827869 -1.597857 0.0 0.0 -1e-06 
0.0 0.0 0.0 0.0 -0.0 0.0 0.644664 99.990829 -1.020941 0.322719 -0.128677 -2.523435 -0.70569 0.022428 -3.015915 -0.573215 -0.12237 -6.32776 -0.512057 -2.206225 11.389525 0.937832 2.52453 7.937871 -0.483349 -0.108854 -3.638835 -1.290196 -0.652877 -10.994547 7.7e-05 -2.2e-05 6e-06 0.01711 0.058246 0.05316 0.690848 -3.673449 -10.487134 -0.66129 3.799726 -10.52166 -11.859848 -3.369427 16.873295 -67.135231 -10.951271 17.53311 -0.079938 -22.529587 -0.160426 8.313849 1.765765 -4.141779 -5.882101 9.86128 0.702589 -10.936866 -0.360576 7.156203 2e-06 8.774822 -2e-06 -15.866258 18.340714 6.331741 -1.844031 2.498503 -2.507278 -10.163594 4.678941 4.621107 -20.976013 -6e-06 5e-06 -21.226274 2.451692 -3.593995 0.0 -6e-06 -1e-06 -1.36268 2.240796 -0.746323 -21.334904 0.584906 3.008322 -13.821207 -5e-06 3e-06 -23.887161 -0.249081 -0.839479 -60.518959 2.615142 -0.832805 -0.294024 1.679687 0.833256 -14.218201 0.093214 1.300581 -34.212029 -0.287567 0.967175 -20.033205 0.964535 1.212846 -2e-06 -0.0 -1e-06 -3.440387 0.788232 0.501656 -15.928179 -3.167311 2.999706 -6.338824 -2e-06 3e-06 -18.12344 3.64818 -4.905666 -5e-06 -0.0 -3e-06 11.73392 7.882988 15.463253 67.752853 6.07364 18.694838 -0.066906 25.219292 -0.061234 -1.418958 0.898285 -0.328957 2.243541 -5.255036 -3.180159 14.282894 -0.826595 6.952504 -3e-06 -12.690606 1e-06 16.047052 -17.79525 2.743476 1.665666 -1.95592 -2.878298 4.727799 -4.170587 4.993923 11.020528 4e-06 -1e-06 12.109053 -3.735714 -2.866788 0.0 -0.0 -0.0 1.291986 -1.92855 -1.498088 14.800131 0.567469 3.86561 14.242571 -1.341735 -6.660657 19.631969 0.143927 -0.648242 49.884155 -0.530839 -6.443613 0.35303 -1.511151 -0.031941 20.222795 3.684309 2.316634 18.787279 3e-06 2e-06 10.751631 -0.479869 1.397905 1e-06 1e-06 0.0 3.273807 0.305947 -0.58011 21.486816 11.830376 2.266133 8.162929 1e-06 -2e-06 18.399084 -3.798985 -4.940573 4e-06 -1e-06 -3e-06 0.242567 3.821851 6.185458 -0.005059 -0.165799 2.664877 -2.054866 5.351492 -7.587578 1.633122 -1.940275 -1.867102 -0.0 0.0 2e-06 -2.891163 -7.490663 6.443693 0.004766 -0.01612 4.14064 0.884507 2.818911 -6.17579 -1.408896 0.825978 -1.655259 0.0 0.0 -1e-06 
0.0 0.0 0.0 0.0 -0.0 0.0 0.591608 99.976463 -0.877764 0.252816 -0.190552 -2.312732 -0.663972 0.02797 -3.053553 -0.565687 -0.10611 -6.346249 -0.501456 -2.230433 11.403447 0.986075 2.539523 8.116798 -0.495747 -0.11086 -3.63608 -1.238279 -0.652479 -10.946652 7.7e-05 -2.2e-05 6e-06 0.01565 0.050716 0.057768 0.685032 -3.6806 -10.491085 -0.658684 3.791805 -10.524045 -11.960915 -3.24212 16.911951 -67.053192 -10.925199 17.599585 -0.06231 -22.694893 -0.163817 8.387001 1.750928 -4.245942 -5.882099 9.861276 0.702589 -10.936861 -0.360577 7.1562 2e-06 8.774816 -2e-06 -15.846705 18.366119 6.340393 -1.844031 2.498502 -2.507275 -10.163591 4.678938 4.621104 -20.976006 -7e-06 5e-06 -21.226271 2.451691 -3.593995 0.0 -6e-06 0.0 -1.36268 2.240796 -0.746322 -21.334896 0.584905 3.008321 -13.821201 -5e-06 2e-06 -23.88715 -0.249083 -0.83948 -60.50946 2.591649 -0.810855 -0.294024 1.679684 0.833255 -14.218197 0.093211 1.300581 -34.212021 -0.287569 0.967177 -20.033195 0.964534 1.212845 -1e-06 -0.0 -2e-06 -3.440386 0.788231 0.501655 -15.928176 -3.167309 2.999705 -6.338822 -3e-06 2e-06 -18.12343 3.648175 -4.905665 -4e-06 0.0 -3e-06 11.693838 7.867583 15.463815 67.808334 6.049713 18.922642 -0.070442 25.248417 -0.062036 -1.39845 1.013003 -0.613259 2.243539 -5.255029 -3.180154 14.282878 -0.826591 6.952494 -5e-06 -12.690592 -0.0 16.03974 -17.808041 2.735394 1.665664 -1.95592 -2.878296 4.727795 -4.170582 4.993919 11.020517 4e-06 -0.0 12.109042 -3.735711 -2.866782 0.0 0.0 1e-06 1.291984 -1.928546 -1.498088 14.800115 0.567469 3.865603 14.242558 -1.341733 -6.660651 19.631952 0.143928 -0.648243 49.860088 -0.542439 -6.441449 0.353029 -1.511149 -0.031941 20.222775 3.68431 2.316629 18.787256 7e-06 -1e-06 10.751619 -0.479866 1.397905 1e-06 0.0 0.0 3.273804 0.305947 -0.58011 21.486797 11.830366 2.266134 8.162921 2e-06 0.0 18.399067 -3.798978 -4.940567 4e-06 0.0 -2e-06 0.339385 3.956313 6.084955 0.00026 -0.177748 2.602565 -2.036365 5.398075 -7.606554 1.62959 -1.945332 -1.822949 0.0 -0.0 2e-06 -2.777861 -7.539828 6.418491 0.006696 -0.025605 3.915022 0.827159 2.962791 -6.108441 -1.407238 0.819828 -1.710628 0.0 0.0 -1e-06 
0.0 0.0 0.0 0.0 -0.0 0.0 0.544035 99.968887 -0.757714 0.190233 -0.24488 -2.076745 -0.61845 0.0251 -3.065952 -0.555155 -0.096652 -6.356081 -0.483511 -2.238034 11.430322 1.00198 2.553862 8.248241 -0.488182 -0.119186 -3.627854 -1.185441 -0.662781 -10.93647 7.7e-05 -2.2e-05 6e-06 0.014751 0.052516 0.063421 0.681601 -3.67914 -10.496137 -0.657215 3.793922 -10.527228 -12.045985 -3.125721 16.943802 -67.000641 -10.928203 17.619421 -0.058879 -22.833183 -0.169519 8.475313 1.710538 -4.381477 -5.882103 9.861282 0.702591 -10.936865 -0.360574 7.156203 -0.0 8.774822 -2e-06 -15.838372 18.388296 6.355705 -1.844032 2.498504 -2.507277 -10.163594 4.678943 4.621106 -20.976009 -2e-06 4e-06 -21.226273 2.451697 -3.593998 0.0 -6e-06 -1e-06 -1.362681 2.240798 -0.746322 -21.334902 0.58491 3.008324 -13.821205 -1e-06 3e-06 -23.887156 -0.249075 -0.839484 -60.510033 2.576657 -0.790351 -0.294025 1.679687 0.833257 -14.218199 0.093214 1.30058 -34.212032 -0.28756 0.967173 -20.033199 0.964538 1.212844 -2e-06 -1e-06 -1e-06 -3.440386 0.788232 0.501657 -15.928179 -3.167309 2.999708 -6.338823 -2e-06 3e-06 -18.12344 3.648183 -4.905668 -4e-06 0.0 -2e-06 11.630807 7.883786 15.456686 67.885895 6.080615 19.17845 -0.081066 25.227072 -0.067286 -1.424999 1.104093 -0.910049 2.243539 -5.255033 -3.180155 14.282876 -0.826593 6.952497 -2e-06 -12.690595 -1e-06 16.014023 -17.809734 2.743213 1.665665 -1.95592 -2.878297 4.727793 -4.170584 4.993917 11.020515 3e-06 -1e-06 12.109037 -3.735712 -2.866783 0.0 0.0 -1e-06 1.291984 -1.928547 -1.498087 14.800114 0.567469 3.865604 14.242558 -1.341735 -6.660655 19.631945 0.143927 -0.648245 49.838444 -0.552911 -6.422872 0.353028 -1.511148 -0.031941 20.222773 3.684308 2.316626 18.787254 6e-06 1e-06 10.751617 -0.479868 1.397906 2e-06 1e-06 2e-06 3.273803 0.305947 -0.58011 21.48679 11.830366 2.266133 8.162917 1e-06 -1e-06 18.399063 -3.79898 -4.940572 4e-06 1e-06 -2e-06 0.424282 4.084067 5.923536 0.002538 -0.184241 2.585854 -2.01236 5.457388 -7.630777 1.627261 -1.94856 -1.782303 0.0 -0.0 2e-06 -2.663411 -7.586729 6.310787 0.006373 -0.023214 3.769954 0.762763 3.096367 -6.079974 -1.406747 0.809314 -1.740158 0.0 0.0 -1e-06 
0.0 0.0 0.0 0.0 -0.0 0.0 0.500401 99.970741 -0.622764 0.131555 -0.289688 -1.81501 -0.567556 0.021044 -3.037928 -0.544136 -0.093291 -6.353155 -0.460266 -2.24217 11.474351 1.008204 2.569422 8.322605 -0.484471 -0.126945 -3.618263 -1.122758 -0.69545 -10.983685 7.7e-05 -2.3e-05 6e-06 0.01463 0.059118 0.068902 0.681616 -3.674793 -10.509046 -0.657558 3.80267 -10.538728 -12.134025 -3.016757 16.973398 -66.957436 -10.977646 17.628155 -0.056601 -22.942175 -0.178264 8.602217 1.694386 -4.537868 -5.882106 9.861284 0.702591 -10.93687 -0.360574 7.156203 0.0 8.774822 0.0 -15.836216 18.392311 6.381768 -1.844033 2.498505 -2.507277 -10.163598 4.678943 4.621106 -20.976021 -2e-06 2e-06 -21.226282 2.451695 -3.593999 1e-06 -6e-06 -0.0 -1.362681 2.240798 -0.746322 -21.334913 0.58491 3.008323 -13.821213 -2e-06 1e-06 -23.887167 -0.249077 -0.839482 -60.524246 2.586714 -0.76601 -0.294025 1.679687 0.833254 -14.218206 0.093215 1.300578 -34.212048 -0.287562 0.967168 -20.033211 0.964536 1.212841 -2e-06 -1e-06 -2e-06 -3.440388 0.788233 0.501656 -15.928185 -3.167308 2.999707 -6.338825 -2e-06 0.0 -18.123444 3.64818 -4.905671 -5e-06 -0.0 -2e-06 11.543187 7.932195 15.449176 67.976402 6.150219 19.412807 -0.09546 25.23464 -0.067672 -1.507536 1.197535 -1.167155 2.243541 -5.255033 -3.180155 14.282883 -0.826593 6.952499 -2e-06 -12.690599 -2e-06 15.980373 -17.802832 2.763746 1.665666 -1.955921 -2.878297 4.727797 -4.170587 4.993921 11.02052 3e-06 -1e-06 12.109047 -3.735714 -2.866785 0.0 0.0 0.0 1.291984 -1.928548 -1.498089 14.800122 0.567467 3.865604 14.242566 -1.341736 -6.660659 19.631962 0.143926 -0.648243 49.836006 -0.535379 -6.395376 0.353029 -1.51115 -0.031939 20.222778 3.684309 2.316627 18.787266 5e-06 -2e-06 10.751624 -0.479867 1.397903 1e-06 0.0 1e-06 3.273805 0.305947 -0.58011 21.486801 11.830371 2.266133 8.162922 1e-06 -1e-06 18.399073 -3.798982 -4.940575 4e-06 -0.0 -1e-06 0.508186 4.238114 5.70322 0.002256 -0.193589 2.601224 -2.000697 5.458503 -7.667196 1.625665 -1.947015 -1.7331 0.0 -0.0 2e-06 -2.549591 -7.679062 6.132951 0.002819 -0.014887 3.689908 0.687156 3.259094 -6.080766 -1.406435 0.798042 -1.729367 0.0 0.0 -1e-06 
0.0 0.0 0.0 0.0 -0.0 0.0 0.459701 99.988846 -0.492518 0.080307 -0.333357 -1.509236 -0.514624 0.017212 -2.976402 -0.534011 -0.095678 -6.338585 -0.428578 -2.254024 11.548615 0.997923 2.589957 8.330031 -0.476341 -0.124943 -3.60897 -1.079469 -0.740377 -11.105125 7.7e-05 -2.2e-05 6e-06 0.014679 0.069215 0.073665 0.683637 -3.665023 -10.518635 -0.659508 3.813246 -10.547234 -12.24165 -2.897138 17.015299 -66.904823 -11.116308 17.601662 -0.067772 -23.015934 -0.182825 8.78746 1.714793 -4.704072 -5.882101 9.861277 0.702588 -10.936861 -0.360575 7.156201 -0.0 8.774817 -3e-06 -15.852591 18.367899 6.400024 -1.844031 2.498503 -2.507276 -10.163592 4.67894 4.621104 -20.976006 -2e-06 5e-06 -21.226269 2.451696 -3.593997 0.0 -6e-06 0.0 -1.36268 2.240797 -0.746323 -21.334896 0.584909 3.00832 -13.821203 -2e-06 4e-06 -23.887154 -0.249077 -0.839479 -60.537895 2.601391 -0.731903 -0.294025 1.679685 0.833256 -14.218197 0.093215 1.300581 -34.212021 -0.287562 0.967172 -20.033197 0.964537 1.212842 -2e-06 -1e-06 -1e-06 -3.440386 0.788233 0.501654 -15.928174 -3.167307 2.999705 -6.338821 -1e-06 3e-06 -18.123428 3.64818 -4.905665 -4e-06 0.0 -2e-06 11.43644 8.001132 15.468712 68.075081 6.289231 19.553904 -0.093223 25.280481 -0.056353 -1.659844 1.348336 -1.431905 2.24354 -5.255032 -3.180154 14.282876 -0.826595 6.952495 -0.0 -12.690595 -1e-06 15.951534 -17.809538 2.776296 1.665665 -1.95592 -2.878297 4.727794 -4.170584 4.993919 11.020515 3e-06 -1e-06 12.109041 -3.735712 -2.866784 0.0 -0.0 1e-06 1.291984 -1.928548 -1.498089 14.800112 0.567468 3.865603 14.242557 -1.341737 -6.660653 19.631947 0.143925 -0.648245 49.860291 -0.504218 -6.39336 0.353028 -1.51115 -0.031941 20.222771 3.684304 2.31663 18.787254 2e-06 0.0 10.75162 -0.479868 1.397904 0.0 0.0 3e-06 3.273803 0.305946 -0.580111 21.48679 11.830363 2.26613 8.162919 0.0 3e-06 18.399065 -3.798984 -4.940569 3e-06 -0.0 -3e-06 0.585804 4.403822 5.411743 -0.000918 -0.207293 2.622333 -1.991219 5.401695 -7.682812 1.626076 -1.943978 -1.690101 -0.0 0.0 2e-06 -2.437795 -7.829535 5.878275 -0.00091 -0.002307 3.63672 0.617966 3.47339 -6.061296 -1.407574 0.788157 -1.7035 0.0 0.0 -1e-06 
0.0 0.0 0.0 0.0 -0.0 0.0 0.419839 100.029541 -0.417707 0.032422 -0.35842 -1.105056 -0.452333 0.01119 -2.875324 -0.522363 -0.121829 -6.304056 -0.388389 -2.248515 11.642072 0.96439 2.626578 8.267549 -0.451323 -0.134135 -3.601046 -1.054989 -0.773501 -11.329639 7.7e-05 -2.2e-05 6e-06 0.013995 0.075271 0.075985 0.684328 -3.656123 -10.51693 -0.661434 3.816923 -10.543174 -12.336598 -2.797309 17.114685 -66.870193 -11.373866 17.503466 -0.078944 -23.125336 -0.185203 9.02999 1.784671 -4.852794 -5.882102 9.861279 0.70259 -10.936864 -0.360575 7.1562 1e-06 8.774819 -1e-06 -15.869741 18.322176 6.400869 -1.844031 2.498503 -2.507275 -10.163594 4.678942 4.621106 -20.976009 -2e-06 5e-06 -21.226273 2.451696 -3.593996 -0.0 -6e-06 0.0 -1.362681 2.240796 -0.746322 -21.3349 0.584909 3.008322 -13.821206 -3e-06 3e-06 -23.887156 -0.249077 -0.839481 -60.53577 2.596859 -0.699712 -0.294025 1.679687 0.833257 -14.2182 0.093214 1.300579 -34.212032 -0.287563 0.967171 -20.033203 0.964536 1.212843 -1e-06 -0.0 -2e-06 -3.440387 0.788234 0.501655 -15.928176 -3.167308 2.999705 -6.338822 -0.0 1e-06 -18.123438 3.648182 -4.905665 -4e-06 0.0 -2e-06 11.272297 8.096016 15.510231 68.226631 6.504436 19.482574 -0.051788 25.391045 -0.035896 -1.835304 1.595603 -1.660778 2.24354 -5.255034 -3.180155 14.282885 -0.826593 6.952498 -3e-06 -12.690599 -1e-06 15.95491 -17.837614 2.768904 1.665665 -1.955921 -2.878296 4.727797 -4.170584 4.993921 11.02052 4e-06 0.0 12.109046 -3.735713 -2.866779 0.0 -0.0 1e-06 1.291984 -1.928548 -1.498087 14.80012 0.567468 3.865604 14.242562 -1.341737 -6.660652 19.631954 0.143925 -0.648244 49.939472 -0.468829 -6.392664 0.353029 -1.511151 -0.031941 20.222784 3.684307 2.31663 18.787268 5e-06 1e-06 10.751622 -0.479869 1.397906 1e-06 0.0 2e-06 3.273805 0.305946 -0.580111 21.486805 11.830371 2.266134 8.162922 1e-06 -1e-06 18.399075 -3.798984 -4.940573 2e-06 0.0 -3e-06 0.65929 4.579461 4.975034 -0.00801 -0.220702 2.654294 -1.982271 5.291458 -7.6947 1.627506 -1.935137 -1.672453 0.0 -0.0 2e-06 -2.310812 -8.000302 5.470163 0.002013 0.00349 3.611615 0.58599 3.698241 -6.012886 -1.410044 0.785974 -1.676646 0.0 0.0 -1e-06 
0.0 0.0 0.0 0.0 -0.0 0.0 0.374663 100.101746 -0.448748 -0.009179 -0.350606 -0.564226 -0.376952 -7e-05 -2.721317 -0.505098 -0.164635 -6.240361 -0.354149 -2.224765 11.768114 0.905615 2.670607 8.116602 -0.403594 -0.151767 -3.59504 -1.031118 -0.757408 -11.666632 7.7e-05 -2.2e-05 6e-06 0.011682 0.069527 0.074235 0.685084 -3.656722 -10.507907 -0.666605 3.806549 -10.530087 -12.331578 -2.747774 17.276226 -66.895485 -11.770137 17.274429 -0.108933 -23.341633 -0.184357 9.306071 1.888191 -4.895416 -5.882103 9.861278 0.702589 -10.936869 -0.360577 7.156201 3e-06 8.774819 0.0 -15.873811 18.281445 6.386553 -1.844031 2.498503 -2.507277 -10.163595 4.67894 4.621105 -20.976021 -7e-06 6e-06 -21.226276 2.451692 -3.593995 -0.0 -6e-06 -1e-06 -1.362681 2.240797 -0.746323 -21.334911 0.584904 3.00832 -13.821211 -6e-06 3e-06 -23.887167 -0.249084 -0.839479 -60.518726 2.576704 -0.677761 -0.294024 1.679687 0.833255 -14.218206 0.093211 1.300579 -34.212048 -0.287573 0.967175 -20.033209 0.964533 1.212847 -0.0 -0.0 -2e-06 -3.440388 0.788234 0.501656 -15.928183 -3.167311 2.999705 -6.338825 -2e-06 3e-06 -18.123442 3.648179 -4.905665 -4e-06 -0.0 -3e-06 11.004678 8.210267 15.579969 68.450005 6.817577 19.246223 -0.019452 25.631361 -0.032403 -1.991898 1.979682 -1.875222 2.24354 -5.255035 -3.180157 14.282888 -0.826593 6.952502 -5e-06 -12.690602 1e-06 15.983786 -17.86784 2.752688 1.665665 -1.95592 -2.8783 4.727798 -4.170586 4.993923 11.020524 5e-06 -0.0 12.109049 -3.735713 -2.866782 0.0 -0.0 0.0 1.291984 -1.928548 -1.498089 14.800125 0.56747 3.865606 14.24257 -1.341733 -6.660654 19.631968 0.143927 -0.648241 50.048313 -0.426887 -6.37034 0.353028 -1.51115 -0.031941 20.222788 3.68431 2.316631 18.78727 5e-06 2e-06 10.751629 -0.479866 1.397906 1e-06 1e-06 2e-06 3.273807 0.305947 -0.58011 21.486809 11.830376 2.266133 8.162926 1e-06 -1e-06 18.39908 -3.798984 -4.940574 3e-06 -0.0 -3e-06 0.709882 4.733281 4.294363 -0.015235 -0.230823 2.7516 -1.978812 5.168828 -7.677082 1.628302 -1.927658 -1.685009 0.0 -0.0 2e-06 -2.167121 -8.196924 4.831544 0.010101 0.004058 3.637744 0.61376 3.889595 -5.964729 -1.413346 0.792092 -1.668089 0.0 0.0 -1e-06 
0.0 0.0 0.0 0.0 -0.0 0.0 0.325727 100.199654 -0.596747 -0.063034 -0.311191 0.133913 -0.270415 -0.013746 -2.473567 -0.482388 -0.210979 -6.131574 -0.328468 -2.196311 11.94673 0.828709 2.745643 7.89581 -0.334309 -0.174715 -3.601624 -1.012001 -0.669683 -12.202497 7.7e-05 -2.2e-05 6e-06 0.00868 0.052874 0.069882 0.68764 -3.668846 -10.5033 -0.674858 3.78566 -10.518685 -12.168202 -2.781404 17.478769 -67.004601 -12.294784 16.869291 -0.15616 -23.734249 -0.176094 9.544857 2.016367 -4.869841 -5.882108 9.861283 0.702591 -10.936877 -0.360576 7.156207 2e-06 8.774824 -1e-06 -15.877709 18.252287 6.357066 -1.844033 2.498504 -2.507277 -10.163603 4.678943 4.621109 -20.976032 -6e-06 5e-06 -21.226295 2.451695 -3.593997 1e-06 -7e-06 -1e-06 -1.362682 2.240798 -0.746323 -21.334923 0.584908 3.008324 -13.82122 -4e-06 4e-06 -23.887178 -0.24908 -0.839481 -60.50948 2.550384 -0.683311 -0.294025 1.679686 0.833257 -14.218214 0.093213 1.300582 -34.212067 -0.287568 0.967172 -20.033226 0.964536 1.212844 -1e-06 -0.0 -1e-06 -3.44039 0.788233 0.501654 -15.928192 -3.167311 2.999708 -6.338829 -2e-06 2e-06 -18.123449 3.648179 -4.905667 -4e-06 0.0 -2e-06 10.572555 8.371469 15.658587 68.786369 7.265048 18.97139 -0.030715 25.969109 -0.046926 -2.166262 2.536924 -2.101501 2.24354 -5.255033 -3.180156 14.282888 -0.826592 6.9525 -5e-06 -12.690598 1e-06 16.032673 -17.892057 2.735273 1.665665 -1.95592 -2.878298 4.727797 -4.170584 4.993921 11.020523 5e-06 0.0 12.109048 -3.735711 -2.866783 -1e-06 -0.0 -1e-06 1.291984 -1.928548 -1.498088 14.800123 0.56747 3.865605 14.242566 -1.341734 -6.660653 19.631954 0.143926 -0.648242 50.169102 -0.383661 -6.318147 0.353029 -1.51115 -0.031938 20.222786 3.684311 2.316629 18.78727 8e-06 2e-06 10.751627 -0.479865 1.397905 0.0 1e-06 2e-06 3.273807 0.305947 -0.58011 21.486809 11.830371 2.266129 8.162926 2e-06 -2e-06 18.399076 -3.798981 -4.940571 4e-06 -0.0 -3e-06 0.756223 4.903275 3.277968 -0.020295 -0.233545 3.006889 -1.987931 5.005598 -7.660355 1.628272 -1.922327 -1.710694 0.0 -0.0 2e-06 -1.9646 -8.404179 3.899717 0.019223 0.000241 3.744657 0.664883 4.02046 -5.91259 -1.416324 0.800725 -1.674793 0.0 0.0 -1e-06 
0.0 0.0 0.0 0.0 -0.0 0.0 0.271501 100.308624 -0.891328 -0.136431 -0.236433 0.967123 -0.133405 -0.022019 -2.080539 -0.458273 -0.259949 -5.975242 -0.311861 -2.170567 12.179061 0.751995 2.853214 7.653243 -0.252524 -0.198875 -3.614526 -0.97123 -0.514013 -12.933073 7.7e-05 -2.2e-05 6e-06 0.006879 0.03005 0.066045 0.690084 -3.691006 -10.507476 -0.680404 3.762378 -10.512582 -11.83869 -2.913294 17.681509 -67.204582 -12.945035 16.403431 -0.178524 -24.234499 -0.169659 9.711231 2.179145 -4.975827 -5.882101 9.861279 0.702591 -10.936861 -0.360574 7.156199 -0.0 8.774818 -2e-06 -15.889428 18.223721 6.314672 -1.84403 2.498502 -2.507272 -10.16359 4.678942 4.621105 -20.976006 -2e-06 5e-06 -21.226269 2.451698 -3.593998 1e-06 -7e-06 -2e-06 -1.36268 2.240796 -0.746322 -21.334892 0.584911 3.008321 -13.821199 -1e-06 2e-06 -23.887146 -0.249076 -0.839485 -60.525539 2.527086 -0.708708 -0.294024 1.679685 0.833255 -14.218195 0.093216 1.30058 -34.212013 -0.28756 0.967167 -20.033194 0.964536 1.212841 -0.0 -0.0 -2e-06 -3.440385 0.788233 0.501654 -15.928168 -3.167306 2.999706 -6.338821 -1e-06 1e-06 -18.123426 3.648182 -4.905665 -5e-06 1e-06 -1e-06 9.967705 8.605373 15.744786 69.22998 7.892441 18.741934 -0.086625 26.299408 -0.07096 -2.334593 3.193167 -2.333803 2.24354 -5.255034 -3.180156 14.282881 -0.826594 6.9525 -2e-06 -12.690597 0.0 16.087202 -17.924068 2.721425 1.665664 -1.95592 -2.878298 4.727795 -4.170584 4.993925 11.020517 4e-06 -2e-06 12.109042 -3.735713 -2.866783 0.0 0.0 -1e-06 1.291985 -1.928549 -1.498088 14.800118 0.567468 3.865608 14.242562 -1.341735 -6.660654 19.631954 0.143926 -0.648244 50.260513 -0.340637 -6.254754 0.353029 -1.51115 -0.031939 20.222776 3.684307 2.31663 18.787262 4e-06 2e-06 10.75162 -0.479869 1.397907 0.0 1e-06 0.0 3.273804 0.305947 -0.58011 21.486799 11.830367 2.266134 8.162922 -0.0 -0.0 18.399071 -3.798983 -4.94057 4e-06 0.0 -3e-06 0.802004 5.07041 1.884791 -0.024083 -0.224343 3.526745 -1.994578 4.814439 -7.678908 1.627946 -1.915376 -1.755497 0.0 -0.0 2e-06 -1.686293 -8.571099 2.679494 0.025491 -0.012954 3.955022 0.717027 4.041761 -5.88279 -1.417686 0.798401 -1.703509 0.0 0.0 -1e-06 
0.0 0.0 0.0 0.0 -0.0 0.0 0.214699 100.422546 -1.322104 -0.214255 -0.108746 1.92742 0.018133 -0.025272 -1.519302 -0.439156 -0.316809 -5.769936 -0.307723 -2.144305 12.469943 0.684757 2.96131 7.478288 -0.149899 -0.176683 -3.638045 -0.890183 -0.333037 -13.816596 7.7e-05 -2.2e-05 6e-06 0.006288 0.015112 0.062261 0.689448 -3.706211 -10.510893 -0.680334 3.747595 -10.505292 -11.37916 -3.143815 17.886211 -67.449585 -13.784808 15.982278 -0.157735 -24.723932 -0.166343 9.792611 2.406065 -5.264774 -5.882101 9.861278 0.702589 -10.936861 -0.360574 7.156203 -0.0 8.774819 -2e-06 -15.914842 18.183987 6.272853 -1.84403 2.498502 -2.507275 -10.16359 4.678942 4.621107 -20.976006 -2e-06 1e-06 -21.226269 2.451695 -3.593997 -1e-06 -6e-06 -1e-06 -1.36268 2.240797 -0.746322 -21.334896 0.584909 3.008322 -13.821202 -3e-06 2e-06 -23.887148 -0.249079 -0.839485 -60.572258 2.512969 -0.728125 -0.294024 1.679686 0.833255 -14.218195 0.093216 1.300581 -34.212013 -0.287562 0.967168 -20.033194 0.964536 1.212842 -0.0 -0.0 -1e-06 -3.440386 0.788233 0.501654 -15.928172 -3.167306 2.999705 -6.338821 -1e-06 1e-06 -18.12343 3.64818 -4.905665 -5e-06 0.0 -4e-06 9.216839 8.898418 15.855947 69.729248 8.749853 18.542015 -0.138414 26.593283 -0.087666 -2.475562 3.808495 -2.446574 2.243539 -5.255033 -3.180156 14.28288 -0.826592 6.952499 -4e-06 -12.690593 0.0 16.124073 -17.949848 2.715415 1.665664 -1.95592 -2.878297 4.727795 -4.170583 4.993921 11.020516 4e-06 1e-06 12.10904 -3.735711 -2.86678 0.0 -0.0 -0.0 1.291984 -1.928548 -1.498089 14.800115 0.567469 3.865606 14.242559 -1.341736 -6.660652 19.631952 0.143925 -0.64824 50.303875 -0.314776 -6.203983 0.353028 -1.511148 -0.031939 20.222775 3.684307 2.316632 18.787256 4e-06 6e-06 10.75162 -0.479868 1.397908 1e-06 0.0 -1e-06 3.273803 0.305948 -0.58011 21.486799 11.830367 2.266135 8.162921 2e-06 2e-06 18.399071 -3.798981 -4.940566 4e-06 1e-06 -3e-06 0.818562 5.190176 0.075771 -0.027803 -0.20824 4.393195 -2.007758 4.57534 -7.725223 1.626538 -1.906746 -1.786414 -0.0 -0.0 2e-06 -1.358746 -8.715284 1.15221 0.029522 -0.032158 4.311359 0.775128 3.980232 -5.865561 -1.417766 0.784799 -1.737593 0.0 0.0 -1e-06 
0.0 0.0 0.0 0.0 -0.0 0.0 0.172917 100.532829 -1.894596 -0.279685 0.081233 3.034899 0.177724 -0.026058 -0.76695 -0.419262 -0.363792 -5.507257 -0.316074 -2.106058 12.846199 0.609363 3.041634 7.406532 -0.037084 -0.107522 -3.669917 -0.795222 -0.142999 -14.839799 7.7e-05 -2.3e-05 6e-06 0.007144 0.014607 0.057968 0.68713 -3.706225 -10.517055 -0.675598 3.746283 -10.502584 -10.85601 -3.472167 18.079208 -67.68293 -14.869723 15.590317 -0.095725 -25.183495 -0.163445 9.862982 2.673362 -5.60865 -5.8821 9.861278 0.702591 -10.936859 -0.360575 7.1562 -0.0 8.774817 -2e-06 -15.974534 18.112059 6.224509 -1.84403 2.498502 -2.507275 -10.163589 4.678941 4.621106 -20.976002 -2e-06 4e-06 -21.226263 2.451697 -3.593996 -1e-06 -7e-06 0.0 -1.36268 2.240796 -0.746323 -21.334892 0.58491 3.008324 -13.8212 -2e-06 4e-06 -23.887146 -0.249075 -0.83948 -60.63739 2.497527 -0.728033 -0.294024 1.679686 0.833255 -14.218193 0.093215 1.30058 -34.212009 -0.28756 0.967171 -20.033192 0.964539 1.212844 -0.0 -1e-06 -1e-06 -3.440384 0.788233 0.501655 -15.928168 -3.167307 2.999705 -6.338819 -1e-06 3e-06 -18.123426 3.64818 -4.905665 -3e-06 0.0 -3e-06 8.322839 9.233686 16.004751 70.253387 9.831138 18.187838 -0.114113 26.956579 -0.087349 -2.597123 4.362718 -2.387886 2.243541 -5.255034 -3.180155 14.282879 -0.826594 6.952491 -2e-06 -12.690597 -2e-06 16.148939 -17.968533 2.716635 1.665665 -1.955921 -2.878296 4.727796 -4.170586 4.993919 11.020518 3e-06 -2e-06 12.109046 -3.735713 -2.866781 -1e-06 -0.0 0.0 1.291985 -1.928547 -1.498088 14.800115 0.567469 3.865601 14.242559 -1.341736 -6.660652 19.631952 0.143926 -0.648244 50.344776 -0.310656 -6.171328 0.353029 -1.511149 -0.031939 20.222773 3.684308 2.316627 18.787256 4e-06 -1e-06 10.751619 -0.479868 1.397903 0.0 0.0 -1e-06 3.273804 0.305947 -0.580111 21.486795 11.830367 2.266128 8.162921 0.0 -1e-06 18.399067 -3.798982 -4.940575 4e-06 0.0 -3e-06 0.774333 5.239373 -2.15858 -0.033471 -0.191032 5.553048 -1.987775 4.313241 -7.788931 1.625821 -1.898193 -1.785385 0.0 -0.0 2e-06 -1.0054 -8.830915 -0.738022 0.030689 -0.061185 4.873806 0.850054 3.84259 -5.861559 -1.418794 0.778467 -1.732702 0.0 0.0 -1e-06 
0.0 0.0 0.0 0.0 -0.0 0.0 0.155982 100.63678 -2.605812 -0.29346 0.319528 4.313105 0.31617 -0.015627 0.134229 -0.395548 -0.399379 -5.195082 -0.345861 -2.062789 13.338013 0.537384 3.074216 7.447066 0.045132 0.007666 -3.716613 -0.677224 0.035405 -15.919928 7.7e-05 -2.3e-05 6e-06 0.006886 0.024143 0.047474 0.681662 -3.692374 -10.52887 -0.670031 3.751176 -10.509859 -10.363775 -3.845334 18.251045 -67.829445 -16.217541 15.082947 -0.02406 -25.668385 -0.164788 10.052647 2.915146 -6.024235 -5.882102 9.861279 0.70259 -10.936866 -0.360576 7.1562 2e-06 8.774821 -1e-06 -16.04738 18.011917 6.164164 -1.844031 2.498502 -2.507275 -10.163595 4.678941 4.621106 -20.976017 -6e-06 4e-06 -21.22628 2.451694 -3.593997 0.0 -7e-06 -1e-06 -1.36268 2.240796 -0.746322 -21.334906 0.584907 3.008321 -13.821208 -5e-06 2e-06 -23.887161 -0.249082 -0.839482 -60.706429 2.483571 -0.724897 -0.294025 1.679687 0.833256 -14.218204 0.093213 1.300579 -34.21204 -0.287568 0.967171 -20.033209 0.964531 1.212843 -1e-06 1e-06 -2e-06 -3.440387 0.788233 0.501655 -15.928181 -3.16731 2.999705 -6.338824 -2e-06 3e-06 -18.12344 3.648177 -4.905668 -2e-06 1e-06 -2e-06 7.367336 9.597957 16.204012 70.694511 11.096376 17.680735 -0.019523 27.531822 -0.079414 -2.680203 4.869586 -2.244518 2.243543 -5.255036 -3.180156 14.28289 -0.826595 6.952502 -1e-06 -12.690601 0.0 16.171169 -18.00391 2.707942 1.665666 -1.955921 -2.8783 4.727798 -4.170587 4.993925 11.020526 2e-06 -1e-06 12.109052 -3.735715 -2.866783 -1e-06 -1e-06 -2e-06 1.291985 -1.928548 -1.498089 14.800129 0.567468 3.865608 14.242573 -1.341736 -6.660655 19.631968 0.143927 -0.648246 50.409706 -0.326211 -6.190156 0.353029 -1.51115 -0.03194 20.222788 3.684309 2.31663 18.78727 3e-06 0.0 10.751626 -0.479868 1.397906 1e-06 -0.0 -0.0 3.273806 0.305947 -0.580111 21.486811 11.830373 2.266132 8.162928 0.0 -2e-06 18.39908 -3.798984 -4.940574 5e-06 0.0 -2e-06 0.621237 5.22787 -4.707832 -0.031008 -0.186832 6.772829 -1.920875 4.037061 -7.796929 1.626023 -1.892699 -1.818022 0.0 -0.0 2e-06 -0.673241 -8.907924 -3.029726 0.029008 -0.106473 5.682966 0.929813 3.641124 -5.864734 -1.421794 0.77561 -1.704509 0.0 0.0 -1e-06 
0.0 0.0 0.0 0.0 -0.0 0.0 0.16904 100.743034 -3.483925 -0.255741 0.570365 5.813348 0.427879 0.026714 1.164856 -0.369744 -0.421833 -4.829303 -0.391453 -2.044105 13.95164 0.473306 3.062905 7.557417 0.085682 0.139459 -3.76827 -0.543251 0.204036 -17.003166 7.7e-05 -2.2e-05 6e-06 0.004621 0.024479 0.030727 0.671779 -3.685311 -10.551098 -0.6642 3.744823 -10.533721 -9.89133 -4.262236 18.423147 -67.939667 -17.857834 14.287251 0.024022 -26.168896 -0.17062 10.429753 3.000627 -6.481947 -5.882102 9.861281 0.702591 -10.936866 -0.360576 7.156204 1e-06 8.774823 -1e-06 -16.094593 17.913246 6.086326 -1.844031 2.498504 -2.507277 -10.163594 4.678943 4.621109 -20.976013 -5e-06 3e-06 -21.226276 2.451695 -3.593999 -1e-06 -7e-06 0.0 -1.362681 2.240797 -0.746323 -21.334904 0.584908 3.008325 -13.821207 -4e-06 3e-06 -23.887157 -0.249078 -0.839479 -60.730045 2.485282 -0.766742 -0.294024 1.679686 0.833256 -14.218201 0.093213 1.300581 -34.212032 -0.287565 0.967175 -20.033201 0.964536 1.212846 -1e-06 0.0 0.0 -3.440387 0.788233 0.501655 -15.928179 -3.167309 2.999708 -6.338824 -2e-06 2e-06 -18.12344 3.64818 -4.905667 -2e-06 0.0 -3e-06 6.380424 9.998267 16.477051 71.00975 12.568233 17.072319 0.087667 28.324911 -0.073773 -2.839501 5.358435 -2.218046 2.243542 -5.255035 -3.180157 14.282893 -0.826594 6.952501 -3e-06 -12.690602 -2e-06 16.24535 -18.061625 2.660278 1.665666 -1.955921 -2.878299 4.727799 -4.170586 4.993924 11.020528 4e-06 1e-06 12.109054 -3.735713 -2.866786 -1e-06 0.0 1e-06 1.291986 -1.928549 -1.498089 14.800129 0.567468 3.865608 14.242573 -1.341735 -6.660658 19.631969 0.143927 -0.648243 50.48267 -0.361696 -6.247761 0.353029 -1.511151 -0.031941 20.222795 3.684311 2.316631 18.787273 4e-06 1e-06 10.751628 -0.479868 1.397906 -1e-06 1e-06 -0.0 3.273807 0.305947 -0.580111 21.486816 11.830376 2.266131 8.16293 3e-06 2e-06 18.399084 -3.798982 -4.940573 4e-06 1e-06 -1e-06 0.355345 5.150779 -7.55625 -0.024292 -0.180517 7.923564 -1.792284 3.823479 -7.693295 1.627384 -1.888017 -1.911594 0.0 -0.0 2e-06 -0.353129 -8.966477 -5.825791 0.023346 -0.15314 6.821006 0.998404 3.356396 -5.868771 -1.425653 0.773217 -1.709762 -0.0 0.0 -1e-06 
0.0 0.0 0.0 0.0 -0.0 0.0 0.217235 100.824036 -4.532499 -0.140841 0.827221 7.551222 0.486482 0.109844 2.318416 -0.358511 -0.43763 -4.410757 -0.460607 -2.049162 14.668873 0.462509 2.9905 7.738116 0.065667 0.29893 -3.819145 -0.375677 0.295918 -18.016346 7.7e-05 -2.3e-05 6e-06 0.001709 0.015205 0.010493 0.659373 -3.686669 -10.574278 -0.657291 3.7284 -10.564233 -9.37787 -4.805222 18.611883 -68.016312 -19.774961 13.305781 0.050425 -26.672586 -0.180095 10.960473 2.954022 -7.059049 -5.882105 9.861281 0.70259 -10.936871 -0.360577 7.156199 1e-06 8.774822 -2e-06 -16.115582 17.839872 6.022737 -1.844032 2.498503 -2.507275 -10.163597 4.678942 4.621106 -20.976021 -5e-06 4e-06 -21.226282 2.451695 -3.593997 -1e-06 -6e-06 0.0 -1.362681 2.240797 -0.746322 -21.334911 0.584906 3.008319 -13.821212 -5e-06 1e-06 -23.887165 -0.249081 -0.83948 -60.742737 2.509098 -0.817219 -0.294024 1.679686 0.833256 -14.218207 0.093213 1.300578 -34.212048 -0.28757 0.967172 -20.033215 0.964532 1.212843 -1e-06 -1e-06 -2e-06 -3.440388 0.788233 0.501654 -15.928185 -3.167311 2.999702 -6.338825 -3e-06 3e-06 -18.123444 3.648177 -4.905667 -2e-06 0.0 -2e-06 5.386304 10.412947 16.782686 71.220467 14.302713 16.542795 0.114157 29.19066 -0.098193 -3.231232 5.725153 -2.201911 2.243541 -5.255034 -3.180157 14.282887 -0.826594 6.952502 -4e-06 -12.690598 1e-06 16.355785 -18.114828 2.593336 1.665665 -1.95592 -2.878298 4.727797 -4.170584 4.99392 11.020522 4e-06 0.0 12.109048 -3.735712 -2.866783 -1e-06 -1e-06 0.0 1.291985 -1.928548 -1.49809 14.800125 0.56747 3.865607 14.242568 -1.341733 -6.660654 19.631962 0.143926 -0.648244 50.517124 -0.409107 -6.323724 0.353028 -1.511151 -0.031941 20.222786 3.68431 2.31663 18.78727 5e-06 3e-06 10.751626 -0.479867 1.397907 1e-06 1e-06 1e-06 3.273806 0.305947 -0.580111 21.486809 11.83037 2.266132 8.162925 0.0 -1e-06 18.399078 -3.798983 -4.940572 3e-06 2e-06 -1e-06 -0.029661 4.994553 -10.722928 -0.017233 -0.160836 9.02696 -1.619407 3.649834 -7.514775 1.628963 -1.893847 -2.0708 -0.0 -0.0 2e-06 -0.074443 -9.032601 -9.186894 0.016267 -0.185964 8.392644 1.043843 2.983352 -5.922479 -1.429058 0.761879 -1.765176 -0.0 -0.0 -1e-06 
0.0 0.0 0.0 0.0 -0.0 0.0 0.29687 100.837181 -5.723932 0.094664 1.067273 9.537782 0.448993 0.206255 3.591271 -0.362415 -0.478556 -3.943039 -0.576586 -2.061173 15.436733 0.538458 2.837403 7.93053 0.011067 0.486054 -3.865413 -0.206792 0.306881 -18.943949 7.7e-05 -2.3e-05 6e-06 -0.000675 0.006292 -0.011511 0.645278 -3.688635 -10.592605 -0.647838 3.713691 -10.590973 -8.832681 -5.524455 18.733526 -67.945671 -21.888498 12.356091 0.078185 -27.114973 -0.192245 11.549376 2.929436 -7.98342 -5.882106 9.861283 0.70259 -10.93687 -0.360574 7.156204 0.0 8.774822 -1e-06 -16.119501 17.774145 5.981772 -1.844032 2.498504 -2.507276 -10.163597 4.678943 4.621108 -20.976019 -2e-06 4e-06 -21.22628 2.451698 -3.593997 -1e-06 -7e-06 -0.0 -1.362681 2.240797 -0.746323 -21.334906 0.584911 3.008324 -13.82121 -2e-06 3e-06 -23.887159 -0.249077 -0.839482 -60.792053 2.511626 -0.830023 -0.294025 1.679688 0.833256 -14.218205 0.093216 1.300582 -34.212048 -0.287563 0.967169 -20.033211 0.964536 1.212844 -1e-06 -1e-06 -1e-06 -3.440388 0.788233 0.501656 -15.928183 -3.167308 2.999708 -6.338826 -1e-06 2e-06 -18.123444 3.648183 -4.905667 -3e-06 -0.0 -3e-06 4.452192 10.803837 16.998892 71.305801 16.299303 16.070791 0.078482 30.025173 -0.136398 -3.799122 5.888989 -2.285927 2.243541 -5.255035 -3.180156 14.282887 -0.826593 6.9525 -4e-06 -12.6906 2e-06 16.474518 -18.165747 2.522186 1.665666 -1.955921 -2.878299 4.727797 -4.170586 4.993924 11.020524 4e-06 -1e-06 12.109049 -3.735713 -2.866786 -0.0 -0.0 1e-06 1.291986 -1.928549 -1.498088 14.800125 0.567468 3.865607 14.242568 -1.341734 -6.660658 19.631968 0.143928 -0.648244 50.494358 -0.442383 -6.404351 0.353029 -1.51115 -0.03194 20.222786 3.68431 2.316627 18.78727 5e-06 1e-06 10.751625 -0.479868 1.397907 0.0 0.0 1e-06 3.273806 0.305948 -0.580109 21.486809 11.83037 2.266132 8.162924 2e-06 -1e-06 18.399076 -3.798982 -4.940571 3e-06 1e-06 0.0 -0.562801 4.806845 -14.243298 -0.009134 -0.123571 10.18914 -1.447957 3.419292 -7.298111 1.630896 -1.903656 -2.272672 -0.0 0.0 2e-06 0.122186 -9.171878 -13.184869 0.005942 -0.200704 10.558276 1.082328 2.598132 -6.152919 -1.432298 0.75452 -1.853631 -0.0 -0.0 -1e-06 
0.0 0.0 0.0 0.0 -0.0 0.0 0.39965 100.732841 -6.978865 0.421701 1.228483 11.752295 0.324627 0.271987 4.964587 -0.377656 -0.549935 -3.428155 -0.733689 -2.074337 16.219339 0.648902 2.61541 8.03554 -0.060094 0.73228 -3.903846 -0.055696 0.264118 -19.834444 7.7e-05 -2.3e-05 6e-06 -0.00372 0.003034 -0.037671 0.634388 -3.686371 -10.614933 -0.643177 3.705845 -10.619843 -8.300311 -6.43419 18.757708 -67.59613 -24.121346 11.338834 0.051763 -27.502054 -0.197612 12.243807 3.107678 -9.012625 -5.882107 9.861283 0.70259 -10.93687 -0.360574 7.156202 0.0 8.774822 -3e-06 -16.120363 17.703192 5.97984 -1.844033 2.498504 -2.507279 -10.163599 4.678944 4.621108 -20.976021 -3e-06 -0.0 -21.226286 2.451696 -3.594002 -1e-06 -6e-06 0.0 -1.362681 2.240798 -0.746324 -21.334911 0.58491 3.008319 -13.821213 -2e-06 -1e-06 -23.887167 -0.249081 -0.839486 -60.932468 2.463544 -0.764072 -0.294025 1.679687 0.833256 -14.218207 0.093216 1.300577 -34.212051 -0.287564 0.967163 -20.033215 0.964533 1.212839 -1e-06 -0.0 -1e-06 -3.440388 0.788234 0.501654 -15.928185 -3.167307 2.999704 -6.338826 -1e-06 0.0 -18.123449 3.648182 -4.905673 -3e-06 -0.0 -3e-06 3.641235 11.187348 17.033268 71.266579 18.51586 15.523615 0.004047 30.786392 -0.185185 -4.505061 5.833235 -2.275636 2.243539 -5.255033 -3.180155 14.282874 -0.826594 6.952495 -3e-06 -12.690593 0.0 16.561035 -18.174414 2.464388 1.665664 -1.95592 -2.878294 4.727794 -4.170584 4.993919 11.020514 3e-06 0.0 12.109038 -3.735712 -2.866785 -0.0 1e-06 -1e-06 1.291984 -1.928548 -1.498088 14.800112 0.567468 3.865602 14.242558 -1.341734 -6.660653 19.631945 0.143928 -0.648244 50.447411 -0.45199 -6.446971 0.353029 -1.511149 -0.031942 20.222769 3.684307 2.31663 18.787254 4e-06 2e-06 10.751618 -0.479868 1.397906 0.0 1e-06 1e-06 3.273803 0.305946 -0.580111 21.48679 11.830364 2.266131 8.162919 1e-06 0.0 18.399065 -3.798982 -4.940569 3e-06 0.0 -1e-06 -1.22267 4.70268 -18.163221 0.000379 -0.085525 11.630888 -1.360025 3.052931 -7.233981 1.629564 -1.914818 -2.487752 -0.0 0.0 2e-06 0.284538 -9.390965 -17.776203 -0.008394 -0.203931 13.320352 1.108224 2.304589 -6.552877 -1.438018 0.755741 -1.96633 -0.0 0.0 -1e-06 
0.0 0.0 0.0 0.0 -0.0 0.0 0.520464 100.498711 -8.241529 0.77815 1.268028 14.19838 0.140952 0.296548 6.396721 -0.407449 -0.615883 -2.836454 -0.896813 -2.127338 16.981842 0.734666 2.391979 7.922097 -0.122764 0.994856 -3.916447 0.05974 0.218136 -20.6588 7.7e-05 -2.3e-05 4e-06 -0.004943 -0.006278 -0.06662 0.631326 -3.692218 -10.647999 -0.642825 3.693293 -10.657774 -7.77573 -7.511843 18.686552 -66.89521 -26.529898 10.090028 -0.039963 -27.733919 -0.188751 13.011837 3.529595 -9.969343 -5.882101 9.861279 0.702593 -10.936861 -0.360574 7.156201 -2e-06 8.774819 -2e-06 -16.149649 17.622644 5.973916 -1.84403 2.498503 -2.507276 -10.163591 4.678944 4.621109 -20.976004 2e-06 8e-06 -21.226259 2.451702 -3.593995 -2e-06 -6e-06 -0.0 -1.36268 2.240797 -0.746322 -21.334892 0.584912 3.008327 -13.821201 1e-06 6e-06 -23.887152 -0.24907 -0.839479 -61.125801 2.381548 -0.68492 -0.294025 1.679687 0.833256 -14.218195 0.093216 1.300584 -34.212013 -0.287554 0.967176 -20.033194 0.964543 1.212843 0.0 0.0 -0.0 -3.440385 0.788233 0.501655 -15.928172 -3.167306 2.99971 -6.338821 -0.0 3e-06 -18.123426 3.648187 -4.905664 -4e-06 -0.0 -2e-06 2.959986 11.613187 16.862713 71.118462 20.96266 14.81082 -0.12516 31.470728 -0.255846 -5.393035 5.623737 -2.264288 2.243541 -5.255035 -3.180157 14.282883 -0.826595 6.952499 -1e-06 -12.690598 -1e-06 16.650845 -18.160866 2.406452 1.665665 -1.955921 -2.878296 4.727797 -4.170586 4.993921 11.020519 2e-06 -1e-06 12.109044 -3.735714 -2.866786 -0.0 1e-06 -0.0 1.291985 -1.928549 -1.498088 14.800118 0.567467 3.865606 14.242562 -1.341737 -6.660655 19.631956 0.143925 -0.648243 50.449467 -0.425441 -6.438549 0.353029 -1.511149 -0.03194 20.222778 3.684307 2.316629 18.78726 3e-06 0.0 10.751622 -0.479869 1.397907 -1e-06 0.0 2e-06 3.273804 0.305946 -0.58011 21.486801 11.830369 2.266134 8.162923 1e-06 0.0 18.399071 -3.798985 -4.940574 1e-06 0.0 0.0 -1.966164 4.671166 -22.579636 0.009516 -0.043543 13.566116 -1.259145 2.60386 -7.388136 1.627357 -1.920029 -2.719383 0.0 -0.0 2e-06 0.506829 -9.714952 -22.954569 -0.0213 -0.192841 16.664534 1.093594 2.153085 -7.075442 -1.446085 0.760499 -2.162783 0.0 0.0 -1e-06 
0.0 0.0 0.0 0.0 -0.0 0.0 0.655103 100.097534 -9.456237 1.082835 1.157724 16.851295 -0.057078 0.258026 7.839306 -0.446258 -0.632511 -2.158978 -1.041082 -2.20739 17.688988 0.769795 2.168776 7.498968 -0.132304 1.239474 -3.91175 0.10589 0.258301 -21.330536 7.7e-05 -2.3e-05 6e-06 -0.002236 -0.022236 -0.095078 0.635065 -3.704154 -10.678782 -0.641051 3.672157 -10.68981 -7.224972 -8.728851 18.453959 -65.814766 -29.010723 8.491341 -0.156047 -27.906471 -0.168118 13.852877 4.186298 -10.977034 -5.882102 9.861278 0.702588 -10.936866 -0.360577 7.156201 2e-06 8.77482 -2e-06 -16.181206 17.557877 5.974747 -1.844032 2.498502 -2.507275 -10.163593 4.67894 4.621105 -20.976011 -7e-06 3e-06 -21.226274 2.451693 -3.593998 -3e-06 -7e-06 0.0 -1.362679 2.240796 -0.746324 -21.334904 0.584906 3.008319 -13.821205 -4e-06 3e-06 -23.887157 -0.249082 -0.839481 -61.342258 2.290381 -0.616547 -0.294024 1.679686 0.833256 -14.218199 0.093212 1.300579 -34.212032 -0.28757 0.967171 -20.033201 0.964533 1.212845 -0.0 0.0 0.0 -3.440386 0.788232 0.501655 -15.928177 -3.16731 2.999704 -6.338822 -2e-06 0.0 -18.12344 3.648178 -4.905665 -2e-06 1e-06 -3e-06 2.387617 12.106732 16.459425 70.795258 23.638908 13.890426 -0.265363 32.159405 -0.333574 -6.397236 5.24567 -2.082131 2.243539 -5.255033 -3.180156 14.282876 -0.826593 6.952496 -3e-06 -12.690594 0.0 16.719679 -18.114674 2.361322 1.665664 -1.955919 -2.878298 4.727794 -4.170584 4.993919 11.020514 3e-06 0.0 12.109038 -3.735713 -2.866779 -1e-06 -1e-06 0.0 1.291984 -1.928548 -1.498088 14.800114 0.567468 3.865604 14.242558 -1.341735 -6.660653 19.63195 0.143927 -0.648244 50.48222 -0.345027 -6.382189 0.353029 -1.51115 -0.031941 20.222771 3.684309 2.316629 18.787254 4e-06 2e-06 10.751619 -0.479869 1.397907 -1e-06 2e-06 -1e-06 3.273804 0.305947 -0.58011 21.486795 11.830365 2.266131 8.162921 2e-06 1e-06 18.399067 -3.798982 -4.940569 3e-06 0.0 -1e-06 -2.722085 4.717536 -27.571787 0.017917 -0.00385 16.266747 -1.102716 2.131881 -7.865419 1.623731 -1.933384 -2.963001 0.0 0.0 2e-06 0.877131 -10.074261 -28.670818 -0.02634 -0.161355 20.587282 1.03423 2.093542 -7.733094 -1.453526 0.754737 -2.464716 -0.0 -0.0 -1e-06 
0.0 0.0 0.0 0.0 -0.0 0.0 0.808807 99.458183 -10.57684 1.312425 0.899457 19.713114 -0.257755 0.147161 9.228478 -0.494641 -0.576575 -1.418449 -1.172705 -2.278125 18.366762 0.813373 1.937646 6.715448 -0.08112 1.456431 -3.898657 0.078107 0.41191 -21.811235 7.7e-05 -2.3e-05 5e-06 0.008071 -0.04732 -0.119654 0.645673 -3.720906 -10.691326 -0.630623 3.636636 -10.696218 -6.70323 -10.076326 18.027275 -64.180847 -31.425722 6.459713 -0.258412 -28.343765 -0.148195 14.906305 5.038033 -11.894892 -5.882107 9.86129 0.70259 -10.936872 -0.360575 7.156208 -0.0 8.774831 -1e-06 -16.204206 17.527529 6.003848 -1.844032 2.498505 -2.507277 -10.163601 4.678947 4.62111 -20.976027 -2e-06 5e-06 -21.226288 2.4517 -3.594001 -2e-06 -6e-06 0.0 -1.362681 2.240799 -0.746325 -21.334915 0.584911 3.008325 -13.821214 -1e-06 3e-06 -23.887169 -0.249076 -0.839481 -61.542336 2.203468 -0.549049 -0.294025 1.679688 0.833256 -14.21821 0.093215 1.300583 -34.212048 -0.28756 0.967174 -20.033218 0.964537 1.212845 -1e-06 1e-06 1e-06 -3.440389 0.788234 0.501655 -15.928187 -3.16731 2.999708 -6.338827 -1e-06 2e-06 -18.123446 3.648186 -4.90567 -3e-06 0.0 -2e-06 2.024119 12.706771 15.845853 70.031792 26.501066 12.650114 -0.378933 33.027355 -0.401133 -7.506108 4.798166 -1.729225 2.243544 -5.255041 -3.180161 14.2829 -0.826598 6.952505 0.0 -12.690613 0.0 16.754238 -18.050268 2.326776 1.665668 -1.955923 -2.878301 4.727803 -4.170592 4.993927 11.020536 0.0 -2e-06 12.10906 -3.735722 -2.866787 0.0 -0.0 1e-06 1.291987 -1.928551 -1.498091 14.800139 0.567466 3.865608 14.242583 -1.34174 -6.660665 19.631983 0.143924 -0.648247 50.464481 -0.260445 -6.319066 0.35303 -1.511152 -0.031938 20.222803 3.684308 2.31663 18.787285 0.0 -1e-06 10.751636 -0.479871 1.397906 -0.0 1e-06 -1e-06 3.273809 0.305946 -0.580109 21.486824 11.830379 2.266135 8.162933 0.0 -1e-06 18.399097 -3.798989 -4.940582 2e-06 -0.0 -2e-06 -3.48829 4.834998 -33.239128 0.033609 0.047516 19.958736 -0.916638 1.655794 -8.797043 1.620716 -1.949246 -3.1712 0.0 -0.0 2e-06 1.408973 -10.395393 -34.911072 -0.02063 -0.12139 25.115387 0.926064 2.108185 -8.650966 -1.457725 0.736628 -2.799431 -0.0 -0.0 -1e-06 
0.0 0.0 0.0 0.0 -0.0 0.0 0.989533 98.560852 -11.53977 1.435457 0.572166 22.664333 -0.415359 -0.008137 10.454815 -0.554606 -0.482166 -0.673968 -1.294166 -2.29683 19.071051 0.957518 1.720814 5.646812 -0.027561 1.673423 -3.886209 -0.035298 0.641425 -22.055279 7.7e-05 -2.3e-05 7e-06 0.023142 -0.07168 -0.138673 0.658399 -3.728167 -10.678116 -0.612559 3.59193 -10.668945 -6.314123 -11.480995 17.48345 -61.849842 -33.732334 3.976605 -0.305307 -29.262501 -0.146515 16.172327 5.93622 -12.456032 -5.882102 9.861283 0.702592 -10.936866 -0.360576 7.156207 1e-06 8.774822 0.0 -16.232702 17.535433 6.037467 -1.844031 2.498503 -2.507278 -10.163596 4.678943 4.621109 -20.976013 -4e-06 7e-06 -21.226273 2.451697 -3.593995 -1e-06 -5e-06 0.0 -1.36268 2.240797 -0.746323 -21.334906 0.584908 3.008328 -13.821206 -2e-06 5e-06 -23.887157 -0.249075 -0.839477 -61.704708 2.137437 -0.493454 -0.294025 1.679687 0.833256 -14.218204 0.093214 1.300584 -34.212036 -0.287561 0.967178 -20.033207 0.964538 1.212847 -1e-06 -1e-06 0.0 -3.440387 0.788233 0.501658 -15.928179 -3.16731 2.999711 -6.338823 -1e-06 3e-06 -18.123436 3.648182 -4.905664 -2e-06 -0.0 -2e-06 1.93228 13.491665 15.108027 68.632607 29.415043 10.862391 -0.456802 34.144035 -0.431025 -8.793423 4.465586 -1.357619 2.243539 -5.255034 -3.180158 14.282883 -0.826592 6.952501 -4e-06 -12.690598 -2e-06 16.767624 -17.977827 2.281811 1.665665 -1.95592 -2.878297 4.727797 -4.170585 4.993923 11.02052 3e-06 1e-06 12.109043 -3.735713 -2.866781 0.0 -0.0 0.0 1.291984 -1.928548 -1.49809 14.800123 0.567471 3.865607 14.24256 -1.341735 -6.660652 19.631952 0.143926 -0.648239 50.334023 -0.231783 -6.30119 0.353028 -1.51115 -0.03194 20.222778 3.684311 2.316634 18.78726 4e-06 5e-06 10.751621 -0.479867 1.397907 -1e-06 2e-06 -1e-06 3.273805 0.305948 -0.58011 21.486807 11.830373 2.266135 8.162924 3e-06 2e-06 18.399075 -3.798983 -4.940571 3e-06 0.0 -2e-06 -4.231597 5.027705 -39.367199 0.060453 0.10968 24.571363 -0.764872 1.156635 -10.222938 1.618111 -1.953311 -3.282291 0.0 -0.0 2e-06 2.092644 -10.624751 -41.322147 -0.009485 -0.08996 29.972284 0.799347 2.160011 -9.899719 -1.459517 0.709063 -3.038459 0.0 0.0 -1e-06 
0.0 0.0 0.0 0.0 -0.0 0.0 1.188357 97.393127 -12.29387 1.43511 0.255319 25.678881 -0.496846 -0.155022 11.500386 -0.630165 -0.380012 0.068147 -1.386317 -2.253229 19.85166 1.271712 1.561595 4.399 -0.027176 1.865416 -3.874746 -0.234551 0.888693 -21.985451 7.7e-05 -2.2e-05 5e-06 0.043034 -0.095523 -0.153972 0.673659 -3.730449 -10.654212 -0.587379 3.542684 -10.630894 -6.029566 -12.970007 16.902128 -58.745426 -36.060879 1.028336 -0.233301 -30.658144 -0.180407 17.49478 6.876851 -12.649078 -5.882102 9.861281 0.702588 -10.936867 -0.360577 7.156201 2e-06 8.774822 0.0 -16.276073 17.590633 6.049331 -1.844031 2.498503 -2.507278 -10.163594 4.678942 4.621105 -20.976017 -7e-06 1e-06 -21.226282 2.451691 -3.593998 -1e-06 -7e-06 0.0 -1.362681 2.240797 -0.746322 -21.334906 0.584906 3.008319 -13.82121 -5e-06 1e-06 -23.887161 -0.249083 -0.839482 -61.868477 2.085841 -0.507992 -0.294024 1.679687 0.833254 -14.218204 0.093213 1.300577 -34.21204 -0.28757 0.967168 -20.033207 0.964532 1.212844 -1e-06 1e-06 1e-06 -3.440387 0.788233 0.501654 -15.928179 -3.16731 2.999703 -6.338824 -2e-06 1e-06 -18.12344 3.648178 -4.905668 -4e-06 1e-06 -2e-06 2.018826 14.543127 14.317288 66.444359 32.400486 8.269002 -0.473462 35.486767 -0.432396 -10.250592 4.23447 -1.066095 2.243539 -5.255031 -3.18015 14.282876 -0.826593 6.952492 -3e-06 -12.690593 0.0 16.819136 -17.950333 2.215135 1.665664 -1.955919 -2.878295 4.727795 -4.170584 4.993916 11.020515 3e-06 -1e-06 12.109039 -3.735714 -2.866779 -1e-06 1e-06 -0.0 1.291984 -1.928548 -1.498088 14.800112 0.567469 3.865602 14.242557 -1.341737 -6.660644 19.631945 0.143928 -0.648242 50.240753 -0.25077 -6.338635 0.353029 -1.51115 -0.031939 20.222771 3.684308 2.316626 18.787258 6e-06 0.0 10.751618 -0.479867 1.397904 -1e-06 1e-06 -1e-06 3.273803 0.305947 -0.580111 21.486794 11.830366 2.26613 8.162917 3e-06 -2e-06 18.399063 -3.79898 -4.94057 3e-06 0.0 -2e-06 -4.91015 5.235459 -45.837051 0.093666 0.171515 29.948122 -0.599107 0.692586 -12.059629 1.618195 -1.945916 -3.341948 0.0 -0.0 2e-06 2.893377 -10.704615 -47.757504 0.002329 -0.075111 35.038483 0.747417 2.199557 -11.471473 -1.459676 0.683035 -3.157625 -0.0 0.0 -1e-06 
0.0 0.0 0.0 0.0 -0.0 0.0 1.386209 95.946442 -12.742098 1.313969 -0.001303 28.712875 -0.495661 -0.24833 12.379056 -0.710222 -0.296541 0.787068 -1.430063 -2.158393 20.671282 1.710785 1.495041 3.096211 -0.060119 2.020817 -3.868021 -0.480783 1.091064 -21.577026 7.7e-05 -2.3e-05 8e-06 0.06818 -0.116454 -0.164025 0.69674 -3.729763 -10.628443 -0.559546 3.495973 -10.591923 -5.76353 -14.538288 16.311646 -54.834103 -38.403164 -2.42556 -0.094283 -32.445896 -0.241296 18.702118 7.863912 -12.432633 -5.882099 9.861276 0.70259 -10.936861 -0.360577 7.1562 2e-06 8.774817 -2e-06 -16.293753 17.688042 6.050997 -1.844031 2.498502 -2.507276 -10.163589 4.678937 4.621105 -20.976006 -8e-06 2e-06 -21.226269 2.45169 -3.593995 -1e-06 -6e-06 0.0 -1.36268 2.240796 -0.746323 -21.334892 0.584905 3.008319 -13.821202 -5e-06 4e-06 -23.88715 -0.249083 -0.83948 -62.031757 2.056538 -0.585522 -0.294023 1.679686 0.833256 -14.218194 0.093213 1.30058 -34.212013 -0.287569 0.967171 -20.033194 0.964533 1.212846 -0.0 1e-06 0.0 -3.440385 0.788232 0.501654 -15.928172 -3.16731 2.999704 -6.338821 -2e-06 2e-06 -18.123426 3.648175 -4.905664 -3e-06 -1e-06 -3e-06 2.133253 15.925394 13.464978 63.355114 35.398041 4.80096 -0.449664 36.905396 -0.440095 -11.847335 4.044747 -0.958468 2.243539 -5.255033 -3.180158 14.282881 -0.826592 6.952501 -5e-06 -12.690596 -0.0 16.879568 -17.962454 2.159969 1.665665 -1.95592 -2.878298 4.727796 -4.170584 4.993923 11.020519 5e-06 -0.0 12.109043 -3.73571 -2.866782 -0.0 0.0 -0.0 1.291984 -1.928548 -1.498089 14.800118 0.56747 3.865604 14.242561 -1.341733 -6.660655 19.631954 0.143927 -0.648241 50.187252 -0.289527 -6.407226 0.353028 -1.51115 -0.031939 20.222784 3.684312 2.316631 18.78726 7e-06 3e-06 10.75162 -0.479867 1.397907 0.0 1e-06 0.0 3.273804 0.305948 -0.580112 21.486801 11.830371 2.266132 8.162922 4e-06 1e-06 18.399075 -3.798982 -4.940568 1e-06 1e-06 -2e-06 -5.464149 5.387831 -52.455135 0.125659 0.223715 35.822945 -0.435796 0.319581 -14.201792 1.619071 -1.933436 -3.404504 0.0 -0.0 1e-06 3.738645 -10.574432 -54.11694 0.014424 -0.065163 40.306652 0.766191 2.157081 -13.381815 -1.456987 0.65842 -3.203966 -0.0 -0.0 -1e-06 
0.0 0.0 0.0 0.0 -0.0 0.0 1.569301 94.190926 -12.898302 1.12055 -0.196125 31.751242 -0.4474 -0.274317 13.148619 -0.779478 -0.237828 1.472972 -1.440754 -2.036939 21.426086 2.211884 1.571095 1.741014 -0.117536 2.119159 -3.857703 -0.707354 1.196257 -20.785709 7.7e-05 -2.2e-05 7e-06 0.098461 -0.13146 -0.169302 0.731238 -3.725065 -10.602263 -0.533045 3.457406 -10.552081 -5.444231 -16.197229 15.640558 -49.969742 -40.628124 -6.389777 0.130576 -34.505001 -0.332867 19.637127 8.899108 -11.8334 -5.882103 9.861283 0.702591 -10.936865 -0.360573 7.156201 -1e-06 8.774822 1e-06 -16.276331 17.815239 6.05675 -1.844031 2.498504 -2.507277 -10.163594 4.678944 4.621105 -20.976009 -1e-06 2e-06 -21.226273 2.451699 -3.594 -2e-06 -7e-06 -0.0 -1.362682 2.240797 -0.746322 -21.334904 0.584912 3.008321 -13.821207 -2e-06 2e-06 -23.887157 -0.249076 -0.839484 -62.15591 2.030224 -0.668309 -0.294025 1.679687 0.833256 -14.218199 0.093216 1.30058 -34.212021 -0.287561 0.96717 -20.033197 0.964536 1.21284 -0.0 2e-06 1e-06 -3.440386 0.788233 0.501655 -15.928176 -3.167307 2.999705 -6.338823 -0.0 3e-06 -18.123436 3.648183 -4.905668 -4e-06 -0.0 -1e-06 2.145265 17.666077 12.465137 59.236408 38.298241 0.306796 -0.366522 38.24675 -0.428978 -13.574514 3.891667 -0.992656 2.243542 -5.255036 -3.180158 14.282889 -0.826595 6.952499 -2e-06 -12.690601 0.0 16.907841 -17.987808 2.141212 1.665667 -1.955922 -2.878298 4.727799 -4.170586 4.993923 11.020526 2e-06 -2e-06 12.109053 -3.735715 -2.866783 -0.0 0.0 -0.0 1.291985 -1.928549 -1.498088 14.800127 0.567467 3.865607 14.24257 -1.341737 -6.660658 19.631962 0.143924 -0.648246 50.157883 -0.338072 -6.441013 0.353029 -1.51115 -0.031941 20.222788 3.684307 2.316629 18.78727 3e-06 -0.0 10.751629 -0.479868 1.397903 2e-06 2e-06 1e-06 3.273806 0.305947 -0.580109 21.486813 11.83037 2.266132 8.162927 1e-06 -2e-06 18.399084 -3.798984 -4.940578 3e-06 0.0 -1e-06 -5.89742 5.445695 -59.134312 0.14836 0.263002 42.066616 -0.317928 0.109624 -16.588625 1.621275 -1.920532 -3.470645 -0.0 0.0 2e-06 4.549946 -10.256361 -60.408142 0.020062 -0.05551 45.843178 0.841832 2.031197 -15.710071 -1.452265 0.634009 -3.191393 0.0 0.0 -1e-06 
0.0 0.0 0.0 0.0 -0.0 0.0 1.717592 92.143021 -12.761901 0.865418 -0.363066 34.673923 -0.386015 -0.250633 13.869287 -0.827715 -0.204989 2.107598 -1.449014 -1.886574 22.051208 2.695162 1.776881 0.301771 -0.205175 2.21168 -3.837005 -0.869991 1.238074 -19.656406 7.7e-05 -2.2e-05 4e-06 0.129862 -0.137174 -0.166802 0.77229 -3.715542 -10.575423 -0.511364 3.433367 -10.511157 -5.006177 -17.911173 14.807793 -44.071842 -42.532467 -10.986519 0.397369 -36.593288 -0.41573 20.241325 9.887918 -10.952333 -5.882101 9.86128 0.702588 -10.936865 -0.360575 7.156203 1e-06 8.774821 0.0 -16.234678 17.93466 6.064764 -1.844031 2.498504 -2.507276 -10.163592 4.678941 4.621106 -20.976009 -4e-06 3e-06 -21.226271 2.451696 -3.593997 -0.0 -7e-06 -1e-06 -1.362681 2.240797 -0.746324 -21.3349 0.584907 3.008324 -13.821205 -3e-06 6e-06 -23.887154 -0.24908 -0.83948 -62.19202 2.019367 -0.713734 -0.294025 1.679687 0.833254 -14.218199 0.093213 1.30058 -34.212036 -0.287564 0.967175 -20.033205 0.964534 1.212845 -2e-06 1e-06 0.0 -3.440386 0.788233 0.501654 -15.928176 -3.167309 2.999709 -6.338822 -1e-06 3e-06 -18.12343 3.648181 -4.905666 -4e-06 -1e-06 -2e-06 1.891204 19.763838 11.290922 54.011047 40.967243 -5.191287 -0.238898 39.368584 -0.354947 -15.366051 3.777763 -1.300834 2.24354 -5.255033 -3.180154 14.28288 -0.826594 6.952499 -2e-06 -12.690597 -2e-06 16.89959 -18.021828 2.156703 1.665665 -1.955921 -2.878297 4.727796 -4.170585 4.99392 11.020517 2e-06 0.0 12.109043 -3.735714 -2.866784 1e-06 -0.0 1e-06 1.291984 -1.928548 -1.498089 14.800118 0.567467 3.865605 14.242562 -1.341737 -6.660655 19.631952 0.143926 -0.648247 50.154842 -0.410184 -6.462879 0.353029 -1.511149 -0.03194 20.222778 3.684307 2.316627 18.787262 5e-06 -1e-06 10.75162 -0.479867 1.397904 2e-06 1e-06 -1e-06 3.273804 0.305947 -0.58011 21.486797 11.830366 2.266132 8.162921 1e-06 -3e-06 18.399069 -3.798983 -4.940573 3e-06 1e-06 -1e-06 -6.169424 5.424356 -65.627434 0.161288 0.292888 48.493229 -0.317374 0.090437 -19.136509 1.623009 -1.90908 -3.476761 0.0 -0.0 2e-06 5.23928 -9.718506 -66.476555 0.00692 -0.056912 51.596897 0.913594 1.791419 -18.360483 -1.445045 0.603724 -3.119358 0.0 0.0 -1e-06 
0.0 0.0 0.0 0.0 -0.0 0.0 1.803006 89.807663 -12.35972 0.546978 -0.54293 37.353119 -0.347011 -0.192754 14.573346 -0.846865 -0.197748 2.704568 -1.480006 -1.70734 22.544138 3.112346 2.080013 -1.202993 -0.308376 2.336112 -3.819191 -0.944634 1.266852 -18.29216 7.7e-05 -2.3e-05 6e-06 0.162533 -0.136905 -0.162792 0.814908 -3.70458 -10.559158 -0.489222 3.420365 -10.48149 -4.341327 -19.648973 13.790893 -37.037846 -43.980923 -16.329374 0.675054 -38.363895 -0.49249 20.430094 10.72613 -10.12354 -5.882106 9.861286 0.702592 -10.936872 -0.360572 7.156203 -1e-06 8.774823 -2e-06 -16.175524 18.04417 6.081534 -1.844032 2.498505 -2.507276 -10.163598 4.678946 4.621109 -20.976021 1e-06 5e-06 -21.226286 2.451702 -3.593999 -1e-06 -6e-06 0.0 -1.362682 2.240798 -0.746322 -21.334913 0.584914 3.008324 -13.821214 1e-06 3e-06 -23.887167 -0.249074 -0.839484 -62.141766 2.031124 -0.730237 -0.294025 1.679687 0.833255 -14.218207 0.093218 1.300581 -34.212048 -0.287555 0.96717 -20.033211 0.964539 1.212841 -1e-06 3e-06 1e-06 -3.440388 0.788234 0.501656 -15.928185 -3.167306 2.999708 -6.338825 1e-06 2e-06 -18.123444 3.648189 -4.905668 -5e-06 -0.0 -2e-06 1.17316 22.102953 9.970279 47.518448 43.399616 -11.571079 -0.064371 40.082771 -0.192782 -17.023676 3.648038 -1.785161 2.243541 -5.255036 -3.180154 14.282883 -0.826595 6.952499 1e-06 -12.690598 -2e-06 16.824862 -18.067385 2.211524 1.665666 -1.955921 -2.878293 4.727798 -4.170585 4.993918 11.020519 1e-06 2e-06 12.109042 -3.735717 -2.866778 0.0 0.0 0.0 1.291985 -1.928549 -1.498087 14.800122 0.567466 3.865604 14.242562 -1.34174 -6.660649 19.631954 0.14392 -0.648243 50.171211 -0.492547 -6.492741 0.35303 -1.51115 -0.03194 20.222778 3.684304 2.316632 18.787266 1e-06 0.0 10.75162 -0.479871 1.397906 1e-06 1e-06 0.0 3.273805 0.305947 -0.580108 21.486799 11.830363 2.266135 8.162923 2e-06 -2e-06 18.399071 -3.798985 -4.94057 3e-06 1e-06 0.0 -6.258455 5.392226 -71.770683 0.165092 0.321764 55.039341 -0.501752 0.236336 -21.789017 1.62167 -1.908675 -3.416414 0.0 -0.0 2e-06 5.77419 -9.005563 -72.176292 -0.034486 -0.078221 57.52541 0.954017 1.465214 -21.219465 -1.435632 0.570709 -3.004749 -0.0 0.0 -1e-06 
0.0 0.0 0.0 0.0 -0.0 0.0 1.800887 87.230804 -11.757236 0.216126 -0.686315 39.65234 -0.353382 -0.110316 15.321479 -0.84534 -0.213762 3.272326 -1.534307 -1.555336 22.91152 3.461484 2.442426 -2.757875 -0.395486 2.468371 -3.815335 -0.918785 1.297157 -16.765738 7.7e-05 -2.2e-05 5e-06 0.185883 -0.127742 -0.162955 0.848397 -3.690037 -10.564847 -0.47703 3.422426 -10.478545 -3.333478 -21.413237 12.665108 -28.665421 -44.794346 -22.476294 0.91938 -39.282879 -0.555191 19.988512 11.480595 -9.610421 -5.882104 9.861279 0.70259 -10.936869 -0.360576 7.156201 2e-06 8.774822 0.0 -16.133612 18.169302 6.114407 -1.844032 2.498503 -2.507275 -10.163595 4.678942 4.621106 -20.976017 -6e-06 4e-06 -21.226273 2.451694 -3.593997 -0.0 -5e-06 2e-06 -1.362681 2.240796 -0.746322 -21.334908 0.584905 3.008319 -13.821213 -5e-06 1e-06 -23.887165 -0.249084 -0.839482 -62.133366 2.060191 -0.722167 -0.294025 1.679687 0.833257 -14.218201 0.093213 1.300578 -34.21204 -0.28757 0.967171 -20.033205 0.964535 1.212845 0.0 2e-06 -1e-06 -3.440387 0.788232 0.501654 -15.928183 -3.16731 2.999704 -6.338823 -2e-06 0.0 -18.12344 3.648179 -4.905666 -5e-06 -0.0 -1e-06 -0.164029 24.427807 8.51044 39.671589 45.502239 -18.557186 0.120335 40.234303 -0.022777 -18.362946 3.349233 -2.166252 2.24354 -5.255032 -3.180154 14.28288 -0.826593 6.952497 -4e-06 -12.690598 4e-06 16.679914 -18.100769 2.302835 1.665666 -1.95592 -2.878298 4.727795 -4.170584 4.993918 11.020519 3e-06 -2e-06 12.109043 -3.735711 -2.866783 -0.0 0.0 0.0 1.291984 -1.928548 -1.498087 14.800118 0.567469 3.865604 14.242562 -1.341733 -6.660652 19.631952 0.143931 -0.648245 50.227787 -0.536341 -6.494729 0.353028 -1.511151 -0.031941 20.222778 3.684309 2.316625 18.787262 6e-06 -3e-06 10.75162 -0.479868 1.397902 0.0 1e-06 2e-06 3.273805 0.305948 -0.58011 21.486799 11.830369 2.266126 8.162921 3e-06 0.0 18.399071 -3.798981 -4.940573 4e-06 1e-06 -1e-06 -6.220869 5.385209 -77.390656 0.158589 0.350642 61.597767 -0.846469 0.50753 -24.498501 1.618866 -1.90982 -3.337215 -0.0 -0.0 2e-06 6.146318 -8.267269 -77.35379 -0.092221 -0.119842 63.560486 0.972279 1.142 -24.195631 -1.425867 0.538355 -2.898094 0.0 0.0 -1e-06 
0.0 0.0 0.0 0.0 -0.0 0.0 1.730284 84.481186 -11.013992 -0.138018 -0.767946 41.562744 -0.404494 -0.012242 16.118416 -0.832108 -0.246279 3.793364 -1.58505 -1.44447 23.14769 3.726242 2.834426 -4.36144 -0.399231 2.588204 -3.810263 -0.789665 1.351073 -15.15139 7.7e-05 -2.2e-05 4e-06 0.203852 -0.114501 -0.17051 0.876676 -3.672226 -10.582125 -0.470861 3.430724 -10.48856 -1.904956 -23.240501 11.431093 -18.814905 -44.535969 -29.115906 1.099034 -38.9627 -0.561758 18.445673 12.305749 -9.672433 -5.882105 9.861284 0.702591 -10.93687 -0.360575 7.156208 -0.0 8.774822 -2e-06 -16.099548 18.267258 6.140945 -1.844031 2.498504 -2.507278 -10.163598 4.678943 4.621109 -20.976021 -4e-06 5e-06 -21.226286 2.451696 -3.593999 -1e-06 -6e-06 1e-06 -1.362682 2.240798 -0.746324 -21.334913 0.58491 3.008326 -13.821213 -2e-06 3e-06 -23.887165 -0.249078 -0.839483 -62.184925 2.083205 -0.702216 -0.294024 1.679688 0.833254 -14.218207 0.093214 1.300582 -34.212044 -0.287563 0.967173 -20.033211 0.964538 1.212846 -1e-06 0.0 1e-06 -3.440388 0.788233 0.501654 -15.928185 -3.16731 2.999707 -6.338826 -1e-06 0.0 -18.123444 3.648182 -4.905672 -5e-06 -1e-06 -2e-06 -2.110961 26.538031 6.873031 30.457378 46.964375 -25.86891 0.271439 39.786804 0.075807 -19.383743 2.862798 -2.467574 2.243538 -5.25503 -3.18015 14.282871 -0.826592 6.952494 -4e-06 -12.690586 -1e-06 16.494101 -18.114979 2.423527 1.665663 -1.955918 -2.878292 4.727792 -4.17058 4.993917 11.020512 4e-06 0.0 12.109035 -3.735711 -2.866779 0.0 0.0 -1e-06 1.291984 -1.928547 -1.498084 14.800112 0.567469 3.865605 14.242553 -1.341735 -6.660646 19.631941 0.143925 -0.648242 50.295208 -0.549416 -6.481711 0.353029 -1.511149 -0.03194 20.222765 3.684308 2.316628 18.787249 7e-06 3e-06 10.751613 -0.479867 1.397904 1e-06 2e-06 -1e-06 3.273802 0.305947 -0.58011 21.486786 11.830359 2.266129 8.162918 4e-06 -1e-06 18.399059 -3.798978 -4.940566 1e-06 -1e-06 -0.0 -6.077635 5.460918 -82.454956 0.148647 0.381329 68.090256 -1.335344 0.827744 -27.239019 1.617469 -1.902233 -3.304203 -0.0 0.0 2e-06 6.371683 -7.496202 -81.962029 -0.168444 -0.187649 69.580429 0.991112 0.764614 -27.160545 -1.416978 0.515632 -2.860865 0.0 0.0 -1e-06 
0.0 0.0 0.0 0.0 -0.0 0.0 1.596353 81.645638 -10.158647 -0.485432 -0.73035 43.124775 -0.477207 0.076002 16.945192 -0.827686 -0.303989 4.250597 -1.6065 -1.384125 23.232351 3.936302 3.213505 -6.024997 -0.307579 2.678394 -3.794824 -0.553074 1.457554 -13.421147 7.7e-05 -2.2e-05 7e-06 0.223651 -0.103753 -0.185852 0.908062 -3.650994 -10.586095 -0.465177 3.43125 -10.483012 -0.02646 -25.232372 10.151651 -7.771061 -42.660572 -35.513416 1.282973 -37.149967 -0.533136 15.458938 13.139222 -10.301516 -5.882101 9.861278 0.70259 -10.936865 -0.360577 7.156203 1e-06 8.774818 -4e-06 -16.06756 18.372604 6.150093 -1.844032 2.498504 -2.507276 -10.163592 4.67894 4.621105 -20.976009 -4e-06 5e-06 -21.226269 2.451693 -3.593996 -1e-06 -6e-06 2e-06 -1.36268 2.240797 -0.746326 -21.3349 0.584907 3.008326 -13.821205 -4e-06 2e-06 -23.887154 -0.249078 -0.83948 -62.265903 2.090794 -0.698109 -0.294026 1.679686 0.833256 -14.2182 0.093213 1.300582 -34.212032 -0.287566 0.967175 -20.033197 0.964535 1.212847 -0.0 2e-06 2e-06 -3.440385 0.788232 0.501654 -15.928176 -3.16731 2.999708 -6.338821 -2e-06 0.0 -18.12343 3.648178 -4.905665 -3e-06 0.0 -3e-06 -4.591517 28.275032 4.993482 20.18092 47.437256 -32.939423 0.275835 38.64566 0.083122 -20.217161 2.193561 -2.796858 2.243537 -5.255029 -3.180151 14.282868 -0.826593 6.952491 -3e-06 -12.690584 -2e-06 16.360918 -18.165907 2.527656 1.665663 -1.955916 -2.878295 4.727791 -4.170581 4.993916 11.020509 5e-06 -0.0 12.109032 -3.73571 -2.866777 -1e-06 -0.0 0.0 1.291984 -1.928547 -1.498088 14.800105 0.567469 3.8656 14.242549 -1.341733 -6.660645 19.631937 0.143927 -0.648241 50.388466 -0.561246 -6.486397 0.353028 -1.511148 -0.03194 20.222759 3.684306 2.316627 18.787245 6e-06 0.0 10.751613 -0.479868 1.397906 0.0 1e-06 1e-06 3.273801 0.305946 -0.58011 21.486782 11.830359 2.266133 8.162914 2e-06 -1e-06 18.399052 -3.798979 -4.940566 1e-06 -2e-06 1e-06 -5.912689 5.651272 -86.986664 0.150893 0.421612 74.48719 -1.839788 1.061098 -29.862097 1.618324 -1.884038 -3.42438 0.0 -0.0 2e-06 6.457746 -6.711727 -86.018402 -0.266319 -0.273079 75.502594 1.000884 0.254043 -29.971317 -1.40814 0.492774 -2.939955 -0.0 -0.0 -1e-06 
0.0 0.0 0.0 0.0 -0.0 0.0 1.422747 78.818878 -9.182234 -0.763673 -0.612214 44.396622 -0.58913 0.147824 17.787451 -0.847212 -0.367132 4.637887 -1.633408 -1.406484 23.154364 4.165209 3.545426 -7.80032 -0.131829 2.765945 -3.755231 -0.236814 1.600219 -11.597584 7.7e-05 -2.3e-05 5e-06 0.250137 -0.099969 -0.203809 0.952722 -3.639276 -10.579617 -0.460146 3.427437 -10.472923 2.403522 -27.460855 8.853047 3.156518 -38.868431 -40.890553 1.421426 -33.975445 -0.458211 11.60081 13.560081 -11.640233 -5.882102 9.861276 0.702591 -10.936862 -0.360573 7.156201 -0.0 8.774817 -0.0 -15.976866 18.524109 6.198427 -1.84403 2.498502 -2.507274 -10.16359 4.678941 4.621106 -20.976004 -1e-06 2e-06 -21.226269 2.451698 -3.593994 2e-06 -7e-06 -2e-06 -1.36268 2.240795 -0.746321 -21.334894 0.584911 3.008322 -13.821199 -2e-06 3e-06 -23.887146 -0.249077 -0.839481 -62.275433 2.086754 -0.725258 -0.294024 1.679685 0.833257 -14.218194 0.093217 1.30058 -34.212013 -0.28756 0.967168 -20.033194 0.964538 1.21284 0.0 -0.0 0.0 -3.440386 0.788233 0.501655 -15.928168 -3.167305 2.999702 -6.338819 -0.0 1e-06 -18.123425 3.648182 -4.905665 -5e-06 0.0 -1e-06 -7.479992 29.602081 2.903772 9.544685 46.722633 -39.319897 0.167646 36.595715 0.094985 -21.114634 1.42168 -3.151639 2.243539 -5.255033 -3.180155 14.28288 -0.826593 6.952501 -0.0 -12.690595 0.0 16.318392 -18.288519 2.615658 1.665664 -1.95592 -2.878297 4.727797 -4.170585 4.993919 11.020519 1e-06 -2e-06 12.109044 -3.735715 -2.86678 0.0 -1e-06 1e-06 1.291982 -1.928548 -1.498087 14.800115 0.567467 3.865605 14.242558 -1.341739 -6.660652 19.631952 0.143923 -0.648243 50.463902 -0.601499 -6.507832 0.353028 -1.511149 -0.031941 20.222773 3.684305 2.316629 18.787256 3e-06 -1e-06 10.75162 -0.479868 1.397907 1e-06 1e-06 0.0 3.273803 0.305947 -0.580109 21.486799 11.830366 2.266135 8.162922 3e-06 -2e-06 18.399071 -3.798985 -4.940572 2e-06 -1e-06 -1e-06 -5.840765 5.929265 -90.985291 0.188297 0.467585 80.694008 -2.231759 1.122802 -32.230797 1.629096 -1.862121 -3.801776 0.0 -0.0 2e-06 6.408115 -5.984801 -89.581268 -0.381926 -0.35437 81.275681 1.029116 -0.34963 -32.501011 -1.399571 0.471036 -3.224377 -0.0 0.0 -1e-06 
0.0 0.0 0.0 0.0 -0.0 0.0 1.225138 76.180054 -8.04251 -0.963875 -0.468546 45.518036 -0.696036 0.1545 18.604191 -0.931729 -0.423667 4.949298 -1.70143 -1.471712 22.819185 4.443467 3.775538 -9.515557 -0.125748 2.904687 -3.723259 0.267481 1.70988 -10.020552 7.7e-05 -2.3e-05 5e-06 0.246294 -0.082717 -0.202736 0.994173 -3.65164 -10.635693 -0.511358 3.472179 -10.531866 5.344252 -29.831238 7.339717 12.444164 -33.755672 -44.891003 1.145965 -29.477184 -0.135287 8.458501 13.217535 -13.386039 -5.882106 9.861283 0.70259 -10.936866 -0.360573 7.156204 -1e-06 8.774821 -0.0 -15.715101 18.674026 6.282591 -1.844033 2.498503 -2.507276 -10.163595 4.678944 4.621105 -20.976015 -3e-06 2e-06 -21.226276 2.451696 -3.594 3e-06 -7e-06 -1e-06 -1.362681 2.240798 -0.746324 -21.334906 0.584911 3.008322 -13.821208 -2e-06 3e-06 -23.887159 -0.249077 -0.839481 -61.818951 2.124346 -0.961518 -0.294024 1.679686 0.833257 -14.218202 0.093215 1.300583 -34.212036 -0.28756 0.96717 -20.033207 0.964539 1.212845 0.0 1e-06 0.0 -3.440389 0.788233 0.501657 -15.928179 -3.167306 2.999707 -6.338824 -1e-06 2e-06 -18.123442 3.648182 -4.905669 -5e-06 0.0 -1e-06 -10.456341 30.603004 0.95532 -0.785868 44.876648 -44.609966 -0.004473 33.267326 0.081636 -22.239817 0.544504 -3.764081 2.243544 -5.255039 -3.180161 14.28289 -0.826596 6.952507 -1e-06 -12.690603 -2e-06 16.155142 -18.334467 2.756755 1.665667 -1.955922 -2.878299 4.7278 -4.170588 4.993925 11.020528 1e-06 0.0 12.109055 -3.735717 -2.866784 -0.0 -0.0 1e-06 1.291986 -1.92855 -1.49809 14.800132 0.567467 3.865611 14.242573 -1.341738 -6.660661 19.631969 0.143924 -0.648245 50.365776 -0.726421 -6.429368 0.353028 -1.511149 -0.031942 20.222788 3.684307 2.316631 18.78727 3e-06 -2e-06 10.751627 -0.479868 1.397907 0.0 1e-06 -1e-06 3.273808 0.305946 -0.58011 21.486813 11.830376 2.266135 8.162928 1e-06 2e-06 18.399084 -3.798988 -4.940576 3e-06 -1e-06 -0.0 -5.677597 6.141243 -94.444977 0.268075 0.535309 86.554832 -2.724621 1.24945 -34.114113 1.669212 -1.878819 -4.561535 0.0 -0.0 2e-06 6.299066 -5.33172 -92.706169 -0.441771 -0.372053 86.693336 1.251253 -1.019615 -34.680752 -1.392867 0.482243 -3.777202 0.0 0.0 -1e-06 
0.0 0.0 0.0 0.0 -0.0 0.0 0.986914 73.689178 -6.705828 -1.039989 -0.295741 46.516346 -0.849985 0.170747 19.463528 -0.992825 -0.549706 5.206178 -1.8466 -1.576358 22.295656 4.813713 3.947078 -11.5042 0.011974 3.011245 -3.702388 0.573262 1.936448 -8.265825 7.7e-05 -2.2e-05 5e-06 0.272057 -0.085749 -0.217318 1.045346 -3.689582 -10.70444 -0.514423 3.500291 -10.611718 9.030571 -32.482033 5.709951 19.478323 -27.893993 -46.889961 0.878018 -23.953592 0.060064 6.616347 12.048835 -15.29694 -5.882104 9.861281 0.70259 -10.936865 -0.360575 7.156203 1e-06 8.774821 -2e-06 -15.583085 18.675024 6.434224 -1.844029 2.498503 -2.507277 -10.163594 4.678942 4.621106 -20.976013 -2e-06 2e-06 -21.226278 2.451697 -3.593996 -1e-06 -6e-06 -1e-06 -1.362682 2.240797 -0.746322 -21.334908 0.58491 3.00832 -13.821208 -2e-06 -1e-06 -23.887157 -0.249077 -0.839481 -61.266335 2.120966 -0.938718 -0.294024 1.679686 0.833255 -14.218201 0.093215 1.300581 -34.212032 -0.287563 0.96717 -20.033197 0.964537 1.212845 0.0 -0.0 0.0 -3.440387 0.788233 0.501655 -15.928179 -3.167308 2.999706 -6.338822 -1e-06 2e-06 -18.12344 3.648181 -4.905665 -4e-06 0.0 -0.0 -13.621719 31.389992 -1.179842 -9.442806 42.071903 -47.914371 0.053222 28.934591 0.094783 -23.305693 -0.673282 -4.071354 2.24354 -5.255033 -3.180152 14.282884 -0.826596 6.952497 -0.0 -12.690597 3e-06 16.027128 -18.451979 2.822456 1.665665 -1.955919 -2.878296 4.727797 -4.170585 4.993921 11.02052 2e-06 -2e-06 12.109043 -3.735713 -2.866781 0.0 0.0 -1e-06 1.291986 -1.928548 -1.498088 14.800115 0.567467 3.865604 14.242561 -1.341735 -6.660653 19.631952 0.143926 -0.648242 49.968006 -0.758332 -6.301219 0.35303 -1.51115 -0.031941 20.222784 3.684306 2.316625 18.787264 3e-06 -3e-06 10.751622 -0.479868 1.397903 0.0 1e-06 0.0 3.273806 0.305946 -0.580111 21.486799 11.830365 2.266126 8.162922 1e-06 -1e-06 18.399075 -3.798983 -4.940573 3e-06 0.0 0.0 -5.543993 6.242947 -97.433365 0.354619 0.579881 91.972298 -3.050172 1.309328 -35.588928 1.689876 -1.856469 -5.613207 0.0 -0.0 2e-06 5.963401 -4.822418 -95.302231 -0.542982 -0.435215 91.702377 1.474921 -1.30053 -36.418758 -1.390675 0.448449 -4.514903 0.0 0.0 -1e-06 
0.0 0.0 0.0 0.0 -0.0 0.0 0.726405 71.533188 -5.153781 -1.072065 -0.136541 47.734028 -0.884276 0.237513 20.192358 -1.067886 -0.693455 5.332152 -2.134211 -1.688614 21.614456 5.355404 3.95876 -13.78787 0.089338 3.10752 -3.636605 0.74155 2.243589 -6.474687 7.7e-05 -2.3e-05 5e-06 0.256658 -0.071074 -0.200262 1.060479 -3.734204 -10.775988 -0.562876 3.569177 -10.70823 13.110361 -34.910618 3.818369 24.129509 -22.469185 -47.178314 0.594138 -18.758883 0.153756 6.412357 10.559331 -17.669231 -5.882105 9.861279 0.70259 -10.936865 -0.360576 7.156199 1e-06 8.774821 -2e-06 -15.499236 18.727179 6.593924 -1.844029 2.498502 -2.507275 -10.163595 4.67894 4.621103 -20.976021 -5e-06 4e-06 -21.226284 2.451695 -3.593995 1e-06 -6e-06 -2e-06 -1.36268 2.240797 -0.746323 -21.334911 0.584907 3.008322 -13.821213 -4e-06 0.0 -23.887167 -0.249079 -0.839479 -60.839897 2.202924 -0.969191 -0.294025 1.679686 0.833256 -14.218204 0.093213 1.300581 -34.212044 -0.287565 0.967172 -20.033209 0.964535 1.212845 0.0 0.0 0.0 -3.440388 0.788232 0.501654 -15.928183 -3.167309 2.999704 -6.338824 -1e-06 0.0 -18.123444 3.648179 -4.905667 -4e-06 0.0 -1e-06 -16.402357 31.884258 -3.040801 -16.165146 38.788349 -49.506409 0.472849 24.710726 0.210728 -24.309555 -1.995449 -4.146463 2.243541 -5.255031 -3.180154 14.282871 -0.826591 6.952493 -5e-06 -12.690593 1e-06 15.940483 -18.394419 2.781024 1.665664 -1.955919 -2.878296 4.727791 -4.170582 4.993917 11.02051 4e-06 -1e-06 12.109035 -3.73571 -2.866781 -0.0 0.0 1e-06 1.291983 -1.928547 -1.498086 14.800108 0.567471 3.865602 14.242554 -1.341733 -6.660648 19.631941 0.14393 -0.648245 49.361092 -0.763403 -6.159692 0.353028 -1.511149 -0.031941 20.222761 3.684311 2.316627 18.787249 8e-06 -1e-06 10.751615 -0.479866 1.397905 0.0 0.0 0.0 3.273802 0.305947 -0.58011 21.486784 11.830368 2.266128 8.162914 5e-06 0.0 18.399054 -3.798978 -4.940567 3e-06 -0.0 -0.0 -5.234628 6.155117 -100.078995 0.445313 0.671247 96.929268 -3.492749 1.535399 -36.811428 1.697408 -1.854033 -6.784509 0.0 0.0 2e-06 5.52661 -4.428822 -97.626137 -0.595629 -0.459396 96.355743 1.813701 -1.342559 -37.797836 -1.405846 0.424806 -5.431809 0.0 0.0 -1e-06 
0.0 0.0 0.0 0.0 -0.0 0.0 0.475578 69.666306 -3.296811 -0.978303 0.086439 49.148144 -0.987517 0.196402 20.653465 -1.137366 -0.818437 5.417292 -2.220247 -1.771628 20.850605 5.796378 3.843616 -15.830483 0.202668 3.368967 -3.591768 0.876529 2.484239 -5.046787 7.7e-05 -2.2e-05 5e-06 0.262168 -0.077284 -0.197637 1.104199 -3.78889 -10.866096 -0.597841 3.609147 -10.809513 16.533152 -36.278591 2.382486 26.806299 -18.617277 -47.758129 0.254213 -15.785235 0.193983 7.658667 9.475091 -19.182947 -5.882106 9.861284 0.70259 -10.936865 -0.360576 7.156209 -0.0 8.774824 -0.0 -15.449018 18.559401 6.596546 -1.844031 2.498504 -2.507277 -10.163595 4.678943 4.621109 -20.976021 -3e-06 3e-06 -21.226282 2.451696 -3.593998 -1e-06 -6e-06 1e-06 -1.362683 2.240798 -0.746323 -21.334908 0.584909 3.008325 -13.82121 -2e-06 3e-06 -23.887163 -0.249077 -0.839481 -60.365498 2.267853 -0.99915 -0.294026 1.679685 0.833256 -14.218205 0.093213 1.300583 -34.212036 -0.287564 0.967174 -20.033209 0.964538 1.212846 2e-06 1e-06 2e-06 -3.440387 0.788232 0.501658 -15.928183 -3.16731 2.999711 -6.338824 -1e-06 3e-06 -18.123444 3.648182 -4.905669 -4e-06 0.0 -1e-06 -18.71344 32.024559 -4.40546 -20.311758 35.718609 -49.945896 0.762481 21.96891 0.207165 -25.101162 -3.037862 -4.093025 2.243542 -5.255033 -3.180156 14.282878 -0.826593 6.952502 -2e-06 -12.690598 -0.0 15.890698 -18.321426 2.697294 1.665665 -1.955921 -2.878297 4.727797 -4.170584 4.993922 11.020517 3e-06 -1e-06 12.109043 -3.735713 -2.866782 1e-06 -0.0 1e-06 1.291984 -1.928549 -1.498089 14.800118 0.567467 3.865607 14.24256 -1.341734 -6.660655 19.631952 0.143926 -0.648246 48.957878 -0.805719 -6.115008 0.353028 -1.511149 -0.03194 20.222778 3.684307 2.316631 18.78726 4e-06 1e-06 10.751622 -0.47987 1.397906 0.0 -0.0 0.0 3.273807 0.305946 -0.58011 21.486799 11.830365 2.266133 8.162922 0.0 0.0 18.399071 -3.798983 -4.94057 3e-06 -1e-06 -0.0 -4.956442 5.925968 -102.192863 0.494485 0.664029 100.999771 -3.858682 1.55405 -37.61359 1.710934 -1.837848 -8.2761 0.0 -0.0 2e-06 4.992112 -4.209153 -99.675385 -0.632944 -0.467363 100.423126 2.067209 -1.26408 -38.357944 -1.393551 0.398996 -6.963539 0.0 0.0 -1e-06 
0.0 0.0 0.0 0.0 -0.0 0.0 0.258219 68.156693 -1.091419 -0.816338 0.299255 50.816463 -1.053638 0.12168 20.800598 -1.181867 -0.865916 5.410164 -2.242595 -1.822597 20.123762 6.112258 3.678293 -17.52228 0.259512 3.600149 -3.528407 1.053881 2.681015 -3.896997 7.7e-05 -2.2e-05 6e-06 0.245808 -0.075283 -0.186834 1.125368 -3.809103 -10.895162 -0.653738 3.632379 -10.83678 18.99716 -36.81757 1.384887 28.240093 -16.380745 -48.821609 0.106993 -14.655301 0.195778 10.336838 8.6763 -20.202511 -5.882102 9.861282 0.702591 -10.936869 -0.360575 7.156207 -0.0 8.774821 -1e-06 -15.485141 18.477539 6.568257 -1.844031 2.498503 -2.507279 -10.163598 4.678943 4.621105 -20.976021 -4e-06 4e-06 -21.226284 2.451697 -3.593996 0.0 -6e-06 -0.0 -1.362681 2.240796 -0.746322 -21.334911 0.584908 3.008326 -13.82121 -2e-06 2e-06 -23.887165 -0.249077 -0.839481 -60.123173 2.318397 -1.060233 -0.294027 1.679687 0.833256 -14.218206 0.093216 1.300581 -34.212036 -0.287565 0.967175 -20.033209 0.964536 1.212844 3e-06 1e-06 1e-06 -3.440386 0.788233 0.501654 -15.928185 -3.167309 2.999709 -6.338826 -1e-06 3e-06 -18.123444 3.648181 -4.905666 -4e-06 0.0 -3e-06 -20.303049 31.833292 -5.222519 -22.749681 33.188072 -50.099285 0.923759 20.476805 0.188055 -26.259892 -3.694247 -3.912914 2.243539 -5.255035 -3.180157 14.282883 -0.826592 6.952502 0.0 -12.690598 -2e-06 15.842131 -18.257404 2.673001 1.665661 -1.95592 -2.878297 4.727795 -4.170584 4.993921 11.020518 3e-06 1e-06 12.109042 -3.735715 -2.866781 1e-06 -0.0 -0.0 1.291986 -1.928549 -1.498088 14.800122 0.567468 3.86561 14.242563 -1.341737 -6.660652 19.631952 0.143924 -0.648241 48.67263 -0.824426 -6.10062 0.353028 -1.51115 -0.031941 20.222778 3.684309 2.316635 18.787264 3e-06 4e-06 10.751622 -0.479869 1.397908 0.0 0.0 0.0 3.273803 0.305947 -0.580109 21.486803 11.830368 2.266139 8.162922 1e-06 2e-06 18.399071 -3.798985 -4.940569 3e-06 -0.0 -0.0 -4.699109 5.70493 -103.852882 0.529526 0.632414 104.316284 -4.175693 1.442722 -38.148373 1.724238 -1.825815 -9.878894 -0.0 0.0 2e-06 4.368794 -4.072088 -101.391281 -0.68264 -0.472456 103.989639 2.29818 -1.105815 -38.249966 -1.377944 0.388596 -9.024533 0.0 0.0 -1e-06 
0.0 0.0 0.0 0.0 -0.0 0.0 0.047714 67.028557 1.483298 -0.539888 0.502915 52.63195 -1.096582 0.049334 20.738287 -1.205387 -0.886025 5.319311 -2.226695 -1.878865 19.456024 6.291345 3.549552 -18.839827 0.268472 3.742543 -3.458744 1.225999 2.838887 -2.940328 7.7e-05 -2.3e-05 7e-06 0.226278 -0.066928 -0.173243 1.135807 -3.809335 -10.883808 -0.705103 3.65055 -10.827481 20.682505 -36.802086 0.810736 28.856487 -15.367009 -50.203884 0.067816 -14.689119 0.202826 14.239686 8.089046 -20.756819 -5.882101 9.861276 0.702589 -10.936859 -0.360574 7.156198 0.0 8.774816 2e-06 -15.549586 18.478003 6.532887 -1.844029 2.498502 -2.507277 -10.163593 4.678941 4.621105 -20.976006 -4e-06 2e-06 -21.226271 2.451694 -3.593997 0.0 -6e-06 -0.0 -1.362679 2.240796 -0.746322 -21.334896 0.58491 3.008319 -13.821203 -2e-06 1e-06 -23.887152 -0.249077 -0.839484 -60.021198 2.348389 -1.108814 -0.294022 1.679686 0.833255 -14.218197 0.093215 1.30058 -34.212021 -0.287561 0.967168 -20.033194 0.964536 1.212841 -0.0 1e-06 2e-06 -3.440388 0.788234 0.501655 -15.928172 -3.167305 2.999704 -6.338821 -1e-06 3e-06 -18.123436 3.648178 -4.905665 -4e-06 0.0 -3e-06 -21.304953 31.531702 -5.628633 -24.132198 31.324535 -50.11599 0.877923 19.504646 0.155375 -27.862583 -4.087378 -3.767169 2.24354 -5.25503 -3.180153 14.282871 -0.826594 6.95249 -0.0 -12.690588 2e-06 15.859876 -18.232992 2.666824 1.665662 -1.955918 -2.878295 4.727792 -4.170582 4.993916 11.020512 3e-06 -1e-06 12.109041 -3.735711 -2.86678 1e-06 1e-06 0.0 1.291984 -1.928546 -1.498087 14.800108 0.567467 3.865601 14.242553 -1.341735 -6.660649 19.631941 0.143926 -0.648246 48.513393 -0.842683 -6.101988 0.353029 -1.511149 -0.03194 20.222765 3.684304 2.316624 18.787249 4e-06 -2e-06 10.751616 -0.479868 1.397903 -0.0 -0.0 0.0 3.273801 0.305946 -0.580111 21.486786 11.830359 2.266127 8.162916 2e-06 -2e-06 18.399059 -3.79898 -4.940571 3e-06 1e-06 -1e-06 -4.526993 5.450566 -104.960388 0.542162 0.593852 106.912361 -4.44056 1.226948 -38.419472 1.742059 -1.812839 -11.556907 -0.0 0.0 2e-06 3.691768 -4.087693 -102.49707 -0.701508 -0.466308 106.89093 2.538528 -0.911217 -37.8438 -1.362099 0.386929 -11.278489 0.0 0.0 -1e-06 
0.0 0.0 0.0 0.0 -0.0 0.0 -0.183198 66.192726 4.457564 -0.234661 0.650648 54.534992 -1.129821 0.004193 20.494381 -1.180348 -0.903162 5.132411 -2.237736 -1.897483 18.82954 6.321886 3.454983 -19.775873 0.200079 3.811151 -3.412897 1.411343 2.985215 -2.099975 7.7e-05 -2.2e-05 6e-06 0.201702 -0.052337 -0.165594 1.138012 -3.802164 -10.880889 -0.75762 3.67411 -10.826037 21.749228 -36.314686 0.541915 28.914059 -15.379189 -51.555302 -0.029232 -15.428309 0.245405 19.074581 7.612059 -20.743332 -5.882107 9.861279 0.702589 -10.936868 -0.360573 7.156208 -3e-06 8.77482 -0.0 -15.590817 18.492819 6.501236 -1.84403 2.498504 -2.507278 -10.163597 4.67894 4.621108 -20.976021 -3e-06 3e-06 -21.226282 2.451695 -3.593998 0.0 -6e-06 -1e-06 -1.362679 2.240796 -0.746323 -21.334909 0.58491 3.008322 -13.821213 -2e-06 4e-06 -23.887167 -0.249077 -0.839482 -60.009388 2.350528 -1.083025 -0.294025 1.679685 0.833256 -14.218204 0.093216 1.300581 -34.212044 -0.287562 0.967174 -20.033209 0.964538 1.212844 1e-06 0.0 2e-06 -3.440387 0.788233 0.501656 -15.928185 -3.167306 2.999707 -6.338825 -1e-06 3e-06 -18.123444 3.648182 -4.905667 -4e-06 1e-06 -2e-06 -21.780584 31.145144 -5.709551 -24.91815 30.24044 -49.921516 0.639804 18.605421 0.105445 -29.830835 -4.469788 -3.590275 2.243541 -5.255033 -3.180155 14.282885 -0.826594 6.952499 -3e-06 -12.690597 0.0 15.884542 -18.263885 2.710951 1.665665 -1.95592 -2.878297 4.727794 -4.170584 4.993921 11.02052 2e-06 -1e-06 12.109046 -3.735713 -2.866782 -1e-06 0.0 -0.0 1.291983 -1.928548 -1.498088 14.800122 0.567467 3.865606 14.242564 -1.341736 -6.660654 19.631958 0.143924 -0.648244 48.451405 -0.872297 -6.143928 0.35303 -1.51115 -0.03194 20.222784 3.684306 2.316629 18.787268 3e-06 -0.0 10.751624 -0.479869 1.397905 -0.0 -0.0 -0.0 3.273807 0.305947 -0.58011 21.486801 11.830365 2.266131 8.162924 2e-06 -1e-06 18.399075 -3.798983 -4.940573 3e-06 0.0 -1e-06 -4.402784 5.303166 -105.488976 0.529218 0.574027 108.992561 -4.636329 0.834575 -38.537132 1.756448 -1.797566 -13.270105 -0.0 -0.0 1e-06 2.99186 -4.188228 -102.938629 -0.706532 -0.476876 109.22023 2.736246 -0.783994 -37.158085 -1.341659 0.382237 -13.609011 0.0 0.0 -1e-06 
0.0 0.0 0.0 0.0 -0.0 0.0 -0.448335 65.517174 7.791588 0.124068 0.677217 56.413658 -1.221278 -0.036823 20.08021 -1.099189 -0.910766 4.842677 -2.343883 -1.89442 18.245632 6.19236 3.353665 -20.221544 0.099329 3.901436 -3.376192 1.591492 3.104573 -1.468179 7.7e-05 -2.3e-05 5e-06 0.15258 -0.03008 -0.15746 1.108037 -3.783416 -10.887665 -0.826172 3.701064 -10.82818 22.153473 -35.317207 0.633756 28.693707 -16.319109 -52.682137 -0.29387 -16.749575 0.341638 24.626554 7.267522 -19.921473 -5.882096 9.861272 0.702591 -10.936855 -0.360576 7.156193 2e-06 8.774817 -1e-06 -15.678816 18.505424 6.45842 -1.844029 2.498501 -2.507275 -10.163584 4.678937 4.621101 -20.975996 -7e-06 -1e-06 -21.226257 2.451688 -3.593994 0.0 -6e-06 -0.0 -1.362681 2.240795 -0.746324 -21.334887 0.584904 3.008317 -13.821196 -7e-06 1e-06 -23.887142 -0.249083 -0.83948 -60.108234 2.349231 -1.025862 -0.294026 1.679683 0.833255 -14.218189 0.093212 1.300576 -34.212002 -0.287571 0.967169 -20.033184 0.964533 1.212843 0.0 0.0 -1e-06 -3.440383 0.788232 0.501653 -15.928165 -3.167308 2.999703 -6.338819 -3e-06 -0.0 -18.123423 3.648174 -4.905665 -3e-06 -1e-06 -3e-06 -21.722641 30.54384 -5.44103 -25.308781 30.062248 -49.726543 0.311992 17.894228 0.048707 -32.456924 -4.938008 -3.274078 2.24354 -5.255032 -3.180154 14.282873 -0.826594 6.952496 -2e-06 -12.690593 0.0 15.832987 -18.313658 2.839022 1.665663 -1.95592 -2.878296 4.727792 -4.170584 4.993918 11.020514 3e-06 -0.0 12.109036 -3.735713 -2.866779 -1e-06 -0.0 -0.0 1.291985 -1.928548 -1.498087 14.800115 0.567468 3.865604 14.242556 -1.341735 -6.66065 19.631943 0.143926 -0.648242 48.413231 -0.860163 -6.182356 0.353031 -1.51115 -0.03194 20.222769 3.684307 2.316629 18.787252 4e-06 1e-06 10.751617 -0.479869 1.397905 -0.0 -0.0 -0.0 3.273802 0.305947 -0.58011 21.486795 11.830366 2.266132 8.162916 2e-06 -0.0 18.399063 -3.798983 -4.94057 3e-06 0.0 -1e-06 -4.330187 5.329358 -105.371567 0.484836 0.57381 110.672722 -4.943212 0.059294 -38.527554 1.761104 -1.788318 -14.955955 -0.0 0.0 3e-06 2.203594 -4.305342 -102.599945 -0.721999 -0.504845 111.034279 2.93696 -0.752415 -36.412193 -1.326317 0.392865 -16.055088 -0.0 -0.0 -1e-06 
0.0 0.0 0.0 0.0 -0.0 0.0 -0.724984 64.956459 11.479075 0.553649 0.537531 58.132183 -1.350643 -0.061755 19.451366 -1.02465 -0.926945 4.485188 -2.576035 -1.912067 17.770588 5.866937 3.296802 -20.128349 -0.031612 3.973603 -3.357086 1.716726 3.200416 -0.86067 7.7e-05 -2.2e-05 7e-06 0.095041 -0.006658 -0.156428 1.063907 -3.755736 -10.903899 -0.89629 3.721174 -10.84361 22.009409 -34.06506 1.048478 28.398993 -17.876114 -53.485199 -0.76868 -18.296692 0.518785 30.527069 7.025894 -18.383015 -5.882102 9.86128 0.70259 -10.936863 -0.360576 7.156203 -1e-06 8.774822 -1e-06 -15.770513 18.51211 6.392981 -1.84403 2.498501 -2.507276 -10.163593 4.678941 4.621107 -20.976009 -4e-06 1e-06 -21.226273 2.451695 -3.593997 0.0 -7e-06 -1e-06 -1.362679 2.240798 -0.746323 -21.334902 0.584907 3.008322 -13.821205 -4e-06 2e-06 -23.887154 -0.24908 -0.83948 -60.287663 2.332787 -0.999341 -0.294025 1.679687 0.833256 -14.218199 0.093214 1.300579 -34.212025 -0.287566 0.967173 -20.033201 0.964536 1.212845 -0.0 0.0 1e-06 -3.440386 0.788232 0.501656 -15.928176 -3.167308 2.999705 -6.338822 -1e-06 1e-06 -18.123436 3.648181 -4.905665 -3e-06 0.0 -1e-06 -21.271286 29.744087 -4.934678 -25.264261 30.768923 -49.670937 0.048685 17.565262 0.024067 -35.71666 -5.318751 -2.817868 2.243539 -5.255034 -3.180156 14.282877 -0.826593 6.952499 -2e-06 -12.690597 -0.0 15.748536 -18.442942 2.965 1.665664 -1.955921 -2.878297 4.727796 -4.170584 4.993921 11.020516 3e-06 -1e-06 12.109043 -3.735713 -2.866782 -1e-06 -0.0 -1e-06 1.291986 -1.928549 -1.498088 14.800118 0.56747 3.865605 14.242558 -1.341735 -6.660653 19.631952 0.143927 -0.648242 48.432739 -0.831772 -6.252969 0.353028 -1.51115 -0.03194 20.222776 3.68431 2.31663 18.787256 6e-06 1e-06 10.75162 -0.479868 1.397906 0.0 -0.0 -0.0 3.273802 0.305947 -0.58011 21.486799 11.830369 2.266134 8.162921 2e-06 0.0 18.399069 -3.798982 -4.94057 3e-06 0.0 -1e-06 -4.352018 5.482003 -104.542976 0.421844 0.574707 111.993179 -5.301647 -0.957642 -38.155582 1.752641 -1.758713 -16.785484 -0.0 -0.0 2e-06 1.331269 -4.408321 -101.413551 -0.732031 -0.531603 112.341507 3.090961 -0.826297 -35.537987 -1.324234 0.416474 -18.829065 -0.0 0.0 -1e-06 
0.0 0.0 0.0 0.0 -0.0 0.0 -0.989268 64.477997 15.53528 0.962051 0.220142 59.549599 -1.520877 -0.078445 18.673273 -0.998236 -0.929144 4.055188 -2.915855 -1.978866 17.369257 5.257934 3.254321 -19.414238 -0.083824 4.047326 -3.3573 1.720839 3.346338 -0.295084 7.7e-05 -2.2e-05 6e-06 0.05182 0.012091 -0.165412 1.025099 -3.724359 -10.917006 -0.942201 3.727921 -10.854037 21.350237 -32.717812 1.77075 28.150309 -19.995592 -53.954071 -1.357682 -19.45167 0.741776 36.14032 6.846103 -16.354877 -5.882106 9.861285 0.702591 -10.936871 -0.360576 7.156205 -2e-06 8.774824 -1e-06 -15.766771 18.515926 6.329665 -1.844032 2.498504 -2.507277 -10.163597 4.678944 4.621108 -20.976017 -4e-06 2e-06 -21.226282 2.451695 -3.594001 0.0 -6e-06 -3e-06 -1.362684 2.240799 -0.746322 -21.334911 0.584909 3.008325 -13.821211 -2e-06 3e-06 -23.887159 -0.249078 -0.83948 -60.361053 2.338233 -1.06196 -0.294023 1.679688 0.833254 -14.218203 0.093212 1.300581 -34.212048 -0.287564 0.967173 -20.033211 0.964537 1.212845 0.0 0.0 0.0 -3.440388 0.788234 0.501657 -15.928179 -3.167311 2.999709 -6.338825 -2e-06 1e-06 -18.123444 3.648182 -4.90567 -4e-06 2e-06 -3e-06 -20.596304 28.603933 -4.190975 -24.730886 32.494011 -49.622963 -0.020525 17.889658 0.056409 -39.099045 -5.383093 -2.355652 2.243539 -5.255034 -3.180156 14.282874 -0.826593 6.952498 -3e-06 -12.690597 -0.0 15.663838 -18.599789 3.049871 1.665663 -1.95592 -2.878297 4.727795 -4.170584 4.993919 11.020517 3e-06 -2e-06 12.10904 -3.735714 -2.866784 2e-06 0.0 -0.0 1.291985 -1.928548 -1.498088 14.800115 0.567469 3.865604 14.24256 -1.341736 -6.660654 19.63195 0.143927 -0.648245 48.581139 -0.83084 -6.327793 0.353029 -1.51115 -0.03194 20.222775 3.684308 2.316628 18.787254 5e-06 -1e-06 10.751619 -0.479868 1.397905 0.0 -0.0 -0.0 3.273803 0.305947 -0.58011 21.48679 11.830368 2.26613 8.162921 1e-06 -0.0 18.399065 -3.798983 -4.940571 3e-06 0.0 -1e-06 -4.383246 5.747379 -102.866623 0.347264 0.566972 112.949211 -5.673539 -1.855767 -37.476723 1.724486 -1.696706 -18.728174 -0.0 -0.0 1e-06 0.45749 -4.461337 -99.124756 -0.695776 -0.517772 113.043945 3.176109 -0.807758 -34.62587 -1.334771 0.439743 -21.901262 0.0 0.0 -1e-06 
0.0 0.0 0.0 0.0 -0.0 0.0 -1.241704 64.000191 19.936514 1.253179 -0.242266 60.654415 -1.700282 -0.081262 17.823805 -1.066648 -0.891176 3.5663 -3.314707 -2.082678 16.951151 4.460131 3.246033 -18.182957 -0.042244 4.100853 -3.393362 1.473885 3.547851 0.170847 7.7e-05 -2.2e-05 6e-06 0.03853 0.021779 -0.189799 1.014395 -3.697605 -10.943333 -0.955928 3.720953 -10.879122 20.284403 -31.408936 2.6562 27.992027 -22.682798 -53.665989 -1.864995 -19.724348 0.915363 40.971596 6.847219 -14.44169 -5.882105 9.861285 0.70259 -10.936869 -0.360577 7.156205 -0.0 8.774826 -2e-06 -15.599717 18.493599 6.272901 -1.844032 2.498504 -2.507277 -10.163595 4.678944 4.621107 -20.976017 -4e-06 6e-06 -21.226284 2.451697 -3.593998 0.0 -6e-06 -2e-06 -1.362682 2.240798 -0.746323 -21.334913 0.584909 3.008325 -13.821213 -2e-06 5e-06 -23.887167 -0.249078 -0.83948 -60.217228 2.368537 -1.16227 -0.294025 1.679687 0.833255 -14.218206 0.093214 1.300583 -34.212044 -0.287563 0.967174 -20.033209 0.964537 1.212845 0.0 0.0 0.0 -3.440387 0.788233 0.501657 -15.928185 -3.16731 2.999709 -6.338824 -2e-06 2e-06 -18.123444 3.648183 -4.90567 -3e-06 0.0 -4e-06 -19.82942 27.120192 -3.265113 -23.699871 35.15596 -49.258137 0.215063 18.802917 0.1897 -42.117256 -4.988097 -1.900904 2.243539 -5.255033 -3.180157 14.28288 -0.826593 6.952497 -1e-06 -12.690595 0.0 15.715581 -18.704332 3.030502 1.665666 -1.955921 -2.878298 4.727797 -4.170584 4.993919 11.02052 3e-06 -3e-06 12.109041 -3.735711 -2.866783 0.0 -0.0 0.0 1.291986 -1.928548 -1.498089 14.800118 0.567468 3.865604 14.242562 -1.341734 -6.660655 19.631954 0.143927 -0.648247 48.887863 -0.855931 -6.374271 0.353029 -1.511149 -0.03194 20.222773 3.684307 2.316627 18.787254 5e-06 -2e-06 10.751621 -0.479868 1.397905 1e-06 -0.0 -0.0 3.273804 0.305947 -0.58011 21.486799 11.830367 2.266129 8.162921 2e-06 -1e-06 18.399067 -3.79898 -4.940572 3e-06 -0.0 -1e-06 -4.32827 6.091863 -100.315598 0.257788 0.543883 113.583611 -5.912292 -2.255486 -36.494209 1.692985 -1.623299 -20.778055 0.0 -0.0 2e-06 -0.262168 -4.511871 -95.704865 -0.595373 -0.450141 113.102196 3.000319 -0.558109 -33.762173 -1.345763 0.448003 -25.117472 -0.0 -0.0 -2e-06 
0.0 0.0 0.0 0.0 -0.0 0.0 -1.492749 63.527809 24.617512 1.379848 -0.795677 61.47393 -1.753382 -0.023945 17.028336 -1.21447 -0.905801 3.104146 -3.781004 -2.075885 16.311237 3.548692 3.277655 -16.742695 -0.006398 4.001771 -3.399948 1.087018 3.786 0.318133 7.7e-05 -2.3e-05 6e-06 0.064904 0.019042 -0.213693 1.045286 -3.693981 -11.016647 -0.932684 3.713126 -10.961592 19.032902 -30.172911 3.448289 27.744173 -26.05843 -52.323051 -2.090524 -18.948423 0.937451 44.838593 7.121983 -12.766146 -5.882106 9.86128 0.702588 -10.936869 -0.360576 7.156205 4e-06 8.774819 -2e-06 -15.543527 18.38567 6.172076 -1.844031 2.498503 -2.507278 -10.163597 4.67894 4.621109 -20.976017 -5e-06 7e-06 -21.226282 2.451695 -3.593999 0.0 -6e-06 -2e-06 -1.362682 2.240797 -0.746322 -21.334911 0.584909 3.008324 -13.82121 -2e-06 2e-06 -23.887167 -0.249079 -0.839479 -59.900917 2.418094 -1.224139 -0.294024 1.679687 0.833256 -14.218205 0.093215 1.300581 -34.212044 -0.287563 0.967174 -20.033209 0.964538 1.212845 0.0 -0.0 -0.0 -3.440387 0.788232 0.501655 -15.928185 -3.167308 2.99971 -6.338825 -1e-06 2e-06 -18.123444 3.64818 -4.905668 -4e-06 -0.0 -3e-06 -19.117096 25.330992 -2.411665 -21.94705 38.622501 -48.500927 0.610685 19.896654 0.408899 -44.218693 -3.979977 -1.164387 2.243541 -5.255035 -3.180157 14.282878 -0.826592 6.952499 -2e-06 -12.690598 -1e-06 15.802018 -18.644468 2.941259 1.665667 -1.955921 -2.878298 4.727797 -4.170584 4.993921 11.020518 4e-06 -2e-06 12.109042 -3.735713 -2.866784 1e-06 0.0 -0.0 1.291985 -1.928549 -1.498089 14.800115 0.567469 3.865605 14.24256 -1.341735 -6.660655 19.631952 0.143927 -0.648244 49.09177 -1.014349 -6.414694 0.353027 -1.51115 -0.03194 20.222775 3.684309 2.316629 18.787256 5e-06 -1e-06 10.75162 -0.479868 1.397905 -0.0 -0.0 0.0 3.273804 0.305947 -0.580111 21.486799 11.830368 2.266132 8.162921 2e-06 0.0 18.399065 -3.798981 -4.940572 3e-06 -1e-06 -1e-06 -4.048684 6.3238 -96.845116 0.177327 0.521179 113.709076 -6.308094 -1.862889 -35.389744 1.673913 -1.565885 -22.424126 0.0 0.0 2e-06 -0.680536 -4.574962 -91.441086 -0.44617 -0.263525 112.409103 2.485195 -0.236681 -32.88797 -1.363903 0.474842 -28.393526 0.0 0.0 -2e-06 
0.0 0.0 0.0 0.0 -0.0 0.0 -1.763497 63.134491 29.645407 1.339255 -1.391808 62.429451 -1.861243 0.087924 16.123571 -1.366817 -0.846401 2.554683 -4.226326 -2.036462 15.577816 2.612899 3.488639 -15.34735 0.029824 3.899594 -3.477978 0.62997 3.782666 0.407298 7.7e-05 -2.3e-05 6e-06 0.05907 0.016383 -0.22526 1.034757 -3.710509 -11.118931 -0.931777 3.728415 -11.089865 17.582821 -28.802362 4.344124 27.623827 -29.954136 -50.246361 -2.076226 -17.621996 0.831708 48.382523 7.791874 -11.501952 -5.882104 9.861281 0.702592 -10.936871 -0.360576 7.156204 4e-06 8.774822 -0.0 -15.299353 18.212942 6.149118 -1.844032 2.498503 -2.507278 -10.163599 4.678944 4.621106 -20.976019 -6e-06 4e-06 -21.226278 2.451694 -3.593997 0.0 -6e-06 -1e-06 -1.362681 2.240798 -0.746323 -21.334911 0.584908 3.008324 -13.821213 -3e-06 4e-06 -23.887169 -0.24908 -0.839481 -59.631016 2.296494 -1.150443 -0.294023 1.679687 0.833256 -14.218207 0.093215 1.30058 -34.212048 -0.287568 0.967173 -20.033209 0.964534 1.212845 0.0 0.0 0.0 -3.440388 0.788233 0.501656 -15.928181 -3.16731 2.999706 -6.338824 -2e-06 2e-06 -18.123444 3.648181 -4.905668 -3e-06 -0.0 -3e-06 -18.53738 23.602362 -1.644902 -19.378559 42.238441 -46.701691 0.878387 20.82328 0.496047 -46.472664 -2.524808 0.129784 2.243544 -5.255036 -3.180157 14.28289 -0.826593 6.9525 -3e-06 -12.690601 -1e-06 15.931462 -18.636076 2.921168 1.665666 -1.955921 -2.878298 4.7278 -4.170586 4.993922 11.020528 4e-06 -0.0 12.109054 -3.735715 -2.866784 0.0 -0.0 0.0 1.291985 -1.928549 -1.498089 14.800125 0.567469 3.865606 14.242571 -1.341736 -6.660655 19.631969 0.143926 -0.648243 49.258801 -1.076317 -6.33676 0.353028 -1.51115 -0.03194 20.222794 3.68431 2.31663 18.78727 6e-06 -0.0 10.751627 -0.479867 1.397906 -0.0 -0.0 0.0 3.273808 0.305947 -0.58011 21.486813 11.830376 2.266134 8.162928 3e-06 -0.0 18.399082 -3.798982 -4.940575 2e-06 -0.0 -1e-06 -3.793957 6.464317 -93.235527 0.112814 0.491521 113.504219 -6.310843 -0.249812 -34.387119 1.620143 -1.549189 -22.821289 0.0 0.0 3e-06 -1.011651 -4.528685 -87.129623 -0.379231 -0.209107 111.178696 1.513252 -0.189623 -31.37862 -1.396245 0.470059 -32.099789 0.0 0.0 -1e-06 
0.0 0.0 0.0 0.0 -0.0 0.0 -2.097692 62.5816 34.876644 1.208549 -1.759157 63.53104 -1.901822 0.221587 15.197308 -1.397261 -0.770521 2.006268 -4.566771 -1.84386 14.803164 1.649376 3.62641 -14.122389 0.098326 3.677137 -3.528527 0.145059 3.662107 0.170355 7.7e-05 -2.3e-05 6e-06 0.079445 0.005127 -0.22473 1.062126 -3.738313 -11.223825 -0.917525 3.738816 -11.212491 16.362185 -27.12793 4.959339 27.015045 -34.4147 -48.332596 -2.080219 -16.482441 0.709426 51.658669 8.148537 -10.305964 -5.88211 9.861288 0.702589 -10.936876 -0.360573 7.156208 2e-06 8.774829 -2e-06 -15.169823 18.166342 6.202086 -1.844033 2.498506 -2.507277 -10.163604 4.678948 4.621111 -20.976027 -1e-06 4e-06 -21.226292 2.451699 -3.594 1e-06 -6e-06 -1e-06 -1.362682 2.240798 -0.746323 -21.334921 0.584912 3.008326 -13.821217 -1e-06 3e-06 -23.887175 -0.249076 -0.839484 -59.357986 2.211452 -1.164154 -0.294024 1.679689 0.833256 -14.218215 0.093214 1.300583 -34.212059 -0.28756 0.967172 -20.033226 0.964539 1.212842 -0.0 0.0 -2e-06 -3.44039 0.788233 0.501657 -15.928191 -3.167309 2.99971 -6.338828 -1e-06 3e-06 -18.123455 3.648186 -4.905671 -4e-06 0.0 -3e-06 -17.961985 22.24263 -0.946626 -15.978734 45.275341 -44.401825 1.048089 21.769146 0.568366 -48.719597 -1.068259 1.359697 2.243542 -5.255038 -3.180159 14.282896 -0.826594 6.952507 0.0 -12.690607 -2e-06 15.974424 -18.586374 2.929646 1.665667 -1.955922 -2.878299 4.7278 -4.170588 4.993925 11.020531 3e-06 1e-06 12.109058 -3.735717 -2.866783 0.0 0.0 -0.0 1.291984 -1.92855 -1.498089 14.800132 0.567469 3.865611 14.242579 -1.341738 -6.660657 19.631975 0.143923 -0.648243 49.420845 -1.060499 -6.180804 0.353028 -1.511151 -0.03194 20.222801 3.684309 2.316634 18.787283 3e-06 2e-06 10.751632 -0.479869 1.397907 0.0 0.0 0.0 3.273808 0.305947 -0.58011 21.486824 11.830376 2.266139 8.16293 2e-06 1e-06 18.399092 -3.798986 -4.940575 3e-06 0.0 -1e-06 -3.558154 6.537657 -89.364426 0.073378 0.394725 112.532471 -6.195611 1.783335 -33.190403 1.609013 -1.531156 -22.976177 0.0 -0.0 2e-06 -0.976972 -4.488167 -83.029442 -0.278141 -0.089798 109.630371 0.955092 0.081989 -29.876204 -1.395729 0.477913 -33.610363 0.0 0.0 0.0 
0.0 0.0 0.0 0.0 -0.0 0.0 -2.442546 62.001549 40.175266 1.331243 -1.900314 64.844543 -1.916397 0.275032 14.244652 -1.37461 -0.664507 1.485859 -4.763733 -1.608925 13.982214 0.752082 3.758658 -13.198154 0.079422 3.321214 -3.575159 -0.250645 3.362084 -0.241569 7.7e-05 -2.3e-05 6e-06 0.084003 0.001056 -0.215267 1.068487 -3.751641 -11.291164 -0.913942 3.748421 -11.291289 15.287161 -25.091648 5.492806 26.279137 -39.308372 -46.614254 -2.165447 -15.861291 0.629005 54.765995 8.226986 -9.337047 -5.882098 9.861275 0.702592 -10.936863 -0.360574 7.156199 3e-06 8.774817 1e-06 -15.18382 18.146088 6.217285 -1.844032 2.498503 -2.507275 -10.163589 4.678939 4.621105 -20.976007 -6e-06 2e-06 -21.226269 2.451692 -3.593996 1e-06 -6e-06 1e-06 -1.362681 2.240795 -0.746322 -21.334896 0.584908 3.008318 -13.821201 -5e-06 2e-06 -23.887146 -0.249081 -0.839482 -59.240097 2.108796 -1.133172 -0.294025 1.679687 0.833256 -14.218197 0.093213 1.300577 -34.212021 -0.287568 0.967167 -20.033195 0.964534 1.212844 0.0 -0.0 0.0 -3.440384 0.788233 0.501655 -15.928174 -3.167307 2.999702 -6.338821 -2e-06 1e-06 -18.12343 3.648178 -4.905665 -3e-06 -0.0 -2e-06 -17.144899 21.428951 -0.244278 -11.472023 47.208736 -41.526104 1.171674 23.117302 0.660467 -51.321026 0.763433 2.65609 2.243538 -5.255031 -3.180155 14.28288 -0.826595 6.952496 -3e-06 -12.690592 4e-06 16.008308 -18.525702 2.928429 1.665664 -1.955919 -2.878297 4.727794 -4.170584 4.99392 11.020517 3e-06 -1e-06 12.109042 -3.735711 -2.866781 1e-06 -0.0 -0.0 1.291983 -1.928547 -1.498088 14.800118 0.567466 3.865604 14.242562 -1.341734 -6.660652 19.631952 0.143926 -0.648245 49.662262 -1.010267 -5.921045 0.353028 -1.511149 -0.031939 20.222778 3.684306 2.316627 18.787256 5e-06 -1e-06 10.751619 -0.479868 1.397904 0.0 -0.0 -0.0 3.273804 0.305947 -0.58011 21.486799 11.830362 2.266127 8.162918 2e-06 -1e-06 18.399067 -3.798982 -4.94057 3e-06 -0.0 -1e-06 -3.456848 6.459529 -85.506958 -0.002198 0.220375 110.639061 -6.300473 2.848909 -31.982275 1.631567 -1.542363 -23.277987 0.0 -1e-06 3e-06 -0.849022 -4.768578 -79.14994 -0.180474 0.006107 107.524788 0.719971 0.388287 -28.614664 -1.379498 0.487008 -33.958374 0.0 -0.0 -3e-06 
0.0 0.0 0.0 0.0 -0.0 0.0 -2.812555 61.357594 45.460194 1.752844 -1.808762 66.460541 -1.915841 0.270087 13.28633 -1.317333 -0.518418 1.003597 -4.834776 -1.374191 13.160035 -0.069142 3.858627 -12.7666 0.001096 2.867209 -3.61248 -0.465101 2.833761 -0.745148 7.7e-05 -2.2e-05 6e-06 0.067405 0.004904 -0.202163 1.054969 -3.753895 -11.340801 -0.933146 3.761272 -11.335111 14.413855 -22.783346 5.917162 25.5788 -44.380558 -44.93277 -2.250083 -15.873266 0.599538 57.826561 8.216841 -8.460811 -5.882103 9.861284 0.70259 -10.936868 -0.360574 7.156204 2e-06 8.774823 -2e-06 -15.284379 18.1357 6.237621 -1.844032 2.498503 -2.507278 -10.163597 4.678943 4.621107 -20.976017 -5e-06 2e-06 -21.22628 2.451694 -3.594001 1e-06 -6e-06 -1e-06 -1.362682 2.240798 -0.746324 -21.334909 0.584909 3.008322 -13.821211 -3e-06 0.0 -23.887165 -0.24908 -0.839484 -59.257214 2.040424 -1.05136 -0.294024 1.679686 0.833255 -14.218204 0.093215 1.300579 -34.212036 -0.287564 0.96717 -20.033205 0.964535 1.212843 0.0 0.0 0.0 -3.440387 0.788233 0.501656 -15.928179 -3.16731 2.999706 -6.338824 -2e-06 1e-06 -18.123442 3.648182 -4.90567 -2e-06 -0.0 -2e-06 -15.984965 21.137669 0.435485 -6.109314 47.742954 -38.279186 1.315677 25.131273 0.795367 -54.25919 3.023558 3.99101 2.24354 -5.255037 -3.180157 14.282887 -0.826592 6.952501 -1e-06 -12.690601 -2e-06 15.975662 -18.462465 2.956961 1.665666 -1.955922 -2.878298 4.727797 -4.170586 4.993921 11.020523 4e-06 -1e-06 12.109047 -3.735714 -2.866784 0.0 -0.0 -0.0 1.291983 -1.928549 -1.498089 14.800122 0.56747 3.865607 14.242568 -1.341736 -6.660656 19.631958 0.143927 -0.648243 49.94825 -0.902003 -5.646093 0.353029 -1.51115 -0.03194 20.222784 3.684311 2.316631 18.78727 6e-06 0.0 10.751625 -0.479868 1.397907 0.0 -0.0 -0.0 3.273805 0.305947 -0.58011 21.486809 11.830374 2.266136 8.162923 3e-06 1e-06 18.399076 -3.798983 -4.940573 3e-06 0.0 -1e-06 -3.561624 6.397645 -81.962196 -0.129415 -0.10105 108.098076 -6.542335 2.699332 -30.786198 1.675637 -1.563158 -23.638767 0.0 -0.0 2e-06 -0.592364 -5.426859 -75.517929 -0.077131 0.134131 104.715294 0.77236 0.691923 -27.661945 -1.362765 0.498073 -33.706451 0.0 0.0 -3e-06 
0.0 0.0 0.0 0.0 -0.0 0.0 -3.228159 60.707062 50.823254 2.424793 -1.506765 68.435509 -1.859156 0.224614 12.348086 -1.235082 -0.343054 0.588549 -4.866792 -1.184649 12.393656 -0.800453 3.927861 -12.990142 -0.134566 2.369027 -3.649086 -0.488548 2.127642 -1.149172 7.7e-05 -2.2e-05 6e-06 0.048739 0.015943 -0.191101 1.044235 -3.748398 -11.379763 -0.959539 3.780134 -11.361744 13.759801 -20.425798 6.273904 25.082258 -49.210159 -43.373539 -2.278258 -16.461475 0.60836 61.012894 8.281222 -7.659786 -5.882103 9.861279 0.702589 -10.936865 -0.360573 7.156202 2e-06 8.77482 -2e-06 -15.354691 18.138142 6.302299 -1.844031 2.498503 -2.507275 -10.163594 4.678943 4.621106 -20.976013 -2e-06 4e-06 -21.226278 2.451697 -3.593997 -0.0 -6e-06 1e-06 -1.362681 2.240795 -0.746323 -21.334908 0.58491 3.008324 -13.821208 -1e-06 2e-06 -23.887161 -0.249076 -0.839483 -59.344864 2.041203 -0.988324 -0.294025 1.679685 0.833255 -14.218205 0.093215 1.300581 -34.21204 -0.28756 0.96717 -20.033209 0.964538 1.212843 0.0 0.0 0.0 -3.440387 0.788233 0.501655 -15.928179 -3.167308 2.999707 -6.338825 -1e-06 1e-06 -18.123444 3.648182 -4.905666 -3e-06 -0.0 -2e-06 -14.534839 21.298847 1.000007 -0.513048 46.823772 -35.083904 1.575659 27.844429 1.01017 -57.570457 5.648636 5.173834 2.243539 -5.25503 -3.180155 14.282879 -0.826592 6.952494 -4e-06 -12.690588 1e-06 15.829824 -18.447025 3.028216 1.665664 -1.955919 -2.878296 4.727793 -4.170582 4.993917 11.020512 3e-06 -1e-06 12.109037 -3.735711 -2.866781 -0.0 -0.0 0.0 1.291985 -1.928547 -1.498087 14.800114 0.567468 3.865603 14.242556 -1.341734 -6.66065 19.63195 0.143927 -0.648244 50.279884 -0.786941 -5.396101 0.353028 -1.511149 -0.03194 20.222773 3.684307 2.316627 18.787254 6e-06 -1e-06 10.751617 -0.479867 1.397905 -0.0 0.0 -0.0 3.273803 0.305947 -0.58011 21.48679 11.83036 2.266129 8.162918 2e-06 -1e-06 18.399063 -3.79898 -4.940569 3e-06 1e-06 -1e-06 -3.838175 6.47612 -78.972572 -0.297966 -0.585761 105.210526 -6.830422 1.511428 -29.51181 1.725998 -1.584638 -23.826912 -0.0 -0.0 0.0 -0.144684 -6.443146 -72.076836 0.04652 0.358134 100.947937 1.094337 1.134781 -26.783119 -1.353123 0.503312 -33.686424 0.0 -0.0 -3e-06 
0.0 0.0 0.0 0.0 -0.0 0.0 -3.700521 60.078705 56.229473 3.229233 -1.105276 70.794495 -1.75201 0.150547 11.4685 -1.135681 -0.167158 0.2538 -4.912356 -1.057314 11.664518 -1.346529 3.958627 -13.774552 -0.35675 1.917623 -3.707689 -0.367302 1.352123 -1.382441 7.6e-05 -2.3e-05 6e-06 0.02644 0.03482 -0.188677 1.035457 -3.735435 -11.407954 -0.994412 3.806429 -11.37567 13.276496 -18.128445 6.541752 24.733232 -53.486729 -42.10582 -2.291631 -17.653513 0.665212 64.550407 8.280788 -6.826434 -5.882104 9.86128 0.702588 -10.936861 -0.360577 7.156201 2e-06 8.774819 -2e-06 -15.359455 18.157688 6.359066 -1.844031 2.498504 -2.507276 -10.163592 4.678941 4.621104 -20.976011 -2e-06 1e-06 -21.226273 2.451695 -3.593999 1e-06 -7e-06 -0.0 -1.362679 2.240797 -0.746323 -21.334904 0.584908 3.00832 -13.821205 -3e-06 1e-06 -23.887156 -0.249078 -0.839483 -59.441601 2.116978 -0.97719 -0.294025 1.679686 0.833256 -14.218199 0.093214 1.300579 -34.212032 -0.287564 0.967168 -20.033197 0.964535 1.212843 -0.0 0.0 -0.0 -3.440386 0.788233 0.501654 -15.928179 -3.167308 2.999706 -6.338821 -2e-06 2e-06 -18.123436 3.64818 -4.905668 -3e-06 0.0 -2e-06 -12.982613 21.565977 1.380647 4.815891 44.977894 -32.40094 1.879892 31.176546 1.262527 -61.155785 8.513505 6.008 2.243539 -5.255032 -3.180155 14.282874 -0.826592 6.952497 -2e-06 -12.690593 -1e-06 15.615808 -18.440666 3.114943 1.665665 -1.95592 -2.878297 4.727795 -4.170584 4.993918 11.020514 3e-06 -0.0 12.109039 -3.735713 -2.866781 1e-06 -0.0 -0.0 1.291984 -1.928548 -1.498088 14.800112 0.567469 3.865604 14.242555 -1.341735 -6.660651 19.631945 0.143925 -0.648241 50.637001 -0.711652 -5.172781 0.353028 -1.51115 -0.03194 20.222769 3.684307 2.316629 18.787252 5e-06 1e-06 10.751616 -0.479868 1.397906 -0.0 0.0 -0.0 3.273802 0.305947 -0.58011 21.486788 11.830364 2.266132 8.162918 2e-06 0.0 18.399063 -3.798982 -4.940569 3e-06 0.0 -1e-06 -4.256676 6.800032 -76.67807 -0.481975 -1.190346 102.368973 -7.113416 -0.341843 -28.114883 1.750193 -1.601922 -23.553844 -0.0 -0.0 1e-06 0.480253 -7.726929 -68.904404 0.186697 0.698067 96.391235 1.632676 1.812237 -25.688868 -1.348502 0.50407 -33.744915 0.0 0.0 -3e-06 
0.0 0.0 0.0 0.0 -0.0 0.0 -4.161009 59.451187 61.608292 3.954607 -0.815814 73.453972 -1.65794 0.077069 10.673223 -1.01021 -0.013938 -0.00711 -4.978294 -0.97585 10.95341 -1.655056 3.967652 -14.732898 -0.636273 1.593408 -3.78712 -0.195086 0.580444 -1.454886 7.7e-05 -2.3e-05 6e-06 0.009008 0.050181 -0.195119 1.03702 -3.725055 -11.432268 -1.029503 3.828527 -11.390268 12.890132 -15.91776 6.674252 24.044106 -56.985092 -40.966148 -2.263756 -19.597698 0.733305 68.552185 7.97671 -5.714676 -5.882106 9.861286 0.702588 -10.936871 -0.360576 7.156207 0.0 8.774828 -6e-06 -15.34578 18.211613 6.40217 -1.844033 2.498506 -2.507277 -10.163601 4.678944 4.621107 -20.976021 -3e-06 5e-06 -21.226286 2.451699 -3.593999 -0.0 -6e-06 0.0 -1.362683 2.240798 -0.746324 -21.334913 0.584908 3.008326 -13.821213 -3e-06 3e-06 -23.887167 -0.249078 -0.839478 -59.620529 2.215967 -1.019468 -0.294026 1.679688 0.833256 -14.218208 0.093213 1.300583 -34.212048 -0.287563 0.967176 -20.033213 0.964538 1.212847 -0.0 0.0 -0.0 -3.440387 0.788233 0.501656 -15.928185 -3.167312 2.999711 -6.338824 -2e-06 2e-06 -18.123444 3.648184 -4.90567 -3e-06 0.0 -3e-06 -11.714226 21.420469 1.521814 9.768309 43.058292 -30.165337 1.945574 35.114349 1.39277 -64.682602 11.245149 6.553846 2.243543 -5.255039 -3.180159 14.282893 -0.826593 6.952499 -1e-06 -12.690605 -4e-06 15.443925 -18.411299 3.234531 1.665667 -1.955923 -2.878298 4.727799 -4.170588 4.993921 11.020528 2e-06 -2e-06 12.109055 -3.735717 -2.866787 0.0 -0.0 0.0 1.291984 -1.92855 -1.498089 14.800131 0.567469 3.865606 14.242577 -1.341738 -6.660661 19.631973 0.143926 -0.648247 51.044262 -0.678477 -5.00137 0.353028 -1.511151 -0.031941 20.22279 3.684311 2.316629 18.78727 5e-06 -3e-06 10.751629 -0.479867 1.397905 0.0 0.0 0.0 3.273806 0.305946 -0.580111 21.486813 11.830376 2.266135 8.162924 2e-06 -1e-06 18.399084 -3.798982 -4.940579 4e-06 0.0 -1e-06 -4.878545 7.457391 -75.24601 -0.663485 -1.842162 100.240364 -7.437854 -2.332324 -26.896738 1.733507 -1.621209 -22.267406 0.0 -0.0 2e-06 1.14635 -9.164518 -66.287605 0.338051 1.165315 91.786743 2.380628 3.043774 -24.427206 -1.365687 0.512051 -33.11824 0.0 -0.0 -3e-06 
0.0 0.0 0.0 0.0 -0.0 0.0 -4.550224 58.78693 66.800011 4.41441 -0.736229 76.236519 -1.588625 0.045577 9.972585 -0.928005 0.159817 -0.234151 -4.991757 -0.950314 10.341587 -1.717584 3.958625 -15.45979 -0.868639 1.400618 -3.866254 -0.088954 -0.084407 -1.493354 7.7e-05 -2.2e-05 5e-06 0.015923 0.054184 -0.20807 1.065324 -3.716992 -11.44225 -1.042734 3.831389 -11.390409 12.524667 -13.675154 6.713461 22.296242 -59.694359 -39.330914 -2.099616 -22.672186 0.783407 73.15152 7.1139 -4.105739 -5.882102 9.86128 0.702591 -10.936867 -0.360577 7.156203 -0.0 8.774821 -1e-06 -15.320855 18.300053 6.426987 -1.844029 2.498505 -2.507276 -10.163595 4.678942 4.621107 -20.976017 -3e-06 3e-06 -21.226273 2.451696 -3.593997 1e-06 -6e-06 -0.0 -1.362682 2.240796 -0.746323 -21.334911 0.584909 3.008321 -13.821212 -3e-06 3e-06 -23.887167 -0.249078 -0.839482 -59.880493 2.272373 -1.116454 -0.294025 1.679687 0.833255 -14.218201 0.093214 1.300579 -34.21204 -0.287564 0.967171 -20.033203 0.964536 1.212845 0.0 -0.0 0.0 -3.440386 0.788233 0.501655 -15.928179 -3.167308 2.999706 -6.338822 -2e-06 2e-06 -18.12344 3.648181 -4.905666 -4e-06 0.0 -3e-06 -10.766318 20.644623 1.558745 14.482335 41.429417 -28.313715 1.771499 39.995903 1.363231 -67.975693 13.960434 7.066414 2.24354 -5.255035 -3.180157 14.282887 -0.826592 6.952503 -4e-06 -12.690603 -1e-06 15.296683 -18.337585 3.382413 1.665667 -1.955921 -2.878297 4.727797 -4.170586 4.993923 11.020521 4e-06 1e-06 12.109049 -3.735715 -2.866781 -2e-06 -0.0 -0.0 1.291985 -1.928549 -1.498088 14.800127 0.567469 3.865609 14.242565 -1.341735 -6.660653 19.63196 0.143926 -0.648241 51.366764 -0.66374 -4.934629 0.353028 -1.51115 -0.03194 20.222786 3.684311 2.316633 18.78727 5e-06 3e-06 10.751625 -0.479868 1.397907 1e-06 -0.0 0.0 3.273806 0.305947 -0.58011 21.486809 11.830373 2.266136 8.162924 3e-06 1e-06 18.399075 -3.798983 -4.94057 4e-06 0.0 -1e-06 -5.647165 8.472179 -74.424637 -0.824987 -2.474505 99.37159 -7.83662 -3.925767 -26.408997 1.69846 -1.657327 -19.658628 -1e-06 -0.0 0.0 1.901535 -10.818683 -64.264809 0.521988 1.803199 87.878197 3.391266 4.665751 -22.967363 -1.417406 0.53868 -31.14036 0.0 0.0 -2e-06 
0.0 0.0 0.0 0.0 -0.0 0.0 -4.845201 58.045292 71.668335 4.588207 -0.878512 78.96949 -1.537591 0.074988 9.346331 -0.919443 0.346311 -0.446075 -4.930867 -0.931827 9.866827 -1.515525 3.94464 -15.699409 -0.991412 1.25828 -3.944993 -0.069458 -0.639408 -1.419573 7.7e-05 -2.2e-05 6e-06 0.05297 0.048464 -0.220965 1.114929 -3.706321 -11.434765 -1.018182 3.814094 -11.368895 12.169319 -11.22396 6.764177 18.872095 -61.812317 -36.439457 -1.747689 -27.173225 0.780015 78.285164 5.439476 -1.93226 -5.882107 9.861287 0.702591 -10.936875 -0.360574 7.156208 -1e-06 8.774828 -1e-06 -15.291797 18.401503 6.45416 -1.844033 2.498504 -2.507277 -10.163606 4.678945 4.621109 -20.976028 -3e-06 5e-06 -21.226288 2.451699 -3.594 -1e-06 -6e-06 0.0 -1.362681 2.240799 -0.746323 -21.334915 0.584909 3.008326 -13.821217 -2e-06 3e-06 -23.887178 -0.249078 -0.839483 -60.197319 2.193215 -1.215206 -0.294026 1.679688 0.833256 -14.21821 0.093214 1.300582 -34.212055 -0.287563 0.967174 -20.033218 0.964538 1.212846 0.0 -0.0 -1e-06 -3.440389 0.788233 0.501656 -15.928192 -3.16731 2.999709 -6.338828 -1e-06 2e-06 -18.123447 3.648185 -4.90567 -3e-06 1e-06 -2e-06 -9.982016 19.365908 1.70311 19.171549 39.924427 -26.46858 1.373023 46.103214 1.154806 -70.89373 16.478237 7.716853 2.243544 -5.255039 -3.180159 14.282899 -0.826596 6.952508 -0.0 -12.69061 1e-06 15.131562 -18.17701 3.502023 1.665668 -1.955922 -2.878301 4.727803 -4.17059 4.993926 11.020532 3e-06 -0.0 12.109058 -3.735717 -2.866784 0.0 -0.0 0.0 1.291986 -1.92855 -1.49809 14.800138 0.567468 3.865611 14.242582 -1.341737 -6.66066 19.631975 0.143924 -0.648245 51.470783 -0.595148 -4.92012 0.353028 -1.511151 -0.03194 20.222809 3.68431 2.316633 18.787289 3e-06 1e-06 10.751637 -0.47987 1.397907 -0.0 1e-06 -0.0 3.273809 0.305947 -0.580111 21.48683 11.830379 2.266136 8.162933 1e-06 1e-06 18.399097 -3.798988 -4.940577 2e-06 -0.0 -1e-06 -6.433244 9.87804 -73.695724 -0.973979 -3.09671 99.785255 -8.149857 -5.372402 -27.10911 1.696084 -1.702128 -16.424299 0.0 -0.0 3e-06 2.791421 -13.026754 -62.582039 0.792045 2.677278 85.329948 4.74195 6.391884 -21.675859 -1.459065 0.594819 -26.595867 0.0 0.0 -2e-06 
0.0 0.0 0.0 0.0 -0.0 0.0 -5.060977 57.121384 76.178513 4.683955 -1.134959 81.428459 -1.481534 0.103396 8.732308 -0.93909 0.503827 -0.628805 -4.819402 -0.880292 9.579606 -0.989213 3.90782 -15.232401 -0.909836 1.100968 -3.998728 -0.371074 -1.040195 -1.106657 7.7e-05 -2.3e-05 6e-06 0.119068 0.039727 -0.229468 1.188579 -3.685434 -11.418004 -0.960406 3.781858 -11.343418 11.927557 -8.474331 6.941764 13.305852 -63.546844 -31.987293 -1.303828 -33.046719 0.717587 83.512863 2.534936 0.523722 -5.882106 9.861279 0.702591 -10.936871 -0.360572 7.156202 0.0 8.774819 0.0 -15.143577 18.474363 6.477048 -1.844032 2.498503 -2.507277 -10.163598 4.678944 4.621106 -20.976015 0.0 3e-06 -21.226282 2.451698 -3.593998 -0.0 -6e-06 2e-06 -1.362681 2.240796 -0.746324 -21.334911 0.584913 3.008322 -13.821213 -1e-06 1e-06 -23.887165 -0.249075 -0.839484 -60.309937 2.042119 -1.406392 -0.294025 1.679687 0.833256 -14.218205 0.093216 1.30058 -34.21204 -0.287559 0.967167 -20.033209 0.964538 1.212839 0.0 -0.0 -1e-06 -3.440387 0.788233 0.501656 -15.928185 -3.167305 2.999705 -6.338826 -0.0 1e-06 -18.123444 3.648182 -4.905668 -6e-06 -0.0 -2e-06 -9.321877 17.670334 2.14384 24.02804 38.377453 -24.297722 0.801155 53.281662 0.725568 -73.344505 18.57395 8.654534 2.243541 -5.255032 -3.180155 14.282881 -0.826595 6.952497 -0.0 -12.690593 1e-06 14.909273 -17.943481 3.577489 1.665664 -1.955918 -2.878297 4.727796 -4.170584 4.993921 11.02052 2e-06 1e-06 12.109044 -3.735712 -2.86678 0.0 -0.0 1e-06 1.291985 -1.928547 -1.498088 14.800118 0.567466 3.865604 14.242563 -1.341735 -6.660651 19.631952 0.143924 -0.648243 51.33762 -0.450744 -4.849973 0.353029 -1.511149 -0.031939 20.222775 3.684304 2.316628 18.78726 2e-06 0.0 10.751621 -0.47987 1.397905 1e-06 0.0 0.0 3.273803 0.305947 -0.580109 21.486799 11.830359 2.266129 8.162921 0.0 0.0 18.399073 -3.798983 -4.94057 3e-06 -1e-06 -1e-06 -7.121731 11.525561 -72.5009 -1.125773 -3.736381 101.113106 -8.031296 -7.145407 -28.681217 1.727332 -1.718393 -13.893645 0.0 0.0 2e-06 3.780375 -16.140482 -61.027176 1.090104 3.921851 85.27034 6.033884 7.939141 -21.58806 -1.457804 0.672038 -20.041998 0.0 -0.0 -1e-06 
0.0 0.0 0.0 0.0 -0.0 0.0 -5.230536 56.027 80.35025 4.6986 -1.342173 83.306732 -1.42055 0.077677 8.146136 -0.939267 0.667277 -0.80329 -4.61022 -0.802695 9.489627 -0.278062 3.825209 -14.035683 -0.730727 0.924193 -4.028453 -0.992262 -1.195982 -0.545575 7.7e-05 -2.2e-05 6e-06 0.212495 0.034027 -0.234743 1.295453 -3.657872 -11.370206 -0.880825 3.747422 -11.305633 11.794557 -5.765719 7.396894 5.98398 -64.631126 -26.177292 -1.10648 -39.412403 0.649312 87.902954 -1.338652 2.336024 -5.882101 9.861271 0.702591 -10.936861 -0.360573 7.156198 3e-06 8.774813 1e-06 -14.954518 18.43762 6.371345 -1.844031 2.498501 -2.507275 -10.163589 4.678939 4.621106 -20.976006 -4e-06 3e-06 -21.226269 2.451692 -3.593995 0.0 -6e-06 0.0 -1.362681 2.240795 -0.746323 -21.334894 0.584909 3.008319 -13.821199 -3e-06 1e-06 -23.887144 -0.249079 -0.839484 -60.159916 1.967188 -1.678651 -0.294024 1.679685 0.833255 -14.218197 0.093216 1.300579 -34.212017 -0.287563 0.967168 -20.033194 0.964535 1.212842 0.0 0.0 0.0 -3.440385 0.788232 0.501655 -15.928172 -3.167304 2.999703 -6.338821 -1e-06 0.0 -18.123426 3.648177 -4.905663 -6e-06 1e-06 -1e-06 -8.743338 15.868676 2.881043 28.370213 36.994122 -21.419174 -0.082907 59.745537 0.019924 -75.068741 19.980871 9.50961 2.243541 -5.255032 -3.180155 14.28288 -0.826596 6.952497 -0.0 -12.690593 2e-06 14.77923 -17.806675 3.608831 1.665665 -1.95592 -2.878297 4.727795 -4.170584 4.99392 11.020516 3e-06 -4e-06 12.109041 -3.735713 -2.866783 -0.0 -0.0 0.0 1.291985 -1.928548 -1.498087 14.800115 0.567466 3.865602 14.24256 -1.341735 -6.660655 19.63195 0.143926 -0.648247 51.146748 -0.300647 -4.799072 0.353029 -1.511149 -0.03194 20.222775 3.684304 2.316625 18.787262 3e-06 -3e-06 10.75162 -0.479869 1.397904 0.0 -1e-06 -0.0 3.273804 0.305946 -0.580112 21.48679 11.830361 2.266127 8.162919 -0.0 -1e-06 18.399067 -3.798982 -4.940573 3e-06 -1e-06 -1e-06 -7.71868 13.414624 -70.448532 -1.302116 -4.484564 102.486038 -7.443821 -8.684402 -30.732195 1.797754 -1.703923 -12.825326 -0.0 0.0 3e-06 4.633521 -19.8647 -59.399002 1.351399 5.640707 88.111862 6.635185 9.780083 -22.711475 -1.429665 0.718359 -15.315229 0.0 0.0 -1e-06 
0.0 0.0 0.0 0.0 -0.0 0.0 -5.352128 54.742985 84.128494 4.430755 -1.471349 84.84304 -1.387606 0.090934 7.529634 -0.895708 0.822883 -0.992326 -4.281823 -0.677225 9.373507 0.178402 3.685256 -12.522631 -0.519512 0.758141 -4.027779 -1.562025 -1.154418 0.114185 7.7e-05 -2.2e-05 6e-06 0.281797 0.034528 -0.226383 1.372404 -3.632843 -11.282246 -0.818672 3.725368 -11.241548 11.560306 -3.367167 8.117138 -1.592093 -64.874237 -19.565042 -1.246192 -45.4408 0.702177 91.066666 -5.27602 3.482376 -5.882104 9.861286 0.70259 -10.936873 -0.360576 7.156204 2e-06 8.774826 -2e-06 -14.94418 18.358446 6.14572 -1.844033 2.498504 -2.507277 -10.163599 4.678943 4.621109 -20.976023 -6e-06 4e-06 -21.226286 2.451695 -3.593998 0.0 -5e-06 0.0 -1.362681 2.240798 -0.746324 -21.334909 0.584905 3.008326 -13.821213 -4e-06 3e-06 -23.887171 -0.24908 -0.839479 -60.024147 1.945858 -1.892045 -0.294024 1.679688 0.833255 -14.218207 0.093213 1.300581 -34.212048 -0.287568 0.967175 -20.033211 0.964536 1.212846 -1e-06 0.0 -1e-06 -3.440388 0.788233 0.501656 -15.928185 -3.167313 2.999707 -6.338825 -2e-06 1e-06 -18.123444 3.648181 -4.905669 -6e-06 0.0 -2e-06 -8.25595 14.232594 3.644864 31.918819 35.827942 -17.880766 -1.309285 64.679756 -0.889181 -76.278091 20.734354 10.312632 2.24354 -5.255033 -3.180157 14.28288 -0.826594 6.952498 -3e-06 -12.690596 1e-06 14.796887 -17.746599 3.556925 1.665665 -1.95592 -2.878298 4.727794 -4.170585 4.993921 11.020514 4e-06 -2e-06 12.109041 -3.735713 -2.866783 0.0 -0.0 0.0 1.291984 -1.928548 -1.498089 14.800115 0.567469 3.865605 14.242561 -1.341735 -6.660655 19.631952 0.143929 -0.648246 51.0354 -0.178421 -4.855557 0.353028 -1.51115 -0.03194 20.222776 3.684309 2.316629 18.787258 6e-06 -0.0 10.751618 -0.479869 1.397906 -0.0 -1e-06 0.0 3.273804 0.305947 -0.58011 21.486797 11.830368 2.266134 8.162921 1e-06 1e-06 18.399067 -3.798983 -4.94057 3e-06 -1e-06 -1e-06 -8.639769 15.807397 -67.926491 -1.481621 -5.521165 103.094719 -6.469345 -9.944537 -32.908291 1.866909 -1.671317 -12.734962 0.0 -0.0 4e-06 5.232244 -23.471138 -57.694347 1.518265 7.719657 92.714134 6.436916 11.956853 -24.794725 -1.408685 0.727657 -13.421277 -0.0 -0.0 -1e-06 
0.0 0.0 0.0 0.0 -0.0 0.0 -5.435436 53.323734 87.445602 3.915433 -1.445722 86.237099 -1.333069 0.150647 6.892368 -0.884733 0.909797 -1.212407 -3.766516 -0.552921 9.231437 0.276178 3.563897 -11.205023 -0.425944 0.652116 -4.000704 -1.829538 -1.010606 0.867234 7.7e-05 -2.2e-05 6e-06 0.289963 0.037055 -0.215429 1.395967 -3.618384 -11.191615 -0.824149 3.716427 -11.16845 11.246765 -1.324519 8.990258 -8.291959 -64.232269 -13.174359 -1.650846 -51.128857 0.979117 93.368301 -8.945951 4.244319 -5.882103 9.86128 0.70259 -10.936863 -0.360574 7.156199 -0.0 8.774819 -1e-06 -15.066858 18.330297 5.863811 -1.844031 2.498504 -2.507276 -10.163594 4.678944 4.621106 -20.976009 -3e-06 1e-06 -21.226273 2.451696 -3.593998 0.0 -6e-06 0.0 -1.36268 2.240796 -0.746322 -21.3349 0.58491 3.00832 -13.821205 -1e-06 1e-06 -23.887154 -0.249078 -0.839485 -60.010201 1.954378 -2.027733 -0.294025 1.679686 0.833256 -14.218199 0.093215 1.30058 -34.212032 -0.287561 0.967168 -20.033201 0.964537 1.21284 -1e-06 0.0 -0.0 -3.440386 0.788233 0.501656 -15.928177 -3.167307 2.999705 -6.338822 0.0 0.0 -18.123438 3.648182 -4.905667 -6e-06 1e-06 -1e-06 -7.87076 12.863018 4.268902 34.632408 34.760509 -14.09905 -2.794246 68.515793 -1.959479 -77.289207 20.934195 11.328062 2.243538 -5.255032 -3.180151 14.28288 -0.826594 6.952496 -1e-06 -12.690589 -1e-06 14.934902 -17.732395 3.475114 1.665663 -1.955918 -2.878296 4.727797 -4.170583 4.993917 11.020514 2e-06 2e-06 12.109036 -3.735712 -2.866778 -1e-06 0.0 1e-06 1.291983 -1.928547 -1.498087 14.800115 0.567468 3.865605 14.242555 -1.341736 -6.660645 19.631945 0.143924 -0.64824 51.108936 -0.11125 -5.038888 0.353029 -1.511149 -0.031939 20.222771 3.684305 2.316631 18.787258 2e-06 3e-06 10.75162 -0.479869 1.397906 -0.0 0.0 -0.0 3.273802 0.305947 -0.580109 21.486792 11.83036 2.266134 8.16292 1e-06 0.0 18.399069 -3.798982 -4.940569 3e-06 -1e-06 -1e-06 -10.069659 18.651571 -65.345345 -1.626071 -6.875689 102.311729 -5.248484 -10.996228 -35.146759 1.873177 -1.630727 -13.218731 0.0 -1e-06 2e-06 5.69961 -26.533396 -56.114033 1.585315 9.944069 98.083389 5.277774 14.19061 -27.278492 -1.396407 0.7272 -13.056672 -0.0 -0.0 -1e-06 
0.0 0.0 0.0 0.0 -0.0 0.0 -5.586676 51.827003 90.254578 3.206317 -1.207413 87.564262 -1.232781 0.176167 6.256068 -0.89489 0.902475 -1.454128 -3.140707 -0.487432 9.133456 0.12671 3.546801 -10.299486 -0.510261 0.641559 -3.97515 -1.868354 -0.82878 1.722447 7.7e-05 -2.2e-05 6e-06 0.213141 0.038846 -0.217548 1.337385 -3.606603 -11.10219 -0.917989 3.707859 -11.081377 11.166381 0.35937 9.793201 -13.804848 -62.756489 -7.555663 -1.926109 -56.559425 1.147935 95.140129 -12.364973 4.799464 -5.882104 9.861286 0.702589 -10.936868 -0.360575 7.156204 -0.0 8.774824 -1e-06 -15.163729 18.320965 5.610937 -1.844033 2.498504 -2.507277 -10.163595 4.678944 4.621106 -20.976017 -3e-06 3e-06 -21.226276 2.451698 -3.594001 -2e-06 -6e-06 0.0 -1.36268 2.240798 -0.746323 -21.334911 0.58491 3.008322 -13.821213 -2e-06 2e-06 -23.887165 -0.249079 -0.839484 -59.985653 1.975213 -2.033408 -0.294025 1.679687 0.833255 -14.218205 0.093215 1.30058 -34.212048 -0.287563 0.967169 -20.033211 0.964536 1.212842 -0.0 0.0 -0.0 -3.440387 0.788233 0.501655 -15.928185 -3.16731 2.999707 -6.338825 -1e-06 1e-06 -18.123444 3.648183 -4.905672 -6e-06 1e-06 -2e-06 -7.473755 11.909939 4.744656 36.425377 33.879211 -10.733636 -4.365128 71.685402 -3.206532 -78.240196 20.778942 12.624905 2.243542 -5.255033 -3.180156 14.282881 -0.826593 6.952497 -4e-06 -12.690595 0.0 15.199485 -17.699306 3.379927 1.665664 -1.95592 -2.878297 4.727796 -4.170584 4.993922 11.02052 4e-06 -1e-06 12.109044 -3.735713 -2.866783 1e-06 0.0 1e-06 1.291985 -1.928547 -1.498089 14.800122 0.567469 3.865604 14.242563 -1.341733 -6.660653 19.631958 0.143927 -0.648243 51.305595 -0.144623 -5.318664 0.35303 -1.511149 -0.03194 20.222782 3.684308 2.316628 18.787256 7e-06 -0.0 10.75162 -0.479867 1.397905 -1e-06 0.0 0.0 3.273804 0.305948 -0.580111 21.486801 11.830368 2.26613 8.162921 1e-06 -1e-06 18.399071 -3.798981 -4.940572 3e-06 0.0 -1e-06 -11.906733 21.768736 -63.052776 -1.754863 -8.369185 99.500443 -4.031826 -11.913177 -37.535526 1.799762 -1.590526 -13.784163 0.0 0.0 3e-06 6.105265 -28.712811 -54.89996 1.602857 12.008378 103.730461 3.153379 15.856599 -29.562962 -1.382518 0.7312 -12.673339 0.0 0.0 -1e-06 
0.0 0.0 0.0 0.0 -0.0 0.0 -5.931353 50.530792 92.613007 2.583304 -0.843843 88.902367 -1.066096 0.011544 5.768102 -0.819199 0.721036 -1.688639 -2.631656 -0.525474 9.020897 -0.289825 3.733484 -9.915289 -0.755276 0.730197 -3.955468 -1.733472 -0.856541 2.707899 7.7e-05 -2.3e-05 6e-06 0.095579 0.036106 -0.220356 1.22518 -3.598232 -11.011959 -1.041083 3.694377 -10.978266 11.299213 1.580626 10.373021 -17.654209 -60.845161 -3.10822 -0.799161 -61.119312 0.031052 96.570816 -15.076685 5.41871 -5.882104 9.861284 0.702591 -10.936872 -0.360575 7.156205 -1e-06 8.774825 -2e-06 -15.126299 18.29929 5.449073 -1.844031 2.498505 -2.507276 -10.163597 4.678944 4.621108 -20.976019 -3e-06 4e-06 -21.226282 2.451697 -3.593997 -1e-06 -6e-06 -0.0 -1.362682 2.240797 -0.746323 -21.334911 0.584909 3.008322 -13.821211 -2e-06 2e-06 -23.887165 -0.249077 -0.839482 -59.738201 1.86948 -1.872849 -0.294024 1.679687 0.833256 -14.218205 0.093214 1.300579 -34.212048 -0.287563 0.967172 -20.033211 0.964537 1.212844 -0.0 0.0 0.0 -3.440388 0.788233 0.501653 -15.928185 -3.167309 2.999708 -6.338824 -1e-06 2e-06 -18.123444 3.648183 -4.905667 -6e-06 1e-06 -1e-06 -6.99125 11.584681 4.939964 37.207329 33.323509 -8.580272 -4.885846 74.189301 -3.560307 -79.687935 20.582918 13.5958 2.243542 -5.255038 -3.180158 14.2829 -0.826593 6.952504 -4e-06 -12.690609 -0.0 15.378499 -17.687532 3.342532 1.665666 -1.955921 -2.878299 4.727801 -4.170587 4.993925 11.020535 3e-06 -0.0 12.109058 -3.735715 -2.866782 0.0 -0.0 0.0 1.291985 -1.92855 -1.49809 14.80014 0.567471 3.865608 14.242584 -1.341736 -6.660658 19.631985 0.143926 -0.648242 51.355618 -0.281471 -5.630814 0.353029 -1.511152 -0.031941 20.222803 3.684313 2.316631 18.787283 7e-06 1e-06 10.751633 -0.479868 1.397907 0.0 0.0 -0.0 3.273809 0.305947 -0.580111 21.48683 11.83038 2.266135 8.162933 1e-06 -0.0 18.399099 -3.798985 -4.940577 2e-06 -0.0 -1e-06 -14.055144 24.352121 -61.62196 -1.823711 -9.754619 94.342163 -3.265067 -13.113892 -39.490845 1.684358 -1.538139 -14.388521 0.0 -0.0 3e-06 6.413678 -29.906151 -54.273094 1.641213 13.627898 108.596519 0.533676 17.3442 -31.795692 -1.386127 0.734383 -12.250843 0.0 0.0 -1e-06 
0.0 0.0 0.0 0.0 -0.0 0.0 -6.370784 50.064613 94.589806 2.248311 -0.304586 90.4711 -0.983807 -0.350725 5.495204 -0.452233 0.269494 -1.816575 -2.195037 -0.58971 8.835918 -0.910928 4.066352 -10.260803 -0.894993 0.772202 -3.887388 -1.695926 -1.137676 3.744279 7.7e-05 -2.3e-05 6e-06 0.048235 0.031226 -0.201068 1.179472 -3.621168 -10.958138 -1.09237 3.713548 -10.900055 11.494718 2.100095 10.982825 -19.548008 -58.925404 -1.07131 1.776558 -64.113007 -2.466749 98.26635 -16.954458 5.957698 -5.882102 9.861274 0.702589 -10.936859 -0.360572 7.156198 -2e-06 8.774814 0.0 -14.772903 18.110842 5.590089 -1.84403 2.498502 -2.507274 -10.16359 4.67894 4.621104 -20.976004 0.0 1e-06 -21.226267 2.451697 -3.593997 -1e-06 -6e-06 -1e-06 -1.362681 2.240796 -0.746325 -21.334888 0.584912 3.008319 -13.821199 -1e-06 0.0 -23.887142 -0.249076 -0.839484 -59.631069 1.702982 -1.459317 -0.294025 1.679685 0.833256 -14.218195 0.093217 1.300581 -34.212013 -0.287558 0.967167 -20.033192 0.964538 1.212839 0.0 0.0 0.0 -3.440385 0.788233 0.501655 -15.928168 -3.167302 2.999705 -6.338818 -0.0 2e-06 -18.123425 3.64818 -4.905664 -5e-06 1e-06 -0.0 -6.502563 11.652091 5.09463 36.772343 33.975094 -7.683827 -4.578804 75.420677 -2.899243 -82.258255 20.079481 14.11059 2.243539 -5.255029 -3.180153 14.282876 -0.826595 6.952497 -4e-06 -12.690586 3e-06 15.358927 -17.647949 3.381927 1.665664 -1.955918 -2.878296 4.727795 -4.170583 4.993919 11.020514 3e-06 1e-06 12.109038 -3.735711 -2.866779 -2e-06 1e-06 0.0 1.291985 -1.928546 -1.498087 14.800112 0.567466 3.865604 14.242558 -1.341734 -6.660648 19.631945 0.143924 -0.648241 51.128227 -0.516706 -6.015427 0.353028 -1.511148 -0.031939 20.222769 3.684304 2.316629 18.787254 2e-06 1e-06 10.75162 -0.47987 1.397904 -1e-06 0.0 -1e-06 3.273803 0.305947 -0.58011 21.48679 11.830357 2.266129 8.162918 0.0 2e-06 18.399061 -3.798981 -4.940567 3e-06 1e-06 -1e-06 -16.467051 25.667816 -61.664341 -1.737713 -10.745624 87.291206 -3.296505 -14.297445 -40.572311 1.602695 -1.496369 -14.933075 -0.0 -1e-06 2e-06 6.932719 -29.76392 -54.56015 1.516656 14.364976 111.709915 -1.954646 18.707859 -34.442936 -1.377255 0.751527 -11.788753 -0.0 -0.0 -1e-06 
0.0 0.0 0.0 0.0 -0.0 0.0 -7.11404 50.930721 95.820168 1.896922 0.265933 91.609856 -0.889338 -0.599785 5.767201 -0.184766 -0.229529 -1.653888 -1.753676 -0.767703 9.138418 -1.36459 4.47439 -11.172675 -1.198049 0.589462 -3.847306 -2.000165 -1.461546 4.699243 7.7e-05 -2.2e-05 6e-06 0.009331 0.033301 -0.183081 1.19539 -3.663382 -10.969084 -1.187575 3.764958 -10.903241 11.608888 1.473189 11.442575 -18.526636 -56.864227 -2.689548 4.615115 -65.494408 -5.489652 100.346138 -17.861904 5.407457 -5.882103 9.861284 0.70259 -10.936869 -0.360576 7.156204 -1e-06 8.774824 -2e-06 -14.085037 17.769461 5.786628 -1.844032 2.498504 -2.507277 -10.163596 4.678943 4.621109 -20.976019 -5e-06 3e-06 -21.226282 2.451696 -3.593998 -1e-06 -6e-06 1e-06 -1.362681 2.240798 -0.746324 -21.334911 0.584908 3.008322 -13.821208 -3e-06 2e-06 -23.887163 -0.249081 -0.839482 -59.706326 1.740982 -1.260406 -0.294024 1.679687 0.833255 -14.218205 0.093214 1.30058 -34.212048 -0.287566 0.967173 -20.033211 0.964536 1.212844 -1e-06 0.0 0.0 -3.440387 0.788233 0.501656 -15.928183 -3.167311 2.999707 -6.338825 -1e-06 2e-06 -18.123442 3.648181 -4.905669 -7e-06 0.0 -1e-06 -6.317203 12.523877 4.82979 34.705574 35.521561 -8.422965 -3.867836 74.941681 -2.043706 -85.657524 19.142738 13.697611 2.243539 -5.255033 -3.180157 14.282881 -0.826593 6.952497 -2e-06 -12.690599 -0.0 15.0543 -17.62162 3.49088 1.665666 -1.95592 -2.878298 4.727794 -4.170586 4.993919 11.020518 5e-06 -1e-06 12.109043 -3.735711 -2.866783 -2e-06 0.0 0.0 1.291984 -1.928548 -1.498088 14.800118 0.567469 3.865604 14.242562 -1.341734 -6.660655 19.631954 0.143929 -0.648244 50.954651 -0.764649 -6.129707 0.353028 -1.511149 -0.031939 20.222778 3.684311 2.316629 18.78726 6e-06 0.0 10.751624 -0.479868 1.397906 -1e-06 0.0 0.0 3.273805 0.305947 -0.580111 21.486801 11.830369 2.266132 8.162921 2e-06 0.0 18.399071 -3.798982 -4.940571 3e-06 0.0 -1e-06 -18.491543 25.828543 -63.052536 -1.77289 -10.910876 80.753761 -3.989587 -15.689599 -38.777298 1.508444 -1.430926 -16.484222 0.0 0.0 2e-06 8.127065 -28.202341 -56.520405 1.142678 14.351527 112.58506 -3.129449 19.418034 -37.705257 -1.282596 0.815766 -12.062772 -0.0 0.0 -2e-06 
0.0 0.0 0.0 0.0 -0.0 0.0 -7.921551 52.448891 96.938965 1.026607 0.916665 92.291473 -0.745163 -0.594484 6.393618 0.058888 -0.48818 -1.341608 -1.520338 -0.803022 9.821268 -1.337577 4.691921 -11.46383 -1.315675 0.155921 -3.826757 -2.762887 -1.807308 5.352623 7.7e-05 -2.2e-05 6e-06 -0.000686 0.032869 -0.176877 1.216997 -3.67621 -10.938819 -1.229939 3.77957 -10.869334 11.48085 1.044567 11.405204 -16.916639 -55.233173 -5.601816 6.279071 -66.432335 -7.494711 101.562843 -18.835468 4.376961 -5.882098 9.861273 0.70259 -10.936857 -0.360577 7.156198 2e-06 8.774815 0.0 -13.630982 17.3829 5.941498 -1.84403 2.4985 -2.507276 -10.163588 4.678938 4.621105 -20.976004 -6e-06 3e-06 -21.226265 2.451691 -3.593996 -2e-06 -6e-06 1e-06 -1.36268 2.240795 -0.746322 -21.334887 0.584906 3.008319 -13.821197 -5e-06 3e-06 -23.88714 -0.249081 -0.839479 -59.757168 1.871516 -1.152971 -0.294024 1.679685 0.833256 -14.218191 0.093213 1.300579 -34.212013 -0.287566 0.967171 -20.033194 0.964535 1.212843 0.0 0.0 0.0 -3.440384 0.788232 0.501655 -15.928168 -3.167308 2.999703 -6.33882 -2e-06 2e-06 -18.123426 3.648176 -4.905662 -6e-06 -0.0 -2e-06 -6.445857 12.848167 4.515053 31.94445 37.754761 -9.849279 -3.734106 73.854095 -2.239341 -87.708 18.921497 12.75622 2.243539 -5.255029 -3.180156 14.282872 -0.826593 6.952493 -3e-06 -12.690588 1e-06 14.613354 -17.432812 3.564083 1.665665 -1.955918 -2.878297 4.727793 -4.170581 4.993918 11.020512 4e-06 -2e-06 12.109035 -3.735709 -2.866781 -2e-06 1e-06 -2e-06 1.291985 -1.928547 -1.498087 14.800112 0.567467 3.865602 14.242556 -1.341734 -6.660653 19.631943 0.143927 -0.648245 50.70573 -0.800719 -6.07288 0.353029 -1.511149 -0.03194 20.222765 3.684305 2.316625 18.787251 5e-06 -2e-06 10.751617 -0.479869 1.397904 -1e-06 0.0 0.0 3.273802 0.305947 -0.58011 21.486784 11.830359 2.266126 8.162915 1e-06 -0.0 18.399059 -3.798979 -4.940569 2e-06 0.0 -1e-06 -19.928686 25.430645 -65.393532 -1.868636 -10.400359 76.043938 -4.6311 -17.164551 -35.545666 1.384471 -1.363916 -17.327776 -0.0 -0.0 1e-06 9.608202 -25.705923 -59.647579 0.773569 13.679935 110.817177 -3.876492 20.4552 -41.765099 -1.060383 0.873521 -11.878712 -0.0 -0.0 -1e-06 
0.0 0.0 0.0 0.0 -0.0 0.0 -8.588605 54.100407 97.890366 -0.278569 1.583737 92.521973 -0.529613 -0.377188 6.852417 0.227071 -0.537865 -0.942078 -1.419529 -0.699117 10.853072 -1.169726 4.62608 -10.90734 -0.967182 -0.187075 -3.79631 -3.723598 -2.18044 5.43845 7.7e-05 -2.3e-05 6e-06 0.063427 0.033574 -0.185851 1.249722 -3.654206 -10.839878 -1.134713 3.758639 -10.757265 10.888061 0.737079 11.260185 -15.165973 -53.819569 -8.937559 6.486644 -67.302452 -7.91769 102.225594 -20.061073 3.029309 -5.882103 9.861282 0.70259 -10.936868 -0.360576 7.156204 1e-06 8.774822 -0.0 -13.476092 17.127531 6.061942 -1.844032 2.498504 -2.507277 -10.163595 4.678942 4.621108 -20.976021 -5e-06 3e-06 -21.226286 2.451695 -3.593999 -3e-06 -6e-06 0.0 -1.362681 2.240798 -0.746324 -21.334909 0.584908 3.008322 -13.821213 -4e-06 0.0 -23.887165 -0.24908 -0.839482 -59.873985 1.971132 -1.162623 -0.294024 1.679687 0.833256 -14.218205 0.093214 1.30058 -34.212048 -0.287566 0.96717 -20.033209 0.964536 1.212845 -3e-06 0.0 0.0 -3.440388 0.788233 0.501657 -15.928183 -3.16731 2.999706 -6.338823 -1e-06 1e-06 -18.123444 3.648181 -4.90567 -6e-06 0.0 -1e-06 -6.347943 13.023004 4.610927 28.440475 39.64278 -12.648763 -3.164507 73.304985 -2.058304 -87.35244 19.33997 11.715813 2.243541 -5.255037 -3.180156 14.282893 -0.826594 6.9525 -3e-06 -12.690605 -1e-06 14.228013 -17.230326 3.591132 1.665666 -1.95592 -2.878298 4.727798 -4.170587 4.993924 11.020526 2e-06 1e-06 12.109054 -3.735717 -2.866785 -2e-06 1e-06 1e-06 1.291986 -1.92855 -1.498088 14.800129 0.567468 3.865608 14.24257 -1.341736 -6.660655 19.631969 0.143926 -0.648243 50.540749 -0.725516 -5.923333 0.353028 -1.51115 -0.031939 20.22279 3.684309 2.316631 18.787271 5e-06 0.0 10.751628 -0.479869 1.397906 0.0 -0.0 0.0 3.273806 0.305947 -0.580111 21.486818 11.830374 2.266132 8.16293 1e-06 1e-06 18.39908 -3.798985 -4.940574 3e-06 1e-06 -1e-06 -20.284275 24.214354 -68.087189 -1.864574 -9.484472 73.365662 -5.082385 -18.116777 -32.182106 1.285066 -1.334232 -17.958204 1e-06 -0.0 2e-06 10.842089 -23.183332 -63.112888 0.755476 12.488248 105.364792 -3.503417 21.745306 -44.541206 -0.826045 0.846401 -11.541551 0.0 -0.0 -1e-06 
0.0 0.0 0.0 0.0 -0.0 0.0 -9.099545 55.296028 98.318687 -1.752129 2.131619 91.992973 -0.240501 -0.057196 7.16357 0.22917 -0.444468 -0.641763 -1.419126 -0.484397 12.051131 -0.887307 4.492184 -9.535058 -0.45107 -0.265059 -3.766501 -4.700863 -2.603239 5.28907 7.7e-05 -2.3e-05 6e-06 0.142357 0.040282 -0.195558 1.267043 -3.60849 -10.73625 -0.994076 3.725233 -10.65375 10.05464 0.483139 11.279645 -13.429561 -53.106075 -12.328071 4.386838 -67.006134 -5.949028 102.412148 -20.765537 1.734657 -5.882102 9.861275 0.702589 -10.936865 -0.360575 7.1562 1e-06 8.774816 -1e-06 -13.639616 17.227722 6.112438 -1.844031 2.498502 -2.507275 -10.163593 4.67894 4.621104 -20.976013 -4e-06 3e-06 -21.226273 2.451694 -3.593995 -1e-06 -6e-06 0.0 -1.362681 2.240796 -0.746323 -21.334902 0.584908 3.008318 -13.821204 -3e-06 2e-06 -23.887154 -0.24908 -0.839483 -60.141235 2.036927 -1.348112 -0.294024 1.679685 0.833253 -14.218199 0.093215 1.30058 -34.212032 -0.287565 0.967169 -20.033207 0.964535 1.212843 -0.0 1e-06 -0.0 -3.440386 0.788233 0.501656 -15.928179 -3.167306 2.999703 -6.338821 -2e-06 2e-06 -18.12344 3.648178 -4.905665 -5e-06 0.0 -1e-06 -6.113404 13.286153 4.916996 25.2134 40.811932 -15.885106 -1.807407 72.780891 -0.871782 -85.458603 19.625738 9.991323 2.24354 -5.255031 -3.180153 14.282876 -0.826593 6.952496 -1e-06 -12.69059 -1e-06 13.856948 -17.149252 3.668826 1.665665 -1.95592 -2.878298 4.727794 -4.170581 4.993919 11.020514 2e-06 0.0 12.109038 -3.735713 -2.866781 -3e-06 0.0 -1e-06 1.291984 -1.928548 -1.498087 14.800112 0.567467 3.865604 14.242558 -1.341736 -6.66065 19.631947 0.143924 -0.648244 50.394897 -0.605945 -5.685966 0.353029 -1.511149 -0.03194 20.222771 3.684303 2.316629 18.787251 3e-06 -0.0 10.751617 -0.479869 1.397905 -0.0 -0.0 0.0 3.273803 0.305947 -0.58011 21.48679 11.830359 2.266132 8.162918 1e-06 1e-06 18.399065 -3.798981 -4.94057 4e-06 -0.0 -1e-06 -18.807745 22.308907 -69.900429 -1.722436 -8.374239 72.046638 -5.890193 -18.23424 -28.979725 1.304033 -1.33501 -20.985264 0.0 0.0 1e-06 11.328814 -21.137423 -65.839882 1.033287 10.994141 96.231407 -1.582251 22.583612 -44.026112 -0.678392 0.739101 -11.250296 -0.0 -0.0 -1e-06 
0.0 0.0 0.0 0.0 -0.0 0.0 -9.471064 55.870605 98.24012 -3.556064 2.518757 90.629646 0.228296 0.48269 7.522455 0.121955 -0.157138 -0.48945 -1.527837 -0.092793 13.078812 -0.882709 4.542923 -7.549529 -0.094315 -0.30942 -3.745467 -5.459475 -2.962138 5.240021 7.7e-05 -2.3e-05 5e-06 0.161423 0.047195 -0.197539 1.235206 -3.560226 -10.635943 -0.924911 3.690923 -10.579397 9.014026 0.181089 11.336506 -11.811757 -53.464134 -14.732269 2.472693 -64.472687 -3.859114 101.282372 -19.802841 0.937601 -5.882105 9.861279 0.702589 -10.936867 -0.360574 7.156202 -1e-06 8.774818 -1e-06 -13.86187 17.398287 6.149443 -1.844032 2.498503 -2.507275 -10.163599 4.678944 4.621107 -20.976021 0.0 2e-06 -21.226282 2.451699 -3.593999 -3e-06 -5e-06 1e-06 -1.362681 2.240797 -0.746323 -21.334909 0.584913 3.008322 -13.821213 -1e-06 2e-06 -23.887161 -0.249077 -0.839485 -60.248341 2.020901 -1.451446 -0.294025 1.679686 0.833255 -14.218203 0.093217 1.300581 -34.21204 -0.287558 0.967169 -20.033209 0.964539 1.21284 -1e-06 0.0 -0.0 -3.440387 0.788233 0.501655 -15.928179 -3.167305 2.999707 -6.338826 0.0 2e-06 -18.123442 3.648182 -4.90567 -7e-06 1e-06 -2e-06 -6.216448 13.454666 5.155167 23.21241 41.906254 -17.852787 -0.824234 70.914795 0.22504 -83.319191 18.930151 7.815167 2.24354 -5.255032 -3.180155 14.28288 -0.826597 6.952501 -1e-06 -12.690592 3e-06 13.586077 -17.129997 3.728657 1.665665 -1.955919 -2.878298 4.727797 -4.170584 4.993923 11.020517 3e-06 -0.0 12.109043 -3.735713 -2.86678 -1e-06 0.0 0.0 1.291985 -1.928548 -1.498088 14.800118 0.567466 3.865606 14.242561 -1.341735 -6.660652 19.63195 0.143923 -0.648244 50.085316 -0.505896 -5.441702 0.353029 -1.511149 -0.03194 20.222773 3.684304 2.316629 18.787256 2e-06 1e-06 10.75162 -0.47987 1.397904 -1e-06 0.0 -0.0 3.273804 0.305946 -0.580109 21.486799 11.83036 2.266133 8.162921 1e-06 0.0 18.399075 -3.798986 -4.940571 2e-06 -1e-06 -0.0 -15.757468 20.589508 -70.27343 -1.438723 -7.307065 72.268173 -6.712766 -15.964758 -27.707352 1.413898 -1.320215 -25.812166 0.0 -0.0 2e-06 11.357714 -19.243689 -67.20472 1.316227 9.433223 84.706078 0.706724 23.012955 -40.641705 -0.670248 0.591845 -11.406032 0.0 0.0 -1e-06 
0.0 0.0 0.0 0.0 -0.0 0.0 -9.703651 56.096195 97.909241 -5.970293 2.683494 88.618408 0.739197 1.341915 7.856687 0.110591 0.443283 -0.483734 -1.730358 0.482994 13.824068 -1.428622 4.641603 -5.100464 -0.145927 -0.377278 -3.726912 -5.542705 -3.067093 5.251785 7.7e-05 -2.3e-05 3e-06 0.078645 0.040321 -0.185791 1.10385 -3.541431 -10.559513 -0.962037 3.659106 -10.530934 7.842999 -0.380088 11.272165 -10.840088 -54.570755 -15.879183 1.626534 -60.04649 -2.714957 99.062874 -17.686073 -0.075256 -5.882098 9.861275 0.70259 -10.936857 -0.360577 7.156199 2e-06 8.774816 -1e-06 -14.19748 17.410246 6.131045 -1.844029 2.498502 -2.507276 -10.163588 4.678939 4.621104 -20.976 -7e-06 5e-06 -21.226259 2.451692 -3.593993 -2e-06 -5e-06 0.0 -1.362679 2.240795 -0.746324 -21.334888 0.584906 3.008322 -13.821198 -5e-06 2e-06 -23.887142 -0.24908 -0.83948 -60.199539 1.958908 -1.453249 -0.294024 1.679685 0.833256 -14.218191 0.093212 1.30058 -34.212009 -0.287567 0.967174 -20.033188 0.964534 1.212847 0.0 1e-06 0.0 -3.440385 0.788233 0.501655 -15.92817 -3.167309 2.999705 -6.33882 -2e-06 3e-06 -18.123426 3.648177 -4.905663 -7e-06 0.0 -1e-06 -6.897004 13.558925 5.068789 22.759352 43.359798 -17.749691 -0.759789 67.249603 0.424727 -81.505333 17.498184 5.617954 2.24354 -5.255033 -3.180156 14.282876 -0.826593 6.952497 -4e-06 -12.690598 1e-06 13.608007 -17.106075 3.672511 1.665666 -1.955921 -2.878297 4.727792 -4.170583 4.993918 11.020515 5e-06 -3e-06 12.109039 -3.735711 -2.866784 -3e-06 0.0 0.0 1.291985 -1.928548 -1.498089 14.800115 0.56747 3.865604 14.24256 -1.341733 -6.660656 19.63195 0.14393 -0.648244 49.826752 -0.563261 -5.401102 0.353028 -1.511149 -0.031939 20.222773 3.68431 2.316627 18.787256 6e-06 -0.0 10.75162 -0.479868 1.397906 -2e-06 -0.0 0.0 3.273804 0.305947 -0.58011 21.486799 11.830371 2.266129 8.162921 3e-06 -1e-06 18.399067 -3.798981 -4.940571 3e-06 0.0 -1e-06 -11.915833 19.539143 -69.419701 -1.089036 -6.296536 73.880173 -7.643481 -11.797359 -28.821333 1.578751 -1.35298 -28.643461 0.0 0.0 4e-06 11.150646 -16.674053 -67.227669 1.481312 7.834779 73.090164 1.95936 23.120161 -36.506691 -0.817621 0.450901 -14.624837 0.0 -0.0 -3e-06 
0.0 0.0 0.0 0.0 -0.0 0.0 -9.887077 56.094086 97.527023 -8.533508 2.299693 86.235649 1.020754 2.066991 7.999407 0.127718 1.308693 -0.558895 -1.906369 1.077864 14.367368 -2.846461 4.484804 -2.573919 -0.053752 -0.024488 -3.73059 -5.36445 -3.021028 5.355165 7.8e-05 -2.3e-05 5e-06 0.051358 0.042833 -0.168715 1.040749 -3.542391 -10.553257 -0.954556 3.667066 -10.538622 6.356122 -1.128238 11.34528 -9.732916 -55.787327 -16.688967 0.711509 -54.719101 -1.602119 96.83342 -14.916983 -1.397236 -5.882102 9.861278 0.702591 -10.936863 -0.360575 7.156203 2e-06 8.774818 -1e-06 -14.41771 17.352648 6.054445 -1.844031 2.498502 -2.507276 -10.163594 4.678942 4.621106 -20.976013 -4e-06 5e-06 -21.226278 2.451697 -3.593997 1e-06 -6e-06 -1e-06 -1.362681 2.240796 -0.746323 -21.3349 0.58491 3.008321 -13.821208 -1e-06 3e-06 -23.887156 -0.249078 -0.839484 -59.779045 1.88276 -1.549195 -0.294024 1.679687 0.833256 -14.218199 0.093215 1.30058 -34.212032 -0.287562 0.967169 -20.033201 0.964537 1.212842 0.0 0.0 0.0 -3.440386 0.788233 0.501656 -15.928179 -3.167305 2.999704 -6.338822 -1e-06 2e-06 -18.12343 3.64818 -4.905665 -8e-06 0.0 -1e-06 -7.938867 13.655064 4.757276 23.043371 45.413403 -15.525273 -1.699052 61.859226 -0.099729 -80.415184 15.248491 3.801358 2.24354 -5.255031 -3.180156 14.28288 -0.826594 6.952496 -2e-06 -12.690593 2e-06 13.799757 -17.184107 3.66331 1.665666 -1.95592 -2.878296 4.727793 -4.170584 4.993921 11.020516 3e-06 -2e-06 12.109039 -3.735711 -2.866785 -2e-06 0.0 0.0 1.291985 -1.928548 -1.498087 14.800114 0.567466 3.865604 14.24256 -1.341734 -6.660654 19.631948 0.143927 -0.648247 49.933243 -0.623088 -5.35583 0.353028 -1.511149 -0.031938 20.222771 3.684306 2.316624 18.787254 4e-06 -2e-06 10.751617 -0.479868 1.397903 0.0 0.0 -0.0 3.273802 0.305947 -0.58011 21.48679 11.830361 2.266127 8.162919 1e-06 -2e-06 18.399067 -3.798982 -4.940572 3e-06 0.0 -1e-06 -8.411551 18.879017 -67.732918 -0.763325 -5.207359 76.092613 -8.585479 -7.803629 -30.804676 1.734376 -1.423713 -29.602945 -0.0 0.0 2e-06 10.628252 -13.617215 -66.43322 1.461154 6.917872 66.152771 1.542216 21.454823 -34.099094 -1.129507 0.38093 -23.491558 0.0 0.0 -2e-06 
0.0 0.0 0.0 0.0 -0.0 0.0 -10.045912 56.117737 97.074615 -9.999203 1.408459 84.08123 1.100343 2.406338 8.135762 -0.141987 1.771483 -0.58571 -1.999166 1.283613 14.516687 -4.166686 4.586041 -0.895171 -0.084242 0.206632 -3.719761 -5.101888 -2.738763 5.475555 7.6e-05 -2.2e-05 6e-06 0.027061 0.042757 -0.158698 1.088176 -3.550063 -10.643961 -1.052543 3.678631 -10.624275 5.345339 -1.60461 11.495724 -8.867174 -56.749294 -17.164543 -0.151446 -50.029671 -0.710915 95.586029 -12.647303 -2.914052 -5.882105 9.861281 0.702591 -10.936872 -0.360576 7.1562 1e-06 8.774821 -1e-06 -14.413197 17.349298 6.100254 -1.844032 2.498504 -2.507276 -10.163599 4.678943 4.621105 -20.976023 -4e-06 5e-06 -21.226284 2.451695 -3.593999 -2e-06 -6e-06 0.0 -1.362681 2.240796 -0.746323 -21.334913 0.584909 3.00832 -13.821213 -3e-06 2e-06 -23.887169 -0.24908 -0.839481 -59.624474 1.935008 -1.39261 -0.294025 1.679686 0.833256 -14.218208 0.093215 1.300579 -34.212048 -0.287565 0.967171 -20.033211 0.964536 1.212843 -0.0 0.0 -0.0 -3.440388 0.788233 0.501656 -15.928185 -3.16731 2.999705 -6.338825 -2e-06 1e-06 -18.123444 3.648181 -4.905667 -5e-06 2e-06 -1e-06 -8.918553 13.47559 4.533784 22.89163 48.246971 -13.380386 -1.453466 55.666046 -0.068799 -80.174988 13.068244 2.574735 2.243541 -5.255034 -3.180156 14.282887 -0.826598 6.952499 -2e-06 -12.690596 1e-06 13.888801 -17.114779 3.636705 1.665665 -1.955921 -2.878295 4.727798 -4.170586 4.99392 11.020521 2e-06 0.0 12.109047 -3.735715 -2.866781 -1e-06 -0.0 0.0 1.291986 -1.928548 -1.498088 14.800122 0.567466 3.865606 14.242568 -1.341737 -6.660653 19.631958 0.143924 -0.648245 49.925594 -0.588919 -5.207366 0.353029 -1.511151 -0.031939 20.22278 3.684304 2.316628 18.787268 1e-06 -1e-06 10.751625 -0.47987 1.397905 1e-06 -0.0 0.0 3.273805 0.305946 -0.58011 21.486803 11.830364 2.266132 8.162925 1e-06 -2e-06 18.399076 -3.798983 -4.940575 3e-06 -0.0 -1e-06 -6.017297 17.999052 -66.210411 -0.580576 -4.143001 78.648483 -8.964693 -6.160762 -31.10623 1.819872 -1.413543 -32.387508 -0.0 0.0 2e-06 9.359735 -11.947536 -65.563171 1.359794 6.264966 67.340073 -0.166337 19.823648 -36.182724 -1.165876 0.349154 -25.453548 0.0 -0.0 0.0 
0.0 0.0 0.0 0.0 -0.0 0.0 -10.238362 56.103271 96.626869 -10.82801 0.629485 82.419304 1.142401 2.559418 8.122458 -0.344868 2.041 -0.615309 -2.083749 1.300882 14.520962 -5.260885 4.676473 0.310432 -0.078937 0.414963 -3.730099 -5.082989 -2.432025 5.599941 7.7e-05 -2.3e-05 5e-06 -0.001486 0.036696 -0.161299 1.116879 -3.579888 -10.756 -1.139086 3.696629 -10.730734 4.714679 -1.914781 11.501605 -8.386941 -57.459221 -17.094778 -0.607661 -46.31012 -0.247539 94.583206 -10.769709 -4.282316 -5.882104 9.861276 0.702592 -10.936869 -0.360573 7.1562 1e-06 8.774817 0.0 -14.468609 17.389366 6.117384 -1.844031 2.498502 -2.507275 -10.163597 4.678943 4.621108 -20.976021 -1e-06 3e-06 -21.226282 2.451698 -3.593998 -1e-06 -6e-06 1e-06 -1.362681 2.240797 -0.746324 -21.334908 0.584912 3.008321 -13.821212 -2e-06 1e-06 -23.887165 -0.249077 -0.839482 -59.509445 1.926168 -1.249021 -0.294025 1.679685 0.833255 -14.218205 0.093217 1.300581 -34.21204 -0.287561 0.967167 -20.033209 0.964537 1.21284 0.0 -0.0 -0.0 -3.440387 0.788233 0.501655 -15.928183 -3.167305 2.999704 -6.338825 -0.0 1e-06 -18.123447 3.648181 -4.905668 -5e-06 2e-06 -1e-06 -9.617308 13.045462 4.395708 22.503359 51.210175 -11.712801 -0.595098 50.158283 0.274839 -79.814453 11.193354 2.240496 2.243541 -5.255032 -3.180154 14.282885 -0.826599 6.952497 1e-06 -12.690593 3e-06 13.885595 -17.045504 3.568336 1.665665 -1.95592 -2.878295 4.727797 -4.170585 4.993922 11.020519 1e-06 -1e-06 12.109048 -3.735714 -2.866783 1e-06 0.0 1e-06 1.291984 -1.928547 -1.498088 14.800122 0.567464 3.865604 14.242565 -1.341738 -6.660652 19.631956 0.143922 -0.648247 49.815144 -0.491906 -5.146215 0.35303 -1.511149 -0.03194 20.222778 3.684301 2.316627 18.787266 1e-06 -4e-06 10.751621 -0.47987 1.397904 0.0 -0.0 0.0 3.273804 0.305946 -0.58011 21.486797 11.830358 2.266127 8.162921 0.0 -1e-06 18.399075 -3.798984 -4.940574 3e-06 -0.0 -0.0 -4.422289 17.313894 -65.203262 -0.50746 -3.35094 80.759918 -9.089145 -5.667318 -31.292366 1.909713 -1.40576 -34.830654 -0.0 -1e-06 1e-06 8.232553 -10.749295 -65.304604 1.332809 5.633894 70.334053 -1.427318 17.92354 -37.442017 -1.12352 0.299246 -26.524254 -0.0 0.0 0.0 
0.0 0.0 0.0 0.0 -0.0 0.0 -10.629821 56.014275 96.05069 -11.223213 -0.090669 81.079361 1.133564 2.575171 8.059089 -0.452896 2.203003 -0.68587 -2.254832 1.281736 14.518474 -6.210869 4.668363 1.444022 -0.099746 0.67558 -3.762946 -4.930508 -2.115653 5.612769 7.8e-05 -2.2e-05 3e-06 0.010428 0.033366 -0.162811 1.153916 -3.586823 -10.763342 -1.154632 3.691048 -10.712671 4.537202 -2.367819 11.164575 -8.752553 -57.817749 -16.304228 -0.765374 -43.156052 -0.176977 93.361305 -9.341973 -5.869578 -5.882104 9.861273 0.70259 -10.936865 -0.360573 7.1562 3e-06 8.774815 0.0 -14.345963 17.565165 6.198986 -1.844032 2.498502 -2.507276 -10.163594 4.67894 4.621106 -20.976013 -1e-06 3e-06 -21.226276 2.451696 -3.593997 0.0 -6e-06 0.0 -1.362681 2.240794 -0.746323 -21.334904 0.584911 3.008322 -13.82121 -1e-06 3e-06 -23.887159 -0.249078 -0.839484 -59.077286 1.964362 -1.283057 -0.294024 1.679685 0.833255 -14.218202 0.093217 1.300578 -34.212032 -0.28756 0.967167 -20.033201 0.964537 1.212839 -0.0 -0.0 -1e-06 -3.440387 0.788233 0.501654 -15.928179 -3.167302 2.999703 -6.338822 -1e-06 2e-06 -18.123436 3.648179 -4.905664 -6e-06 1e-06 -2e-06 -10.256353 12.48737 3.977132 22.596968 54.12355 -10.004773 0.314239 45.073433 0.500373 -79.257881 9.818119 2.243152 2.243542 -5.255033 -3.180156 14.282888 -0.826596 6.952497 -1e-06 -12.690598 1e-06 13.818468 -17.091217 3.576846 1.665665 -1.955919 -2.878297 4.727797 -4.170585 4.993921 11.020524 2e-06 -1e-06 12.10905 -3.735712 -2.866782 -1e-06 0.0 0.0 1.291985 -1.928548 -1.498088 14.800129 0.567466 3.865604 14.242572 -1.341735 -6.660657 19.631966 0.143925 -0.648247 49.726505 -0.500662 -5.404626 0.353027 -1.511149 -0.03194 20.22279 3.684306 2.316626 18.78727 5e-06 -3e-06 10.751626 -0.479868 1.397904 1e-06 0.0 0.0 3.273805 0.305947 -0.58011 21.486813 11.830365 2.266127 8.162927 1e-06 -1e-06 18.399078 -3.798982 -4.940576 3e-06 1e-06 -1e-06 -3.544227 16.820469 -64.539368 -0.457485 -2.853549 82.270485 -8.885203 -5.479871 -31.906782 2.012192 -1.417281 -35.712589 -0.0 0.0 2e-06 7.308836 -9.596833 -65.280823 1.349174 5.14885 73.247444 -1.759544 15.441731 -37.792774 -1.121339 0.292478 -28.010269 0.0 0.0 -1e-06 
0.0 0.0 0.0 0.0 -0.0 0.0 -10.99946 56.318623 95.104065 -11.081079 -0.625774 80.135376 1.104601 2.566599 8.052451 -0.445251 2.12242 -0.583935 -2.583228 1.057948 14.382799 -6.633961 4.837158 1.969838 -0.000848 0.851326 -3.717932 -5.06258 -1.958765 5.806994 7.7e-05 -2.3e-05 5e-06 0.000902 0.038583 -0.162005 1.152388 -3.601946 -10.849298 -1.17081 3.720049 -10.79875 4.165021 -2.68415 11.103868 -6.922687 -58.13002 -16.988874 -1.057258 -40.566528 0.338049 92.562714 -7.332797 -6.606808 -5.882102 9.861276 0.702589 -10.936864 -0.360575 7.1562 3e-06 8.774817 -1e-06 -14.338693 17.366571 6.148907 -1.84403 2.498502 -2.507277 -10.163594 4.678941 4.621106 -20.976009 -4e-06 3e-06 -21.226273 2.451694 -3.593997 -0.0 -6e-06 1e-06 -1.36268 2.240796 -0.746323 -21.334904 0.584908 3.00832 -13.821207 -3e-06 3e-06 -23.887156 -0.249079 -0.839482 -59.114735 1.786944 -1.026379 -0.294025 1.679686 0.833256 -14.218199 0.093215 1.30058 -34.212021 -0.287565 0.967172 -20.033201 0.964536 1.212844 -0.0 -0.0 -0.0 -3.440386 0.788233 0.501655 -15.928177 -3.167307 2.999706 -6.338822 -1e-06 2e-06 -18.12344 3.64818 -4.905666 -5e-06 0.0 -2e-06 -10.673456 12.044014 3.794252 21.637745 56.469589 -9.049699 0.76607 41.365528 0.622173 -78.814575 7.696017 2.260268 2.243539 -5.255031 -3.180154 14.28288 -0.826596 6.952495 1e-06 -12.690592 2e-06 13.948953 -16.948746 3.41459 1.665664 -1.95592 -2.878297 4.727797 -4.170584 4.993919 11.020517 1e-06 -1e-06 12.109044 -3.735714 -2.866781 0.0 0.0 0.0 1.291985 -1.928547 -1.498088 14.800118 0.567465 3.865604 14.242559 -1.341737 -6.660652 19.631948 0.143924 -0.648246 49.548317 -0.375515 -5.236554 0.353028 -1.511149 -0.031939 20.222775 3.684303 2.316627 18.787264 1e-06 -2e-06 10.751621 -0.47987 1.397903 0.0 -1e-06 0.0 3.273803 0.305947 -0.58011 21.48679 11.83036 2.266128 8.162921 -0.0 -1e-06 18.399067 -3.798983 -4.940572 3e-06 1e-06 -0.0 -3.056318 16.447878 -64.43438 -0.497709 -2.520453 83.408997 -9.173532 -5.597794 -32.36264 2.015678 -1.412403 -37.100067 0.0 -0.0 3e-06 6.669871 -8.862552 -65.722008 1.266842 4.737782 75.110016 -2.511279 14.399994 -38.337891 -1.104177 0.248121 -29.473671 -0.0 0.0 -1e-06 
0.0 0.0 0.0 0.0 -0.0 0.0 -11.629736 56.508316 94.164124 -10.731259 -0.971633 79.34436 1.113869 2.474083 8.109216 -0.511629 2.033643 -0.572454 -2.791651 0.909293 14.411213 -6.908381 4.801397 2.671851 -0.111638 1.07975 -3.731351 -4.897947 -1.865253 5.751081 7.7e-05 -2.3e-05 6e-06 0.016468 0.036433 -0.162442 1.156849 -3.585125 -10.78768 -1.145583 3.69523 -10.70454 4.268419 -3.332871 10.701135 -6.23148 -58.06012 -17.024996 -1.120109 -38.326611 0.313875 91.44696 -6.305645 -7.689125 -5.882103 9.861282 0.702591 -10.936868 -0.360572 7.156203 -0.0 8.774822 -1e-06 -14.243522 17.536179 6.17233 -1.844033 2.498504 -2.507277 -10.163594 4.678942 4.621107 -20.976017 -2e-06 2e-06 -21.226276 2.451696 -3.594 0.0 -5e-06 -1e-06 -1.362682 2.240797 -0.746324 -21.334906 0.584912 3.008322 -13.821208 -3e-06 3e-06 -23.887159 -0.249078 -0.839485 -58.680443 1.844914 -1.181594 -0.294024 1.679686 0.833257 -14.218205 0.093215 1.30058 -34.21204 -0.287562 0.967167 -20.033205 0.964537 1.212841 0.0 -0.0 -1e-06 -3.440388 0.788233 0.501654 -15.928179 -3.167308 2.999705 -6.338825 0.0 1e-06 -18.123442 3.648182 -4.905667 -4e-06 2e-06 -3e-06 -11.195401 11.556824 3.262524 21.674173 58.553989 -7.868597 1.151964 37.98489 0.58654 -78.146988 6.460598 1.937095 2.243543 -5.255037 -3.180159 14.282888 -0.826595 6.952505 -2e-06 -12.690602 2e-06 14.00193 -17.048904 3.420264 1.665664 -1.955922 -2.878299 4.727799 -4.170588 4.993926 11.02053 2e-06 -0.0 12.109054 -3.735716 -2.866785 0.0 0.0 0.0 1.291986 -1.92855 -1.49809 14.800129 0.567466 3.865608 14.242571 -1.341736 -6.660658 19.631969 0.143924 -0.648244 49.560394 -0.463874 -5.465907 0.353029 -1.511151 -0.031939 20.222794 3.684308 2.31663 18.787273 3e-06 -0.0 10.751629 -0.479869 1.397906 -1e-06 0.0 0.0 3.273808 0.305947 -0.580111 21.486814 11.830373 2.266133 8.16293 1e-06 0.0 18.399084 -3.798987 -4.940575 3e-06 0.0 -1e-06 -3.005426 16.249983 -64.48938 -0.496765 -2.513621 83.99971 -8.854076 -5.633992 -32.889706 2.045194 -1.423285 -36.78244 -0.0 -1e-06 3e-06 6.142019 -8.024288 -66.017044 1.19704 4.524827 76.628029 -2.328286 12.810706 -38.369148 -1.118933 0.266827 -30.465942 0.0 0.0 -3e-06 
0.0 0.0 0.0 0.0 -0.0 0.0 -12.263229 56.974136 93.350471 -10.187164 -1.141436 78.877731 1.09316 2.352566 8.253325 -0.476269 1.886717 -0.453706 -3.057538 0.695865 14.321567 -7.005616 4.819582 2.867646 -0.096015 1.151947 -3.682513 -4.897119 -1.811941 5.77176 7.7e-05 -2.3e-05 5e-06 0.032618 0.04114 -0.16183 1.161961 -3.571818 -10.769052 -1.117892 3.691339 -10.677581 4.251299 -3.975724 10.415071 -4.21833 -57.897739 -18.038715 -1.233405 -36.396767 0.419557 90.446365 -5.065768 -8.115365 -5.882102 9.861277 0.702592 -10.936866 -0.360573 7.156199 3e-06 8.774817 1e-06 -14.170574 17.609966 6.19491 -1.84403 2.498502 -2.507276 -10.163594 4.678942 4.621107 -20.976013 -2e-06 5e-06 -21.226273 2.451696 -3.593995 1e-06 -6e-06 -0.0 -1.362679 2.240796 -0.746323 -21.334906 0.58491 3.008324 -13.821206 -3e-06 4e-06 -23.887165 -0.249076 -0.839479 -58.524681 1.838728 -1.237843 -0.294025 1.679685 0.833256 -14.218202 0.093215 1.30058 -34.212032 -0.287563 0.967172 -20.033201 0.964536 1.212844 0.0 -0.0 -1e-06 -3.440385 0.788232 0.501656 -15.928179 -3.167307 2.999707 -6.338825 0.0 2e-06 -18.12344 3.64818 -4.905666 -5e-06 1e-06 -2e-06 -11.614542 11.250038 2.835357 21.083717 60.075947 -7.518363 1.386139 35.608322 0.569168 -77.6343 5.263161 1.339522 2.243541 -5.255032 -3.180155 14.282888 -0.826597 6.952501 -2e-06 -12.690595 5e-06 14.052867 -17.094572 3.369154 1.665667 -1.955919 -2.878297 4.727798 -4.170585 4.993924 11.020524 3e-06 -0.0 12.109049 -3.735713 -2.866781 0.0 -0.0 2e-06 1.291986 -1.928548 -1.498088 14.800122 0.567466 3.865606 14.242568 -1.341734 -6.660653 19.63196 0.143925 -0.648245 49.522404 -0.490834 -5.469511 0.353029 -1.51115 -0.031939 20.222788 3.684305 2.316629 18.78727 3e-06 0.0 10.751625 -0.479869 1.397905 0.0 -0.0 0.0 3.273807 0.305946 -0.58011 21.486811 11.830363 2.266129 8.162926 1e-06 -1e-06 18.399078 -3.798984 -4.940572 3e-06 -0.0 -2e-06 -3.064839 16.100332 -65.013298 -0.534431 -2.514326 84.354256 -8.770788 -5.700305 -33.297943 2.036654 -1.429645 -36.711254 0.0 -0.0 3e-06 5.799049 -7.326563 -66.625328 1.100437 4.251177 77.722801 -2.397241 11.791744 -38.477692 -1.115278 0.258142 -31.069574 -0.0 -0.0 -2e-06 
0.0 0.0 0.0 0.0 -0.0 0.0 -12.975044 57.562809 92.565079 -9.593431 -1.163656 78.662636 1.061758 2.236844 8.415473 -0.44702 1.719036 -0.310546 -3.263843 0.497255 14.288136 -6.955034 4.798941 2.76078 -0.085923 1.142799 -3.630888 -4.814296 -1.788794 5.75407 7.7e-05 -2.3e-05 4e-06 0.036462 0.040337 -0.160361 1.14924 -3.568292 -10.749783 -1.097289 3.6859 -10.646483 4.345853 -4.673728 10.076914 -1.934716 -57.514496 -19.149393 -1.220436 -34.819057 0.456998 89.449417 -3.805995 -8.318459 -5.882102 9.861273 0.702592 -10.936865 -0.360573 7.156201 2e-06 8.774815 1e-06 -14.169491 17.695736 6.227384 -1.844031 2.498501 -2.507274 -10.163594 4.678942 4.621106 -20.976007 -2e-06 4e-06 -21.226273 2.451696 -3.593994 0.0 -6e-06 0.0 -1.362681 2.240794 -0.746323 -21.3349 0.584911 3.008322 -13.821207 -1e-06 3e-06 -23.887157 -0.249076 -0.839483 -58.490086 1.860346 -1.293392 -0.294025 1.679685 0.833256 -14.218198 0.093217 1.30058 -34.212032 -0.287558 0.967171 -20.033199 0.964538 1.212842 0.0 -0.0 -1e-06 -3.440387 0.788233 0.501655 -15.928176 -3.167305 2.999706 -6.338823 0.0 2e-06 -18.123436 3.64818 -4.905663 -3e-06 0.0 -2e-06 -11.972395 11.074077 2.427289 20.095196 61.194164 -7.87205 1.53557 33.859325 0.52976 -77.177574 4.394986 0.8714 2.243542 -5.255032 -3.180153 14.282883 -0.826597 6.952495 -0.0 -12.690591 1e-06 14.092731 -17.166788 3.31621 1.665665 -1.95592 -2.878295 4.727797 -4.170586 4.993918 11.020518 1e-06 -0.0 12.109049 -3.735715 -2.86678 -1e-06 0.0 -0.0 1.291985 -1.928547 -1.498087 14.800122 0.567466 3.865602 14.242565 -1.341737 -6.660651 19.631962 0.143922 -0.648246 49.490837 -0.500877 -5.494558 0.353029 -1.511149 -0.03194 20.222782 3.684303 2.316627 18.787268 2e-06 -3e-06 10.751624 -0.479869 1.397903 -0.0 -0.0 -0.0 3.273807 0.305945 -0.580109 21.486799 11.830359 2.266127 8.162921 1e-06 -2e-06 18.399071 -3.798982 -4.940573 3e-06 1e-06 -0.0 -3.251 16.081877 -65.877861 -0.578476 -2.574209 84.517578 -8.658594 -5.623552 -33.587646 2.013727 -1.428448 -36.504242 0.0 -0.0 3e-06 5.580972 -6.610859 -67.428833 1.015981 3.995633 78.543587 -2.348464 10.944893 -38.322746 -1.10998 0.246773 -31.436823 0.0 -0.0 -2e-06 
0.0 0.0 0.0 0.0 -0.0 0.0 -13.741771 58.243507 91.657715 -8.922155 -1.087726 78.614807 0.976793 2.125588 8.647844 -0.421437 1.530105 -0.136365 -3.439951 0.287077 14.306997 -6.75057 4.732158 2.356629 -0.038721 1.115705 -3.592134 -4.735614 -1.798974 5.629894 7.7e-05 -2.2e-05 4e-06 0.042565 0.04026 -0.159698 1.143209 -3.566091 -10.734038 -1.07923 3.68424 -10.62349 4.599254 -5.342275 9.763001 0.66221 -56.970058 -20.552975 -1.217423 -33.574215 0.484139 88.539543 -2.594118 -8.347013 -5.882102 9.861278 0.70259 -10.936866 -0.360575 7.156202 3e-06 8.774817 0.0 -14.268937 17.792854 6.264892 -1.844032 2.498502 -2.507276 -10.163595 4.678941 4.621108 -20.976017 -4e-06 5e-06 -21.226278 2.451695 -3.593995 0.0 -6e-06 -1e-06 -1.36268 2.240796 -0.746322 -21.334908 0.584908 3.008321 -13.821213 -3e-06 3e-06 -23.887165 -0.24908 -0.83948 -58.611275 1.9237 -1.330843 -0.294025 1.679685 0.833256 -14.218204 0.093214 1.300579 -34.21204 -0.287565 0.967171 -20.033205 0.964536 1.212844 -0.0 0.0 -0.0 -3.440387 0.788233 0.501655 -15.928185 -3.167307 2.999705 -6.338825 -1e-06 1e-06 -18.12344 3.64818 -4.905666 -4e-06 0.0 -2e-06 -12.252866 10.96605 2.088259 18.608423 61.993736 -8.969275 1.576333 32.676937 0.478398 -76.883614 3.778194 0.616702 2.243543 -5.255034 -3.180156 14.282882 -0.826594 6.952497 -1e-06 -12.690595 -1e-06 14.137424 -17.266487 3.265935 1.665665 -1.955921 -2.878297 4.727796 -4.170585 4.993919 11.02052 2e-06 -1e-06 12.10905 -3.735714 -2.866783 0.0 -0.0 1e-06 1.291986 -1.928548 -1.498087 14.800122 0.567467 3.865604 14.242565 -1.341737 -6.660655 19.631954 0.143926 -0.648244 49.503052 -0.516043 -5.512335 0.353029 -1.511149 -0.03194 20.222782 3.684307 2.316628 18.787266 4e-06 -2e-06 10.751624 -0.479868 1.397904 0.0 0.0 0.0 3.273802 0.305947 -0.58011 21.486805 11.830366 2.266131 8.162921 2e-06 -1e-06 18.399075 -3.798982 -4.940575 3e-06 0.0 -0.0 -3.470968 16.071777 -67.050079 -0.629009 -2.642894 84.64817 -8.576981 -5.563282 -33.789371 1.981692 -1.425349 -36.082901 -0.0 0.0 3e-06 5.423949 -5.928082 -68.479622 0.93942 3.727117 79.297173 -2.221392 10.223059 -37.928936 -1.107434 0.242659 -31.639889 0.0 0.0 -3e-06 
0.0 0.0 0.0 0.0 -0.0 0.0 -14.517864 58.943176 90.628784 -8.112316 -0.923628 78.716927 0.848663 2.009399 8.941144 -0.395129 1.310325 0.057612 -3.583024 0.059307 14.33473 -6.325231 4.636671 1.717771 -0.002256 1.069715 -3.5656 -4.693062 -1.845035 5.463264 7.7e-05 -2.3e-05 5e-06 0.054354 0.042142 -0.161419 1.148875 -3.563585 -10.722509 -1.061986 3.686856 -10.61443 5.038848 -5.940407 9.453195 3.319039 -56.271317 -22.023224 -1.253359 -32.848309 0.545763 87.784157 -1.468369 -8.177943 -5.882102 9.861278 0.702589 -10.936864 -0.360576 7.1562 2e-06 8.774818 -2e-06 -14.424303 17.873688 6.272596 -1.844031 2.498502 -2.507277 -10.163592 4.67894 4.621106 -20.976009 -5e-06 4e-06 -21.226273 2.451694 -3.593996 0.0 -6e-06 -1e-06 -1.362679 2.240798 -0.746324 -21.334902 0.584907 3.008322 -13.821206 -4e-06 3e-06 -23.887157 -0.249079 -0.839481 -58.831795 1.992457 -1.340787 -0.294024 1.679686 0.833255 -14.218198 0.093214 1.30058 -34.212029 -0.287566 0.967172 -20.033195 0.964534 1.212844 -0.0 0.0 0.0 -3.440385 0.788233 0.501656 -15.928174 -3.167309 2.999704 -6.338823 -2e-06 1e-06 -18.123434 3.648178 -4.905665 -4e-06 0.0 -2e-06 -12.431312 10.863325 1.814936 16.802841 62.388439 -10.624725 1.514279 32.175793 0.411857 -76.79203 3.430405 0.682066 2.24354 -5.255032 -3.180155 14.282876 -0.826595 6.952497 -2e-06 -12.690593 1e-06 14.234364 -17.383999 3.218634 1.665663 -1.95592 -2.878297 4.727794 -4.170584 4.99392 11.020516 2e-06 -2e-06 12.109038 -3.735711 -2.866782 -1e-06 -0.0 1e-06 1.291983 -1.928548 -1.498088 14.800112 0.567467 3.865604 14.242558 -1.341734 -6.660653 19.631945 0.143926 -0.648245 49.588642 -0.549702 -5.52637 0.353028 -1.511149 -0.03194 20.222771 3.684305 2.316627 18.787252 4e-06 -1e-06 10.751617 -0.479869 1.397905 0.0 -0.0 -0.0 3.273804 0.305946 -0.58011 21.48679 11.830362 2.266129 8.162919 2e-06 -0.0 18.399063 -3.798983 -4.94057 3e-06 0.0 -1e-06 -3.690381 15.978748 -68.50721 -0.690746 -2.704646 84.836624 -8.493765 -5.632991 -33.878025 1.954431 -1.427767 -35.636841 0.0 0.0 3e-06 5.288314 -5.357469 -69.752762 0.860264 3.43552 80.077484 -2.018264 9.537293 -37.490089 -1.103601 0.24012 -31.765612 -0.0 -0.0 -2e-06 
0.0 0.0 0.0 0.0 -0.0 0.0 -15.288947 59.601463 89.482803 -7.16864 -0.6781 78.938599 0.706443 1.882636 9.264258 -0.373474 1.076938 0.268781 -3.675444 -0.190924 14.354586 -5.729691 4.53214 0.910155 0.021375 1.015809 -3.545489 -4.652408 -1.925771 5.249549 7.8e-05 -2.3e-05 6e-06 0.068418 0.045932 -0.1616 1.157627 -3.558337 -10.710156 -1.043314 3.690469 -10.610402 5.609205 -6.398767 9.131618 5.92525 -55.468552 -23.469095 -1.390832 -32.684422 0.672602 87.197029 -0.485172 -7.84515 -5.882104 9.861289 0.70259 -10.936868 -0.360576 7.156205 -2e-06 8.774826 -3e-06 -14.594472 17.954145 6.256655 -1.844031 2.498505 -2.507278 -10.163596 4.678943 4.621106 -20.976017 -5e-06 4e-06 -21.226282 2.451697 -3.593999 1e-06 -6e-06 -0.0 -1.362681 2.240797 -0.746323 -21.334906 0.584907 3.008325 -13.821211 -3e-06 3e-06 -23.887167 -0.249078 -0.839482 -59.081615 2.062405 -1.356978 -0.294024 1.679687 0.833256 -14.218205 0.093214 1.300581 -34.21204 -0.287564 0.967173 -20.033209 0.964536 1.212846 0.0 -1e-06 -0.0 -3.440388 0.788234 0.501655 -15.928183 -3.167312 2.999709 -6.338826 -1e-06 2e-06 -18.123444 3.648183 -4.905671 -6e-06 0.0 -3e-06 -12.524216 10.721116 1.603081 14.907022 62.358139 -12.707029 1.430691 32.396046 0.34655 -76.937233 3.443369 1.025378 2.243539 -5.255037 -3.180157 14.282887 -0.826591 6.952503 -2e-06 -12.690601 -2e-06 14.368987 -17.500628 3.175762 1.665665 -1.955922 -2.878298 4.727801 -4.170585 4.993921 11.020524 3e-06 0.0 12.109046 -3.735716 -2.866783 0.0 -0.0 0.0 1.291984 -1.928549 -1.498088 14.800125 0.56747 3.865608 14.242568 -1.341737 -6.660654 19.631962 0.143925 -0.648241 49.739841 -0.588861 -5.533743 0.353028 -1.51115 -0.031941 20.22279 3.68431 2.316633 18.78727 5e-06 3e-06 10.751627 -0.479868 1.397907 -1e-06 0.0 -0.0 3.273808 0.305948 -0.58011 21.486816 11.83037 2.266137 8.162928 2e-06 1e-06 18.399078 -3.798983 -4.940573 3e-06 -0.0 -1e-06 -3.905413 15.790101 -70.218033 -0.754519 -2.74048 85.174614 -8.356205 -5.868821 -33.902725 1.929887 -1.433293 -35.269756 0.0 -0.0 3e-06 5.142984 -4.907422 -71.241989 0.771272 3.11031 81.01104 -1.75462 8.82843 -37.101528 -1.103352 0.242479 -31.795542 -0.0 0.0 -2e-06 
0.0 0.0 0.0 0.0 -0.0 0.0 -16.024479 60.192848 88.265694 -6.06217 -0.369735 79.254463 0.557651 1.7137 9.616534 -0.337371 0.835951 0.484325 -3.73477 -0.464165 14.360546 -4.975657 4.45272 0.033472 0.010392 0.937161 -3.520734 -4.59212 -2.062958 4.984896 7.8e-05 -2.3e-05 6e-06 0.081903 0.049208 -0.155404 1.159725 -3.552149 -10.68388 -1.019206 3.691961 -10.59509 6.272902 -6.687646 8.836881 8.528036 -54.630093 -24.998787 -1.647564 -32.968895 0.846975 86.735191 0.335575 -7.446704 -5.8821 9.861276 0.702589 -10.936857 -0.360574 7.156197 1e-06 8.774817 -0.0 -14.757316 18.029896 6.223547 -1.844031 2.498503 -2.507276 -10.163588 4.67894 4.621104 -20.976 -4e-06 2e-06 -21.226261 2.451694 -3.593998 1e-06 -6e-06 -0.0 -1.36268 2.240796 -0.746323 -21.334887 0.584908 3.00832 -13.821198 -2e-06 1e-06 -23.887144 -0.249078 -0.839483 -59.285419 2.112275 -1.380372 -0.294024 1.679686 0.833254 -14.218193 0.093215 1.30058 -34.212013 -0.287564 0.967166 -20.033194 0.964534 1.21284 0.0 0.0 0.0 -3.440384 0.788233 0.501655 -15.928168 -3.167306 2.999704 -6.33882 -1e-06 2e-06 -18.123426 3.64818 -4.905668 -4e-06 0.0 -3e-06 -12.562337 10.523265 1.468411 13.024267 61.920658 -14.973276 1.292588 33.295086 0.262225 -77.254639 3.632742 1.671175 2.24354 -5.255035 -3.180156 14.282876 -0.826592 6.952497 -1e-06 -12.690598 -1e-06 14.521631 -17.593987 3.151003 1.665663 -1.95592 -2.878297 4.727793 -4.170585 4.99392 11.020519 2e-06 -1e-06 12.109041 -3.735713 -2.866785 1e-06 -0.0 1e-06 1.291987 -1.928549 -1.498088 14.800114 0.567469 3.865605 14.24256 -1.341735 -6.660655 19.631952 0.143927 -0.648243 49.906403 -0.610637 -5.543045 0.353029 -1.51115 -0.03194 20.222775 3.684309 2.316629 18.787256 5e-06 -0.0 10.751619 -0.479868 1.397905 -1e-06 0.0 -0.0 3.273804 0.305947 -0.58011 21.486799 11.830369 2.266133 8.16292 1e-06 1e-06 18.399067 -3.798982 -4.940571 3e-06 1e-06 -1e-06 -4.116992 15.454364 -72.133354 -0.817679 -2.743181 85.62838 -8.118443 -6.263539 -33.933132 1.911404 -1.443748 -35.014011 0.0 0.0 3e-06 4.938075 -4.628829 -72.915779 0.67308 2.749292 82.124756 -1.375881 8.176259 -36.8223 -1.106844 0.248905 -31.764652 -0.0 0.0 -2e-06 
0.0 0.0 0.0 0.0 -0.0 0.0 -16.724209 60.728836 86.986465 -4.842037 -0.012691 79.621544 0.414902 1.518797 9.979151 -0.303784 0.599697 0.705605 -3.733019 -0.7412 14.387203 -4.119021 4.370112 -0.820345 -0.015874 0.832571 -3.496956 -4.522411 -2.244216 4.680171 7.7e-05 -2.2e-05 6e-06 0.099654 0.05395 -0.148203 1.164364 -3.545499 -10.656816 -0.988764 3.695657 -10.57751 6.998611 -6.868732 8.573359 11.099257 -53.78714 -26.639151 -1.964293 -33.521889 1.046854 86.344681 1.008963 -7.090776 -5.882103 9.861284 0.702589 -10.936867 -0.360576 7.156203 -0.0 8.774823 -3e-06 -14.889916 18.106571 6.201976 -1.844031 2.498505 -2.507277 -10.163595 4.678944 4.621106 -20.976015 -4e-06 1e-06 -21.226276 2.451695 -3.594001 0.0 -6e-06 0.0 -1.362682 2.240798 -0.746324 -21.334904 0.584907 3.008322 -13.821208 -3e-06 1e-06 -23.887159 -0.24908 -0.839482 -59.44442 2.161299 -1.397622 -0.294024 1.679685 0.833256 -14.218204 0.093215 1.30058 -34.212036 -0.287564 0.967171 -20.033207 0.964536 1.212844 0.0 -0.0 -1e-06 -3.440387 0.788233 0.501656 -15.928181 -3.167309 2.999707 -6.338823 -1e-06 1e-06 -18.123442 3.648182 -4.90567 -6e-06 -0.0 -3e-06 -12.578519 10.290809 1.389257 11.170075 61.126579 -17.277023 1.09159 34.641582 0.167164 -77.63192 3.835733 2.53293 2.243538 -5.255033 -3.180156 14.282878 -0.826593 6.952499 -2e-06 -12.690597 -0.0 14.673606 -17.678827 3.146038 1.665662 -1.955921 -2.878297 4.727791 -4.170583 4.993921 11.020517 3e-06 -1e-06 12.109036 -3.735713 -2.866783 0.0 -0.0 1e-06 1.291984 -1.928548 -1.498088 14.800112 0.56747 3.865606 14.242557 -1.341734 -6.660654 19.631945 0.143928 -0.648243 50.094467 -0.618961 -5.551193 0.353028 -1.51115 -0.03194 20.222769 3.684309 2.316629 18.787254 5e-06 0.0 10.751616 -0.479868 1.397906 1e-06 0.0 -0.0 3.273805 0.305947 -0.58011 21.486795 11.830369 2.266133 8.162919 1e-06 1e-06 18.399063 -3.798982 -4.94057 3e-06 0.0 -1e-06 -4.314853 14.968469 -74.184181 -0.873826 -2.709254 86.16404 -7.820492 -6.820757 -33.852486 1.903977 -1.456934 -34.948696 0.0 0.0 3e-06 4.71441 -4.53177 -74.693604 0.575973 2.378283 83.321205 -0.898378 7.508322 -36.605427 -1.114394 0.257771 -31.714136 0.0 0.0 -2e-06 
0.0 0.0 0.0 0.0 -0.0 0.0 -17.342812 61.23085 85.666641 -3.598634 0.363622 80.016869 0.293808 1.313507 10.348448 -0.274241 0.381552 0.925502 -3.689593 -1.003547 14.438048 -3.217106 4.271796 -1.610768 -0.069829 0.721867 -3.484219 -4.473176 -2.466942 4.401224 7.6e-05 -2.3e-05 5e-06 0.118305 0.058271 -0.145475 1.16691 -3.541836 -10.635406 -0.954489 3.701455 -10.568113 7.723991 -6.980165 8.328752 13.588766 -52.969826 -28.381023 -2.303775 -34.19788 1.254341 85.981117 1.524 -6.857859 -5.882104 9.861281 0.702589 -10.93687 -0.360577 7.156205 -1e-06 8.774821 -1e-06 -14.971352 18.16876 6.196232 -1.844032 2.498503 -2.507277 -10.163597 4.678943 4.621105 -20.976017 -3e-06 3e-06 -21.226278 2.451696 -3.593999 1e-06 -6e-06 -2e-06 -1.362682 2.240797 -0.746324 -21.334906 0.58491 3.008322 -13.821208 -2e-06 2e-06 -23.887163 -0.249078 -0.839485 -59.566704 2.186282 -1.402308 -0.294024 1.679686 0.833255 -14.218205 0.093215 1.300579 -34.212044 -0.287563 0.96717 -20.033209 0.964537 1.212844 0.0 -0.0 -0.0 -3.440389 0.788233 0.501655 -15.928185 -3.167307 2.999706 -6.338824 -1e-06 1e-06 -18.123444 3.648181 -4.905668 -6e-06 0.0 -1e-06 -12.591603 10.029878 1.34469 9.345289 60.111813 -19.464939 0.813594 36.150322 0.061026 -77.971947 3.852639 3.481354 2.243541 -5.255037 -3.180157 14.282887 -0.826593 6.952502 -2e-06 -12.690599 -2e-06 14.796781 -17.755503 3.173253 1.665668 -1.955922 -2.878299 4.727797 -4.170585 4.993922 11.020521 3e-06 0.0 12.109052 -3.735715 -2.866783 1e-06 -0.0 0.0 1.291984 -1.928548 -1.498089 14.800125 0.567469 3.865608 14.242568 -1.341736 -6.660655 19.631968 0.143925 -0.648243 50.278206 -0.622818 -5.559796 0.353027 -1.51115 -0.031941 20.222784 3.684309 2.316632 18.78727 4e-06 1e-06 10.751625 -0.479869 1.397906 0.0 0.0 0.0 3.273806 0.305947 -0.580111 21.486801 11.83037 2.266134 8.162925 2e-06 0.0 18.399076 -3.798984 -4.940573 3e-06 0.0 -1e-06 -4.512579 14.380684 -76.264221 -0.928101 -2.639012 86.681709 -7.478036 -7.412223 -33.681232 1.900728 -1.470139 -34.923641 0.0 -0.0 3e-06 4.499037 -4.595179 -76.469299 0.486964 2.03032 84.444984 -0.342341 6.886494 -36.461773 -1.124048 0.265239 -31.644196 0.0 0.0 -3e-06 
0.0 0.0 0.0 0.0 -0.0 0.0 -17.846035 61.723457 84.346298 -2.399607 0.713154 80.370193 0.190595 1.124993 10.711404 -0.224002 0.179728 1.139011 -3.638537 -1.240922 14.563608 -2.329636 4.170401 -2.330691 -0.13978 0.610325 -3.48588 -4.404832 -2.705808 4.162955 7.7e-05 -2.3e-05 6e-06 0.135345 0.062033 -0.144997 1.17007 -3.542314 -10.630753 -0.923418 3.710683 -10.572713 8.402546 -7.071714 8.068963 15.969946 -52.20768 -30.149448 -2.617999 -34.841263 1.434577 85.562607 1.941731 -6.805579 -5.882111 9.861289 0.70259 -10.936876 -0.360576 7.156208 1e-06 8.77483 -1e-06 -15.01023 18.217312 6.212103 -1.844035 2.498506 -2.507278 -10.163605 4.678946 4.621109 -20.976036 -2e-06 4e-06 -21.226301 2.451699 -3.594002 0.0 -6e-06 0.0 -1.362682 2.240799 -0.746322 -21.334927 0.584911 3.008324 -13.821222 -2e-06 3e-06 -23.887188 -0.249077 -0.839484 -59.682789 2.203984 -1.388695 -0.294025 1.679688 0.833255 -14.218217 0.093216 1.300581 -34.212067 -0.287563 0.967171 -20.033222 0.964537 1.212844 0.0 -0.0 0.0 -3.44039 0.788234 0.501657 -15.928192 -3.167311 2.999707 -6.338829 -2e-06 1e-06 -18.123457 3.648184 -4.905673 -6e-06 0.0 -3e-06 -12.62523 9.777097 1.297129 7.538906 58.966129 -21.540154 0.528461 37.572948 -0.064752 -78.166916 3.73621 4.334569 2.243542 -5.255039 -3.180158 14.282896 -0.826595 6.952506 -1e-06 -12.690606 -3e-06 14.905138 -17.813665 3.20763 1.665667 -1.955923 -2.878299 4.727802 -4.170588 4.993924 11.020529 1e-06 1e-06 12.109055 -3.735718 -2.866784 0.0 0.0 -1e-06 1.291986 -1.92855 -1.49809 14.800132 0.567468 3.865611 14.242575 -1.341739 -6.660657 19.631969 0.143923 -0.648243 50.419758 -0.636938 -5.576002 0.353028 -1.511151 -0.03194 20.222801 3.684309 2.316634 18.787281 2e-06 1e-06 10.751633 -0.47987 1.397907 -1e-06 -0.0 0.0 3.273809 0.305947 -0.58011 21.486824 11.830376 2.266139 8.162928 1e-06 0.0 18.399088 -3.798988 -4.940577 3e-06 1e-06 -1e-06 -4.726943 13.698523 -78.287369 -0.976118 -2.542017 87.155602 -7.110953 -7.991117 -33.498299 1.892625 -1.478176 -34.779766 0.0 0.0 3e-06 4.312394 -4.821021 -78.197708 0.410447 1.717647 85.463646 0.217439 6.343571 -36.367374 -1.133342 0.269625 -31.601521 0.0 0.0 -2e-06 
0.0 0.0 0.0 0.0 -0.0 0.0 -18.214239 62.174118 83.15731 -1.293436 0.961766 80.553482 0.016294 1.015625 11.149903 -0.113591 -0.051964 1.358668 -3.564682 -1.441063 14.773074 -1.342615 4.104134 -3.016399 -0.521766 0.318401 -3.437464 -4.168464 -2.756213 3.708532 7.8e-05 -2.2e-05 5e-06 0.124655 0.057105 -0.144088 1.158924 -3.530864 -10.623621 -0.931729 3.687874 -10.569338 9.179094 -7.140602 7.688908 17.905653 -51.564556 -31.693905 -2.80929 -35.431911 1.502046 85.174118 2.291715 -6.665928 -5.882102 9.861279 0.702589 -10.93686 -0.360575 7.1562 1e-06 8.774817 -2e-06 -15.229124 18.20396 6.223258 -1.844031 2.498503 -2.507277 -10.163592 4.678941 4.621106 -20.976006 -4e-06 2e-06 -21.226269 2.451696 -3.593997 1e-06 -6e-06 -0.0 -1.362681 2.240796 -0.746323 -21.334896 0.584909 3.008322 -13.821201 -3e-06 1e-06 -23.887146 -0.249079 -0.839481 -59.965973 2.230157 -1.241433 -0.294024 1.679686 0.833255 -14.218196 0.093215 1.30058 -34.212017 -0.287564 0.967171 -20.033194 0.964537 1.212844 0.0 -0.0 -0.0 -3.440386 0.788233 0.501657 -15.928176 -3.167308 2.999705 -6.338823 -1e-06 1e-06 -18.123436 3.64818 -4.905667 -6e-06 1e-06 -2e-06 -12.719698 9.567563 1.069578 6.135163 57.768158 -23.661581 0.412269 38.852509 -0.344654 -78.100243 4.161389 5.104464 2.243539 -5.255033 -3.180155 14.282886 -0.826595 6.952496 -3e-06 -12.690597 -1e-06 14.939294 -17.785416 3.170802 1.665665 -1.95592 -2.878297 4.727796 -4.170584 4.99392 11.020519 3e-06 -1e-06 12.109046 -3.735713 -2.866783 0.0 0.0 -1e-06 1.291984 -1.928549 -1.498088 14.800118 0.567467 3.865604 14.24256 -1.341737 -6.660653 19.631952 0.143925 -0.648245 50.343712 -0.765501 -5.680855 0.353028 -1.511149 -0.03194 20.222778 3.684305 2.316629 18.787264 4e-06 -1e-06 10.75162 -0.479869 1.397905 -0.0 -0.0 0.0 3.273805 0.305947 -0.58011 21.486801 11.830366 2.266132 8.162921 2e-06 -1e-06 18.399075 -3.798984 -4.940573 3e-06 0.0 -1e-06 -4.912617 12.871137 -80.177925 -0.960327 -2.398928 87.84362 -6.810698 -8.321052 -32.990879 1.847426 -1.488739 -33.861504 0.0 0.0 5e-06 4.181838 -5.170731 -79.875893 0.318674 1.487061 86.492668 0.742356 6.025857 -36.138489 -1.096838 0.281513 -31.49029 0.0 0.0 -2e-06 
0.0 0.0 0.0 0.0 -0.0 0.0 -18.453909 62.685513 82.026558 -0.366224 1.252869 80.809395 0.062981 0.83931 11.409325 -0.079479 -0.177335 1.506001 -3.489205 -1.579492 14.916477 -0.848957 3.98273 -3.418854 -0.336621 0.380626 -3.482615 -4.108736 -3.035066 3.614246 7.8e-05 -2.3e-05 5e-06 0.120292 0.056295 -0.137919 1.112613 -3.57075 -10.668791 -0.893988 3.72972 -10.607041 9.481024 -7.33514 7.507349 19.981737 -50.901543 -32.922169 -2.923271 -35.889454 1.667073 84.339897 2.917523 -6.683204 -5.882105 9.861281 0.70259 -10.936867 -0.360574 7.156202 3e-06 8.774822 -0.0 -15.141314 18.255301 6.246238 -1.844032 2.498503 -2.507277 -10.163597 4.678943 4.621105 -20.976021 -3e-06 2e-06 -21.226282 2.451697 -3.593997 0.0 -6e-06 -1e-06 -1.362682 2.240796 -0.746323 -21.334906 0.58491 3.008323 -13.821209 -2e-06 2e-06 -23.887161 -0.249078 -0.839483 -59.857361 2.145723 -1.290375 -0.294024 1.679686 0.833256 -14.218204 0.093215 1.300579 -34.21204 -0.287562 0.967168 -20.033205 0.964536 1.212842 0.0 0.0 -1e-06 -3.440387 0.788233 0.501655 -15.928185 -3.167307 2.999705 -6.338825 -1e-06 1e-06 -18.123444 3.648181 -4.905669 -5e-06 -0.0 -2e-06 -12.793321 9.392472 1.180404 4.418359 56.665104 -25.094423 0.031244 39.662178 -0.378166 -77.995499 3.300515 5.622457 2.24354 -5.255033 -3.180157 14.282887 -0.826594 6.952499 -2e-06 -12.690597 2e-06 15.026732 -17.904079 3.296857 1.665664 -1.955921 -2.878298 4.727797 -4.170586 4.993922 11.020523 4e-06 -2e-06 12.10905 -3.735713 -2.866782 0.0 -0.0 -1e-06 1.291986 -1.928548 -1.498089 14.800123 0.567468 3.865606 14.242568 -1.341735 -6.660655 19.631966 0.143926 -0.648244 50.518959 -0.668965 -5.646362 0.353028 -1.51115 -0.03194 20.222784 3.684309 2.316629 18.78727 5e-06 -0.0 10.751623 -0.479868 1.397906 -0.0 -0.0 0.0 3.273805 0.305947 -0.580111 21.486809 11.830369 2.266131 8.162927 2e-06 -0.0 18.399075 -3.798983 -4.940573 3e-06 1e-06 -1e-06 -5.081078 12.20592 -81.87085 -0.999858 -2.267958 87.965385 -6.494322 -8.617898 -33.471874 1.876102 -1.518065 -33.717438 0.0 -0.0 3e-06 4.027346 -5.549991 -81.46376 0.290479 1.203701 87.351509 1.041231 5.541759 -35.984108 -1.131128 0.263739 -31.588846 0.0 0.0 -1e-06 
0.0 0.0 0.0 0.0 -0.0 0.0 -18.625893 63.122154 80.669701 0.383491 1.39851 80.857758 -0.013772 0.717269 11.728083 -0.02534 -0.286487 1.668548 -3.391781 -1.702994 15.144543 -0.269799 3.957059 -3.846827 -0.458757 0.263585 -3.478664 -4.029693 -3.188531 3.316582 7.6e-05 -2.3e-05 5e-06 0.116048 0.052572 -0.137262 1.09163 -3.574001 -10.655162 -0.881098 3.726124 -10.598007 9.90567 -7.448844 7.192073 21.572365 -50.3969 -34.218899 -3.155839 -36.169315 1.783385 83.577446 3.204478 -6.787186 -5.882105 9.861283 0.70259 -10.936872 -0.360575 7.156203 -0.0 8.774822 -1e-06 -15.209897 18.271132 6.248062 -1.844034 2.498505 -2.507277 -10.163597 4.678942 4.621106 -20.976021 -3e-06 4e-06 -21.226284 2.451699 -3.593997 2e-06 -6e-06 -0.0 -1.362682 2.240797 -0.746323 -21.334906 0.584908 3.008323 -13.821213 -3e-06 2e-06 -23.887167 -0.249077 -0.839481 -59.904484 2.12542 -1.2357 -0.294025 1.679687 0.833255 -14.218206 0.093214 1.300579 -34.212048 -0.287562 0.967172 -20.033211 0.964537 1.212843 -0.0 -0.0 -0.0 -3.440387 0.788233 0.501655 -15.928189 -3.167309 2.999707 -6.338828 -1e-06 2e-06 -18.123446 3.648182 -4.905668 -5e-06 -0.0 -1e-06 -12.896018 9.288261 1.134265 2.943938 55.688137 -26.672422 -0.195648 40.189041 -0.451501 -77.668686 2.847394 5.81413 2.243539 -5.255033 -3.180155 14.28288 -0.826594 6.952498 0.0 -12.690593 0.0 15.005682 -17.972395 3.369152 1.665665 -1.95592 -2.878296 4.727797 -4.170584 4.99392 11.020519 3e-06 -0.0 12.109043 -3.735713 -2.866782 1e-06 -0.0 -0.0 1.291985 -1.928548 -1.498088 14.800117 0.567467 3.865604 14.242561 -1.341736 -6.660652 19.631952 0.143926 -0.648244 50.500202 -0.67862 -5.666779 0.353028 -1.51115 -0.03194 20.222775 3.684306 2.316629 18.787256 4e-06 -1e-06 10.751618 -0.479868 1.397905 1e-06 -0.0 -0.0 3.273803 0.305947 -0.58011 21.486795 11.830364 2.266132 8.16292 2e-06 -0.0 18.399067 -3.798983 -4.94057 4e-06 -0.0 -1e-06 -5.214375 11.483206 -83.455139 -0.987839 -2.078365 88.480003 -6.228967 -8.498747 -33.517994 1.859021 -1.530995 -33.171024 -0.0 0.0 3e-06 3.890463 -5.97044 -82.927956 0.263792 1.011394 88.240364 1.331237 5.472669 -35.829845 -1.12714 0.262543 -31.286406 0.0 0.0 -2e-06 
0.0 0.0 0.0 0.0 -0.0 0.0 -18.712543 63.522732 79.314011 0.993714 1.513762 80.721367 -0.048673 0.616066 12.04378 0.005006 -0.364253 1.842184 -3.283069 -1.799617 15.390083 0.229916 3.906701 -4.192179 -0.573083 0.168935 -3.477668 -4.024523 -3.284439 2.991149 7.7e-05 -2.3e-05 6e-06 0.109742 0.048255 -0.136186 1.067151 -3.579566 -10.644477 -0.868896 3.723396 -10.596331 10.304115 -7.630641 6.965872 23.012875 -49.996471 -35.349255 -3.227555 -36.167839 1.796671 82.634476 3.550844 -6.939014 -5.882102 9.861272 0.702591 -10.936861 -0.360571 7.156197 0.0 8.774814 1e-06 -15.316051 18.291199 6.21038 -1.844032 2.498501 -2.507274 -10.163591 4.67894 4.621104 -20.976006 -1e-06 0.0 -21.226271 2.451695 -3.593996 0.0 -7e-06 -1e-06 -1.36268 2.240795 -0.746322 -21.334896 0.584912 3.008318 -13.821202 -1e-06 0.0 -23.887152 -0.249077 -0.839484 -59.916443 2.15443 -1.273498 -0.294026 1.679685 0.833256 -14.218195 0.093217 1.300578 -34.212017 -0.287562 0.967165 -20.033194 0.964536 1.212839 -0.0 -0.0 0.0 -3.440387 0.788233 0.501656 -15.92817 -3.167302 2.999701 -6.338821 0.0 1e-06 -18.123432 3.648179 -4.905664 -5e-06 -0.0 -2e-06 -12.96564 9.212894 1.086992 1.525084 54.877872 -28.21961 -0.309617 40.319981 -0.454951 -77.153099 2.353967 5.719419 2.243542 -5.25503 -3.180154 14.282876 -0.826597 6.952494 -0.0 -12.690588 3e-06 14.958108 -18.006161 3.412831 1.665664 -1.955918 -2.878296 4.727794 -4.170584 4.993919 11.020514 2e-06 -2e-06 12.10904 -3.735713 -2.866781 -1e-06 -0.0 -0.0 1.291986 -1.928547 -1.498088 14.800115 0.567465 3.865602 14.242558 -1.341735 -6.660652 19.631945 0.143925 -0.648246 50.426201 -0.676935 -5.650991 0.353029 -1.511148 -0.03194 20.222769 3.684302 2.316626 18.787254 3e-06 -3e-06 10.751616 -0.479869 1.397903 0.0 -0.0 -0.0 3.273804 0.305946 -0.58011 21.48679 11.830359 2.266125 8.162919 0.0 -1e-06 18.399067 -3.798982 -4.940571 4e-06 0.0 -1e-06 -5.271248 10.786378 -84.80275 -0.949948 -1.863178 89.0214 -5.983042 -8.25724 -33.630959 1.830688 -1.529819 -32.687904 0.0 -0.0 3e-06 3.775161 -6.416084 -84.213112 0.246646 0.878132 89.113808 1.578101 5.510289 -35.772209 -1.138281 0.270223 -30.843758 0.0 0.0 -2e-06 
0.0 0.0 0.0 0.0 -0.0 0.0 -18.750397 63.878132 77.933105 1.486812 1.589671 80.341904 -0.066678 0.552141 12.380263 0.008092 -0.428871 2.030993 -3.153264 -1.876747 15.677371 0.642378 3.848902 -4.510635 -0.662904 0.093879 -3.476842 -4.063272 -3.317615 2.676468 7.6e-05 -2.2e-05 6e-06 0.113671 0.047653 -0.13768 1.053779 -3.575975 -10.630992 -0.847073 3.719035 -10.590827 10.698023 -7.929318 6.791144 24.272823 -49.679871 -36.32378 -3.262502 -35.841454 1.784521 81.585754 3.95278 -7.198413 -5.882103 9.86128 0.70259 -10.936866 -0.360573 7.156202 1e-06 8.774821 0.0 -15.400761 18.307644 6.170392 -1.844032 2.498503 -2.507277 -10.163595 4.678943 4.621109 -20.976015 -3e-06 3e-06 -21.22628 2.451695 -3.593998 -1e-06 -6e-06 -1e-06 -1.362681 2.240797 -0.746323 -21.334904 0.58491 3.008323 -13.821207 -3e-06 2e-06 -23.887159 -0.249078 -0.839482 -59.933208 2.208831 -1.346702 -0.294024 1.679686 0.833256 -14.218202 0.093214 1.300581 -34.212029 -0.287564 0.96717 -20.033201 0.964536 1.212844 -0.0 0.0 -0.0 -3.440389 0.788233 0.501656 -15.928179 -3.167308 2.999706 -6.33882 -1e-06 2e-06 -18.12344 3.648181 -4.905667 -4e-06 -0.0 -1e-06 -13.004738 9.227578 1.034509 0.14954 54.203445 -29.742237 -0.320328 40.044685 -0.376855 -76.529526 1.832171 5.392546 2.24354 -5.255033 -3.180156 14.28288 -0.826594 6.952498 -3e-06 -12.690597 2e-06 14.915444 -18.054268 3.433912 1.665666 -1.95592 -2.878298 4.727795 -4.170584 4.993921 11.020514 3e-06 -3e-06 12.10904 -3.735713 -2.866784 1e-06 0.0 -0.0 1.291986 -1.928548 -1.498089 14.800115 0.567468 3.865604 14.24256 -1.341734 -6.660657 19.631954 0.143928 -0.648247 50.35173 -0.699661 -5.616295 0.353028 -1.511149 -0.03194 20.222771 3.684307 2.316626 18.787254 5e-06 -2e-06 10.75162 -0.479868 1.397905 -1e-06 -0.0 -0.0 3.273804 0.305947 -0.580111 21.486794 11.830366 2.266128 8.162919 1e-06 -0.0 18.399069 -3.798982 -4.940573 3e-06 0.0 -1e-06 -5.26939 10.115031 -85.902275 -0.892882 -1.651748 89.663818 -5.767319 -7.899008 -33.762241 1.794059 -1.516286 -32.143822 0.0 -0.0 3e-06 3.625072 -6.861444 -85.240501 0.231932 0.790917 90.012245 1.748261 5.579346 -35.750717 -1.154189 0.283801 -30.33786 0.0 0.0 -1e-06 
0.0 0.0 0.0 0.0 -0.0 0.0 -18.743055 64.182709 76.529572 1.863699 1.629406 79.778534 -0.079284 0.519624 12.735534 -0.005189 -0.478693 2.219999 -3.003867 -1.950661 16.022585 0.955497 3.830549 -4.88068 -0.71476 0.046967 -3.47873 -4.096511 -3.307431 2.393852 7.6e-05 -2.3e-05 6e-06 0.125126 0.050897 -0.144048 1.051228 -3.565205 -10.626647 -0.821271 3.715746 -10.585908 11.074967 -8.254307 6.635908 25.415485 -49.467567 -37.247578 -3.303339 -35.255219 1.76637 80.577904 4.367933 -7.554662 -5.882101 9.861275 0.70259 -10.936859 -0.360574 7.156198 -1e-06 8.774815 0.0 -15.480665 18.319811 6.126147 -1.844031 2.498501 -2.507274 -10.163589 4.67894 4.621103 -20.976006 -2e-06 -0.0 -21.226269 2.451696 -3.593999 -1e-06 -6e-06 -1e-06 -1.36268 2.240795 -0.746323 -21.334896 0.58491 3.008319 -13.821202 -1e-06 1e-06 -23.887146 -0.249077 -0.839484 -59.942684 2.251945 -1.43644 -0.294024 1.679685 0.833255 -14.218194 0.093216 1.300579 -34.212013 -0.287562 0.967167 -20.033194 0.964536 1.21284 -0.0 -0.0 -0.0 -3.440385 0.788233 0.501656 -15.928168 -3.167305 2.999704 -6.33882 -1e-06 1e-06 -18.123426 3.648179 -4.905665 -5e-06 0.0 -1e-06 -13.016723 9.350907 0.987833 -1.241052 53.608849 -31.288246 -0.272137 39.543842 -0.267088 -75.896957 1.344818 5.001464 2.243537 -5.25503 -3.180155 14.282877 -0.826593 6.952497 -4e-06 -12.690589 1e-06 14.90357 -18.123484 3.440278 1.665663 -1.955919 -2.878296 4.727795 -4.170583 4.993919 11.020514 3e-06 -1e-06 12.109035 -3.735709 -2.866781 -1e-06 0.0 0.0 1.291983 -1.928547 -1.498088 14.800112 0.567468 3.865604 14.242558 -1.341733 -6.660651 19.63195 0.143928 -0.648243 50.300453 -0.742105 -5.580605 0.353028 -1.511148 -0.031941 20.222769 3.684307 2.316627 18.787249 6e-06 0.0 10.751613 -0.479868 1.397905 0.0 -0.0 0.0 3.273804 0.305947 -0.580109 21.486788 11.830362 2.266129 8.162919 2e-06 1e-06 18.399061 -3.798981 -4.940569 3e-06 0.0 -1e-06 -5.21169 9.482891 -86.822945 -0.82855 -1.468433 90.426643 -5.54382 -7.499182 -33.856728 1.757942 -1.497094 -31.563299 0.0 -0.0 3e-06 3.43714 -7.287987 -86.07605 0.22475 0.72931 90.968803 1.861257 5.64775 -35.695316 -1.165219 0.299413 -29.784714 0.0 -0.0 -1e-06 
0.0 0.0 0.0 0.0 -0.0 0.0 -18.676086 64.422523 75.097687 2.107194 1.617252 79.121414 -0.096961 0.492335 13.082606 -0.017576 -0.509769 2.389613 -2.865095 -2.006977 16.392265 1.159267 3.868076 -5.306417 -0.749254 0.037289 -3.482514 -4.151353 -3.275144 2.168991 7.7e-05 -2.2e-05 6e-06 0.141641 0.056116 -0.151069 1.060931 -3.555203 -10.63885 -0.797732 3.717108 -10.594088 11.402313 -8.5117 6.497611 26.441118 -49.379208 -38.138142 -3.33442 -34.521263 1.74233 79.687599 4.76907 -7.962044 -5.882098 9.861275 0.70259 -10.936857 -0.360574 7.156199 2e-06 8.774816 -1e-06 -15.580746 18.332041 6.064857 -1.844032 2.498501 -2.507275 -10.163587 4.678938 4.621105 -20.976 -4e-06 2e-06 -21.226259 2.451693 -3.593996 1e-06 -6e-06 -0.0 -1.362679 2.240796 -0.746323 -21.334892 0.584908 3.008322 -13.821199 -3e-06 2e-06 -23.887144 -0.249079 -0.839482 -59.945148 2.27429 -1.532673 -0.294024 1.679685 0.833255 -14.218192 0.093215 1.30058 -34.212009 -0.287564 0.967169 -20.033192 0.964537 1.212842 -0.0 -1e-06 0.0 -3.440384 0.788232 0.501655 -15.928168 -3.167308 2.999704 -6.338819 -1e-06 2e-06 -18.123425 3.64818 -4.905665 -4e-06 0.0 -0.0 -13.003567 9.582481 0.96361 -2.626846 53.046741 -32.811138 -0.21313 39.030293 -0.14408 -75.212524 0.921514 4.618766 2.243539 -5.25503 -3.180155 14.282873 -0.826594 6.952494 -2e-06 -12.690589 -0.0 14.918375 -18.204657 3.44795 1.665663 -1.955919 -2.878295 4.727793 -4.170582 4.993917 11.020512 2e-06 -1e-06 12.109034 -3.735711 -2.866781 -1e-06 0.0 0.0 1.291982 -1.928547 -1.498088 14.800108 0.567467 3.865603 14.242554 -1.341734 -6.660652 19.631937 0.143926 -0.648245 50.262985 -0.826678 -5.570841 0.353029 -1.511148 -0.03194 20.222765 3.684305 2.316627 18.787254 4e-06 -0.0 10.751617 -0.479869 1.397905 -1e-06 -0.0 -0.0 3.273802 0.305947 -0.58011 21.486786 11.830359 2.266129 8.162913 2e-06 0.0 18.399059 -3.798981 -4.940569 3e-06 0.0 -1e-06 -5.126519 8.920454 -87.620773 -0.771751 -1.306756 91.272087 -5.347446 -7.051784 -34.068233 1.732337 -1.488197 -30.947393 -0.0 -0.0 2e-06 3.195322 -7.645709 -86.836411 0.21623 0.662369 92.00885 1.967057 5.719273 -35.648365 -1.174197 0.316376 -29.214956 0.0 0.0 -1e-06 
0.0 0.0 0.0 0.0 -0.0 0.0 -18.540829 64.608826 73.662292 2.196784 1.552924 78.417526 -0.103486 0.462364 13.399691 -0.020076 -0.518023 2.53945 -2.75703 -2.028424 16.765863 1.245365 3.953834 -5.744362 -0.782348 0.053084 -3.482766 -4.222332 -3.234269 2.04925 7.6e-05 -2.2e-05 6e-06 0.153088 0.059201 -0.155512 1.075202 -3.550952 -10.660033 -0.78944 3.719373 -10.613695 11.655308 -8.689886 6.370793 27.328405 -49.371952 -38.908291 -3.299517 -33.737312 1.679643 78.88266 5.169047 -8.352691 -5.882098 9.861274 0.702589 -10.936856 -0.360575 7.156197 -0.0 8.774815 -1e-06 -15.703606 18.348093 6.003396 -1.844029 2.498501 -2.507274 -10.163587 4.678938 4.621105 -20.975996 -4e-06 1e-06 -21.226255 2.451693 -3.593994 1e-06 -6e-06 -0.0 -1.362679 2.240796 -0.746323 -21.334883 0.584907 3.00832 -13.821194 -4e-06 2e-06 -23.887136 -0.249079 -0.83948 -59.957306 2.276933 -1.613397 -0.294024 1.679685 0.833256 -14.218193 0.093213 1.300578 -34.212013 -0.287564 0.967172 -20.03319 0.964535 1.212843 -0.0 0.0 -0.0 -3.440384 0.788233 0.501655 -15.928165 -3.167307 2.999704 -6.338817 -1e-06 1e-06 -18.123425 3.648177 -4.905663 -5e-06 0.0 -3e-06 -13.007802 9.901926 0.954486 -3.978524 52.490059 -34.279716 -0.139457 38.588749 -0.038298 -74.419548 0.56835 4.217913 2.24354 -5.255029 -3.180155 14.28288 -0.826594 6.952496 -3e-06 -12.69059 1e-06 14.942205 -18.290594 3.469254 1.665666 -1.955919 -2.878296 4.727795 -4.170583 4.993919 11.020516 2e-06 -1e-06 12.109042 -3.735711 -2.866781 -0.0 0.0 -0.0 1.291984 -1.928547 -1.498087 14.800112 0.567467 3.865604 14.242558 -1.341734 -6.660651 19.63195 0.143925 -0.648243 50.239906 -0.92893 -5.59016 0.353028 -1.511148 -0.03194 20.222771 3.684304 2.316627 18.787254 4e-06 -1e-06 10.751616 -0.479869 1.397904 0.0 -0.0 -0.0 3.273804 0.305946 -0.58011 21.48679 11.830358 2.266129 8.162914 1e-06 -0.0 18.399065 -3.798981 -4.940569 4e-06 0.0 -1e-06 -5.008009 8.456271 -88.384193 -0.729324 -1.143836 92.195366 -5.202611 -6.554045 -34.404209 1.716225 -1.491573 -30.305601 0.0 0.0 3e-06 2.921409 -7.881897 -87.616676 0.203282 0.573715 93.102219 2.053468 5.800659 -35.666565 -1.182989 0.330951 -28.639116 0.0 0.0 -2e-06 
0.0 0.0 0.0 0.0 -0.0 0.0 -18.379753 64.782257 72.203384 2.130638 1.44706 77.672623 -0.08183 0.438757 13.698111 -0.027333 -0.506062 2.68695 -2.669041 -2.01846 17.133236 1.206405 4.059782 -6.176173 -0.799632 0.083098 -3.479025 -4.339067 -3.178053 2.019804 7.7e-05 -2.3e-05 6e-06 0.159988 0.059517 -0.155397 1.087322 -3.555894 -10.681587 -0.788124 3.724576 -10.643147 11.823395 -8.84022 6.278154 28.102694 -49.334045 -39.597958 -3.238776 -32.946526 1.595617 78.180954 5.551475 -8.720994 -5.882106 9.861283 0.70259 -10.936868 -0.360574 7.156203 3e-06 8.774822 -0.0 -15.799126 18.364985 5.956528 -1.844032 2.498503 -2.507277 -10.163599 4.678944 4.621109 -20.976019 -3e-06 3e-06 -21.226282 2.451696 -3.593997 0.0 -6e-06 0.0 -1.362682 2.240798 -0.746324 -21.334911 0.58491 3.008323 -13.821213 -3e-06 2e-06 -23.887165 -0.249077 -0.839482 -59.952553 2.256815 -1.687924 -0.294025 1.679687 0.833256 -14.218205 0.093215 1.300579 -34.212036 -0.287564 0.96717 -20.033205 0.964536 1.212843 -0.0 0.0 -0.0 -3.440387 0.788233 0.501655 -15.928181 -3.167308 2.999707 -6.338824 -0.0 1e-06 -18.123444 3.648181 -4.905667 -4e-06 -0.0 -0.0 -13.068776 10.273196 0.929494 -5.31339 51.959267 -35.645458 -0.064484 38.178196 0.045303 -73.562706 0.236271 3.788937 2.243541 -5.255037 -3.180157 14.282888 -0.826594 6.952503 -3e-06 -12.690605 -1e-06 14.94532 -18.382593 3.51299 1.665667 -1.955922 -2.878299 4.727799 -4.170587 4.993924 11.020525 3e-06 -1e-06 12.109051 -3.735716 -2.866784 0.0 0.0 -0.0 1.291986 -1.92855 -1.498089 14.800129 0.567469 3.865608 14.24257 -1.341737 -6.660657 19.631969 0.143926 -0.648244 50.228199 -1.001995 -5.626534 0.353029 -1.511151 -0.03194 20.222788 3.68431 2.316632 18.78727 4e-06 -0.0 10.751626 -0.479868 1.397906 -0.0 -0.0 0.0 3.273806 0.305947 -0.58011 21.486809 11.830376 2.266134 8.162925 2e-06 -0.0 18.39908 -3.798985 -4.940574 4e-06 0.0 -1e-06 -4.849628 8.080427 -89.150215 -0.689763 -0.967098 93.159821 -5.061796 -5.87554 -34.83046 1.708927 -1.501789 -29.674427 0.0 -0.0 3e-06 2.655332 -7.975577 -88.431541 0.182598 0.465413 94.195328 2.069866 5.887753 -35.734848 -1.18897 0.339455 -28.082804 0.0 0.0 -2e-06 
0.0 0.0 0.0 0.0 -0.0 0.0 -18.204533 64.962509 70.735786 1.884733 1.287576 76.841324 -0.043418 0.434155 14.020569 -0.033994 -0.452713 2.836768 -2.614945 -1.9727 17.509897 1.058783 4.154597 -6.581395 -0.781765 0.119259 -3.472702 -4.506015 -3.097103 1.986675 7.7e-05 -2.3e-05 6e-06 0.165514 0.057273 -0.14742 1.096272 -3.566541 -10.693049 -0.786283 3.72931 -10.67154 11.931315 -8.963643 6.221466 28.838999 -49.258366 -40.383816 -3.198413 -32.103241 1.501809 77.476723 5.871231 -9.102185 -5.882104 9.861276 0.70259 -10.936861 -0.360573 7.156198 -2e-06 8.774816 0.0 -15.872931 18.385227 5.943279 -1.844033 2.498502 -2.507275 -10.163589 4.67894 4.621105 -20.976006 -2e-06 2e-06 -21.226267 2.451696 -3.593997 1e-06 -6e-06 -0.0 -1.36268 2.240796 -0.746324 -21.334896 0.58491 3.008318 -13.821203 -2e-06 0.0 -23.887152 -0.249077 -0.839484 -59.943932 2.232535 -1.745049 -0.294025 1.679685 0.833256 -14.218198 0.093217 1.300579 -34.212017 -0.287562 0.967166 -20.033195 0.964536 1.21284 -0.0 0.0 -0.0 -3.440387 0.788233 0.501655 -15.928172 -3.167305 2.999704 -6.338822 -0.0 1e-06 -18.12343 3.64818 -4.905665 -5e-06 -0.0 -1e-06 -13.203734 10.67784 0.869797 -6.668538 51.452152 -36.963142 0.007368 37.763435 0.08485 -72.561012 -0.073358 3.405402 2.243539 -5.255031 -3.180155 14.282875 -0.826594 6.952495 -3e-06 -12.690593 2e-06 14.912545 -18.449488 3.55616 1.665664 -1.95592 -2.878296 4.727795 -4.170584 4.99392 11.020518 2e-06 -2e-06 12.10904 -3.735711 -2.866781 1e-06 -0.0 0.0 1.291984 -1.928548 -1.498088 14.800112 0.567467 3.865603 14.242557 -1.341734 -6.660652 19.631948 0.143926 -0.648246 50.151798 -1.026223 -5.682153 0.353028 -1.511149 -0.03194 20.222771 3.684307 2.316627 18.787251 4e-06 -1e-06 10.751617 -0.479869 1.397904 -0.0 -0.0 0.0 3.273804 0.305947 -0.580111 21.48679 11.830363 2.266129 8.162916 2e-06 -0.0 18.399063 -3.798982 -4.94057 3e-06 -0.0 -0.0 -4.624585 7.825774 -89.933296 -0.641233 -0.773508 94.164223 -4.982121 -5.055645 -35.36343 1.70272 -1.512255 -28.945082 0.0 -0.0 1e-06 2.397794 -7.876648 -89.244568 0.150557 0.350039 95.254608 2.032182 6.0061 -35.870663 -1.195565 0.342825 -27.599079 0.0 0.0 -1e-06 
0.0 0.0 0.0 0.0 -0.0 0.0 -18.08285 65.189476 69.160202 1.505579 1.092623 75.845108 0.011606 0.460991 14.40523 -0.076799 -0.377923 3.016168 -2.539459 -1.911696 17.951469 0.830589 4.237985 -7.032939 -0.733937 0.159407 -3.469754 -4.663616 -2.981837 1.909093 7.7e-05 -2.3e-05 6e-06 0.172383 0.055167 -0.142522 1.102546 -3.574489 -10.693249 -0.778608 3.730837 -10.684731 12.019253 -9.15178 6.164378 29.596737 -49.064068 -41.313286 -3.205251 -31.122652 1.425257 76.645554 6.19203 -9.598836 -5.882104 9.861281 0.702587 -10.936865 -0.360576 7.156202 -0.0 8.774822 -1e-06 -15.914892 18.433531 5.965224 -1.844032 2.498503 -2.507277 -10.163593 4.678943 4.621106 -20.976013 -2e-06 0.0 -21.226273 2.451696 -3.594 0.0 -6e-06 -0.0 -1.362682 2.240798 -0.746324 -21.334904 0.58491 3.008321 -13.821206 -2e-06 2e-06 -23.887157 -0.249077 -0.839484 -59.964268 2.211003 -1.779997 -0.294026 1.679686 0.833256 -14.218199 0.093215 1.300581 -34.212036 -0.287563 0.967169 -20.033205 0.964536 1.212842 0.0 0.0 -0.0 -3.440387 0.788234 0.501655 -15.928176 -3.167308 2.999706 -6.338824 -0.0 2e-06 -18.12344 3.648182 -4.90567 -4e-06 0.0 -3e-06 -13.409892 11.196993 0.728262 -8.231397 50.853821 -38.179543 0.037275 37.203735 0.092932 -71.388565 -0.550578 3.092283 2.243538 -5.25503 -3.180155 14.282873 -0.826593 6.952497 -2e-06 -12.690588 -1e-06 14.881463 -18.558367 3.575849 1.665665 -1.955919 -2.878295 4.727794 -4.170581 4.993917 11.020514 3e-06 -0.0 12.109039 -3.735711 -2.866781 2e-06 -0.0 1e-06 1.291985 -1.928547 -1.498088 14.800112 0.567468 3.865604 14.242558 -1.341735 -6.66065 19.631945 0.143926 -0.648243 50.090492 -1.009814 -5.752937 0.353028 -1.511149 -0.03194 20.222771 3.684304 2.316629 18.787254 4e-06 1e-06 10.751616 -0.479868 1.397905 -1e-06 0.0 -0.0 3.273804 0.305947 -0.58011 21.486788 11.830359 2.26613 8.162919 1e-06 -0.0 18.399059 -3.798981 -4.940568 4e-06 -0.0 -1e-06 -4.293079 7.655751 -90.690231 -0.577994 -0.580094 95.173302 -4.977644 -4.212203 -35.912617 1.691463 -1.511456 -28.196632 0.0 -0.0 2e-06 2.17431 -7.623626 -90.011398 0.114162 0.240503 96.245033 1.94167 6.078161 -35.992455 -1.200519 0.343391 -27.075825 0.0 0.0 -1e-06 
0.0 0.0 0.0 0.0 -0.0 0.0 -18.021744 65.470322 67.402542 1.025127 0.853881 74.719063 0.037922 0.49658 14.841156 -0.130731 -0.275916 3.212581 -2.45568 -1.829462 18.437634 0.564436 4.319125 -7.599968 -0.665085 0.188933 -3.466879 -4.740575 -2.811296 1.748712 7.7e-05 -2.2e-05 6e-06 0.176027 0.051527 -0.138412 1.098338 -3.582101 -10.691516 -0.766608 3.728232 -10.681057 12.075292 -9.408706 6.086558 30.38254 -48.754704 -42.373081 -3.222392 -30.039122 1.354523 75.519844 6.523304 -10.260254 -5.882097 9.861275 0.70259 -10.936856 -0.360576 7.156197 -1e-06 8.774816 -0.0 -15.964272 18.463917 5.99574 -1.84403 2.498501 -2.507274 -10.163587 4.678938 4.621105 -20.976004 -5e-06 4e-06 -21.226259 2.451693 -3.593994 0.0 -6e-06 0.0 -1.362678 2.240795 -0.746323 -21.334887 0.584905 3.008321 -13.821197 -4e-06 3e-06 -23.887146 -0.24908 -0.839479 -59.977772 2.164007 -1.757913 -0.294023 1.679686 0.833255 -14.218191 0.093213 1.30058 -34.212002 -0.287567 0.967173 -20.033188 0.964534 1.212844 0.0 0.0 0.0 -3.440385 0.788233 0.501655 -15.928165 -3.167309 2.999704 -6.338821 -1e-06 2e-06 -18.123425 3.648176 -4.905663 -5e-06 -0.0 -2e-06 -13.658286 11.869384 0.574634 -10.142682 50.103352 -39.394981 0.01204 36.485397 0.079598 -69.931763 -1.256985 2.890636 2.243538 -5.25503 -3.180154 14.282879 -0.826595 6.952497 -3e-06 -12.690593 2e-06 14.86477 -18.675364 3.571972 1.665666 -1.95592 -2.878296 4.727796 -4.170584 4.993921 11.020516 2e-06 -1e-06 12.109044 -3.735712 -2.866781 1e-06 -0.0 1e-06 1.291984 -1.928547 -1.498088 14.800117 0.567467 3.865604 14.242558 -1.341734 -6.66065 19.631948 0.143925 -0.648244 49.999519 -0.994272 -5.841359 0.353028 -1.511149 -0.03194 20.222773 3.684306 2.316628 18.787258 4e-06 -0.0 10.751619 -0.479868 1.397905 -1e-06 0.0 0.0 3.273804 0.305946 -0.58011 21.486794 11.830363 2.266129 8.162919 1e-06 0.0 18.399069 -3.798983 -4.940571 3e-06 0.0 -1e-06 -3.882606 7.561126 -91.427834 -0.49377 -0.385078 96.129593 -5.068799 -3.36957 -36.700737 1.679977 -1.5122 -27.21047 0.0 -0.0 2e-06 1.954726 -7.225068 -90.772018 0.067787 0.125269 97.14505 1.82967 6.086772 -36.164135 -1.201715 0.339876 -26.385696 0.0 0.0 -1e-06 
0.0 0.0 0.0 0.0 -0.0 0.0 -18.042643 65.816444 65.349564 0.493511 0.602813 73.534523 0.032494 0.53863 15.290257 -0.189673 -0.16164 3.434363 -2.356908 -1.729607 18.930046 0.351936 4.388162 -8.367828 -0.620503 0.209981 -3.46611 -4.75162 -2.585856 1.560983 7.7e-05 -2.3e-05 6e-06 0.181705 0.047215 -0.136076 1.095763 -3.587636 -10.689231 -0.752156 3.721481 -10.668164 12.147429 -9.818185 5.958797 31.11603 -48.253799 -43.545918 -3.268108 -28.904425 1.297995 74.097282 6.830487 -11.017829 -5.882098 9.861273 0.702591 -10.936859 -0.360576 7.156199 2e-06 8.774815 1e-06 -16.008245 18.477867 6.009589 -1.844029 2.498501 -2.507274 -10.163589 4.678938 4.621102 -20.976 -5e-06 5e-06 -21.226263 2.451694 -3.593992 0.0 -6e-06 -1e-06 -1.36268 2.240795 -0.746322 -21.334888 0.584908 3.008322 -13.821197 -3e-06 3e-06 -23.887142 -0.249079 -0.83948 -59.97715 2.105213 -1.701626 -0.294026 1.679686 0.833255 -14.21819 0.093213 1.300578 -34.212013 -0.287565 0.967174 -20.033188 0.964535 1.212845 0.0 0.0 -0.0 -3.440382 0.788231 0.501656 -15.928167 -3.167307 2.999705 -6.338819 -1e-06 2e-06 -18.123425 3.648178 -4.905662 -4e-06 -0.0 -1e-06 -13.963129 12.740428 0.366086 -12.332541 49.138832 -40.653172 -0.017399 35.574757 0.097888 -68.122414 -2.087264 2.681657 2.243539 -5.25503 -3.180155 14.282873 -0.826592 6.952496 -4e-06 -12.690589 2e-06 14.926649 -18.800247 3.519696 1.665663 -1.955918 -2.878296 4.727794 -4.170582 4.993919 11.020514 4e-06 -0.0 12.109039 -3.735711 -2.866781 1e-06 -0.0 0.0 1.291984 -1.928548 -1.498087 14.800114 0.567469 3.865604 14.242558 -1.341733 -6.66065 19.631945 0.143927 -0.648244 49.930935 -0.991793 -5.9425 0.35303 -1.511149 -0.03194 20.222771 3.684308 2.316629 18.787252 6e-06 0.0 10.751617 -0.479868 1.397905 -0.0 -0.0 0.0 3.273803 0.305947 -0.58011 21.486792 11.830363 2.266129 8.162918 2e-06 0.0 18.399067 -3.79898 -4.940569 3e-06 -0.0 -1e-06 -3.418887 7.556794 -92.206322 -0.39895 -0.193926 96.987953 -5.234441 -2.596855 -37.62365 1.676415 -1.52162 -26.045963 0.0 0.0 2e-06 1.770783 -6.686557 -91.608528 0.012587 -0.000209 97.894653 1.684195 5.976829 -36.339741 -1.198938 0.330216 -25.557314 0.0 0.0 -1e-06 
0.0 0.0 0.0 0.0 -0.0 0.0 -18.13764 66.230858 63.021118 -0.034279 0.37704 72.346245 0.00363 0.575124 15.755213 -0.224652 -0.042669 3.684926 -2.266964 -1.60855 19.389679 0.256949 4.42913 -9.402803 -0.606956 0.249322 -3.460295 -4.738087 -2.326478 1.331504 7.7e-05 -2.2e-05 6e-06 0.19496 0.042539 -0.131117 1.098501 -3.590146 -10.685802 -0.728865 3.710756 -10.654791 12.309956 -10.391389 5.761101 31.789883 -47.565624 -44.832756 -3.260875 -27.729481 1.21436 72.314598 7.167778 -11.796472 -5.88211 9.861288 0.702589 -10.936876 -0.360575 7.156208 2e-06 8.774828 -1e-06 -16.053654 18.471869 5.998558 -1.844032 2.498505 -2.507278 -10.163605 4.678946 4.621111 -20.976038 -1e-06 2e-06 -21.226295 2.4517 -3.594001 0.0 -6e-06 -0.0 -1.362683 2.240799 -0.746325 -21.334929 0.58491 3.008325 -13.821221 -1e-06 2e-06 -23.887184 -0.249077 -0.839483 -59.966015 2.070795 -1.641636 -0.294026 1.679688 0.833255 -14.218215 0.093216 1.300582 -34.212067 -0.28756 0.967169 -20.033222 0.964539 1.212842 0.0 0.0 0.0 -3.440392 0.788234 0.501657 -15.928192 -3.167309 2.999709 -6.338831 0.0 2e-06 -18.123459 3.648186 -4.905673 -4e-06 -0.0 -1e-06 -14.329537 13.81378 0.072297 -14.684639 47.892456 -41.987053 -0.050708 34.492584 0.118165 -65.99028 -2.891025 2.374782 2.243543 -5.255036 -3.180158 14.282891 -0.826594 6.952503 -1e-06 -12.690602 -1e-06 15.059022 -18.904226 3.430487 1.665666 -1.955921 -2.878298 4.727801 -4.170588 4.993923 11.020529 3e-06 0.0 12.109053 -3.735715 -2.866783 0.0 -0.0 0.0 1.291984 -1.92855 -1.498089 14.800132 0.567468 3.865608 14.242577 -1.341738 -6.660657 19.631969 0.143924 -0.648243 49.885231 -1.013826 -6.032829 0.353028 -1.511151 -0.031939 20.222797 3.684309 2.316631 18.787271 4e-06 -0.0 10.75163 -0.479869 1.397906 -0.0 0.0 -0.0 3.273808 0.305947 -0.580111 21.486818 11.830371 2.266134 8.162929 1e-06 -0.0 18.399086 -3.798985 -4.940576 3e-06 -0.0 -1e-06 -2.901416 7.64311 -93.133766 -0.296574 -0.00978 97.716591 -5.470201 -2.034806 -38.489697 1.680084 -1.539629 -24.693371 0.0 -0.0 1e-06 1.66048 -6.044514 -92.568214 -0.050649 -0.124244 98.441254 1.533813 5.866164 -36.556015 -1.202179 0.322003 -24.565187 0.0 0.0 -2e-06 
0.0 0.0 0.0 0.0 -0.0 0.0 -18.315809 66.725388 60.453724 -0.555913 0.207415 71.194695 -0.023226 0.628945 16.226788 -0.265438 0.057193 3.979736 -2.168364 -1.459333 19.822069 0.316007 4.446781 -10.76749 -0.600348 0.307408 -3.445853 -4.742811 -2.039546 1.031434 7.7e-05 -2.2e-05 6e-06 0.213109 0.036878 -0.129084 1.108431 -3.592152 -10.687289 -0.703289 3.697794 -10.652171 12.620191 -11.15366 5.504631 32.485264 -46.648205 -46.202507 -3.181923 -26.442726 1.104997 70.184311 7.586166 -12.58543 -5.882102 9.861282 0.70259 -10.936865 -0.360576 7.156201 2e-06 8.774822 0.0 -16.128664 18.471441 5.96773 -1.844029 2.498504 -2.507277 -10.163593 4.678942 4.621106 -20.976007 -5e-06 3e-06 -21.226273 2.451695 -3.593999 0.0 -6e-06 -1e-06 -1.362679 2.240797 -0.746322 -21.3349 0.584909 3.00832 -13.821204 -3e-06 1e-06 -23.887154 -0.24908 -0.839483 -59.976925 2.080816 -1.608209 -0.294026 1.679687 0.833256 -14.218196 0.093214 1.30058 -34.212025 -0.287565 0.967169 -20.033199 0.964536 1.212844 -0.0 0.0 1e-06 -3.440386 0.788233 0.501656 -15.928176 -3.16731 2.999706 -6.33882 -1e-06 1e-06 -18.123436 3.648181 -4.905668 -4e-06 -0.0 -3e-06 -14.754415 15.093067 -0.366522 -17.167419 46.353382 -43.36327 -0.090637 33.085876 0.130865 -63.542171 -3.562627 1.833782 2.243538 -5.255032 -3.180154 14.282877 -0.826594 6.952493 -1e-06 -12.690595 0.0 15.23668 -19.003038 3.307798 1.665664 -1.95592 -2.878295 4.727793 -4.170584 4.993918 11.020517 3e-06 -1e-06 12.109042 -3.735713 -2.866781 1e-06 0.0 -0.0 1.291985 -1.928548 -1.498087 14.800115 0.567467 3.865602 14.242558 -1.341736 -6.660653 19.631948 0.143927 -0.648245 49.910511 -1.050297 -6.099223 0.353028 -1.51115 -0.03194 20.222771 3.684307 2.316626 18.787254 5e-06 -2e-06 10.751619 -0.479868 1.397904 1e-06 0.0 0.0 3.273804 0.305947 -0.58011 21.48679 11.830365 2.266129 8.162916 3e-06 -1e-06 18.399061 -3.798981 -4.940573 3e-06 -0.0 -1e-06 -2.350412 7.842768 -94.234268 -0.186273 0.160838 98.257347 -5.746231 -1.637751 -39.038933 1.689379 -1.559669 -23.410357 0.0 -0.0 1e-06 1.689844 -5.312105 -93.629532 -0.117838 -0.238911 98.700569 1.376187 5.822022 -36.749851 -1.209705 0.312527 -23.383741 0.0 0.0 -1e-06 
0.0 0.0 0.0 0.0 -0.0 0.0 -18.576319 67.307625 57.714661 -1.060799 0.117803 70.089035 -0.035206 0.711688 16.714113 -0.308398 0.124742 4.323071 -2.062997 -1.292971 20.218304 0.493193 4.476967 -12.457239 -0.551984 0.37376 -3.419534 -4.762756 -1.742771 0.667832 7.7e-05 -2.3e-05 6e-06 0.240044 0.031339 -0.128263 1.126498 -3.593852 -10.693057 -0.66853 3.685637 -10.657513 13.08748 -12.124032 5.222349 33.255367 -45.505569 -47.708359 -3.045371 -24.966862 0.963586 67.641258 8.018653 -13.49074 -5.8821 9.861275 0.70259 -10.936858 -0.360574 7.156197 2e-06 8.774816 -1e-06 -16.248434 18.469349 5.912931 -1.844031 2.498502 -2.507275 -10.163589 4.678941 4.621102 -20.976004 -2e-06 2e-06 -21.226269 2.451695 -3.593998 0.0 -6e-06 0.0 -1.36268 2.240796 -0.746322 -21.33489 0.584911 3.008319 -13.8212 -2e-06 2e-06 -23.88715 -0.249078 -0.839484 -59.991627 2.13873 -1.610748 -0.294024 1.679685 0.833255 -14.218196 0.093216 1.300578 -34.212013 -0.287563 0.967166 -20.033194 0.964536 1.212841 -0.0 -0.0 0.0 -3.440384 0.788233 0.501656 -15.928172 -3.167305 2.999703 -6.338821 -1e-06 2e-06 -18.123426 3.648179 -4.905666 -4e-06 -0.0 -1e-06 -15.253373 16.587755 -0.902528 -19.785547 44.466743 -44.713211 -0.112857 31.283964 0.143453 -60.705956 -4.120146 0.94964 2.243538 -5.255032 -3.180155 14.282875 -0.826592 6.952497 -2e-06 -12.690593 1e-06 15.469059 -19.087973 3.152935 1.665663 -1.955919 -2.878296 4.727794 -4.170583 4.993919 11.020512 4e-06 -0.0 12.109035 -3.735711 -2.86678 1e-06 0.0 -1e-06 1.291984 -1.928548 -1.498089 14.800112 0.567468 3.865605 14.242557 -1.341734 -6.660651 19.631945 0.143927 -0.648244 50.01128 -1.111897 -6.119284 0.353028 -1.511149 -0.03194 20.222769 3.684308 2.316628 18.787251 5e-06 1e-06 10.751616 -0.479868 1.397905 -0.0 0.0 -0.0 3.273804 0.305947 -0.580111 21.486788 11.830366 2.266131 8.16292 1e-06 1e-06 18.399063 -3.798982 -4.940569 3e-06 0.0 -1e-06 -1.764138 8.129203 -95.481987 -0.075804 0.297099 98.562073 -6.048495 -1.393822 -39.163654 1.703524 -1.579489 -22.306225 -0.0 0.0 1e-06 1.878364 -4.498199 -94.726334 -0.190075 -0.338453 98.618134 1.231283 5.742307 -36.956314 -1.214856 0.295351 -21.977627 -0.0 0.0 -1e-06 
0.0 0.0 0.0 0.0 -0.0 0.0 -18.907703 67.961609 54.877735 -1.553129 0.113765 69.015572 -0.03321 0.815684 17.225107 -0.352658 0.173468 4.689887 -1.947331 -1.110657 20.555481 0.744678 4.523144 -14.399419 -0.499714 0.418461 -3.388373 -4.794898 -1.440585 0.256512 7.6e-05 -2.3e-05 6e-06 0.272558 0.023429 -0.128386 1.148412 -3.596301 -10.696029 -0.626162 3.66915 -10.667028 13.685236 -13.289161 4.892268 34.110287 -44.220612 -49.299271 -2.867406 -23.269114 0.804986 64.566536 8.48265 -14.626256 -5.882112 9.861284 0.702591 -10.93688 -0.360572 7.156206 -1e-06 8.774824 0.0 -16.373503 18.470476 5.855502 -1.844035 2.498505 -2.507277 -10.163606 4.678945 4.62111 -20.976038 2e-06 4e-06 -21.226301 2.451702 -3.594002 0.0 -5e-06 -0.0 -1.362683 2.240798 -0.746325 -21.334929 0.584915 3.008323 -13.821221 0.0 2e-06 -23.887186 -0.249073 -0.839486 -60.021553 2.218842 -1.618666 -0.294027 1.679687 0.833256 -14.218216 0.093219 1.300583 -34.212067 -0.287556 0.967168 -20.033226 0.96454 1.21284 -0.0 -0.0 0.0 -3.44039 0.788233 0.501655 -15.928198 -3.167305 2.999709 -6.33883 0.0 0.0 -18.123457 3.648185 -4.905671 -4e-06 -0.0 -0.0 -15.875595 18.289606 -1.48702 -22.411234 42.217873 -45.859402 -0.089873 29.081829 0.157508 -57.356316 -4.552341 -0.214439 2.243543 -5.255033 -3.180156 14.282887 -0.826595 6.952499 -2e-06 -12.690598 2e-06 15.752551 -19.149885 2.976029 1.665668 -1.95592 -2.878298 4.7278 -4.170585 4.993922 11.020522 3e-06 -1e-06 12.109046 -3.735714 -2.866782 0.0 -0.0 0.0 1.291983 -1.928548 -1.498088 14.800125 0.567467 3.865606 14.242568 -1.341736 -6.660655 19.631966 0.143926 -0.648246 50.149246 -1.199141 -6.107546 0.353028 -1.51115 -0.03194 20.222786 3.684307 2.316628 18.78727 4e-06 -2e-06 10.751624 -0.479869 1.397905 0.0 -0.0 -0.0 3.273804 0.305947 -0.580111 21.486807 11.830368 2.266129 8.162922 2e-06 -1e-06 18.399076 -3.798983 -4.940574 3e-06 1e-06 -1e-06 -1.17878 8.511993 -96.841911 0.014547 0.379357 98.664055 -6.363378 -1.317813 -38.942589 1.722412 -1.606252 -21.243183 -0.0 -0.0 2e-06 2.194544 -3.631228 -95.855736 -0.279306 -0.439871 98.240585 1.127812 5.606731 -37.10664 -1.217275 0.269342 -20.483957 -0.0 0.0 -1e-06 
0.0 0.0 0.0 0.0 -0.0 0.0 -19.291929 68.636093 51.97261 -2.06054 0.197122 67.959328 -0.024216 0.927668 17.736748 -0.409581 0.223025 5.053398 -1.825973 -0.912243 20.840742 1.043732 4.572518 -16.494999 -0.492222 0.452373 -3.362978 -4.779141 -1.142753 -0.157054 7.7e-05 -2.2e-05 6e-06 0.295948 0.01193 -0.131108 1.165422 -3.604908 -10.707047 -0.597273 3.650933 -10.689935 14.407999 -14.598119 4.498017 35.053547 -42.911087 -51.043892 -2.718841 -21.294598 0.65733 60.993446 8.893377 -15.893876 -5.882102 9.861276 0.702593 -10.936862 -0.36057 7.156197 0.0 8.774817 2e-06 -16.47983 18.489246 5.827171 -1.844031 2.498501 -2.507275 -10.163592 4.678944 4.621104 -20.976006 -1e-06 1e-06 -21.226271 2.451697 -3.593996 0.0 -5e-06 -2e-06 -1.362682 2.240795 -0.746321 -21.3349 0.584914 3.008316 -13.821205 -0.0 1e-06 -23.887154 -0.249077 -0.839485 -60.108501 2.283417 -1.616864 -0.294025 1.679686 0.833256 -14.218197 0.093217 1.300579 -34.212021 -0.28756 0.967164 -20.033194 0.964537 1.212838 -0.0 -0.0 0.0 -3.440387 0.788233 0.501655 -15.928172 -3.167302 2.999701 -6.338821 -0.0 -0.0 -18.123432 3.64818 -4.905665 -3e-06 -0.0 -2e-06 -16.646986 20.173651 -2.052371 -24.859043 39.621872 -46.659996 -0.010425 26.595232 0.152807 -53.508904 -4.811721 -1.487663 2.24354 -5.255032 -3.180154 14.28288 -0.826594 6.952496 -4e-06 -12.690595 2e-06 16.03269 -19.182812 2.808977 1.665665 -1.955918 -2.878295 4.727798 -4.170584 4.99392 11.020518 4e-06 -1e-06 12.109043 -3.735711 -2.866781 0.0 0.0 0.0 1.291985 -1.928547 -1.498088 14.800118 0.567468 3.865604 14.242561 -1.341734 -6.66065 19.631954 0.143927 -0.648243 50.269665 -1.279781 -6.087169 0.353027 -1.511149 -0.03194 20.222775 3.684307 2.316628 18.787258 5e-06 -0.0 10.751622 -0.479868 1.397905 0.0 0.0 0.0 3.273805 0.305947 -0.58011 21.486797 11.830363 2.266128 8.16292 2e-06 -1e-06 18.399071 -3.79898 -4.94057 3e-06 0.0 -1e-06 -0.532089 8.948638 -98.221458 0.081568 0.422265 98.60183 -6.69819 -1.343166 -38.480686 1.742638 -1.638336 -20.185265 -0.0 -0.0 2e-06 2.614115 -2.720291 -97.024673 -0.376239 -0.534533 97.709564 1.034496 5.416319 -37.072117 -1.221938 0.244243 -19.025009 0.0 -0.0 0.0 
0.0 0.0 0.0 0.0 -0.0 0.0 -19.693108 69.263168 49.000931 -2.543141 0.356489 66.861076 -0.034865 1.034773 18.246233 -0.469272 0.264525 5.394223 -1.722487 -0.717638 21.086687 1.399249 4.627126 -18.668404 -0.511695 0.520568 -3.346943 -4.727935 -0.864215 -0.534102 7.7e-05 -2.3e-05 6e-06 0.300074 -0.000565 -0.13531 1.173548 -3.622566 -10.73427 -0.598098 3.639067 -10.728008 15.263352 -15.99474 4.031774 36.051048 -41.677231 -52.711288 -2.561632 -19.092239 0.510184 56.888477 9.347001 -17.182547 -5.882107 9.861288 0.70259 -10.936873 -0.360577 7.15621 -1e-06 8.77483 -5e-06 -16.55769 18.526823 5.841237 -1.844032 2.498507 -2.507278 -10.163604 4.678946 4.62111 -20.976028 -1e-06 7e-06 -21.226292 2.4517 -3.594 -0.0 -6e-06 -1e-06 -1.362682 2.240798 -0.746325 -21.334921 0.58491 3.008329 -13.821216 -3e-06 4e-06 -23.887175 -0.249076 -0.83948 -60.232716 2.335352 -1.610838 -0.294024 1.679688 0.833254 -14.218212 0.093215 1.300583 -34.212055 -0.287561 0.967177 -20.033215 0.964539 1.212847 -0.0 -0.0 1e-06 -3.44039 0.788233 0.501656 -15.928191 -3.167312 2.999712 -6.33883 -1e-06 3e-06 -18.123447 3.648185 -4.90567 -4e-06 -0.0 -3e-06 -17.509109 22.129225 -2.546458 -26.966846 36.794586 -46.96069 0.130033 24.045528 0.13102 -49.306282 -4.883634 -2.778923 2.243543 -5.255041 -3.18016 14.282896 -0.826593 6.952505 -0.0 -12.690607 -5e-06 16.263882 -19.170965 2.673016 1.665669 -1.955923 -2.8783 4.727801 -4.170587 4.993924 11.02053 2e-06 -0.0 12.109058 -3.735719 -2.866787 -1e-06 0.0 -1e-06 1.291986 -1.928551 -1.49809 14.800138 0.567469 3.865609 14.242578 -1.341739 -6.660661 19.631975 0.143924 -0.648245 50.326675 -1.342066 -6.054901 0.353029 -1.511151 -0.031941 20.222801 3.684311 2.316633 18.787281 4e-06 0.0 10.751633 -0.479869 1.397907 0.0 0.0 0.0 3.273808 0.305947 -0.580111 21.486824 11.830379 2.26614 8.16293 2e-06 -0.0 18.399088 -3.798984 -4.940577 3e-06 -0.0 -1e-06 0.180489 9.360447 -99.578857 0.129624 0.45848 98.447456 -7.05345 -1.379098 -37.966438 1.754376 -1.66595 -19.013067 0.0 -0.0 3e-06 3.089011 -1.836316 -98.153458 -0.455926 -0.608985 97.092155 0.969557 5.181731 -36.989658 -1.233924 0.228183 -17.520075 -0.0 -0.0 -1e-06 
0.0 0.0 0.0 0.0 -0.0 0.0 -20.078123 69.804489 45.977325 -3.051455 0.582493 65.652924 -0.07051 1.129445 18.68914 -0.526828 0.301181 5.712368 -1.655038 -0.495212 21.313097 1.756412 4.650214 -20.828072 -0.538216 0.63165 -3.346946 -4.580109 -0.57558 -0.821496 7.7e-05 -2.3e-05 6e-06 0.282993 -0.013094 -0.13895 1.16554 -3.651626 -10.78465 -0.625035 3.638192 -10.786354 16.236271 -17.511633 3.505262 36.950993 -40.579227 -53.948818 -2.30965 -16.752048 0.353704 52.162029 10.022374 -18.333004 -5.8821 9.861276 0.702591 -10.93686 -0.360575 7.156199 1e-06 8.774817 -3e-06 -16.637182 18.568451 5.877309 -1.844029 2.498501 -2.507276 -10.163589 4.67894 4.621105 -20.976006 -4e-06 5e-06 -21.226267 2.451694 -3.593996 0.0 -6e-06 -2e-06 -1.362677 2.240794 -0.746322 -21.334888 0.584908 3.008322 -13.821199 -3e-06 4e-06 -23.887146 -0.249078 -0.83948 -60.356449 2.368978 -1.597325 -0.294024 1.679686 0.833254 -14.218194 0.093214 1.300581 -34.212017 -0.287564 0.967172 -20.033194 0.964535 1.212844 0.0 0.0 0.0 -3.440384 0.788233 0.501654 -15.928174 -3.167307 2.999703 -6.338821 -1e-06 2e-06 -18.123426 3.648178 -4.905663 -4e-06 0.0 -2e-06 -18.384155 24.12236 -3.018323 -28.562145 33.934448 -46.673985 0.370847 21.570503 0.107038 -44.908909 -4.699472 -4.078627 2.24354 -5.25503 -3.180154 14.282877 -0.826593 6.952494 -3e-06 -12.690588 0.0 16.423906 -19.128162 2.562114 1.665663 -1.955919 -2.878295 4.727796 -4.170583 4.993917 11.020515 3e-06 -1e-06 12.109037 -3.735711 -2.86678 -1e-06 0.0 -0.0 1.291981 -1.928547 -1.498087 14.800112 0.567468 3.865602 14.242558 -1.341735 -6.660649 19.631945 0.143926 -0.648244 50.324615 -1.348871 -6.036693 0.353028 -1.511149 -0.03194 20.222771 3.684305 2.316626 18.787254 5e-06 -1e-06 10.751618 -0.479868 1.397904 -1e-06 -0.0 0.0 3.273805 0.305947 -0.58011 21.48679 11.83036 2.266129 8.16292 2e-06 -2e-06 18.399063 -3.79898 -4.94057 3e-06 -1e-06 -1e-06 1.023401 9.771492 -100.855965 0.171247 0.500372 98.253273 -7.436931 -1.429615 -37.454979 1.759933 -1.692999 -17.735315 -0.0 0.0 2e-06 3.606226 -0.952021 -99.145767 -0.530651 -0.675295 96.39286 0.899167 4.904076 -36.946217 -1.254701 0.221664 -15.904832 0.0 0.0 -1e-06 
0.0 0.0 0.0 0.0 -0.0 0.0 -20.414103 70.256546 42.980896 -3.560115 0.846269 64.17395 -0.119736 1.21585 19.041275 -0.610846 0.326112 5.999846 -1.607547 -0.270875 21.6152 2.07644 4.602756 -22.82021 -0.531111 0.804923 -3.365397 -4.355963 -0.28866 -1.11458 7.7e-05 -2.2e-05 6e-06 0.256495 -0.025034 -0.141325 1.149106 -3.686686 -10.840543 -0.661959 3.645065 -10.849261 17.249731 -19.161722 2.985763 37.625828 -39.704582 -54.570999 -2.013436 -14.396224 0.222067 46.944859 10.836902 -19.109312 -5.882107 9.861286 0.702591 -10.936875 -0.360572 7.156211 -0.0 8.774827 -2e-06 -16.721809 18.595184 5.913255 -1.844033 2.498505 -2.507279 -10.163604 4.678947 4.621113 -20.976028 0.0 3e-06 -21.226292 2.4517 -3.593999 0.0 -6e-06 -0.0 -1.362681 2.240799 -0.746324 -21.334919 0.584912 3.008327 -13.821218 -1e-06 5e-06 -23.887178 -0.249074 -0.839481 -60.439041 2.414859 -1.579933 -0.294024 1.679687 0.833256 -14.218211 0.093217 1.300581 -34.212059 -0.287559 0.967174 -20.03322 0.964542 1.212843 0.0 0.0 2e-06 -3.440388 0.788233 0.501657 -15.928192 -3.16731 2.999712 -6.338832 -1e-06 1e-06 -18.123457 3.648185 -4.905671 -3e-06 -0.0 -3e-06 -19.168108 25.994314 -3.434786 -29.542562 31.394979 -46.011204 0.740816 19.274754 0.10708 -40.593632 -4.214672 -5.167072 2.243541 -5.255035 -3.180157 14.282885 -0.826595 6.952498 -2e-06 -12.690599 1e-06 16.476856 -19.044338 2.467884 1.665665 -1.955921 -2.878299 4.727797 -4.170586 4.993923 11.020521 3e-06 -3e-06 12.109052 -3.735714 -2.866786 2e-06 -0.0 0.0 1.291986 -1.928549 -1.498089 14.80012 0.567467 3.865605 14.242567 -1.341734 -6.660658 19.63196 0.143928 -0.648248 50.219509 -1.295102 -6.052879 0.353031 -1.51115 -0.03194 20.222784 3.684308 2.316627 18.787266 5e-06 -3e-06 10.751624 -0.479868 1.397904 0.0 0.0 0.0 3.273805 0.305947 -0.580111 21.486801 11.830368 2.266128 8.162922 1e-06 -1e-06 18.399071 -3.798982 -4.940575 3e-06 -0.0 -1e-06 1.997838 10.096438 -101.864708 0.219431 0.523838 98.038498 -7.806683 -1.358295 -36.977417 1.753164 -1.704151 -16.332455 -0.0 0.0 2e-06 4.109581 -0.108047 -99.793846 -0.603872 -0.731905 95.621712 0.765009 4.622925 -36.979763 -1.28441 0.22744 -14.250596 0.0 0.0 -1e-06 
0.0 0.0 0.0 0.0 -0.0 0.0 -20.691502 70.664528 40.07095 -4.038626 1.089893 62.300465 -0.177091 1.293849 19.327269 -0.734233 0.349093 6.239657 -1.593905 -0.097676 22.036777 2.262181 4.493939 -24.467716 -0.464998 0.980462 -3.396319 -4.087859 0.003606 -1.571272 7.7e-05 -2.2e-05 6e-06 0.235698 -0.03731 -0.141747 1.126837 -3.718313 -10.866306 -0.681381 3.64872 -10.876854 18.133234 -20.91081 2.552657 37.947094 -39.145683 -54.571995 -1.806489 -12.262292 0.138031 41.426563 11.556585 -19.370012 -5.882105 9.861279 0.70259 -10.936864 -0.360573 7.156199 0.0 8.774817 1e-06 -16.762112 18.575127 5.913358 -1.844031 2.498502 -2.507274 -10.163591 4.67894 4.621104 -20.976013 -0.0 4e-06 -21.226273 2.451697 -3.593997 -0.0 -6e-06 -1e-06 -1.362679 2.240795 -0.746322 -21.334898 0.584911 3.00832 -13.821204 -1e-06 3e-06 -23.887154 -0.249075 -0.839484 -60.379303 2.475031 -1.57762 -0.294027 1.679686 0.833255 -14.218199 0.093217 1.300579 -34.212021 -0.28756 0.967167 -20.033199 0.964536 1.212842 1e-06 1e-06 0.0 -3.440387 0.788233 0.501655 -15.928172 -3.167306 2.999703 -6.338822 1e-06 1e-06 -18.12344 3.648181 -4.905664 -4e-06 0.0 -2e-06 -19.723549 27.650164 -3.677055 -29.820892 29.427744 -45.200592 1.174683 17.370449 0.128355 -36.493248 -3.4842 -5.977443 2.243539 -5.255033 -3.180155 14.28288 -0.826595 6.952496 -0.0 -12.690594 1e-06 16.437515 -18.915979 2.408092 1.665664 -1.95592 -2.878296 4.727794 -4.170585 4.99392 11.020517 3e-06 -1e-06 12.109045 -3.735713 -2.866781 0.0 0.0 0.0 1.291982 -1.928548 -1.498088 14.800118 0.567467 3.865604 14.24256 -1.341736 -6.660651 19.631952 0.143925 -0.648244 50.05254 -1.222563 -6.066059 0.353028 -1.511149 -0.03194 20.222775 3.684306 2.316628 18.787256 4e-06 -1e-06 10.75162 -0.479869 1.397905 0.0 0.0 0.0 3.273803 0.305947 -0.58011 21.48679 11.830364 2.26613 8.16292 2e-06 -1e-06 18.399065 -3.798982 -4.940571 3e-06 -0.0 -1e-06 3.055601 10.256085 -102.328285 0.273413 0.508493 97.727905 -8.076397 -1.01765 -36.627079 1.742894 -1.704407 -14.88373 -0.0 -1e-06 2e-06 4.569966 0.634174 -99.87458 -0.655904 -0.753461 94.751381 0.625005 4.414283 -37.124245 -1.32205 0.251923 -12.624444 0.0 -0.0 -1e-06 
0.0 0.0 0.0 0.0 -0.0 0.0 -20.894609 71.061867 37.272114 -4.424665 1.286683 60.113411 -0.249431 1.359108 19.530823 -0.866094 0.354977 6.419346 -1.655924 -0.007933 22.507736 2.347603 4.361734 -25.702168 -0.402921 1.109004 -3.437406 -3.780339 0.296488 -2.228903 7.7e-05 -2.2e-05 6e-06 0.223608 -0.049866 -0.142148 1.105284 -3.745956 -10.864856 -0.68395 3.648524 -10.868737 18.755497 -22.722807 2.307453 37.76432 -38.974487 -54.068989 -1.664864 -10.456472 0.078112 35.818089 12.036345 -19.245354 -5.882099 9.861277 0.70259 -10.936859 -0.360575 7.156197 1e-06 8.774818 -2e-06 -16.696314 18.511486 5.909359 -1.844031 2.498504 -2.507275 -10.163589 4.67894 4.621104 -20.976004 -6e-06 -1e-06 -21.226263 2.451691 -3.593998 1e-06 -6e-06 -0.0 -1.362679 2.240796 -0.746322 -21.334888 0.584906 3.008321 -13.821199 -4e-06 0.0 -23.887142 -0.249082 -0.839481 -60.168461 2.527798 -1.574534 -0.294022 1.679686 0.833253 -14.218193 0.093214 1.300579 -34.212013 -0.287566 0.96717 -20.033194 0.964534 1.212843 0.0 0.0 -1e-06 -3.440384 0.788233 0.501656 -15.928168 -3.16731 2.999704 -6.338819 -2e-06 0.0 -18.123426 3.648179 -4.905666 -4e-06 0.0 -2e-06 -19.896835 29.026154 -3.649387 -29.379707 28.250832 -44.243736 1.566465 16.04208 0.15047 -32.552315 -2.606021 -6.550717 2.243537 -5.255029 -3.180153 14.282862 -0.826593 6.95249 -4e-06 -12.690588 2e-06 16.353735 -18.719248 2.398388 1.665663 -1.955918 -2.878295 4.72779 -4.170582 4.993917 11.020504 4e-06 -3e-06 12.109029 -3.73571 -2.86678 1e-06 -0.0 -0.0 1.29198 -1.928546 -1.498087 14.800101 0.567468 3.8656 14.242545 -1.341733 -6.660649 19.631929 0.143929 -0.648245 49.848591 -1.160479 -6.045043 0.35303 -1.511149 -0.03194 20.222752 3.684306 2.316624 18.787235 5e-06 -1e-06 10.751605 -0.479868 1.397904 0.0 -0.0 -0.0 3.273798 0.305947 -0.58011 21.486773 11.830359 2.266125 8.16291 2e-06 0.0 18.399046 -3.798981 -4.940567 3e-06 -0.0 -1e-06 4.061502 10.221949 -102.12606 0.318607 0.461087 97.228683 -8.243018 -0.462492 -36.542564 1.73145 -1.702073 -13.452726 0.0 -0.0 2e-06 4.910578 1.241147 -99.347176 -0.701872 -0.758401 93.779739 0.555412 4.148215 -37.407173 -1.357457 0.276745 -10.956259 0.0 0.0 -1e-06 
0.0 0.0 0.0 0.0 -0.0 0.0 -21.077459 71.566177 34.733749 -4.639953 1.464352 57.726158 -0.289943 1.404696 19.591467 -1.01544 0.324879 6.535306 -1.778821 -0.038541 23.054255 2.427942 4.242997 -26.699415 -0.458274 1.188661 -3.486645 -3.382524 0.553515 -2.98666 7.7e-05 -2.3e-05 6e-06 0.206679 -0.05747 -0.153434 1.089405 -3.76846 -10.85807 -0.701228 3.653146 -10.84997 19.091211 -24.656057 2.213916 36.942848 -39.125908 -53.022938 -1.522721 -8.886927 0.035799 30.265514 12.243567 -18.809128 -5.8821 9.86128 0.702591 -10.936863 -0.360575 7.156197 3e-06 8.774821 1e-06 -16.507463 18.440916 5.929623 -1.844029 2.498501 -2.507276 -10.163591 4.678943 4.621107 -20.976007 -8e-06 2e-06 -21.226271 2.451693 -3.593994 1e-06 -7e-06 -2e-06 -1.362679 2.240796 -0.746321 -21.334896 0.584906 3.008321 -13.821204 -4e-06 3e-06 -23.887154 -0.249081 -0.83948 -59.950203 2.5523 -1.56117 -0.294022 1.679685 0.833255 -14.218199 0.093212 1.300578 -34.212021 -0.28757 0.967174 -20.033201 0.964532 1.212847 2e-06 -0.0 0.0 -3.440387 0.788232 0.501656 -15.928176 -3.16731 2.999704 -6.338824 -2e-06 1e-06 -18.123436 3.648179 -4.905665 -4e-06 0.0 -1e-06 -19.636448 30.141247 -3.288714 -28.323658 27.852179 -43.431946 1.897703 15.274844 0.191025 -28.848364 -1.470723 -7.040501 2.243541 -5.255035 -3.180156 14.282879 -0.826593 6.952497 -2e-06 -12.6906 -1e-06 16.284561 -18.538431 2.389893 1.665663 -1.955921 -2.878297 4.727797 -4.170585 4.99392 11.020517 3e-06 -2e-06 12.109042 -3.735714 -2.866784 1e-06 0.0 0.0 1.291983 -1.928549 -1.498088 14.800115 0.567468 3.865604 14.24256 -1.341737 -6.660655 19.631948 0.143926 -0.648245 49.657486 -1.119964 -6.015161 0.35303 -1.51115 -0.03194 20.222776 3.684308 2.316629 18.787256 4e-06 -1e-06 10.751619 -0.479868 1.397905 0.0 0.0 0.0 3.273802 0.305947 -0.58011 21.486795 11.830369 2.266133 8.162921 2e-06 -0.0 18.399067 -3.798983 -4.940573 3e-06 0.0 -1e-06 4.94414 9.920066 -101.39151 0.345306 0.406547 96.373924 -8.246137 0.328307 -36.529774 1.72403 -1.719738 -11.988875 0.0 -0.0 2e-06 5.212774 1.613091 -98.378761 -0.729562 -0.740817 92.630707 0.465024 3.745804 -37.635994 -1.386078 0.291912 -9.261604 0.0 0.0 -1e-06 
0.0 0.0 0.0 0.0 -0.0 0.0 -21.215265 72.098854 32.497559 -4.629234 1.674692 55.208794 -0.466059 1.359099 19.624353 -1.031852 0.212625 6.617573 -1.918811 -0.105441 23.485374 2.391855 3.983177 -27.167713 -0.431125 1.453807 -3.578051 -2.97474 0.723331 -4.04102 7.7e-05 -2.3e-05 5e-06 0.215089 -0.076098 -0.190317 1.101032 -3.797391 -10.879333 -0.695325 3.643263 -10.856488 18.920412 -26.541153 2.585695 35.6455 -39.519402 -52.009365 -1.394132 -7.682621 -0.011307 25.051785 12.286859 -17.776947 -5.8821 9.861279 0.702589 -10.936864 -0.360575 7.156201 1e-06 8.774821 -2e-06 -16.132027 18.21353 5.989697 -1.84403 2.498505 -2.507277 -10.163591 4.67894 4.621107 -20.976007 -6e-06 2e-06 -21.226271 2.451694 -3.593997 -1e-06 -6e-06 -1e-06 -1.362679 2.240797 -0.746323 -21.3349 0.584907 3.008322 -13.821205 -4e-06 4e-06 -23.887154 -0.249081 -0.839481 -59.448101 2.575606 -1.469563 -0.294024 1.679687 0.833256 -14.218197 0.093212 1.30058 -34.212021 -0.287567 0.967172 -20.033199 0.964534 1.212846 3e-06 1e-06 0.0 -3.440386 0.788231 0.501655 -15.928176 -3.167309 2.999706 -6.338821 -1e-06 3e-06 -18.12343 3.648179 -4.905666 -4e-06 -0.0 -2e-06 -19.102364 30.907112 -2.713177 -26.505411 28.465796 -42.178299 1.935176 15.169626 0.176619 -25.614792 -0.387994 -7.386331 2.243539 -5.255035 -3.180156 14.28288 -0.826593 6.952499 -2e-06 -12.690601 -0.0 16.328484 -18.384092 2.424467 1.665666 -1.955921 -2.878298 4.727796 -4.170586 4.993921 11.020517 3e-06 -2e-06 12.109042 -3.735714 -2.866784 0.0 -0.0 -1e-06 1.291985 -1.928549 -1.498089 14.800115 0.567469 3.865605 14.242561 -1.341736 -6.660655 19.631952 0.143927 -0.648245 49.654583 -1.201448 -6.012025 0.353028 -1.51115 -0.03194 20.222775 3.684309 2.316629 18.787258 5e-06 -1e-06 10.75162 -0.479868 1.397906 -0.0 -0.0 0.0 3.273806 0.305947 -0.580111 21.486794 11.830369 2.266132 8.162922 1e-06 0.0 18.399069 -3.798983 -4.940572 3e-06 0.0 -1e-06 5.642466 9.295719 -100.108612 0.33174 0.296189 95.012405 -8.262753 1.238091 -36.703182 1.709304 -1.704275 -10.479742 0.0 -1e-06 2e-06 5.394654 1.812661 -97.000206 -0.669764 -0.699935 91.123146 0.398979 3.199772 -37.527851 -1.407887 0.294562 -8.300496 0.0 0.0 -1e-06 
0.0 0.0 0.0 0.0 -0.0 0.0 -21.342726 72.836304 30.503944 -4.543258 1.822378 52.824951 -0.501135 1.341737 19.524094 -1.181087 0.120896 6.639259 -2.146032 -0.292248 23.909382 2.448682 3.685651 -27.498873 -0.492882 1.598096 -3.616957 -2.511421 0.905257 -4.911644 7.7e-05 -2.2e-05 7e-06 0.203646 -0.082942 -0.191327 1.095189 -3.819675 -10.856393 -0.710789 3.649538 -10.820632 18.387245 -28.478662 2.810423 33.504433 -40.050148 -50.211815 -1.220642 -6.711677 -0.035004 20.441193 12.002861 -16.872128 -5.882106 9.861285 0.70259 -10.936872 -0.360576 7.156203 2e-06 8.774824 -2e-06 -15.896483 18.180111 6.079973 -1.844034 2.498503 -2.507276 -10.163601 4.678945 4.621107 -20.976027 -5e-06 3e-06 -21.22629 2.451696 -3.594001 1e-06 -6e-06 1e-06 -1.362682 2.240798 -0.746323 -21.334913 0.584908 3.00832 -13.821213 -4e-06 3e-06 -23.887173 -0.24908 -0.839482 -59.390476 2.565635 -1.428869 -0.294024 1.679687 0.833255 -14.218208 0.093214 1.30058 -34.212051 -0.287568 0.967171 -20.033213 0.964535 1.212844 -1e-06 1e-06 1e-06 -3.44039 0.788233 0.501657 -15.928185 -3.167312 2.999706 -6.338826 -2e-06 1e-06 -18.123446 3.648181 -4.90567 -4e-06 -0.0 -4e-06 -18.035938 31.37252 -1.921602 -24.394854 29.909296 -41.361908 1.957231 15.289835 0.204427 -22.815786 0.880296 -7.532456 2.243541 -5.255035 -3.180156 14.282891 -0.826594 6.952502 -2e-06 -12.6906 1e-06 16.378201 -18.229149 2.430681 1.665667 -1.955921 -2.878298 4.727801 -4.170587 4.993923 11.020524 3e-06 -1e-06 12.109051 -3.735714 -2.866782 0.0 0.0 0.0 1.291985 -1.928549 -1.498089 14.800125 0.567468 3.865606 14.242568 -1.341735 -6.660654 19.631962 0.143926 -0.648243 49.728497 -1.178643 -5.962865 0.353031 -1.51115 -0.03194 20.222788 3.684309 2.31663 18.78727 5e-06 -0.0 10.751627 -0.479868 1.397906 -0.0 0.0 -0.0 3.273806 0.305947 -0.580111 21.486811 11.83037 2.266132 8.162926 2e-06 -1e-06 18.399078 -3.798984 -4.940574 3e-06 -0.0 -1e-06 6.239108 8.580546 -98.469971 0.29512 0.21747 93.186974 -8.285566 2.216519 -36.804321 1.704182 -1.736865 -8.90503 -0.0 -1e-06 2e-06 5.510518 1.880025 -95.62014 -0.661363 -0.668701 89.819763 0.353827 2.80802 -36.998135 -1.429993 0.320805 -7.501255 0.0 -0.0 -1e-06 
0.0 0.0 0.0 0.0 -0.0 0.0 -21.479456 73.77301 28.801765 -4.334174 1.993335 50.539547 -0.558119 1.278201 19.418419 -1.324768 -0.005286 6.619753 -2.396924 -0.502815 24.297081 2.519397 3.370987 -27.436577 -0.49944 1.729498 -3.634749 -2.095431 1.08833 -5.85535 7.7e-05 -2.3e-05 6e-06 0.197751 -0.089808 -0.184995 1.081304 -3.837209 -10.81258 -0.707345 3.652359 -10.766349 17.476862 -30.215923 3.19055 30.749748 -40.599453 -48.353603 -1.020569 -6.144443 -0.045358 16.54501 11.575615 -15.812793 -5.882103 9.861279 0.702592 -10.936868 -0.360574 7.156201 1e-06 8.774821 0.0 -15.694873 18.145107 6.146775 -1.84403 2.498502 -2.507274 -10.163595 4.678943 4.621107 -20.976013 -2e-06 2e-06 -21.226273 2.451698 -3.593995 -1e-06 -6e-06 -2e-06 -1.362679 2.240797 -0.746323 -21.334904 0.584911 3.008324 -13.821207 -2e-06 4e-06 -23.887159 -0.249076 -0.839481 -59.438499 2.532119 -1.408231 -0.294024 1.679686 0.833256 -14.2182 0.093216 1.300581 -34.212032 -0.28756 0.967172 -20.033205 0.96454 1.212842 1e-06 0.0 -2e-06 -3.440387 0.788233 0.501657 -15.928177 -3.167306 2.999705 -6.338824 -0.0 2e-06 -18.12344 3.648183 -4.905665 -4e-06 0.0 -3e-06 -16.701214 31.567465 -0.988589 -21.849365 32.132603 -40.447376 1.827605 15.521029 0.223015 -20.402643 2.100002 -7.680201 2.24354 -5.255029 -3.180151 14.282878 -0.826595 6.952491 -3e-06 -12.69059 2e-06 16.487692 -18.072674 2.392873 1.665665 -1.955918 -2.878294 4.727796 -4.170584 4.993917 11.020515 3e-06 -1e-06 12.10904 -3.735711 -2.866779 0.0 -0.0 -0.0 1.291982 -1.928546 -1.498086 14.80011 0.567467 3.8656 14.242558 -1.341734 -6.660647 19.63195 0.143926 -0.648245 49.873459 -1.19144 -5.935407 0.353029 -1.511149 -0.03194 20.222769 3.684305 2.316625 18.787254 5e-06 -2e-06 10.751617 -0.479867 1.397903 0.0 -0.0 0.0 3.273802 0.305947 -0.58011 21.48679 11.830361 2.266125 8.162918 1e-06 -2e-06 18.399063 -3.79898 -4.940571 2e-06 -0.0 -1e-06 6.721661 7.704475 -96.394852 0.224986 0.126248 90.800949 -8.345211 3.159691 -36.787872 1.700192 -1.768947 -7.382782 -0.0 0.0 2e-06 5.554542 1.789935 -93.933243 -0.598544 -0.627985 88.134567 0.385165 2.488371 -36.248116 -1.452256 0.369768 -6.805921 -0.0 0.0 -1e-06 
0.0 0.0 0.0 0.0 -0.0 0.0 -21.68886 75.003136 27.32518 -4.020929 2.194548 48.256348 -0.654504 1.186926 19.331432 -1.399953 -0.132427 6.600996 -2.773505 -0.768728 24.717543 2.772003 3.179545 -27.171864 -0.464742 1.755335 -3.629415 -1.839461 1.346535 -6.533432 7.7e-05 -2.3e-05 6e-06 0.232368 -0.127977 -0.212414 1.084003 -3.867748 -10.764111 -0.642708 3.607273 -10.724878 16.325321 -31.614019 3.723954 27.3013 -41.100662 -46.658367 -0.701121 -6.149265 -0.06082 13.374037 10.990018 -14.453536 -5.882107 9.861282 0.702589 -10.936869 -0.360575 7.156201 -0.0 8.774821 -2e-06 -15.768193 17.983627 6.119036 -1.844032 2.498503 -2.507278 -10.163597 4.678944 4.621105 -20.976021 -1e-06 -2e-06 -21.226284 2.451698 -3.594002 -1e-06 -7e-06 -1e-06 -1.362682 2.240798 -0.746323 -21.334906 0.58491 3.008318 -13.821211 -2e-06 -1e-06 -23.887165 -0.24908 -0.839487 -59.693096 2.267091 -1.185732 -0.294025 1.679687 0.833258 -14.218205 0.093216 1.300578 -34.212048 -0.287564 0.967163 -20.033211 0.964535 1.21284 0.0 0.0 -2e-06 -3.440387 0.788232 0.501654 -15.928181 -3.167307 2.999703 -6.338824 -1e-06 -1e-06 -18.123444 3.648183 -4.905673 -3e-06 -0.0 -2e-06 -15.246372 31.482002 -0.256182 -18.325037 35.042854 -39.261806 1.543423 16.062277 0.208093 -18.253475 3.187732 -7.707746 2.243543 -5.255036 -3.180157 14.282894 -0.826596 6.952502 -1e-06 -12.690601 1e-06 16.665331 -17.930601 2.320143 1.665668 -1.955921 -2.878299 4.727799 -4.170586 4.993922 11.020528 2e-06 -1e-06 12.109053 -3.735715 -2.866783 -0.0 -0.0 0.0 1.291987 -1.928549 -1.498089 14.800129 0.567467 3.865606 14.242574 -1.341737 -6.660657 19.631969 0.143925 -0.648246 49.918514 -1.088524 -6.009621 0.353028 -1.51115 -0.03194 20.222794 3.684308 2.316629 18.787275 4e-06 -2e-06 10.751629 -0.479869 1.397905 -1e-06 -0.0 -0.0 3.273808 0.305947 -0.580111 21.486816 11.830369 2.266132 8.16293 1e-06 -1e-06 18.399088 -3.798984 -4.940577 3e-06 0.0 -1e-06 6.933658 6.806124 -93.866577 0.16964 0.040749 88.04509 -8.146711 3.877782 -36.682022 1.663035 -1.706828 -5.934389 -0.0 0.0 2e-06 5.430047 1.552832 -91.778877 -0.611047 -0.672334 85.996567 0.331828 2.431166 -35.24704 -1.466834 0.387961 -5.911047 -0.0 -0.0 -1e-06 
0.0 0.0 0.0 0.0 -0.0 0.0 -21.911165 76.381935 26.090183 -3.601315 2.496413 46.327034 -0.690178 1.128565 19.118202 -1.516953 -0.244129 6.562478 -2.992064 -0.974282 25.178644 2.911215 2.901438 -26.609665 -0.372324 1.832395 -3.615431 -1.475477 1.347919 -7.318914 7.7e-05 -2.2e-05 8e-06 0.22543 -0.138181 -0.205862 1.064774 -3.878858 -10.738345 -0.636285 3.598096 -10.710835 14.791044 -32.456043 4.374534 23.957315 -41.881042 -45.325352 -0.454673 -6.55123 -0.068545 11.484796 10.2236 -13.300773 -5.882102 9.861283 0.702591 -10.936868 -0.360577 7.156205 2e-06 8.774825 -2e-06 -15.717251 17.974506 6.112245 -1.844033 2.498503 -2.507277 -10.163597 4.678943 4.621109 -20.976021 -7e-06 1e-06 -21.226286 2.451692 -3.593999 0.0 -5e-06 -2e-06 -1.36268 2.240796 -0.746323 -21.334911 0.584904 3.008324 -13.821213 -6e-06 3e-06 -23.887167 -0.249081 -0.839481 -59.804398 2.241943 -1.170821 -0.294024 1.679688 0.833255 -14.218206 0.093212 1.300581 -34.212036 -0.287569 0.967172 -20.033209 0.964532 1.212845 2e-06 0.0 -1e-06 -3.440389 0.788233 0.501657 -15.928185 -3.167313 2.999706 -6.338825 -3e-06 0.0 -18.123444 3.648178 -4.905668 -3e-06 0.0 -2e-06 -13.597478 31.280672 0.816017 -14.423362 37.94101 -37.915298 1.17775 16.509708 0.194687 -16.732397 4.046044 -7.525138 2.243539 -5.255032 -3.180155 14.282874 -0.826593 6.952495 -4e-06 -12.690596 2e-06 16.73406 -17.777847 2.269825 1.665664 -1.955919 -2.878296 4.727793 -4.170584 4.993919 11.020515 4e-06 -1e-06 12.109038 -3.735711 -2.866781 0.0 -0.0 0.0 1.291984 -1.928548 -1.498087 14.800112 0.567468 3.865603 14.242558 -1.341734 -6.66065 19.631947 0.143928 -0.648243 50.044117 -1.066767 -5.974362 0.353028 -1.511149 -0.031939 20.222769 3.684308 2.316627 18.787254 6e-06 -0.0 10.751616 -0.479867 1.397905 0.0 0.0 0.0 3.273804 0.305947 -0.58011 21.486792 11.830368 2.26613 8.162919 2e-06 -0.0 18.399063 -3.798983 -4.940569 4e-06 1e-06 -1e-06 7.080884 5.90903 -91.537186 0.112454 -0.040329 85.156303 -8.035222 4.199133 -35.501961 1.65512 -1.738135 -5.185976 0.0 -0.0 2e-06 5.40076 1.177578 -89.600601 -0.528659 -0.618135 83.489922 0.401648 2.146749 -34.043716 -1.478956 0.4427 -5.386664 -0.0 -0.0 -1e-06 
0.0 0.0 0.0 0.0 -0.0 0.0 -22.106556 77.888275 25.043791 -3.196705 2.834321 44.576805 -0.688853 1.111988 18.910843 -1.562516 -0.279271 6.480947 -3.132046 -1.12146 25.604057 2.916758 2.636955 -25.821016 -0.248934 1.814034 -3.602684 -1.040384 1.206755 -8.065666 7.7e-05 -2.3e-05 5e-06 0.213045 -0.140962 -0.195821 1.03499 -3.878807 -10.708943 -0.630147 3.593522 -10.700049 13.086018 -32.735924 5.103988 20.354359 -42.942818 -44.235405 -0.17212 -7.439165 -0.084204 10.359281 9.385934 -12.309867 -5.882102 9.861278 0.702593 -10.936865 -0.360576 7.156202 2e-06 8.774819 0.0 -15.707304 18.01722 6.106498 -1.844031 2.498502 -2.507278 -10.163592 4.67894 4.621108 -20.976011 -7e-06 4e-06 -21.226273 2.45169 -3.593993 1e-06 -6e-06 -1e-06 -1.36268 2.240798 -0.746322 -21.334902 0.584907 3.008321 -13.821205 -5e-06 3e-06 -23.887156 -0.249081 -0.839479 -59.98624 2.223039 -1.164013 -0.294024 1.679687 0.833256 -14.218199 0.093213 1.300582 -34.212021 -0.287567 0.967175 -20.033197 0.964533 1.212845 1e-06 -0.0 0.0 -3.440387 0.788232 0.501655 -15.928179 -3.16731 2.999706 -6.338823 -1e-06 3e-06 -18.123436 3.64818 -4.905668 -4e-06 0.0 0.0 -11.98122 30.966387 1.927806 -9.743074 40.738304 -35.953548 0.777697 16.89488 0.167314 -15.461008 4.686069 -7.214165 2.243539 -5.255034 -3.180157 14.282885 -0.826594 6.952499 -3e-06 -12.690598 1e-06 16.76403 -17.637722 2.203854 1.665665 -1.95592 -2.878298 4.727797 -4.170586 4.993921 11.020519 3e-06 -2e-06 12.109046 -3.735714 -2.866783 0.0 -0.0 0.0 1.291985 -1.928548 -1.498088 14.80012 0.567468 3.865606 14.242564 -1.341735 -6.660656 19.631954 0.143927 -0.648245 50.112659 -1.012138 -5.974614 0.35303 -1.51115 -0.031939 20.222784 3.684308 2.316629 18.787262 4e-06 -1e-06 10.751622 -0.479868 1.397905 -1e-06 0.0 -0.0 3.273806 0.305947 -0.58011 21.486801 11.830368 2.266131 8.162923 1e-06 -0.0 18.399071 -3.798985 -4.940572 3e-06 0.0 -1e-06 7.092558 5.128718 -89.088669 0.06181 -0.105694 82.024712 -7.83625 4.361627 -34.066395 1.648296 -1.775669 -4.592633 0.0 -0.0 2e-06 5.380705 0.729152 -87.246727 -0.451055 -0.549895 80.701118 0.555256 1.910786 -32.684498 -1.486439 0.479008 -4.858617 -0.0 0.0 -1e-06 
0.0 0.0 0.0 0.0 -0.0 0.0 -22.239021 79.441788 24.175337 -2.786203 3.206236 42.983459 -0.665019 1.113374 18.704838 -1.529257 -0.253203 6.344107 -3.185458 -1.210314 25.959839 2.814092 2.448576 -24.916252 -0.154967 1.667264 -3.603558 -0.485906 0.922617 -8.702633 7.7e-05 -2.2e-05 7e-06 0.184069 -0.127964 -0.187402 0.987709 -3.861442 -10.687097 -0.63956 3.603368 -10.689024 11.316412 -32.584583 5.874997 16.467804 -44.204044 -43.076443 0.068775 -8.678314 -0.106515 9.610966 8.511517 -11.639744 -5.882094 9.861273 0.702592 -10.936856 -0.360578 7.156196 2e-06 8.774815 -1e-06 -15.703325 18.049658 6.090464 -1.844029 2.498501 -2.507275 -10.163586 4.678936 4.621101 -20.975996 -8e-06 5e-06 -21.226255 2.451693 -3.593989 -1e-06 -5e-06 0.0 -1.36268 2.240795 -0.746322 -21.334887 0.584903 3.00832 -13.821197 -5e-06 4e-06 -23.88714 -0.249079 -0.839476 -60.185047 2.202517 -1.156413 -0.294023 1.679685 0.833254 -14.218187 0.093211 1.300579 -34.212002 -0.287569 0.967176 -20.033184 0.964532 1.212846 1e-06 -0.0 0.0 -3.440385 0.788232 0.501654 -15.928165 -3.16731 2.999703 -6.338817 -2e-06 1e-06 -18.123423 3.648177 -4.905663 -5e-06 0.0 -0.0 -10.441668 30.636045 3.068811 -4.253866 43.116417 -33.23896 0.400786 17.255508 0.138427 -14.273909 5.127721 -6.912954 2.24354 -5.255033 -3.180155 14.282881 -0.826592 6.952496 -3e-06 -12.690595 -1e-06 16.739899 -17.510246 2.143151 1.665664 -1.95592 -2.878296 4.727796 -4.170583 4.993919 11.020517 3e-06 0.0 12.109042 -3.735712 -2.866781 0.0 -0.0 0.0 1.291985 -1.928548 -1.498088 14.800118 0.567469 3.865604 14.24256 -1.341735 -6.660651 19.631952 0.143926 -0.648243 50.104637 -0.951904 -6.004201 0.353028 -1.511149 -0.031939 20.222775 3.684309 2.316629 18.787262 6e-06 1e-06 10.75162 -0.479867 1.397906 -1e-06 0.0 -0.0 3.273805 0.305947 -0.58011 21.486801 11.830368 2.266133 8.162922 2e-06 -0.0 18.399071 -3.798979 -4.940571 1e-06 -0.0 -1e-06 7.007509 4.378808 -86.584892 0.020725 -0.155297 78.767616 -7.538026 4.464301 -32.482426 1.641287 -1.805242 -4.110038 0.0 -0.0 2e-06 5.350224 0.176272 -84.787308 -0.383049 -0.483886 77.748779 0.732723 1.752828 -31.281 -1.489984 0.500279 -4.321877 -0.0 0.0 -1e-06 
0.0 0.0 0.0 0.0 -0.0 0.0 -22.279892 80.972038 23.450083 -2.361133 3.609962 41.471764 -0.623073 1.113846 18.482695 -1.443102 -0.192564 6.167608 -3.154258 -1.231029 26.248615 2.702555 2.306947 -23.965418 -0.09782 1.463522 -3.619851 0.141817 0.538611 -9.281927 7.7e-05 -2.2e-05 6e-06 0.143175 -0.103159 -0.177189 0.930037 -3.837858 -10.685316 -0.662372 3.629892 -10.688722 9.585151 -32.131264 6.671411 12.222956 -45.588593 -41.565075 0.264552 -10.060422 -0.132806 8.998178 7.653254 -11.260795 -5.882102 9.861279 0.702589 -10.936865 -0.360575 7.1562 1e-06 8.774819 0.0 -15.710844 18.04351 6.072005 -1.844032 2.498502 -2.507274 -10.163594 4.678941 4.621107 -20.976013 -3e-06 2e-06 -21.226273 2.451696 -3.593996 0.0 -5e-06 -2e-06 -1.36268 2.240797 -0.746322 -21.334902 0.584909 3.00832 -13.821204 -3e-06 -1e-06 -23.887157 -0.249077 -0.839481 -60.375675 2.17921 -1.127158 -0.294024 1.679685 0.833256 -14.218199 0.093215 1.300579 -34.212025 -0.287564 0.967169 -20.033203 0.964535 1.212842 1e-06 -0.0 1e-06 -3.440387 0.788233 0.501654 -15.928179 -3.167307 2.999705 -6.338822 -1e-06 0.0 -18.123436 3.648179 -4.905665 -4e-06 1e-06 -0.0 -8.976085 30.296455 4.238154 1.932427 44.944057 -29.715637 0.076806 17.534208 0.107376 -13.090367 5.403913 -6.678791 2.243539 -5.255033 -3.180155 14.282876 -0.826593 6.952496 -3e-06 -12.690595 -0.0 16.626844 -17.388288 2.124403 1.665665 -1.95592 -2.878295 4.727795 -4.170584 4.993919 11.020515 3e-06 -1e-06 12.10904 -3.735712 -2.866781 0.0 0.0 -1e-06 1.291984 -1.928548 -1.498088 14.800115 0.567469 3.865604 14.242558 -1.341735 -6.660651 19.631948 0.143927 -0.648244 50.042961 -0.879496 -6.036615 0.353028 -1.511149 -0.031938 20.222771 3.684308 2.316626 18.787254 5e-06 -0.0 10.751619 -0.479868 1.397904 -2e-06 0.0 0.0 3.273804 0.305947 -0.580111 21.486795 11.830368 2.26613 8.162921 2e-06 -1e-06 18.399067 -3.798982 -4.940569 0.0 -2e-06 -0.0 6.86574 3.60643 -84.019928 -0.005132 -0.194555 75.47081 -7.235608 4.488261 -30.873894 1.632096 -1.825105 -3.682851 0.0 -0.0 2e-06 5.304496 -0.476588 -82.246109 -0.322633 -0.423337 74.759689 0.892585 1.644439 -29.886217 -1.490161 0.506046 -3.838264 -0.0 -0.0 -1e-06 
0.0 0.0 0.0 0.0 -0.0 0.0 -22.216621 82.436325 22.813189 -1.933306 4.032741 39.961605 -0.558584 1.11381 18.219677 -1.332389 -0.126841 5.966051 -3.054129 -1.204813 26.509174 2.663953 2.225545 -23.009205 -0.055651 1.224694 -3.653121 0.751359 0.12047 -9.871787 7.7e-05 -2.3e-05 7e-06 0.106868 -0.077618 -0.16945 0.880128 -3.817852 -10.701161 -0.683419 3.660529 -10.69857 7.977844 -31.465443 7.471517 7.591778 -46.999477 -39.574211 0.403013 -11.402912 -0.154855 8.418538 6.885314 -11.213494 -5.882102 9.861281 0.702589 -10.936866 -0.360576 7.156202 -0.0 8.774822 -1e-06 -15.70809 18.004799 6.05152 -1.844031 2.498504 -2.507277 -10.163592 4.678942 4.621105 -20.976009 -3e-06 2e-06 -21.226269 2.451697 -3.593997 1e-06 -7e-06 -1e-06 -1.36268 2.240797 -0.746323 -21.3349 0.584909 3.008322 -13.821205 -3e-06 -0.0 -23.887154 -0.249078 -0.83948 -60.51965 2.182615 -1.077095 -0.294024 1.679686 0.833256 -14.218199 0.093214 1.300582 -34.212025 -0.287564 0.967173 -20.033201 0.964538 1.212847 1e-06 -1e-06 -0.0 -3.440386 0.788233 0.501655 -15.928177 -3.167309 2.999708 -6.338821 -1e-06 1e-06 -18.12344 3.648182 -4.905667 -3e-06 1e-06 -0.0 -7.610537 29.923578 5.36894 8.528358 46.131001 -25.456757 -0.138 17.702219 0.093698 -11.855882 5.568645 -6.432924 2.243538 -5.255032 -3.180155 14.282874 -0.826591 6.952496 -3e-06 -12.690593 -1e-06 16.467491 -17.294989 2.123915 1.665663 -1.95592 -2.878295 4.727793 -4.170582 4.993919 11.020512 4e-06 -0.0 12.109035 -3.735711 -2.86678 2e-06 -0.0 1e-06 1.291983 -1.928548 -1.498087 14.800112 0.56747 3.865604 14.242554 -1.341734 -6.660649 19.631941 0.143927 -0.648242 49.973797 -0.784976 -6.072345 0.353028 -1.511149 -0.031941 20.222769 3.684309 2.316629 18.787251 6e-06 3e-06 10.751619 -0.479868 1.397906 -1e-06 0.0 0.0 3.273803 0.305947 -0.580109 21.48679 11.830364 2.266133 8.162917 1e-06 0.0 18.399059 -3.798981 -4.940568 3e-06 -2e-06 -2e-06 6.687776 2.79723 -81.380539 -0.022713 -0.230804 72.231781 -6.974851 4.499792 -29.300804 1.623647 -1.840798 -3.28878 -0.0 0.0 2e-06 5.259756 -1.237131 -79.633278 -0.262702 -0.365863 71.857368 0.984295 1.603743 -28.533569 -1.490163 0.506129 -3.444187 0.0 0.0 -1e-06 
0.0 0.0 0.0 0.0 -0.0 0.0 -22.06197 83.868919 22.239574 -1.538184 4.527311 38.370296 -0.452732 1.104252 17.919336 -1.207272 -0.077422 5.734593 -2.895335 -1.155776 26.737482 2.727536 2.173113 -22.028393 -0.018506 0.985459 -3.688613 1.337167 -0.310421 -10.557584 7.7e-05 -2.2e-05 8e-06 0.082496 -0.057579 -0.163719 0.841235 -3.805927 -10.72352 -0.691405 3.688119 -10.712295 6.475457 -30.621716 8.316643 2.445228 -48.340633 -36.967453 0.502341 -12.691166 -0.167367 7.850054 6.265399 -11.218629 -5.882103 9.861279 0.70259 -10.936868 -0.360575 7.156202 0.0 8.774821 0.0 -15.713233 17.970867 6.036778 -1.844031 2.498503 -2.507276 -10.163595 4.678941 4.621104 -20.976015 -3e-06 5e-06 -21.226278 2.451695 -3.593997 1e-06 -6e-06 -1e-06 -1.362681 2.240796 -0.746322 -21.334908 0.584909 3.008325 -13.821206 -2e-06 3e-06 -23.887161 -0.249078 -0.839482 -60.66296 2.217814 -1.044872 -0.294025 1.679686 0.833255 -14.218203 0.093215 1.300579 -34.212036 -0.287561 0.96717 -20.033203 0.964537 1.21284 1e-06 -1e-06 -0.0 -3.440387 0.788233 0.501655 -15.928181 -3.167308 2.999707 -6.338823 -1e-06 -1e-06 -18.12344 3.64818 -4.905663 -3e-06 1e-06 -1e-06 -6.264667 29.443115 6.483522 15.467124 46.722553 -20.727751 -0.26487 17.839485 0.109013 -10.635427 5.706323 -6.044699 2.24354 -5.255033 -3.180152 14.28288 -0.826593 6.952494 -3e-06 -12.690595 2e-06 16.326769 -17.22768 2.121738 1.665665 -1.95592 -2.878296 4.727796 -4.170584 4.993917 11.020517 3e-06 -1e-06 12.109042 -3.735713 -2.86678 1e-06 -0.0 1e-06 1.291985 -1.928548 -1.498087 14.800117 0.567469 3.865604 14.242561 -1.341736 -6.660649 19.631952 0.143926 -0.648241 49.924961 -0.680931 -6.076231 0.353029 -1.511149 -0.031938 20.222775 3.684308 2.316628 18.787256 5e-06 -0.0 10.75162 -0.479868 1.397905 -1e-06 1e-06 -0.0 3.273804 0.305947 -0.58011 21.486795 11.830366 2.266133 8.162921 3e-06 0.0 18.399071 -3.798982 -4.94057 3e-06 -0.0 -3e-06 6.520121 1.959775 -78.592438 -0.038966 -0.264515 69.004539 -6.716017 4.509282 -27.733492 1.616639 -1.846554 -2.917861 -0.0 0.0 2e-06 5.262836 -2.100911 -76.863731 -0.203467 -0.313903 68.988464 1.009123 1.578153 -27.189959 -1.490629 0.505253 -3.110416 -0.0 -0.0 -1e-06 
0.0 0.0 0.0 0.0 -0.0 0.0 -21.744316 85.26458 21.629694 -1.184605 5.102478 36.674217 -0.311626 1.073141 17.612745 -1.070087 -0.045313 5.478459 -2.705088 -1.113077 26.907711 2.897424 2.126721 -20.997162 0.012554 0.764334 -3.715636 1.84087 -0.731361 -11.379044 7.7e-05 -2.3e-05 6e-06 0.065682 -0.043852 -0.161603 0.808086 -3.799043 -10.745124 -0.690118 3.708815 -10.727486 5.117378 -29.602367 9.18993 -3.326274 -49.502018 -33.806068 0.548672 -13.999941 -0.166611 7.402194 5.747774 -11.264491 -5.882102 9.861281 0.702588 -10.936865 -0.360577 7.156201 1e-06 8.774822 0.0 -15.727157 17.924923 6.025221 -1.844032 2.498503 -2.507278 -10.163594 4.678942 4.621105 -20.976013 -6e-06 -2e-06 -21.226273 2.451691 -3.594001 0.0 -6e-06 0.0 -1.362682 2.240797 -0.746324 -21.334906 0.584906 3.00832 -13.821208 -6e-06 1e-06 -23.887165 -0.249084 -0.839481 -60.783806 2.255845 -1.039972 -0.294025 1.679686 0.833258 -14.218199 0.093213 1.300577 -34.212025 -0.287568 0.967167 -20.033205 0.964534 1.212843 0.0 -2e-06 -0.0 -3.440387 0.788233 0.501654 -15.928176 -3.16731 2.999706 -6.338823 -1e-06 0.0 -18.123434 3.648177 -4.905672 -4e-06 0.0 0.0 -4.964959 28.758171 7.592139 22.593273 46.744095 -15.941658 -0.358922 18.093416 0.127835 -9.537279 5.827595 -5.506515 2.24354 -5.255035 -3.180157 14.282884 -0.826593 6.952501 -3e-06 -12.690601 1e-06 16.26367 -17.177647 2.102594 1.665665 -1.955921 -2.878299 4.727797 -4.170586 4.99392 11.020519 4e-06 -0.0 12.109042 -3.735713 -2.866784 1e-06 -0.0 0.0 1.291984 -1.928549 -1.498089 14.800118 0.567469 3.865608 14.242564 -1.341734 -6.660654 19.631958 0.143927 -0.648243 49.892807 -0.581736 -6.077071 0.353029 -1.51115 -0.03194 20.222782 3.68431 2.316631 18.78726 7e-06 1e-06 10.751622 -0.479867 1.397907 -2e-06 1e-06 0.0 3.273805 0.305947 -0.58011 21.486801 11.830372 2.266134 8.162924 1e-06 -1e-06 18.399071 -3.798984 -4.940572 2e-06 1e-06 -1e-06 6.353621 1.118621 -75.630287 -0.054395 -0.285736 65.809998 -6.397268 4.518728 -26.222143 1.612891 -1.848359 -2.592859 -0.0 0.0 2e-06 5.302794 -3.055681 -73.907265 -0.143355 -0.260773 66.133026 1.003385 1.566669 -25.903759 -1.490199 0.510491 -2.799553 0.0 0.0 -1e-06 
0.0 0.0 0.0 0.0 -0.0 0.0 -21.481476 86.625305 21.17742 -0.890213 5.73458 34.834419 -0.150587 1.014481 17.310297 -0.93375 -0.009669 5.195547 -2.478461 -1.091486 26.997263 3.113274 2.102619 -19.850531 0.016002 0.529144 -3.729931 2.305222 -1.169268 -12.379887 7.7e-05 -2.3e-05 6e-06 0.053525 -0.035528 -0.161626 0.779227 -3.793205 -10.761625 -0.684221 3.720603 -10.741955 3.889619 -28.397558 10.089568 -9.825877 -50.373569 -29.926533 0.532488 -15.367743 -0.160193 7.0358 5.280015 -11.544469 -5.882101 9.861278 0.702587 -10.936859 -0.360574 7.156196 -2e-06 8.774816 -4e-06 -15.737615 17.85664 6.040202 -1.84403 2.498502 -2.507273 -10.163589 4.67894 4.621102 -20.976002 2e-06 2e-06 -21.226261 2.4517 -3.593999 0.0 -4e-06 -0.0 -1.36268 2.240796 -0.746322 -21.334888 0.584912 3.00832 -13.821198 0.0 1e-06 -23.88714 -0.249074 -0.839484 -60.867027 2.273984 -1.033988 -0.294025 1.679685 0.833254 -14.218192 0.093217 1.300577 -34.212013 -0.287557 0.967169 -20.033194 0.964539 1.21284 -0.0 -1e-06 0.0 -3.440384 0.788233 0.501654 -15.928168 -3.167305 2.999702 -6.338818 -1e-06 1e-06 -18.123426 3.64818 -4.905666 -4e-06 1e-06 -1e-06 -3.7564 27.860186 8.702237 29.807507 46.154549 -11.361987 -0.426196 18.56682 0.130709 -8.607166 5.930719 -4.894255 2.24354 -5.255032 -3.180154 14.28288 -0.826596 6.952499 -1e-06 -12.690591 0.0 16.28821 -17.115141 2.072643 1.665664 -1.95592 -2.878297 4.727796 -4.170584 4.99392 11.020518 1e-06 0.0 12.109038 -3.735713 -2.86678 1e-06 0.0 -1e-06 1.291985 -1.928548 -1.498088 14.800114 0.567465 3.865607 14.242559 -1.341737 -6.660653 19.631948 0.143923 -0.648244 49.903236 -0.492145 -6.08379 0.353029 -1.511149 -0.03194 20.222773 3.684303 2.316631 18.787254 1e-06 0.0 10.751621 -0.479869 1.397905 -0.0 1e-06 -0.0 3.273803 0.305946 -0.58011 21.486792 11.830359 2.266135 8.162921 0.0 -1e-06 18.399069 -3.798985 -4.940568 3e-06 1e-06 -1e-06 6.180808 0.312856 -72.43119 -0.060859 -0.29504 62.634399 -6.028445 4.495989 -24.803879 1.611379 -1.854737 -2.314757 -0.0 0.0 2e-06 5.346335 -4.060022 -70.716042 -0.090283 -0.20838 63.259579 1.00853 1.564176 -24.66279 -1.489189 0.525516 -2.496454 -0.0 0.0 -1e-06 
0.0 0.0 0.0 0.0 -0.0 0.0 -21.28195 87.934814 20.87759 -0.645175 6.385987 32.866428 0.016777 0.940557 17.001392 -0.813409 0.017744 4.891397 -2.235137 -1.109456 27.019434 3.315832 2.110636 -18.623867 -0.017142 0.256251 -3.739118 2.757965 -1.610754 -13.469296 7.7e-05 -2.3e-05 8e-06 0.044331 -0.03149 -0.16301 0.756155 -3.790118 -10.778422 -0.678469 3.727326 -10.766195 2.810705 -27.086987 11.003844 -16.786188 -50.849796 -25.441183 0.490752 -16.552288 -0.153273 6.687146 4.864173 -11.932899 -5.882097 9.861271 0.702588 -10.936859 -0.360578 7.1562 2e-06 8.774816 1e-06 -15.723775 17.803247 6.092321 -1.844029 2.498502 -2.507275 -10.163588 4.678936 4.621107 -20.976002 -7e-06 7e-06 -21.226265 2.45169 -3.593992 -2e-06 -6e-06 -1e-06 -1.362679 2.240795 -0.746324 -21.334892 0.584904 3.008323 -13.821198 -6e-06 6e-06 -23.887142 -0.24908 -0.839475 -60.933376 2.285435 -1.032019 -0.294024 1.679685 0.833255 -14.218193 0.093211 1.300581 -34.212013 -0.28757 0.967178 -20.033192 0.964537 1.212848 0.0 -2e-06 -0.0 -3.440385 0.788231 0.501654 -15.928172 -3.16731 2.999707 -6.338819 -2e-06 2e-06 -18.123425 3.648175 -4.905661 -5e-06 -0.0 -2e-06 -2.723335 26.806807 9.754025 36.706444 45.000488 -7.175457 -0.446289 19.180182 0.113754 -7.861887 6.014076 -4.378638 2.243538 -5.255031 -3.180156 14.282873 -0.826591 6.9525 -5e-06 -12.690593 3e-06 16.395655 -17.032597 2.029657 1.665663 -1.95592 -2.878298 4.727793 -4.170581 4.993921 11.020515 4e-06 0.0 12.109036 -3.73571 -2.866779 -2e-06 0.0 -1e-06 1.291983 -1.928548 -1.498088 14.800112 0.567469 3.865608 14.242557 -1.341732 -6.660652 19.631947 0.143925 -0.64824 49.97295 -0.411911 -6.08882 0.353028 -1.511149 -0.031941 20.222769 3.684308 2.31663 18.787251 6e-06 3e-06 10.751615 -0.479868 1.397908 2e-06 -1e-06 0.0 3.273803 0.305947 -0.58011 21.48679 11.830363 2.266135 8.162919 1e-06 4e-06 18.399063 -3.798982 -4.940567 3e-06 1e-06 -1e-06 5.977503 -0.440558 -69.026894 -0.058958 -0.29283 59.500927 -5.598557 4.469995 -23.462036 1.610376 -1.872706 -2.103423 -0.0 0.0 2e-06 5.326955 -5.052852 -67.330048 -0.044962 -0.161351 60.398769 1.024046 1.51529 -23.427258 -1.48673 0.549932 -2.246595 -0.0 -0.0 -1e-06 
0.0 0.0 0.0 0.0 -0.0 0.0 -21.080236 89.204697 20.694128 -0.449223 7.010058 30.774815 0.186418 0.866823 16.686832 -0.699703 0.041325 4.556999 -1.999387 -1.163159 26.939888 3.45863 2.125224 -17.320963 -0.063158 -0.050515 -3.75091 3.182822 -2.049944 -14.623277 7.7e-05 -2.2e-05 9e-06 0.033657 -0.025535 -0.166485 0.731211 -3.786785 -10.794876 -0.673929 3.737971 -10.796516 1.870211 -25.678005 11.943971 -24.152348 -50.848484 -20.303135 0.494998 -17.521086 -0.159401 6.346543 4.501358 -12.344145 -5.8821 9.861279 0.702591 -10.936864 -0.360576 7.156201 2e-06 8.774822 0.0 -15.698331 17.781067 6.176898 -1.844031 2.498502 -2.50728 -10.16359 4.67894 4.621104 -20.976007 -7e-06 2e-06 -21.226271 2.451692 -3.593997 -1e-06 -5e-06 -1e-06 -1.36268 2.240797 -0.746323 -21.334896 0.584906 3.008321 -13.821205 -5e-06 1e-06 -23.887157 -0.24908 -0.839481 -61.013943 2.302482 -1.033846 -0.294024 1.679686 0.833255 -14.218197 0.093214 1.300578 -34.212021 -0.287568 0.967169 -20.033194 0.964535 1.212844 -0.0 -2e-06 -1e-06 -3.440386 0.788233 0.501656 -15.928176 -3.16731 2.999703 -6.338821 -2e-06 0.0 -18.123436 3.648179 -4.905668 -6e-06 -1e-06 -2e-06 -1.898299 25.6301 10.754294 43.114857 43.401112 -3.167188 -0.442637 19.791239 0.068334 -7.23314 6.03965 -3.907452 2.243541 -5.255035 -3.180155 14.282887 -0.826594 6.9525 -1e-06 -12.690601 -2e-06 16.542587 -16.938177 1.983096 1.665666 -1.955921 -2.878296 4.727798 -4.170587 4.993921 11.020523 3e-06 -3e-06 12.109052 -3.735715 -2.866782 -2e-06 0.0 0.0 1.291985 -1.928549 -1.498087 14.800123 0.567468 3.865605 14.242569 -1.341737 -6.660658 19.631966 0.143926 -0.648247 50.053417 -0.334609 -6.07667 0.353029 -1.51115 -0.03194 20.222786 3.68431 2.316627 18.78727 6e-06 -2e-06 10.751625 -0.479867 1.397904 2e-06 -1e-06 1e-06 3.273806 0.305947 -0.58011 21.486809 11.830376 2.26613 8.162926 1e-06 -2e-06 18.399076 -3.798984 -4.940575 3e-06 0.0 -1e-06 5.720345 -1.107557 -65.415703 -0.046477 -0.276541 56.367748 -5.118097 4.419311 -22.155209 1.606703 -1.893096 -1.915077 0.0 -0.0 2e-06 5.225161 -6.006918 -63.725296 -0.00673 -0.129399 57.482689 1.043997 1.449108 -22.173647 -1.482232 0.568864 -2.046557 -0.0 -0.0 -1e-06 
0.0 0.0 0.0 0.0 -0.0 0.0 -20.868561 90.400658 20.581541 -0.305615 7.554607 28.633257 0.351747 0.794592 16.365974 -0.583825 0.05124 4.193473 -1.792824 -1.217861 26.722195 3.498554 2.128473 -16.012575 -0.120794 -0.371327 -3.761816 3.530028 -2.458771 -15.791867 7.7e-05 -2.2e-05 8e-06 0.021793 -0.016486 -0.168213 0.70419 -3.783235 -10.807719 -0.669626 3.754498 -10.82339 1.079407 -24.230436 12.85757 -31.596575 -50.235943 -14.853034 0.513612 -18.338209 -0.165125 6.050128 4.194922 -12.779118 -5.882104 9.86128 0.702591 -10.936867 -0.360575 7.156203 -1e-06 8.774821 -3e-06 -15.675549 17.748142 6.246117 -1.844032 2.498503 -2.507277 -10.163595 4.678944 4.621109 -20.976013 -1e-06 5e-06 -21.226274 2.451696 -3.593997 -0.0 -6e-06 0.0 -1.362681 2.240797 -0.746325 -21.334906 0.584909 3.008325 -13.82121 -2e-06 3e-06 -23.887163 -0.249078 -0.839479 -61.072315 2.307329 -1.047785 -0.294025 1.679686 0.833254 -14.218204 0.093214 1.300581 -34.212032 -0.287562 0.967173 -20.033205 0.964536 1.212844 -1e-06 -1e-06 -0.0 -3.440387 0.788233 0.501656 -15.928183 -3.167308 2.999706 -6.338824 -2e-06 0.0 -18.123442 3.648179 -4.905666 -6e-06 -0.0 -3e-06 -1.304624 24.396425 11.704 48.797901 41.542316 0.662671 -0.456642 20.2813 0.008443 -6.734101 5.962847 -3.473804 2.243541 -5.255035 -3.180159 14.282887 -0.826594 6.9525 -1e-06 -12.6906 0.0 16.680462 -16.870424 1.938832 1.665666 -1.955921 -2.878298 4.727797 -4.170586 4.993921 11.020521 3e-06 -3e-06 12.10905 -3.735714 -2.866785 -1e-06 -1e-06 1e-06 1.291986 -1.928548 -1.498088 14.800122 0.567466 3.865608 14.242566 -1.341735 -6.660655 19.63196 0.143925 -0.648247 50.103081 -0.287431 -6.048872 0.353029 -1.51115 -0.031939 20.222784 3.684308 2.316628 18.787266 6e-06 -2e-06 10.751626 -0.479869 1.397903 -2e-06 1e-06 0.0 3.273806 0.305947 -0.58011 21.486803 11.830368 2.266129 8.162926 1e-06 -2e-06 18.399076 -3.798983 -4.940574 3e-06 0.0 -1e-06 5.399067 -1.640158 -61.705917 -0.032685 -0.249845 53.308949 -4.596403 4.333049 -20.883224 1.600399 -1.914472 -1.726461 -0.0 0.0 2e-06 5.043687 -6.887324 -59.99337 0.021268 -0.113076 54.540466 1.054963 1.414689 -20.948689 -1.476966 0.586945 -1.892302 -0.0 -0.0 -1e-06 
0.0 0.0 0.0 0.0 -0.0 0.0 -20.617607 91.498848 20.493732 -0.243075 7.953956 26.515585 0.50468 0.72661 16.015743 -0.461303 0.061659 3.79906 -1.621027 -1.235117 26.361767 3.432964 2.110867 -14.720864 -0.19174 -0.663448 -3.761264 3.744564 -2.814918 -16.970875 7.7e-05 -2.3e-05 5e-06 0.009964 -0.004901 -0.163642 0.678788 -3.775256 -10.801211 -0.666842 3.771522 -10.828256 0.444415 -22.768433 13.705995 -38.802761 -48.957008 -9.496321 0.484518 -19.146366 -0.161133 5.869603 3.887429 -13.380706 -5.882105 9.861283 0.70259 -10.936866 -0.360574 7.156203 -2e-06 8.774822 -1e-06 -15.680024 17.665682 6.26024 -1.844032 2.498504 -2.507277 -10.163595 4.678945 4.621106 -20.976013 0.0 -1e-06 -21.226282 2.451697 -3.594001 -2e-06 -4e-06 -0.0 -1.362681 2.240798 -0.746324 -21.334906 0.584913 3.008321 -13.821208 -0.0 -1e-06 -23.887161 -0.249078 -0.839486 -61.092896 2.277351 -1.061858 -0.294025 1.679687 0.833256 -14.218201 0.093217 1.300582 -34.212036 -0.28756 0.967165 -20.033205 0.964539 1.212839 -3e-06 -3e-06 -0.0 -3.440387 0.788234 0.501654 -15.928179 -3.167305 2.999707 -6.338825 0.0 0.0 -18.123438 3.648181 -4.905672 -5e-06 1e-06 -3e-06 -0.948431 23.167606 12.582102 53.718285 39.583138 4.218577 -0.473452 20.594955 -0.044639 -6.439975 5.820021 -2.970716 2.243543 -5.255038 -3.180158 14.282889 -0.826596 6.952502 1e-06 -12.690607 -0.0 16.765644 -16.824848 1.907098 1.665667 -1.955922 -2.878299 4.727799 -4.170587 4.993922 11.020526 1e-06 -3e-06 12.109053 -3.735718 -2.866786 0.0 -0.0 1e-06 1.291986 -1.92855 -1.498088 14.800129 0.567466 3.865605 14.242571 -1.341737 -6.66066 19.631969 0.143925 -0.648246 50.087437 -0.271721 -6.010912 0.35303 -1.511151 -0.03194 20.22279 3.684308 2.31663 18.787273 2e-06 -3e-06 10.751631 -0.479869 1.397906 -2e-06 0.0 0.0 3.273807 0.305946 -0.58011 21.486811 11.830373 2.266133 8.16293 1e-06 -2e-06 18.399088 -3.798988 -4.940578 3e-06 -2e-06 0.0 5.064166 -2.003834 -57.997669 -0.025677 -0.221741 50.39962 -4.10182 4.224958 -19.695919 1.593952 -1.934894 -1.544993 -0.0 0.0 2e-06 4.805026 -7.61294 -56.233433 0.035942 -0.11301 51.61311 1.075244 1.425299 -19.779163 -1.472786 0.603808 -1.76403 0.0 -0.0 -1e-06 
0.0 0.0 0.0 0.0 -0.0 0.0 -20.347223 92.502922 20.434645 -0.263766 8.169787 24.468491 0.636952 0.664595 15.617808 -0.342234 0.089936 3.367748 -1.484633 -1.210034 25.894754 3.28324 2.07784 -13.465257 -0.289472 -0.908283 -3.742839 3.833766 -3.111975 -18.152586 7.7e-05 -2.2e-05 4e-06 -0.003308 0.011833 -0.152136 0.655836 -3.758759 -10.770786 -0.669404 3.790111 -10.805393 -0.056838 -21.309347 14.489512 -45.387238 -47.071991 -4.585981 0.364905 -19.963518 -0.131491 5.865317 3.529817 -14.146306 -5.882101 9.861276 0.702591 -10.936866 -0.360577 7.156204 3e-06 8.774819 0.0 -15.726663 17.543665 6.22644 -1.844031 2.498502 -2.507277 -10.163594 4.678939 4.621109 -20.976011 -5e-06 6e-06 -21.226273 2.451692 -3.593994 -1e-06 -5e-06 0.0 -1.36268 2.240796 -0.746322 -21.334904 0.584907 3.008325 -13.821205 -4e-06 6e-06 -23.887157 -0.249078 -0.839477 -61.057419 2.233244 -1.060461 -0.294024 1.679686 0.833255 -14.218199 0.093213 1.300582 -34.212021 -0.287567 0.967175 -20.033197 0.964535 1.212847 -1e-06 -2e-06 1e-06 -3.440386 0.788232 0.501655 -15.928176 -3.16731 2.999709 -6.338824 -2e-06 3e-06 -18.12343 3.648178 -4.905663 -6e-06 -0.0 -2e-06 -0.799648 21.992031 13.393114 57.912128 37.632 7.22321 -0.371767 20.793396 -0.073694 -6.350699 5.694792 -2.395233 2.243539 -5.255034 -3.180157 14.282878 -0.826592 6.952498 -3e-06 -12.690598 -0.0 16.809341 -16.802273 1.886456 1.665663 -1.955921 -2.878295 4.727794 -4.170584 4.99392 11.020515 4e-06 -0.0 12.109041 -3.735714 -2.866779 -1e-06 0.0 1e-06 1.291984 -1.928549 -1.498088 14.800115 0.567469 3.865608 14.242561 -1.341736 -6.660653 19.631952 0.143927 -0.648242 50.046677 -0.27246 -5.976779 0.353029 -1.511149 -0.031941 20.222773 3.684309 2.316632 18.787256 6e-06 1e-06 10.751619 -0.479868 1.397907 -2e-06 -1e-06 0.0 3.273804 0.305947 -0.58011 21.486797 11.830369 2.266134 8.162921 2e-06 0.0 18.399063 -3.798982 -4.940568 2e-06 -2e-06 0.0 4.742488 -2.179115 -54.349819 -0.027452 -0.195805 47.643215 -3.682016 4.130014 -18.636505 1.590669 -1.953482 -1.370651 -0.0 0.0 2e-06 4.531538 -8.140936 -52.525043 0.040743 -0.126509 48.727161 1.123488 1.471547 -18.658604 -1.470519 0.62862 -1.650972 0.0 -0.0 -1e-06 
0.0 0.0 0.0 0.0 -0.0 0.0 -20.071833 93.43972 20.401394 -0.341509 8.238962 22.528288 0.753577 0.613628 15.164731 -0.24339 0.128858 2.922058 -1.368725 -1.175511 25.342487 3.060997 2.070368 -12.28789 -0.405251 -1.139074 -3.712126 3.826664 -3.353371 -19.304245 7.7e-05 -2.2e-05 7e-06 -0.016822 0.03311 -0.133139 0.638685 -3.73467 -10.725963 -0.678172 3.809583 -10.763263 -0.434595 -19.883841 15.195308 -51.067219 -44.722282 -0.270317 0.178538 -20.700512 -0.079174 5.963306 3.157603 -14.807964 -5.882102 9.861281 0.702589 -10.936865 -0.360576 7.156201 2e-06 8.774821 -2e-06 -15.791042 17.437105 6.189598 -1.844031 2.498503 -2.507275 -10.163593 4.678941 4.621104 -20.976017 -6e-06 3e-06 -21.226273 2.451695 -3.593996 -1e-06 -5e-06 -0.0 -1.362681 2.240797 -0.746322 -21.334904 0.584907 3.008321 -13.821205 -5e-06 2e-06 -23.887157 -0.249081 -0.839482 -61.000965 2.204254 -1.030931 -0.294024 1.679686 0.833256 -14.218202 0.093214 1.300578 -34.212021 -0.287568 0.967171 -20.033201 0.964534 1.212845 -1e-06 -1e-06 0.0 -3.440387 0.788232 0.501654 -15.928177 -3.16731 2.999704 -6.338823 -2e-06 2e-06 -18.12343 3.64818 -4.905665 -6e-06 1e-06 -1e-06 -0.800852 20.8962 14.113865 61.446888 35.731846 9.6759 -0.154863 20.949034 -0.078815 -6.434991 5.66036 -1.883858 2.243541 -5.255036 -3.180157 14.282893 -0.826592 6.952497 -3e-06 -12.690603 -1e-06 16.828518 -16.784807 1.88265 1.665666 -1.955921 -2.878298 4.7278 -4.170586 4.993922 11.020528 6e-06 -0.0 12.109053 -3.735715 -2.866781 0.0 1e-06 0.0 1.291985 -1.928549 -1.498088 14.800132 0.567472 3.865607 14.242576 -1.341734 -6.660656 19.631971 0.143925 -0.648243 50.028309 -0.264896 -5.930934 0.353028 -1.51115 -0.031941 20.222794 3.684314 2.316631 18.787277 8e-06 0.0 10.751627 -0.479867 1.397906 -2e-06 0.0 0.0 3.273808 0.305947 -0.58011 21.486816 11.830377 2.266134 8.162926 4e-06 0.0 18.39908 -3.798982 -4.940573 3e-06 -2e-06 -0.0 4.454778 -2.216627 -50.791351 -0.032637 -0.171337 44.968697 -3.354266 4.058843 -17.639338 1.590567 -1.972093 -1.218076 -0.0 -0.0 2e-06 4.254579 -8.518932 -48.899471 0.046938 -0.134731 45.837261 1.168663 1.538318 -17.538857 -1.470261 0.655846 -1.556638 -0.0 0.0 -1e-06 
0.0 0.0 0.0 0.0 -0.0 0.0 -19.812077 94.340904 20.415806 -0.444473 8.210836 20.719345 0.864593 0.583744 14.657528 -0.17642 0.168502 2.474579 -1.2593 -1.172375 24.713434 2.799299 2.114508 -11.189465 -0.522243 -1.381047 -3.67675 3.708236 -3.531581 -20.399551 7.7e-05 -2.3e-05 4e-06 -0.027187 0.053521 -0.109761 0.629784 -3.709752 -10.682853 -0.689019 3.826082 -10.720613 -0.686934 -18.491484 15.801648 -55.796246 -42.100697 3.523771 0.012153 -21.288977 -0.025219 6.049336 2.861906 -15.250737 -5.882096 9.861271 0.702591 -10.936856 -0.360575 7.1562 1e-06 8.774811 -1e-06 -15.851361 17.378428 6.170011 -1.844029 2.498502 -2.507276 -10.163588 4.678936 4.621104 -20.975996 -4e-06 6e-06 -21.226259 2.451693 -3.593992 -1e-06 -7e-06 1e-06 -1.362679 2.240795 -0.746323 -21.334887 0.584906 3.008325 -13.821197 -4e-06 3e-06 -23.887136 -0.249076 -0.839479 -60.969616 2.20334 -0.994049 -0.294024 1.679685 0.833254 -14.21819 0.093213 1.300582 -34.212002 -0.287564 0.967174 -20.033186 0.964537 1.212846 -1e-06 0.0 0.0 -3.440384 0.788232 0.501656 -15.928167 -3.167307 2.999703 -6.33882 -0.0 4e-06 -18.123423 3.648177 -4.905661 -6e-06 2e-06 -1e-06 -0.938494 19.88265 14.71079 64.424263 33.913158 11.76687 0.092321 21.089437 -0.078308 -6.626722 5.648974 -1.433792 2.243537 -5.255031 -3.180153 14.282869 -0.826591 6.952494 -5e-06 -12.690588 -2e-06 16.832071 -16.776175 1.88921 1.665663 -1.955919 -2.878298 4.727791 -4.170579 4.993917 11.020509 3e-06 0.0 12.109033 -3.735709 -2.866781 0.0 -0.0 0.0 1.291984 -1.928548 -1.498089 14.800105 0.567471 3.865603 14.242551 -1.341733 -6.660648 19.631937 0.143926 -0.648244 50.048096 -0.248603 -5.885128 0.353029 -1.511149 -0.03194 20.222761 3.684308 2.316629 18.787243 7e-06 2e-06 10.751613 -0.479869 1.397908 -2e-06 0.0 0.0 3.273802 0.305947 -0.580109 21.486782 11.83036 2.266133 8.162917 3e-06 0.0 18.399054 -3.798979 -4.940566 3e-06 -3e-06 0.0 4.18488 -2.14299 -47.303413 -0.031946 -0.140946 42.253067 -3.098269 3.968792 -16.621193 1.592328 -1.981705 -1.080384 0.0 -0.0 2e-06 3.980815 -8.800615 -45.347141 0.057294 -0.131593 42.855412 1.21079 1.614024 -16.371326 -1.471079 0.682079 -1.483754 -0.0 -0.0 -1e-06 
0.0 0.0 0.0 0.0 -0.0 0.0 -19.564196 95.226799 20.521681 -0.561058 8.120446 19.022013 0.983852 0.571371 14.120448 -0.133244 0.194802 2.014314 -1.155215 -1.195409 23.995354 2.497414 2.198815 -10.112202 -0.623207 -1.624201 -3.647605 3.46772 -3.632781 -21.4139 7.7e-05 -2.2e-05 4e-06 -0.03445 0.073517 -0.08534 0.627333 -3.685485 -10.650698 -0.700109 3.841626 -10.687575 -0.813185 -17.149124 16.298632 -59.686565 -39.323151 6.851155 -0.117464 -21.772209 0.027709 6.083153 2.671487 -15.421799 -5.882106 9.861283 0.702591 -10.936872 -0.360574 7.156204 2e-06 8.774823 -1e-06 -15.873235 17.365191 6.182588 -1.844032 2.498504 -2.507278 -10.163598 4.678945 4.621109 -20.976021 -2e-06 4e-06 -21.226286 2.451698 -3.593999 -2e-06 -5e-06 1e-06 -1.362681 2.240798 -0.746322 -21.334913 0.584909 3.008324 -13.821214 -3e-06 3e-06 -23.887171 -0.249077 -0.83948 -60.932453 2.231564 -0.954116 -0.294025 1.679687 0.833256 -14.218207 0.093216 1.300582 -34.212048 -0.28756 0.967173 -20.033213 0.964538 1.212844 -1e-06 0.0 1e-06 -3.440388 0.788233 0.501655 -15.928185 -3.16731 2.999707 -6.338826 -0.0 3e-06 -18.123444 3.648183 -4.905669 -6e-06 1e-06 -1e-06 -1.201454 18.973963 15.190922 66.949966 32.211426 13.616655 0.304673 21.160734 -0.082139 -6.903744 5.551843 -1.012233 2.24354 -5.255034 -3.180155 14.282881 -0.826593 6.952499 -1e-06 -12.690598 -2e-06 16.80526 -16.776384 1.906608 1.665665 -1.955921 -2.878296 4.727796 -4.170586 4.993919 11.02052 2e-06 -1e-06 12.109043 -3.735714 -2.866783 0.0 2e-06 0.0 1.291985 -1.928549 -1.498087 14.800118 0.567468 3.865605 14.242564 -1.341737 -6.660655 19.631954 0.143923 -0.648243 50.0961 -0.224013 -5.840761 0.353029 -1.511149 -0.031941 20.222776 3.684308 2.316631 18.787262 5e-06 1e-06 10.75162 -0.47987 1.397905 -0.0 -1e-06 0.0 3.273804 0.305948 -0.580111 21.486801 11.830368 2.266134 8.162923 0.0 0.0 18.399069 -3.798984 -4.94057 3e-06 -1e-06 1e-06 3.907258 -1.927188 -43.821865 -0.023453 -0.112232 39.405819 -2.881696 3.802277 -15.58691 1.593694 -1.979707 -0.987476 0.0 -0.0 2e-06 3.705765 -9.0066 -41.781757 0.067184 -0.11505 39.667435 1.2547 1.699905 -15.158789 -1.472466 0.704777 -1.443262 0.0 0.0 -1e-06 
0.0 0.0 0.0 0.0 -0.0 0.0 -19.309708 96.083092 20.705179 -0.673686 7.982247 17.441849 1.10793 0.570489 13.552054 -0.099549 0.208357 1.557249 -1.060745 -1.240134 23.236361 2.16675 2.322228 -9.049113 -0.709876 -1.859781 -3.632589 3.139707 -3.661053 -22.306061 7.7e-05 -2.2e-05 5e-06 -0.037632 0.092409 -0.064149 0.626539 -3.664639 -10.635952 -0.704648 3.857799 -10.672446 -0.850923 -15.903677 16.679756 -62.763981 -36.605564 9.653215 -0.208094 -22.117064 0.077007 6.093544 2.55474 -15.505671 -5.882105 9.861284 0.70259 -10.936873 -0.360578 7.156205 4e-06 8.774824 -1e-06 -15.864311 17.379423 6.195144 -1.844033 2.498503 -2.507277 -10.163599 4.678941 4.621108 -20.976027 -1e-05 1e-06 -21.22629 2.451687 -3.593997 -1e-06 -3e-06 0.0 -1.362681 2.240797 -0.746324 -21.334917 0.584903 3.008322 -13.821217 -8e-06 3e-06 -23.887175 -0.249086 -0.839481 -60.849205 2.267421 -0.937931 -0.294024 1.679687 0.833256 -14.218208 0.093211 1.300578 -34.212051 -0.287576 0.967173 -20.033215 0.964532 1.212846 -2e-06 0.0 0.0 -3.440389 0.788232 0.501654 -15.928187 -3.167315 2.999705 -6.338828 -3e-06 0.0 -18.123447 3.648177 -4.905669 -6e-06 1e-06 -2e-06 -1.5343 18.216726 15.565836 69.012123 30.721392 15.206205 0.430164 21.051638 -0.100322 -7.31602 5.350689 -0.669577 2.243539 -5.255033 -3.180158 14.282882 -0.826588 6.952499 -7e-06 -12.6906 1e-06 16.750586 -16.791649 1.927297 1.665664 -1.95592 -2.878298 4.727794 -4.170583 4.993922 11.020519 5e-06 -0.0 12.109043 -3.735712 -2.866782 0.0 -0.0 2e-06 1.291984 -1.928548 -1.498088 14.80012 0.567473 3.865606 14.242564 -1.341732 -6.660653 19.631954 0.143931 -0.648241 50.121311 -0.198843 -5.84557 0.353028 -1.511149 -0.03194 20.222778 3.684313 2.316628 18.78726 1e-05 1e-06 10.75162 -0.479866 1.397906 -1e-06 -1e-06 0.0 3.273805 0.305948 -0.58011 21.486803 11.830376 2.266131 8.162921 5e-06 0.0 18.399065 -3.798977 -4.940569 3e-06 -3e-06 0.0 3.627531 -1.596121 -40.366127 -0.009971 -0.086282 36.426514 -2.730277 3.585245 -14.516827 1.596625 -1.970634 -0.959222 0.0 -0.0 2e-06 3.417162 -9.135284 -38.207657 0.073158 -0.093772 36.274971 1.308032 1.764186 -13.885747 -1.473333 0.718716 -1.447746 -0.0 -0.0 -1e-06 
0.0 0.0 0.0 0.0 -0.0 0.0 -19.031527 96.887123 20.929588 -0.782102 7.825468 15.958614 1.236741 0.569155 12.939318 -0.059335 0.188215 1.098235 -0.986011 -1.284039 22.465776 1.856905 2.459067 -7.958982 -0.823048 -2.024513 -3.631504 2.791954 -3.636143 -23.054575 7.7e-05 -2.3e-05 5e-06 -0.037447 0.110472 -0.046354 0.624115 -3.641612 -10.618196 -0.700898 3.869727 -10.652514 -0.848149 -14.758615 16.948639 -65.1437 -34.063744 11.920988 -0.294721 -22.321375 0.122268 6.119807 2.483528 -15.577032 -5.882102 9.861279 0.70259 -10.936865 -0.360576 7.1562 0.0 8.774822 -1e-06 -15.857325 17.396246 6.184764 -1.844031 2.498503 -2.507277 -10.163595 4.678944 4.621105 -20.976017 -3e-06 2e-06 -21.226282 2.451695 -3.593997 -2e-06 -5e-06 -0.0 -1.362681 2.240797 -0.746323 -21.334904 0.58491 3.008322 -13.821206 -3e-06 2e-06 -23.887157 -0.249078 -0.839482 -60.733765 2.298729 -0.945944 -0.294024 1.679686 0.833256 -14.218201 0.093215 1.300582 -34.212032 -0.287563 0.967172 -20.033201 0.964537 1.212845 -1e-06 0.0 0.0 -3.440387 0.788233 0.501656 -15.928177 -3.167308 2.999705 -6.338824 -0.0 1e-06 -18.123436 3.64818 -4.905667 -6e-06 -0.0 -1e-06 -1.879712 17.605036 15.853722 70.686943 29.481071 16.506794 0.443125 20.72551 -0.124892 -7.942112 5.069595 -0.447391 2.243541 -5.255037 -3.180158 14.282893 -0.826595 6.9525 -1e-06 -12.690601 -1e-06 16.671623 -16.811859 1.950868 1.665666 -1.955922 -2.878298 4.727799 -4.170588 4.993926 11.020526 1e-06 2e-06 12.109052 -3.735716 -2.866782 -1e-06 1e-06 1e-06 1.291985 -1.928549 -1.498088 14.800129 0.567468 3.865609 14.242573 -1.341738 -6.660658 19.631968 0.143921 -0.648244 50.08186 -0.186481 -5.893613 0.353029 -1.51115 -0.031941 20.22279 3.684308 2.316633 18.787271 4e-06 -0.0 10.751627 -0.479869 1.397905 0.0 -1e-06 0.0 3.273806 0.305947 -0.580111 21.486814 11.830372 2.266135 8.162928 2e-06 -1e-06 18.399086 -3.798986 -4.940573 3e-06 -2e-06 -0.0 3.365125 -1.154673 -36.964191 -0.001426 -0.068108 33.390236 -2.627483 3.254808 -13.448051 1.600962 -1.959341 -0.980279 0.0 -0.0 2e-06 3.125391 -9.185944 -34.614719 0.068167 -0.080853 32.697464 1.325143 1.759837 -12.557806 -1.471978 0.728416 -1.437296 0.0 0.0 -1e-06 
0.0 0.0 0.0 0.0 -0.0 0.0 -18.725418 97.608757 21.159027 -0.879806 7.651642 14.563512 1.354297 0.569191 12.278275 -0.016749 0.129525 0.626023 -0.925989 -1.309603 21.708582 1.596044 2.589414 -6.841569 -0.939631 -2.083773 -3.630439 2.402347 -3.541297 -23.707111 7.7e-05 -2.3e-05 5e-06 -0.033993 0.125714 -0.030815 0.622722 -3.619503 -10.597629 -0.691808 3.877013 -10.625644 -0.805049 -13.72157 17.118462 -66.980896 -31.755678 13.758367 -0.398742 -22.422279 0.157427 6.181357 2.430108 -15.690492 -5.882104 9.86128 0.702589 -10.936873 -0.360576 7.156205 2e-06 8.77482 -2e-06 -15.857575 17.426273 6.162282 -1.844032 2.498503 -2.507277 -10.163599 4.678943 4.621109 -20.976021 -8e-06 4e-06 -21.226286 2.451692 -3.593996 -1e-06 -6e-06 1e-06 -1.362681 2.240796 -0.746322 -21.334913 0.584907 3.008322 -13.821215 -6e-06 4e-06 -23.887167 -0.249083 -0.839479 -60.662304 2.339839 -0.986356 -0.294025 1.679686 0.833256 -14.218208 0.093212 1.300579 -34.212051 -0.287571 0.967173 -20.033213 0.964536 1.212847 -0.0 0.0 0.0 -3.440388 0.788233 0.501655 -15.928185 -3.167312 2.999707 -6.338826 -2e-06 1e-06 -18.123444 3.648179 -4.905667 -6e-06 2e-06 -1e-06 -2.244262 17.099661 16.066906 72.086121 28.485773 17.527384 0.398143 20.258911 -0.137457 -8.795688 4.779544 -0.289184 2.243542 -5.255037 -3.180156 14.282892 -0.826594 6.952502 -2e-06 -12.690601 1e-06 16.584709 -16.827019 1.975147 1.665666 -1.955921 -2.878298 4.727799 -4.170586 4.993922 11.020528 3e-06 -1e-06 12.109054 -3.735716 -2.866782 0.0 -0.0 1e-06 1.291986 -1.928549 -1.49809 14.800131 0.56747 3.865608 14.242571 -1.341737 -6.660653 19.631969 0.143925 -0.648244 50.028 -0.200977 -5.956132 0.353029 -1.511151 -0.031938 20.222795 3.684311 2.316632 18.787275 5e-06 2e-06 10.751626 -0.479869 1.397908 1e-06 1e-06 -1e-06 3.273807 0.305947 -0.58011 21.486816 11.830374 2.266135 8.162929 3e-06 -1e-06 18.399086 -3.798985 -4.940573 3e-06 -2e-06 -0.0 3.133353 -0.65071 -33.665997 -0.001019 -0.055517 30.411718 -2.567378 2.884302 -12.450569 1.605438 -1.947087 -1.026702 0.0 -0.0 2e-06 2.836895 -9.168483 -31.065525 0.054086 -0.080187 29.069759 1.291441 1.708025 -11.242687 -1.469545 0.743412 -1.403239 0.0 0.0 -1e-06 
0.0 0.0 0.0 0.0 -0.0 0.0 -18.407579 98.220276 21.374449 -0.965078 7.474278 13.286432 1.447022 0.557233 11.564954 0.016421 0.066113 0.151217 -0.861502 -1.327652 20.971455 1.406559 2.683377 -5.726221 -1.04479 -2.040631 -3.617201 2.005602 -3.404221 -24.258291 7.7e-05 -2.3e-05 6e-06 -0.028011 0.135248 -0.014265 0.623959 -3.602534 -10.578618 -0.680579 3.878183 -10.59719 -0.753763 -12.821151 17.246328 -68.362564 -29.718512 15.242824 -0.516238 -22.515419 0.184891 6.248524 2.390821 -15.837708 -5.882099 9.861275 0.70259 -10.936861 -0.360576 7.156199 1e-06 8.774817 -2e-06 -15.853927 17.460417 6.137744 -1.844031 2.498502 -2.507277 -10.16359 4.67894 4.621105 -20.976006 -7e-06 2e-06 -21.226269 2.451692 -3.593996 -1e-06 -7e-06 1e-06 -1.36268 2.240796 -0.746322 -21.334892 0.584907 3.008321 -13.821199 -4e-06 3e-06 -23.887146 -0.249081 -0.839482 -60.638241 2.387225 -1.04111 -0.294024 1.679686 0.833255 -14.218196 0.093214 1.30058 -34.212021 -0.287568 0.967172 -20.033194 0.964534 1.212844 -1e-06 0.0 0.0 -3.440385 0.788232 0.501656 -15.92817 -3.167308 2.999706 -6.338818 -1e-06 1e-06 -18.123426 3.648177 -4.905664 -6e-06 1e-06 -1e-06 -2.551134 16.687963 16.213211 73.215515 27.6005 18.244858 0.331167 19.809494 -0.1417 -9.714779 4.543394 -0.184219 2.243539 -5.255031 -3.180155 14.282872 -0.826594 6.9525 -1e-06 -12.690593 1e-06 16.510221 -16.855186 2.009975 1.665663 -1.95592 -2.878296 4.727793 -4.170584 4.993919 11.020514 3e-06 -1e-06 12.109036 -3.735713 -2.866781 1e-06 -0.0 0.0 1.291984 -1.928547 -1.498089 14.800112 0.567468 3.865604 14.242552 -1.341736 -6.660651 19.631939 0.143924 -0.648243 50.016472 -0.233601 -6.016148 0.353029 -1.511149 -0.031941 20.222769 3.684305 2.316628 18.787249 5e-06 2e-06 10.751616 -0.47987 1.397906 0.0 0.0 -1e-06 3.273802 0.305947 -0.580108 21.486784 11.830359 2.26613 8.162913 1e-06 0.0 18.399059 -3.798986 -4.940567 3e-06 0.0 -1e-06 2.94697 -0.147002 -30.593012 -0.005109 -0.046444 27.655777 -2.529977 2.531347 -11.583503 1.609986 -1.930964 -1.076964 -0.0 -1e-06 2e-06 2.56741 -9.100546 -27.689583 0.035272 -0.08838 25.570953 1.236037 1.635213 -10.02691 -1.466926 0.758523 -1.329451 -0.0 -0.0 -1e-06 
0.0 0.0 0.0 0.0 -0.0 0.0 -18.093262 98.728493 21.568655 -1.02538 7.306628 12.121648 1.515941 0.529451 10.799685 0.035779 0.011562 -0.319873 -0.801815 -1.337793 20.257494 1.283434 2.727649 -4.606515 -1.126306 -1.925252 -3.600784 1.629746 -3.251032 -24.686762 7.7e-05 -2.3e-05 6e-06 -0.021624 0.138852 0.001564 0.626913 -3.590694 -10.563075 -0.670485 3.873055 -10.571048 -0.718603 -12.03605 17.368666 -69.398727 -27.931387 16.526949 -0.593608 -22.648186 0.195519 6.330695 2.379085 -16.082499 -5.882101 9.861279 0.70259 -10.93686 -0.360575 7.156199 -2e-06 8.77482 -2e-06 -15.844366 17.506584 6.104634 -1.84403 2.498502 -2.507275 -10.163591 4.678944 4.621106 -20.976004 -1e-06 4e-06 -21.226263 2.451701 -3.593998 -2e-06 -7e-06 0.0 -1.36268 2.240796 -0.746322 -21.334892 0.584912 3.008323 -13.821199 1e-06 4e-06 -23.887144 -0.249073 -0.839482 -60.64661 2.436271 -1.114746 -0.294025 1.679686 0.833255 -14.218195 0.093216 1.30058 -34.212013 -0.287558 0.967171 -20.033194 0.964539 1.212842 -0.0 -1e-06 -1e-06 -3.440385 0.788233 0.501655 -15.928172 -3.167306 2.999708 -6.33882 -0.0 3e-06 -18.123432 3.648184 -4.905665 -6e-06 1e-06 -1e-06 -2.75794 16.321939 16.315384 74.114891 26.736902 18.711451 0.275823 19.500277 -0.14692 -10.589092 4.393458 -0.116858 2.24354 -5.255033 -3.180156 14.282874 -0.826596 6.9525 1e-06 -12.690595 1e-06 16.458284 -16.89019 2.058095 1.665664 -1.95592 -2.878298 4.727794 -4.170584 4.993921 11.020514 1e-06 0.0 12.10904 -3.735714 -2.866783 1e-06 -1e-06 -0.0 1.291984 -1.928548 -1.498089 14.800114 0.567465 3.865608 14.242557 -1.341738 -6.660652 19.631945 0.143923 -0.648246 50.04047 -0.273835 -6.068807 0.353029 -1.51115 -0.031939 20.222769 3.684304 2.316626 18.787251 1e-06 0.0 10.751616 -0.47987 1.397906 2e-06 1e-06 -1e-06 3.273803 0.305946 -0.580109 21.486788 11.830361 2.266131 8.162917 0.0 0.0 18.399063 -3.798985 -4.94057 5e-06 -1e-06 -1e-06 2.789165 0.299986 -27.747156 -0.006857 -0.035401 25.144281 -2.508249 2.239877 -10.859768 1.613454 -1.921109 -1.133271 -0.0 -0.0 2e-06 2.302244 -9.019204 -24.52035 0.017945 -0.091323 22.27379 1.189831 1.578336 -8.911537 -1.464097 0.774292 -1.254117 0.0 0.0 -1e-06 
0.0 0.0 0.0 0.0 -0.0 0.0 -17.814987 99.143974 21.781763 -1.062513 7.139838 11.040279 1.56379 0.494716 10.010867 0.044353 -0.025096 -0.777133 -0.750976 -1.325218 19.570078 1.208888 2.719403 -3.487369 -1.169731 -1.790716 -3.584342 1.281875 -3.105543 -24.997271 7.7e-05 -2.2e-05 6e-06 -0.015279 0.136708 0.014653 0.63259 -3.585611 -10.555007 -0.663235 3.863219 -10.551957 -0.72963 -11.350595 17.459728 -70.170464 -26.349264 17.643055 -0.614653 -22.796156 0.196289 6.440191 2.400804 -16.412933 -5.882103 9.861283 0.70259 -10.936866 -0.360573 7.156201 -0.0 8.774822 -1e-06 -15.838876 17.549395 6.063445 -1.844031 2.498504 -2.507276 -10.163595 4.678944 4.621105 -20.976013 -3e-06 2e-06 -21.226273 2.451697 -3.593997 -2e-06 -6e-06 0.0 -1.36268 2.240798 -0.746323 -21.334904 0.58491 3.008322 -13.821206 0.0 3e-06 -23.887157 -0.249076 -0.839482 -60.657318 2.48443 -1.184239 -0.294025 1.679687 0.833255 -14.218201 0.093215 1.300581 -34.212036 -0.287561 0.96717 -20.033205 0.964537 1.212842 1e-06 0.0 -1e-06 -3.440387 0.788233 0.501654 -15.928179 -3.167308 2.999706 -6.338824 -1e-06 2e-06 -18.12344 3.648183 -4.90567 -6e-06 -1e-06 -2e-06 -2.832161 15.965609 16.417791 74.798599 25.866251 19.044844 0.248815 19.353456 -0.149379 -11.267794 4.303247 0.019762 2.243541 -5.255036 -3.180156 14.282887 -0.826593 6.9525 -3e-06 -12.690605 -1e-06 16.40715 -16.94331 2.114851 1.665666 -1.955921 -2.878299 4.727797 -4.170587 4.993923 11.020524 3e-06 -1e-06 12.109052 -3.735716 -2.866784 -0.0 -1e-06 1e-06 1.291985 -1.92855 -1.49809 14.800125 0.567468 3.865605 14.242568 -1.341735 -6.660657 19.63196 0.143926 -0.648243 50.031483 -0.31741 -6.121697 0.353029 -1.511151 -0.031939 20.222786 3.684311 2.316628 18.78727 6e-06 1e-06 10.751626 -0.479869 1.397907 1e-06 0.0 -1e-06 3.273806 0.305948 -0.580111 21.486813 11.830378 2.266134 8.162926 2e-06 1e-06 18.399076 -3.798985 -4.940573 4e-06 0.0 -1e-06 2.657532 0.651706 -25.113163 -0.008299 -0.024967 22.889608 -2.491025 2.064676 -10.270185 1.615898 -1.91773 -1.175688 0.0 -0.0 2e-06 2.034121 -8.952441 -21.553707 0.00414 -0.096636 19.220043 1.1941 1.584581 -7.892177 -1.460508 0.786534 -1.20358 -0.0 -0.0 -1e-06 
0.0 0.0 0.0 0.0 -0.0 0.0 -17.592304 99.472519 22.050728 -1.082266 6.985909 10.011447 1.597454 0.460751 9.209968 0.036815 -0.048315 -1.221315 -0.694107 -1.292498 18.92597 1.167341 2.674859 -2.352412 -1.181761 -1.682302 -3.567948 0.979956 -2.991711 -25.171444 7.7e-05 -2.2e-05 6e-06 -0.009079 0.12694 0.022633 0.640691 -3.589504 -10.557166 -0.658749 3.847126 -10.543028 -0.82099 -10.745294 17.525438 -70.728333 -24.947546 18.650322 -0.548165 -22.911861 0.177999 6.58329 2.491158 -16.601254 -5.882102 9.86128 0.702591 -10.936863 -0.360574 7.1562 0.0 8.774819 0.0 -15.849811 17.571766 6.024001 -1.844031 2.498503 -2.507276 -10.163591 4.678942 4.621107 -20.976009 -3e-06 2e-06 -21.226271 2.451698 -3.593998 -1e-06 -8e-06 1e-06 -1.36268 2.240798 -0.746324 -21.334896 0.58491 3.008322 -13.821202 -1e-06 2e-06 -23.887152 -0.249078 -0.839482 -60.647949 2.526535 -1.232664 -0.294024 1.679686 0.833256 -14.218197 0.093215 1.30058 -34.212021 -0.28756 0.96717 -20.033195 0.964539 1.212842 0.0 -1e-06 -0.0 -3.440386 0.788234 0.501654 -15.928172 -3.167307 2.999707 -6.33882 -1e-06 0.0 -18.123426 3.648183 -4.905667 -5e-06 -0.0 -1e-06 -2.738436 15.601819 16.541418 75.276413 24.955004 19.2936 0.24901 19.370377 -0.143098 -11.696398 4.225203 0.342439 2.243542 -5.255037 -3.180156 14.282894 -0.826594 6.952504 -3e-06 -12.690605 0.0 16.328228 -17.001455 2.173595 1.665666 -1.955921 -2.878301 4.727799 -4.170588 4.993925 11.020527 3e-06 0.0 12.109053 -3.735716 -2.866783 -0.0 -1e-06 2e-06 1.291985 -1.928549 -1.498089 14.800129 0.56747 3.865605 14.242575 -1.341737 -6.660655 19.631973 0.143928 -0.648244 49.987614 -0.376892 -6.164916 0.353029 -1.511151 -0.03194 20.222794 3.684311 2.31663 18.787273 6e-06 1e-06 10.751629 -0.479868 1.397905 -0.0 1e-06 -2e-06 3.273807 0.305947 -0.580111 21.486818 11.830378 2.266132 8.162929 2e-06 -2e-06 18.39908 -3.798985 -4.940573 3e-06 -2e-06 -0.0 2.550594 0.917783 -22.672619 -0.012724 -0.021723 20.91061 -2.495944 1.971821 -9.796851 1.616659 -1.91309 -1.192937 -0.0 -0.0 2e-06 1.760655 -8.922029 -18.758841 -0.003241 -0.109227 16.431437 1.245728 1.655792 -6.97585 -1.456413 0.799809 -1.165807 -0.0 0.0 -1e-06 
0.0 0.0 0.0 0.0 -0.0 0.0 -17.410976 99.730545 22.365192 -1.098415 6.862358 9.004311 1.612643 0.420964 8.399043 0.01416 -0.055019 -1.660373 -0.611674 -1.266895 18.355049 1.144367 2.61552 -1.194571 -1.162189 -1.627156 -3.556622 0.734579 -2.928675 -25.261539 7.7e-05 -2.2e-05 6e-06 -0.00342 0.114431 0.029786 0.648739 -3.596088 -10.562708 -0.65542 3.828624 -10.538462 -1.02274 -10.179559 17.590599 -71.123253 -23.707623 19.440889 -0.439465 -22.947594 0.140605 6.781638 2.598848 -16.631559 -5.882105 9.861284 0.702591 -10.936869 -0.360575 7.156205 -0.0 8.774826 -1e-06 -15.879379 17.584145 5.991136 -1.844032 2.498505 -2.507277 -10.163597 4.678944 4.621109 -20.976021 -3e-06 5e-06 -21.226278 2.451698 -3.593998 -1e-06 -6e-06 0.0 -1.362681 2.240798 -0.746323 -21.334906 0.584909 3.008325 -13.821208 -3e-06 3e-06 -23.887165 -0.249077 -0.839479 -60.622253 2.553075 -1.259953 -0.294025 1.679687 0.833256 -14.218205 0.093214 1.300583 -34.212036 -0.287563 0.967174 -20.033209 0.964539 1.212845 0.0 -1e-06 -0.0 -3.440388 0.788233 0.501657 -15.928185 -3.16731 2.999708 -6.338825 -1e-06 2e-06 -18.123444 3.648183 -4.905667 -4e-06 -1e-06 -1e-06 -2.452921 15.212286 16.707268 75.568878 23.997755 19.46192 0.25618 19.522163 -0.129323 -11.860147 4.162472 0.736562 2.243544 -5.255039 -3.180162 14.282896 -0.826599 6.952507 -0.0 -12.690609 3e-06 16.243044 -17.06842 2.227278 1.665667 -1.955922 -2.878301 4.727802 -4.170591 4.99393 11.020531 -0.0 -1e-06 12.109058 -3.735719 -2.866786 -0.0 -1e-06 1e-06 1.291986 -1.92855 -1.498088 14.800136 0.567464 3.865609 14.242578 -1.341738 -6.660661 19.631977 0.143922 -0.648247 49.91045 -0.440486 -6.206694 0.35303 -1.511151 -0.03194 20.222801 3.684305 2.316631 18.787287 0.0 -3e-06 10.751635 -0.479871 1.397903 -1e-06 1e-06 -0.0 3.273808 0.305947 -0.58011 21.48682 11.830376 2.266129 8.16293 -0.0 -1e-06 18.399096 -3.798989 -4.940579 4e-06 -0.0 0.0 2.476057 1.108597 -20.38983 -0.016528 -0.024427 19.207777 -2.513462 1.912923 -9.418612 1.615565 -1.910765 -1.200718 -0.0 -0.0 2e-06 1.495193 -8.925049 -16.089611 -0.005393 -0.123705 13.889295 1.330982 1.747898 -6.150239 -1.451452 0.80837 -1.138095 -0.0 -0.0 -1e-06 
0.0 0.0 0.0 0.0 -0.0 0.0 -17.254295 99.921646 22.674803 -1.119879 6.776499 8.040854 1.609609 0.385458 7.61219 -0.022892 -0.048312 -2.087937 -0.5154 -1.270641 17.877327 1.149367 2.548363 -0.06216 -1.12816 -1.615152 -3.55741 0.560213 -2.919475 -25.284853 7.7e-05 -2.2e-05 6e-06 0.00103 0.099886 0.037644 0.656156 -3.605283 -10.570222 -0.654125 3.809013 -10.540239 -1.309624 -9.673431 17.694044 -71.407959 -22.633013 19.96582 -0.32167 -22.891644 0.089639 7.010033 2.683507 -16.695385 -5.882104 9.861286 0.70259 -10.936865 -0.360574 7.156202 -1e-06 8.774826 -0.0 -15.9006 17.61351 5.982182 -1.844032 2.498504 -2.507278 -10.163595 4.678945 4.621107 -20.976017 -1e-06 -1e-06 -21.226278 2.451697 -3.594003 -2e-06 -7e-06 0.0 -1.362681 2.240798 -0.746325 -21.334904 0.584911 3.00832 -13.821206 -1e-06 1e-06 -23.887157 -0.249079 -0.839485 -60.600533 2.570694 -1.26498 -0.294025 1.679687 0.833256 -14.218202 0.093216 1.30058 -34.212032 -0.287564 0.967166 -20.033205 0.964536 1.212841 -1e-06 0.0 0.0 -3.440387 0.788234 0.501655 -15.928179 -3.167308 2.999705 -6.338823 -1e-06 1e-06 -18.12344 3.648183 -4.905673 -2e-06 -0.0 -2e-06 -2.022729 14.800134 16.888437 75.76265 23.056633 19.534575 0.290988 19.702944 -0.117141 -11.824514 4.112066 1.231052 2.243542 -5.255036 -3.180159 14.282887 -0.826598 6.952501 0.0 -12.6906 2e-06 16.175844 -17.122339 2.284894 1.665666 -1.955921 -2.878298 4.727798 -4.170588 4.993922 11.020522 -0.0 -1e-06 12.10905 -3.735716 -2.866784 -1e-06 0.0 1e-06 1.291986 -1.928549 -1.498089 14.800123 0.567464 3.865605 14.242568 -1.341739 -6.660657 19.631962 0.143922 -0.648251 49.863163 -0.468784 -6.220063 0.353029 -1.51115 -0.031941 20.222786 3.684304 2.316628 18.78727 -0.0 -4e-06 10.751627 -0.479873 1.397905 -2e-06 0.0 1e-06 3.273806 0.305946 -0.580112 21.486803 11.830366 2.266131 8.162925 0.0 -1e-06 18.399078 -3.798987 -4.940578 3e-06 0.0 -1e-06 2.437821 1.266412 -18.308048 -0.017625 -0.036729 17.794699 -2.538319 1.82512 -9.143265 1.612937 -1.908332 -1.214888 -0.0 0.0 2e-06 1.255191 -8.973448 -13.606952 -0.001702 -0.138789 11.633938 1.421657 1.855639 -5.384386 -1.446967 0.812436 -1.122766 -0.0 -0.0 -1e-06 
0.0 0.0 0.0 0.0 -0.0 0.0 -17.095955 100.050293 22.930851 -1.129817 6.706596 7.124923 1.581635 0.357386 6.856771 -0.06525 -0.024041 -2.487827 -0.437605 -1.304225 17.459763 1.190409 2.484288 0.993363 -1.108711 -1.62291 -3.562423 0.437262 -2.920679 -25.167015 7.7e-05 -2.2e-05 6e-06 0.003522 0.095246 0.047191 0.660959 -3.609299 -10.577511 -0.654203 3.803913 -10.54563 -1.673916 -9.220326 17.842592 -71.59864 -21.681669 20.306236 -0.194208 -22.714813 0.038276 7.15517 2.732733 -16.871811 -5.882102 9.861282 0.70259 -10.936861 -0.360575 7.156199 -1e-06 8.774821 -2e-06 -15.901061 17.657476 5.978993 -1.84403 2.498503 -2.507275 -10.16359 4.678944 4.621106 -20.976006 -1e-06 2e-06 -21.226269 2.451696 -3.593999 -3e-06 -6e-06 -0.0 -1.362681 2.240796 -0.746323 -21.334896 0.584909 3.008321 -13.821203 -1e-06 1e-06 -23.88715 -0.249077 -0.839483 -60.573711 2.596223 -1.276892 -0.294025 1.679687 0.833256 -14.218196 0.093216 1.300581 -34.212013 -0.287561 0.967168 -20.033195 0.964538 1.212842 0.0 1e-06 0.0 -3.440385 0.788233 0.501655 -15.928172 -3.167307 2.999705 -6.33882 -0.0 -1e-06 -18.123426 3.648184 -4.905667 -2e-06 1e-06 -2e-06 -1.529795 14.386337 17.031706 75.967827 22.12867 19.599739 0.321045 19.786768 -0.100384 -11.64667 4.067084 1.604355 2.243541 -5.255035 -3.180153 14.282885 -0.826598 6.952497 0.0 -12.690601 3e-06 16.141396 -17.157545 2.332442 1.665666 -1.955921 -2.878298 4.727797 -4.170588 4.993923 11.020521 1e-06 -2e-06 12.109048 -3.735717 -2.866785 -3e-06 0.0 0.0 1.291985 -1.928549 -1.498087 14.800122 0.567465 3.865602 14.242566 -1.341737 -6.660658 19.631958 0.143925 -0.64825 49.857384 -0.464844 -6.212287 0.353029 -1.51115 -0.031941 20.222784 3.684305 2.316624 18.78727 3e-06 -7e-06 10.751625 -0.47987 1.397903 -1e-06 0.0 1e-06 3.273806 0.305946 -0.58011 21.486801 11.830368 2.266127 8.162922 2e-06 -3e-06 18.399076 -3.798984 -4.940575 3e-06 -0.0 0.0 2.410518 1.406213 -16.387096 -0.017192 -0.058537 16.583899 -2.545997 1.753363 -8.944499 1.610921 -1.905841 -1.249765 -0.0 -0.0 2e-06 1.02527 -9.060693 -11.325709 0.003682 -0.137854 9.65569 1.497278 1.976334 -4.709302 -1.443207 0.808255 -1.128298 -0.0 -0.0 -1e-06 
0.0 0.0 0.0 0.0 -0.0 0.0 -16.940243 100.126472 23.169243 -1.129905 6.601194 6.227416 1.530853 0.33066 6.130641 -0.110521 0.017372 -2.848372 -0.394586 -1.355756 17.049061 1.241171 2.422678 1.975953 -1.098231 -1.633981 -3.567878 0.341875 -2.916849 -24.93486 7.7e-05 -2.2e-05 6e-06 0.005377 0.100471 0.055248 0.664476 -3.606627 -10.579925 -0.654321 3.811939 -10.548532 -2.129879 -8.789744 18.018618 -71.67524 -20.768801 20.500158 -0.091087 -22.469374 0.001771 7.191581 2.78503 -17.071259 -5.882105 9.861284 0.70259 -10.936868 -0.360573 7.156202 -2e-06 8.774822 -2e-06 -15.883672 17.712154 5.983585 -1.844032 2.498504 -2.507277 -10.163596 4.678945 4.621105 -20.976017 -2e-06 -1e-06 -21.226282 2.451698 -3.594001 -2e-06 -6e-06 -0.0 -1.362681 2.240798 -0.746323 -21.334906 0.584911 3.00832 -13.82121 -2e-06 -1e-06 -23.887165 -0.249078 -0.839486 -60.549736 2.618798 -1.274204 -0.294025 1.679687 0.833256 -14.218204 0.093217 1.300579 -34.21204 -0.287562 0.967165 -20.033207 0.964535 1.212839 -0.0 -0.0 -0.0 -3.440387 0.788233 0.501656 -15.928183 -3.167307 2.999703 -6.338825 -0.0 1e-06 -18.12344 3.648183 -4.905672 -4e-06 -0.0 -2e-06 -0.985141 13.986191 17.157341 76.206787 21.217796 19.656948 0.314284 19.764997 -0.081708 -11.332396 3.960851 1.926487 2.243541 -5.255034 -3.180155 14.282885 -0.826594 6.952502 -3e-06 -12.6906 3e-06 16.110115 -17.191689 2.37582 1.665665 -1.95592 -2.878299 4.727797 -4.170585 4.993923 11.020521 3e-06 -1e-06 12.109045 -3.735714 -2.866783 -0.0 0.0 1e-06 1.291986 -1.928548 -1.498088 14.800123 0.567468 3.865608 14.242566 -1.341734 -6.660656 19.631964 0.143926 -0.648241 49.859653 -0.451682 -6.198769 0.353028 -1.51115 -0.031938 20.222784 3.684309 2.316631 18.787266 5e-06 0.0 10.751624 -0.479867 1.397904 0.0 -0.0 1e-06 3.273805 0.305947 -0.580111 21.486807 11.830369 2.266131 8.162924 3e-06 -2e-06 18.399073 -3.798983 -4.940569 3e-06 -0.0 0.0 2.384455 1.535598 -14.568575 -0.016027 -0.079819 15.523666 -2.528775 1.760173 -8.820457 1.609583 -1.903798 -1.275251 -0.0 0.0 2e-06 0.795122 -9.194392 -9.202991 0.010849 -0.117511 7.914356 1.58548 2.163204 -4.121774 -1.440172 0.790793 -1.138536 0.0 -0.0 -1e-06 
0.0 0.0 0.0 0.0 -0.0 0.0 -16.798162 100.15789 23.41877 -1.115431 6.416795 5.355616 1.455265 0.301412 5.422233 -0.156122 0.069683 -3.181435 -0.390567 -1.412588 16.654285 1.270892 2.356894 2.884342 -1.07018 -1.622555 -3.572502 0.220775 -2.884763 -24.642653 7.7e-05 -2.2e-05 6e-06 0.006996 0.109949 0.062736 0.66743 -3.601094 -10.576362 -0.654383 3.825723 -10.546793 -2.722536 -8.36024 18.156277 -71.596016 -19.828836 20.564487 -0.024719 -22.194185 -0.021562 7.153726 2.851641 -17.271994 -5.882098 9.861277 0.702588 -10.936857 -0.360575 7.156199 -1e-06 8.774817 -3e-06 -15.883492 17.732349 5.966822 -1.84403 2.498502 -2.507276 -10.163588 4.678941 4.621104 -20.975996 -2e-06 1e-06 -21.226259 2.451697 -3.593998 -1e-06 -8e-06 -1e-06 -1.36268 2.240796 -0.746322 -21.334887 0.58491 3.008322 -13.821197 -2e-06 3e-06 -23.887138 -0.249076 -0.839483 -60.519985 2.611165 -1.248963 -0.294024 1.679686 0.833254 -14.218191 0.093215 1.30058 -34.212009 -0.287561 0.96717 -20.033192 0.964537 1.212842 0.0 0.0 -1e-06 -3.440385 0.788233 0.501656 -15.928165 -3.167306 2.999705 -6.338818 -0.0 1e-06 -18.123425 3.648182 -4.905665 -4e-06 0.0 -2e-06 -0.349518 13.588475 17.268703 76.407761 20.323416 19.680593 0.295274 19.690393 -0.056277 -10.906788 3.807235 2.093402 2.243541 -5.255034 -3.180155 14.282885 -0.826593 6.952498 -3e-06 -12.690599 0.0 16.052523 -17.22583 2.420822 1.665666 -1.955921 -2.878297 4.727797 -4.170586 4.993919 11.020521 3e-06 -1e-06 12.109049 -3.735712 -2.866785 -0.0 0.0 1e-06 1.291985 -1.928549 -1.498089 14.800122 0.567468 3.865603 14.242568 -1.341736 -6.660655 19.631964 0.143925 -0.648244 49.807838 -0.455776 -6.19417 0.353029 -1.51115 -0.03194 20.222784 3.684309 2.316626 18.787262 6e-06 -3e-06 10.751624 -0.479869 1.397906 2e-06 -0.0 0.0 3.273805 0.305947 -0.580109 21.486807 11.83037 2.26613 8.162925 3e-06 -1e-06 18.399076 -3.798982 -4.940577 3e-06 -1e-06 -0.0 2.352303 1.654718 -12.830033 -0.01346 -0.096573 14.579753 -2.523354 1.848494 -8.789791 1.609033 -1.893874 -1.268233 -0.0 -0.0 2e-06 0.554659 -9.404734 -7.253881 0.023554 -0.087393 6.435032 1.697704 2.464429 -3.66813 -1.437332 0.781362 -1.14148 -0.0 0.0 -1e-06 
0.0 0.0 0.0 0.0 -0.0 0.0 -16.664417 100.158325 23.661819 -1.105243 6.15257 4.529447 1.37115 0.262035 4.757825 -0.197071 0.128865 -3.485427 -0.408014 -1.462016 16.310638 1.25792 2.308329 3.681308 -1.031425 -1.598821 -3.572893 0.106501 -2.815747 -24.353426 7.7e-05 -2.3e-05 6e-06 0.009097 0.11997 0.070373 0.671563 -3.593476 -10.564672 -0.654594 3.838882 -10.537132 -3.452563 -7.927358 18.253815 -71.332115 -18.903614 20.51828 0.004422 -21.934752 -0.032134 7.09424 2.948725 -17.402308 -5.882102 9.861281 0.702591 -10.936866 -0.360576 7.1562 1e-06 8.774821 -2e-06 -15.900782 17.719385 5.942183 -1.844031 2.498503 -2.507275 -10.163595 4.678942 4.621106 -20.976013 -4e-06 4e-06 -21.226276 2.451696 -3.593997 -1e-06 -6e-06 0.0 -1.362681 2.240797 -0.746323 -21.334906 0.584909 3.008324 -13.821209 -3e-06 3e-06 -23.887161 -0.249078 -0.839481 -60.480972 2.581252 -1.191065 -0.294024 1.679687 0.833255 -14.218204 0.093215 1.30058 -34.212032 -0.287562 0.967171 -20.033205 0.964538 1.212843 1e-06 -1e-06 -0.0 -3.440387 0.788233 0.501655 -15.928181 -3.167308 2.999707 -6.338825 -1e-06 2e-06 -18.12344 3.648181 -4.905667 -4e-06 1e-06 -2e-06 0.352672 13.22936 17.363815 76.504448 19.453186 19.619852 0.285354 19.669827 -0.022874 -10.407255 3.623036 2.017885 2.243539 -5.255032 -3.180155 14.282876 -0.826594 6.952497 -2e-06 -12.690594 -1e-06 15.980438 -17.253868 2.462343 1.665665 -1.95592 -2.878295 4.727794 -4.170584 4.993918 11.020514 2e-06 -2e-06 12.109038 -3.735713 -2.86678 0.0 -0.0 1e-06 1.291984 -1.928548 -1.498088 14.800114 0.567467 3.865603 14.242558 -1.341737 -6.660649 19.631948 0.143924 -0.648243 49.711475 -0.46442 -6.202255 0.353028 -1.511149 -0.031941 20.222769 3.684305 2.31663 18.787252 3e-06 -0.0 10.751619 -0.479869 1.397904 1e-06 -0.0 0.0 3.273803 0.305946 -0.58011 21.48679 11.830363 2.266132 8.162919 1e-06 -1e-06 18.399063 -3.798981 -4.940573 3e-06 -1e-06 -2e-06 2.332185 1.813909 -11.214083 -0.012325 -0.116373 13.766312 -2.557764 1.978595 -8.85822 1.609182 -1.882075 -1.217111 -0.0 -0.0 2e-06 0.324095 -9.616784 -5.546308 0.036247 -0.056813 5.285638 1.850601 2.859947 -3.337452 -1.434865 0.786991 -1.105925 -0.0 -0.0 -1e-06 
0.0 0.0 0.0 0.0 -0.0 0.0 -16.532833 100.146339 23.877415 -1.079844 5.852617 3.769361 1.272233 0.220696 4.147097 -0.231706 0.171089 -3.75859 -0.442355 -1.498373 16.044048 1.225012 2.285665 4.349695 -0.987349 -1.598994 -3.569635 0.017307 -2.729315 -24.095776 7.7e-05 -2.2e-05 6e-06 0.010756 0.124185 0.078329 0.676212 -3.590152 -10.551008 -0.656202 3.844529 -10.525845 -4.242591 -7.510687 18.370058 -70.942604 -18.09901 20.440813 0.036502 -21.654045 -0.042382 7.04257 3.059912 -17.471901 -5.882106 9.861284 0.70259 -10.936869 -0.360573 7.156201 -1e-06 8.774822 -1e-06 -15.930099 17.702267 5.934879 -1.844032 2.498504 -2.507276 -10.163597 4.678945 4.621108 -20.976017 -1e-06 1e-06 -21.226278 2.451699 -3.593999 -1e-06 -6e-06 0.0 -1.362682 2.240798 -0.746323 -21.334906 0.584911 3.008321 -13.82121 -1e-06 2e-06 -23.887163 -0.249075 -0.839485 -60.451374 2.537194 -1.113535 -0.294025 1.679687 0.833256 -14.218206 0.093216 1.30058 -34.212044 -0.28756 0.967168 -20.033209 0.964537 1.21284 1e-06 -0.0 0.0 -3.440388 0.788234 0.501656 -15.928181 -3.167307 2.999704 -6.338824 -0.0 1e-06 -18.123444 3.648184 -4.905669 -4e-06 0.0 -2e-06 1.065407 12.895906 17.445318 76.505005 18.636959 19.492525 0.283946 19.699804 0.011943 -9.844995 3.455457 1.824244 2.243542 -5.255037 -3.180156 14.282892 -0.826597 6.9525 -0.0 -12.690604 1e-06 15.906042 -17.284426 2.50507 1.665667 -1.955922 -2.8783 4.727799 -4.170588 4.993925 11.020527 1e-06 -2e-06 12.109053 -3.735719 -2.86678 -0.0 -0.0 1e-06 1.291986 -1.92855 -1.498089 14.800129 0.567466 3.865602 14.242574 -1.341739 -6.660656 19.631968 0.143921 -0.648246 49.638641 -0.455754 -6.226568 0.353029 -1.511151 -0.031938 20.222794 3.684307 2.316629 18.787277 2e-06 -2e-06 10.751627 -0.47987 1.397905 -1e-06 1e-06 2e-06 3.273807 0.305946 -0.580112 21.486811 11.830369 2.266131 8.162928 0.0 -2e-06 18.399088 -3.798985 -4.940579 3e-06 0.0 -1e-06 2.30609 2.017346 -9.717528 -0.014169 -0.145974 13.008496 -2.635957 2.071363 -8.932936 1.609499 -1.875558 -1.167656 0.0 -0.0 2e-06 0.090815 -9.79287 -4.087316 0.042436 -0.028095 4.445731 2.026166 3.277613 -3.094225 -1.432976 0.798571 -1.048987 0.0 0.0 -1e-06 
0.0 0.0 0.0 0.0 -0.0 0.0 -16.395027 100.13958 24.034786 -1.035903 5.525033 3.064397 1.157531 0.179026 3.568346 -0.257168 0.201205 -4.007384 -0.485901 -1.528678 15.81357 1.170285 2.291607 4.933419 -0.93997 -1.624471 -3.564386 -0.038206 -2.630069 -23.850771 7.7e-05 -2.2e-05 6e-06 0.011909 0.123016 0.085573 0.678736 -3.59365 -10.544068 -0.656675 3.846365 -10.521679 -5.03988 -7.112357 18.487879 -70.513367 -17.383133 20.359779 0.079074 -21.292658 -0.056876 6.973381 3.113033 -17.333691 -5.882104 9.86128 0.70259 -10.93687 -0.360576 7.156202 1e-06 8.774821 -2e-06 -15.954143 17.689247 5.944207 -1.844033 2.498503 -2.507277 -10.163597 4.678942 4.621108 -20.976021 -6e-06 2e-06 -21.226282 2.451694 -3.593997 -1e-06 -6e-06 -0.0 -1.362682 2.240797 -0.746323 -21.334911 0.584907 3.00832 -13.821213 -4e-06 1e-06 -23.887165 -0.24908 -0.839482 -60.42234 2.496626 -1.042045 -0.294024 1.679686 0.833256 -14.218206 0.093213 1.300579 -34.212048 -0.287567 0.967172 -20.033211 0.964534 1.212845 1e-06 -0.0 0.0 -3.440388 0.788233 0.501655 -15.928185 -3.16731 2.999705 -6.338825 -2e-06 2e-06 -18.123444 3.64818 -4.905669 -4e-06 -0.0 -2e-06 1.756364 12.568769 17.503204 76.448112 17.85289 19.356005 0.286723 19.710241 0.043509 -9.293858 3.340349 1.623782 2.24354 -5.255036 -3.180155 14.282887 -0.826593 6.952504 -3e-06 -12.690605 -2e-06 15.840096 -17.288095 2.546908 1.665665 -1.955921 -2.878297 4.727797 -4.170587 4.99392 11.020523 3e-06 1e-06 12.109045 -3.735714 -2.866783 -0.0 0.0 3e-06 1.291985 -1.928549 -1.498088 14.800127 0.567469 3.865609 14.242568 -1.341736 -6.660656 19.631962 0.143926 -0.64824 49.587093 -0.442691 -6.243291 0.353029 -1.51115 -0.03194 20.222786 3.684312 2.316631 18.78727 6e-06 1e-06 10.751626 -0.479867 1.397907 0.0 1e-06 0.0 3.273806 0.305947 -0.58011 21.486809 11.830376 2.266132 8.162926 2e-06 -2e-06 18.399078 -3.798984 -4.940572 3e-06 -1e-06 -3e-06 2.277018 2.236285 -8.252357 -0.017459 -0.181803 12.169451 -2.763216 2.152453 -8.944638 1.61052 -1.870582 -1.182764 -0.0 0.0 2e-06 -0.150444 -9.914929 -2.814963 0.047696 -0.004832 3.822836 2.189131 3.674628 -2.865433 -1.432131 0.806911 -1.041578 0.0 0.0 -1e-06 
0.0 0.0 0.0 0.0 -0.0 0.0 -16.263954 100.13472 24.136328 -0.96704 5.163744 2.408157 1.036761 0.146954 3.038025 -0.27375 0.224013 -4.220315 -0.548101 -1.546323 15.590027 1.098816 2.316967 5.436279 -0.88239 -1.656885 -3.558193 -0.079543 -2.529149 -23.562231 7.7e-05 -2.2e-05 6e-06 0.013188 0.1172 0.090135 0.681482 -3.605093 -10.546719 -0.657087 3.846653 -10.526631 -5.760929 -6.75561 18.610264 -70.110558 -16.740669 20.366701 0.1405 -20.869921 -0.083811 6.85179 3.134389 -17.034485 -5.8821 9.861277 0.702589 -10.936856 -0.360574 7.156198 -1e-06 8.774817 -4e-06 -15.96592 17.702278 5.962965 -1.84403 2.498503 -2.507275 -10.163586 4.678941 4.621105 -20.975996 -1e-06 -1e-06 -21.226255 2.451695 -3.593999 -0.0 -6e-06 0.0 -1.36268 2.240796 -0.746323 -21.334887 0.584911 3.008321 -13.821198 -2e-06 2e-06 -23.887142 -0.249075 -0.839483 -60.402321 2.469306 -0.978154 -0.294024 1.679686 0.833254 -14.218191 0.093216 1.300581 -34.212009 -0.28756 0.967166 -20.033192 0.964536 1.21284 -0.0 0.0 0.0 -3.440385 0.788233 0.501656 -15.928165 -3.167305 2.999705 -6.338819 -0.0 2e-06 -18.123423 3.648181 -4.905669 -4e-06 -0.0 -2e-06 2.364444 12.280842 17.542068 76.380539 17.101547 19.28219 0.272994 19.676748 0.054954 -8.787949 3.249522 1.458438 2.243538 -5.25503 -3.180155 14.282872 -0.826595 6.952496 -1e-06 -12.690586 -1e-06 15.801675 -17.278378 2.578714 1.665663 -1.95592 -2.878295 4.727794 -4.170583 4.993917 11.020512 1e-06 0.0 12.109035 -3.735712 -2.866781 1e-06 -0.0 0.0 1.291983 -1.928547 -1.498088 14.800108 0.567466 3.865605 14.242553 -1.341737 -6.660648 19.631941 0.143923 -0.648245 49.561195 -0.417263 -6.234855 0.353029 -1.511149 -0.031939 20.222765 3.684303 2.31663 18.787251 1e-06 3e-06 10.751616 -0.479869 1.397906 0.0 1e-06 0.0 3.273803 0.305946 -0.58011 21.486784 11.830355 2.266133 8.162918 -0.0 -0.0 18.399059 -3.798984 -4.940569 3e-06 -1e-06 -3e-06 2.234121 2.419692 -6.79776 -0.018807 -0.200491 11.206329 -2.896961 2.292037 -8.85863 1.612301 -1.867612 -1.238163 0.0 -0.0 2e-06 -0.400841 -9.990895 -1.710175 0.055266 0.01995 3.369833 2.334225 4.049238 -2.662868 -1.430976 0.81051 -1.076865 0.0 0.0 -1e-06 
0.0 0.0 0.0 0.0 -0.0 0.0 -16.164576 100.130508 24.193691 -0.863369 4.778575 1.777966 0.913188 0.127604 2.553145 -0.288863 0.233643 -4.4038 -0.631674 -1.559611 15.373199 1.017854 2.353076 5.876704 -0.82678 -1.657673 -3.556535 -0.119359 -2.42937 -23.228258 7.7e-05 -2.2e-05 6e-06 0.014353 0.109762 0.095738 0.68344 -3.618163 -10.543764 -0.656836 3.845512 -10.524343 -6.444088 -6.418662 18.700262 -69.661156 -16.107792 20.538025 0.215293 -20.493128 -0.108777 6.617472 3.184639 -16.638336 -5.882104 9.861281 0.70259 -10.936866 -0.360573 7.156201 -0.0 8.774821 -1e-06 -15.967574 17.72517 5.977906 -1.844032 2.498503 -2.507275 -10.163595 4.678944 4.621105 -20.976013 -2e-06 -0.0 -21.226273 2.451698 -3.594001 -0.0 -7e-06 0.0 -1.362681 2.240797 -0.746323 -21.334904 0.584911 3.00832 -13.821207 -2e-06 1e-06 -23.887157 -0.249078 -0.839486 -60.389801 2.435419 -0.920116 -0.294024 1.679687 0.833256 -14.218204 0.093216 1.300579 -34.212036 -0.287563 0.967164 -20.033209 0.964534 1.21284 1e-06 1e-06 -1e-06 -3.440387 0.788233 0.501655 -15.928179 -3.167306 2.999703 -6.338823 -0.0 1e-06 -18.12344 3.648182 -4.905669 -3e-06 0.0 -3e-06 2.914743 12.032897 17.537687 76.259209 16.343201 19.308611 0.221652 19.655825 0.043614 -8.293911 3.148598 1.222008 2.243539 -5.255031 -3.180154 14.282871 -0.826595 6.952495 -0.0 -12.690589 -2e-06 15.779056 -17.26605 2.61053 1.665664 -1.95592 -2.878292 4.727793 -4.170583 4.993918 11.020511 1e-06 -1e-06 12.109035 -3.735713 -2.86678 1e-06 1e-06 -1e-06 1.291983 -1.928547 -1.498087 14.800108 0.567466 3.865607 14.242555 -1.341737 -6.660651 19.631939 0.143923 -0.648244 49.538151 -0.413035 -6.20432 0.353029 -1.511149 -0.03194 20.222763 3.684304 2.31663 18.787245 1e-06 4e-06 10.751616 -0.47987 1.397907 0.0 -0.0 0.0 3.273802 0.305947 -0.580108 21.486786 11.830359 2.266134 8.162918 1e-06 0.0 18.399059 -3.798984 -4.940567 1e-06 1e-06 -3e-06 2.160348 2.545403 -5.328068 -0.018054 -0.206824 10.115613 -3.002318 2.497649 -8.684267 1.614974 -1.871138 -1.305008 0.0 -0.0 2e-06 -0.678406 -10.027783 -0.730078 0.064403 0.050273 3.051629 2.479034 4.414938 -2.514548 -1.428475 0.80793 -1.134147 0.0 0.0 -1e-06 
0.0 0.0 0.0 0.0 -0.0 0.0 -16.112181 100.118767 24.234482 -0.730898 4.394432 1.179419 0.786953 0.11175 2.106554 -0.311894 0.235262 -4.577603 -0.715518 -1.573883 15.187969 0.93993 2.397699 6.260856 -0.801155 -1.621803 -3.559063 -0.131346 -2.354505 -22.880714 7.7e-05 -2.2e-05 6e-06 0.016553 0.110085 0.10114 0.684875 -3.62169 -10.536793 -0.654001 3.850642 -10.517623 -7.113215 -6.10565 18.741711 -69.115883 -15.499225 20.866304 0.245222 -20.235603 -0.116825 6.313643 3.267287 -16.214495 -5.882106 9.861284 0.702589 -10.936875 -0.360577 7.156206 2e-06 8.774826 -2e-06 -15.970451 17.736618 6.001074 -1.844033 2.498504 -2.507278 -10.163604 4.678942 4.621109 -20.97603 -8e-06 5e-06 -21.226295 2.451693 -3.593997 -0.0 -4e-06 0.0 -1.362682 2.240798 -0.746323 -21.334925 0.584904 3.008325 -13.821218 -5e-06 3e-06 -23.887178 -0.249082 -0.839477 -60.3951 2.40996 -0.870248 -0.294025 1.679687 0.833258 -14.218214 0.093211 1.30058 -34.212063 -0.28757 0.967175 -20.033216 0.964533 1.212848 -0.0 -1e-06 0.0 -3.440389 0.788233 0.501654 -15.928192 -3.167312 2.999709 -6.338828 -2e-06 2e-06 -18.123451 3.648178 -4.905668 -4e-06 -0.0 -2e-06 3.448928 11.776413 17.499683 76.015366 15.607436 19.424789 0.179674 19.703976 0.026161 -7.762618 3.007087 0.983254 2.24354 -5.255034 -3.180157 14.282894 -0.826588 6.952501 -1e-05 -12.690605 0.0 15.763563 -17.247925 2.649783 1.665665 -1.95592 -2.878297 4.727796 -4.170584 4.993925 11.020527 8e-06 -0.0 12.109052 -3.735709 -2.866783 0.0 -0.0 1e-06 1.291986 -1.928548 -1.498088 14.800132 0.567475 3.865604 14.242573 -1.341728 -6.660655 19.631973 0.143934 -0.648242 49.531143 -0.434618 -6.175478 0.353028 -1.51115 -0.031941 20.222797 3.684321 2.316627 18.787273 1.4e-05 4e-06 10.751627 -0.479865 1.397909 -0.0 2e-06 1e-06 3.273808 0.305948 -0.580113 21.486824 11.830385 2.266131 8.162928 4e-06 -1e-06 18.399084 -3.798977 -4.940571 2e-06 0.0 -2e-06 2.057856 2.64825 -3.884374 -0.017337 -0.214089 8.970247 -3.110906 2.738036 -8.486738 1.616645 -1.88048 -1.354677 0.0 -0.0 2e-06 -0.976313 -10.019255 0.142888 0.070399 0.084188 2.83186 2.633192 4.776117 -2.416277 -1.425848 0.80713 -1.185133 0.0 0.0 -1e-06 
0.0 0.0 0.0 0.0 -0.0 0.0 -16.092461 100.097069 24.260653 -0.586079 4.026062 0.620613 0.670954 0.102126 1.686773 -0.342903 0.220244 -4.742983 -0.792083 -1.595194 15.035717 0.872542 2.44007 6.607084 -0.790329 -1.559694 -3.566545 -0.145823 -2.293295 -22.481844 7.7e-05 -2.3e-05 6e-06 0.018213 0.107007 0.106284 0.684662 -3.628618 -10.532628 -0.650532 3.852264 -10.514333 -7.754421 -5.814559 18.761902 -68.500046 -14.981373 21.373823 0.22234 -20.070539 -0.111422 5.971053 3.357558 -15.740211 -5.882104 9.861282 0.70259 -10.936868 -0.360575 7.1562 0.0 8.774822 -1e-06 -15.976016 17.738237 6.02194 -1.844032 2.498503 -2.507275 -10.163595 4.678944 4.621105 -20.976017 -3e-06 1e-06 -21.226282 2.451696 -3.594 -1e-06 -7e-06 -0.0 -1.362682 2.240797 -0.746322 -21.334909 0.584909 3.00832 -13.821209 -3e-06 1e-06 -23.887165 -0.24908 -0.839484 -60.395477 2.404687 -0.844292 -0.294025 1.679687 0.833255 -14.218205 0.093215 1.300579 -34.212048 -0.287565 0.967167 -20.033211 0.964534 1.212842 0.0 0.0 -0.0 -3.440388 0.788233 0.501654 -15.928183 -3.167309 2.999704 -6.338825 -1e-06 1e-06 -18.123444 3.648181 -4.905672 -4e-06 1e-06 -2e-06 3.950644 11.515551 17.456211 75.667511 14.939823 19.620068 0.186282 19.776464 0.018679 -7.24331 2.818724 0.871118 2.243539 -5.255032 -3.180155 14.282877 -0.826593 6.952495 -3e-06 -12.690593 1e-06 15.750352 -17.251049 2.699998 1.665665 -1.95592 -2.878298 4.727794 -4.170584 4.993917 11.020516 3e-06 0.0 12.10904 -3.735713 -2.866783 0.0 0.0 -1e-06 1.291984 -1.928548 -1.498088 14.800115 0.567468 3.865602 14.242559 -1.341736 -6.660652 19.631952 0.143927 -0.648245 49.583939 -0.46593 -6.158382 0.353029 -1.51115 -0.031941 20.222771 3.684307 2.316625 18.787254 5e-06 1e-06 10.751619 -0.479867 1.397904 0.0 -0.0 0.0 3.273804 0.305947 -0.580112 21.486795 11.830366 2.26613 8.16292 3e-06 -2e-06 18.399063 -3.798982 -4.940569 2e-06 -0.0 -1e-06 1.949624 2.751947 -2.519408 -0.025371 -0.217483 7.838189 -3.230341 2.99185 -8.278117 1.618377 -1.89134 -1.384801 -0.0 0.0 2e-06 -1.273885 -9.971762 0.908448 0.075355 0.126411 2.684327 2.780262 5.117995 -2.329458 -1.422494 0.812423 -1.202636 0.0 -0.0 -1e-06 
0.0 0.0 0.0 0.0 -0.0 0.0 -16.071037 100.080063 24.273935 -0.452068 3.728875 0.101242 0.572523 0.086918 1.306817 -0.372415 0.19564 -4.89656 -0.860981 -1.633422 14.905581 0.823667 2.473907 6.919177 -0.796284 -1.4775 -3.574219 -0.149563 -2.264405 -22.029278 7.7e-05 -2.3e-05 6e-06 0.019856 0.109464 0.111965 0.682492 -3.628263 -10.523681 -0.645177 3.857829 -10.508492 -8.33015 -5.554285 18.784645 -67.88382 -14.597678 22.036766 0.185639 -19.970436 -0.107029 5.615509 3.450161 -15.331599 -5.882106 9.861283 0.70259 -10.93687 -0.360573 7.156203 -1e-06 8.774821 -2e-06 -15.991937 17.730595 6.035286 -1.844032 2.498504 -2.507276 -10.163597 4.678944 4.621108 -20.976021 -0.0 3e-06 -21.226282 2.4517 -3.593999 -2e-06 -6e-06 0.0 -1.362681 2.240797 -0.746322 -21.334911 0.584912 3.008322 -13.821213 -0.0 3e-06 -23.887165 -0.249075 -0.839487 -60.403934 2.404063 -0.81475 -0.294024 1.679687 0.833256 -14.218205 0.093217 1.30058 -34.212044 -0.287559 0.96717 -20.033211 0.964539 1.212841 0.0 -0.0 0.0 -3.440388 0.788233 0.501656 -15.928183 -3.167306 2.999706 -6.338823 -0.0 2e-06 -18.123444 3.648183 -4.905669 -2e-06 -0.0 -2e-06 4.405275 11.244392 17.408566 75.271027 14.335447 19.877052 0.231646 19.868256 0.026647 -6.788904 2.605041 0.855339 2.243539 -5.255033 -3.180154 14.282878 -0.826593 6.952498 -3e-06 -12.690595 1e-06 15.737524 -17.265696 2.744709 1.665665 -1.95592 -2.878295 4.727795 -4.170584 4.993925 11.020517 3e-06 -1e-06 12.10904 -3.735713 -2.866784 -0.0 1e-06 -1e-06 1.291984 -1.928548 -1.498086 14.800117 0.567468 3.865604 14.24256 -1.341735 -6.660653 19.631952 0.143927 -0.648242 49.663986 -0.489918 -6.1637 0.353029 -1.51115 -0.031939 20.222771 3.684307 2.316628 18.787258 4e-06 3e-06 10.751617 -0.47987 1.397907 0.0 1e-06 1e-06 3.273804 0.305947 -0.58011 21.486799 11.830367 2.266133 8.162921 4e-06 0.0 18.399067 -3.798982 -4.94057 3e-06 -0.0 -2e-06 1.858705 2.852194 -1.282346 -0.037095 -0.22618 6.802281 -3.356384 3.197834 -8.080858 1.619861 -1.902095 -1.393287 0.0 -0.0 2e-06 -1.54079 -9.906182 1.591844 0.077321 0.165307 2.572631 2.924844 5.405 -2.223548 -1.419167 0.826363 -1.191573 0.0 -0.0 -1e-06 
0.0 0.0 0.0 0.0 -0.0 0.0 -16.014296 100.081291 24.265305 -0.345213 3.481071 -0.389935 0.490079 0.075657 0.967317 -0.388175 0.164259 -5.02995 -0.912039 -1.681387 14.783334 0.780543 2.498845 7.191136 -0.804327 -1.408485 -3.577172 -0.172643 -2.231678 -21.553993 7.7e-05 -2.2e-05 6e-06 0.021101 0.115445 0.118776 0.6794 -3.622522 -10.509403 -0.639714 3.864914 -10.499346 -8.806725 -5.334963 18.790926 -67.372055 -14.337506 22.720766 0.141025 -19.919479 -0.11223 5.358512 3.502968 -15.094855 -5.882103 9.861286 0.702591 -10.936866 -0.360574 7.156204 -0.0 8.774825 -1e-06 -15.999698 17.708933 6.029516 -1.844032 2.498504 -2.507277 -10.163596 4.678945 4.621107 -20.976017 -3e-06 4e-06 -21.226282 2.451697 -3.593997 -1e-06 -5e-06 -0.0 -1.362681 2.240798 -0.746323 -21.334906 0.58491 3.008324 -13.821208 -0.0 4e-06 -23.887159 -0.249077 -0.839482 -60.393734 2.404291 -0.798202 -0.294024 1.679687 0.833256 -14.218203 0.093215 1.300581 -34.212036 -0.287562 0.967173 -20.033209 0.964537 1.212844 0.0 -1e-06 0.0 -3.440387 0.788233 0.501656 -15.928181 -3.167309 2.999709 -6.338824 -1e-06 3e-06 -18.12344 3.648184 -4.905669 -3e-06 0.0 -2e-06 4.791542 10.975833 17.33692 74.876755 13.76866 20.151384 0.319924 19.922235 0.051195 -6.429701 2.421287 1.00259 2.243541 -5.255035 -3.180156 14.282885 -0.826596 6.952499 -1e-06 -12.6906 -1e-06 15.729318 -17.28334 2.766144 1.665666 -1.955922 -2.878298 4.727798 -4.170588 4.993921 11.020522 1e-06 1e-06 12.10905 -3.735718 -2.866781 -0.0 0.0 -0.0 1.291986 -1.928549 -1.49809 14.800123 0.567466 3.865608 14.242568 -1.34174 -6.660655 19.63196 0.143925 -0.648248 49.724258 -0.508138 -6.197485 0.35303 -1.51115 -0.031941 20.222784 3.684307 2.316628 18.78727 3e-06 -2e-06 10.751625 -0.479869 1.397904 1e-06 1e-06 1e-06 3.273805 0.305947 -0.580111 21.486803 11.830369 2.26613 8.162924 1e-06 -1e-06 18.399075 -3.798987 -4.940577 2e-06 0.0 -2e-06 1.796119 2.952966 -0.140354 -0.043425 -0.239081 5.827261 -3.471381 3.356994 -7.859806 1.621597 -1.902926 -1.383508 0.0 -0.0 2e-06 -1.762906 -9.83526 2.223005 0.07638 0.186234 2.463441 3.070687 5.65626 -2.050483 -1.417698 0.847419 -1.203442 0.0 -0.0 -1e-06 
0.0 0.0 0.0 0.0 -0.0 0.0 -15.9359 100.101837 24.238932 -0.264808 3.24258 -0.863885 0.421324 0.080086 0.653883 -0.392358 0.131485 -5.139586 -0.935503 -1.73998 14.634004 0.715227 2.530805 7.42458 -0.796956 -1.365345 -3.572012 -0.235865 -2.176911 -21.041597 7.7e-05 -2.2e-05 6e-06 0.022641 0.124958 0.126636 0.679664 -3.610679 -10.492967 -0.636995 3.872609 -10.48869 -9.147911 -5.188763 18.783613 -67.04467 -14.167428 23.280098 0.107076 -19.937635 -0.129319 5.247253 3.501367 -14.952734 -5.882102 9.861276 0.702592 -10.936865 -0.360575 7.156204 0.0 8.774817 0.0 -16.013031 17.721586 6.010264 -1.844031 2.498502 -2.507277 -10.163592 4.67894 4.621109 -20.976009 -4e-06 4e-06 -21.226271 2.451693 -3.593994 -2e-06 -6e-06 -0.0 -1.36268 2.240796 -0.746323 -21.3349 0.584909 3.008322 -13.821205 -2e-06 3e-06 -23.887156 -0.249078 -0.839481 -60.407471 2.414213 -0.825837 -0.294025 1.679685 0.833256 -14.218198 0.093214 1.300582 -34.212021 -0.287562 0.967174 -20.033197 0.964536 1.212842 0.0 -0.0 0.0 -3.440386 0.788233 0.501654 -15.928176 -3.167308 2.999707 -6.338822 -1e-06 3e-06 -18.123432 3.648178 -4.905665 -3e-06 0.0 -3e-06 5.088473 10.719921 17.259111 74.528229 13.235042 20.466448 0.419642 19.889225 0.08191 -6.237535 2.274688 1.375033 2.243538 -5.25503 -3.180156 14.282874 -0.826591 6.952502 -4e-06 -12.69059 0.0 15.728227 -17.2649 2.765318 1.665664 -1.955919 -2.878298 4.727793 -4.170582 4.993921 11.020514 5e-06 1e-06 12.109037 -3.735708 -2.866781 0.0 -0.0 0.0 1.291984 -1.928547 -1.498088 14.800114 0.56747 3.865607 14.242557 -1.341731 -6.660653 19.631945 0.143927 -0.648239 49.776142 -0.515426 -6.220076 0.353028 -1.511149 -0.031943 20.222769 3.684309 2.316633 18.787254 6e-06 7e-06 10.751616 -0.479867 1.397908 1e-06 1e-06 1e-06 3.273803 0.305947 -0.58011 21.486792 11.830363 2.266136 8.162921 3e-06 4e-06 18.399059 -3.798982 -4.940561 2e-06 -0.0 -2e-06 1.763086 3.059134 0.965422 -0.042993 -0.250094 4.848146 -3.577978 3.501482 -7.64751 1.623213 -1.899029 -1.411925 0.0 -0.0 2e-06 -1.947157 -9.773705 2.83307 0.076492 0.189867 2.332572 3.2294 5.894506 -1.810394 -1.419177 0.864089 -1.281824 -0.0 -0.0 -1e-06 
0.0 0.0 0.0 0.0 -0.0 0.0 -15.862672 100.13131 24.182741 -0.213875 3.019228 -1.295642 0.382189 0.09764 0.400809 -0.392256 0.092041 -5.225142 -0.939131 -1.793694 14.464526 0.635654 2.561602 7.564386 -0.805888 -1.345924 -3.555809 -0.311457 -2.116467 -20.493549 7.7e-05 -2.2e-05 6e-06 0.022058 0.123967 0.132994 0.682443 -3.606622 -10.474014 -0.64091 3.866434 -10.475705 -9.305847 -5.119429 18.748215 -66.933319 -14.045197 23.617338 0.090822 -20.029932 -0.15546 5.28664 3.526797 -14.958834 -5.882099 9.861275 0.702589 -10.936861 -0.360577 7.156198 1e-06 8.774817 -2e-06 -16.018784 17.81102 6.006837 -1.844031 2.498502 -2.507276 -10.163589 4.678938 4.621101 -20.976006 -8e-06 3e-06 -21.226269 2.451691 -3.593995 -1e-06 -6e-06 -0.0 -1.36268 2.240796 -0.746323 -21.334896 0.584905 3.008319 -13.821203 -5e-06 2e-06 -23.887152 -0.249082 -0.83948 -60.488441 2.463426 -0.902402 -0.294024 1.679685 0.833256 -14.218195 0.093212 1.300578 -34.212021 -0.287571 0.967172 -20.033194 0.964531 1.212844 -1e-06 -0.0 -0.0 -3.440385 0.788232 0.501654 -15.928172 -3.16731 2.999704 -6.338819 -2e-06 4e-06 -18.123426 3.648176 -4.905664 -2e-06 -0.0 -3e-06 5.282828 10.513885 17.216707 74.27578 12.802299 20.817577 0.48091 19.768812 0.100807 -6.227216 2.192605 1.983469 2.24354 -5.255031 -3.180154 14.282878 -0.826591 6.952495 -5e-06 -12.690593 1e-06 15.750032 -17.205345 2.739208 1.665665 -1.95592 -2.878299 4.727793 -4.170583 4.993918 11.020515 5e-06 -1e-06 12.109039 -3.73571 -2.86678 -0.0 0.0 -2e-06 1.291984 -1.928547 -1.498086 14.800112 0.56747 3.865601 14.242558 -1.341733 -6.66065 19.631948 0.143931 -0.648245 49.822674 -0.501323 -6.249107 0.353028 -1.511149 -0.03194 20.222771 3.684309 2.316628 18.787254 7e-06 1e-06 10.751618 -0.479867 1.397904 1e-06 -0.0 1e-06 3.273804 0.305947 -0.58011 21.486795 11.830368 2.26613 8.162919 4e-06 -1e-06 18.399065 -3.798979 -4.940571 2e-06 0.0 -3e-06 1.763105 3.140094 1.940181 -0.041556 -0.261024 3.974309 -3.647785 3.66287 -7.489933 1.623184 -1.919356 -1.515388 -0.0 0.0 2e-06 -2.072785 -9.694276 3.367049 0.075989 0.173584 2.207673 3.324909 6.025765 -1.585562 -1.4218 0.856367 -1.403856 -0.0 -0.0 -1e-06 
0.0 0.0 0.0 0.0 -0.0 0.0 -15.843342 100.150932 24.117188 -0.183247 2.824093 -1.676931 0.382825 0.112733 0.232215 -0.398396 0.049753 -5.308022 -0.947269 -1.818067 14.323158 0.554956 2.580478 7.585436 -0.834714 -1.342723 -3.538558 -0.364832 -2.061268 -19.995409 7.7e-05 -2.2e-05 6e-06 0.017804 0.098982 0.139418 0.680089 -3.627878 -10.456175 -0.646879 3.837481 -10.462031 -9.402839 -5.099508 18.66128 -66.865303 -13.916768 23.633013 0.01075 -20.193161 -0.172954 5.418997 3.651714 -15.018866 -5.882101 9.861281 0.702591 -10.936863 -0.360574 7.1562 -1e-06 8.774821 -2e-06 -16.020443 17.919682 6.012786 -1.844031 2.498503 -2.507276 -10.163592 4.678943 4.621105 -20.976009 -2e-06 4e-06 -21.226271 2.451699 -3.593997 -1e-06 -7e-06 1e-06 -1.362681 2.240797 -0.746323 -21.334896 0.58491 3.008321 -13.821202 -2e-06 4e-06 -23.887152 -0.249077 -0.839482 -60.573822 2.542421 -0.966439 -0.294024 1.679687 0.833256 -14.218196 0.093215 1.300579 -34.212021 -0.287561 0.967171 -20.033197 0.964538 1.212842 0.0 0.0 -1e-06 -3.440385 0.788233 0.501654 -15.928172 -3.167307 2.999703 -6.33882 -0.0 2e-06 -18.123432 3.648182 -4.905665 -3e-06 -0.0 -3e-06 5.465119 10.372988 17.192614 74.06395 12.481196 21.073786 0.518485 19.58983 0.111317 -6.350313 2.196077 2.470572 2.243541 -5.255036 -3.180156 14.282887 -0.826596 6.952499 -1e-06 -12.690604 1e-06 15.790737 -17.128859 2.684556 1.665666 -1.955921 -2.878298 4.727798 -4.170588 4.993922 11.020522 2e-06 -1e-06 12.109048 -3.735716 -2.866784 0.0 0.0 0.0 1.291985 -1.928549 -1.498089 14.800125 0.567466 3.865607 14.242568 -1.341738 -6.660657 19.631958 0.143926 -0.648247 49.814739 -0.496134 -6.312963 0.353029 -1.511151 -0.031939 20.222786 3.684308 2.316631 18.787271 2e-06 0.0 10.751627 -0.479869 1.397904 0.0 -0.0 1e-06 3.273806 0.305947 -0.58011 21.486809 11.830371 2.266131 8.162927 0.0 -1e-06 18.399086 -3.798985 -4.940576 1e-06 -0.0 -0.0 1.791872 3.185246 2.700933 -0.047215 -0.285494 3.344942 -3.684924 3.798784 -7.435568 1.621645 -1.95815 -1.634248 -0.0 -0.0 2e-06 -2.152044 -9.64534 3.801132 0.071087 0.14524 2.125644 3.345551 6.095155 -1.484078 -1.42427 0.829661 -1.45936 0.0 -0.0 -1e-06 
0.0 0.0 0.0 0.0 -0.0 0.0 -15.858492 100.154938 24.03335 -0.158405 2.663151 -2.009432 0.402379 0.100747 0.132105 -0.420855 0.015301 -5.389294 -0.953162 -1.801729 14.228538 0.504205 2.578233 7.503102 -0.857615 -1.369081 -3.523226 -0.395982 -2.023998 -19.593468 7.7e-05 -2.2e-05 6e-06 0.00995 0.051625 0.154281 0.667446 -3.673045 -10.430365 -0.649618 3.787898 -10.437153 -9.471787 -5.107679 18.517855 -66.736771 -13.762307 23.498091 -0.12283 -20.46143 -0.196827 5.530697 3.880291 -15.095835 -5.882102 9.861279 0.702587 -10.936866 -0.360577 7.156202 2e-06 8.774822 -2e-06 -16.003622 17.999109 6.025637 -1.844031 2.498503 -2.507277 -10.163595 4.67894 4.621105 -20.976017 -7e-06 4e-06 -21.226278 2.451691 -3.593995 -2e-06 -6e-06 -0.0 -1.362681 2.240797 -0.746323 -21.334906 0.584905 3.008322 -13.821208 -4e-06 4e-06 -23.887159 -0.249083 -0.83948 -60.605991 2.613836 -1.016804 -0.294024 1.679687 0.833256 -14.218204 0.093212 1.300579 -34.21204 -0.287571 0.967172 -20.033209 0.964534 1.212846 -1e-06 -0.0 -1e-06 -3.440387 0.788232 0.501655 -15.928179 -3.16731 2.999706 -6.338822 -2e-06 4e-06 -18.123438 3.648177 -4.905665 -3e-06 -0.0 -3e-06 5.668003 10.273883 17.155462 73.828789 12.226371 21.314037 0.552081 19.457811 0.118354 -6.443641 2.160275 2.993969 2.24354 -5.255034 -3.180159 14.282887 -0.826591 6.952497 -5e-06 -12.6906 1e-06 15.841509 -17.073441 2.644884 1.665666 -1.95592 -2.878299 4.727797 -4.170585 4.993919 11.020522 5e-06 -0.0 12.109048 -3.735713 -2.866781 0.0 0.0 0.0 1.291985 -1.928548 -1.498088 14.800125 0.56747 3.865606 14.242568 -1.341734 -6.660654 19.631964 0.143929 -0.648242 49.805138 -0.49907 -6.396223 0.353029 -1.51115 -0.031941 20.222786 3.684311 2.316631 18.78727 7e-06 1e-06 10.751624 -0.479866 1.397905 2e-06 1e-06 1e-06 3.273806 0.305947 -0.580111 21.486809 11.830372 2.266131 8.162924 3e-06 -2e-06 18.399075 -3.798981 -4.940571 1e-06 1e-06 0.0 1.83846 3.243449 3.220085 -0.059343 -0.305627 3.002758 -3.728772 3.819251 -7.426991 1.620216 -2.006367 -1.6986 0.0 -0.0 2e-06 -2.208044 -9.62116 4.134044 0.060967 0.115272 2.08615 3.340746 6.167389 -1.458722 -1.426415 0.810358 -1.393682 0.0 0.0 -1e-06 
