HIERARCHY
ROOT Root
{
  OFFSET 0.0 0.0 0.0
  CHANNELS 6 Xposition Yposition Zposition Zrotation Yrotation Xrotation
  JOINT Hips
  {
    OFFSET 0.0 100.0 0.0
    CHANNELS 6 Xposition Yposition Zposition Zrotation Yrotation Xrotation
    JOINT Spine1
    {
      OFFSET -0.013727 5.003763 -0.053727
      CHANNELS 3 Zrotation Yrotation Xrotation
      JOINT Spine2
      {
        OFFSET -0.0 7.125301 -0.029825
        CHANNELS 3 Zrotation Yrotation Xrotation
        JOINT Chest
        {
          OFFSET -1e-06 7.550063 -0.815971
          CHANNELS 3 Zrotation Yrotation Xrotation
          JOINT Neck1
          {
            OFFSET -0.181677 26.311295 -0.553348
            CHANNELS 3 Zrotation Yrotation Xrotation
            JOINT Neck2
            {
              OFFSET -3e-06 7.709397 2.302585
              CHANNELS 3 Zrotation Yrotation Xrotation
              JOINT Head
              {
                OFFSET -5e-06 6.128916 1.953709
                CHANNELS 3 Zrotation Yrotation Xrotation
                JOINT HeadEnd
                {
                  OFFSET 0.003598 16.065403 -1.835379
                  CHANNELS 3 Zrotation Yrotation Xrotation
                }
                JOINT Jaw
                {
                  OFFSET 0.002637 0.475592 3.094941
                  CHANNELS 3 Zrotation Yrotation Xrotation
                }
                JOINT LeftEye
                {
                  OFFSET 3.206381 5.380205 7.586883
                  CHANNELS 3 Zrotation Yrotation Xrotation
                }
                JOINT RightEye
                {
                  OFFSET -3.22244 5.361869 7.558234
                  CHANNELS 3 Zrotation Yrotation Xrotation
                }
              }
            }
          }
          JOINT LeftShoulder
          {
            OFFSET 1.621652 23.237164 5.113413
            CHANNELS 3 Zrotation Yrotation Xrotation
            JOINT LeftArm
            {
              OFFSET 14.919846 2e-06 -5.502326
              CHANNELS 3 Zrotation Yrotation Xrotation
              JOINT LeftForeArm
              {
                OFFSET 28.739307 0.0 -0.002588
                CHANNELS 3 Zrotation Yrotation Xrotation
                JOINT LeftHand
                {
                  OFFSET 27.093981 -1e-06 0.002609
                  CHANNELS 3 Zrotation Yrotation Xrotation
                  JOINT LeftHandThumb1
                  {
                    OFFSET 2.276482 -1.392045 3.191413
                    CHANNELS 3 Zrotation Yrotation Xrotation
                    JOINT LeftHandThumb2
                    {
                      OFFSET 4.012836 -1.828127 1.641654
                      CHANNELS 3 Zrotation Yrotation Xrotation
                      JOINT LeftHandThumb3
                      {
                        OFFSET 2.798515 0.0 -3e-06
                        CHANNELS 3 Zrotation Yrotation Xrotation
                        JOINT LeftHandThumbEnd
                        {
                          OFFSET 3.180793 -4e-06 4e-06
                          CHANNELS 3 Zrotation Yrotation Xrotation
                        }
                      }
                    }
                  }
                  JOINT LeftHandIndex1
                  {
                    OFFSET 3.247555 -0.531998 2.296169
                    CHANNELS 3 Zrotation Yrotation Xrotation
                    JOINT LeftHandIndex2
                    {
                      OFFSET 6.364578 0.01206 0.1786
                      CHANNELS 3 Zrotation Yrotation Xrotation
                      JOINT LeftHandIndex3
                      {
                        OFFSET 3.662364 0.0 0.0
                        CHANNELS 3 Zrotation Yrotation Xrotation
                        JOINT LeftHandIndex4
                        {
                          OFFSET 2.329242 4e-06 4e-06
                          CHANNELS 3 Zrotation Yrotation Xrotation
                          JOINT LeftHandIndexEnd
                          {
                            OFFSET 2.759615 -0.180537 -0.113024
                            CHANNELS 3 Zrotation Yrotation Xrotation
                          }
                        }
                      }
                    }
                  }
                  JOINT LeftHandMiddle1
                  {
                    OFFSET 3.163495 0.240981 1.000332
                    CHANNELS 3 Zrotation Yrotation Xrotation
                    JOINT LeftHandMiddle2
                    {
                      OFFSET 6.19078 -0.259278 -1.002548
                      CHANNELS 3 Zrotation Yrotation Xrotation
                      JOINT LeftHandMiddle3
                      {
                        OFFSET 4.35652 -4e-06 -1e-06
                        CHANNELS 3 Zrotation Yrotation Xrotation
                        JOINT LeftHandMiddle4
                        {
                          OFFSET 2.996877 -8e-06 0.0
                          CHANNELS 3 Zrotation Yrotation Xrotation
                          JOINT LeftHandMiddleEnd
                          {
                            OFFSET 2.304287 -0.294569 -0.031741
                            CHANNELS 3 Zrotation Yrotation Xrotation
                          }
                        }
                      }
                    }
                  }
                  JOINT LeftHandRing1
                  {
                    OFFSET 2.882643 -0.053652 -0.322543
                    CHANNELS 3 Zrotation Yrotation Xrotation
                    JOINT LeftHandRing2
                    {
                      OFFSET 5.854541 -0.486202 -1.373841
                      CHANNELS 3 Zrotation Yrotation Xrotation
                      JOINT LeftHandRing3
                      {
                        OFFSET 4.350578 0.0 3e-06
                        CHANNELS 3 Zrotation Yrotation Xrotation
                        JOINT LeftHandRing4
                        {
                          OFFSET 2.651321 7e-06 2e-06
                          CHANNELS 3 Zrotation Yrotation Xrotation
                          JOINT LeftHandRingEnd
                          {
                            OFFSET 1.936105 0.077687 -7.1e-05
                            CHANNELS 3 Zrotation Yrotation Xrotation
                          }
                        }
                      }
                    }
                  }
                  JOINT LeftHandPinky1
                  {
                    OFFSET 2.8655 -0.310005 -1.600378
                    CHANNELS 3 Zrotation Yrotation Xrotation
                    JOINT LeftHandPinky2
                    {
                      OFFSET 5.087849 -1.331141 -1.77123
                      CHANNELS 3 Zrotation Yrotation Xrotation
                      JOINT LeftHandPinky3
                      {
                        OFFSET 3.070974 4e-06 0.0
                        CHANNELS 3 Zrotation Yrotation Xrotation
                        JOINT LeftHandPinky4
                        {
                          OFFSET 1.549672 0.0 1e-06
                          CHANNELS 3 Zrotation Yrotation Xrotation
                          JOINT LeftHandPinkyEnd
                          {
                            OFFSET 1.944893 -0.157802 0.057219
                            CHANNELS 3 Zrotation Yrotation Xrotation
                          }
                        }
                      }
                    }
                  }
                }
              }
            }
          }
          JOINT RightShoulder
          {
            OFFSET -1.380118 23.180309 5.214158
            CHANNELS 3 Zrotation Yrotation Xrotation
            JOINT RightArm
            {
              OFFSET -15.037196 1.2e-05 -5.545604
              CHANNELS 3 Zrotation Yrotation Xrotation
              JOINT RightForeArm
              {
                OFFSET -28.736639 2e-06 -0.002597
                CHANNELS 3 Zrotation Yrotation Xrotation
                JOINT RightHand
                {
                  OFFSET -27.133619 -0.0 0.002613
                  CHANNELS 3 Zrotation Yrotation Xrotation
                  JOINT RightHandThumb1
                  {
                    OFFSET -2.274032 -1.383988 3.163127
                    CHANNELS 3 Zrotation Yrotation Xrotation
                    JOINT RightHandThumb2
                    {
                      OFFSET -4.011429 -1.827466 1.640914
                      CHANNELS 3 Zrotation Yrotation Xrotation
                      JOINT RightHandThumb3
                      {
                        OFFSET -2.794935 -4e-06 -3e-06
                        CHANNELS 3 Zrotation Yrotation Xrotation
                        JOINT RightHandThumbEnd
                        {
                          OFFSET -3.183852 4e-06 1e-06
                          CHANNELS 3 Zrotation Yrotation Xrotation
                        }
                      }
                    }
                  }
                  JOINT RightHandIndex1
                  {
                    OFFSET -3.253266 -0.520057 2.282866
                    CHANNELS 3 Zrotation Yrotation Xrotation
                    JOINT RightHandIndex2
                    {
                      OFFSET -6.341917 0.012471 0.178266
                      CHANNELS 3 Zrotation Yrotation Xrotation
                      JOINT RightHandIndex3
                      {
                        OFFSET -3.654871 -8e-06 -0.0
                        CHANNELS 3 Zrotation Yrotation Xrotation
                        JOINT RightHandIndex4
                        {
                          OFFSET -2.327586 0.0 1e-06
                          CHANNELS 3 Zrotation Yrotation Xrotation
                          JOINT RightHandIndexEnd
                          {
                            OFFSET -2.76179 -0.180656 -0.113078
                            CHANNELS 3 Zrotation Yrotation Xrotation
                          }
                        }
                      }
                    }
                  }
                  JOINT RightHandMiddle1
                  {
                    OFFSET -3.168106 0.246593 1.00103
                    CHANNELS 3 Zrotation Yrotation Xrotation
                    JOINT RightHandMiddle2
                    {
                      OFFSET -6.180828 -0.258836 -1.000895
                      CHANNELS 3 Zrotation Yrotation Xrotation
                      JOINT RightHandMiddle3
                      {
                        OFFSET -4.348901 0.0 -0.0
                        CHANNELS 3 Zrotation Yrotation Xrotation
                        JOINT RightHandMiddle4
                        {
                          OFFSET -3.00024 -4e-06 -2e-06
                          CHANNELS 3 Zrotation Yrotation Xrotation
                          JOINT RightHandMiddleEnd
                          {
                            OFFSET -2.30252 -0.29437 -0.031706
                            CHANNELS 3 Zrotation Yrotation Xrotation
                          }
                        }
                      }
                    }
                  }
                  JOINT RightHandRing1
                  {
                    OFFSET -2.88569 -0.067952 -0.308858
                    CHANNELS 3 Zrotation Yrotation Xrotation
                    JOINT RightHandRing2
                    {
                      OFFSET -5.854198 -0.48613 -1.373731
                      CHANNELS 3 Zrotation Yrotation Xrotation
                      JOINT RightHandRing3
                      {
                        OFFSET -4.33881 -4e-06 -0.0
                        CHANNELS 3 Zrotation Yrotation Xrotation
                        JOINT RightHandRing4
                        {
                          OFFSET -2.654903 -4e-06 4e-06
                          CHANNELS 3 Zrotation Yrotation Xrotation
                          JOINT RightHandRingEnd
                          {
                            OFFSET -1.933568 0.077527 -5.2e-05
                            CHANNELS 3 Zrotation Yrotation Xrotation
                          }
                        }
                      }
                    }
                  }
                  JOINT RightHandPinky1
                  {
                    OFFSET -2.866425 -0.342796 -1.584145
                    CHANNELS 3 Zrotation Yrotation Xrotation
                    JOINT RightHandPinky2
                    {
                      OFFSET -5.091371 -1.332055 -1.772385
                      CHANNELS 3 Zrotation Yrotation Xrotation
                      JOINT RightHandPinky3
                      {
                        OFFSET -3.062664 -4e-06 1e-06
                        CHANNELS 3 Zrotation Yrotation Xrotation
                        JOINT RightHandPinky4
                        {
                          OFFSET -1.546529 4e-06 -2e-06
                          CHANNELS 3 Zrotation Yrotation Xrotation
                          JOINT RightHandPinkyEnd
                          {
                            OFFSET -1.945119 -0.157718 0.057211
                            CHANNELS 3 Zrotation Yrotation Xrotation
                          }
                        }
                      }
                    }
                  }
                }
              }
            }
          }
        }
      }
    }
    JOINT LeftLeg
    {
      OFFSET 10.043214 -8.434526 2.595655
      CHANNELS 3 Zrotation Yrotation Xrotation
      JOINT LeftShin
      {
        OFFSET -1e-06 -43.221752 -0.802913
        CHANNELS 3 Zrotation Yrotation Xrotation
        JOINT LeftFoot
        {
          OFFSET 1e-06 -42.155094 -3.481523
          CHANNELS 3 Zrotation Yrotation Xrotation
          JOINT LeftToeBase
          {
            OFFSET 0.0 -5.059472 13.231529
            CHANNELS 3 Zrotation Yrotation Xrotation
            JOINT LeftToeEnd
            {
              OFFSET -0.009607 -1.647619 6.513017
              CHANNELS 3 Zrotation Yrotation Xrotation
            }
          }
        }
      }
    }
    JOINT RightLeg
    {
      OFFSET -10.047278 -8.29526 2.620317
      CHANNELS 3 Zrotation Yrotation Xrotation
      JOINT RightShin
      {
        OFFSET 1e-06 -43.362206 -0.805556
        CHANNELS 3 Zrotation Yrotation Xrotation
        JOINT RightFoot
        {
          OFFSET 2e-06 -42.117393 -3.478398
          CHANNELS 3 Zrotation Yrotation Xrotation
          JOINT RightToeBase
          {
            OFFSET -0.0 -5.079609 13.284196
            CHANNELS 3 Zrotation Yrotation Xrotation
            JOINT RightToeEnd
            {
              OFFSET 0.009532 -1.634378 6.460591
              CHANNELS 3 Zrotation Yrotation Xrotation
            }
          }
        }
      }
    }
  }
}
MOTION
Frames: 105
Frame Time: 0.03333333333333333
0.0 0.0 0.0 0.0 -0.0 0.0 2.894453 100.005402 5.10628 1.510277 -0.018974 -5.597008 -1.214312 0.436526 -3.450913 -0.635851 0.303602 -6.236075 -0.573262 -0.70307 11.658425 0.448989 2.584517 6.571161 -0.479639 0.115466 -3.717452 -0.107587 -0.483338 -4.108658 7.7e-05 -2.2e-05 6e-06 -0.001969 0.04572 -0.024781 0.721911 -3.702689 -10.6157 -0.731564 3.798427 -10.62082 -15.002608 -3.240414 12.481136 -59.866211 -9.778768 32.406357 0.333054 -23.072123 -0.153849 -1.488761 3.694689 -10.591736 -5.882102 9.861279 0.702592 -10.936863 -0.360574 7.156202 -1e-06 8.774821 -2e-06 -16.064028 18.062231 6.049093 -1.844031 2.498504 -2.507276 -10.16359 4.678942 4.621108 -20.976004 -3e-06 2e-06 -21.226263 2.451697 -3.593997 0.0 -6e-06 -1e-06 -1.36268 2.240796 -0.746324 -21.334896 0.584909 3.008321 -13.821201 -4e-06 0.0 -23.887152 -0.249075 -0.83948 -60.051685 2.350984 -1.138343 -0.294025 1.679687 0.833256 -14.218197 0.093215 1.300582 -34.212013 -0.287562 0.967171 -20.033194 0.964536 1.212843 0.0 -0.0 0.0 -3.440385 0.788233 0.501656 -15.928174 -3.167307 2.999705 -6.33882 -1e-06 0.0 -18.123426 3.648184 -4.905667 -2e-06 -0.0 -1e-06 14.657248 9.833238 13.076167 63.906986 6.012196 24.92185 0.27596 27.135391 0.111332 2.762215 0.107806 11.18574 2.24354 -5.255033 -3.180155 14.282881 -0.826592 6.952499 -4e-06 -12.690593 0.0 16.008091 -17.534407 2.578322 1.665666 -1.95592 -2.878297 4.727797 -4.170584 4.993918 11.02052 3e-06 0.0 12.109043 -3.735713 -2.866782 0.0 -0.0 1e-06 1.291983 -1.928546 -1.498088 14.800118 0.567468 3.865607 14.242561 -1.341736 -6.660653 19.631954 0.143926 -0.648243 49.894218 -0.758905 -6.247419 0.353029 -1.511149 -0.03194 20.222782 3.684309 2.316626 18.787262 6e-06 -1e-06 10.75162 -0.479866 1.397905 0.0 2e-06 1e-06 3.273805 0.305947 -0.58011 21.486801 11.830368 2.266131 8.162922 3e-06 -2e-06 18.399071 -3.798979 -4.940572 3e-06 -0.0 0.0 2.247655 6.609746 9.375991 0.018502 -0.103652 2.818813 -2.871867 7.230565 -6.102076 1.653345 -1.932451 -0.379054 0.0 -0.0 2e-06 -5.660891 8.390816 8.69576 -0.019326 0.168456 1.709366 6.086624 -5.557358 -4.22206 -1.427186 1.074644 0.374234 -0.0 0.0 -1e-06 
0.0 0.0 0.0 0.0 -0.0 0.0 2.95088 100.02993 5.20572 1.535756 0.02246 -5.556622 -1.2342 0.435913 -3.418219 -0.614106 0.351264 -6.231239 -0.591641 -0.708133 11.640948 0.457469 2.577696 6.538932 -0.496008 0.157426 -3.702915 -0.125995 -0.452639 -4.019622 7.7e-05 -2.3e-05 6e-06 0.003934 0.062581 -0.025421 0.721469 -3.685108 -10.61858 -0.719695 3.814207 -10.624318 -15.054707 -3.212944 12.474394 -59.769287 -9.772602 32.453823 0.297522 -23.109568 -0.153498 -1.580993 3.672422 -10.347507 -5.882106 9.861285 0.702588 -10.93687 -0.360575 7.156202 -0.0 8.774824 -1e-06 -16.068014 18.063665 6.10309 -1.844033 2.498505 -2.507279 -10.1636 4.678944 4.621105 -20.976023 -3e-06 1e-06 -21.226286 2.451696 -3.594002 0.0 -6e-06 -0.0 -1.362681 2.240798 -0.746321 -21.334911 0.58491 3.008321 -13.821213 -4e-06 -0.0 -23.887167 -0.24908 -0.839485 -60.188747 2.365665 -1.050314 -0.294024 1.679687 0.833255 -14.218207 0.093215 1.30058 -34.212048 -0.287565 0.967166 -20.033211 0.964534 1.212842 -1e-06 0.0 0.0 -3.440388 0.788233 0.501657 -15.928185 -3.167309 2.999705 -6.338826 -2e-06 0.0 -18.123449 3.648183 -4.905674 -3e-06 -0.0 -3e-06 14.648885 9.870325 13.182827 64.015297 5.963568 24.826065 0.218362 27.137001 0.131993 2.879709 0.055866 11.168635 2.243541 -5.255036 -3.180156 14.282888 -0.826595 6.952498 -2e-06 -12.690601 -2e-06 15.985655 -17.510578 2.554116 1.665666 -1.955921 -2.878298 4.727799 -4.170585 4.993922 11.020524 1e-06 0.0 12.109051 -3.735714 -2.866784 -0.0 -0.0 2e-06 1.291986 -1.928549 -1.498091 14.800125 0.567467 3.865606 14.242571 -1.341736 -6.660659 19.631968 0.143926 -0.648246 49.836128 -0.703984 -6.295202 0.353029 -1.51115 -0.03194 20.222788 3.684308 2.31663 18.78727 5e-06 -1e-06 10.751627 -0.479869 1.397905 -1e-06 1e-06 1e-06 3.273807 0.305947 -0.58011 21.486809 11.830366 2.266131 8.162924 -0.0 -1e-06 18.399076 -3.798985 -4.940575 3e-06 -1e-06 -0.0 2.248908 6.631579 9.343562 0.010235 -0.144042 2.8552 -2.841896 7.227228 -6.168148 1.650555 -1.938045 -0.386422 0.0 -0.0 2e-06 -5.681665 8.3394 8.705645 -0.028084 0.132732 1.682252 6.086493 -5.524383 -4.274146 -1.424645 1.054866 0.318483 -0.0 0.0 -1e-06 
0.0 0.0 0.0 0.0 -0.0 0.0 2.960719 100.052795 5.220169 1.539786 0.098182 -5.509892 -1.234274 0.441277 -3.391799 -0.612183 0.366426 -6.241884 -0.60154 -0.708035 11.660012 0.485607 2.589812 6.565432 -0.516739 0.196587 -3.693697 -0.130795 -0.409747 -3.984689 7.7e-05 -2.2e-05 6e-06 0.006532 0.067139 -0.021259 0.714503 -3.683075 -10.623033 -0.707813 3.821167 -10.62789 -15.086267 -3.211297 12.459969 -59.683853 -9.761358 32.570297 0.290306 -23.096066 -0.158893 -1.699954 3.660831 -10.275691 -5.882098 9.861274 0.702588 -10.936857 -0.360576 7.156194 0.0 8.774815 -3e-06 -16.089516 18.079515 6.143752 -1.84403 2.498502 -2.507276 -10.163588 4.678937 4.621106 -20.975998 -5e-06 3e-06 -21.226259 2.451692 -3.593995 0.0 -6e-06 -1e-06 -1.362679 2.240795 -0.746323 -21.334887 0.584906 3.008318 -13.821197 -4e-06 1e-06 -23.88714 -0.249079 -0.83948 -60.307518 2.357248 -0.971597 -0.294024 1.679685 0.833254 -14.218193 0.093214 1.30058 -34.212009 -0.287564 0.967173 -20.033192 0.964536 1.212844 0.0 -0.0 0.0 -3.440384 0.788233 0.501654 -15.928168 -3.167307 2.999707 -6.338818 -1e-06 0.0 -18.123425 3.64818 -4.905663 -2e-06 -0.0 -3e-06 14.66562 9.918104 13.248149 64.109604 5.903823 24.858101 0.126111 27.136036 0.112563 2.999367 -0.007607 11.070555 2.243538 -5.255032 -3.180155 14.282874 -0.826592 6.952496 -4e-06 -12.690594 0.0 15.976744 -17.500856 2.541612 1.665665 -1.955919 -2.878295 4.727793 -4.170584 4.993918 11.020514 4e-06 -0.0 12.109036 -3.735711 -2.866781 -0.0 -0.0 1e-06 1.291984 -1.928548 -1.498088 14.800114 0.567469 3.865605 14.242558 -1.341733 -6.660649 19.631948 0.143928 -0.648242 49.767445 -0.685582 -6.332864 0.353029 -1.51115 -0.031941 20.222769 3.684308 2.316628 18.787251 6e-06 1e-06 10.751619 -0.479865 1.397904 -1e-06 1e-06 1e-06 3.273803 0.305947 -0.58011 21.486788 11.830364 2.266131 8.162916 2e-06 -1e-06 18.399059 -3.79898 -4.940569 3e-06 -1e-06 -1e-06 2.275337 6.645197 9.304911 0.009119 -0.159428 2.891582 -2.861437 7.164462 -6.233096 1.646348 -1.940373 -0.337717 0.0 -0.0 2e-06 -5.662678 8.291122 8.704391 -0.038484 0.104584 1.675949 6.033062 -5.476966 -4.243044 -1.41869 1.037346 0.313248 -0.0 -0.0 -1e-06 
0.0 0.0 0.0 0.0 -0.0 0.0 2.928891 100.04612 5.251676 1.535186 0.15481 -5.46815 -1.223609 0.451182 -3.374246 -0.616281 0.375606 -6.243683 -0.608262 -0.727073 11.671664 0.526674 2.616278 6.631119 -0.545166 0.203941 -3.697687 -0.153225 -0.392067 -3.939208 7.7e-05 -2.2e-05 6e-06 0.007717 0.066623 -0.018978 0.708367 -3.684868 -10.626932 -0.699495 3.821929 -10.632786 -15.091493 -3.214538 12.422266 -59.652367 -9.700634 32.748528 0.299462 -23.064692 -0.160175 -1.808557 3.645503 -10.283813 -5.8821 9.861276 0.70259 -10.936859 -0.360572 7.156201 -0.0 8.774817 1e-06 -16.118637 18.106335 6.165392 -1.84403 2.498501 -2.507276 -10.163589 4.678942 4.621108 -20.976 -2e-06 4e-06 -21.226265 2.451695 -3.593997 -0.0 -8e-06 -1e-06 -1.36268 2.240796 -0.746322 -21.334888 0.584912 3.008322 -13.821197 -1e-06 3e-06 -23.887142 -0.249075 -0.839483 -60.394966 2.338368 -0.930705 -0.294024 1.679685 0.833255 -14.218192 0.093215 1.300581 -34.212009 -0.28756 0.967169 -20.033194 0.964539 1.212844 -1e-06 -1e-06 1e-06 -3.440385 0.788232 0.501657 -15.928168 -3.167305 2.999706 -6.338819 -1e-06 0.0 -18.123426 3.648183 -4.905666 -2e-06 -0.0 -3e-06 14.681104 9.953227 13.255172 64.18293 5.82743 24.982157 0.061531 27.07777 0.090741 3.095084 -0.017158 11.019071 2.24354 -5.255033 -3.180156 14.282887 -0.826594 6.9525 -3e-06 -12.690598 2e-06 15.967963 -17.502306 2.541057 1.665665 -1.955921 -2.878299 4.727797 -4.170587 4.993925 11.020524 2e-06 -2e-06 12.10905 -3.735715 -2.866784 -0.0 -1e-06 1e-06 1.291985 -1.928548 -1.498088 14.800125 0.567468 3.865607 14.242569 -1.341736 -6.660655 19.631962 0.143925 -0.648247 49.740417 -0.684164 -6.336072 0.353029 -1.51115 -0.031941 20.222786 3.684307 2.31663 18.78727 5e-06 2e-06 10.751625 -0.479871 1.397908 -2e-06 0.0 1e-06 3.273806 0.305947 -0.580111 21.486809 11.830368 2.266131 8.162924 2e-06 -1e-06 18.399076 -3.798985 -4.940575 4e-06 0.0 -3e-06 2.330891 6.678444 9.283908 0.010807 -0.167454 2.915551 -2.936896 7.080321 -6.305788 1.642726 -1.937028 -0.283465 0.0 -0.0 2e-06 -5.629178 8.246741 8.718352 -0.044371 0.08153 1.677818 5.989622 -5.468393 -4.25561 -1.414405 1.035265 0.33573 0.0 0.0 -1e-06 
0.0 0.0 0.0 0.0 -0.0 0.0 2.864406 100.025749 5.272069 1.527311 0.20465 -5.412692 -1.208647 0.461471 -3.366933 -0.622584 0.376212 -6.241993 -0.60094 -0.745076 11.67656 0.556096 2.642327 6.706546 -0.557439 0.207128 -3.707266 -0.185591 -0.387532 -3.859777 7.7e-05 -2.2e-05 6e-06 0.007885 0.07054 -0.017165 0.703893 -3.679706 -10.627125 -0.694852 3.82453 -10.632659 -15.097152 -3.224805 12.371811 -59.644295 -9.626136 32.91473 0.297442 -23.001547 -0.151814 -1.931517 3.609538 -10.358039 -5.882102 9.861281 0.702589 -10.936861 -0.360574 7.156206 -1e-06 8.774821 -1e-06 -16.135328 18.129557 6.178681 -1.84403 2.498504 -2.507277 -10.163592 4.678944 4.621107 -20.976006 -0.0 1e-06 -21.226269 2.451698 -3.593999 -0.0 -7e-06 0.0 -1.36268 2.240798 -0.746322 -21.334896 0.584911 3.008324 -13.821201 -1e-06 1e-06 -23.887152 -0.249076 -0.839483 -60.434765 2.316542 -0.914401 -0.294024 1.679686 0.833255 -14.218197 0.093215 1.30058 -34.212013 -0.287557 0.967171 -20.033195 0.964539 1.212841 0.0 -0.0 0.0 -3.440386 0.788233 0.501655 -15.928174 -3.167307 2.999707 -6.33882 -0.0 1e-06 -18.12343 3.648185 -4.905667 -3e-06 -0.0 -3e-06 14.701752 9.96276 13.227581 64.22274 5.759155 25.147678 0.024972 26.968616 0.067237 3.154275 0.007352 10.960927 2.24354 -5.255033 -3.180154 14.282878 -0.826593 6.952497 -2e-06 -12.690595 -1e-06 15.94626 -17.507284 2.550326 1.665666 -1.955921 -2.878297 4.727795 -4.170585 4.993918 11.020516 2e-06 0.0 12.10904 -3.735713 -2.866783 0.0 -1e-06 0.0 1.291984 -1.928548 -1.498091 14.800115 0.567466 3.865603 14.242559 -1.341735 -6.660655 19.631948 0.143926 -0.648244 49.730305 -0.691629 -6.32577 0.353029 -1.51115 -0.031939 20.222775 3.684308 2.316626 18.787256 4e-06 -0.0 10.751617 -0.479868 1.397904 -1e-06 1e-06 -0.0 3.273804 0.305948 -0.580111 21.486794 11.830366 2.266129 8.16292 1e-06 -2e-06 18.399065 -3.798982 -4.940571 4e-06 -0.0 -3e-06 2.402665 6.730441 9.260367 0.013084 -0.176311 2.928856 -3.027609 6.986302 -6.377267 1.639713 -1.938614 -0.234563 0.0 -0.0 2e-06 -5.588849 8.216447 8.717322 -0.045926 0.066957 1.690946 5.954905 -5.494265 -4.28861 -1.413352 1.035701 0.357587 0.0 0.0 -1e-06 
0.0 0.0 0.0 0.0 -0.0 0.0 2.769626 100.011574 5.316848 1.517657 0.268049 -5.334089 -1.191642 0.465466 -3.366909 -0.622728 0.369204 -6.242516 -0.590255 -0.750293 11.684113 0.559261 2.651192 6.750338 -0.545249 0.233678 -3.712541 -0.215099 -0.40866 -3.773132 7.7e-05 -2.2e-05 6e-06 0.007777 0.088737 -0.014397 0.702894 -3.659007 -10.623364 -0.69425 3.839788 -10.628168 -15.096518 -3.234699 12.319947 -59.659885 -9.566611 33.031349 0.288329 -22.919888 -0.140578 -2.059169 3.563399 -10.455447 -5.882103 9.861279 0.702589 -10.936863 -0.360572 7.156201 -2e-06 8.774817 1e-06 -16.140162 18.14982 6.196606 -1.844031 2.498503 -2.507274 -10.163592 4.678943 4.621107 -20.976006 1e-06 -1e-06 -21.226269 2.451699 -3.594 2e-06 -7e-06 -0.0 -1.362681 2.240797 -0.746322 -21.334896 0.584915 3.008321 -13.821203 0.0 1e-06 -23.887152 -0.249074 -0.839486 -60.459209 2.300519 -0.905818 -0.294024 1.679686 0.833256 -14.218198 0.093219 1.300581 -34.212021 -0.287556 0.967166 -20.033197 0.964539 1.212838 0.0 1e-06 1e-06 -3.440386 0.788233 0.501655 -15.928176 -3.167304 2.999707 -6.338821 -0.0 1e-06 -18.123436 3.648183 -4.90567 -3e-06 -0.0 -3e-06 14.719067 9.957202 13.170909 64.250626 5.693873 25.329416 -0.029611 26.864662 0.038482 3.186318 0.034576 10.849079 2.243541 -5.255034 -3.180154 14.282884 -0.826595 6.952496 -1e-06 -12.690596 -2e-06 15.92126 -17.500603 2.559396 1.665666 -1.955921 -2.878298 4.727797 -4.170585 4.993918 11.020521 2e-06 -2e-06 12.109047 -3.735713 -2.866784 -1e-06 -0.0 1e-06 1.291985 -1.928548 -1.498087 14.80012 0.567467 3.865602 14.242564 -1.341737 -6.660656 19.631958 0.143925 -0.648248 49.713562 -0.702973 -6.322288 0.353029 -1.511149 -0.031939 20.222782 3.684306 2.316625 18.787266 5e-06 -4e-06 10.751624 -0.479867 1.397904 -1e-06 1e-06 1e-06 3.273806 0.305946 -0.580109 21.486799 11.830364 2.26613 8.162922 2e-06 -3e-06 18.399071 -3.79898 -4.940577 4e-06 0.0 -3e-06 2.47407 6.780585 9.214673 0.015058 -0.184824 2.942308 -3.116851 6.891388 -6.446337 1.636979 -1.937569 -0.195375 -0.0 0.0 2e-06 -5.543705 8.200778 8.68593 -0.046933 0.061871 1.715374 5.921429 -5.557903 -4.323968 -1.413975 1.037317 0.386376 -0.0 -0.0 -1e-06 
0.0 0.0 0.0 0.0 -0.0 0.0 2.684304 100.000092 5.374514 1.50816 0.308647 -5.237067 -1.172858 0.470107 -3.365338 -0.618508 0.365117 -6.239028 -0.577165 -0.751767 11.685872 0.551142 2.652059 6.757943 -0.53412 0.268558 -3.711524 -0.227393 -0.437313 -3.696392 7.7e-05 -2.3e-05 6e-06 0.007362 0.105103 -0.011561 0.704129 -3.641922 -10.627188 -0.696456 3.854941 -10.631049 -15.102498 -3.230641 12.274744 -59.693359 -9.530543 33.113483 0.277324 -22.812637 -0.130175 -2.167563 3.51433 -10.561533 -5.882102 9.86128 0.70259 -10.936865 -0.360575 7.156201 0.0 8.77482 1e-06 -16.141485 18.163637 6.217892 -1.844031 2.498503 -2.507278 -10.163592 4.678942 4.621107 -20.976009 -3e-06 1e-06 -21.226273 2.451694 -3.593999 1e-06 -6e-06 -0.0 -1.362681 2.240797 -0.746321 -21.334898 0.58491 3.008322 -13.821204 -3e-06 3e-06 -23.887156 -0.249077 -0.839482 -60.475357 2.303114 -0.904234 -0.294025 1.679686 0.833254 -14.218199 0.093216 1.300581 -34.212021 -0.287562 0.96717 -20.033201 0.964536 1.212841 -1e-06 -1e-06 0.0 -3.440387 0.788233 0.501654 -15.928176 -3.167307 2.999711 -6.338821 -1e-06 0.0 -18.123436 3.648181 -4.905665 -2e-06 0.0 -3e-06 14.738039 9.964452 13.120111 64.261063 5.64095 25.463202 -0.083779 26.787376 0.01791 3.198955 0.04104 10.748916 2.243538 -5.255033 -3.180155 14.282877 -0.826593 6.952503 -3e-06 -12.690598 0.0 15.899692 -17.483944 2.566252 1.665664 -1.95592 -2.878298 4.727794 -4.170585 4.993921 11.020516 3e-06 -1e-06 12.109041 -3.735713 -2.866782 -0.0 -1e-06 0.0 1.291983 -1.928549 -1.498091 14.800114 0.56747 3.865603 14.242558 -1.341735 -6.660651 19.631948 0.143927 -0.648243 49.698368 -0.699965 -6.328197 0.353029 -1.51115 -0.03194 20.222771 3.684309 2.316632 18.787256 7e-06 -1e-06 10.751618 -0.479868 1.397907 -1e-06 1e-06 -0.0 3.273802 0.305946 -0.580113 21.486795 11.830368 2.266134 8.16292 1e-06 0.0 18.399067 -3.798981 -4.94057 4e-06 0.0 -3e-06 2.542479 6.845379 9.160855 0.016529 -0.194253 2.943769 -3.210969 6.791809 -6.532974 1.634385 -1.934152 -0.161457 0.0 -0.0 2e-06 -5.498168 8.187979 8.631796 -0.04884 0.060772 1.752341 5.85578 -5.616228 -4.387578 -1.415285 1.037339 0.41886 0.0 0.0 -1e-06 
0.0 0.0 0.0 0.0 -0.0 0.0 2.610079 99.998077 5.447307 1.502287 0.326663 -5.11594 -1.155282 0.472582 -3.364884 -0.611816 0.373412 -6.232263 -0.558924 -0.752179 11.68393 0.540172 2.641806 6.726344 -0.523046 0.310018 -3.7024 -0.244806 -0.462569 -3.643722 7.7e-05 -2.2e-05 6e-06 0.007086 0.120881 -0.00743 0.706939 -3.625352 -10.632178 -0.699832 3.869508 -10.634893 -15.120782 -3.220233 12.241996 -59.731686 -9.5297 33.15723 0.267005 -22.675306 -0.126883 -2.273769 3.469402 -10.681605 -5.882106 9.861282 0.70259 -10.936866 -0.360573 7.156202 -2e-06 8.774822 -0.0 -16.159899 18.179848 6.234437 -1.844032 2.498504 -2.507276 -10.163597 4.678944 4.621107 -20.976015 0.0 2e-06 -21.226278 2.451699 -3.594 0.0 -7e-06 -1e-06 -1.362681 2.240798 -0.746322 -21.334906 0.584914 3.008324 -13.821209 0.0 2e-06 -23.887159 -0.249071 -0.839483 -60.501572 2.313692 -0.906179 -0.294025 1.679686 0.833256 -14.218203 0.093217 1.30058 -34.212032 -0.287556 0.96717 -20.033209 0.964539 1.212838 -1e-06 0.0 0.0 -3.440387 0.788234 0.501657 -15.928179 -3.167304 2.999708 -6.338824 1e-06 -1e-06 -18.123442 3.648186 -4.905669 -2e-06 0.0 -3e-06 14.768153 9.982913 13.095566 64.239983 5.632737 25.551689 -0.122875 26.703722 0.004555 3.193882 0.037249 10.634397 2.24354 -5.255031 -3.180155 14.282876 -0.826594 6.952495 -1e-06 -12.690591 -1e-06 15.894574 -17.471436 2.561976 1.665665 -1.955919 -2.878297 4.727794 -4.170584 4.993921 11.020515 2e-06 -1e-06 12.10904 -3.735713 -2.866783 -0.0 -0.0 1e-06 1.291985 -1.928548 -1.498088 14.800114 0.567467 3.865602 14.242558 -1.341735 -6.660652 19.631948 0.143924 -0.648247 49.682442 -0.687279 -6.344657 0.353028 -1.511149 -0.031941 20.222771 3.684306 2.316626 18.787254 3e-06 -0.0 10.751617 -0.47987 1.397904 -1e-06 -0.0 1e-06 3.273803 0.305946 -0.580111 21.48679 11.830361 2.266128 8.162918 0.0 -2e-06 18.399065 -3.798982 -4.94057 4e-06 0.0 -3e-06 2.601511 6.912104 9.100022 0.018333 -0.202423 2.922687 -3.292834 6.706794 -6.60802 1.632958 -1.934615 -0.14074 0.0 -0.0 2e-06 -5.449374 8.189494 8.555285 -0.050097 0.058859 1.792457 5.754811 -5.674511 -4.458437 -1.416634 1.032471 0.445752 0.0 0.0 -1e-06 
0.0 0.0 0.0 0.0 -0.0 0.0 2.538054 99.999939 5.527787 1.490916 0.325167 -4.961946 -1.130854 0.480659 -3.369124 -0.605899 0.378231 -6.225383 -0.524551 -0.742352 11.669944 0.525747 2.639428 6.655685 -0.512345 0.3342 -3.687953 -0.267854 -0.48407 -3.609979 7.7e-05 -2.2e-05 6e-06 0.00663 0.130903 -0.004683 0.708832 -3.614172 -10.634993 -0.70253 3.878086 -10.636548 -15.14489 -3.21944 12.216569 -59.789043 -9.54731 33.175961 0.266998 -22.528212 -0.124407 -2.404528 3.435166 -10.847775 -5.882097 9.861273 0.702592 -10.936859 -0.360575 7.156201 2e-06 8.774816 0.0 -16.195911 18.195454 6.240603 -1.844029 2.4985 -2.507277 -10.163587 4.678937 4.621105 -20.975996 -6e-06 1e-06 -21.226259 2.451692 -3.593993 1e-06 -6e-06 -1e-06 -1.36268 2.240796 -0.746322 -21.334887 0.584908 3.008321 -13.821198 -3e-06 3e-06 -23.887142 -0.249077 -0.83948 -60.534409 2.31627 -0.911698 -0.294024 1.679684 0.833256 -14.218191 0.093213 1.30058 -34.212006 -0.287563 0.967173 -20.033188 0.964536 1.212844 -0.0 0.0 0.0 -3.440384 0.788232 0.501657 -15.928167 -3.167306 2.999707 -6.338817 -1e-06 -1e-06 -18.123425 3.648178 -4.905661 -2e-06 0.0 -3e-06 14.794195 10.025403 13.082697 64.197548 5.65913 25.599127 -0.136613 26.607517 -0.005051 3.205606 0.017748 10.587249 2.243537 -5.255028 -3.180154 14.282867 -0.826594 6.952499 -2e-06 -12.690584 -2e-06 15.899929 -17.465237 2.559032 1.665663 -1.955919 -2.878296 4.727792 -4.17058 4.99392 11.020509 3e-06 -1e-06 12.109033 -3.73571 -2.866781 -0.0 -0.0 1e-06 1.291983 -1.928546 -1.498088 14.800105 0.567468 3.865604 14.242547 -1.341735 -6.660648 19.631935 0.143924 -0.648242 49.683426 -0.681601 -6.351973 0.353028 -1.511149 -0.031939 20.222757 3.684305 2.316629 18.787243 5e-06 3e-06 10.751613 -0.479868 1.397906 0.0 0.0 0.0 3.273801 0.305947 -0.580111 21.48678 11.830356 2.266132 8.162914 0.0 2e-06 18.399054 -3.798981 -4.940565 3e-06 0.0 -3e-06 2.665451 6.985142 9.018582 0.019333 -0.209128 2.888963 -3.36171 6.631913 -6.694061 1.631864 -1.932159 -0.142472 0.0 -0.0 2e-06 -5.391443 8.208743 8.442817 -0.049444 0.051593 1.83875 5.642884 -5.72883 -4.535433 -1.417876 1.029992 0.469172 0.0 0.0 -1e-06 
0.0 0.0 0.0 0.0 -0.0 0.0 2.458876 100.005135 5.606172 1.471637 0.305275 -4.772481 -1.097243 0.492854 -3.383189 -0.600769 0.378671 -6.220905 -0.478769 -0.720813 11.656746 0.512229 2.637999 6.540019 -0.495419 0.340654 -3.671192 -0.283066 -0.492292 -3.594889 7.7e-05 -2.2e-05 6e-06 0.005598 0.127497 -0.003865 0.71022 -3.616145 -10.634259 -0.705789 3.873078 -10.635252 -15.165811 -3.235297 12.227057 -59.836864 -9.611753 33.161919 0.256409 -22.401022 -0.121659 -2.524629 3.386045 -11.000925 -5.882104 9.861281 0.70259 -10.936868 -0.360575 7.156204 1e-06 8.774822 -1e-06 -16.219374 18.220825 6.245603 -1.844032 2.498503 -2.507278 -10.163595 4.678942 4.621109 -20.976017 -5e-06 0.0 -21.226282 2.451694 -3.593999 1e-06 -6e-06 -1e-06 -1.362681 2.240797 -0.746325 -21.334909 0.584908 3.008321 -13.821212 -4e-06 0.0 -23.887165 -0.249082 -0.839484 -60.558693 2.321968 -0.918881 -0.294024 1.679685 0.833257 -14.218204 0.093215 1.30058 -34.212036 -0.287567 0.967168 -20.033207 0.964534 1.212842 0.0 -1e-06 0.0 -3.440388 0.788233 0.501654 -15.928183 -3.16731 2.999706 -6.338825 -3e-06 -2e-06 -18.123444 3.64818 -4.90567 -3e-06 1e-06 -3e-06 14.821015 10.065661 13.084253 64.123421 5.752219 25.63505 -0.135646 26.491035 -0.017471 3.246943 0.014625 10.636996 2.243541 -5.255037 -3.180159 14.282888 -0.826593 6.952505 -4e-06 -12.690602 0.0 15.913837 -17.462074 2.563367 1.665666 -1.955921 -2.878298 4.727798 -4.170586 4.993925 11.020526 3e-06 -1e-06 12.109053 -3.735714 -2.866782 1e-06 -0.0 1e-06 1.291986 -1.928548 -1.498087 14.800127 0.567468 3.865608 14.24257 -1.341735 -6.660658 19.631968 0.143927 -0.648245 49.705959 -0.675737 -6.336044 0.353029 -1.511151 -0.031938 20.22279 3.684312 2.316632 18.78727 9e-06 1e-06 10.751625 -0.479867 1.397908 -1e-06 1e-06 2e-06 3.273806 0.305947 -0.58011 21.486813 11.830376 2.266133 8.162924 1e-06 -2e-06 18.399078 -3.79898 -4.940573 3e-06 0.0 -2e-06 2.730487 7.027162 8.90981 0.020748 -0.210238 2.841919 -3.425101 6.599619 -6.791306 1.630033 -1.931264 -0.140409 0.0 -0.0 2e-06 -5.328512 8.228066 8.27681 -0.048087 0.047266 1.907619 5.542356 -5.789298 -4.62835 -1.419639 1.026296 0.476922 0.0 0.0 -1e-06 
0.0 0.0 0.0 0.0 -0.0 0.0 2.386393 100.008629 5.675831 1.435559 0.268195 -4.548123 -1.054717 0.502287 -3.402596 -0.597131 0.37268 -6.215908 -0.41688 -0.690436 11.633275 0.514295 2.636926 6.398115 -0.472619 0.347321 -3.656247 -0.311111 -0.492686 -3.598898 7.7e-05 -2.2e-05 6e-06 0.004894 0.118257 -0.003088 0.712015 -3.623767 -10.630747 -0.708681 3.862481 -10.63043 -15.183237 -3.286476 12.252728 -59.863945 -9.683619 33.076935 0.221682 -22.31991 -0.105345 -2.610515 3.32513 -11.060652 -5.882102 9.861279 0.702588 -10.936861 -0.360573 7.156202 -1e-06 8.774819 1e-06 -16.228539 18.242617 6.243392 -1.84403 2.498502 -2.507276 -10.16359 4.678944 4.621109 -20.976004 0.0 2e-06 -21.226261 2.451699 -3.593998 -0.0 -7e-06 0.0 -1.362681 2.240797 -0.746324 -21.334892 0.584912 3.008322 -13.821201 -1e-06 2e-06 -23.887152 -0.249075 -0.839481 -60.567303 2.321247 -0.936752 -0.294024 1.679685 0.833255 -14.218195 0.093216 1.30058 -34.212013 -0.287558 0.967168 -20.033194 0.964539 1.212841 -0.0 -2e-06 1e-06 -3.440385 0.788234 0.501655 -15.928172 -3.167305 2.999707 -6.338821 -0.0 1e-06 -18.123428 3.648185 -4.905665 -4e-06 1e-06 -3e-06 14.847137 10.102885 13.076896 64.024506 5.890735 25.733147 -0.146287 26.3675 -0.033235 3.287456 0.040452 10.719431 2.24354 -5.255031 -3.180155 14.282874 -0.826595 6.952495 0.0 -12.690588 -3e-06 15.94064 -17.458166 2.570114 1.665664 -1.955921 -2.878296 4.727794 -4.170582 4.993915 11.020512 1e-06 -1e-06 12.109036 -3.735713 -2.866781 0.0 -0.0 -1e-06 1.291983 -1.928548 -1.498088 14.800108 0.567464 3.865604 14.242556 -1.341738 -6.660649 19.631941 0.143924 -0.648245 49.740906 -0.674227 -6.294381 0.35303 -1.511148 -0.031939 20.222767 3.684299 2.316631 18.787251 3e-06 -2e-06 10.751615 -0.479869 1.397903 0.0 0.0 0.0 3.273803 0.305946 -0.580109 21.486786 11.830358 2.266131 8.162917 1e-06 0.0 18.399059 -3.798983 -4.940572 4e-06 -0.0 -2e-06 2.813579 7.053345 8.785992 0.020248 -0.207626 2.786032 -3.502511 6.608119 -6.926035 1.628822 -1.927541 -0.137127 0.0 -0.0 2e-06 -5.243595 8.252328 8.061468 -0.046343 0.046158 2.007781 5.423325 -5.86242 -4.747838 -1.421293 1.025076 0.49236 0.0 0.0 -1e-06 
0.0 0.0 0.0 0.0 -0.0 0.0 2.30618 100.009621 5.749089 1.387037 0.20717 -4.295089 -1.009341 0.509932 -3.418773 -0.591742 0.36751 -6.215961 -0.345585 -0.673277 11.602815 0.532743 2.647516 6.245673 -0.457663 0.365279 -3.644064 -0.331374 -0.482044 -3.616014 7.7e-05 -2.2e-05 6e-06 0.005228 0.112476 -0.001354 0.713757 -3.628827 -10.627952 -0.70938 3.85658 -10.625957 -15.190968 -3.345621 12.266293 -59.873398 -9.763217 33.036499 0.177775 -22.28038 -0.077326 -2.653191 3.255845 -11.087211 -5.882104 9.861284 0.702591 -10.936868 -0.360574 7.156203 -1e-06 8.774822 -3e-06 -16.230213 18.24667 6.235919 -1.844032 2.498503 -2.507277 -10.163595 4.678944 4.621106 -20.976013 -2e-06 0.0 -21.226273 2.451699 -3.593999 0.0 -7e-06 -0.0 -1.362681 2.240798 -0.746325 -21.334904 0.58491 3.008322 -13.821208 -3e-06 1e-06 -23.887161 -0.249077 -0.839483 -60.562706 2.318338 -0.961425 -0.294024 1.679686 0.833253 -14.218201 0.093215 1.300581 -34.212036 -0.287563 0.967172 -20.033201 0.964538 1.212843 0.0 -0.0 0.0 -3.440387 0.788232 0.501657 -15.928183 -3.167309 2.999707 -6.338824 -2e-06 -1e-06 -18.123444 3.648183 -4.905668 -3e-06 -0.0 -1e-06 14.85678 10.159033 13.041797 63.922531 6.042377 25.834801 -0.152558 26.279264 -0.037944 3.334012 0.074336 10.794037 2.243541 -5.255035 -3.180156 14.282885 -0.826594 6.952497 -2e-06 -12.690601 -2e-06 15.952767 -17.455967 2.579023 1.665665 -1.955921 -2.878299 4.727797 -4.170587 4.993919 11.02052 2e-06 -2e-06 12.109046 -3.735716 -2.866783 -1e-06 0.0 0.0 1.291985 -1.928548 -1.498089 14.800122 0.567468 3.865603 14.242564 -1.341736 -6.660652 19.631954 0.143926 -0.648244 49.752796 -0.675081 -6.259682 0.353028 -1.511152 -0.031939 20.222784 3.684308 2.316627 18.787266 6e-06 -2e-06 10.751622 -0.479868 1.397903 0.0 1e-06 0.0 3.273806 0.305947 -0.580112 21.486801 11.830369 2.266131 8.162922 1e-06 -2e-06 18.399073 -3.798983 -4.940574 3e-06 0.0 -2e-06 2.915271 7.094178 8.649788 0.017973 -0.20287 2.733595 -3.58269 6.640314 -7.078691 1.628593 -1.922347 -0.141423 0.0 0.0 2e-06 -5.132569 8.312414 7.811059 -0.047986 0.041747 2.132725 5.289424 -5.955961 -4.908377 -1.422295 1.021861 0.517984 0.0 0.0 -1e-06 
0.0 0.0 0.0 0.0 -0.0 0.0 2.215117 100.014542 5.846401 1.333116 0.112956 -4.018948 -0.967985 0.513619 -3.433878 -0.584382 0.363667 -6.227394 -0.272142 -0.680233 11.57542 0.564083 2.656605 6.105216 -0.438364 0.433154 -3.639359 -0.32591 -0.464967 -3.644212 7.7e-05 -2.2e-05 6e-06 0.005557 0.112491 -0.000223 0.714443 -3.628583 -10.628381 -0.709091 3.856944 -10.624673 -15.188127 -3.392647 12.278578 -59.853973 -9.862087 33.092484 0.137751 -22.276329 -0.04875 -2.659653 3.196133 -11.121601 -5.882098 9.861276 0.70259 -10.936857 -0.360575 7.156197 -0.0 8.774817 -2e-06 -16.22529 18.235374 6.233038 -1.84403 2.498502 -2.507277 -10.163588 4.678939 4.621105 -20.975998 -4e-06 2e-06 -21.226259 2.451694 -3.593994 1e-06 -6e-06 -1e-06 -1.36268 2.240795 -0.746322 -21.334888 0.584908 3.008318 -13.821198 -3e-06 2e-06 -23.88714 -0.249079 -0.839483 -60.541042 2.314601 -0.981387 -0.294025 1.679685 0.833253 -14.218191 0.093214 1.30058 -34.212013 -0.287567 0.967169 -20.03319 0.964536 1.212843 0.0 -1e-06 0.0 -3.440384 0.788232 0.501654 -15.928168 -3.167307 2.9997 -6.338819 -2e-06 0.0 -18.123425 3.648178 -4.905663 -4e-06 -0.0 -2e-06 14.845439 10.232322 12.977114 63.812935 6.196198 25.90126 -0.145779 26.277151 -0.032567 3.402436 0.093235 10.899464 2.243538 -5.255029 -3.180153 14.282871 -0.826593 6.952492 -2e-06 -12.69059 1e-06 15.953029 -17.444391 2.586279 1.665664 -1.95592 -2.878296 4.727793 -4.170581 4.993917 11.020512 4e-06 -1e-06 12.109034 -3.735711 -2.866779 1e-06 -0.0 1e-06 1.291983 -1.928547 -1.498088 14.800112 0.567468 3.865605 14.242556 -1.341733 -6.660651 19.631941 0.143926 -0.648244 49.741722 -0.677021 -6.244962 0.353028 -1.511148 -0.03194 20.222765 3.684304 2.316627 18.787249 4e-06 2e-06 10.751616 -0.479868 1.397906 -2e-06 1e-06 -0.0 3.273803 0.305945 -0.58011 21.486786 11.83036 2.266132 8.162915 2e-06 0.0 18.399055 -3.798982 -4.940568 4e-06 0.0 -2e-06 3.027261 7.158556 8.508226 0.016423 -0.200104 2.68247 -3.671274 6.669486 -7.229113 1.628643 -1.919749 -0.163398 0.0 -0.0 2e-06 -5.011404 8.375816 7.527253 -0.051178 0.040731 2.281034 5.174821 -6.027373 -5.100419 -1.422973 1.020518 0.540208 0.0 -0.0 -1e-06 
0.0 0.0 0.0 0.0 -0.0 0.0 2.12346 100.020172 5.98679 1.264686 -0.014785 -3.70711 -0.920807 0.518564 -3.458682 -0.577333 0.356152 -6.242274 -0.189391 -0.708104 11.543911 0.596108 2.663826 5.958652 -0.415647 0.52661 -3.632073 -0.305397 -0.425805 -3.664533 7.7e-05 -2.3e-05 6e-06 0.005458 0.116271 0.002213 0.715681 -3.625294 -10.628196 -0.710173 3.861667 -10.623679 -15.188369 -3.443426 12.273683 -59.80901 -9.98166 33.229393 0.112276 -22.254391 -0.032064 -2.644616 3.140141 -11.054214 -5.882102 9.861282 0.702589 -10.936868 -0.360577 7.156203 1e-06 8.774822 -1e-06 -16.215767 18.205719 6.233059 -1.844032 2.498503 -2.507275 -10.163596 4.678943 4.621107 -20.976017 -4e-06 3e-06 -21.226276 2.451696 -3.593996 0.0 -7e-06 -0.0 -1.36268 2.240798 -0.746323 -21.334909 0.584907 3.008324 -13.821208 -5e-06 2e-06 -23.887159 -0.24908 -0.839477 -60.524376 2.314295 -1.005346 -0.294025 1.679687 0.833254 -14.218206 0.093213 1.300581 -34.212048 -0.287567 0.967173 -20.033209 0.964535 1.212846 0.0 -0.0 2e-06 -3.440387 0.788233 0.501656 -15.928183 -3.16731 2.999707 -6.338824 -1e-06 3e-06 -18.123444 3.64818 -4.905667 -2e-06 1e-06 -3e-06 14.807279 10.312021 12.893646 63.689396 6.385522 25.970787 -0.130448 26.355898 -0.027746 3.473132 0.116433 11.025965 2.24354 -5.255036 -3.180156 14.282883 -0.826593 6.952502 -2e-06 -12.690603 -1e-06 15.94752 -17.450005 2.595109 1.665665 -1.955922 -2.878297 4.727796 -4.170587 4.993923 11.02052 3e-06 -1e-06 12.109045 -3.735715 -2.866784 0.0 -0.0 -0.0 1.291984 -1.928549 -1.498089 14.80012 0.567469 3.865604 14.242562 -1.341737 -6.660655 19.631958 0.14393 -0.648244 49.744423 -0.697776 -6.242893 0.353028 -1.511149 -0.031941 20.222778 3.68431 2.31663 18.78726 6e-06 -1e-06 10.75162 -0.479867 1.397906 -1e-06 0.0 1e-06 3.273805 0.305947 -0.580112 21.486801 11.830373 2.266131 8.162922 3e-06 0.0 18.399071 -3.798982 -4.940573 3e-06 0.0 -3e-06 3.156236 7.247545 8.353494 0.013247 -0.198804 2.621551 -3.75646 6.69149 -7.385195 1.630268 -1.91556 -0.197732 0.0 -0.0 2e-06 -4.867165 8.466993 7.203026 -0.051911 0.043383 2.455207 5.046891 -6.093925 -5.303469 -1.424216 1.026756 0.566946 -0.0 -0.0 -1e-06 
0.0 0.0 0.0 0.0 -0.0 0.0 2.015826 100.022102 6.189763 1.185799 -0.171612 -3.359174 -0.87214 0.517535 -3.487347 -0.57185 0.33896 -6.258836 -0.097469 -0.740681 11.504016 0.628265 2.66741 5.800215 -0.389545 0.647048 -3.622159 -0.255895 -0.371709 -3.664212 7.7e-05 -2.2e-05 6e-06 0.004773 0.122621 0.00352 0.717 -3.61903 -10.627521 -0.712486 3.868432 -10.622356 -15.167941 -3.51404 12.282928 -59.753605 -10.138135 33.328701 0.087663 -22.225286 -0.021589 -2.621924 3.086957 -10.946509 -5.882101 9.861281 0.702589 -10.936865 -0.360575 7.156206 1e-06 8.774821 1e-06 -16.208622 18.161697 6.222589 -1.84403 2.498503 -2.507277 -10.163591 4.678943 4.621109 -20.976009 -4e-06 2e-06 -21.226269 2.451695 -3.593999 0.0 -6e-06 -0.0 -1.36268 2.240796 -0.746324 -21.3349 0.584908 3.008323 -13.821205 -4e-06 3e-06 -23.887154 -0.249077 -0.839481 -60.507896 2.310202 -1.024215 -0.294025 1.679686 0.833258 -14.218199 0.093213 1.30058 -34.212029 -0.287565 0.967172 -20.033199 0.964537 1.212845 -1e-06 -1e-06 2e-06 -3.440386 0.788233 0.501656 -15.928176 -3.167309 2.999706 -6.338821 -1e-06 0.0 -18.12343 3.648181 -4.905665 -3e-06 -0.0 -4e-06 14.736934 10.391189 12.797957 63.57523 6.615803 26.007488 -0.10379 26.509869 -0.027936 3.550176 0.141514 11.171124 2.24354 -5.255034 -3.180155 14.282884 -0.826592 6.952501 -4e-06 -12.6906 -1e-06 15.954465 -17.463285 2.594057 1.665664 -1.95592 -2.878298 4.727796 -4.170584 4.993923 11.02052 4e-06 0.0 12.109044 -3.735713 -2.866781 0.0 0.0 0.0 1.291985 -1.928548 -1.498088 14.80012 0.56747 3.865607 14.242561 -1.341733 -6.660654 19.631952 0.143929 -0.648241 49.750076 -0.727059 -6.253194 0.353028 -1.511149 -0.03194 20.222778 3.684313 2.316629 18.787262 9e-06 1e-06 10.75162 -0.479867 1.397907 -1e-06 1e-06 -0.0 3.273806 0.305947 -0.58011 21.486807 11.830376 2.266133 8.162922 1e-06 -2e-06 18.399073 -3.798982 -4.940569 3e-06 0.0 -3e-06 3.298131 7.342659 8.18828 0.010478 -0.202138 2.547812 -3.82943 6.729846 -7.578806 1.631637 -1.913933 -0.228266 -0.0 -1e-06 2e-06 -4.707244 8.587842 6.83598 -0.050068 0.044581 2.662868 4.908906 -6.137692 -5.53669 -1.426164 1.035349 0.584405 -0.0 -0.0 -1e-06 
0.0 0.0 0.0 0.0 -0.0 0.0 1.887185 100.023376 6.458163 1.102591 -0.359277 -2.963246 -0.827358 0.509212 -3.522425 -0.564934 0.313492 -6.272764 0.00442 -0.767988 11.445588 0.656078 2.669909 5.619576 -0.357618 0.774309 -3.611607 -0.193199 -0.315668 -3.65389 7.7e-05 -2.2e-05 6e-06 0.003833 0.125685 0.005145 0.717659 -3.61583 -10.62704 -0.71464 3.871814 -10.622113 -15.121037 -3.622142 12.291518 -59.708641 -10.29634 33.335972 0.069041 -22.202208 -0.014746 -2.589244 3.037174 -10.767783 -5.882102 9.861281 0.702589 -10.936865 -0.360575 7.156201 -0.0 8.774821 -1e-06 -16.224945 18.120853 6.183512 -1.844031 2.498504 -2.507277 -10.163593 4.678942 4.621107 -20.976009 -4e-06 3e-06 -21.226273 2.451694 -3.593997 -0.0 -6e-06 -1e-06 -1.362681 2.240797 -0.746322 -21.3349 0.584908 3.008322 -13.821204 -2e-06 2e-06 -23.887156 -0.249077 -0.839482 -60.478462 2.301318 -1.065164 -0.294026 1.679687 0.833253 -14.218199 0.093215 1.300579 -34.212032 -0.287562 0.967172 -20.033201 0.964537 1.212842 0.0 -0.0 2e-06 -3.440387 0.788232 0.501655 -15.928176 -3.167309 2.999705 -6.338823 -2e-06 0.0 -18.123436 3.648182 -4.905665 -2e-06 1e-06 -3e-06 14.648188 10.460635 12.701303 63.455948 6.869329 26.01335 -0.065496 26.739643 -0.024812 3.603468 0.184974 11.214208 2.24354 -5.255033 -3.180157 14.282887 -0.826595 6.952499 -2e-06 -12.690598 -1e-06 15.983562 -17.478085 2.586102 1.665667 -1.955919 -2.878297 4.727798 -4.170584 4.993924 11.020522 3e-06 -2e-06 12.109051 -3.735714 -2.866782 0.0 0.0 0.0 1.291986 -1.928549 -1.498088 14.800125 0.567468 3.865606 14.242568 -1.341735 -6.660658 19.631964 0.143925 -0.648244 49.769638 -0.757473 -6.254977 0.353028 -1.51115 -0.031941 20.22279 3.684308 2.316628 18.78727 8e-06 -1e-06 10.751625 -0.47987 1.397905 -1e-06 1e-06 -0.0 3.273806 0.305947 -0.580113 21.486809 11.830367 2.266131 8.162924 1e-06 -2e-06 18.399075 -3.798982 -4.940572 4e-06 1e-06 -3e-06 3.440521 7.416311 8.009299 0.006041 -0.207795 2.46129 -3.910117 6.82987 -7.830608 1.631905 -1.912072 -0.254804 0.0 -0.0 2e-06 -4.5364 8.734196 6.412146 -0.047559 0.041252 2.921077 4.741488 -6.174366 -5.834058 -1.427411 1.051587 0.597898 -0.0 -0.0 -1e-06 
0.0 0.0 0.0 0.0 -0.0 0.0 1.732198 100.029816 6.77149 1.021981 -0.562457 -2.510425 -0.786091 0.496846 -3.561919 -0.557981 0.276256 -6.283278 0.101564 -0.791253 11.372332 0.683813 2.669825 5.394788 -0.313404 0.904416 -3.607095 -0.109076 -0.254788 -3.658428 7.7e-05 -2.2e-05 6e-06 0.002935 0.127581 0.007333 0.718204 -3.611747 -10.620945 -0.716626 3.872203 -10.616295 -15.056382 -3.744096 12.30068 -59.643234 -10.483202 33.274063 0.040302 -22.203772 -0.010764 -2.514765 2.982245 -10.590037 -5.882105 9.861283 0.70259 -10.93687 -0.360576 7.156204 1e-06 8.774823 -2e-06 -16.245031 18.095316 6.144298 -1.844032 2.498503 -2.507278 -10.163599 4.678943 4.621108 -20.976021 -6e-06 0.0 -21.226286 2.451694 -3.594 1e-06 -5e-06 -1e-06 -1.362681 2.240798 -0.746324 -21.334913 0.584907 3.008321 -13.821213 -5e-06 1e-06 -23.887167 -0.249082 -0.839482 -60.452152 2.297181 -1.103124 -0.294024 1.679688 0.833255 -14.218207 0.093213 1.30058 -34.212048 -0.287567 0.967168 -20.033213 0.964533 1.212844 -0.0 0.0 2e-06 -3.440388 0.788234 0.501655 -15.928185 -3.16731 2.999705 -6.338826 -3e-06 0.0 -18.123444 3.648178 -4.905672 -3e-06 2e-06 -3e-06 14.564038 10.521918 12.590845 63.318375 7.123118 26.044069 -0.045874 27.025736 -0.028115 3.660183 0.251828 11.114378 2.243542 -5.255037 -3.180159 14.282894 -0.826596 6.952502 -2e-06 -12.690607 0.0 16.024706 -17.503042 2.57154 1.665667 -1.955921 -2.8783 4.727799 -4.170587 4.993925 11.020529 3e-06 -1e-06 12.109056 -3.735715 -2.866784 0.0 -0.0 -1e-06 1.291987 -1.92855 -1.498091 14.800132 0.567467 3.865608 14.242579 -1.341737 -6.660661 19.631975 0.143925 -0.648246 49.789192 -0.78525 -6.26416 0.353029 -1.511152 -0.031939 20.222801 3.68431 2.316629 18.787279 3e-06 -1e-06 10.751632 -0.47987 1.397904 -1e-06 1e-06 1e-06 3.273808 0.305946 -0.580111 21.486818 11.830376 2.266132 8.162929 1e-06 -1e-06 18.399084 -3.798985 -4.940575 4e-06 1e-06 -3e-06 3.580785 7.483552 7.800179 0.00197 -0.212151 2.37365 -3.995571 6.953772 -8.102288 1.632197 -1.904832 -0.309305 0.0 -0.0 2e-06 -4.360944 8.89111 5.932007 -0.046617 0.040334 3.215727 4.553586 -6.227899 -6.183232 -1.42806 1.066152 0.592291 -0.0 0.0 -1e-06 
0.0 0.0 0.0 0.0 -0.0 0.0 1.563182 100.035988 7.111433 0.942748 -0.776906 -1.994419 -0.749042 0.495173 -3.613557 -0.553268 0.222529 -6.293217 0.200543 -0.811695 11.295348 0.699787 2.664119 5.114584 -0.263042 1.022726 -3.609086 -0.005083 -0.208211 -3.68261 7.7e-05 -2.2e-05 6e-06 0.001164 0.130059 0.007101 0.719777 -3.6058 -10.615953 -0.721412 3.871772 -10.611867 -14.98708 -3.876105 12.304359 -59.537647 -10.714053 33.237137 0.014132 -22.23122 -0.006124 -2.431217 2.926654 -10.49122 -5.882106 9.861279 0.70259 -10.936867 -0.360572 7.156202 -2e-06 8.77482 -1e-06 -16.245708 18.075983 6.125063 -1.844032 2.498503 -2.507277 -10.163596 4.678944 4.621108 -20.976013 2e-06 2e-06 -21.22628 2.451699 -3.594003 1e-06 -6e-06 -0.0 -1.362682 2.240797 -0.746322 -21.334906 0.584915 3.00832 -13.821206 0.0 -0.0 -23.887161 -0.249075 -0.839486 -60.440907 2.304728 -1.127576 -0.294025 1.679685 0.833256 -14.218204 0.093218 1.30058 -34.21204 -0.287558 0.967163 -20.033209 0.96454 1.21284 0.0 -0.0 2e-06 -3.440387 0.788233 0.501655 -15.928183 -3.167304 2.999705 -6.338824 0.0 2e-06 -18.123444 3.648181 -4.905667 -3e-06 0.0 -2e-06 14.487658 10.565849 12.476044 63.154606 7.386748 26.094675 -0.036215 27.340563 -0.039233 3.735944 0.31569 10.987481 2.243541 -5.255031 -3.180155 14.282873 -0.826595 6.952492 -1e-06 -12.690585 0.0 16.053698 -17.540901 2.567383 1.665664 -1.955919 -2.878298 4.727794 -4.170582 4.993917 11.020513 1e-06 -3e-06 12.109037 -3.735711 -2.86678 0.0 0.0 -1e-06 1.291984 -1.928548 -1.498088 14.80011 0.567466 3.865602 14.242557 -1.341737 -6.66065 19.631945 0.143924 -0.648247 49.828381 -0.798195 -6.285192 0.35303 -1.511149 -0.031939 20.222769 3.684302 2.316627 18.787251 3e-06 -3e-06 10.751617 -0.479869 1.397903 -1e-06 0.0 0.0 3.273803 0.305946 -0.580109 21.486788 11.830354 2.266129 8.162918 1e-06 -3e-06 18.399059 -3.798981 -4.940573 3e-06 0.0 -2e-06 3.720617 7.566022 7.540375 0.003361 -0.217107 2.30656 -4.076754 7.073099 -8.373231 1.631218 -1.891961 -0.369323 0.0 -1e-06 2e-06 -4.188087 9.024889 5.383622 -0.048736 0.043492 3.549631 4.350208 -6.281635 -6.557383 -1.428306 1.069743 0.571361 -0.0 0.0 -1e-06 
0.0 0.0 0.0 0.0 -0.0 0.0 1.387309 100.036407 7.496513 0.856455 -0.985362 -1.414013 -0.71201 0.493561 -3.66261 -0.54714 0.161788 -6.298203 0.306212 -0.836177 11.19249 0.706 2.672874 4.770024 -0.226367 1.105645 -3.607706 0.096945 -0.164461 -3.736625 7.7e-05 -2.3e-05 6e-06 -0.000304 0.128923 0.003659 0.723902 -3.602134 -10.612267 -0.72814 3.866337 -10.60864 -14.918622 -4.015113 12.318435 -59.415653 -10.997802 33.182369 -0.015187 -22.258085 0.008618 -2.344394 2.894197 -10.39414 -5.882109 9.861291 0.702589 -10.936879 -0.360578 7.156205 2e-06 8.774831 -2e-06 -16.233465 18.047747 6.112846 -1.844034 2.498506 -2.507278 -10.163606 4.678946 4.621109 -20.97604 -6e-06 3e-06 -21.226299 2.451694 -3.594 1e-06 -5e-06 -0.0 -1.362682 2.240798 -0.746323 -21.334929 0.584905 3.008325 -13.821222 -6e-06 2e-06 -23.887188 -0.249084 -0.839482 -60.431759 2.319498 -1.145951 -0.294024 1.679689 0.833257 -14.218217 0.093212 1.30058 -34.212067 -0.287569 0.967174 -20.033226 0.964532 1.212845 -1e-06 2e-06 1e-06 -3.44039 0.788233 0.501655 -15.928198 -3.167314 2.999709 -6.33883 -3e-06 1e-06 -18.123459 3.648181 -4.905671 -3e-06 1e-06 -2e-06 14.420664 10.608932 12.371465 62.986935 7.665893 26.070955 -0.00395 27.626093 -0.043637 3.812885 0.352601 10.998297 2.243542 -5.255039 -3.180159 14.2829 -0.826593 6.952507 -4e-06 -12.690612 0.0 16.068031 -17.579491 2.571776 1.665666 -1.955922 -2.878302 4.7278 -4.170588 4.993925 11.020534 6e-06 -2e-06 12.109058 -3.735716 -2.866787 1e-06 0.0 -1e-06 1.291988 -1.928549 -1.498089 14.80014 0.567471 3.865608 14.24258 -1.341737 -6.660659 19.631981 0.143929 -0.648243 49.8596 -0.807055 -6.307514 0.353031 -1.511151 -0.031937 20.222803 3.684315 2.31663 18.787287 9e-06 1e-06 10.751634 -0.479865 1.397907 0.0 -0.0 0.0 3.27381 0.305947 -0.580112 21.486832 11.830386 2.266134 8.162933 2e-06 -1e-06 18.399096 -3.798985 -4.940577 3e-06 0.0 -3e-06 3.875578 7.667579 7.216863 0.005348 -0.216456 2.285585 -4.148648 7.169422 -8.675554 1.631123 -1.875311 -0.410405 0.0 -0.0 2e-06 -4.004255 9.164781 4.767612 -0.052216 0.037296 3.942594 4.116049 -6.340619 -6.972558 -1.428694 1.065168 0.53228 -0.0 -0.0 -1e-06 
0.0 0.0 0.0 0.0 -0.0 0.0 1.19333 100.021744 7.934156 0.763599 -1.186807 -0.764386 -0.670236 0.482327 -3.710586 -0.537924 0.104138 -6.306478 0.414264 -0.878745 11.066283 0.693309 2.705131 4.374678 -0.206603 1.159251 -3.602212 0.191912 -0.129257 -3.842896 7.7e-05 -2.2e-05 6e-06 -0.001467 0.123859 -0.002291 0.731125 -3.602424 -10.612286 -0.737414 3.856833 -10.609988 -14.843079 -4.1748 12.344138 -59.306049 -11.325881 33.117455 -0.047878 -22.25367 0.03024 -2.263659 2.908292 -10.246938 -5.882103 9.861283 0.702589 -10.93687 -0.360577 7.156201 1e-06 8.774822 -2e-06 -16.226347 18.012554 6.090334 -1.844032 2.498504 -2.507275 -10.163596 4.678943 4.621105 -20.976021 -5e-06 3e-06 -21.226278 2.451695 -3.593997 0.0 -5e-06 1e-06 -1.362681 2.240797 -0.746324 -21.334909 0.584907 3.008322 -13.821212 -4e-06 3e-06 -23.887165 -0.249081 -0.839482 -60.412663 2.335711 -1.167232 -0.294025 1.679686 0.833257 -14.218206 0.093212 1.300578 -34.212048 -0.287568 0.967172 -20.033209 0.964532 1.212844 -0.0 1e-06 1e-06 -3.440387 0.788233 0.501654 -15.928183 -3.16731 2.999704 -6.338823 -2e-06 1e-06 -18.123444 3.64818 -4.905668 -3e-06 1e-06 -2e-06 14.354871 10.65285 12.282026 62.852909 7.95079 25.984734 0.019753 27.868761 -0.045147 3.83664 0.366787 11.100422 2.24354 -5.255035 -3.180156 14.282887 -0.826592 6.952497 -3e-06 -12.690601 -1e-06 16.070917 -17.601374 2.576512 1.665667 -1.955922 -2.8783 4.727797 -4.170585 4.993922 11.020524 5e-06 -3e-06 12.109051 -3.735715 -2.866783 -1e-06 0.0 0.0 1.291986 -1.92855 -1.498087 14.800125 0.567471 3.865604 14.242571 -1.341734 -6.660657 19.631969 0.14393 -0.648243 49.885864 -0.819358 -6.326415 0.353029 -1.511151 -0.031941 20.222794 3.684311 2.316629 18.787271 9e-06 -1e-06 10.751627 -0.479867 1.397905 -1e-06 0.0 2e-06 3.273807 0.305946 -0.580111 21.486811 11.830376 2.266131 8.162926 4e-06 -1e-06 18.399076 -3.798982 -4.940574 4e-06 0.0 -2e-06 4.042902 7.771367 6.822878 0.007929 -0.210325 2.32438 -4.217906 7.272546 -9.036631 1.631225 -1.863039 -0.429034 0.0 -0.0 2e-06 -3.798895 9.33122 4.089246 -0.055595 0.027348 4.397939 3.824327 -6.435821 -7.464083 -1.429753 1.056961 0.480199 -0.0 -0.0 -1e-06 
0.0 0.0 0.0 0.0 -0.0 0.0 0.979794 99.988106 8.418828 0.651309 -1.383338 -0.039824 -0.612837 0.460902 -3.755224 -0.522095 0.035996 -6.316029 0.532118 -0.924424 10.925161 0.637009 2.744714 3.92425 -0.191118 1.220157 -3.595195 0.256924 -0.095569 -4.010359 7.7e-05 -2.2e-05 6e-06 -0.002631 0.110214 -0.011093 0.740799 -3.61156 -10.617997 -0.749176 3.838935 -10.616911 -14.750114 -4.368217 12.370762 -59.225498 -11.682433 33.042328 -0.066344 -22.182032 0.044043 -2.181325 2.945308 -10.060973 -5.882098 9.861273 0.702591 -10.936854 -0.360574 7.156198 0.0 8.774815 -1e-06 -16.228867 17.965845 6.058041 -1.84403 2.498502 -2.507277 -10.163586 4.678939 4.621109 -20.97599 -3e-06 1e-06 -21.226254 2.451694 -3.593997 1e-06 -5e-06 2e-06 -1.362679 2.240796 -0.746322 -21.334883 0.58491 3.008321 -13.821195 -1e-06 2e-06 -23.887135 -0.249076 -0.839482 -60.384117 2.345832 -1.196574 -0.294025 1.679685 0.833256 -14.218188 0.093216 1.300581 -34.212002 -0.287563 0.967168 -20.033188 0.964538 1.212842 0.0 -0.0 1e-06 -3.440383 0.788233 0.501655 -15.928165 -3.167305 2.999704 -6.338816 -1e-06 2e-06 -18.123419 3.64818 -4.905663 -3e-06 1e-06 -2e-06 14.275956 10.688541 12.19886 62.763409 8.234163 25.824409 0.019963 28.086063 -0.046689 3.84073 0.352704 11.203722 2.243539 -5.25503 -3.180155 14.282876 -0.826592 6.952498 -4e-06 -12.690589 0.0 16.075756 -17.614439 2.578429 1.665664 -1.95592 -2.878296 4.727793 -4.17058 4.993921 11.020514 4e-06 2e-06 12.109036 -3.735711 -2.866777 1e-06 0.0 -1e-06 1.291983 -1.928546 -1.498088 14.800112 0.567468 3.865605 14.242555 -1.341733 -6.660647 19.631943 0.143925 -0.648239 49.896133 -0.840154 -6.353603 0.353028 -1.511148 -0.031941 20.222767 3.684306 2.316631 18.787249 4e-06 2e-06 10.751617 -0.479867 1.397906 0.0 0.0 0.0 3.273803 0.305946 -0.580108 21.48679 11.83036 2.266136 8.162915 2e-06 1e-06 18.399059 -3.798979 -4.940565 4e-06 0.0 -3e-06 4.23724 7.873694 6.318937 0.011372 -0.203223 2.499982 -4.312437 7.397428 -9.47814 1.632263 -1.85892 -0.43465 -0.0 -1e-06 2e-06 -3.558527 9.520573 3.339637 -0.057492 0.023781 4.927627 3.480163 -6.573461 -8.003201 -1.431361 1.045333 0.429988 0.0 -0.0 -1e-06 
0.0 0.0 0.0 0.0 -0.0 0.0 0.727511 99.933784 8.990543 0.533037 -1.576668 0.712708 -0.541615 0.432714 -3.791559 -0.498349 -0.027167 -6.325839 0.640798 -0.980269 10.786631 0.533801 2.786991 3.45617 -0.173256 1.26067 -3.582588 0.272305 -0.035044 -4.22509 7.7e-05 -2.2e-05 6e-06 -0.003574 0.090665 -0.021875 0.750724 -3.628323 -10.629289 -0.760761 3.816562 -10.628692 -14.627764 -4.57756 12.418 -59.192024 -12.046142 32.95639 -0.036807 -22.053755 0.038197 -2.118592 3.00325 -9.875914 -5.882103 9.861276 0.702592 -10.936865 -0.360574 7.156204 -0.0 8.774816 1e-06 -16.232071 17.931997 6.031342 -1.844032 2.498502 -2.507276 -10.163593 4.678941 4.621104 -20.976011 -1e-06 2e-06 -21.226273 2.451696 -3.593999 1e-06 -5e-06 1e-06 -1.362682 2.240796 -0.746323 -21.334902 0.584911 3.008317 -13.821206 -2e-06 0.0 -23.887154 -0.249078 -0.839483 -60.373619 2.353902 -1.228292 -0.294024 1.679685 0.833254 -14.218198 0.093216 1.300578 -34.212021 -0.287561 0.967169 -20.033199 0.964536 1.212841 0.0 -0.0 1e-06 -3.440387 0.788233 0.501654 -15.928177 -3.167305 2.999705 -6.338822 0.0 2e-06 -18.12344 3.648179 -4.905667 -3e-06 1e-06 -2e-06 14.16123 10.731828 12.134815 62.755245 8.493688 25.665583 -0.028186 28.2742 -0.0562 3.838379 0.345049 11.138359 2.24354 -5.255031 -3.180155 14.282876 -0.826593 6.952494 -2e-06 -12.690588 -2e-06 16.081785 -17.624357 2.580282 1.665665 -1.955919 -2.878295 4.727793 -4.170581 4.993914 11.020514 3e-06 0.0 12.109037 -3.735711 -2.86678 1e-06 0.0 -1e-06 1.291985 -1.928548 -1.498088 14.800112 0.567467 3.865602 14.242558 -1.341736 -6.660652 19.63195 0.143925 -0.648245 49.876179 -0.859942 -6.370508 0.353028 -1.511148 -0.031941 20.222769 3.684304 2.316626 18.787254 7e-06 -2e-06 10.751617 -0.47987 1.397904 0.0 -1e-06 0.0 3.273804 0.305947 -0.580111 21.48679 11.830359 2.266129 8.162917 3e-06 -2e-06 18.399061 -3.798978 -4.94057 3e-06 0.0 -3e-06 4.443585 7.950885 5.732963 0.016142 -0.193246 2.85827 -4.448875 7.539835 -10.009478 1.634255 -1.855873 -0.458408 -0.0 0.0 2e-06 -3.305415 9.680935 2.589293 -0.056724 0.027162 5.489975 3.121263 -6.705072 -8.594893 -1.433352 1.030963 0.365702 0.0 0.0 -1e-06 
0.0 0.0 0.0 0.0 -0.0 0.0 0.420036 99.840294 9.688612 0.387319 -1.781109 1.470637 -0.438091 0.405045 -3.818362 -0.466556 -0.07692 -6.333109 0.7464 -1.04461 10.663671 0.397685 2.843835 3.020435 -0.155906 1.266458 -3.574773 0.258326 0.061487 -4.483668 7.7e-05 -2.2e-05 6e-06 -0.004258 0.074073 -0.035721 0.757338 -3.644807 -10.650662 -0.768593 3.799674 -10.64976 -14.475105 -4.786243 12.487789 -59.191399 -12.390147 32.87849 0.039504 -21.931839 0.017046 -2.122202 3.097149 -9.727098 -5.882098 9.861276 0.702591 -10.936857 -0.360574 7.156199 0.0 8.774816 -1e-06 -16.231516 17.91217 6.019899 -1.84403 2.498502 -2.507279 -10.163588 4.678939 4.621106 -20.976 -3e-06 2e-06 -21.226259 2.451694 -3.593996 0.0 -5e-06 2e-06 -1.362679 2.240796 -0.746323 -21.334887 0.584909 3.008323 -13.821195 -2e-06 3e-06 -23.88714 -0.249077 -0.83948 -60.382774 2.36352 -1.251572 -0.294025 1.679686 0.833256 -14.218191 0.093215 1.300579 -34.212009 -0.287562 0.96717 -20.033192 0.964538 1.212842 0.0 -1e-06 2e-06 -3.440385 0.788233 0.501656 -15.928167 -3.167306 2.999705 -6.338818 -1e-06 3e-06 -18.123425 3.64818 -4.905662 -4e-06 1e-06 -2e-06 14.005581 10.802732 12.104306 62.810467 8.71929 25.508728 -0.077256 28.458742 -0.0617 3.86924 0.303822 11.088778 2.243539 -5.255029 -3.180154 14.282871 -0.826594 6.952494 -1e-06 -12.690585 -1e-06 16.080873 -17.623995 2.577757 1.665663 -1.95592 -2.878297 4.727794 -4.170583 4.993918 11.020512 2e-06 -1e-06 12.109036 -3.735712 -2.866781 0.0 0.0 -1e-06 1.291983 -1.928548 -1.498088 14.800108 0.567466 3.865606 14.242551 -1.341737 -6.66065 19.631939 0.143924 -0.648243 49.814869 -0.887604 -6.374555 0.353029 -1.511148 -0.031939 20.222763 3.684303 2.316628 18.787251 2e-06 0.0 10.751615 -0.47987 1.397906 1e-06 -0.0 1e-06 3.273802 0.305947 -0.58011 21.486786 11.830356 2.266132 8.162915 1e-06 -1e-06 18.399055 -3.798984 -4.940568 4e-06 -0.0 -2e-06 4.695979 8.040961 5.046977 0.024041 -0.185903 3.522133 -4.643414 7.672685 -10.705569 1.636187 -1.843942 -0.489435 -0.0 0.0 2e-06 -3.012241 9.793308 1.884102 -0.055384 0.024773 6.054279 2.783163 -6.804821 -9.256906 -1.435219 1.016564 0.284606 0.0 0.0 -1e-06 
0.0 0.0 0.0 0.0 -0.0 0.0 0.073335 99.698135 10.515503 0.153817 -2.003596 2.213876 -0.267363 0.387262 -3.837723 -0.428363 -0.118108 -6.33748 0.894291 -1.111484 10.559939 0.221281 2.925895 2.68926 -0.151858 1.254539 -3.577173 0.243755 0.16464 -4.766329 7.7e-05 -2.2e-05 6e-06 -0.005077 0.060913 -0.046549 0.760244 -3.66021 -10.676671 -0.773144 3.788625 -10.676312 -14.311531 -4.964034 12.585666 -59.205482 -12.673356 32.759922 0.151705 -21.868151 -0.016723 -2.217676 3.197296 -9.618523 -5.882102 9.861279 0.702592 -10.936863 -0.360574 7.156205 -1e-06 8.774819 -3e-06 -16.230461 17.914112 6.023417 -1.844031 2.498503 -2.507276 -10.163591 4.678942 4.621105 -20.976006 -1e-06 2e-06 -21.226269 2.451697 -3.593994 0.0 -4e-06 1e-06 -1.362681 2.240797 -0.746325 -21.334896 0.584911 3.008324 -13.821201 -1e-06 4e-06 -23.887152 -0.249077 -0.839482 -60.409607 2.383457 -1.283211 -0.294024 1.679685 0.833254 -14.218197 0.093216 1.300579 -34.212021 -0.287558 0.967174 -20.033194 0.964541 1.212844 1e-06 -0.0 1e-06 -3.440386 0.788233 0.501655 -15.928174 -3.167306 2.999707 -6.33882 0.0 2e-06 -18.123436 3.648182 -4.905667 -3e-06 1e-06 -1e-06 13.790645 10.909363 12.115922 62.890011 8.92985 25.433201 -0.079179 28.628321 -0.056243 3.945967 0.209301 11.118963 2.243541 -5.255036 -3.180155 14.282885 -0.826596 6.952495 0.0 -12.690599 -0.0 16.063314 -17.596039 2.572455 1.665666 -1.955921 -2.8783 4.727798 -4.170588 4.993919 11.020523 2e-06 -2e-06 12.10905 -3.735717 -2.866784 1e-06 0.0 0.0 1.291985 -1.92855 -1.498089 14.800122 0.567467 3.865606 14.242566 -1.341738 -6.660655 19.631956 0.143924 -0.648247 49.736805 -0.907912 -6.360605 0.353029 -1.51115 -0.031939 20.222784 3.684305 2.316629 18.787266 4e-06 -3e-06 10.751622 -0.47987 1.397906 -1e-06 1e-06 1e-06 3.273806 0.305947 -0.58011 21.486801 11.830367 2.266133 8.162924 2e-06 -1e-06 18.399075 -3.798986 -4.940577 4e-06 0.0 -3e-06 5.075222 8.171196 4.217058 0.033775 -0.187184 4.664332 -4.94096 7.783971 -11.606365 1.637848 -1.828367 -0.521856 -0.0 0.0 2e-06 -2.612689 9.80016 1.275105 -0.054093 0.016985 6.582366 2.485626 -6.813888 -9.947113 -1.436201 1.002651 0.206865 -0.0 -0.0 -1e-06 
0.0 0.0 0.0 0.0 -0.0 0.0 -0.300297 99.50798 11.4491 -0.216503 -2.274275 2.95252 0.005352 0.372133 -3.852666 -0.380314 -0.155551 -6.350697 1.10561 -1.16935 10.477223 -0.010741 3.008466 2.489664 -0.131437 1.288597 -3.581429 0.242384 0.289462 -5.052289 7.7e-05 -2.2e-05 6e-06 -0.005843 0.051459 -0.050721 0.760064 -3.671497 -10.691295 -0.774607 3.781057 -10.693413 -14.139263 -5.052716 12.732208 -59.214832 -12.898385 32.516899 0.231928 -21.902386 -0.046961 -2.365263 3.273538 -9.670791 -5.8821 9.861279 0.70259 -10.936862 -0.360576 7.156203 1e-06 8.774819 -2e-06 -16.215961 17.945768 6.052751 -1.84403 2.498503 -2.507276 -10.163589 4.67894 4.621106 -20.976004 -5e-06 5e-06 -21.226263 2.451694 -3.593994 1e-06 -4e-06 2e-06 -1.36268 2.240797 -0.746324 -21.334892 0.584908 3.008322 -13.821199 -4e-06 2e-06 -23.887146 -0.249078 -0.839481 -60.458965 2.418565 -1.313472 -0.294024 1.679686 0.833256 -14.218195 0.093213 1.30058 -34.212017 -0.287563 0.967173 -20.033197 0.964538 1.212845 0.0 -0.0 1e-06 -3.440385 0.788233 0.501657 -15.928172 -3.167309 2.999706 -6.33882 -2e-06 1e-06 -18.123426 3.648181 -4.905663 -4e-06 1e-06 -1e-06 13.531884 11.038488 12.173744 62.94426 9.161631 25.567396 -0.040834 28.757179 -0.048086 4.071366 0.093831 11.131812 2.243541 -5.255034 -3.180154 14.282887 -0.826592 6.952501 -4e-06 -12.690603 -0.0 16.031349 -17.553944 2.57519 1.665665 -1.95592 -2.878299 4.727797 -4.170585 4.993925 11.020522 6e-06 -0.0 12.109048 -3.735713 -2.866782 0.0 -0.0 0.0 1.291985 -1.928548 -1.498089 14.800125 0.56747 3.865605 14.242568 -1.341734 -6.660658 19.631962 0.143929 -0.648243 49.647808 -0.927946 -6.329518 0.353028 -1.511151 -0.031941 20.222786 3.684312 2.31663 18.78727 7e-06 2e-06 10.751625 -0.479868 1.397905 1e-06 0.0 1e-06 3.273806 0.305947 -0.580111 21.486809 11.830376 2.266135 8.162924 2e-06 0.0 18.399075 -3.798986 -4.940571 3e-06 0.0 -1e-06 5.637735 8.331497 3.167069 0.042526 -0.200254 6.479963 -5.369453 7.894007 -12.754585 1.639979 -1.819257 -0.55163 0.0 0.0 2e-06 -2.042906 9.74586 0.789119 -0.051146 0.006406 7.020803 2.223808 -6.726148 -10.680163 -1.434629 0.98313 0.136376 0.0 -0.0 -1e-06 
0.0 0.0 0.0 0.0 -0.0 0.0 -0.697947 99.255829 12.531617 -0.766487 -2.642169 3.689636 0.398872 0.368287 -3.860843 -0.318749 -0.20225 -6.369325 1.409833 -1.205491 10.403374 -0.272789 3.095968 2.434139 -0.103637 1.372779 -3.592369 0.249023 0.431988 -5.336245 7.7e-05 -2.3e-05 6e-06 -0.005448 0.050296 -0.044505 0.759561 -3.672276 -10.68925 -0.773399 3.779918 -10.698915 -14.01195 -5.037408 12.917677 -59.196766 -13.0317 32.094006 0.230284 -22.017473 -0.056469 -2.445709 3.308278 -9.831763 -5.882106 9.861283 0.70259 -10.936874 -0.360577 7.156204 2e-06 8.774825 0.0 -16.197355 17.970299 6.112244 -1.844033 2.498503 -2.507279 -10.163602 4.678942 4.621109 -20.976027 -7e-06 2e-06 -21.226288 2.451692 -3.593997 -0.0 -3e-06 2e-06 -1.362682 2.240797 -0.746324 -21.334921 0.584906 3.008324 -13.821217 -5e-06 2e-06 -23.887175 -0.249084 -0.839479 -60.559448 2.434388 -1.280753 -0.294025 1.679687 0.833257 -14.218212 0.093213 1.300579 -34.212063 -0.287568 0.96717 -20.033215 0.964537 1.212846 0.0 -0.0 1e-06 -3.440389 0.788232 0.501654 -15.928189 -3.16731 2.999709 -6.338827 -3e-06 -1e-06 -18.123449 3.648178 -4.90567 -3e-06 0.0 -1e-06 13.242571 11.184594 12.298041 62.947891 9.454207 25.964195 0.021332 28.81369 -0.0337 4.219176 -0.064478 11.109854 2.243541 -5.255037 -3.180156 14.282885 -0.826595 6.952499 -1e-06 -12.690601 -2e-06 15.988834 -17.534254 2.599682 1.665665 -1.955922 -2.878298 4.727797 -4.170586 4.993921 11.02052 2e-06 -1e-06 12.109048 -3.735715 -2.866783 0.0 -0.0 0.0 1.291984 -1.928548 -1.498088 14.80012 0.567467 3.865605 14.242565 -1.341738 -6.660656 19.631958 0.143924 -0.648245 49.596962 -0.925758 -6.286292 0.353029 -1.511151 -0.031941 20.222784 3.684306 2.316631 18.78727 3e-06 -0.0 10.751625 -0.479869 1.397905 1e-06 0.0 1e-06 3.273805 0.305947 -0.58011 21.486803 11.830369 2.266134 8.162922 1e-06 0.0 18.399075 -3.798985 -4.940574 4e-06 0.0 -4e-06 6.436754 8.583219 1.903804 0.04316 -0.235221 9.016838 -5.928363 7.95222 -14.12117 1.644514 -1.809047 -0.572417 -0.0 0.0 2e-06 -1.2772 9.650864 0.483649 -0.041109 -0.01387 7.291776 2.002126 -6.430133 -11.46843 -1.432761 0.957785 0.088438 -0.0 -0.0 -1e-06 
0.0 0.0 0.0 0.0 -0.0 0.0 -1.120282 98.939735 13.764183 -1.422508 -3.098681 4.415634 0.856062 0.382683 -3.857616 -0.238692 -0.266098 -6.375216 1.754838 -1.228855 10.349079 -0.483607 3.185644 2.473487 -0.072948 1.499329 -3.609161 0.267289 0.620518 -5.636045 7.7e-05 -2.3e-05 6e-06 -0.004685 0.056578 -0.034947 0.760162 -3.663843 -10.687456 -0.772798 3.785195 -10.7081 -13.94773 -4.897174 13.1353 -59.144432 -13.101796 31.550758 0.197763 -22.177704 -0.063994 -2.359652 3.280057 -10.012221 -5.8821 9.861278 0.702588 -10.936861 -0.360575 7.1562 -0.0 8.774817 -1e-06 -16.194912 17.984781 6.189022 -1.84403 2.498502 -2.507275 -10.163589 4.678941 4.621104 -20.976002 -2e-06 2e-06 -21.226259 2.451696 -3.593997 -0.0 -5e-06 1e-06 -1.362679 2.240796 -0.746324 -21.334894 0.584909 3.008319 -13.821198 -2e-06 3e-06 -23.887144 -0.249076 -0.839483 -60.692059 2.411607 -1.154815 -0.294025 1.679686 0.833256 -14.218195 0.093215 1.30058 -34.212013 -0.28756 0.967171 -20.033194 0.964536 1.212844 -0.0 -2e-06 1e-06 -3.440385 0.788233 0.501656 -15.92817 -3.167307 2.999705 -6.338819 -1e-06 2e-06 -18.123426 3.64818 -4.905667 -3e-06 1e-06 -0.0 12.929802 11.366344 12.422638 62.926731 9.749256 26.503435 0.078889 28.81204 -0.002964 4.329919 -0.273005 11.165469 2.243539 -5.255033 -3.180155 14.282876 -0.826591 6.952495 -3e-06 -12.690596 -1e-06 15.942474 -17.567984 2.640126 1.665663 -1.95592 -2.878299 4.727793 -4.170584 4.993917 11.020514 4e-06 -0.0 12.109038 -3.735713 -2.866779 0.0 -0.0 0.0 1.291984 -1.928549 -1.498087 14.800114 0.56747 3.865604 14.242558 -1.341735 -6.660649 19.631945 0.143923 -0.648242 49.56723 -0.905045 -6.290009 0.353028 -1.511149 -0.03194 20.222771 3.684309 2.31663 18.787254 5e-06 -0.0 10.751617 -0.479869 1.397906 1e-06 1e-06 0.0 3.273804 0.305947 -0.580109 21.486795 11.830367 2.266136 8.162919 4e-06 -1e-06 18.399059 -3.798982 -4.940569 3e-06 -1e-06 -3e-06 7.376569 8.88722 0.467889 0.041002 -0.295729 12.157148 -6.631809 7.943454 -15.592318 1.652951 -1.799178 -0.600774 -0.0 0.0 2e-06 -0.431581 9.484381 0.315639 -0.019113 -0.056147 7.493525 1.887596 -5.874187 -12.335957 -1.433191 0.952226 0.046368 -0.0 -0.0 -1e-06 
0.0 0.0 0.0 0.0 -0.0 0.0 -1.545105 98.623352 15.046605 -2.014598 -3.671325 5.162001 1.242905 0.415408 -3.81972 -0.162723 -0.260533 -6.317311 2.10356 -1.268165 10.23361 -0.577157 3.218856 2.58745 -0.004487 1.772257 -3.664825 0.215213 0.885357 -5.96674 7.7e-05 -2.2e-05 6e-06 -0.001375 0.081977 -0.046139 0.768348 -3.637238 -10.696161 -0.7741 3.808827 -10.727968 -13.983082 -4.762883 13.277784 -59.050301 -12.940763 30.558355 0.114269 -22.372614 -0.008016 -2.049178 3.006261 -10.47217 -5.882101 9.861277 0.702588 -10.936861 -0.360576 7.156199 1e-06 8.774817 -2e-06 -16.230457 18.028782 6.160852 -1.844031 2.498503 -2.507275 -10.163591 4.67894 4.6211 -20.976009 -4e-06 3e-06 -21.226271 2.451695 -3.593997 -0.0 -5e-06 1e-06 -1.36268 2.240796 -0.746323 -21.334896 0.584907 3.008322 -13.821201 -4e-06 2e-06 -23.887148 -0.24908 -0.839482 -60.498341 2.346913 -1.150114 -0.294024 1.679685 0.833253 -14.218197 0.093214 1.30058 -34.212021 -0.287566 0.96717 -20.033197 0.964533 1.212842 -1e-06 -1e-06 2e-06 -3.440386 0.788232 0.501655 -15.928176 -3.167309 2.999704 -6.338821 -1e-06 1e-06 -18.123436 3.648176 -4.905668 -3e-06 -1e-06 -2e-06 12.651826 11.600602 12.631597 62.892921 10.122757 27.170845 -0.005187 28.72027 -0.035302 4.339098 -0.386162 11.022219 2.243539 -5.255033 -3.180155 14.282879 -0.826591 6.952494 -4e-06 -12.690595 -0.0 15.88378 -17.626837 2.706667 1.665664 -1.955919 -2.878297 4.727794 -4.170583 4.993921 11.020514 3e-06 0.0 12.109038 -3.735712 -2.866781 1e-06 0.0 0.0 1.291985 -1.928548 -1.498087 14.800115 0.56747 3.865602 14.242557 -1.341738 -6.660651 19.631952 0.143927 -0.648244 49.606609 -0.888419 -6.303672 0.353028 -1.511149 -0.03194 20.222771 3.684308 2.31663 18.787254 6e-06 0.0 10.751617 -0.47987 1.397905 0.0 -0.0 0.0 3.273804 0.305945 -0.58011 21.486795 11.830366 2.266133 8.162919 2e-06 -1e-06 18.399063 -3.798982 -4.94057 5e-06 -0.0 -2e-06 8.194571 9.070458 -1.138889 0.022255 -0.342118 15.701482 -7.400705 8.35159 -16.608761 1.684843 -1.793206 -0.821861 -0.0 -0.0 2e-06 0.30076 9.257171 0.058396 -0.031206 -0.031254 7.855978 1.84953 -5.124538 -13.283436 -1.431281 0.934394 -0.003435 0.0 0.0 -1e-06 
0.0 0.0 0.0 0.0 -0.0 0.0 -1.977061 98.357353 16.293871 -2.369906 -4.190599 6.048303 1.486313 0.492456 -3.749551 -0.085719 -0.313908 -6.249801 2.316938 -1.248642 10.170903 -0.60857 3.285264 2.393469 0.006507 1.873222 -3.700643 0.284984 1.160103 -6.366119 7.7e-05 -2.3e-05 6e-06 -0.0003 0.07949 -0.057436 0.766759 -3.636391 -10.695362 -0.771412 3.802392 -10.732651 -13.991074 -4.623265 13.454212 -59.020172 -12.9195 29.312325 0.124086 -22.447176 -0.022338 -1.440341 2.498677 -11.18311 -5.882102 9.861279 0.702589 -10.936866 -0.360576 7.156197 1e-06 8.77482 -3e-06 -16.266491 18.058796 6.114194 -1.844031 2.498503 -2.507277 -10.163594 4.678941 4.621102 -20.976013 -2e-06 2e-06 -21.226273 2.451695 -3.593999 1e-06 -5e-06 1e-06 -1.362681 2.240796 -0.746323 -21.334904 0.584909 3.00832 -13.821206 -4e-06 3e-06 -23.887157 -0.249077 -0.839482 -60.456375 2.342179 -1.158462 -0.294024 1.679686 0.833254 -14.218199 0.093214 1.300579 -34.212032 -0.287565 0.967169 -20.033201 0.964533 1.212842 0.0 -0.0 1e-06 -3.440387 0.788233 0.501654 -15.928179 -3.167308 2.999704 -6.338822 -2e-06 -1e-06 -18.12344 3.648178 -4.905668 -4e-06 0.0 0.0 12.385296 11.781791 12.771044 62.89286 10.560452 27.69138 -0.069349 28.483431 -0.018621 4.497743 -0.492017 10.743048 2.243539 -5.255034 -3.180155 14.282881 -0.826592 6.952497 -3e-06 -12.690595 -1e-06 15.821317 -17.678354 2.685757 1.665665 -1.95592 -2.878298 4.727796 -4.170585 4.993921 11.020519 3e-06 -1e-06 12.109044 -3.735713 -2.866783 -1e-06 0.0 -0.0 1.291985 -1.928548 -1.498089 14.800117 0.567469 3.865605 14.24256 -1.341734 -6.660653 19.631952 0.143928 -0.648243 49.527008 -0.894791 -6.384908 0.353028 -1.511149 -0.031941 20.222775 3.684307 2.31663 18.787258 6e-06 0.0 10.75162 -0.479868 1.397906 2e-06 -0.0 1e-06 3.273804 0.305948 -0.580112 21.486799 11.830368 2.26613 8.16292 1e-06 -2e-06 18.399063 -3.798981 -4.94057 4e-06 0.0 -3e-06 8.61678 8.76025 -3.505213 0.049415 -0.384116 20.346197 -8.140631 8.915339 -17.302565 1.691596 -1.785673 -1.455109 -0.0 -0.0 2e-06 0.700505 8.910435 -0.596855 -0.022224 -0.018076 8.675031 1.905765 -4.463161 -14.123239 -1.44074 0.911738 -0.149409 -0.0 0.0 -1e-06 
0.0 0.0 0.0 0.0 -0.0 0.0 -2.386865 98.083427 17.455967 -2.542826 -4.569948 6.964873 1.585903 0.566288 -3.519926 -0.026678 -0.296904 -6.116993 2.424711 -1.267601 10.103799 -0.516385 3.302697 2.013231 -0.022033 1.88023 -3.740499 0.343509 1.412793 -6.913589 7.7e-05 -2.2e-05 6e-06 0.001621 0.056346 -0.068894 0.770733 -3.658121 -10.701014 -0.772359 3.777501 -10.742899 -13.657384 -4.626358 13.633307 -59.174835 -13.081408 28.067955 0.143989 -22.59206 -0.05267 -0.781765 1.675342 -12.200841 -5.882102 9.86128 0.70259 -10.936866 -0.360575 7.156201 2e-06 8.77482 -1e-06 -16.312386 18.086334 6.043604 -1.844032 2.498503 -2.507276 -10.163597 4.678942 4.621106 -20.976021 -6e-06 1e-06 -21.226282 2.451693 -3.593997 -0.0 -6e-06 1e-06 -1.36268 2.240797 -0.746324 -21.334906 0.584908 3.008321 -13.821208 -5e-06 1e-06 -23.887161 -0.249083 -0.839483 -60.376453 2.322245 -1.212736 -0.294024 1.679687 0.833256 -14.218204 0.093214 1.300578 -34.21204 -0.287568 0.967168 -20.033205 0.964533 1.212842 0.0 -2e-06 -1e-06 -3.440387 0.788233 0.501654 -15.928183 -3.16731 2.999707 -6.338824 -2e-06 2e-06 -18.123442 3.648179 -4.90567 -3e-06 0.0 -0.0 12.047274 11.982717 13.08636 62.979965 11.160751 27.713085 -0.112016 28.241505 0.011349 4.976627 -0.446555 10.356122 2.243538 -5.255031 -3.180155 14.282876 -0.826592 6.952496 -3e-06 -12.690595 -2e-06 15.799583 -17.682768 2.649199 1.665664 -1.95592 -2.878298 4.727794 -4.170584 4.993924 11.020514 4e-06 -1e-06 12.109036 -3.735711 -2.866783 -0.0 0.0 0.0 1.291985 -1.928547 -1.498088 14.800112 0.56747 3.865603 14.242557 -1.341734 -6.660651 19.631943 0.143927 -0.648242 49.456757 -0.881068 -6.432122 0.353028 -1.511149 -0.03194 20.222771 3.684309 2.316628 18.787252 7e-06 2e-06 10.751616 -0.479868 1.397906 1e-06 1e-06 0.0 3.273803 0.305947 -0.58011 21.48679 11.830368 2.266133 8.162919 3e-06 -1e-06 18.399061 -3.798982 -4.940568 4e-06 0.0 -1e-06 8.753218 7.994202 -6.693216 0.060569 -0.429517 26.240236 -8.805242 9.802609 -17.290562 1.707106 -1.80186 -2.616004 0.0 -0.0 2e-06 0.884908 8.358763 -1.65784 -0.000499 0.057653 10.213207 1.972295 -3.870064 -15.18195 -1.44772 0.884692 -0.346288 0.0 -0.0 -1e-06 
0.0 0.0 0.0 0.0 -0.0 0.0 -2.731849 97.648712 18.574936 -2.638504 -4.706146 7.708337 1.565391 0.634631 -3.000113 0.031006 -0.361047 -5.922483 2.58529 -1.185239 10.195465 -0.495133 3.301837 1.459248 -0.054619 1.743662 -3.693344 0.360703 1.474777 -7.911176 7.7e-05 -2.2e-05 6e-06 0.005289 0.036324 -0.068605 0.779583 -3.683227 -10.712479 -0.775338 3.763393 -10.758911 -12.939406 -4.859276 13.939157 -59.469494 -13.804118 27.256027 0.19255 -22.767962 -0.082166 -0.294132 0.786474 -13.31893 -5.882098 9.861273 0.702588 -10.936859 -0.360577 7.1562 3e-06 8.774816 -1e-06 -16.237648 18.028313 6.047449 -1.84403 2.498501 -2.507277 -10.163589 4.678937 4.621106 -20.976004 -9e-06 3e-06 -21.226267 2.45169 -3.593991 1e-06 -5e-06 1e-06 -1.36268 2.240795 -0.746325 -21.334896 0.584904 3.008322 -13.821203 -7e-06 3e-06 -23.887152 -0.249084 -0.839476 -60.223194 2.17204 -1.161961 -0.294024 1.679685 0.833256 -14.218195 0.093211 1.300581 -34.212013 -0.28757 0.967176 -20.033194 0.964533 1.212845 -0.0 -1e-06 -1e-06 -3.440385 0.788231 0.501655 -15.928172 -3.16731 2.999705 -6.338819 -3e-06 1e-06 -18.123426 3.648175 -4.905664 -3e-06 1e-06 -2e-06 11.513981 12.1935 13.436849 63.142429 11.775166 26.864609 -0.156823 28.228769 -0.011507 5.512813 -0.450788 10.044042 2.243537 -5.255029 -3.180154 14.282872 -0.82659 6.952496 -6e-06 -12.690588 -0.0 15.804664 -17.683895 2.590811 1.665663 -1.955918 -2.878297 4.727792 -4.170581 4.993917 11.020512 5e-06 1e-06 12.109035 -3.735709 -2.866779 0.0 -0.0 0.0 1.291983 -1.928546 -1.498089 14.800112 0.56747 3.865608 14.242552 -1.34173 -6.660649 19.631941 0.14393 -0.64824 49.566547 -0.807239 -6.51098 0.353028 -1.511149 -0.031942 20.222769 3.684309 2.316631 18.787249 6e-06 5e-06 10.751616 -0.479867 1.397908 0.0 0.0 0.0 3.273803 0.305947 -0.58011 21.48679 11.830364 2.266132 8.162916 1e-06 2e-06 18.399059 -3.798979 -4.940566 4e-06 0.0 -2e-06 8.751366 6.988721 -10.747231 0.038179 -0.475815 33.545464 -9.347178 11.228033 -16.468523 1.736373 -1.84616 -4.114811 0.0 -0.0 2e-06 1.070243 7.408169 -2.945498 0.031053 0.135718 12.676127 2.015972 -3.345969 -16.625912 -1.446595 0.849901 -0.491809 0.0 0.0 -1e-06 
0.0 0.0 0.0 0.0 -0.0 0.0 -3.080546 97.000267 19.642206 -2.587281 -4.239758 8.132811 1.490785 0.591969 -2.160636 0.06547 -0.328872 -5.568623 2.672434 -1.282024 10.45365 -0.486267 3.279858 0.957084 -0.0866 1.636395 -3.714782 0.216603 1.356908 -9.146502 7.7e-05 -2.2e-05 6e-06 0.003626 -0.00722 -0.070405 0.778944 -3.724189 -10.691195 -0.778734 3.7173 -10.733539 -11.839708 -5.421552 14.365607 -59.751221 -15.288924 26.959137 0.186323 -22.665144 -0.10683 0.320403 -0.105226 -14.368908 -5.882108 9.861286 0.702589 -10.93687 -0.360571 7.156202 -3e-06 8.774824 -2e-06 -16.204403 17.96077 6.02933 -1.844032 2.498505 -2.507277 -10.163599 4.678948 4.621102 -20.976021 3e-06 -3e-06 -21.226284 2.451701 -3.594004 -0.0 -5e-06 1e-06 -1.362682 2.240799 -0.746323 -21.334911 0.584916 3.008317 -13.821213 2e-06 -2e-06 -23.887173 -0.249074 -0.839491 -60.073086 2.074201 -1.128504 -0.294025 1.679687 0.833255 -14.218206 0.093219 1.300579 -34.212048 -0.287555 0.967161 -20.033205 0.964538 1.212835 -0.0 -2e-06 -1e-06 -3.440388 0.788235 0.501656 -15.928181 -3.167304 2.999706 -6.338823 1e-06 -2e-06 -18.123444 3.648189 -4.905674 -2e-06 -0.0 -2e-06 10.812915 12.450442 13.881577 63.414276 12.548269 25.177193 -0.355835 28.182156 -0.068579 5.624619 -0.196567 9.102935 2.243542 -5.255034 -3.180155 14.28288 -0.8266 6.952497 4e-06 -12.690596 -0.0 15.816149 -17.669306 2.59941 1.665666 -1.955921 -2.878297 4.727797 -4.170587 4.993923 11.020519 -2e-06 -3e-06 12.109047 -3.735719 -2.866785 0.0 -0.0 0.0 1.291985 -1.928549 -1.498088 14.800118 0.567461 3.865603 14.242565 -1.341742 -6.660656 19.631952 0.143919 -0.64825 49.660034 -0.79147 -6.519501 0.353029 -1.511151 -0.031941 20.222778 3.684299 2.316629 18.78726 -2e-06 -5e-06 10.751621 -0.479871 1.397903 1e-06 -0.0 1e-06 3.273804 0.305946 -0.58011 21.486792 11.830359 2.266129 8.162922 -1e-06 -2e-06 18.399076 -3.798988 -4.94058 4e-06 -1e-06 -2e-06 8.450557 6.198251 -16.047979 -0.036748 -0.500379 42.395031 -8.546017 12.596868 -15.251749 1.753417 -1.869711 -4.790403 -0.0 -1e-06 2e-06 1.15511 5.873373 -4.510801 0.076587 0.157815 16.506792 2.105542 -2.948444 -18.50104 -1.455387 0.823833 -0.692408 -0.0 -0.0 -1e-06 
0.0 0.0 0.0 0.0 -0.0 0.0 -3.347399 96.213562 20.581051 -2.311755 -3.452699 8.194152 1.338902 0.521447 -1.057858 0.075825 -0.290826 -5.105416 2.726596 -1.403309 10.976809 -0.687375 3.307144 0.586493 -0.16725 1.659739 -3.693947 -0.023485 1.058666 -10.455157 7.7e-05 -2.2e-05 6e-06 0.003843 0.03419 -0.083283 0.77845 -3.668109 -10.631027 -0.779142 3.742176 -10.679558 -10.632373 -5.994286 14.741454 -59.782619 -17.478809 27.286367 0.179913 -22.584379 -0.136513 0.905516 -0.810484 -15.186586 -5.882105 9.861282 0.70259 -10.936865 -0.360572 7.156203 -2e-06 8.77482 -0.0 -16.233177 17.995605 5.987625 -1.844031 2.498504 -2.507277 -10.163595 4.678944 4.621106 -20.976011 1e-06 -2e-06 -21.226274 2.451699 -3.594004 -0.0 -5e-06 0.0 -1.362682 2.240797 -0.746322 -21.334904 0.584914 3.008322 -13.821205 0.0 -1e-06 -23.887157 -0.249072 -0.839487 -60.04454 1.970308 -1.150661 -0.294025 1.679686 0.833253 -14.218199 0.093218 1.300581 -34.212032 -0.287556 0.967164 -20.033201 0.96454 1.212839 0.0 0.0 -1e-06 -3.440387 0.788234 0.501657 -15.928177 -3.167305 2.999704 -6.338823 -0.0 0.0 -18.12344 3.648184 -4.905669 -3e-06 0.0 -3e-06 9.872456 12.737028 14.402933 63.679058 13.587875 22.631662 -0.513581 28.246506 -0.116914 5.171362 0.275071 7.973583 2.243541 -5.255032 -3.180152 14.282875 -0.826598 6.952494 3e-06 -12.690588 0.0 15.909666 -17.637712 2.646908 1.665665 -1.95592 -2.878296 4.727797 -4.170584 4.99392 11.020514 -1e-06 -0.0 12.109041 -3.735715 -2.866782 0.0 -0.0 3e-06 1.291985 -1.928547 -1.498087 14.800112 0.567461 3.865605 14.242558 -1.34174 -6.660652 19.63195 0.143919 -0.648248 49.560871 -0.793761 -6.429972 0.35303 -1.51115 -0.031939 20.222769 3.684299 2.316628 18.787254 -2e-06 -1e-06 10.751617 -0.479872 1.397903 -0.0 -1e-06 1e-06 3.273803 0.305945 -0.58011 21.486786 11.830354 2.266131 8.162919 -1e-06 -1e-06 18.399063 -3.798985 -4.940573 4e-06 -1e-06 -1e-06 7.63196 5.693317 -22.278299 -0.117192 -0.381308 51.654865 -7.054783 13.923537 -14.806474 1.745893 -1.884317 -4.057456 0.0 -0.0 3e-06 1.042377 3.844857 -6.501271 0.049571 0.270861 21.89497 2.362999 -2.704892 -20.559856 -1.473924 0.848643 -1.084762 0.0 0.0 -1e-06 
0.0 0.0 0.0 0.0 -0.0 0.0 -3.484266 95.136665 21.502142 -1.963313 -2.4913 7.936065 1.286165 0.451065 0.215379 0.061004 -0.174517 -4.576619 2.772949 -1.568168 11.845566 -1.131274 3.470184 0.563423 -0.318353 1.473906 -3.676153 -0.254819 0.765808 -11.621697 7.7e-05 -2.2e-05 6e-06 0.005927 0.028283 -0.085963 0.769243 -3.664648 -10.586016 -0.766762 3.724275 -10.636131 -9.568698 -6.498288 14.973041 -59.306293 -20.006012 27.6189 0.010708 -22.980173 -0.080574 1.673757 -1.802169 -15.340963 -5.882098 9.861275 0.70259 -10.936861 -0.360577 7.156201 3e-06 8.774817 -1e-06 -16.208246 18.026506 5.955943 -1.844031 2.498502 -2.507275 -10.163589 4.678938 4.621105 -20.976006 -8e-06 4e-06 -21.226269 2.451691 -3.593995 -0.0 -4e-06 0.0 -1.362679 2.240796 -0.746323 -21.334896 0.584905 3.008324 -13.821201 -5e-06 2e-06 -23.887152 -0.24908 -0.839479 -59.946911 2.058219 -1.211311 -0.294024 1.679685 0.833256 -14.218196 0.093212 1.30058 -34.212021 -0.28757 0.967175 -20.033194 0.964535 1.212849 -0.0 0.0 1e-06 -3.440386 0.788232 0.501653 -15.928172 -3.16731 2.999707 -6.33882 -2e-06 2e-06 -18.123426 3.648176 -4.90566 -3e-06 -0.0 -2e-06 8.88683 13.236965 14.892108 63.562725 14.665248 19.846657 -0.720362 28.701918 -0.2357 4.668571 0.752741 6.40772 2.243538 -5.255031 -3.180153 14.282875 -0.826592 6.952495 -3e-06 -12.690592 -1e-06 16.148382 -17.549255 2.592417 1.665664 -1.95592 -2.878296 4.727793 -4.170582 4.993917 11.020513 4e-06 -1e-06 12.109035 -3.73571 -2.866779 -0.0 -0.0 2e-06 1.291983 -1.928548 -1.498088 14.800112 0.567469 3.865605 14.242557 -1.341734 -6.660651 19.631947 0.143926 -0.648244 49.555103 -0.737825 -6.305596 0.353028 -1.511148 -0.031939 20.222769 3.684308 2.316628 18.787254 5e-06 2e-06 10.751616 -0.479869 1.397906 1e-06 2e-06 1e-06 3.273803 0.305947 -0.58011 21.48679 11.830366 2.266132 8.162917 1e-06 0.0 18.399059 -3.798979 -4.940569 2e-06 -1e-06 -2e-06 6.405386 5.797963 -28.996777 -0.134476 -0.199901 59.86639 -5.846865 14.377302 -15.17888 1.744224 -1.916898 -3.208372 0.0 0.0 3e-06 0.781602 1.560321 -8.977032 0.008135 0.355958 29.013203 2.534152 -2.28119 -22.412842 -1.476683 0.842292 -2.005038 -0.0 0.0 -1e-06 
0.0 0.0 0.0 0.0 -0.0 0.0 -3.461236 93.716309 22.481894 -1.697023 -1.535845 7.467384 1.329449 0.432918 1.479643 0.074522 -0.007021 -4.094061 2.919683 -1.661287 13.10209 -1.982229 3.745767 0.973377 -0.498272 1.202816 -3.627458 -0.350766 0.216051 -12.249983 7.7e-05 -2.2e-05 6e-06 0.012215 0.044628 -0.080213 0.765214 -3.641524 -10.538632 -0.750834 3.72982 -10.587604 -8.854071 -6.765278 14.943927 -58.139 -22.542761 27.863121 -0.118106 -24.133732 -0.006978 3.016993 -3.163502 -15.505129 -5.882102 9.86128 0.702588 -10.936863 -0.360574 7.156202 -1e-06 8.774819 -1e-06 -16.152002 18.235485 5.96625 -1.844031 2.498503 -2.507278 -10.163592 4.678944 4.621108 -20.976006 0.0 1e-06 -21.226269 2.4517 -3.593998 -0.0 -6e-06 3e-06 -1.362681 2.240797 -0.746322 -21.3349 0.584911 3.008322 -13.821205 -1e-06 2e-06 -23.887154 -0.249074 -0.839483 -60.055607 2.221309 -1.344254 -0.294024 1.679686 0.833255 -14.218197 0.093216 1.300581 -34.212017 -0.287559 0.967169 -20.033194 0.964538 1.212842 0.0 -0.0 2e-06 -3.440386 0.788234 0.501654 -15.928174 -3.167305 2.999707 -6.338821 -0.0 2e-06 -18.123434 3.648184 -4.905666 -4e-06 -0.0 -1e-06 8.001441 13.869535 15.528689 62.656898 15.855273 17.313501 -0.823238 29.843067 -0.350425 4.485867 1.185254 4.804223 2.24354 -5.255033 -3.180155 14.28288 -0.826594 6.952503 -2e-06 -12.690596 1e-06 16.373962 -17.447847 2.489141 1.665664 -1.95592 -2.878297 4.727795 -4.170584 4.99392 11.020517 3e-06 -2e-06 12.109043 -3.735712 -2.866785 0.0 -0.0 2e-06 1.291984 -1.928548 -1.498091 14.800117 0.567468 3.865609 14.242559 -1.341735 -6.660655 19.63195 0.143925 -0.648242 49.5909 -0.612983 -6.178778 0.353029 -1.511149 -0.03194 20.222776 3.684307 2.316631 18.787258 4e-06 2e-06 10.751622 -0.479868 1.397906 0.0 -1e-06 0.0 3.273805 0.305947 -0.58011 21.486794 11.830367 2.266129 8.16292 1e-06 1e-06 18.399067 -3.798981 -4.940571 2e-06 -0.0 -3e-06 4.916147 6.417326 -35.912823 -0.147118 -0.035449 65.791924 -5.189463 14.008915 -15.517941 1.769598 -1.986386 -2.715553 -0.0 -0.0 2e-06 0.46426 -0.938403 -11.783216 0.016719 0.455856 37.338795 2.481958 -1.719411 -24.082066 -1.464873 0.836624 -3.204606 0.0 0.0 -1e-06 
0.0 0.0 0.0 0.0 -0.0 0.0 -3.417596 91.910934 23.690161 -1.703991 -0.640835 6.828271 1.415898 0.513157 2.41178 0.165952 0.159212 -3.741816 3.280923 -1.675156 14.633037 -3.19692 4.161189 2.50029 -0.68445 0.797508 -3.654244 -0.098889 -0.573054 -11.912126 7.7e-05 -2.2e-05 6e-06 0.020622 0.05305 -0.069991 0.75953 -3.63058 -10.519751 -0.728937 3.731946 -10.570902 -8.685925 -6.529091 14.803855 -56.286438 -24.929346 27.353615 -0.222149 -26.116194 0.056138 5.920792 -4.421207 -15.35199 -5.882103 9.861279 0.70259 -10.936873 -0.360578 7.156207 3e-06 8.774822 -1e-06 -15.967523 18.535553 6.066118 -1.844032 2.498503 -2.507277 -10.163597 4.678939 4.621108 -20.976023 -9e-06 6e-06 -21.226284 2.451691 -3.593993 1e-06 -5e-06 2e-06 -1.362682 2.240797 -0.746323 -21.334919 0.584904 3.008323 -13.821213 -7e-06 2e-06 -23.887173 -0.249083 -0.839477 -60.215611 2.402539 -1.459132 -0.294025 1.679686 0.833256 -14.21821 0.093211 1.300582 -34.212051 -0.287574 0.967176 -20.033218 0.964533 1.212849 -2e-06 1e-06 -1e-06 -3.440388 0.788232 0.501655 -15.928189 -3.167313 2.999705 -6.338825 -3e-06 1e-06 -18.123444 3.648175 -4.905666 -4e-06 0.0 0.0 7.450768 14.57526 16.268177 60.749382 17.114946 15.733961 -0.722943 31.230095 -0.397333 4.894851 1.406507 3.175677 2.24354 -5.255034 -3.180156 14.282885 -0.82659 6.952499 -7e-06 -12.690598 4e-06 16.490219 -17.459274 2.368371 1.665666 -1.955921 -2.878297 4.727796 -4.170585 4.99392 11.020521 6e-06 -4e-06 12.109046 -3.735713 -2.866782 0.0 -0.0 2e-06 1.291985 -1.928548 -1.498087 14.800125 0.567472 3.865604 14.242569 -1.34173 -6.660653 19.631964 0.143931 -0.648243 49.684772 -0.490476 -6.15801 0.353028 -1.511151 -0.031941 20.222786 3.684314 2.316625 18.78727 1.1e-05 -2e-06 10.751624 -0.479866 1.397909 1e-06 -1e-06 1e-06 3.273806 0.305947 -0.580111 21.486809 11.830376 2.266129 8.162924 5e-06 -2e-06 18.399071 -3.798978 -4.94057 3e-06 -0.0 0.0 3.356719 7.726007 -42.945683 -0.177887 0.111031 68.882019 -4.803668 12.992739 -15.294253 1.793643 -2.081259 -2.223006 0.0 -0.0 2e-06 0.286612 -3.395855 -13.549033 0.051064 0.571822 44.663418 2.368622 -1.360968 -26.347601 -1.45007 0.849578 -3.762008 -0.0 0.0 -1e-06 
0.0 0.0 0.0 0.0 -0.0 0.0 -3.496192 89.987305 25.401194 -2.01982 0.62196 5.964709 1.364576 0.714336 2.719586 0.268246 0.337299 -3.628911 3.870833 -1.790344 16.146761 -4.28982 4.730762 5.955718 -0.672162 -0.105261 -3.768265 0.610704 -1.227369 -10.567206 7.7e-05 -2.3e-05 6e-06 0.026546 0.006015 -0.062666 0.746491 -3.669249 -10.50123 -0.703278 3.671123 -10.554771 -8.48851 -5.97533 14.755508 -54.397167 -26.948481 26.345345 -0.024905 -28.830256 -4.3e-05 10.390505 -4.761734 -14.285968 -5.882101 9.86128 0.702589 -10.936862 -0.360574 7.156199 -0.0 8.774821 -3e-06 -15.765767 18.620293 6.195249 -1.844032 2.498505 -2.507275 -10.163592 4.678943 4.621104 -20.976006 -1e-06 2e-06 -21.226269 2.451699 -3.594 3e-06 -6e-06 2e-06 -1.362681 2.240797 -0.746324 -21.334896 0.58491 3.008318 -13.821204 -2e-06 2e-06 -23.887152 -0.249077 -0.839482 -60.198536 2.607793 -1.481765 -0.294023 1.679687 0.833253 -14.218197 0.093217 1.30058 -34.212021 -0.287561 0.967168 -20.033201 0.964535 1.212841 -0.0 -1e-06 1e-06 -3.440385 0.788233 0.501654 -15.928176 -3.167307 2.999707 -6.338821 -0.0 0.0 -18.12343 3.648182 -4.905667 -5e-06 0.0 -1e-06 7.459738 15.101779 17.016155 58.361988 18.467386 15.56408 -0.69731 31.508741 -0.435977 5.432321 1.256743 1.903834 2.243541 -5.255034 -3.180155 14.28288 -0.826597 6.952497 1e-06 -12.690597 -0.0 16.581341 -17.653305 2.205197 1.665665 -1.955921 -2.878295 4.727797 -4.170586 4.993918 11.020517 -1e-06 1e-06 12.109043 -3.735718 -2.866782 0.0 -0.0 3e-06 1.291984 -1.928549 -1.498089 14.800117 0.567465 3.865608 14.24256 -1.341739 -6.660655 19.631952 0.143923 -0.648243 49.924835 -0.397515 -6.224488 0.353029 -1.51115 -0.031941 20.222775 3.684304 2.316631 18.787256 1e-06 -2e-06 10.751622 -0.47987 1.397904 0.0 -0.0 2e-06 3.273804 0.305946 -0.580108 21.486797 11.830364 2.266134 8.162921 1e-06 0.0 18.399071 -3.798987 -4.940573 4e-06 -1e-06 -2e-06 1.519782 9.722848 -49.791828 -0.156864 0.236527 68.578339 -3.364608 13.078617 -13.328424 1.788344 -2.151888 -1.686045 -0.0 -1e-06 2e-06 0.471793 -5.429101 -12.772412 0.035878 0.535804 48.930801 2.339083 -1.403056 -29.884489 -1.426922 0.827463 -3.657171 0.0 -0.0 -1e-06 
0.0 0.0 0.0 0.0 -0.0 0.0 -3.645749 88.581375 28.063599 -2.54166 2.613565 4.822537 1.127821 0.905916 2.354006 0.260763 0.357068 -3.810578 4.433428 -1.694966 17.227512 -4.676535 4.888904 11.14442 -0.592755 -0.710993 -3.801389 2.001686 -1.904716 -7.984945 7.7e-05 -2.3e-05 5e-06 -0.008912 0.099519 -0.05193 0.661075 -3.559548 -10.495425 -0.686553 3.744575 -10.546843 -8.074316 -5.717495 14.73578 -52.532581 -27.934822 25.283073 0.457685 -32.71146 -0.263414 13.586414 -3.767343 -12.424026 -5.882101 9.861279 0.702591 -10.936861 -0.360574 7.156194 1e-06 8.774818 0.0 -15.841388 18.715853 6.231174 -1.844031 2.498502 -2.507274 -10.16359 4.67894 4.621101 -20.976006 -6e-06 0.0 -21.226269 2.451693 -3.593994 2e-06 -5e-06 -1e-06 -1.362682 2.240795 -0.746323 -21.334892 0.584907 3.008318 -13.821201 -5e-06 -1e-06 -23.887152 -0.249082 -0.839481 -60.401665 2.764638 -1.683758 -0.294024 1.679684 0.833254 -14.218195 0.093212 1.300577 -34.212021 -0.287565 0.967165 -20.033195 0.964534 1.212842 -1e-06 -0.0 0.0 -3.440386 0.788232 0.501652 -15.928174 -3.167308 2.999701 -6.33882 -2e-06 0.0 -18.12343 3.648177 -4.905667 -4e-06 -1e-06 -2e-06 8.988068 14.966312 18.238241 55.506912 20.004105 15.470587 -0.557285 29.530582 -0.180187 5.586096 0.878137 1.691544 2.243541 -5.255033 -3.180157 14.282885 -0.826594 6.952501 -3e-06 -12.690597 -1e-06 16.45755 -17.741716 2.149061 1.665665 -1.955921 -2.878298 4.727797 -4.170585 4.993921 11.02052 2e-06 -1e-06 12.109043 -3.735714 -2.866783 -0.0 -0.0 2e-06 1.291985 -1.928548 -1.49809 14.800118 0.567468 3.865606 14.24256 -1.341735 -6.660653 19.631954 0.143926 -0.648245 50.001614 -0.384566 -6.108228 0.353029 -1.51115 -0.031938 20.222778 3.684309 2.31663 18.78726 5e-06 -1e-06 10.75162 -0.47987 1.397906 1e-06 -0.0 1e-06 3.273805 0.305947 -0.58011 21.486801 11.830367 2.266134 8.162922 2e-06 -2e-06 18.399071 -3.798981 -4.940573 3e-06 -1e-06 -1e-06 -0.565345 11.476048 -55.123878 0.010579 0.39378 64.756073 0.268055 14.366162 -8.997488 1.73611 -2.169969 -1.165579 0.0 -0.0 2e-06 1.163514 -6.90523 -9.445194 0.033971 0.540397 49.738014 2.838841 -3.002079 -32.790897 -1.444207 0.830854 -3.39692 0.0 -0.0 -1e-06 
0.0 0.0 0.0 0.0 -0.0 0.0 -3.733372 88.030289 31.853199 -2.407058 5.410461 3.389662 0.406365 0.848371 1.431451 0.046678 0.344342 -4.22595 4.460515 -1.31083 17.628061 -3.855912 4.566682 17.347273 -0.574323 -0.967224 -3.70956 3.678983 -2.371117 -4.60957 7.7e-05 -2.3e-05 5e-06 -0.087592 0.209521 -0.044088 0.528068 -3.452871 -10.576725 -0.707255 3.854329 -10.584519 -7.422312 -5.674924 14.696747 -50.388306 -27.879475 26.002773 0.634916 -38.270546 -0.408307 14.528625 -2.832982 -10.034984 -5.882099 9.861276 0.702587 -10.936861 -0.360575 7.1562 0.0 8.774816 -2e-06 -16.311377 18.653442 5.987453 -1.84403 2.498503 -2.507275 -10.16359 4.67894 4.621101 -20.976006 -5e-06 2e-06 -21.226267 2.451695 -3.593996 1e-06 -4e-06 -0.0 -1.362681 2.240796 -0.746322 -21.334894 0.584908 3.008319 -13.821199 -5e-06 1e-06 -23.887148 -0.24908 -0.839482 -60.473423 2.903829 -1.916447 -0.294024 1.679685 0.833256 -14.218194 0.093214 1.300579 -34.212017 -0.287564 0.967169 -20.033194 0.964535 1.212842 1e-06 -1e-06 2e-06 -3.440384 0.788233 0.501656 -15.92817 -3.167306 2.999703 -6.338818 -3e-06 1e-06 -18.123426 3.648176 -4.905663 -5e-06 1e-06 -2e-06 11.494187 14.504662 19.100731 53.64872 19.540312 14.415886 -0.722077 27.133635 0.025514 4.564034 0.689575 1.758281 2.243539 -5.255033 -3.180154 14.282876 -0.826594 6.952498 -1e-06 -12.690594 -2e-06 16.340311 -17.711823 2.025536 1.665664 -1.95592 -2.878297 4.727794 -4.170584 4.99392 11.020514 3e-06 -1e-06 12.109038 -3.735713 -2.86678 -1e-06 -0.0 1e-06 1.291984 -1.928548 -1.49809 14.800114 0.567468 3.865608 14.242557 -1.341737 -6.66065 19.631948 0.143925 -0.648243 49.88599 -0.543906 -6.20244 0.353028 -1.511149 -0.031941 20.222771 3.684306 2.31663 18.787254 3e-06 1e-06 10.751619 -0.479868 1.397905 1e-06 1e-06 -1e-06 3.273803 0.305947 -0.580112 21.48679 11.830361 2.266134 8.162918 1e-06 0.0 18.399059 -3.798982 -4.94057 3e-06 -1e-06 -1e-06 -3.130618 11.686031 -56.549435 0.166203 0.530451 56.151859 3.148868 14.783231 -2.736902 1.713871 -2.10534 -1.009698 0.0 -0.0 2e-06 1.431404 -7.949093 -3.774775 -0.030557 0.385943 47.471825 3.871448 -5.235238 -33.962654 -1.461871 0.847562 -4.244994 0.0 0.0 -2e-06 
0.0 0.0 0.0 0.0 -0.0 0.0 -3.456429 88.310883 36.843449 -1.463233 8.756968 1.347327 -0.503659 0.60585 0.545447 -0.31011 0.573307 -4.674029 3.530678 -0.651723 17.080654 -2.178252 3.724586 23.552481 -0.583618 -0.914353 -3.638924 5.299571 -2.763674 -1.222154 7.7e-05 -2.3e-05 7e-06 -0.155089 0.264502 -0.031498 0.450499 -3.434231 -10.721065 -0.760204 3.939342 -10.703864 -6.271456 -5.548284 15.013839 -48.024975 -27.593781 29.366156 0.983501 -45.007118 -0.649573 13.357436 -2.519998 -7.243056 -5.8821 9.861278 0.702592 -10.936865 -0.360577 7.156204 2e-06 8.774822 -2e-06 -16.863611 18.339249 5.54586 -1.844029 2.498503 -2.507275 -10.163594 4.678942 4.621109 -20.976017 -7e-06 2e-06 -21.226276 2.451692 -3.593995 -0.0 -6e-06 2e-06 -1.362682 2.240797 -0.746322 -21.334904 0.584904 3.008323 -13.821206 -5e-06 3e-06 -23.887154 -0.249082 -0.839481 -60.331669 2.755941 -1.943637 -0.294024 1.679686 0.833256 -14.218201 0.093211 1.300579 -34.212036 -0.287569 0.967172 -20.033203 0.964533 1.212846 0.0 2e-06 2e-06 -3.440387 0.788232 0.501655 -15.928183 -3.16731 2.999708 -6.338822 -2e-06 1e-06 -18.12344 3.648179 -4.905665 -5e-06 0.0 -3e-06 12.765853 13.670479 19.153175 54.621971 16.231009 11.698712 -1.197625 26.810801 -0.056814 2.633812 2.048826 0.314392 2.24354 -5.255035 -3.180159 14.282889 -0.826592 6.952508 -6e-06 -12.690605 2e-06 16.414701 -17.836679 1.737091 1.665666 -1.95592 -2.878301 4.727797 -4.170586 4.993925 11.020527 6e-06 -0.0 12.109052 -3.735711 -2.866781 0.0 -0.0 2e-06 1.291986 -1.928548 -1.498092 14.800131 0.567471 3.86561 14.242569 -1.341731 -6.660658 19.631968 0.14393 -0.648242 49.573322 -0.782875 -6.425212 0.353029 -1.51115 -0.031941 20.222794 3.684315 2.316631 18.787271 1e-05 3e-06 10.751626 -0.479866 1.397909 1e-06 0.0 0.0 3.273807 0.305949 -0.580111 21.486818 11.830379 2.266135 8.162929 4e-06 1e-06 18.39908 -3.798983 -4.94057 3e-06 1e-06 -2e-06 -5.91976 10.081262 -52.229382 -0.009135 0.625129 42.767757 4.128338 13.653255 6.07723 1.680227 -1.971999 -0.957775 0.0 1e-06 2e-06 0.941158 -8.691017 3.437516 -0.090027 0.189756 44.201252 5.480939 -7.874712 -30.815676 -1.522207 0.925934 -8.766175 -0.0 0.0 -1e-06 
0.0 0.0 0.0 0.0 -0.0 0.0 -2.614687 89.008179 42.834175 -0.694603 11.162331 -1.205456 -1.088114 0.618379 -0.213744 -0.627783 0.938712 -5.087221 2.437381 0.429566 15.822612 -1.193037 2.785881 28.152771 -0.428355 -0.639173 -3.545673 6.721046 -3.086972 1.635419 7.7e-05 -2.2e-05 6e-06 -0.128477 0.202043 -0.011385 0.497297 -3.554413 -10.877944 -0.74979 3.932528 -10.871704 -4.380633 -4.855204 15.366497 -46.893509 -27.413628 33.17255 1.654532 -51.279564 -1.226789 10.663824 -2.794895 -3.981201 -5.882102 9.861284 0.70259 -10.936867 -0.360574 7.156199 0.0 8.774825 0.0 -17.121632 18.246393 5.583426 -1.844033 2.498503 -2.507276 -10.163595 4.678945 4.621108 -20.976019 -4e-06 -1e-06 -21.226282 2.451696 -3.594 -0.0 -7e-06 -1e-06 -1.362683 2.240799 -0.746322 -21.334911 0.584909 3.00832 -13.821209 -4e-06 -0.0 -23.887165 -0.249083 -0.839485 -60.478138 2.683917 -1.817146 -0.294023 1.679687 0.833254 -14.218206 0.093216 1.300576 -34.212036 -0.287568 0.967165 -20.033207 0.964533 1.21284 -0.0 1e-06 -1e-06 -3.440387 0.788233 0.501656 -15.928183 -3.167309 2.999701 -6.338823 -1e-06 0.0 -18.12344 3.64818 -4.905672 -4e-06 1e-06 -3e-06 10.867217 13.581861 18.790773 57.922764 10.865999 8.099269 -1.712793 28.751589 -0.331101 1.955402 4.347371 -1.852205 2.243539 -5.255033 -3.180159 14.282887 -0.826593 6.952499 -4e-06 -12.690599 0.0 16.659525 -18.063608 1.667659 1.665666 -1.95592 -2.8783 4.727797 -4.170585 4.993921 11.020522 4e-06 -0.0 12.109048 -3.735711 -2.866783 -0.0 -0.0 1e-06 1.291984 -1.928548 -1.498089 14.800122 0.567469 3.865604 14.242569 -1.341731 -6.660654 19.631964 0.143928 -0.648243 49.739799 -0.917168 -6.455691 0.353028 -1.511149 -0.031941 20.222786 3.684312 2.316629 18.78727 8e-06 -0.0 10.751625 -0.479868 1.397905 0.0 1e-06 1e-06 3.273805 0.305946 -0.580111 21.486809 11.830373 2.26613 8.162924 2e-06 0.0 18.399076 -3.798981 -4.940575 3e-06 -1e-06 -0.0 -7.581617 7.708101 -44.164452 -0.232533 0.690646 31.250902 7.042556 12.20873 14.838715 1.676124 -1.79641 -0.433178 0.0 -1e-06 2e-06 -0.039704 -8.893141 9.743786 -0.116599 0.076515 43.423985 6.361497 -9.312906 -20.888126 -1.629055 0.91706 -18.276344 -0.0 -0.0 -1e-06 
0.0 0.0 0.0 0.0 -0.0 0.0 -1.207737 89.838089 48.95948 -0.813167 11.21176 -4.649554 -1.168231 1.080097 -0.340659 -0.698079 1.625282 -5.395821 1.759349 1.20247 14.438378 -1.046076 2.866381 29.746014 -0.029308 -0.529421 -3.569797 7.888226 -3.622884 3.601576 7.7e-05 -2.3e-05 6e-06 -0.051798 0.09086 -0.043987 0.588323 -3.743419 -11.014694 -0.687957 3.906176 -11.015568 -2.51345 -3.468381 15.561642 -46.91481 -26.39768 34.659447 3.409167 -57.302658 -2.570931 8.516266 -2.451527 -1.410362 -5.882101 9.861279 0.70259 -10.93686 -0.360574 7.156198 -2e-06 8.77482 -1e-06 -17.182989 18.710865 6.071173 -1.844029 2.498502 -2.507277 -10.16359 4.678941 4.621104 -20.976006 -3e-06 -0.0 -21.226269 2.451693 -3.593998 0.0 -7e-06 -1e-06 -1.362679 2.240797 -0.746321 -21.334888 0.584908 3.00832 -13.8212 -1e-06 2e-06 -23.887142 -0.249076 -0.839486 -60.854404 2.66734 -1.505891 -0.294023 1.679686 0.833255 -14.218195 0.093216 1.300581 -34.212013 -0.287562 0.967167 -20.033194 0.964537 1.212842 -0.0 1e-06 1e-06 -3.440386 0.788231 0.501652 -15.92817 -3.167309 2.999702 -6.338818 -1e-06 0.0 -18.123428 3.648178 -4.905668 -4e-06 2e-06 -1e-06 6.819441 15.469146 18.566662 60.624493 5.29097 4.586281 -1.576546 31.811504 -0.544632 3.053625 4.866774 -2.283725 2.243539 -5.255035 -3.180159 14.282884 -0.826595 6.952498 -1e-06 -12.6906 -2e-06 16.626657 -17.914572 1.862971 1.665666 -1.955922 -2.878299 4.727797 -4.170587 4.993923 11.020522 2e-06 0.0 12.109048 -3.735717 -2.866782 0.0 0.0 0.0 1.291986 -1.928549 -1.49809 14.800122 0.567468 3.865606 14.242568 -1.341738 -6.660656 19.631958 0.143923 -0.648246 50.016769 -0.876505 -6.416968 0.353028 -1.511151 -0.031941 20.222784 3.684307 2.31663 18.787268 4e-06 -1e-06 10.751625 -0.479869 1.397904 0.0 2e-06 1e-06 3.273806 0.305947 -0.580108 21.486803 11.830367 2.266134 8.162924 2e-06 -2e-06 18.399075 -3.798983 -4.940577 2e-06 -0.0 -1e-06 -6.642386 4.908097 -36.64267 0.076156 0.788882 31.669582 11.959311 14.384881 9.983776 1.740414 -1.885936 0.674558 -0.0 -1e-06 2e-06 -1.828139 -8.437904 12.816014 0.048806 0.216633 48.041176 5.653392 -7.92145 -5.437223 -1.723208 0.812947 -23.905991 0.0 0.0 -1e-06 
0.0 0.0 0.0 0.0 -0.0 0.0 0.170706 90.200493 54.112507 -1.476502 9.022077 -8.301905 -1.015383 1.27352 0.134727 -0.547523 2.374932 -5.307755 1.403413 1.794138 13.194164 -0.725364 3.233945 27.79793 -0.038499 -0.226291 -3.60684 8.053786 -3.888028 3.929049 7.7e-05 -2.2e-05 4e-06 -0.017494 0.051628 -0.095259 0.649745 -3.809922 -10.914767 -0.68646 3.902801 -10.887326 -1.621681 -2.220468 16.078836 -45.577808 -23.312853 31.931482 6.072398 -65.071182 -4.980474 8.065785 -1.940395 0.200142 -5.882098 9.861269 0.702587 -10.936856 -0.360575 7.156196 -0.0 8.774813 -3e-06 -17.332556 18.778471 6.25402 -1.844029 2.498502 -2.507276 -10.163586 4.678936 4.621102 -20.975994 -2e-06 3e-06 -21.226255 2.451694 -3.593995 0.0 -7e-06 -2e-06 -1.362679 2.240796 -0.746323 -21.334887 0.584905 3.008318 -13.821198 -1e-06 3e-06 -23.887136 -0.249077 -0.839482 -61.234184 2.878791 -1.321149 -0.294025 1.679685 0.833254 -14.21819 0.093214 1.300579 -34.212013 -0.287561 0.96717 -20.033188 0.964535 1.212843 -0.0 1e-06 0.0 -3.440384 0.788233 0.501658 -15.928165 -3.167306 2.999705 -6.33882 -1e-06 1e-06 -18.123423 3.648177 -4.905665 -5e-06 2e-06 -1e-06 2.426241 17.819944 17.42157 60.215427 1.229961 1.336884 0.073366 35.667091 -0.110915 4.714223 3.4328 0.251127 2.243537 -5.255029 -3.180152 14.282868 -0.826594 6.952496 -2e-06 -12.690585 0.0 16.72476 -17.596704 1.818238 1.665662 -1.955918 -2.878294 4.727793 -4.170582 4.993917 11.020508 2e-06 -1e-06 12.10903 -3.735711 -2.866777 -0.0 0.0 1e-06 1.291984 -1.928547 -1.498088 14.800107 0.567466 3.865605 14.242547 -1.341737 -6.660647 19.631935 0.14392 -0.648241 49.83073 -1.137729 -6.598621 0.353028 -1.511149 -0.031939 20.222761 3.684304 2.316634 18.787243 3e-06 5e-06 10.75161 -0.479869 1.397904 0.0 1e-06 0.0 3.273801 0.305947 -0.580111 21.486776 11.830355 2.266132 8.162913 1e-06 0.0 18.399054 -3.798985 -4.940565 3e-06 -1e-06 -0.0 -4.588245 3.096697 -32.268887 0.41917 0.713986 38.749535 11.807971 18.71417 2.454274 1.703169 -2.018251 0.702789 -0.0 -1e-06 2e-06 -3.46307 -6.665707 11.150095 0.163883 0.343345 58.399075 4.680966 -9.01936 5.779735 -1.554919 0.87732 -9.749153 -0.0 0.0 -2e-06 
0.0 0.0 0.0 0.0 -0.0 0.0 1.296482 90.344124 58.498447 -2.03655 5.828782 -11.520075 -0.900955 1.396975 0.779241 -0.43034 2.763154 -5.06129 1.030472 1.886381 12.484715 0.081738 3.392944 24.16897 -0.098407 -0.032717 -3.65331 7.323642 -3.717063 2.572722 7.7e-05 -2.2e-05 6e-06 -0.013772 0.076019 -0.091442 0.72628 -3.734746 -10.659673 -0.759754 3.882662 -10.626759 -1.441777 -1.459025 17.044579 -42.87883 -18.64171 25.979622 6.004283 -72.732933 -5.51876 8.870211 -1.791551 2.273868 -5.882099 9.861281 0.702591 -10.936862 -0.360577 7.156205 2e-06 8.774822 -2e-06 -17.244694 18.809839 6.265819 -1.84403 2.498504 -2.507277 -10.163589 4.67894 4.621111 -20.976006 -6e-06 5e-06 -21.226267 2.451695 -3.593993 0.0 -7e-06 -1e-06 -1.362679 2.240797 -0.746322 -21.3349 0.584904 3.008328 -13.821204 -3e-06 6e-06 -23.88715 -0.249076 -0.839475 -61.606606 2.97938 -1.555911 -0.294025 1.679686 0.833256 -14.218199 0.093212 1.300584 -34.212017 -0.287563 0.967178 -20.033195 0.964539 1.212847 0.0 0.0 0.0 -3.440387 0.788232 0.501656 -15.928176 -3.167311 2.99971 -6.33882 -1e-06 3e-06 -18.12343 3.648178 -4.905665 -4e-06 2e-06 -2e-06 -1.202628 19.534908 16.165401 57.902233 -0.268328 -1.371357 0.608201 39.731426 -0.156459 4.278877 3.861442 2.920481 2.243538 -5.255033 -3.180156 14.282875 -0.826591 6.952498 -3e-06 -12.690592 -0.0 17.224056 -17.784382 1.712976 1.665663 -1.955919 -2.878298 4.727792 -4.170582 4.993919 11.020515 3e-06 -1e-06 12.109037 -3.735712 -2.86678 -1e-06 -0.0 2e-06 1.291986 -1.928549 -1.498088 14.800115 0.567468 3.865606 14.242558 -1.341734 -6.660653 19.631948 0.143926 -0.648244 50.212467 -1.088634 -6.449075 0.353032 -1.511151 -0.031941 20.222769 3.684307 2.316631 18.787254 5e-06 0.0 10.751618 -0.47987 1.397907 -0.0 1e-06 -2e-06 3.273802 0.305946 -0.580111 21.48679 11.830365 2.266134 8.162919 2e-06 3e-06 18.399061 -3.79898 -4.940565 4e-06 0.0 0.0 -2.934052 3.66464 -28.202217 0.481585 0.662974 44.323753 9.761926 21.701378 -3.296724 1.667404 -1.978195 1.29723 -0.0 -1e-06 2e-06 -3.930376 -4.388415 6.867945 0.066843 0.304618 69.859039 -1.188525 -16.828819 2.977958 -1.607547 0.997774 -3.654384 -0.0 1e-06 -1e-06 
0.0 0.0 0.0 0.0 -0.0 0.0 2.218292 91.242752 62.351521 -2.869738 2.448029 -13.752285 -0.545608 1.347696 1.107063 -0.375579 2.72242 -4.924601 1.005091 1.475038 12.372774 0.926893 3.176002 20.755096 -0.241105 0.298384 -3.505742 6.551769 -3.263684 0.901941 7.7e-05 -2.2e-05 6e-06 -0.018257 0.14214 -0.065635 0.785071 -3.600903 -10.440979 -0.830056 3.884842 -10.431439 -1.646117 -1.447191 17.538246 -40.40107 -11.779234 20.500826 4.904305 -78.286102 -4.731255 9.348449 -1.302843 5.167712 -5.882102 9.861278 0.702591 -10.936863 -0.360575 7.1562 1e-06 8.774819 0.0 -17.083679 18.815432 6.182765 -1.84403 2.498502 -2.507276 -10.163591 4.67894 4.621105 -20.976009 -5e-06 5e-06 -21.226271 2.451694 -3.593994 1e-06 -6e-06 -0.0 -1.36268 2.240797 -0.746322 -21.3349 0.584908 3.008322 -13.821205 -3e-06 3e-06 -23.887154 -0.249077 -0.839479 -61.395176 2.975099 -1.747546 -0.294023 1.679685 0.833256 -14.218197 0.093214 1.300581 -34.212021 -0.287565 0.967173 -20.033199 0.964538 1.212845 -0.0 1e-06 -0.0 -3.440386 0.788233 0.501656 -15.928174 -3.167309 2.999705 -6.338823 -1e-06 1e-06 -18.12343 3.64818 -4.905666 -3e-06 1e-06 -2e-06 -4.192604 20.586258 14.448736 54.86488 -0.991088 -4.438439 -0.279783 45.435001 -0.759213 2.300887 5.991232 3.695855 2.243539 -5.255033 -3.180157 14.282879 -0.826592 6.9525 -4e-06 -12.690598 2e-06 17.763813 -18.3029 1.503414 1.665665 -1.95592 -2.878298 4.727795 -4.170584 4.993922 11.020518 3e-06 -2e-06 12.109046 -3.735713 -2.866784 0.0 -0.0 1e-06 1.291986 -1.928548 -1.498091 14.800118 0.567468 3.865602 14.242562 -1.341734 -6.660655 19.631952 0.14393 -0.648245 50.666824 -1.01622 -6.654319 0.35303 -1.51115 -0.031942 20.222775 3.684309 2.316627 18.787256 7e-06 -1e-06 10.75162 -0.47987 1.397906 -0.0 0.0 -1e-06 3.273804 0.305947 -0.580112 21.486799 11.830368 2.266127 8.16292 2e-06 1e-06 18.399067 -3.798982 -4.940572 3e-06 0.0 -1e-06 -1.048589 5.920996 -23.092022 0.318162 0.483647 45.512161 7.795228 22.976839 -7.21277 1.651431 -1.958716 1.95693 0.0 -0.0 2e-06 -3.091632 -1.66325 1.017455 -0.033257 0.00481 76.138 -5.275823 -24.39304 -4.047878 -1.600943 0.959595 -2.494028 -0.0 -1e-06 -3e-06 
0.0 0.0 0.0 0.0 -0.0 0.0 3.02318 92.518623 65.849052 -3.264893 -0.618706 -15.233191 -0.389683 1.11348 1.342582 -0.39991 2.500078 -4.735927 0.751239 0.906941 12.139143 2.161536 2.246797 18.71977 -0.343998 0.836585 -3.350483 6.014868 -2.837571 -0.21317 7.7e-05 -2.2e-05 6e-06 -0.003081 0.171597 -0.049691 0.855345 -3.530794 -10.349133 -0.871055 3.874602 -10.359046 -2.03337 -1.792952 17.604454 -37.957275 -3.280586 16.635759 3.823337 -82.774414 -3.580266 8.406999 -0.314404 8.193366 -5.882102 9.861278 0.702591 -10.936863 -0.360574 7.156202 1e-06 8.774819 1e-06 -17.048178 18.633404 5.922035 -1.844031 2.498503 -2.507275 -10.163591 4.67894 4.621106 -20.976007 -2e-06 2e-06 -21.226269 2.451695 -3.593997 -1e-06 -6e-06 -1e-06 -1.362682 2.240797 -0.746321 -21.334896 0.584909 3.008322 -13.821204 -1e-06 4e-06 -23.887152 -0.249077 -0.839482 -60.873524 2.855102 -1.606965 -0.294023 1.679685 0.833255 -14.218199 0.093216 1.300581 -34.212025 -0.28756 0.967171 -20.033197 0.964538 1.212842 -0.0 -0.0 0.0 -3.440386 0.788232 0.501656 -15.928176 -3.167307 2.999706 -6.338823 -0.0 1e-06 -18.123436 3.648181 -4.905665 -4e-06 1e-06 -2e-06 -6.766651 21.132318 12.280751 52.195591 -1.814146 -7.914439 -1.602161 52.121609 -1.439201 -0.379193 7.535011 2.366223 2.243537 -5.255029 -3.180153 14.282871 -0.826592 6.952496 -2e-06 -12.690589 2e-06 17.581444 -18.248987 1.60346 1.665664 -1.95592 -2.878296 4.727793 -4.170581 4.993916 11.020509 5e-06 0.0 12.109035 -3.73571 -2.866779 -0.0 -1e-06 1e-06 1.291982 -1.928547 -1.498088 14.800108 0.567468 3.865606 14.242551 -1.341737 -6.660646 19.631937 0.143924 -0.64824 50.511406 -0.833574 -6.636275 0.353029 -1.511149 -0.031941 20.222765 3.684304 2.316628 18.787249 3e-06 2e-06 10.751616 -0.47987 1.397904 -1e-06 -0.0 -0.0 3.273802 0.305947 -0.58011 21.486786 11.830359 2.266131 8.162915 1e-06 -1e-06 18.399055 -3.798982 -4.940568 3e-06 0.0 0.0 0.24244 8.174376 -17.567904 0.228438 0.33571 43.939594 6.301172 23.632509 -9.234207 1.668722 -1.940329 2.243048 0.0 -0.0 2e-06 -2.64595 0.691127 -4.873707 -0.06354 -0.217833 76.010834 -6.234218 -26.914799 -9.96851 -1.549048 0.887348 -2.036971 0.0 -0.0 -3e-06 
0.0 0.0 0.0 0.0 -0.0 0.0 3.794128 93.932175 68.999062 -3.857499 -2.542562 -16.396282 -0.239039 0.787796 1.452247 -0.411366 2.142904 -4.580072 0.464947 0.363164 11.700356 3.592191 0.887603 18.376511 -0.391703 1.126007 -3.324305 5.699876 -2.750628 -0.069882 7.7e-05 -2.3e-05 6e-06 0.00837 0.150912 -0.029315 0.894008 -3.54277 -10.368505 -0.886766 3.845368 -10.393969 -2.542794 -2.068704 17.507587 -35.327301 4.330254 14.966561 5.081657 -85.4608 -4.37792 7.189639 0.044565 9.732737 -5.882103 9.861279 0.702589 -10.936866 -0.360576 7.156202 -1e-06 8.774819 -2e-06 -17.046429 18.450548 5.721031 -1.844031 2.498504 -2.507274 -10.163595 4.678941 4.621105 -20.976013 -0.0 5e-06 -21.226273 2.451698 -3.593996 0.0 -6e-06 -2e-06 -1.362683 2.240798 -0.746323 -21.334904 0.58491 3.008322 -13.821205 -2e-06 1e-06 -23.887157 -0.249078 -0.839482 -60.660515 2.678145 -1.263868 -0.294023 1.679685 0.833256 -14.218201 0.093215 1.300582 -34.21204 -0.287562 0.967172 -20.033205 0.964539 1.212843 -0.0 -1e-06 0.0 -3.440386 0.788233 0.501655 -15.928179 -3.167308 2.999707 -6.338823 -0.0 1e-06 -18.123442 3.648182 -4.905666 -4e-06 0.0 -1e-06 -8.490438 20.842152 10.559767 50.132294 -3.09314 -11.214073 -2.319063 58.887032 -1.722243 -2.861685 7.636955 0.308315 2.243539 -5.255034 -3.180156 14.282885 -0.826593 6.952499 -1e-06 -12.690603 -2e-06 17.109402 -17.735722 1.824569 1.665665 -1.955921 -2.878298 4.727797 -4.170587 4.993922 11.02052 4e-06 -1e-06 12.109046 -3.735715 -2.866781 0.0 1e-06 2e-06 1.291984 -1.928548 -1.498085 14.800122 0.567468 3.865608 14.242566 -1.341739 -6.660653 19.631962 0.143924 -0.648242 49.816349 -0.622649 -6.426818 0.353028 -1.51115 -0.03194 20.222784 3.684309 2.316632 18.787266 4e-06 -0.0 10.751625 -0.479868 1.397906 0.0 0.0 0.0 3.273805 0.305947 -0.580109 21.486805 11.830374 2.266135 8.162923 2e-06 -1e-06 18.399075 -3.798984 -4.940575 2e-06 1e-06 0.0 1.607273 9.847453 -12.044765 0.189537 0.266972 41.021622 5.221021 23.511448 -10.009232 1.696732 -1.941476 2.091233 0.0 -0.0 2e-06 -2.10336 1.312658 -9.104287 -0.054274 -0.308303 70.563606 -4.599351 -24.516747 -14.267158 -1.493771 0.82719 -2.195107 0.0 0.0 -3e-06 
0.0 0.0 0.0 0.0 -0.0 0.0 4.145175 95.265099 72.007217 -4.943943 -3.020448 -17.50598 -0.188664 0.490553 1.342026 -0.342814 1.673738 -4.543516 0.310686 -0.303699 11.162008 5.162312 -0.744877 19.531752 -0.295516 0.880209 -3.381885 5.450348 -3.005009 0.953768 7.7e-05 -2.2e-05 6e-06 0.010269 0.126795 -0.000359 0.899171 -3.579581 -10.445246 -0.887349 3.833944 -10.481813 -2.695105 -2.432895 17.466749 -33.123909 10.223653 14.536084 7.773777 -85.672836 -6.442066 6.908385 -0.262953 10.022329 -5.882106 9.861281 0.70259 -10.936868 -0.360575 7.156202 -2e-06 8.774821 -4e-06 -17.109272 18.428671 5.593197 -1.84403 2.498503 -2.507276 -10.163597 4.678942 4.621106 -20.976021 0.0 5e-06 -21.226278 2.4517 -3.593997 -0.0 -6e-06 -1e-06 -1.362684 2.240798 -0.746324 -21.334909 0.584911 3.008324 -13.821213 -0.0 3e-06 -23.887165 -0.249074 -0.839481 -60.7267 2.537977 -1.030207 -0.294025 1.679687 0.833256 -14.218205 0.093215 1.300582 -34.212048 -0.287558 0.967173 -20.033209 0.964539 1.212844 -0.0 -2e-06 0.0 -3.440387 0.788233 0.501657 -15.928185 -3.167308 2.999709 -6.338827 -1e-06 1e-06 -18.123444 3.648184 -4.905668 -3e-06 -1e-06 -2e-06 -9.437495 19.69257 9.733374 49.079445 -4.873135 -14.05578 -2.875726 65.368553 -2.092555 -4.325167 6.869478 -1.892973 2.243541 -5.255036 -3.180157 14.282886 -0.826595 6.952498 0.0 -12.6906 -1e-06 16.818855 -17.330799 1.963324 1.665666 -1.955922 -2.878298 4.727797 -4.170585 4.993924 11.020523 3e-06 -0.0 12.109049 -3.735717 -2.866782 0.0 -0.0 2e-06 1.291985 -1.928549 -1.49809 14.800122 0.567467 3.865605 14.242566 -1.341737 -6.660656 19.631958 0.143923 -0.648243 49.242367 -0.525332 -6.300275 0.353029 -1.51115 -0.03194 20.222784 3.684307 2.31663 18.78727 3e-06 -1e-06 10.751624 -0.479868 1.397905 -0.0 1e-06 -2e-06 3.273805 0.305946 -0.580112 21.486801 11.830368 2.266133 8.162926 1e-06 -1e-06 18.399076 -3.798986 -4.940577 3e-06 -0.0 -2e-06 3.480691 11.02016 -6.731873 0.137727 0.212424 37.928455 4.549306 22.476185 -10.446848 1.707227 -1.935201 1.669937 0.0 -1e-06 2e-06 -1.062884 0.090597 -10.573952 0.0206 -0.28621 61.566334 -1.842678 -19.697784 -16.331371 -1.480507 0.799486 -2.510447 -0.0 -0.0 -2e-06 
0.0 0.0 0.0 0.0 -0.0 0.0 4.176715 96.333954 75.0606 -6.026737 -2.253165 -18.565237 -0.397708 0.347718 0.97117 -0.310957 1.114497 -4.685355 0.032263 -0.961379 10.581893 6.913366 -2.668166 21.699116 -0.187841 0.111999 -3.485034 5.336775 -3.497854 2.567923 7.7e-05 -2.2e-05 6e-06 0.014164 0.061654 0.02886 0.87524 -3.664597 -10.54429 -0.854401 3.788645 -10.570706 -2.747277 -2.861613 17.508078 -31.271906 14.488219 14.356541 6.60604 -83.320267 -4.658144 7.678689 -0.698672 9.340622 -5.882101 9.861278 0.702589 -10.936863 -0.360575 7.1562 -3e-06 8.774819 -1e-06 -17.285946 18.45838 5.528445 -1.84403 2.498503 -2.507276 -10.163592 4.67894 4.621105 -20.976006 -2e-06 3e-06 -21.226271 2.451697 -3.593997 0.0 -5e-06 0.0 -1.362679 2.240796 -0.746322 -21.334898 0.584911 3.00832 -13.821204 -1e-06 3e-06 -23.887152 -0.249076 -0.839481 -60.955231 2.495853 -0.978654 -0.294023 1.679686 0.833255 -14.218198 0.093216 1.300581 -34.212021 -0.287559 0.96717 -20.033197 0.964539 1.212841 0.0 1e-06 0.0 -3.440387 0.788233 0.501655 -15.928172 -3.167306 2.999706 -6.338819 -0.0 1e-06 -18.123436 3.648183 -4.905665 -3e-06 -0.0 -3e-06 -9.950536 17.880404 9.606469 49.437828 -6.890003 -16.062302 -3.5433 70.581085 -2.826046 -4.930795 5.18041 -3.512797 2.243541 -5.255033 -3.180156 14.282883 -0.826595 6.952502 -2e-06 -12.6906 1e-06 16.651468 -17.164381 2.059766 1.665666 -1.95592 -2.878297 4.727797 -4.170584 4.993923 11.020519 4e-06 -3e-06 12.109043 -3.735715 -2.866779 0.0 1e-06 2e-06 1.291985 -1.928548 -1.49809 14.80012 0.567467 3.865606 14.242566 -1.341735 -6.660655 19.631954 0.143926 -0.648246 49.032513 -0.58465 -6.232445 0.353028 -1.51115 -0.031938 20.222782 3.684307 2.316628 18.78726 3e-06 0.0 10.751623 -0.479869 1.397904 -1e-06 -0.0 0.0 3.273804 0.305946 -0.58011 21.486801 11.830368 2.266133 8.162921 0.0 0.0 18.399073 -3.798985 -4.940574 3e-06 -1e-06 -2e-06 5.324462 11.645318 -1.853178 0.100235 0.174784 35.011208 4.124996 20.961754 -10.952819 1.709463 -1.910682 1.19245 0.0 -1e-06 2e-06 -0.027225 -1.418337 -9.76779 0.154513 -0.136001 51.546238 0.015388 -15.14772 -15.157758 -1.514484 0.78808 -2.576658 0.0 0.0 -1e-06 
0.0 0.0 0.0 0.0 -0.0 0.0 4.07348 96.993217 78.018211 -6.61336 -0.751059 -19.646854 -0.849776 0.352624 0.471202 -0.390705 0.569503 -4.951791 -0.599253 -1.442943 9.997745 8.522838 -4.657807 24.077988 -0.113767 -0.86518 -3.596482 5.293745 -3.995472 4.390183 7.6e-05 -2.3e-05 6e-06 0.029716 -0.040014 0.060255 0.847635 -3.787813 -10.646206 -0.794456 3.707877 -10.647799 -3.094057 -3.160988 17.677372 -29.638151 17.495556 13.580246 3.765874 -78.798164 -1.314742 8.841458 -0.670038 7.857321 -5.882097 9.861274 0.702589 -10.936857 -0.360576 7.156197 1e-06 8.774817 -4e-06 -17.521925 18.425531 5.502038 -1.84403 2.498501 -2.507275 -10.163587 4.678938 4.621103 -20.975998 -3e-06 2e-06 -21.226257 2.451694 -3.593997 0.0 -6e-06 -2e-06 -1.362679 2.240798 -0.746323 -21.334885 0.584907 3.008322 -13.821199 -2e-06 2e-06 -23.887138 -0.249078 -0.839481 -61.185997 2.509945 -1.047613 -0.294024 1.679685 0.833254 -14.218191 0.093214 1.300579 -34.212006 -0.287565 0.967173 -20.033188 0.964536 1.212846 0.0 -0.0 1e-06 -3.440383 0.788232 0.501656 -15.928165 -3.167308 2.999706 -6.338817 -2e-06 3e-06 -18.123425 3.64818 -4.905663 -5e-06 0.0 -3e-06 -10.552231 16.013208 9.806193 51.334599 -8.962658 -16.974001 -3.429796 73.710411 -2.735317 -4.9681 2.286941 -3.820353 2.243537 -5.255031 -3.180153 14.282872 -0.82659 6.952494 -4e-06 -12.690593 -2e-06 16.582663 -17.11627 2.13919 1.665663 -1.955919 -2.878296 4.727792 -4.17058 4.993918 11.020512 4e-06 1e-06 12.109035 -3.73571 -2.866779 0.0 -0.0 0.0 1.291985 -1.928548 -1.498086 14.800114 0.567472 3.865604 14.242555 -1.341732 -6.660647 19.631947 0.143928 -0.648239 49.081184 -0.686356 -6.165451 0.353029 -1.511149 -0.03194 20.222765 3.684309 2.316629 18.787251 7e-06 2e-06 10.751614 -0.479867 1.397907 -1e-06 0.0 0.0 3.273802 0.305947 -0.580111 21.48679 11.830366 2.266133 8.162917 3e-06 0.0 18.399055 -3.798978 -4.940565 3e-06 1e-06 -2e-06 6.510968 11.643307 2.545077 0.078931 0.142104 32.508408 3.457776 19.547661 -11.99089 1.709063 -1.880111 0.797358 0.0 -0.0 2e-06 0.30537 -1.530114 -8.007694 0.293996 0.078615 43.065094 1.553418 -11.814502 -12.701158 -1.553354 0.812079 -2.295896 0.0 0.0 -1e-06 
0.0 0.0 0.0 0.0 -0.0 0.0 3.977471 97.12204 80.954605 -6.506184 0.885703 -20.766096 -1.476615 0.466705 -0.055885 -0.578716 0.155469 -5.247581 -1.619397 -1.691682 9.469283 9.696856 -6.323744 25.775925 -0.113652 -1.583803 -3.735502 5.27224 -4.398765 5.827155 7.6e-05 -2.2e-05 6e-06 0.043706 -0.128088 0.070663 0.817193 -3.892162 -10.734471 -0.73535 3.634386 -10.710809 -4.008285 -3.089571 17.900772 -27.835207 19.903736 12.176123 1.560243 -72.922615 1.109637 9.855062 -0.036198 5.520621 -5.882103 9.861282 0.702593 -10.936865 -0.36057 7.1562 -2e-06 8.774822 2e-06 -17.683998 18.325508 5.532387 -1.844031 2.498505 -2.507274 -10.163592 4.678944 4.621107 -20.976009 -3e-06 0.0 -21.226273 2.451696 -3.594001 0.0 -6e-06 -2e-06 -1.362679 2.240798 -0.746323 -21.334906 0.584912 3.00832 -13.821209 -2e-06 -1e-06 -23.887159 -0.249079 -0.839485 -61.274925 2.546485 -1.044532 -0.294025 1.679687 0.833256 -14.218198 0.093216 1.30058 -34.212032 -0.287562 0.967169 -20.033201 0.964537 1.212841 0.0 0.0 1e-06 -3.440388 0.788233 0.501655 -15.928179 -3.167309 2.999704 -6.338822 -2e-06 1e-06 -18.12344 3.648184 -4.90567 -4e-06 -0.0 -1e-06 -11.132462 14.543092 10.123602 53.919548 -10.801035 -16.554523 -1.677399 74.991135 -0.739775 -4.74321 -1.161352 -3.603112 2.243539 -5.255033 -3.180153 14.282879 -0.826596 6.952497 -0.0 -12.690594 1e-06 16.487404 -17.067135 2.195307 1.665663 -1.95592 -2.878296 4.727796 -4.170586 4.993918 11.020516 3e-06 -0.0 12.10904 -3.735715 -2.86678 -0.0 -0.0 -0.0 1.291984 -1.928548 -1.498088 14.800115 0.567467 3.865603 14.242559 -1.341738 -6.660649 19.631948 0.143924 -0.648246 49.080475 -0.781032 -6.141273 0.35303 -1.511148 -0.031939 20.222775 3.684304 2.316629 18.787256 2e-06 -0.0 10.75162 -0.479869 1.397904 -1e-06 -0.0 1e-06 3.273803 0.305946 -0.580109 21.486794 11.830364 2.266129 8.162921 0.0 1e-06 18.399071 -3.798985 -4.940575 3e-06 0.0 -1e-06 6.749172 11.12618 6.412471 0.083942 0.108014 30.840483 2.548911 18.757822 -13.952359 1.715287 -1.879671 0.662969 0.0 -0.0 2e-06 -0.235945 0.341329 -6.233416 0.394034 0.30841 37.036659 2.912774 -9.897824 -10.747602 -1.578705 0.865001 -1.637972 -0.0 -0.0 -1e-06 
0.0 0.0 0.0 0.0 -0.0 0.0 3.931238 96.668404 83.850845 -5.842474 2.094531 -21.744059 -2.084732 0.667081 -0.555547 -0.80001 -0.041839 -5.472663 -2.789373 -1.613634 9.035248 10.510587 -7.281556 26.047541 -0.376882 -2.016998 -3.873132 5.297288 -4.897343 6.479553 7.7e-05 -2.2e-05 7e-06 0.039065 -0.168799 0.047718 0.779758 -3.941339 -10.78756 -0.706841 3.600566 -10.747404 -5.60823 -2.635327 17.881737 -25.535227 22.237232 10.754277 0.137958 -67.369385 2.206359 10.208838 0.804292 2.883192 -5.882104 9.861285 0.702592 -10.936871 -0.360574 7.156203 0.0 8.774824 -3e-06 -17.543974 18.198168 5.663934 -1.844032 2.498503 -2.507277 -10.163599 4.678944 4.621107 -20.976023 -4e-06 -1e-06 -21.226286 2.451696 -3.594 1e-06 -6e-06 -1e-06 -1.362682 2.240796 -0.746325 -21.334913 0.584908 3.008321 -13.821215 -0.0 -1e-06 -23.887171 -0.24908 -0.839484 -61.123104 2.633916 -0.963799 -0.294024 1.67969 0.833254 -14.218207 0.093216 1.300577 -34.212048 -0.287566 0.967167 -20.033209 0.964533 1.21284 1e-06 -0.0 -2e-06 -3.440389 0.788232 0.501655 -15.928185 -3.16731 2.999703 -6.338825 -2e-06 0.0 -18.123444 3.648181 -4.905671 -5e-06 1e-06 -4e-06 -11.129172 13.431955 10.594257 55.862732 -11.90807 -14.632937 1.047051 75.075928 2.252043 -4.364685 -3.955799 -3.210417 2.243541 -5.255033 -3.180154 14.282878 -0.826595 6.952497 -3e-06 -12.690598 2e-06 16.358109 -17.030371 2.266095 1.665665 -1.95592 -2.878296 4.727793 -4.170584 4.993921 11.020517 3e-06 -4e-06 12.109042 -3.735714 -2.866785 -0.0 -0.0 -0.0 1.291984 -1.928549 -1.498089 14.800115 0.567468 3.865604 14.24256 -1.341736 -6.660656 19.631952 0.143926 -0.648247 49.016087 -0.829919 -6.107953 0.353029 -1.511149 -0.03194 20.222773 3.684308 2.316626 18.787254 5e-06 2e-06 10.751618 -0.479868 1.397906 0.0 1e-06 0.0 3.273804 0.305947 -0.580112 21.486794 11.830368 2.26613 8.16292 1e-06 1e-06 18.399067 -3.798984 -4.940571 3e-06 0.0 -2e-06 6.18954 10.469595 9.335805 0.098746 0.073557 30.665152 1.610572 18.74049 -16.770735 1.72865 -1.892872 0.807464 0.0 -1e-06 2e-06 -1.321172 3.514693 -4.706884 0.454247 0.543441 32.284283 3.779704 -8.957023 -8.612995 -1.573595 0.921274 -1.102334 0.0 -0.0 -1e-06 
0.0 0.0 0.0 0.0 -0.0 0.0 3.926968 95.713074 86.327293 -4.78372 2.498852 -22.455585 -2.520662 0.909688 -1.036023 -0.97414 0.066695 -5.642852 -3.871373 -1.131438 8.781469 11.00417 -7.402019 24.833832 -0.80715 -2.252953 -3.960494 5.240535 -5.60681 6.155262 7.7e-05 -2.2e-05 6e-06 0.010341 -0.108831 0.017661 0.744076 -3.889939 -10.795015 -0.728272 3.666605 -10.748073 -7.480206 -1.927149 17.721027 -23.200813 24.621897 9.380535 -1.046137 -64.042267 2.655323 9.792862 0.973562 0.421002 -5.882099 9.861276 0.702587 -10.936857 -0.360576 7.156198 3e-06 8.774815 -2e-06 -17.187166 18.101391 5.868285 -1.844029 2.498502 -2.507275 -10.163589 4.678939 4.621104 -20.976002 -5e-06 1e-06 -21.226259 2.451692 -3.593995 0.0 -6e-06 -1e-06 -1.362681 2.240795 -0.746322 -21.334888 0.584908 3.00832 -13.821198 -3e-06 1e-06 -23.887142 -0.24908 -0.839478 -60.930241 2.750372 -0.876264 -0.294023 1.679686 0.833256 -14.218191 0.093213 1.300579 -34.212013 -0.287567 0.967171 -20.033192 0.964535 1.212843 1e-06 1e-06 0.0 -3.440383 0.788234 0.501655 -15.928165 -3.167308 2.999704 -6.338819 -1e-06 2e-06 -18.123426 3.648178 -4.905664 -4e-06 -1e-06 -1e-06 -10.551241 12.577726 11.206223 56.876987 -11.871701 -11.057288 1.951988 74.503357 3.40674 -4.025083 -5.660444 -2.104707 2.243538 -5.255031 -3.180153 14.282874 -0.82659 6.952496 -5e-06 -12.69059 -2e-06 16.166567 -17.001226 2.396949 1.665663 -1.95592 -2.878295 4.727792 -4.17058 4.993917 11.020512 4e-06 0.0 12.109035 -3.73571 -2.866779 -0.0 -1e-06 -0.0 1.291983 -1.928547 -1.498088 14.80011 0.56747 3.865606 14.242555 -1.341732 -6.660649 19.631943 0.143928 -0.648239 49.012997 -0.827872 -6.039326 0.353027 -1.511148 -0.031939 20.222769 3.684309 2.31663 18.787251 8e-06 2e-06 10.751614 -0.479866 1.397905 -1e-06 1e-06 -2e-06 3.273803 0.305947 -0.580111 21.48679 11.830362 2.26613 8.162919 3e-06 2e-06 18.399059 -3.798978 -4.940567 2e-06 0.0 -2e-06 5.17244 10.14603 11.118267 0.130814 0.083231 32.284992 0.649946 19.198704 -20.229212 1.743745 -1.887978 1.186539 0.0 -0.0 2e-06 -2.634382 7.100863 -3.515324 0.476768 0.736578 27.889662 5.391983 -7.5672 -5.7707 -1.535806 0.981767 -0.867362 -0.0 -0.0 -1e-06 
0.0 0.0 0.0 0.0 -0.0 0.0 3.938468 94.511955 88.01162 -3.525897 2.104981 -22.862125 -2.633679 1.126356 -1.5382 -1.107785 0.435617 -5.857549 -4.782403 -0.309845 8.796198 11.122093 -6.705604 22.702618 -1.204186 -2.413189 -4.04937 5.005764 -6.390625 5.152911 7.7e-05 -2.2e-05 6e-06 -0.016979 0.005217 -0.002228 0.721804 -3.772139 -10.758407 -0.760847 3.773572 -10.723843 -9.321843 -0.985924 17.380859 -21.503466 26.858229 7.613362 -2.346426 -63.757118 3.241234 9.317976 0.150106 -1.288507 -5.8821 9.861275 0.70259 -10.936863 -0.360575 7.156199 1e-06 8.774818 1e-06 -16.896349 18.190596 5.970812 -1.844032 2.498503 -2.507275 -10.163589 4.67894 4.621105 -20.976006 -5e-06 2e-06 -21.226267 2.451694 -3.593996 1e-06 -6e-06 -0.0 -1.36268 2.240794 -0.746322 -21.334896 0.584907 3.008323 -13.821202 -2e-06 1e-06 -23.887152 -0.249078 -0.839481 -60.896545 2.900009 -0.804248 -0.294023 1.679688 0.833256 -14.218194 0.093215 1.30058 -34.212013 -0.287564 0.967172 -20.033192 0.964534 1.212843 2e-06 -1e-06 -0.0 -3.440384 0.788233 0.501655 -15.928172 -3.167307 2.999705 -6.338819 -1e-06 2e-06 -18.12343 3.64818 -4.905665 -4e-06 -0.0 -2e-06 -9.389941 11.915002 11.8686 57.400219 -10.53626 -6.56742 0.692128 73.418121 2.314681 -3.994716 -6.27504 -0.271355 2.243541 -5.255036 -3.180155 14.282883 -0.826595 6.952501 -3e-06 -12.6906 2e-06 16.135561 -16.908762 2.371766 1.665665 -1.95592 -2.878298 4.727797 -4.170587 4.993922 11.020522 4e-06 -2e-06 12.10905 -3.735714 -2.866784 -0.0 1e-06 -0.0 1.291985 -1.928551 -1.49809 14.80012 0.567467 3.865605 14.242566 -1.341733 -6.66066 19.631958 0.14393 -0.648245 49.104836 -0.780653 -6.141835 0.353028 -1.511149 -0.031939 20.222784 3.684309 2.316627 18.787266 7e-06 -1e-06 10.751624 -0.479867 1.397904 2e-06 0.0 -0.0 3.273805 0.305946 -0.580109 21.486803 11.830373 2.266126 8.162924 1e-06 -1e-06 18.399075 -3.798982 -4.940576 3e-06 -0.0 -2e-06 4.01351 10.303938 12.095201 0.161957 0.142019 34.886669 -0.197419 19.849638 -23.698589 1.758391 -1.891795 1.618359 0.0 -0.0 2e-06 -4.010893 10.047128 -2.950742 0.450282 0.777837 25.062902 8.069784 -5.786577 -1.632261 -1.495982 1.014907 -0.625531 0.0 0.0 -1e-06 
0.0 0.0 0.0 0.0 -0.0 0.0 4.142295 93.467552 90.033081 -2.976614 1.247957 -23.083065 -2.105837 1.133548 -1.995512 -1.099646 0.931354 -6.068495 -5.125271 0.381342 8.901809 10.464768 -5.465461 20.392593 -1.479155 -2.552598 -4.053361 4.925128 -6.774028 3.845204 7.7e-05 -2.2e-05 6e-06 -0.021912 0.012432 -0.02458 0.713196 -3.75855 -10.753804 -0.762554 3.772046 -10.722775 -11.065949 0.373371 16.731276 -21.117542 28.37966 5.846355 -2.115353 -66.068977 2.508432 9.378731 -1.405251 -2.123646 -5.882102 9.861276 0.702589 -10.936859 -0.360575 7.1562 -1e-06 8.774818 1e-06 -16.717205 18.511219 6.081727 -1.844031 2.498503 -2.507275 -10.163592 4.67894 4.621102 -20.976013 -4e-06 -0.0 -21.226273 2.451692 -3.593996 0.0 -6e-06 -2e-06 -1.36268 2.240795 -0.746322 -21.334898 0.584908 3.008319 -13.821203 -2e-06 2e-06 -23.887152 -0.249079 -0.839486 -61.105122 3.236898 -1.011566 -0.294024 1.679686 0.833255 -14.218197 0.093213 1.300578 -34.212021 -0.287568 0.967166 -20.033201 0.964534 1.212842 1e-06 -0.0 0.0 -3.440385 0.788233 0.501655 -15.928176 -3.167308 2.999704 -6.338821 -1e-06 1e-06 -18.123432 3.648179 -4.905668 -6e-06 -0.0 -3e-06 -7.632871 11.539413 12.626934 57.737869 -7.97767 -2.439608 -1.013096 71.479782 1.002405 -4.206144 -6.214995 0.640148 2.243539 -5.255033 -3.180153 14.282871 -0.826595 6.952494 -1e-06 -12.69059 -1e-06 16.271912 -16.883678 2.278629 1.665664 -1.95592 -2.878294 4.727793 -4.170585 4.993918 11.020514 1e-06 -3e-06 12.109038 -3.735714 -2.866783 -2e-06 -0.0 -1e-06 1.291983 -1.928546 -1.498086 14.800108 0.567466 3.865601 14.242557 -1.341736 -6.660652 19.631943 0.143925 -0.648247 49.285355 -0.700786 -6.332822 0.353029 -1.511149 -0.031939 20.222765 3.684304 2.316625 18.787249 4e-06 -3e-06 10.751616 -0.479868 1.397903 -1e-06 -1e-06 0.0 3.273803 0.305947 -0.580111 21.48678 11.830359 2.266127 8.162918 0.0 -0.0 18.399057 -3.798982 -4.940572 3e-06 -0.0 0.0 3.649383 10.726726 12.675369 0.213941 0.202983 37.542805 -0.894582 20.343866 -26.338684 1.784439 -1.910496 1.855712 0.0 -0.0 2e-06 -4.737626 10.319507 -3.573831 0.411427 0.64436 26.970751 9.899175 -3.897802 -0.709132 -1.481844 1.049769 0.071785 0.0 0.0 -1e-06 
0.0 0.0 0.0 0.0 -0.0 0.0 4.488099 92.813423 91.596313 -3.652911 0.514595 -23.043379 -1.285 1.088243 -2.208452 -0.797372 1.26919 -6.148068 -4.490144 0.273964 8.780433 8.985304 -3.971972 18.229794 -1.648472 -2.426757 -4.021203 4.756587 -6.95062 2.104947 7.7e-05 -2.3e-05 6e-06 -0.010522 0.048987 -0.026346 0.716652 -3.718712 -10.77105 -0.743409 3.804061 -10.752578 -11.702908 1.18453 16.083391 -24.314667 29.167141 2.633116 -1.346023 -69.345406 1.724685 9.358519 -2.605818 -1.915458 -5.882102 9.861281 0.70259 -10.936868 -0.360578 7.156204 -1e-06 8.774825 -2e-06 -16.819345 18.63175 6.123142 -1.844031 2.498501 -2.507275 -10.163594 4.678941 4.621108 -20.976013 -5e-06 5e-06 -21.226274 2.451696 -3.593995 0.0 -7e-06 -0.0 -1.362682 2.240798 -0.746322 -21.334906 0.584909 3.008324 -13.82121 0.0 3e-06 -23.887159 -0.249078 -0.839481 -61.275562 3.233449 -0.908934 -0.294026 1.679686 0.833255 -14.218201 0.093216 1.300582 -34.21204 -0.28756 0.967173 -20.033205 0.964537 1.212842 0.0 0.0 0.0 -3.440387 0.788231 0.501655 -15.928183 -3.167308 2.999708 -6.338825 0.0 1e-06 -18.123442 3.64818 -4.905667 -4e-06 3e-06 -3e-06 -6.674284 11.718859 12.56098 58.972843 -5.227249 1.752078 -3.426512 67.857956 -1.274581 -4.592934 -5.49143 1.128827 2.243542 -5.255037 -3.180156 14.282887 -0.826599 6.952499 2e-06 -12.690603 0.0 16.111734 -17.140352 2.342717 1.665667 -1.955922 -2.878299 4.727798 -4.170588 4.993924 11.020523 0.0 -1e-06 12.10905 -3.735717 -2.866785 1e-06 0.0 -2e-06 1.291985 -1.928549 -1.498088 14.800123 0.567464 3.865604 14.242569 -1.34174 -6.66066 19.631962 0.143921 -0.648249 49.484299 -0.645719 -6.600621 0.353029 -1.511149 -0.03194 20.222786 3.684305 2.316627 18.78727 -0.0 -4e-06 10.751625 -0.479869 1.3979 0.0 0.0 1e-06 3.273806 0.305947 -0.580112 21.486807 11.830368 2.266127 8.162926 -1e-06 -1e-06 18.39908 -3.798988 -4.940581 3e-06 -0.0 0.0 4.540493 11.007679 12.950234 0.242976 0.099969 39.549892 -1.29043 20.374704 -27.94519 1.785507 -1.969481 1.788602 0.0 -0.0 2e-06 -4.510911 8.369181 -4.857039 0.436778 0.51445 30.974573 10.683759 -1.537201 -2.095044 -1.470403 1.032748 0.444583 0.0 0.0 -1e-06 
0.0 0.0 0.0 0.0 -0.0 0.0 4.941905 92.497017 92.793549 -4.187946 0.797824 -22.596502 -0.961553 1.00656 -2.27035 -0.628097 1.345037 -6.131647 -3.827679 -0.029316 8.390011 7.768503 -3.03666 16.362926 -1.612629 -2.306023 -3.965165 4.467476 -7.000888 0.726878 7.7e-05 -2.3e-05 6e-06 0.006112 0.074074 -0.037962 0.706601 -3.685302 -10.752429 -0.700744 3.820624 -10.740323 -11.542396 1.149113 15.774221 -28.773767 28.780539 -0.163598 0.254002 -72.221436 0.402408 9.3418 -3.04048 -1.782708 -5.882102 9.861279 0.702587 -10.936864 -0.360579 7.1562 1e-06 8.774822 -2e-06 -16.77272 18.693964 6.218713 -1.844031 2.498503 -2.507276 -10.163593 4.678941 4.621103 -20.976013 -5e-06 2e-06 -21.226273 2.451693 -3.593998 0.0 -6e-06 0.0 -1.362681 2.240796 -0.746325 -21.334896 0.584905 3.008318 -13.821203 -3e-06 2e-06 -23.887154 -0.249083 -0.839482 -61.212238 3.137844 -0.9358 -0.294026 1.679686 0.833254 -14.218199 0.093213 1.300579 -34.212032 -0.287569 0.96717 -20.033201 0.964532 1.212842 2e-06 2e-06 0.0 -3.440386 0.788232 0.501656 -15.928176 -3.167309 2.999705 -6.338823 -3e-06 1e-06 -18.123436 3.648176 -4.905668 -5e-06 1e-06 -4e-06 -6.017104 11.874807 12.624045 60.6031 -2.475653 4.243794 -3.700852 63.473835 -1.174069 -4.954189 -4.920802 1.092842 2.24354 -5.255034 -3.180157 14.282883 -0.826593 6.952501 -5e-06 -12.690598 3e-06 16.082212 -17.266684 2.301658 1.665666 -1.955921 -2.878299 4.727797 -4.170584 4.993922 11.02052 5e-06 -2e-06 12.109043 -3.735713 -2.866783 0.0 0.0 -2e-06 1.291985 -1.928548 -1.49809 14.800122 0.56747 3.865608 14.242562 -1.341731 -6.660653 19.631952 0.14393 -0.648242 49.559063 -0.61993 -6.674499 0.353029 -1.511149 -0.031941 20.222784 3.684309 2.316629 18.787262 8e-06 2e-06 10.751622 -0.479868 1.397908 -1e-06 0.0 2e-06 3.273805 0.305947 -0.580111 21.486801 11.830371 2.266129 8.162923 2e-06 1e-06 18.399071 -3.798983 -4.94057 4e-06 -1e-06 1e-06 5.00745 10.938073 12.922215 0.249404 0.092049 40.448055 -1.604949 19.769894 -28.630039 1.767037 -1.962694 1.657862 -0.0 -1e-06 1e-06 -4.728559 6.671329 -5.690669 0.526361 0.48296 33.338757 11.35563 -0.035711 -3.069393 -1.466523 1.019249 0.403945 0.0 0.0 -1e-06 
0.0 0.0 0.0 0.0 -0.0 0.0 5.422131 92.490318 93.760971 -4.568899 1.960348 -21.96731 -0.908231 0.943796 -2.265562 -0.591318 1.258738 -6.089543 -3.418565 -0.28351 8.076065 7.186804 -2.580449 14.771896 -1.651955 -2.270423 -3.924029 4.185342 -7.147553 -0.396548 7.7e-05 -2.2e-05 6e-06 0.009464 0.051924 -0.039055 0.679811 -3.698895 -10.692639 -0.667855 3.792093 -10.68715 -11.161079 0.524974 15.554392 -32.168968 27.124392 -1.609164 1.514833 -74.128563 -0.567834 9.322743 -2.902197 -1.606933 -5.882097 9.861273 0.702588 -10.936855 -0.360577 7.156196 2e-06 8.774817 -2e-06 -16.608438 18.684055 6.314734 -1.844029 2.498502 -2.507277 -10.163584 4.678937 4.621102 -20.975994 -4e-06 1e-06 -21.226254 2.451691 -3.593995 -0.0 -5e-06 -1e-06 -1.362678 2.240795 -0.746324 -21.334883 0.584903 3.008319 -13.821195 -5e-06 4e-06 -23.88714 -0.24908 -0.83948 -61.01482 3.076032 -0.974155 -0.294023 1.679687 0.833255 -14.218187 0.09321 1.300578 -34.211998 -0.287572 0.967171 -20.033182 0.964531 1.212843 0.0 2e-06 3e-06 -3.440384 0.788232 0.501653 -15.928165 -3.167312 2.999704 -6.338819 -2e-06 0.0 -18.123423 3.648175 -4.905664 -5e-06 3e-06 -4e-06 -5.530207 11.909779 12.631059 61.861549 -0.648351 5.266726 -3.481029 59.897953 -0.725296 -5.343509 -4.657086 1.110912 2.243538 -5.255032 -3.180156 14.282881 -0.826592 6.952495 -4e-06 -12.690595 0.0 16.100807 -17.294165 2.217144 1.665665 -1.955921 -2.878294 4.727795 -4.170584 4.993921 11.020518 3e-06 -1e-06 12.109042 -3.735713 -2.866782 -1e-06 -0.0 -1e-06 1.291984 -1.928548 -1.498088 14.800117 0.56747 3.865604 14.242562 -1.341734 -6.660654 19.631952 0.143929 -0.648244 49.531086 -0.657751 -6.712199 0.35303 -1.511149 -0.031941 20.222775 3.684309 2.316627 18.787262 6e-06 2e-06 10.751618 -0.479867 1.397907 1e-06 -0.0 2e-06 3.273804 0.305947 -0.58011 21.486801 11.830366 2.266131 8.162921 2e-06 1e-06 18.399071 -3.798983 -4.940573 3e-06 0.0 0.0 5.16208 10.6394 12.767617 0.241644 0.097207 40.405441 -1.722765 18.763609 -28.752928 1.744305 -1.942175 1.523415 0.0 1e-06 1e-06 -5.18062 5.356948 -5.951815 0.583184 0.521242 34.06078 11.902963 0.492788 -3.506464 -1.460846 0.98721 0.263997 -0.0 0.0 -1e-06 
0.0 0.0 0.0 0.0 -0.0 0.0 5.885946 92.717453 94.570534 -5.011703 3.688533 -21.247196 -0.951711 0.879843 -2.227127 -0.595575 1.075038 -6.019738 -3.086839 -0.504946 7.865294 7.033538 -2.35957 13.548642 -1.729916 -2.205635 -3.900079 3.940303 -7.435633 -1.460575 7.7e-05 -2.2e-05 6e-06 0.010814 0.043764 -0.025691 0.658618 -3.691993 -10.605767 -0.644524 3.772163 -10.612491 -10.533336 -0.41209 15.427233 -34.48568 24.403418 -1.680056 2.397858 -75.429581 -1.318818 9.198657 -2.67369 -1.341766 -5.882104 9.86128 0.702589 -10.936863 -0.360575 7.156202 1e-06 8.77482 -1e-06 -16.451403 18.702587 6.390432 -1.844033 2.498503 -2.507276 -10.163595 4.678942 4.621107 -20.976017 -1e-06 2e-06 -21.226274 2.451699 -3.593999 0.0 -7e-06 0.0 -1.36268 2.240796 -0.746323 -21.334904 0.584907 3.008319 -13.821207 0.0 4e-06 -23.887161 -0.249077 -0.839483 -60.877544 3.016274 -1.020419 -0.294025 1.679688 0.833257 -14.218201 0.093216 1.30058 -34.212032 -0.287563 0.967169 -20.033201 0.964538 1.212841 -1e-06 -1e-06 3e-06 -3.440387 0.788233 0.501656 -15.928179 -3.167308 2.999706 -6.338822 1e-06 -0.0 -18.123442 3.648182 -4.905668 -4e-06 1e-06 -3e-06 -5.348823 11.952587 12.631349 62.503117 0.210368 5.09662 -3.11849 57.681377 -0.419386 -5.939263 -4.124313 1.03633 2.24354 -5.255033 -3.180152 14.282881 -0.826595 6.952496 1e-06 -12.690597 1e-06 16.111277 -17.301054 2.153486 1.665665 -1.955918 -2.878295 4.727797 -4.170585 4.993921 11.020519 2e-06 1e-06 12.109043 -3.735715 -2.866781 0.0 0.0 -3e-06 1.291984 -1.928548 -1.498089 14.800118 0.567467 3.865606 14.24256 -1.341737 -6.660649 19.631954 0.143924 -0.648241 49.485023 -0.710207 -6.755897 0.353029 -1.511149 -0.031939 20.22278 3.684306 2.316631 18.787264 3e-06 2e-06 10.751622 -0.47987 1.397904 -2e-06 0.0 1e-06 3.273805 0.305947 -0.580111 21.486797 11.830362 2.266131 8.162923 1e-06 -1e-06 18.399071 -3.798985 -4.940572 3e-06 0.0 0.0 5.272413 10.074967 12.430599 0.223573 0.082674 39.85754 -1.633187 17.528238 -28.572458 1.722826 -1.920184 1.398718 -0.0 0.0 2e-06 -5.532534 4.253135 -5.830279 0.590642 0.565746 33.723152 12.317904 0.124412 -3.590437 -1.458603 0.985217 0.151568 0.0 0.0 -1e-06 
0.0 0.0 0.0 0.0 -0.0 0.0 6.287421 93.106094 95.117363 -5.566216 5.761473 -20.489328 -1.051525 0.806702 -2.150927 -0.613631 0.869421 -5.932593 -2.745378 -0.762087 7.744036 7.120994 -2.24354 12.6734 -1.777734 -2.108443 -3.882446 3.814153 -7.620691 -2.526689 7.7e-05 -2.2e-05 6e-06 0.013485 0.051974 -0.00138 0.643757 -3.669235 -10.51555 -0.624962 3.769621 -10.537564 -9.595525 -1.398581 15.35636 -36.013607 20.646976 -0.566094 3.020149 -76.350105 -2.006195 8.753764 -2.631754 -0.869176 -5.882106 9.861286 0.702591 -10.936869 -0.360574 7.156205 -0.0 8.774823 -2e-06 -16.40724 18.757862 6.436828 -1.844032 2.498505 -2.507277 -10.163599 4.678946 4.621109 -20.976021 -1e-06 2e-06 -21.226282 2.451698 -3.594 2e-06 -8e-06 -0.0 -1.362682 2.240799 -0.746323 -21.334911 0.584911 3.008322 -13.821213 -1e-06 3e-06 -23.887167 -0.249077 -0.839483 -60.8937 2.942634 -1.056243 -0.294025 1.679688 0.833255 -14.218207 0.093217 1.300579 -34.212036 -0.28756 0.967168 -20.033209 0.964541 1.21284 0.0 0.0 2e-06 -3.440387 0.788233 0.501655 -15.928185 -3.167307 2.999706 -6.338825 1e-06 0.0 -18.123444 3.648185 -4.905668 -3e-06 -0.0 -2e-06 -5.435644 12.135018 12.639415 62.63044 0.121263 3.683989 -2.667748 56.769474 -0.247364 -7.134379 -2.870763 0.600397 2.243542 -5.255036 -3.180158 14.282885 -0.826595 6.952501 -1e-06 -12.690601 1e-06 16.09322 -17.310593 2.166561 1.665666 -1.955923 -2.878296 4.727796 -4.170587 4.993922 11.02052 3e-06 -1e-06 12.109046 -3.735716 -2.866784 -2e-06 -0.0 -2e-06 1.291985 -1.928549 -1.49809 14.800122 0.567468 3.865603 14.242568 -1.341738 -6.660657 19.63196 0.143926 -0.648247 49.530437 -0.755417 -6.751564 0.353028 -1.51115 -0.03194 20.222784 3.684307 2.316628 18.78727 3e-06 -1e-06 10.751625 -0.479868 1.397903 0.0 -0.0 0.0 3.273806 0.305947 -0.58011 21.486801 11.830369 2.26613 8.162925 0.0 -2e-06 18.399075 -3.798985 -4.940578 5e-06 1e-06 1e-06 5.346571 9.247319 11.892348 0.206554 0.049618 39.048111 -1.312542 16.400513 -28.157326 1.705992 -1.910088 1.227825 0.0 -1e-06 2e-06 -5.71424 3.331996 -5.477513 0.553036 0.580841 32.740475 12.670887 -0.845027 -3.331892 -1.458588 1.005818 0.004558 0.0 0.0 -1e-06 
0.0 0.0 0.0 0.0 -0.0 0.0 6.640872 93.552368 95.422882 -6.191953 7.992934 -19.688255 -1.197897 0.695033 -2.037435 -0.60705 0.728555 -5.840952 -2.405192 -1.029372 7.708148 7.32947 -2.149291 12.022277 -1.773322 -2.018508 -3.877197 3.831935 -7.528843 -3.643348 7.7e-05 -2.3e-05 5e-06 0.018047 0.070743 0.025868 0.62882 -3.647852 -10.445267 -0.601378 3.789799 -10.48405 -8.513853 -2.251257 15.375834 -36.938686 15.900795 1.189985 3.654909 -76.738441 -2.779404 7.856082 -2.773016 -0.087219 -5.882103 9.861282 0.70259 -10.936867 -0.360577 7.156204 0.0 8.774822 -1e-06 -16.460154 18.821871 6.439793 -1.844032 2.498503 -2.507277 -10.163597 4.678944 4.621106 -20.976019 -5e-06 1e-06 -21.226282 2.451694 -3.593998 0.0 -8e-06 -1e-06 -1.362679 2.240797 -0.746322 -21.334911 0.584908 3.008321 -13.821212 -2e-06 1e-06 -23.887167 -0.24908 -0.839483 -61.057194 2.882622 -1.084867 -0.294025 1.679687 0.833257 -14.218204 0.093214 1.30058 -34.212036 -0.287565 0.967169 -20.033205 0.964535 1.212844 0.0 0.0 1e-06 -3.440387 0.788233 0.501655 -15.928183 -3.167312 2.999704 -6.338826 -2e-06 -1e-06 -18.123444 3.64818 -4.905668 -4e-06 1e-06 -0.0 -5.623146 12.531817 12.69978 62.472652 -0.781164 1.235156 -2.104922 56.62537 -0.077358 -9.28626 -0.796143 -0.332933 2.243539 -5.255033 -3.180157 14.282883 -0.826594 6.952501 -1e-06 -12.690599 2e-06 16.060564 -17.308107 2.254552 1.665665 -1.95592 -2.878299 4.727795 -4.170584 4.993921 11.020518 3e-06 0.0 12.109043 -3.735713 -2.866781 0.0 0.0 -0.0 1.291986 -1.928548 -1.498091 14.800118 0.567468 3.865607 14.242561 -1.341734 -6.660653 19.631954 0.143927 -0.648241 49.684498 -0.787708 -6.636892 0.353029 -1.511149 -0.031941 20.22278 3.684307 2.316631 18.787264 5e-06 2e-06 10.75162 -0.479868 1.397905 0.0 0.0 2e-06 3.273805 0.305946 -0.580112 21.486801 11.830368 2.266132 8.162922 2e-06 0.0 18.399075 -3.798983 -4.940569 5e-06 0.0 -0.0 5.354679 8.18153 11.093677 0.187732 0.01366 38.193241 -0.930685 15.578384 -27.541176 1.696598 -1.929829 1.063082 -0.0 -1e-06 2e-06 -5.754327 2.646808 -5.156316 0.495239 0.541366 31.555847 12.985382 -2.077173 -2.814561 -1.456697 1.014773 -0.213137 0.0 0.0 -1e-06 
0.0 0.0 0.0 0.0 -0.0 0.0 6.971217 94.038734 95.596626 -6.75987 10.089042 -18.777987 -1.288879 0.592776 -1.839742 -0.593568 0.672339 -5.71733 -2.142829 -1.167554 7.659502 7.518973 -1.956969 11.270798 -1.653749 -1.826381 -3.865914 3.925736 -7.447608 -4.626496 7.7e-05 -2.3e-05 6e-06 0.03173 0.118529 0.035271 0.622916 -3.611348 -10.410102 -0.568269 3.852625 -10.462666 -7.61031 -2.927299 15.345407 -37.490917 10.751651 2.918988 4.288584 -76.542786 -3.444908 7.088257 -3.125664 0.675407 -5.882101 9.861278 0.702588 -10.93686 -0.360577 7.1562 2e-06 8.774818 1e-06 -16.55438 18.865557 6.441895 -1.844031 2.498503 -2.507277 -10.16359 4.678942 4.621106 -20.976004 -6e-06 -0.0 -21.226267 2.45169 -3.593997 0.0 -9e-06 -1e-06 -1.362679 2.240797 -0.74632 -21.334896 0.584907 3.008321 -13.821201 -4e-06 2e-06 -23.887146 -0.249077 -0.839482 -61.314587 2.834721 -1.099017 -0.294024 1.679686 0.833256 -14.218195 0.093213 1.300579 -34.212013 -0.287568 0.967169 -20.033194 0.964533 1.212844 1e-06 1e-06 0.0 -3.440386 0.788232 0.501653 -15.928172 -3.167308 2.999704 -6.338822 -1e-06 2e-06 -18.12343 3.648177 -4.905669 -3e-06 1e-06 -0.0 -5.781396 13.014593 12.91385 62.262733 -1.813837 -1.62649 -1.3124 56.31488 0.3476 -11.962411 1.554767 -1.498311 2.243541 -5.255031 -3.180156 14.282883 -0.826597 6.952499 -3e-06 -12.690594 5e-06 16.062595 -17.24592 2.30893 1.665665 -1.955919 -2.878296 4.727797 -4.170584 4.993922 11.020519 2e-06 -2e-06 12.109048 -3.735711 -2.866784 1e-06 0.0 -1e-06 1.291985 -1.928548 -1.498087 14.80012 0.567465 3.865604 14.242566 -1.341734 -6.660655 19.631956 0.143925 -0.648247 49.604919 -0.818753 -6.500823 0.35303 -1.511149 -0.031941 20.222784 3.684304 2.316625 18.787266 4e-06 -3e-06 10.751621 -0.479868 1.397904 -1e-06 -1e-06 0.0 3.273805 0.305947 -0.580112 21.486797 11.830361 2.266125 8.162922 0.0 -1e-06 18.399075 -3.798981 -4.940573 3e-06 -0.0 -0.0 5.227078 7.035984 10.025464 0.207527 0.037047 37.426567 -0.759325 14.977411 -26.980062 1.687391 -1.932686 1.094398 0.0 -0.0 2e-06 -5.725817 2.27545 -5.152369 0.436871 0.539004 30.425303 13.24528 -3.456372 -2.260032 -1.464659 1.027666 -0.473992 0.0 0.0 -1e-06 
0.0 0.0 0.0 0.0 -0.0 0.0 7.285703 94.507042 95.620552 -6.999623 11.580291 -17.653986 -1.36081 0.590998 -1.664727 -0.562078 0.682846 -5.64373 -2.02746 -1.061366 7.737456 7.567355 -1.586328 10.229008 -1.580218 -1.684089 -3.85203 4.033033 -7.226497 -5.776152 7.7e-05 -2.3e-05 6e-06 0.040535 0.130317 0.058122 0.618724 -3.611799 -10.370198 -0.546015 3.878191 -10.433238 -7.204175 -3.50611 14.970552 -37.740154 6.131411 4.058043 4.597475 -75.635406 -3.65805 6.91654 -3.588554 1.057273 -5.882102 9.861278 0.702592 -10.936863 -0.360576 7.1562 1e-06 8.774818 0.0 -16.574289 18.813061 6.504815 -1.844032 2.498503 -2.507279 -10.16359 4.678941 4.621109 -20.976006 -4e-06 2e-06 -21.226267 2.451693 -3.593997 0.0 -6e-06 -1e-06 -1.36268 2.240798 -0.746323 -21.334898 0.584909 3.00832 -13.821203 -2e-06 1e-06 -23.887152 -0.24908 -0.839482 -61.59811 2.659265 -0.871006 -0.294025 1.679686 0.833254 -14.218197 0.093214 1.300581 -34.212021 -0.287562 0.967171 -20.033201 0.964536 1.212843 -1e-06 2e-06 1e-06 -3.440385 0.788233 0.501654 -15.928176 -3.167308 2.999704 -6.33882 -3e-06 1e-06 -18.12343 3.648177 -4.905667 -3e-06 0.0 0.0 -5.980721 13.583191 12.953729 62.119839 -2.539544 -3.581537 -0.976391 54.965492 0.134509 -14.47328 4.010209 -3.022614 2.243541 -5.255033 -3.180157 14.28288 -0.826593 6.952497 -4e-06 -12.690595 1e-06 15.852015 -17.276657 2.425164 1.665665 -1.95592 -2.878298 4.727797 -4.170584 4.993919 11.020518 3e-06 -2e-06 12.109042 -3.73571 -2.866783 -0.0 1e-06 -2e-06 1.291986 -1.928548 -1.49809 14.800117 0.567469 3.865605 14.24256 -1.341734 -6.660653 19.631952 0.143926 -0.648243 49.521347 -0.821052 -6.447578 0.353029 -1.511149 -0.031942 20.222778 3.684309 2.316629 18.787264 6e-06 1e-06 10.751622 -0.479868 1.397905 1e-06 -0.0 -0.0 3.273804 0.305947 -0.580109 21.486801 11.830364 2.26613 8.162923 2e-06 -0.0 18.399071 -3.798981 -4.940576 4e-06 -0.0 -0.0 4.988922 6.513171 8.838836 0.213536 0.010079 36.588974 -0.575399 14.454967 -26.271702 1.665654 -1.971477 0.924894 0.0 -0.0 2e-06 -5.891141 2.193852 -5.631474 0.418901 0.585701 29.546619 13.501295 -4.167858 -1.21747 -1.48028 1.018993 -0.904931 -0.0 -0.0 -1e-06 
0.0 0.0 0.0 0.0 -0.0 0.0 7.632602 94.900833 95.625534 -7.066253 12.586468 -16.482218 -1.274765 0.56282 -1.377997 -0.591177 0.714799 -5.587484 -1.962109 -0.921524 7.846778 7.417516 -1.05292 9.166265 -1.568063 -1.739578 -3.794874 4.302772 -6.882118 -7.274958 7.7e-05 -2.2e-05 7e-06 0.034554 0.116641 0.060411 0.591086 -3.617492 -10.26208 -0.529607 3.858765 -10.352181 -7.46663 -3.751776 15.001797 -37.860317 2.163812 3.868219 3.424545 -74.565704 -2.883244 7.351601 -4.173757 1.432843 -5.882104 9.861283 0.702591 -10.936865 -0.360573 7.156202 1e-06 8.774823 1e-06 -16.501173 18.805738 6.490514 -1.844031 2.498504 -2.507277 -10.163595 4.678944 4.621107 -20.976013 -2e-06 2e-06 -21.226278 2.451698 -3.593999 2e-06 -7e-06 -1e-06 -1.362682 2.240798 -0.746323 -21.334906 0.58491 3.008322 -13.821206 -2e-06 1e-06 -23.887157 -0.249074 -0.839483 -61.444328 2.77928 -1.105407 -0.294025 1.679687 0.833255 -14.2182 0.093215 1.30058 -34.212029 -0.287562 0.967168 -20.033203 0.964537 1.212841 0.0 1e-06 0.0 -3.440387 0.788233 0.501653 -15.928179 -3.167306 2.999706 -6.338822 0.0 1e-06 -18.12344 3.648185 -4.905668 -4e-06 1e-06 -2e-06 -5.977273 14.248083 13.113233 62.10305 -2.72212 -5.130197 -0.865101 53.218208 0.094554 -15.724018 5.520966 -3.671282 2.243541 -5.255036 -3.180157 14.282893 -0.826595 6.952502 -4e-06 -12.690602 1e-06 15.813497 -17.229649 2.495808 1.665667 -1.955922 -2.8783 4.727799 -4.170586 4.993923 11.020526 3e-06 -0.0 12.109053 -3.735715 -2.866785 -1e-06 2e-06 -1e-06 1.291986 -1.928549 -1.498088 14.800131 0.567469 3.865607 14.242577 -1.341736 -6.660655 19.631973 0.143925 -0.648245 49.290295 -0.815028 -6.409392 0.35303 -1.511151 -0.031941 20.222797 3.68431 2.316632 18.787279 6e-06 0.0 10.751632 -0.479869 1.397905 -0.0 -0.0 0.0 3.273807 0.305947 -0.58011 21.486818 11.830376 2.266131 8.162929 1e-06 0.0 18.399086 -3.798985 -4.940577 4e-06 -0.0 0.0 4.600276 6.236095 7.600501 0.18363 0.090237 35.821877 -0.241944 13.991857 -25.581596 1.686933 -1.946816 1.18258 -0.0 -1e-06 2e-06 -6.166232 2.189658 -6.411326 0.34357 0.544756 28.695374 13.776501 -4.214995 -0.416474 -1.469486 1.058569 -0.971182 0.0 0.0 -1e-06 
0.0 0.0 0.0 0.0 -0.0 0.0 7.936423 95.356461 95.462051 -6.753767 12.938805 -15.045707 -1.243122 0.62912 -1.147637 -0.528601 0.838189 -5.49471 -2.05279 -0.720816 7.984079 6.891915 -0.357469 7.741801 -1.452111 -1.531928 -3.767025 4.305916 -6.682237 -8.654548 7.7e-05 -2.3e-05 7e-06 0.057359 0.164762 0.069892 0.630293 -3.567928 -10.231569 -0.523019 3.905282 -10.32736 -7.949999 -3.946736 14.745793 -37.987957 -0.618092 3.827249 2.489385 -73.178108 -1.951809 8.166454 -4.495069 0.47518 -5.882099 9.861273 0.702588 -10.936857 -0.360576 7.156192 1e-06 8.774815 0.0 -16.457781 18.712589 6.530566 -1.84403 2.498502 -2.507273 -10.163586 4.678939 4.621103 -20.975994 -3e-06 1e-06 -21.226257 2.451695 -3.593995 1e-06 -7e-06 -2e-06 -1.36268 2.240795 -0.746321 -21.334887 0.584908 3.00832 -13.821197 -2e-06 1e-06 -23.887136 -0.24908 -0.839484 -61.488739 2.618854 -0.933781 -0.294024 1.679685 0.833256 -14.21819 0.093215 1.30058 -34.212002 -0.287565 0.967174 -20.033186 0.964534 1.212843 0.0 1e-06 0.0 -3.440384 0.788233 0.501653 -15.928165 -3.167307 2.999703 -6.338819 -1e-06 1e-06 -18.123423 3.648177 -4.905665 -4e-06 -1e-06 -2e-06 -6.20918 14.679173 13.212248 62.279518 -2.239907 -6.093088 -0.427659 51.077869 0.07885 -16.802095 7.364414 -4.361276 2.24354 -5.25503 -3.180153 14.282874 -0.826595 6.952496 -1e-06 -12.690591 2e-06 15.778328 -17.52553 2.488046 1.665664 -1.95592 -2.878295 4.727793 -4.170583 4.993917 11.020512 2e-06 -0.0 12.109035 -3.735711 -2.86678 -0.0 1e-06 -1e-06 1.291984 -1.928548 -1.498087 14.800108 0.567468 3.865604 14.242556 -1.341737 -6.660649 19.631939 0.143924 -0.648242 49.345318 -0.821127 -6.556438 0.353028 -1.511149 -0.03194 20.222765 3.684304 2.316628 18.787252 3e-06 -0.0 10.751616 -0.479868 1.397905 -0.0 -0.0 1e-06 3.273802 0.305946 -0.58011 21.486786 11.830359 2.266129 8.162918 1e-06 0.0 18.399055 -3.798985 -4.940569 5e-06 0.0 0.0 4.032899 6.682508 6.338411 0.155713 0.070656 34.940399 -0.027439 13.661296 -24.653679 1.674214 -1.952173 0.994593 0.0 -3e-06 2e-06 -6.723273 2.294109 -7.629823 0.364095 0.595236 28.115679 14.407427 -3.79652 0.666446 -1.494215 1.080163 -1.21451 0.0 0.0 -1e-06 
0.0 0.0 0.0 0.0 -0.0 0.0 8.270494 95.809387 95.3339 -6.512895 13.055905 -13.690328 -1.064255 0.628276 -0.822449 -0.501937 0.886601 -5.404388 -2.036012 -0.655128 8.198515 6.153279 0.167673 6.547541 -1.382835 -1.313745 -3.730055 4.420846 -6.356753 -10.237668 7.7e-05 -2.2e-05 7e-06 0.06004 0.188198 0.050609 0.638059 -3.532526 -10.176699 -0.525312 3.918966 -10.288166 -8.600912 -3.954925 14.933082 -38.247627 -2.503664 3.351379 0.646775 -72.001198 -0.580957 8.476992 -4.826551 0.319749 -5.882101 9.86128 0.70259 -10.936863 -0.360574 7.156199 1e-06 8.774821 -3e-06 -16.337255 18.668348 6.456467 -1.844031 2.498504 -2.507274 -10.163591 4.678944 4.621104 -20.976007 -2e-06 3e-06 -21.226269 2.451699 -3.593997 0.0 -7e-06 -3e-06 -1.362681 2.240798 -0.746321 -21.334898 0.584912 3.008321 -13.821203 -2e-06 2e-06 -23.887152 -0.249075 -0.839481 -61.224361 2.812087 -1.191007 -0.294024 1.679687 0.833255 -14.218196 0.093215 1.30058 -34.212013 -0.287561 0.967171 -20.033195 0.964537 1.212844 0.0 1e-06 0.0 -3.440385 0.788233 0.501656 -15.928174 -3.167307 2.999704 -6.338821 -1e-06 1e-06 -18.123432 3.648185 -4.905667 -3e-06 1e-06 -2e-06 -6.413602 15.030539 13.381951 62.694267 -1.483454 -6.94868 -0.24403 49.846375 0.175715 -17.019041 8.330809 -4.459528 2.24354 -5.255034 -3.180154 14.282882 -0.826595 6.952501 -1e-06 -12.690597 -1e-06 15.824543 -17.459906 2.442459 1.665666 -1.95592 -2.878298 4.727797 -4.170584 4.99392 11.020519 1e-06 1e-06 12.109044 -3.735717 -2.866781 0.0 0.0 -1e-06 1.291985 -1.928549 -1.498089 14.800118 0.567466 3.865606 14.24256 -1.341737 -6.660654 19.631954 0.143923 -0.648243 49.362728 -0.793931 -6.545064 0.353029 -1.511149 -0.031941 20.222778 3.684307 2.316628 18.787264 3e-06 0.0 10.751621 -0.479868 1.397902 0.0 -0.0 1e-06 3.273804 0.305946 -0.580109 21.486801 11.830363 2.266131 8.162923 0.0 1e-06 18.399071 -3.798986 -4.940574 3e-06 0.0 0.0 3.562615 7.23696 5.172289 0.131403 0.129021 33.932568 0.308968 13.255775 -23.64061 1.692594 -1.923721 1.17702 -0.0 -1e-06 2e-06 -7.015175 2.336299 -8.763738 0.344178 0.587969 27.202017 13.983158 -3.762477 1.430183 -1.490577 1.108173 -1.24345 0.0 -0.0 -1e-06 
0.0 0.0 0.0 0.0 -0.0 0.0 8.534653 96.307419 94.680542 -6.034874 12.891757 -12.215503 -1.061536 0.662061 -0.570557 -0.40781 0.986408 -5.267443 -2.111105 -0.686826 8.276227 5.473028 0.73161 5.50967 -1.263669 -1.083837 -3.706676 4.341831 -6.06793 -11.468466 7.7e-05 -2.3e-05 6e-06 0.082959 0.224496 0.054727 0.677531 -3.507373 -10.226934 -0.519028 3.965556 -10.32589 -8.864729 -3.916617 14.816252 -38.735035 -3.482207 4.150926 -0.276949 -70.592796 0.254483 8.514689 -4.859242 -0.617071 -5.882105 9.861284 0.702592 -10.936868 -0.360573 7.1562 -1e-06 8.774825 -0.0 -16.293097 18.548458 6.434234 -1.844032 2.498503 -2.507278 -10.163595 4.678944 4.621106 -20.976017 -5e-06 -1e-06 -21.226276 2.451694 -3.593999 0.0 -5e-06 -1e-06 -1.362682 2.240798 -0.746322 -21.334906 0.584909 3.008323 -13.821208 -2e-06 -2e-06 -23.887161 -0.249081 -0.839485 -61.234512 2.677205 -1.024807 -0.294026 1.679685 0.833255 -14.218205 0.093215 1.300579 -34.212044 -0.287566 0.967166 -20.033209 0.964537 1.21284 1e-06 0.0 -1e-06 -3.440387 0.788233 0.501658 -15.928183 -3.167308 2.999705 -6.338824 -3e-06 0.0 -18.123444 3.648182 -4.905671 -6e-06 1e-06 -2e-06 -6.869704 15.189074 13.507298 63.411674 -0.795498 -7.577638 -0.088295 49.422268 0.143783 -16.99773 9.799883 -4.687526 2.243541 -5.255033 -3.180156 14.282882 -0.826595 6.952497 -3e-06 -12.690598 -1e-06 15.868227 -17.652885 2.331022 1.665666 -1.955919 -2.878297 4.727796 -4.170586 4.993923 11.020521 2e-06 -1e-06 12.109046 -3.735713 -2.866784 1e-06 1e-06 0.0 1.291985 -1.928548 -1.49809 14.80012 0.567468 3.865604 14.242565 -1.341735 -6.660653 19.631956 0.143928 -0.648245 49.457401 -0.750062 -6.70053 0.353028 -1.51115 -0.031938 20.222784 3.684309 2.316627 18.78727 7e-06 -2e-06 10.751623 -0.479867 1.397904 -1e-06 0.0 1e-06 3.273805 0.305947 -0.580113 21.486801 11.830367 2.266128 8.162921 1e-06 -3e-06 18.399073 -3.798982 -4.940573 3e-06 0.0 -0.0 2.917326 8.128021 4.129266 0.142273 0.099509 32.666451 0.540164 13.137874 -22.415123 1.679835 -1.956695 0.946106 -0.0 -1e-06 2e-06 -7.377437 2.512665 -9.756125 0.368982 0.640697 26.088638 13.781297 -3.96835 2.064147 -1.507561 1.083756 -1.339591 0.0 -0.0 -1e-06 
0.0 0.0 0.0 0.0 -0.0 0.0 8.75221 96.784668 94.333397 -5.608897 12.717839 -10.840203 -1.089393 0.625092 -0.273045 -0.37711 0.967511 -5.177358 -2.122588 -0.803752 8.429713 4.950278 1.070482 4.869997 -1.201665 -0.869492 -3.661326 4.350728 -5.726969 -12.934831 7.7e-05 -2.3e-05 4e-06 0.082368 0.214405 0.056772 0.674648 -3.524496 -10.254568 -0.517252 3.963188 -10.348239 -8.92987 -3.864206 14.922883 -39.199444 -3.940192 5.521947 -0.422262 -69.24575 0.228918 8.003019 -4.853989 -0.755268 -5.882098 9.861276 0.702589 -10.936859 -0.360576 7.1562 2e-06 8.774816 -2e-06 -16.214245 18.419157 6.364328 -1.844029 2.498503 -2.507274 -10.163589 4.678938 4.621108 -20.976006 -4e-06 3e-06 -21.226267 2.451695 -3.593994 0.0 -6e-06 0.0 -1.36268 2.240797 -0.746321 -21.334896 0.584908 3.008322 -13.821203 -2e-06 4e-06 -23.887146 -0.249077 -0.839481 -61.165855 2.638145 -1.005773 -0.294025 1.679685 0.833254 -14.218197 0.093213 1.30058 -34.212021 -0.287563 0.967174 -20.033197 0.964538 1.212846 1e-06 2e-06 0.0 -3.440384 0.788232 0.501657 -15.928172 -3.167308 2.999708 -6.33882 0.0 1e-06 -18.123428 3.648179 -4.905663 -4e-06 -0.0 -3e-06 -7.183732 15.198621 13.667562 64.068268 -0.159599 -8.108987 -0.043402 49.933777 0.223854 -16.509861 10.909306 -4.525246 2.243542 -5.255036 -3.180157 14.282882 -0.826595 6.952499 -1e-06 -12.690601 -1e-06 15.956051 -17.634344 2.243892 1.665666 -1.955922 -2.878298 4.727797 -4.170585 4.993922 11.020521 1e-06 -2e-06 12.109046 -3.735716 -2.866782 -0.0 1e-06 -0.0 1.291985 -1.92855 -1.49809 14.800122 0.567468 3.865608 14.242568 -1.341737 -6.660659 19.631958 0.143927 -0.648246 49.502136 -0.687759 -6.720287 0.353029 -1.511151 -0.031939 20.222782 3.684307 2.316629 18.78726 4e-06 -2e-06 10.751623 -0.479869 1.397904 2e-06 -0.0 2e-06 3.273805 0.305946 -0.58011 21.486799 11.830372 2.266132 8.162924 2e-06 -0.0 18.399075 -3.798984 -4.940575 5e-06 -1e-06 -0.0 2.337797 8.976439 3.26053 0.142434 0.144044 31.159986 0.807347 12.918333 -21.204241 1.677777 -1.945583 1.020924 -0.0 -1e-06 2e-06 -7.475554 2.60116 -10.472978 0.369695 0.681586 24.934427 13.401849 -3.923504 1.971436 -1.49631 1.052784 -1.259516 0.0 0.0 -1e-06 
0.0 0.0 0.0 0.0 -0.0 0.0 8.885528 97.230705 94.152428 -5.226131 12.688043 -9.532868 -1.204849 0.557141 -0.011248 -0.371177 0.863272 -5.119844 -2.151121 -0.920129 8.615337 4.698569 1.214702 4.578481 -1.132578 -0.745461 -3.640258 4.372084 -5.458716 -14.259691 7.7e-05 -2.3e-05 5e-06 0.080527 0.201869 0.070461 0.663979 -3.546802 -10.287269 -0.50997 3.960043 -10.376214 -8.810966 -3.975225 15.127705 -39.599056 -4.010267 7.236095 -0.138485 -67.799973 -0.055122 7.249886 -4.719965 -0.757293 -5.882104 9.861281 0.702592 -10.936866 -0.360574 7.1562 0.0 8.774821 -2e-06 -16.156805 18.365219 6.299942 -1.844031 2.498505 -2.507276 -10.163595 4.678943 4.621107 -20.976017 -2e-06 3e-06 -21.22628 2.451697 -3.593997 -0.0 -5e-06 1e-06 -1.362681 2.240797 -0.746324 -21.334906 0.58491 3.008322 -13.821212 -2e-06 1e-06 -23.887163 -0.249076 -0.839484 -61.107212 2.597817 -0.989516 -0.294025 1.679685 0.833257 -14.218201 0.093215 1.300581 -34.21204 -0.28756 0.967167 -20.033205 0.964537 1.21284 2e-06 2e-06 -1e-06 -3.440388 0.788233 0.501655 -15.928179 -3.167306 2.999705 -6.338821 0.0 0.0 -18.123436 3.648182 -4.905668 -6e-06 1e-06 -1e-06 -7.21066 14.863598 13.834018 64.56295 0.298805 -8.466806 -0.153544 50.878265 0.228124 -15.986838 11.834696 -4.42346 2.243541 -5.255034 -3.180157 14.282887 -0.826595 6.9525 -4e-06 -12.690595 0.0 16.001902 -17.669802 2.220398 1.665665 -1.955921 -2.8783 4.727797 -4.170585 4.993925 11.020521 3e-06 0.0 12.109048 -3.735714 -2.866784 1e-06 0.0 -1e-06 1.291984 -1.928547 -1.498088 14.800125 0.567468 3.865607 14.242567 -1.341735 -6.660656 19.63196 0.143926 -0.648242 49.550617 -0.682261 -6.694088 0.353029 -1.511149 -0.031941 20.222786 3.684309 2.316629 18.78727 6e-06 2e-06 10.751626 -0.479867 1.397906 1e-06 -0.0 1e-06 3.273805 0.305947 -0.580111 21.486809 11.830367 2.266133 8.162924 3e-06 1e-06 18.399075 -3.798982 -4.94057 3e-06 -2e-06 -0.0 1.803005 9.628562 2.452914 0.138593 0.206698 29.644062 0.948965 12.66047 -20.061068 1.673813 -1.928149 1.088228 0.0 -0.0 2e-06 -7.276752 2.481365 -10.993953 0.363222 0.652148 24.468555 13.030858 -3.767952 0.904943 -1.485454 1.025902 -1.164956 -0.0 0.0 -1e-06 
0.0 0.0 0.0 0.0 -0.0 0.0 8.944125 97.636948 93.985901 -4.874445 12.813969 -8.271116 -1.361863 0.477401 0.180037 -0.400797 0.737095 -5.083613 -2.207226 -1.053893 8.77233 4.63068 1.254754 4.579923 -1.078761 -0.698698 -3.642004 4.440662 -5.334721 -15.344888 7.7e-05 -2.2e-05 7e-06 0.079091 0.202471 0.086945 0.651762 -3.550879 -10.300534 -0.500257 3.965285 -10.388773 -8.631382 -4.146965 15.413884 -39.902664 -3.849916 8.883853 0.110589 -66.19899 -0.173777 6.327473 -4.54246 -0.56401 -5.882106 9.861285 0.702591 -10.936868 -0.360575 7.156204 -2e-06 8.774824 -1e-06 -16.108032 18.370792 6.239942 -1.844032 2.498503 -2.507277 -10.163597 4.678946 4.621109 -20.976021 -6e-06 -1e-06 -21.226286 2.451699 -3.594003 1e-06 -6e-06 -1e-06 -1.362681 2.240798 -0.746322 -21.334911 0.58491 3.008321 -13.821213 -3e-06 -1e-06 -23.887173 -0.249081 -0.839487 -60.984238 2.554485 -0.981716 -0.294025 1.679688 0.833255 -14.218207 0.093214 1.300578 -34.212048 -0.287564 0.967165 -20.033209 0.964535 1.21284 0.0 1e-06 1e-06 -3.440387 0.788233 0.501656 -15.928183 -3.16731 2.999705 -6.338826 2e-06 -1e-06 -18.123444 3.648183 -4.905672 -7e-06 1e-06 -2e-06 -7.007358 14.328816 13.943449 64.966644 0.492269 -8.738497 -0.189879 51.78788 0.219082 -15.505044 12.479053 -4.221745 2.24354 -5.255036 -3.180158 14.282885 -0.826596 6.952502 1e-06 -12.690601 -0.0 15.969872 -17.76358 2.265416 1.665666 -1.955923 -2.878298 4.727796 -4.170586 4.993924 11.02052 3e-06 -1e-06 12.109048 -3.735716 -2.866785 1e-06 -1e-06 -1e-06 1.291985 -1.928549 -1.498089 14.800125 0.567468 3.86561 14.242568 -1.341736 -6.660658 19.631962 0.143926 -0.648245 49.575188 -0.707101 -6.687765 0.35303 -1.51115 -0.031941 20.222784 3.684307 2.316629 18.787266 2e-06 -2e-06 10.751623 -0.479869 1.397903 1e-06 -1e-06 0.0 3.273805 0.305946 -0.580111 21.486801 11.830368 2.26613 8.162923 1e-06 -3e-06 18.399071 -3.798983 -4.940574 3e-06 -0.0 0.0 1.338303 10.158534 1.652736 0.127798 0.252441 28.230919 0.964198 12.280851 -19.095524 1.665776 -1.893749 1.141747 0.0 -2e-06 2e-06 -6.861655 2.263651 -11.322236 0.340917 0.594661 24.71557 12.647275 -3.585985 -0.863472 -1.480872 1.02934 -1.100896 -0.0 -0.0 -1e-06 
0.0 0.0 0.0 0.0 -0.0 0.0 8.934695 98.024384 93.800163 -4.550168 13.078467 -7.018394 -1.509853 0.395706 0.301277 -0.448307 0.609942 -5.071043 -2.280654 -1.182575 8.904697 4.628501 1.255813 4.755344 -1.04719 -0.724073 -3.656669 4.557067 -5.329019 -16.187765 7.7e-05 -2.3e-05 6e-06 0.078062 0.219135 0.097317 0.646316 -3.533828 -10.299264 -0.496373 3.982362 -10.389297 -8.541007 -4.271553 15.708926 -40.100277 -3.528504 10.428868 0.312281 -64.486664 -0.188068 5.363929 -4.297717 -0.117601 -5.882102 9.861279 0.702591 -10.936867 -0.360576 7.156204 2e-06 8.774818 -2e-06 -16.059601 18.380676 6.209663 -1.844031 2.498502 -2.507277 -10.163595 4.678942 4.621107 -20.976013 -4e-06 4e-06 -21.226273 2.451695 -3.593996 0.0 -5e-06 -2e-06 -1.362682 2.240796 -0.746324 -21.334904 0.584906 3.008324 -13.821208 -5e-06 4e-06 -23.887159 -0.249077 -0.83948 -60.85062 2.503758 -0.959885 -0.294024 1.679688 0.833257 -14.218202 0.093215 1.300582 -34.212032 -0.287564 0.967174 -20.033201 0.964536 1.212846 -1e-06 1e-06 -0.0 -3.440386 0.788234 0.501656 -15.928176 -3.16731 2.999708 -6.338823 0.0 2e-06 -18.123438 3.648177 -4.905663 -5e-06 2e-06 -3e-06 -6.634052 13.700173 14.061659 65.332542 0.434125 -8.866491 -0.264382 52.523552 0.118664 -14.958391 12.803718 -4.00703 2.243538 -5.255031 -3.180152 14.28288 -0.826593 6.952499 -2e-06 -12.690593 0.0 15.895438 -17.918165 2.361583 1.665665 -1.95592 -2.878297 4.727795 -4.170584 4.99392 11.020515 2e-06 2e-06 12.10904 -3.735713 -2.866779 -0.0 1e-06 -0.0 1.291984 -1.928548 -1.498085 14.800118 0.56747 3.865605 14.242559 -1.341735 -6.66065 19.631952 0.143924 -0.648242 49.594166 -0.738425 -6.728172 0.353029 -1.511149 -0.03194 20.222775 3.684308 2.316632 18.787262 4e-06 3e-06 10.751622 -0.479869 1.397908 0.0 -0.0 1e-06 3.273804 0.305947 -0.580109 21.486799 11.830366 2.266135 8.162923 2e-06 1e-06 18.399067 -3.798982 -4.94057 4e-06 0.0 0.0 0.948493 10.650727 0.808827 0.110222 0.251734 26.918072 0.893352 11.776579 -18.19285 1.655639 -1.85513 1.157781 0.0 -2e-06 2e-06 -6.258032 2.034668 -11.446219 0.311906 0.530864 25.516384 12.021722 -3.571175 -2.762675 -1.480676 1.043914 -1.10415 -0.0 -0.0 -1e-06 
0.0 0.0 0.0 0.0 -0.0 0.0 8.855382 98.406586 93.614182 -4.231576 13.399756 -5.747115 -1.620106 0.327035 0.369954 -0.50486 0.514473 -5.082021 -2.3593 -1.299453 9.010077 4.603093 1.234307 5.011146 -1.045357 -0.821827 -3.667063 4.706384 -5.353314 -16.808073 7.7e-05 -2.2e-05 7e-06 0.077083 0.24442 0.100357 0.649771 -3.508178 -10.304996 -0.501195 4.008327 -10.395163 -8.605536 -4.295074 15.913363 -40.286247 -3.024347 11.860777 0.647752 -62.788612 -0.273501 4.369401 -3.912232 0.675207 -5.882106 9.861283 0.702591 -10.936873 -0.360573 7.156201 2e-06 8.774822 -2e-06 -16.033325 18.390213 6.190627 -1.844033 2.498506 -2.507276 -10.163599 4.678946 4.621107 -20.976023 -3e-06 4e-06 -21.226286 2.451698 -3.593998 0.0 -7e-06 -3e-06 -1.362682 2.240797 -0.746322 -21.334913 0.584911 3.008322 -13.821213 -3e-06 0.0 -23.887173 -0.24908 -0.839479 -60.74181 2.458808 -0.95117 -0.294025 1.679687 0.833256 -14.21821 0.093215 1.300579 -34.212051 -0.287564 0.96717 -20.033211 0.964532 1.212843 -1e-06 -0.0 1e-06 -3.440389 0.788236 0.501655 -15.928185 -3.167309 2.999707 -6.338828 1e-06 1e-06 -18.123449 3.64818 -4.905668 -5e-06 -1e-06 -2e-06 -6.195952 13.052571 14.225492 65.71199 0.21156 -8.756841 -0.377483 53.002937 -0.056574 -14.249162 12.818292 -3.745929 2.24354 -5.255034 -3.180156 14.282888 -0.826593 6.952501 -2e-06 -12.6906 -1e-06 15.849102 -18.088251 2.462163 1.665666 -1.955921 -2.878297 4.727798 -4.170587 4.993923 11.020522 3e-06 1e-06 12.10905 -3.735713 -2.86678 -2e-06 -0.0 -1e-06 1.291985 -1.928548 -1.49809 14.800125 0.567469 3.865608 14.242568 -1.341736 -6.660655 19.631962 0.143925 -0.648245 49.657578 -0.7446 -6.762435 0.35303 -1.51115 -0.03194 20.222784 3.684309 2.31663 18.787268 4e-06 3e-06 10.751628 -0.479868 1.397906 0.0 -0.0 0.0 3.273806 0.305948 -0.580113 21.486807 11.830369 2.266136 8.162927 1e-06 0.0 18.399076 -3.798985 -4.940571 3e-06 0.0 1e-06 0.577328 11.07734 -0.058154 0.091173 0.214736 25.596621 0.793319 11.23139 -17.239969 1.649265 -1.819891 1.150081 -0.0 -1e-06 2e-06 -5.55905 1.828039 -11.413991 0.287875 0.481248 26.772287 11.535098 -3.28668 -4.573368 -1.485713 1.067778 -1.103411 0.0 -0.0 -1e-06 
0.0 0.0 0.0 0.0 -0.0 0.0 8.697631 98.783539 93.439034 -3.89768 13.681516 -4.456634 -1.685506 0.273413 0.373414 -0.554535 0.4726 -5.115666 -2.447215 -1.384241 9.094649 4.521156 1.236377 5.300519 -1.066297 -1.012088 -3.694293 4.896786 -5.352048 -17.202639 7.7e-05 -2.3e-05 6e-06 0.069899 0.251385 0.094783 0.650253 -3.501798 -10.322375 -0.515243 4.016758 -10.407325 -8.768129 -4.211225 16.024971 -40.59861 -2.393241 12.988465 1.001667 -61.17754 -0.36049 3.520107 -3.429887 1.702606 -5.882103 9.861283 0.70259 -10.936871 -0.360575 7.156206 3e-06 8.774826 -1e-06 -15.988293 18.382812 6.198164 -1.844033 2.498504 -2.507277 -10.163599 4.678944 4.621107 -20.976027 -5e-06 1e-06 -21.22629 2.451695 -3.594 0.0 -6e-06 -0.0 -1.362681 2.240797 -0.746323 -21.334919 0.584906 3.008323 -13.821218 -5e-06 -0.0 -23.887177 -0.249082 -0.839482 -60.620689 2.451192 -0.962242 -0.294026 1.679687 0.833254 -14.218212 0.093217 1.300576 -34.212055 -0.287569 0.967169 -20.033218 0.964534 1.212842 -2e-06 -1e-06 0.0 -3.440389 0.788234 0.501655 -15.928187 -3.167311 2.999705 -6.338827 -1e-06 0.0 -18.123444 3.64818 -4.905671 -4e-06 0.0 -3e-06 -5.788277 12.466522 14.451767 66.138817 -0.041208 -8.241111 -0.541345 53.117455 -0.250294 -13.365966 12.582187 -3.391051 2.243542 -5.255038 -3.180159 14.282889 -0.826597 6.9525 1e-06 -12.690609 0.0 15.834266 -18.250425 2.547698 1.665667 -1.955922 -2.8783 4.727798 -4.17059 4.993923 11.020526 3e-06 -3e-06 12.109055 -3.735718 -2.866786 -2e-06 -0.0 -1e-06 1.291986 -1.928552 -1.49809 14.800127 0.567467 3.865605 14.242574 -1.341737 -6.660661 19.631968 0.143927 -0.648248 49.775394 -0.752192 -6.786304 0.353029 -1.511151 -0.031939 20.22279 3.684307 2.316625 18.787271 2e-06 -4e-06 10.75163 -0.479872 1.397903 -1e-06 -0.0 -1e-06 3.273806 0.305947 -0.580111 21.486811 11.830376 2.266128 8.162926 -1e-06 -3e-06 18.399084 -3.798986 -4.940581 4e-06 -0.0 -0.0 0.184948 11.414834 -0.924642 0.0771 0.15181 24.251291 0.657431 10.72453 -16.236774 1.644397 -1.806755 1.073605 -0.0 0.0 2e-06 -4.859812 1.707249 -11.211054 0.272295 0.455798 28.023653 10.914071 -2.799961 -6.24082 -1.489267 1.067346 -1.07724 0.0 0.0 -1e-06 
0.0 0.0 0.0 0.0 -0.0 0.0 8.466727 99.128517 93.247879 -3.507815 13.881057 -3.145339 -1.724441 0.246069 0.351371 -0.593846 0.490808 -5.155484 -2.559645 -1.467895 9.176542 4.381152 1.275414 5.571295 -1.065587 -1.272087 -3.717347 5.088861 -5.261451 -17.492117 7.7e-05 -2.3e-05 6e-06 0.057437 0.231571 0.079289 0.64804 -3.524019 -10.354576 -0.537118 3.999389 -10.429136 -8.875783 -4.039953 16.133348 -41.208492 -1.704535 13.653211 1.334054 -59.793327 -0.457143 3.053604 -2.904526 2.724536 -5.882098 9.861274 0.70259 -10.936858 -0.360576 7.156196 2e-06 8.774816 -2e-06 -15.940245 18.375172 6.230312 -1.844029 2.498501 -2.507276 -10.163588 4.678938 4.621101 -20.976004 -7e-06 3e-06 -21.226263 2.451693 -3.593995 1e-06 -7e-06 -1e-06 -1.362679 2.240796 -0.746324 -21.334888 0.584905 3.008316 -13.821198 -5e-06 -2e-06 -23.887146 -0.249081 -0.839481 -60.484085 2.473798 -0.973159 -0.294024 1.679685 0.833254 -14.218193 0.093214 1.300579 -34.212013 -0.28757 0.96717 -20.033188 0.964533 1.212842 0.0 1e-06 1e-06 -3.440383 0.788231 0.501653 -15.928168 -3.167308 2.999702 -6.338817 0.0 0.0 -18.123425 3.648176 -4.905664 -5e-06 0.0 -3e-06 -5.531928 11.988729 14.731319 66.719238 -0.211789 -7.315291 -0.682792 52.897381 -0.392793 -12.325445 12.162057 -2.940127 2.243538 -5.255032 -3.180155 14.282882 -0.826593 6.9525 -1e-06 -12.690593 -2e-06 15.85471 -18.364727 2.600668 1.665664 -1.95592 -2.878297 4.727796 -4.170583 4.993919 11.020517 4e-06 1e-06 12.109041 -3.735711 -2.866779 -1e-06 -1e-06 -1e-06 1.291985 -1.928547 -1.498087 14.800118 0.567468 3.865608 14.242559 -1.341734 -6.660649 19.63195 0.143927 -0.648239 49.903824 -0.746837 -6.782667 0.353028 -1.51115 -0.031939 20.22278 3.684309 2.316631 18.787258 5e-06 4e-06 10.75162 -0.479867 1.397908 -1e-06 -1e-06 1e-06 3.273804 0.305947 -0.580109 21.486801 11.830366 2.266134 8.162922 2e-06 1e-06 18.399067 -3.798983 -4.940568 3e-06 0.0 1e-06 -0.28785 11.575601 -1.824171 0.066749 0.094631 22.953808 0.529737 10.347705 -15.245337 1.642014 -1.818175 0.987738 0.0 -0.0 1e-06 -4.239461 1.641497 -10.759152 0.25163 0.441912 28.830099 10.233773 -2.252476 -7.596169 -1.491264 1.039394 -1.063175 -0.0 -0.0 -1e-06 
0.0 0.0 0.0 0.0 -0.0 0.0 8.19123 99.395393 93.023109 -3.10593 13.913224 -1.828023 -1.724125 0.252251 0.313406 -0.626901 0.554751 -5.190662 -2.649195 -1.542543 9.25225 4.198394 1.371994 5.857222 -1.064228 -1.544607 -3.727978 5.301567 -5.12524 -17.750975 7.7e-05 -2.2e-05 6e-06 0.043396 0.194188 0.064267 0.646151 -3.565787 -10.389777 -0.562261 3.966031 -10.450425 -8.906124 -3.7919 16.187233 -42.079792 -0.961521 13.925291 1.586654 -58.773663 -0.558104 2.986759 -2.416655 3.504547 -5.882102 9.861277 0.702588 -10.936861 -0.360577 7.1562 -0.0 8.774817 -3e-06 -15.892057 18.35388 6.275812 -1.84403 2.498504 -2.507277 -10.163592 4.67894 4.621108 -20.976004 -1e-06 5e-06 -21.226263 2.451698 -3.593995 1e-06 -7e-06 -0.0 -1.362679 2.240795 -0.746322 -21.334896 0.584908 3.008326 -13.821201 -3e-06 4e-06 -23.887148 -0.249074 -0.839478 -60.351471 2.49322 -0.937707 -0.294024 1.679685 0.833255 -14.218195 0.093214 1.300581 -34.212013 -0.28756 0.967177 -20.033194 0.964539 1.212845 -0.0 1e-06 1e-06 -3.440385 0.78823 0.501657 -15.92817 -3.167307 2.999707 -6.338821 0.0 2e-06 -18.123426 3.648182 -4.905661 -4e-06 -0.0 -2e-06 -5.401888 11.647675 14.984358 67.352165 -0.247872 -5.986337 -0.778394 52.390495 -0.474042 -11.176135 11.628492 -2.331379 2.24354 -5.255034 -3.180156 14.282886 -0.826593 6.952501 -4e-06 -12.690601 -3e-06 15.877205 -18.392086 2.606654 1.665665 -1.95592 -2.878299 4.727797 -4.170586 4.993921 11.020524 5e-06 -3e-06 12.109048 -3.735713 -2.866781 -1e-06 -1e-06 -1e-06 1.291986 -1.928548 -1.498087 14.800125 0.567468 3.865604 14.242568 -1.341734 -6.660656 19.631962 0.143926 -0.648242 49.93848 -0.694611 -6.766774 0.353027 -1.51115 -0.031941 20.222786 3.68431 2.31663 18.78727 6e-06 0.0 10.751625 -0.479867 1.397904 -1e-06 -1e-06 1e-06 3.273806 0.305947 -0.580111 21.486807 11.830376 2.266135 8.162925 2e-06 0.0 18.399075 -3.798983 -4.940573 4e-06 0.0 -2e-06 -0.79764 11.584976 -2.796704 0.061011 0.050008 21.797829 0.44325 10.167065 -14.343932 1.644069 -1.848807 0.920986 0.0 -1e-06 2e-06 -3.702778 1.624682 -10.078746 0.203984 0.432435 28.826773 9.612225 -1.722399 -8.309011 -1.490005 0.989813 -1.107502 0.0 0.0 -1e-06 
0.0 0.0 0.0 0.0 -0.0 0.0 7.876746 99.566223 92.754684 -2.667423 13.714019 -0.533407 -1.70621 0.287659 0.275422 -0.665431 0.611781 -5.239461 -2.713422 -1.572657 9.328102 3.975427 1.501678 6.240289 -1.048344 -1.738831 -3.728961 5.534251 -4.981655 -17.931633 7.7e-05 -2.2e-05 6e-06 0.032302 0.156337 0.05844 0.643977 -3.607179 -10.414845 -0.581047 3.931094 -10.46039 -8.792745 -3.522249 16.207142 -43.150734 -0.160575 13.970675 1.700201 -58.151577 -0.566837 3.169362 -1.936369 3.90228 -5.882104 9.861281 0.702591 -10.936866 -0.360572 7.156202 -1e-06 8.77482 1e-06 -15.832817 18.345226 6.313943 -1.844032 2.498502 -2.507277 -10.163595 4.678944 4.621105 -20.976015 -4e-06 -1e-06 -21.226278 2.451696 -3.593997 1e-06 -6e-06 1e-06 -1.362681 2.240798 -0.746323 -21.334906 0.584909 3.008321 -13.821207 -3e-06 -1e-06 -23.887159 -0.249079 -0.839486 -60.230591 2.473424 -0.885393 -0.294025 1.679688 0.833257 -14.2182 0.093214 1.300578 -34.212036 -0.287562 0.967167 -20.033205 0.964535 1.212841 1e-06 2e-06 1e-06 -3.440386 0.788235 0.501656 -15.928179 -3.167307 2.999703 -6.338823 -1e-06 0.0 -18.123438 3.64818 -4.905669 -4e-06 1e-06 -1e-06 -5.415421 11.399457 15.216874 67.944984 -0.029139 -4.231642 -0.85979 51.643105 -0.518509 -9.881024 11.147519 -1.483186 2.243541 -5.255036 -3.180156 14.28288 -0.826594 6.952498 -2e-06 -12.690601 -1e-06 15.902161 -18.370131 2.582934 1.665666 -1.95592 -2.878298 4.727797 -4.170587 4.993922 11.020519 3e-06 -2e-06 12.109046 -3.735715 -2.866786 -1e-06 1e-06 -3e-06 1.291987 -1.928549 -1.498088 14.800117 0.56747 3.865604 14.242564 -1.341735 -6.660657 19.631954 0.143926 -0.648248 49.875622 -0.61298 -6.765193 0.353028 -1.511149 -0.03194 20.222778 3.684309 2.316628 18.78726 3e-06 -2e-06 10.75162 -0.479869 1.397904 -1e-06 -0.0 -1e-06 3.273804 0.305947 -0.580112 21.486799 11.830368 2.266131 8.162921 1e-06 -2e-06 18.399071 -3.798981 -4.940574 3e-06 -1e-06 -2e-06 -1.338839 11.561392 -3.78789 0.045965 0.023709 20.781471 0.393204 10.149832 -13.613046 1.645684 -1.884448 0.881473 -0.0 -1e-06 2e-06 -3.294012 1.818173 -9.214165 0.130903 0.426067 27.815546 9.21073 -1.158316 -8.32472 -1.486046 0.938843 -1.243436 -0.0 0.0 -1e-06 
0.0 0.0 0.0 0.0 -0.0 0.0 7.5185 99.646065 92.480537 -2.12448 13.301269 0.709801 -1.725214 0.313964 0.242468 -0.71958 0.638839 -5.310593 -2.783095 -1.52463 9.458038 3.745263 1.609284 6.766293 -1.048402 -1.798392 -3.694825 5.773125 -4.956103 -17.969744 7.7e-05 -2.3e-05 6e-06 0.031651 0.163566 0.072209 0.646027 -3.598335 -10.41233 -0.583063 3.936902 -10.442938 -8.629055 -3.26547 16.258253 -44.236717 0.660918 13.842822 1.557449 -57.881149 -0.418433 3.529872 -1.413262 4.077818 -5.882101 9.861279 0.702589 -10.936866 -0.360579 7.156204 1e-06 8.774821 -1e-06 -15.725511 18.414667 6.368306 -1.84403 2.498503 -2.507276 -10.163595 4.67894 4.621108 -20.976013 -6e-06 6e-06 -21.226273 2.451696 -3.593995 1e-06 -5e-06 -0.0 -1.362681 2.240797 -0.746323 -21.334904 0.584905 3.008326 -13.821206 -5e-06 3e-06 -23.887159 -0.249079 -0.839475 -60.135582 2.439826 -0.875544 -0.294024 1.679686 0.833256 -14.218201 0.093212 1.30058 -34.212032 -0.287566 0.96718 -20.033205 0.964537 1.212846 1e-06 1e-06 2e-06 -3.440386 0.788233 0.501657 -15.928181 -3.16731 2.999712 -6.338823 -2e-06 3e-06 -18.123438 3.64818 -4.905663 -5e-06 -1e-06 -3e-06 -5.525026 11.17859 15.412006 68.427315 0.438664 -2.18592 -0.777537 50.862133 -0.402781 -8.645211 10.697586 -0.580848 2.243537 -5.255031 -3.180155 14.28287 -0.826593 6.952496 -4e-06 -12.690585 -1e-06 15.9056 -18.34976 2.56159 1.665663 -1.955919 -2.878295 4.727792 -4.170578 4.993917 11.020507 4e-06 -1e-06 12.109034 -3.73571 -2.866781 -1e-06 -1e-06 -1e-06 1.291983 -1.928547 -1.498088 14.800105 0.567469 3.865602 14.242553 -1.341735 -6.660647 19.631937 0.143924 -0.648241 49.767796 -0.551511 -6.791565 0.353029 -1.511149 -0.03194 20.222759 3.684307 2.316629 18.787247 5e-06 1e-06 10.751613 -0.479868 1.397909 -1e-06 -0.0 -1e-06 3.273802 0.30595 -0.580109 21.48678 11.830359 2.266131 8.162916 1e-06 0.0 18.399055 -3.798979 -4.940566 3e-06 -2e-06 -2e-06 -1.961853 11.585407 -4.729733 -0.009263 -0.000899 19.835163 0.372787 10.1918 -13.056869 1.644374 -1.90512 0.919864 -0.0 -1e-06 2e-06 -3.090865 2.355736 -8.090923 0.04497 0.401425 25.407381 8.502705 -1.32447 -8.135958 -1.478565 0.914407 -1.544139 0.0 0.0 -1e-06 
0.0 0.0 0.0 0.0 -0.0 0.0 7.10574 99.598183 92.264626 -1.453499 12.771192 1.813408 -1.801005 0.280334 0.230902 -0.783114 0.57175 -5.388656 -2.883742 -1.406662 9.662637 3.480391 1.730418 7.665563 -0.93804 -2.102944 -3.687738 6.017416 -4.647938 -18.34409 7.7e-05 -2.3e-05 6e-06 0.010874 0.123066 0.07906 0.625153 -3.625622 -10.398224 -0.60274 3.88172 -10.42043 -8.444898 -3.163467 16.571001 -45.39183 1.353431 13.564664 1.609784 -57.649227 -0.581161 3.995628 -0.970194 4.150084 -5.882099 9.861275 0.70259 -10.936864 -0.360576 7.156203 2e-06 8.774819 -4e-06 -15.63117 18.460735 6.391219 -1.844029 2.498503 -2.507277 -10.16359 4.678939 4.621108 -20.976006 -5e-06 5e-06 -21.226269 2.451694 -3.593993 -0.0 -6e-06 -2e-06 -1.362678 2.240796 -0.746322 -21.334896 0.584907 3.008324 -13.821201 -4e-06 2e-06 -23.887146 -0.249081 -0.839481 -59.925705 2.565762 -1.181332 -0.294024 1.679685 0.833256 -14.218197 0.093212 1.300582 -34.212021 -0.287566 0.967176 -20.033195 0.964537 1.212845 1e-06 2e-06 3e-06 -3.440386 0.788232 0.501654 -15.928176 -3.167309 2.999709 -6.338822 -3e-06 1e-06 -18.123434 3.648178 -4.905663 -4e-06 -1e-06 -2e-06 -5.682093 10.995183 15.443722 68.851059 1.026783 0.551325 -1.184201 50.304024 -0.867913 -7.509745 10.227043 0.753214 2.243539 -5.255033 -3.180157 14.282878 -0.826593 6.952501 -2e-06 -12.690592 -2e-06 16.041344 -18.328773 2.561492 1.665665 -1.955919 -2.878298 4.727792 -4.170581 4.993923 11.020514 4e-06 0.0 12.10904 -3.735713 -2.866781 -0.0 0.0 -1e-06 1.291985 -1.928548 -1.49809 14.800117 0.56747 3.865608 14.242558 -1.341733 -6.660653 19.631948 0.143925 -0.648242 49.708752 -0.53814 -6.839098 0.35303 -1.511149 -0.03194 20.222775 3.684307 2.316633 18.787256 5e-06 2e-06 10.751619 -0.479868 1.397906 0.0 0.0 -2e-06 3.273806 0.305947 -0.580112 21.486795 11.830363 2.266135 8.162919 0.0 2e-06 18.399067 -3.79898 -4.940568 3e-06 -0.0 -2e-06 -2.667866 11.549449 -5.598006 -0.032305 -0.0098 19.012619 0.398915 10.367807 -12.532462 1.656173 -1.918471 1.100758 -0.0 0.0 2e-06 -3.214507 2.971667 -6.966065 0.024894 0.287453 21.652861 6.583377 -2.737249 -9.186466 -1.455435 0.94132 -1.626401 0.0 0.0 -1e-06 
0.0 0.0 0.0 0.0 -0.0 0.0 6.663785 99.716553 91.961662 -1.13134 11.82266 2.647532 -1.663401 0.308312 0.254268 -0.77207 0.558556 -5.380589 -2.856989 -1.309498 9.908426 3.134004 1.965699 8.406415 -0.901709 -2.011074 -3.708657 6.191558 -4.51447 -18.188026 7.7e-05 -2.2e-05 6e-06 0.00983 0.159081 0.067614 0.632304 -3.589242 -10.451359 -0.612215 3.915096 -10.468991 -8.587866 -2.821983 16.529154 -46.361073 1.868375 13.36741 1.509174 -56.940868 -0.407011 4.565875 -0.563408 3.627259 -5.8821 9.861279 0.70259 -10.936861 -0.360576 7.156201 1e-06 8.774821 -1e-06 -15.472904 18.411697 6.450293 -1.844031 2.498505 -2.507277 -10.16359 4.67894 4.621106 -20.976006 -7e-06 -1e-06 -21.226271 2.451692 -3.593997 1e-06 -5e-06 -1e-06 -1.362682 2.240798 -0.746321 -21.334896 0.584905 3.008325 -13.821204 -4e-06 0.0 -23.887154 -0.249081 -0.839481 -59.843845 2.561355 -1.137743 -0.294024 1.679687 0.833256 -14.218198 0.093214 1.30058 -34.212021 -0.287566 0.967171 -20.033197 0.964536 1.212844 0.0 1e-06 1e-06 -3.440387 0.788233 0.501654 -15.928174 -3.167308 2.999708 -6.338821 -2e-06 1e-06 -18.123428 3.648179 -4.905667 -4e-06 -0.0 -2e-06 -5.633942 10.813773 15.504762 68.880646 1.884675 3.024568 -1.03308 49.891266 -0.704804 -6.90055 10.082875 2.089433 2.243537 -5.255031 -3.180155 14.282878 -0.826593 6.952494 -2e-06 -12.690592 -1e-06 16.066135 -18.313793 2.501425 1.665664 -1.955921 -2.878296 4.727793 -4.170583 4.993916 11.020514 2e-06 -2e-06 12.109042 -3.735713 -2.866783 0.0 0.0 0.0 1.291986 -1.928548 -1.498088 14.800115 0.567468 3.865606 14.24256 -1.341736 -6.660653 19.631952 0.143926 -0.648246 49.654423 -0.535355 -6.892672 0.35303 -1.51115 -0.031942 20.22278 3.684307 2.316626 18.787258 5e-06 2e-06 10.75162 -0.479867 1.397905 -0.0 0.0 -1e-06 3.273804 0.305948 -0.580109 21.486795 11.830366 2.266131 8.162919 2e-06 -3e-06 18.399067 -3.79898 -4.940572 3e-06 -0.0 -3e-06 -3.036921 11.972322 -6.259306 -0.003585 -0.052811 18.223255 0.250566 10.846572 -11.993688 1.656578 -1.904662 1.12745 0.0 -2e-06 2e-06 -3.234459 4.045626 -6.867315 -0.043448 0.152795 19.141903 5.502752 -3.214278 -9.42406 -1.449799 0.956186 -0.759475 0.0 0.0 -1e-06 
0.0 0.0 0.0 0.0 -0.0 0.0 6.204422 99.890823 91.657776 -0.966516 10.751511 3.231652 -1.549197 0.301155 0.333691 -0.759047 0.498964 -5.351709 -2.657645 -1.3282 10.118399 2.882656 2.143259 9.313995 -0.87378 -1.818817 -3.711336 6.266154 -4.124591 -17.893961 7.7e-05 -2.3e-05 6e-06 0.004734 0.185306 0.054161 0.630552 -3.555365 -10.479445 -0.620586 3.932734 -10.498158 -8.438023 -2.53721 16.548351 -47.862194 2.194499 13.136857 1.422922 -55.79945 -0.354363 5.224767 -0.191091 3.091525 -5.882108 9.861288 0.702588 -10.936872 -0.360575 7.156209 1e-06 8.774825 0.0 -15.48968 18.321257 6.375339 -1.844031 2.498503 -2.50728 -10.163601 4.678946 4.621109 -20.976028 -3e-06 -0.0 -21.226294 2.451696 -3.594003 -0.0 -6e-06 0.0 -1.362682 2.240798 -0.746324 -21.334917 0.584911 3.008324 -13.821217 -4e-06 2e-06 -23.887175 -0.249078 -0.839486 -59.69207 2.562029 -1.180089 -0.294024 1.679687 0.833256 -14.21821 0.093217 1.300582 -34.212048 -0.287562 0.967168 -20.033218 0.964537 1.212843 1e-06 1e-06 0.0 -3.440389 0.788234 0.501657 -15.928191 -3.167308 2.999708 -6.338827 -2e-06 1e-06 -18.123447 3.648183 -4.905672 -5e-06 0.0 -2e-06 -5.636691 10.748356 15.570262 69.04007 2.861351 5.172958 -0.840426 49.544033 -0.548466 -6.520769 9.806174 3.373788 2.24354 -5.255036 -3.180158 14.282887 -0.826595 6.952502 -2e-06 -12.690605 0.0 16.073608 -18.279251 2.399803 1.665667 -1.955922 -2.878295 4.727798 -4.170588 4.993923 11.020525 2e-06 -2e-06 12.109045 -3.735716 -2.866781 -0.0 0.0 0.0 1.291986 -1.928549 -1.498089 14.800123 0.567467 3.865608 14.242568 -1.341739 -6.660653 19.63196 0.143922 -0.648243 49.562828 -0.543401 -6.950343 0.353027 -1.51115 -0.031939 20.222784 3.684308 2.316632 18.78727 5e-06 -1e-06 10.751625 -0.47987 1.397907 0.0 -1e-06 -2e-06 3.273805 0.305947 -0.58011 21.486805 11.830372 2.266133 8.162923 3e-06 -2e-06 18.399076 -3.798986 -4.940572 3e-06 1e-06 -2e-06 -3.19464 12.458875 -6.613246 0.023034 -0.091447 17.27352 0.064192 11.348184 -11.304493 1.657129 -1.886116 1.141539 0.0 -0.0 2e-06 -3.233716 4.575027 -7.076665 -0.039181 0.105879 17.450211 4.84909 -3.01975 -9.056394 -1.449286 0.966063 -0.312895 0.0 0.0 -1e-06 
0.0 0.0 0.0 0.0 -0.0 0.0 5.722641 100.078896 91.413673 -0.863588 9.780976 3.655631 -1.510819 0.264961 0.421289 -0.748185 0.374961 -5.325745 -2.409247 -1.39466 10.263998 2.839593 2.192827 10.287457 -0.812322 -1.613343 -3.724841 6.24346 -3.684803 -17.549335 7.7e-05 -2.3e-05 6e-06 -0.000454 0.184193 0.041604 0.628544 -3.548266 -10.507713 -0.628846 3.922538 -10.527933 -7.971368 -2.413107 16.630806 -49.574741 2.43808 13.168715 1.402855 -54.745792 -0.364694 5.654374 0.234166 2.583514 -5.882104 9.861283 0.702592 -10.936866 -0.360572 7.156201 -1e-06 8.774821 -1e-06 -15.584663 18.254801 6.317528 -1.844032 2.498504 -2.507276 -10.163594 4.678946 4.621107 -20.976013 -1e-06 0.0 -21.226273 2.451699 -3.593998 0.0 -6e-06 -0.0 -1.362681 2.240798 -0.746322 -21.334904 0.584912 3.008321 -13.821206 -1e-06 0.0 -23.887157 -0.249075 -0.839482 -59.609261 2.554259 -1.187757 -0.294026 1.679686 0.833255 -14.2182 0.093217 1.30058 -34.212032 -0.287558 0.967165 -20.033201 0.964539 1.21284 1e-06 1e-06 2e-06 -3.440387 0.788233 0.501654 -15.928177 -3.167305 2.999706 -6.338822 -0.0 -1e-06 -18.12344 3.648183 -4.905671 -4e-06 -0.0 -3e-06 -5.609157 10.654019 15.548571 69.496918 3.57481 6.850856 -0.853364 49.352066 -0.458845 -6.311403 9.447562 4.037705 2.243542 -5.255034 -3.180156 14.282883 -0.826598 6.952496 -1e-06 -12.690598 3e-06 16.028795 -18.239021 2.351639 1.665665 -1.955919 -2.878299 4.727798 -4.170588 4.993921 11.020521 1e-06 -2e-06 12.109048 -3.735715 -2.866783 -0.0 0.0 -1e-06 1.291984 -1.928547 -1.49809 14.800122 0.567465 3.865605 14.242568 -1.341738 -6.660657 19.63196 0.143925 -0.648248 49.410458 -0.583379 -6.969779 0.353029 -1.511149 -0.031942 20.222784 3.684306 2.316628 18.787264 3e-06 -6e-06 10.751622 -0.479869 1.397902 0.0 0.0 -1e-06 3.273803 0.305945 -0.58011 21.486799 11.830367 2.266129 8.162921 2e-06 -2e-06 18.399069 -3.798986 -4.940576 3e-06 -1e-06 -1e-06 -3.197371 12.869363 -6.750763 0.042775 -0.118452 16.262737 -0.139888 11.682383 -10.606196 1.656982 -1.892438 1.143601 0.0 -0.0 2e-06 -3.171401 4.653367 -7.308018 -0.021327 0.093392 16.199083 4.411979 -2.537389 -8.483948 -1.448727 0.957361 -0.109578 -0.0 0.0 -1e-06 
0.0 0.0 0.0 0.0 -0.0 0.0 5.225183 100.256523 91.247795 -0.777695 9.057592 3.972467 -1.518952 0.204257 0.481782 -0.738585 0.228262 -5.306417 -2.189015 -1.486975 10.373271 2.968746 2.102442 11.189881 -0.742694 -1.43192 -3.755164 6.21032 -3.345859 -17.131485 7.7e-05 -2.2e-05 6e-06 -0.005097 0.169013 0.033901 0.627358 -3.555937 -10.526591 -0.636776 3.89961 -10.547616 -7.432398 -2.432004 16.682362 -51.030529 2.624717 13.566278 1.443277 -54.022758 -0.422365 5.688111 0.645824 2.062651 -5.882108 9.861286 0.702592 -10.936875 -0.360576 7.156205 2e-06 8.774827 -1e-06 -15.669031 18.199476 6.28618 -1.844033 2.498503 -2.507277 -10.163601 4.678945 4.621108 -20.976028 -5e-06 0.0 -21.226288 2.451695 -3.593997 1e-06 -6e-06 2e-06 -1.362682 2.2408 -0.746324 -21.334917 0.584909 3.008322 -13.821216 -4e-06 1e-06 -23.887175 -0.24908 -0.839483 -59.556423 2.546281 -1.175726 -0.294024 1.679686 0.833256 -14.21821 0.093213 1.300581 -34.212059 -0.287566 0.967172 -20.033215 0.964534 1.212844 0.0 1e-06 1e-06 -3.440388 0.788233 0.501655 -15.928191 -3.167312 2.999706 -6.338827 -3e-06 0.0 -18.123453 3.64818 -4.90567 -5e-06 -1e-06 -3e-06 -5.444038 10.434039 15.490306 70.135124 3.966724 7.782301 -0.863252 49.242405 -0.3763 -6.226087 9.139361 4.125567 2.243541 -5.255037 -3.180158 14.282887 -0.826594 6.952503 -4e-06 -12.690605 2e-06 15.990844 -18.202997 2.340256 1.665668 -1.95592 -2.8783 4.727798 -4.170588 4.993925 11.020528 4e-06 -2e-06 12.109052 -3.735714 -2.866784 0.0 0.0 -1e-06 1.291987 -1.928549 -1.49809 14.800129 0.567469 3.865604 14.242572 -1.341735 -6.66066 19.631968 0.143929 -0.648249 49.327854 -0.627315 -6.951075 0.353029 -1.511149 -0.031942 20.22279 3.684309 2.316627 18.78727 7e-06 -5e-06 10.751627 -0.479868 1.397904 -0.0 -0.0 -1e-06 3.273807 0.305946 -0.580111 21.486813 11.830376 2.266131 8.162927 2e-06 -3e-06 18.399078 -3.798985 -4.940576 3e-06 0.0 -1e-06 -3.089817 13.158804 -6.755061 0.05366 -0.135097 15.284755 -0.337852 11.79588 -9.937519 1.653521 -1.903413 1.086469 0.0 -0.0 2e-06 -3.042439 4.462691 -7.411262 -0.007366 0.107532 15.099356 4.099921 -2.030728 -7.882848 -1.44559 0.936923 -0.023142 -0.0 0.0 -1e-06 
0.0 0.0 0.0 0.0 -0.0 0.0 4.716512 100.391914 91.121048 -0.668787 8.58165 4.221704 -1.533762 0.141864 0.520356 -0.730331 0.088788 -5.284853 -2.016312 -1.585328 10.444956 3.193172 1.913043 11.953825 -0.668589 -1.296839 -3.777609 6.193892 -3.152681 -16.657396 7.7e-05 -2.2e-05 6e-06 -0.009441 0.149625 0.028545 0.630397 -3.570693 -10.544594 -0.648351 3.87588 -10.567369 -6.918268 -2.51922 16.694004 -52.130161 2.667701 14.170612 1.568087 -53.677235 -0.502101 5.371529 1.013303 1.452911 -5.882101 9.861278 0.702591 -10.936861 -0.360574 7.1562 -0.0 8.774817 -3e-06 -15.709475 18.163534 6.271665 -1.844031 2.498503 -2.507275 -10.16359 4.678942 4.621105 -20.976006 -1e-06 2e-06 -21.226269 2.451697 -3.593999 1e-06 -6e-06 1e-06 -1.362681 2.240796 -0.746323 -21.334896 0.584911 3.008323 -13.821204 -2e-06 2e-06 -23.887152 -0.249076 -0.839483 -59.547844 2.538815 -1.170778 -0.294026 1.679686 0.833255 -14.218199 0.093215 1.30058 -34.212021 -0.28756 0.967168 -20.033199 0.964538 1.212843 0.0 2e-06 0.0 -3.440384 0.788233 0.501654 -15.928172 -3.167305 2.999705 -6.33882 -1e-06 0.0 -18.123432 3.648181 -4.905665 -5e-06 -0.0 -3e-06 -5.262629 10.158592 15.394712 70.94236 3.999923 8.104049 -0.819981 49.133499 -0.31662 -6.141608 8.921608 3.955438 2.24354 -5.255033 -3.180153 14.282876 -0.826596 6.952495 -1e-06 -12.690594 -1e-06 15.991405 -18.185093 2.348416 1.665666 -1.955922 -2.878298 4.727795 -4.170584 4.993919 11.020513 1e-06 -2e-06 12.109036 -3.735714 -2.866781 -1e-06 1e-06 -0.0 1.291985 -1.928547 -1.498087 14.800112 0.567467 3.865605 14.242556 -1.341738 -6.66065 19.631943 0.143925 -0.648247 49.359474 -0.673358 -6.920518 0.35303 -1.51115 -0.031941 20.222769 3.684306 2.316628 18.787252 3e-06 -0.0 10.751617 -0.479868 1.397905 1e-06 2e-06 -1e-06 3.273802 0.305947 -0.58011 21.486786 11.830361 2.26613 8.162917 3e-06 -2e-06 18.399055 -3.798981 -4.940572 3e-06 -0.0 -2e-06 -2.948584 13.294186 -6.695843 0.05883 -0.133604 14.387502 -0.500096 11.757476 -9.34395 1.648413 -1.91481 1.027594 -0.0 -2e-06 2e-06 -2.902576 4.169368 -7.409005 -0.0005 0.122959 14.075475 3.893445 -1.60461 -7.396086 -1.44118 0.917198 0.05323 -0.0 -0.0 -1e-06 
0.0 0.0 0.0 0.0 -0.0 0.0 4.199021 100.471497 90.997086 -0.543047 8.265048 4.413527 -1.51121 0.104693 0.534254 -0.717868 -0.013774 -5.267606 -1.873953 -1.666555 10.501049 3.425442 1.704845 12.581278 -0.590671 -1.256162 -3.780359 6.1867 -3.092195 -16.187157 7.7e-05 -2.3e-05 6e-06 -0.012292 0.126686 0.025055 0.636418 -3.593883 -10.566894 -0.659941 3.854004 -10.593562 -6.538692 -2.604977 16.665426 -52.892529 2.542561 14.574024 1.735412 -53.677406 -0.581737 5.046595 1.276927 0.818893 -5.882102 9.861277 0.702588 -10.936863 -0.360575 7.156203 1e-06 8.774817 -1e-06 -15.719491 18.177183 6.283811 -1.844029 2.498502 -2.507276 -10.163591 4.678941 4.621107 -20.976006 -4e-06 3e-06 -21.226269 2.451694 -3.593997 1e-06 -6e-06 -1e-06 -1.36268 2.240797 -0.746324 -21.334896 0.584908 3.008323 -13.821201 -3e-06 3e-06 -23.887146 -0.249077 -0.839482 -59.587738 2.558924 -1.173939 -0.294025 1.679687 0.833255 -14.218197 0.093214 1.300581 -34.212021 -0.28756 0.967174 -20.033194 0.964539 1.212844 0.0 2e-06 1e-06 -3.440385 0.788232 0.501655 -15.928172 -3.167307 2.999708 -6.338821 -1e-06 1e-06 -18.123428 3.648178 -4.905668 -4e-06 -0.0 -2e-06 -5.137314 9.917598 15.298519 71.763496 3.773049 8.278894 -0.820447 48.93438 -0.297643 -5.952808 8.820429 3.729473 2.24354 -5.255035 -3.180157 14.282883 -0.826596 6.9525 -1e-06 -12.690598 1e-06 16.019367 -18.18745 2.369103 1.665665 -1.95592 -2.878295 4.727797 -4.170585 4.993918 11.02052 2e-06 -1e-06 12.109046 -3.735715 -2.866781 -1e-06 0.0 1e-06 1.291984 -1.928547 -1.498088 14.800118 0.567466 3.865604 14.242562 -1.341736 -6.660652 19.631954 0.143924 -0.648244 49.472176 -0.720334 -6.895332 0.35303 -1.511149 -0.03194 20.222784 3.684305 2.316631 18.787266 4e-06 -0.0 10.751624 -0.479868 1.397905 1e-06 2e-06 -1e-06 3.273805 0.305946 -0.580108 21.486799 11.830364 2.26613 8.162921 1e-06 -3e-06 18.399071 -3.798986 -4.940573 2e-06 0.0 -1e-06 -2.793448 13.303592 -6.59994 0.056496 -0.111571 13.5858 -0.665647 11.643846 -8.901615 1.644045 -1.933283 0.988719 0.0 -0.0 2e-06 -2.76802 3.877647 -7.321603 0.001901 0.115809 13.110972 3.785072 -1.250552 -7.098958 -1.437055 0.894036 0.187418 -0.0 -0.0 -1e-06 
0.0 0.0 0.0 0.0 -0.0 0.0 3.682921 100.494408 90.885941 -0.420745 8.060968 4.520249 -1.432037 0.09581 0.53364 -0.695984 -0.082258 -5.264599 -1.740545 -1.692054 10.575247 3.618339 1.506 13.079728 -0.527634 -1.278736 -3.774849 6.184927 -3.181156 -15.723963 7.7e-05 -2.2e-05 6e-06 -0.014213 0.119705 0.025489 0.643223 -3.602172 -10.581752 -0.670515 3.849029 -10.611581 -6.378472 -2.662868 16.595179 -53.32666 2.264504 14.470558 1.830885 -53.950352 -0.605118 5.002281 1.455871 0.188602 -5.882099 9.861276 0.702589 -10.936863 -0.360577 7.156203 2e-06 8.774817 -2e-06 -15.708716 18.241747 6.323833 -1.844031 2.498502 -2.507277 -10.16359 4.678938 4.621104 -20.976006 -7e-06 4e-06 -21.226269 2.451691 -3.593993 1e-06 -6e-06 -0.0 -1.362681 2.240795 -0.746323 -21.334896 0.584904 3.008323 -13.821201 -5e-06 3e-06 -23.887152 -0.249081 -0.839477 -59.652706 2.585444 -1.1827 -0.294023 1.679685 0.833256 -14.218197 0.093213 1.30058 -34.212021 -0.287568 0.967175 -20.033197 0.964535 1.212845 -0.0 1e-06 -0.0 -3.440386 0.788233 0.501655 -15.928172 -3.167311 2.999707 -6.338821 -2e-06 2e-06 -18.12343 3.648178 -4.905665 -4e-06 -1e-06 -3e-06 -5.053955 9.724324 15.238585 72.409798 3.430205 8.580309 -0.801715 48.5984 -0.278083 -5.689273 8.825768 3.555499 2.243539 -5.255031 -3.180152 14.28288 -0.826595 6.952495 -2e-06 -12.690595 -2e-06 16.019997 -18.184555 2.394474 1.665666 -1.95592 -2.878295 4.727795 -4.170585 4.993918 11.020515 4e-06 -1e-06 12.109042 -3.735713 -2.866782 0.0 1e-06 -2e-06 1.291984 -1.928548 -1.49809 14.800118 0.567468 3.865605 14.242559 -1.341734 -6.660653 19.631952 0.143926 -0.648246 49.573997 -0.761989 -6.878351 0.353027 -1.511149 -0.03194 20.222775 3.684307 2.316627 18.787256 5e-06 -0.0 10.75162 -0.479868 1.397906 0.0 2e-06 -1e-06 3.273803 0.305947 -0.580112 21.486797 11.830368 2.266129 8.162921 3e-06 -2e-06 18.399069 -3.798983 -4.940572 4e-06 -0.0 -2e-06 -2.612521 13.251057 -6.430696 0.045819 -0.087996 12.873756 -0.88055 11.489659 -8.670186 1.640216 -1.948069 0.96105 -0.0 -1e-06 2e-06 -2.626727 3.640588 -7.159061 0.003463 0.090772 12.264117 3.720299 -0.972624 -6.990954 -1.434005 0.876798 0.383346 0.0 0.0 -1e-06 
0.0 0.0 0.0 0.0 -0.0 0.0 3.175248 100.470993 90.790611 -0.28517 7.945846 4.545368 -1.316304 0.097858 0.525494 -0.670368 -0.130994 -5.27059 -1.61774 -1.687306 10.681561 3.801033 1.29898 13.503831 -0.516559 -1.325141 -3.779539 6.205537 -3.390106 -15.243179 7.7e-05 -2.3e-05 6e-06 -0.017104 0.134871 0.025997 0.645749 -3.58473 -10.583009 -0.678852 3.862637 -10.614632 -6.46335 -2.649714 16.482624 -53.488361 1.826693 13.768888 1.743366 -54.38364 -0.514904 5.358534 1.601041 -0.491507 -5.882102 9.861279 0.702591 -10.936865 -0.360574 7.1562 1e-06 8.77482 -1e-06 -15.692518 18.334379 6.372938 -1.844031 2.498503 -2.507277 -10.163593 4.67894 4.621106 -20.976009 -4e-06 5e-06 -21.226273 2.451696 -3.593995 2e-06 -6e-06 -0.0 -1.362681 2.240797 -0.746323 -21.3349 0.584907 3.008322 -13.821205 -2e-06 4e-06 -23.887154 -0.249078 -0.839481 -59.709602 2.597007 -1.20654 -0.294024 1.679685 0.833255 -14.218199 0.093215 1.300582 -34.212021 -0.287564 0.967174 -20.033197 0.964536 1.212845 1e-06 0.0 -1e-06 -3.440388 0.788233 0.501656 -15.928177 -3.167308 2.999707 -6.338821 -0.0 0.0 -18.123436 3.648179 -4.905664 -5e-06 0.0 -3e-06 -4.975145 9.603395 15.206467 72.806587 3.075058 9.085879 -0.71711 48.109047 -0.253961 -5.355085 8.877459 3.498246 2.24354 -5.255033 -3.180155 14.28288 -0.826591 6.952496 -3e-06 -12.690595 1e-06 15.979328 -18.166443 2.427016 1.665665 -1.95592 -2.878297 4.727795 -4.170584 4.993919 11.020517 4e-06 -1e-06 12.109041 -3.735711 -2.86678 0.0 0.0 0.0 1.291981 -1.928547 -1.498089 14.800115 0.567469 3.865604 14.242559 -1.341732 -6.660649 19.63195 0.143929 -0.648242 49.616688 -0.794713 -6.885017 0.353029 -1.51115 -0.03194 20.222775 3.684309 2.316626 18.787256 8e-06 0.0 10.751619 -0.479867 1.397906 1e-06 2e-06 0.0 3.273807 0.305947 -0.580111 21.486801 11.83037 2.26613 8.162921 3e-06 -1e-06 18.399067 -3.798982 -4.940569 4e-06 -1e-06 -1e-06 -2.427678 13.19883 -6.167126 0.025338 -0.086902 12.209431 -1.193658 11.27051 -8.605861 1.637727 -1.95326 0.965376 -0.0 0.0 2e-06 -2.506162 3.465137 -6.974992 0.005898 0.05604 11.620986 3.668685 -0.783146 -7.039815 -1.431797 0.876222 0.594091 0.0 0.0 -1e-06 
0.0 0.0 0.0 0.0 -0.0 0.0 2.659527 100.438705 90.705482 -0.101812 7.916796 4.506692 -1.204031 0.103139 0.524237 -0.647337 -0.171768 -5.268958 -1.517219 -1.682234 10.80487 4.05002 1.085235 13.907121 -0.550486 -1.452535 -3.791782 6.217458 -3.638232 -14.760928 7.7e-05 -2.3e-05 6e-06 -0.020941 0.156552 0.026393 0.641602 -3.560006 -10.581874 -0.682567 3.881937 -10.612641 -6.714365 -2.605558 16.313745 -53.488132 1.229687 12.681973 1.574434 -54.916946 -0.404966 6.063088 1.734372 -1.269076 -5.882102 9.861276 0.702591 -10.936866 -0.360574 7.156202 1e-06 8.774817 -3e-06 -15.680709 18.408548 6.407156 -1.844031 2.498502 -2.507274 -10.163595 4.678941 4.621108 -20.976009 -3e-06 6e-06 -21.226271 2.451696 -3.593994 0.0 -5e-06 -0.0 -1.362681 2.240793 -0.746321 -21.3349 0.584911 3.008324 -13.821205 -1e-06 5e-06 -23.887157 -0.249075 -0.839477 -59.753357 2.602046 -1.238749 -0.294024 1.679687 0.833255 -14.218199 0.093215 1.300582 -34.212029 -0.287561 0.967175 -20.033207 0.964538 1.212844 1e-06 1e-06 0.0 -3.440388 0.788232 0.501657 -15.928179 -3.167307 2.999707 -6.338823 -0.0 1e-06 -18.12344 3.648181 -4.905663 -4e-06 -0.0 -3e-06 -4.906888 9.541247 15.1729 73.050049 2.784976 9.798681 -0.609158 47.412285 -0.2339 -4.938272 8.944175 3.581542 2.24354 -5.255034 -3.180156 14.282881 -0.826593 6.952499 -2e-06 -12.690595 0.0 15.921713 -18.15884 2.46647 1.665665 -1.955921 -2.878298 4.727797 -4.170584 4.993919 11.02052 3e-06 1e-06 12.109043 -3.735713 -2.866783 0.0 1e-06 1e-06 1.291984 -1.928548 -1.498085 14.800118 0.567468 3.865604 14.242562 -1.341735 -6.660651 19.631954 0.143925 -0.648242 49.643658 -0.798833 -6.906563 0.353028 -1.51115 -0.031941 20.22278 3.684307 2.316631 18.787262 4e-06 1e-06 10.75162 -0.47987 1.397907 1e-06 1e-06 1e-06 3.273805 0.305946 -0.58011 21.486801 11.830365 2.266131 8.162921 2e-06 -3e-06 18.399071 -3.798981 -4.94057 4e-06 -2e-06 -1e-06 -2.266844 13.158185 -5.845319 0.001115 -0.105573 11.576775 -1.595851 10.932252 -8.552169 1.636983 -1.947677 0.983775 0.0 -0.0 2e-06 -2.423171 3.34117 -6.793432 0.009043 0.014642 11.175241 3.56978 -0.693579 -7.1721 -1.431535 0.891672 0.768822 -0.0 0.0 -1e-06 
0.0 0.0 0.0 0.0 -0.0 0.0 2.148314 100.418137 90.613205 0.129174 7.980484 4.411396 -1.122219 0.119274 0.539187 -0.625078 -0.23266 -5.260816 -1.447186 -1.70462 10.91274 4.333493 0.872664 14.322294 -0.59743 -1.646469 -3.802447 6.202595 -3.842472 -14.335382 7.7e-05 -2.2e-05 6e-06 -0.022991 0.16163 0.022803 0.63614 -3.55329 -10.585293 -0.68148 3.885725 -10.614305 -6.904978 -2.607527 16.128757 -53.510056 0.529887 11.655313 1.398804 -55.558155 -0.27492 6.864882 1.878675 -2.050986 -5.8821 9.861276 0.702592 -10.936861 -0.360577 7.1562 2e-06 8.774817 -2e-06 -15.665918 18.466875 6.421548 -1.844031 2.4985 -2.507277 -10.163589 4.678938 4.621106 -20.976006 -7e-06 5e-06 -21.226267 2.451691 -3.593995 0.0 -6e-06 -1e-06 -1.362681 2.240796 -0.746323 -21.334896 0.584907 3.008322 -13.8212 -4e-06 3e-06 -23.887146 -0.249081 -0.83948 -59.750988 2.620112 -1.280742 -0.294026 1.679687 0.833256 -14.218197 0.093214 1.30058 -34.212013 -0.287565 0.967171 -20.033197 0.964535 1.212845 0.0 0.0 0.0 -3.440384 0.788233 0.501656 -15.928172 -3.167308 2.999705 -6.338821 -2e-06 1e-06 -18.123426 3.64818 -4.905664 -5e-06 -1e-06 -3e-06 -4.888595 9.528639 15.132803 73.250595 2.587989 10.620419 -0.547521 46.613522 -0.222449 -4.431337 8.947563 3.723974 2.243541 -5.255034 -3.180155 14.282881 -0.826594 6.952495 -2e-06 -12.690596 -1e-06 15.875851 -18.154026 2.491067 1.665665 -1.95592 -2.878297 4.727796 -4.170586 4.993921 11.02052 1e-06 -1e-06 12.109046 -3.735713 -2.866784 0.0 0.0 0.0 1.291986 -1.928548 -1.498088 14.800118 0.567468 3.865604 14.242562 -1.341734 -6.660654 19.631952 0.143927 -0.648243 49.644978 -0.769584 -6.919371 0.353028 -1.511149 -0.031942 20.222778 3.684307 2.316627 18.787264 4e-06 -0.0 10.751622 -0.479869 1.397906 0.0 1e-06 0.0 3.273805 0.305947 -0.58011 21.486799 11.83037 2.266129 8.162921 3e-06 -2e-06 18.399071 -3.79898 -4.940572 2e-06 -2e-06 -1e-06 -2.139835 13.155746 -5.514917 -0.013566 -0.131822 11.019444 -2.003113 10.489362 -8.428809 1.635629 -1.933328 1.000087 0.0 -0.0 2e-06 -2.374018 3.225022 -6.650273 0.007737 -0.022492 10.964016 3.402104 -0.691123 -7.30088 -1.4319 0.91469 0.868295 0.0 0.0 -1e-06 
0.0 0.0 0.0 0.0 -0.0 0.0 1.666201 100.404778 90.527603 0.363444 8.102046 4.255756 -1.051443 0.134305 0.554331 -0.60058 -0.287026 -5.258924 -1.38813 -1.777597 11.014711 4.580393 0.668986 14.742021 -0.648941 -1.854251 -3.809846 6.135786 -3.984537 -13.97132 7.7e-05 -2.3e-05 6e-06 -0.022336 0.147726 0.015374 0.634249 -3.56859 -10.597115 -0.678536 3.873074 -10.625658 -6.961285 -2.667936 15.974716 -53.575012 -0.233057 11.009933 1.267519 -56.317825 -0.146448 7.481721 2.045124 -2.680809 -5.882103 9.861282 0.702588 -10.936868 -0.360577 7.156203 0.0 8.774822 -2e-06 -15.632449 18.507277 6.431299 -1.844031 2.498503 -2.507279 -10.163597 4.678942 4.621107 -20.976017 -3e-06 4e-06 -21.226276 2.451696 -3.593996 0.0 -6e-06 -1e-06 -1.362681 2.240798 -0.746323 -21.334906 0.584908 3.008322 -13.821208 -3e-06 5e-06 -23.887165 -0.249079 -0.839478 -59.728859 2.64502 -1.308049 -0.294024 1.679686 0.833256 -14.218204 0.093214 1.300579 -34.212036 -0.287566 0.967172 -20.033205 0.964534 1.212842 -1e-06 1e-06 1e-06 -3.440387 0.788233 0.501656 -15.928181 -3.16731 2.999706 -6.338824 -2e-06 1e-06 -18.12344 3.64818 -4.905669 -4e-06 -0.0 -3e-06 -4.888937 9.55001 15.089598 73.423851 2.448943 11.364202 -0.53548 45.864098 -0.217273 -3.912616 8.878022 3.870812 2.243541 -5.255032 -3.180155 14.282885 -0.826594 6.9525 -4e-06 -12.690593 0.0 15.872941 -18.146109 2.501961 1.665665 -1.95592 -2.878298 4.727796 -4.170584 4.993923 11.020519 3e-06 -1e-06 12.109043 -3.735713 -2.866783 -0.0 1e-06 -1e-06 1.291986 -1.928549 -1.49809 14.800118 0.567469 3.865604 14.242562 -1.341734 -6.66065 19.631956 0.143926 -0.648244 49.630161 -0.726092 -6.914047 0.353029 -1.511149 -0.031941 20.222784 3.684308 2.316629 18.787266 3e-06 1e-06 10.751624 -0.479865 1.397904 0.0 1e-06 1e-06 3.273805 0.305947 -0.580111 21.486799 11.830366 2.266131 8.16292 3e-06 -1e-06 18.399071 -3.79898 -4.940571 2e-06 -2e-06 -0.0 -2.006678 13.210788 -5.174334 -0.018372 -0.157248 10.550351 -2.356616 10.002088 -8.25883 1.634376 -1.92603 1.00641 0.0 -0.0 2e-06 -2.323024 3.095188 -6.498451 0.003663 -0.048983 10.886325 3.220034 -0.710823 -7.418276 -1.432605 0.933722 0.907764 0.0 0.0 -1e-06 
0.0 0.0 0.0 0.0 -0.0 0.0 1.226998 100.392891 90.465096 0.559894 8.200042 4.062471 -0.971902 0.135232 0.553437 -0.573353 -0.321824 -5.262732 -1.318931 -1.882658 11.096864 4.739398 0.49153 15.116857 -0.694294 -2.025006 -3.809551 5.993074 -4.036332 -13.675958 7.7e-05 -2.3e-05 5e-06 -0.020002 0.124464 0.010414 0.636853 -3.595544 -10.612556 -0.676625 3.853177 -10.641937 -6.976613 -2.735796 15.865011 -53.60778 -1.000525 10.809201 1.202307 -57.091095 -0.071283 7.847376 2.199543 -3.063959 -5.882099 9.861273 0.702591 -10.936859 -0.360574 7.156196 -1e-06 8.774815 -1e-06 -15.596145 18.526302 6.431363 -1.844031 2.498502 -2.507273 -10.163588 4.678938 4.621102 -20.976 -3e-06 1e-06 -21.226265 2.451693 -3.593995 2e-06 -5e-06 -1e-06 -1.36268 2.240796 -0.746322 -21.334888 0.584909 3.00832 -13.821197 -3e-06 3e-06 -23.88714 -0.249078 -0.839483 -59.703735 2.669312 -1.317843 -0.294024 1.679685 0.833255 -14.218193 0.093215 1.300578 -34.212009 -0.287562 0.96717 -20.033194 0.964535 1.212841 -1e-06 -0.0 1e-06 -3.440385 0.788233 0.501656 -15.928168 -3.167305 2.999704 -6.338819 0.0 3e-06 -18.123425 3.64818 -4.905665 -4e-06 0.0 -3e-06 -4.836129 9.581387 15.064775 73.50943 2.404515 11.920953 -0.540737 45.172852 -0.190342 -3.53314 8.795856 3.98759 2.243541 -5.255033 -3.180156 14.282878 -0.826595 6.9525 -1e-06 -12.690594 -2e-06 15.898114 -18.127697 2.508136 1.665663 -1.955919 -2.878299 4.727794 -4.170584 4.993922 11.020515 1e-06 -1e-06 12.109037 -3.735714 -2.866782 -0.0 -0.0 -1e-06 1.291983 -1.928548 -1.498089 14.800115 0.567467 3.865607 14.242559 -1.341737 -6.660649 19.63195 0.143923 -0.648243 49.608627 -0.704471 -6.896768 0.353028 -1.511149 -0.031942 20.222773 3.684306 2.316634 18.787254 3e-06 2e-06 10.751619 -0.479868 1.397907 1e-06 1e-06 1e-06 3.273804 0.305947 -0.58011 21.486795 11.830361 2.266136 8.162921 0.0 -1e-06 18.399069 -3.798983 -4.940571 2e-06 -1e-06 1e-06 -1.832982 13.28897 -4.823834 -0.018644 -0.166994 10.148413 -2.647399 9.531901 -8.052691 1.635024 -1.925925 1.015035 0.0 -0.0 2e-06 -2.245389 2.956614 -6.303045 -0.000944 -0.063004 10.809368 3.059309 -0.712692 -7.510013 -1.432616 0.942351 0.930889 -0.0 0.0 -1e-06 
0.0 0.0 0.0 0.0 -0.0 0.0 0.810443 100.381767 90.424309 0.71078 8.257868 3.849778 -0.881224 0.125041 0.523227 -0.546849 -0.35931 -5.280656 -1.23269 -1.971307 11.168365 4.808918 0.366832 15.398554 -0.743155 -2.112484 -3.808895 5.802841 -4.046129 -13.431539 7.7e-05 -2.2e-05 5e-06 -0.019595 0.111932 0.008473 0.640651 -3.610934 -10.627807 -0.679853 3.84327 -10.657007 -7.01915 -2.789721 15.790221 -53.574589 -1.728108 10.950197 1.129551 -57.820072 -0.032019 8.011805 2.358792 -3.182333 -5.882102 9.861279 0.70259 -10.936865 -0.360577 7.156201 0.0 8.77482 -2e-06 -15.575999 18.542229 6.436154 -1.844032 2.498505 -2.507276 -10.16359 4.678942 4.621105 -20.976007 -4e-06 2e-06 -21.226271 2.451694 -3.593999 0.0 -6e-06 -0.0 -1.36268 2.240797 -0.746322 -21.3349 0.584908 3.008319 -13.821204 -2e-06 2e-06 -23.887154 -0.24908 -0.839484 -59.706734 2.686441 -1.306779 -0.294024 1.679687 0.833256 -14.218198 0.093215 1.300578 -34.212021 -0.287565 0.967166 -20.033197 0.964534 1.212841 0.0 -0.0 -0.0 -3.440386 0.788233 0.501655 -15.928176 -3.167307 2.999703 -6.338822 -2e-06 -1e-06 -18.123434 3.648181 -4.905668 -5e-06 -0.0 -2e-06 -4.674072 9.588045 15.063586 73.430328 2.462462 12.290702 -0.51612 44.53862 -0.146703 -3.293411 8.692333 4.166209 2.24354 -5.255035 -3.180157 14.282883 -0.826593 6.952499 -3e-06 -12.6906 0.0 15.921288 -18.09774 2.514282 1.665668 -1.955921 -2.878299 4.727797 -4.170586 4.993922 11.020522 2e-06 -2e-06 12.109048 -3.735714 -2.866784 -0.0 0.0 -0.0 1.291983 -1.928548 -1.498088 14.80012 0.567469 3.865604 14.242564 -1.341734 -6.660654 19.631954 0.143928 -0.648243 49.587875 -0.704219 -6.879183 0.353031 -1.51115 -0.03194 20.222784 3.684313 2.316626 18.787264 5e-06 1e-06 10.751621 -0.479867 1.397908 1e-06 1e-06 1e-06 3.273805 0.305947 -0.580109 21.486801 11.830373 2.26613 8.162921 2e-06 -2e-06 18.399069 -3.798983 -4.940573 1e-06 -1e-06 1e-06 -1.619149 13.348501 -4.458059 -0.017918 -0.159901 9.774068 -2.895419 9.108602 -7.830623 1.635507 -1.930097 1.011409 0.0 1e-06 2e-06 -2.137834 2.848909 -6.047801 -0.004974 -0.063607 10.658661 2.917585 -0.705963 -7.544457 -1.43197 0.944258 0.953008 0.0 0.0 -1e-06 
0.0 0.0 0.0 0.0 -0.0 0.0 0.41292 100.37706 90.399727 0.837562 8.287312 3.635473 -0.789091 0.109575 0.453835 -0.523836 -0.408084 -5.30965 -1.134468 -2.047303 11.236722 4.824445 0.285948 15.557336 -0.807448 -2.127187 -3.81319 5.569478 -4.025745 -13.214071 7.7e-05 -2.2e-05 6e-06 -0.021391 0.110835 0.009771 0.644828 -3.612841 -10.64112 -0.687994 3.842942 -10.667761 -7.112309 -2.816676 15.721679 -53.501884 -2.39404 11.399119 1.040735 -58.463688 0.00621 8.058365 2.526421 -3.124114 -5.88211 9.86129 0.702591 -10.936873 -0.360573 7.156208 -1e-06 8.774826 -1e-06 -15.570295 18.544439 6.440553 -1.844032 2.498504 -2.507276 -10.163601 4.678947 4.621109 -20.976028 0.0 2e-06 -21.226294 2.451699 -3.594003 0.0 -6e-06 1e-06 -1.362681 2.2408 -0.746323 -21.334921 0.584913 3.008324 -13.821218 -1e-06 3e-06 -23.887175 -0.249076 -0.839484 -59.736794 2.690193 -1.279776 -0.294025 1.679687 0.833255 -14.21821 0.093216 1.30058 -34.212051 -0.28756 0.967168 -20.033213 0.96454 1.212843 1e-06 -0.0 -0.0 -3.440389 0.788233 0.501657 -15.928187 -3.167309 2.999708 -6.338828 0.0 1e-06 -18.123447 3.648184 -4.905673 -5e-06 -0.0 -3e-06 -4.386639 9.534204 15.05443 73.172607 2.60661 12.529371 -0.467846 43.939873 -0.116995 -3.19379 8.579173 4.458006 2.243541 -5.255036 -3.180157 14.28289 -0.826598 6.952503 -2e-06 -12.690601 2e-06 15.929999 -18.059366 2.513765 1.665665 -1.955921 -2.878295 4.727798 -4.170587 4.993925 11.020525 1e-06 -1e-06 12.109051 -3.735717 -2.866785 -0.0 0.0 -0.0 1.291987 -1.928549 -1.498089 14.800127 0.567467 3.865605 14.24257 -1.341738 -6.660655 19.631968 0.143924 -0.648245 49.571381 -0.718851 -6.854824 0.353031 -1.511151 -0.031939 20.222788 3.684307 2.316629 18.78727 3e-06 -1e-06 10.751627 -0.479869 1.397906 0.0 2e-06 0.0 3.273804 0.305947 -0.580111 21.486809 11.830368 2.266134 8.162926 2e-06 -1e-06 18.399076 -3.798985 -4.940573 1e-06 -1e-06 1e-06 -1.393817 13.404597 -4.069246 -0.01695 -0.154689 9.37672 -3.128432 8.717261 -7.576675 1.637071 -1.932582 0.988624 -0.0 0.0 2e-06 -2.021072 2.800145 -5.721215 -0.007779 -0.063822 10.378383 2.786518 -0.736333 -7.52029 -1.431336 0.946148 0.984463 -0.0 0.0 -1e-06 
0.0 0.0 0.0 0.0 -0.0 0.0 0.026093 100.384232 90.36853 0.944284 8.281851 3.421538 -0.700128 0.103851 0.352369 -0.500889 -0.471718 -5.334528 -1.026085 -2.11262 11.276473 4.787934 0.252504 15.603956 -0.858576 -2.105841 -3.817144 5.291935 -3.976947 -13.017656 7.6e-05 -2.3e-05 6e-06 -0.023983 0.116869 0.014245 0.651675 -3.607316 -10.65367 -0.700425 3.849288 -10.677794 -7.221172 -2.838532 15.666451 -53.478355 -2.999578 12.154216 1.028568 -58.953911 -0.006035 8.067718 2.709427 -2.916372 -5.882108 9.861289 0.702589 -10.936872 -0.360573 7.156204 -0.0 8.774826 -1e-06 -15.589036 18.553461 6.437713 -1.844032 2.498505 -2.507277 -10.163599 4.678945 4.621106 -20.976023 -1e-06 -1e-06 -21.22629 2.451697 -3.594004 0.0 -5e-06 -0.0 -1.362682 2.240797 -0.746324 -21.334913 0.584911 3.008319 -13.821215 -3e-06 -1e-06 -23.887171 -0.249078 -0.839486 -59.780056 2.691231 -1.244927 -0.294023 1.679686 0.833257 -14.218208 0.093218 1.300578 -34.212051 -0.287561 0.967166 -20.033216 0.964536 1.21284 1e-06 1e-06 1e-06 -3.440389 0.788234 0.501656 -15.928185 -3.16731 2.999705 -6.338827 0.0 0.0 -18.123449 3.648185 -4.905674 -5e-06 -0.0 -2e-06 -4.016078 9.452197 15.027517 72.807014 2.804567 12.646398 -0.417364 43.361706 -0.106089 -3.198028 8.465085 4.836362 2.24354 -5.255035 -3.180157 14.282885 -0.826593 6.9525 -4e-06 -12.690602 0.0 15.921847 -18.035191 2.511683 1.665666 -1.955922 -2.878298 4.727796 -4.170587 4.993923 11.020522 2e-06 -2e-06 12.109048 -3.735715 -2.866784 -0.0 0.0 -0.0 1.291985 -1.92855 -1.498089 14.800123 0.567468 3.865608 14.242568 -1.341737 -6.660659 19.631962 0.143928 -0.648246 49.551113 -0.730063 -6.822598 0.353029 -1.51115 -0.031943 20.222786 3.684309 2.316629 18.78727 5e-06 1e-06 10.751625 -0.479867 1.397908 1e-06 1e-06 -1e-06 3.273806 0.305947 -0.58011 21.486809 11.830376 2.266132 8.162924 1e-06 -2e-06 18.399076 -3.798985 -4.940575 1e-06 -1e-06 -0.0 -1.163857 13.45677 -3.627968 -0.021918 -0.152734 8.905058 -3.358276 8.381071 -7.295046 1.637806 -1.93161 0.954519 0.0 -0.0 2e-06 -1.901643 2.793782 -5.318813 -0.006688 -0.068244 9.965052 2.665838 -0.772771 -7.427303 -1.429677 0.947264 1.016768 0.0 0.0 -1e-06 
0.0 0.0 0.0 0.0 -0.0 0.0 -0.341393 100.408913 90.328598 1.01826 8.271542 3.231781 -0.615615 0.103424 0.226899 -0.475546 -0.549602 -5.364146 -0.90761 -2.158725 11.279105 4.716743 0.259651 15.538841 -0.901707 -2.077312 -3.820215 5.001397 -3.909608 -12.849814 7.7e-05 -2.3e-05 6e-06 -0.026122 0.127339 0.020929 0.6577 -3.597214 -10.657845 -0.711174 3.860106 -10.679923 -7.339593 -2.863062 15.619685 -53.531364 -3.546885 13.124046 1.05515 -59.23996 -0.044943 8.007065 2.882096 -2.562902 -5.882104 9.861284 0.70259 -10.936868 -0.360576 7.156201 -0.0 8.774824 -1e-06 -15.625173 18.553692 6.411074 -1.844032 2.498505 -2.507277 -10.163598 4.678945 4.621107 -20.976021 -4e-06 3e-06 -21.226284 2.451695 -3.593998 0.0 -5e-06 1e-06 -1.36268 2.240798 -0.746323 -21.334911 0.584909 3.008321 -13.821211 -4e-06 2e-06 -23.887167 -0.249081 -0.839482 -59.805717 2.687507 -1.224614 -0.294025 1.679688 0.833254 -14.218205 0.093214 1.300579 -34.212036 -0.287567 0.967169 -20.033205 0.964536 1.212839 2e-06 1e-06 2e-06 -3.440388 0.788233 0.501655 -15.928183 -3.16731 2.999706 -6.338824 0.0 0.0 -18.123442 3.648182 -4.905669 -4e-06 -0.0 -3e-06 -3.568907 9.346255 14.983384 72.369156 3.02774 12.668858 -0.379976 42.794121 -0.091724 -3.248688 8.331127 5.104941 2.243542 -5.255037 -3.180159 14.282894 -0.826594 6.952503 -4e-06 -12.690607 0.0 15.912889 -18.021536 2.496702 1.665668 -1.955922 -2.878301 4.727798 -4.170588 4.993925 11.020529 4e-06 -1e-06 12.109054 -3.735714 -2.866783 -0.0 -0.0 0.0 1.291986 -1.92855 -1.498088 14.800132 0.567468 3.865605 14.242574 -1.341735 -6.66066 19.631973 0.143931 -0.648244 49.533195 -0.7257 -6.803733 0.353028 -1.51115 -0.031941 20.222795 3.684313 2.31663 18.787279 7e-06 1e-06 10.751631 -0.479867 1.397908 -0.0 1e-06 1e-06 3.273806 0.305948 -0.580115 21.48682 11.830379 2.266134 8.16293 3e-06 -1e-06 18.399084 -3.798982 -4.940575 1e-06 -2e-06 1e-06 -0.921828 13.518831 -3.165258 -0.03104 -0.159058 8.367403 -3.601902 8.058336 -6.97724 1.639173 -1.932929 0.894991 0.0 -0.0 2e-06 -1.763955 2.828139 -4.858645 -0.003764 -0.0759 9.393785 2.541599 -0.826309 -7.252708 -1.427676 0.947592 1.026214 0.0 0.0 -1e-06 
0.0 0.0 0.0 0.0 -0.0 0.0 -0.686212 100.444481 90.272514 1.073216 8.25558 3.065489 -0.527641 0.101005 0.088726 -0.453381 -0.611814 -5.392998 -0.790502 -2.209603 11.251478 4.628938 0.307664 15.347447 -0.934148 -2.053932 -3.815658 4.703724 -3.803823 -12.720338 7.7e-05 -2.2e-05 6e-06 -0.024928 0.12758 0.024032 0.664787 -3.597979 -10.660375 -0.716301 3.861552 -10.681937 -7.467342 -2.884687 15.579602 -53.662777 -4.064174 14.224689 1.084443 -59.366653 -0.068393 7.896032 3.045666 -2.08361 -5.882104 9.861284 0.70259 -10.936866 -0.360572 7.156201 0.0 8.774824 0.0 -15.657816 18.541586 6.380322 -1.844033 2.498504 -2.507276 -10.163595 4.678946 4.621103 -20.976015 -3e-06 -2e-06 -21.22628 2.451695 -3.594004 -0.0 -7e-06 1e-06 -1.362683 2.2408 -0.746323 -21.334906 0.584911 3.008318 -13.82121 -3e-06 0.0 -23.887163 -0.249077 -0.839487 -59.794312 2.690769 -1.213961 -0.294025 1.679688 0.833254 -14.218201 0.093215 1.30058 -34.212036 -0.287564 0.967162 -20.033203 0.964534 1.212836 1e-06 1e-06 1e-06 -3.440388 0.788237 0.501656 -15.928181 -3.167306 2.999703 -6.338823 -1e-06 -1e-06 -18.123444 3.648185 -4.905674 -5e-06 0.0 0.0 -3.068752 9.257852 14.913649 71.865433 3.239566 12.651862 -0.363773 42.260685 -0.077462 -3.275507 8.147298 5.322087 2.243542 -5.255035 -3.180156 14.282883 -0.826599 6.952497 0.0 -12.690599 -1e-06 15.911028 -18.017479 2.481709 1.665666 -1.95592 -2.878299 4.727797 -4.170587 4.993921 11.02052 0.0 -3e-06 12.109045 -3.735717 -2.866784 0.0 0.0 0.0 1.291986 -1.928548 -1.498088 14.800118 0.567466 3.865602 14.242564 -1.341738 -6.660655 19.631954 0.143923 -0.648248 49.514965 -0.727294 -6.805201 0.35303 -1.511149 -0.03194 20.22278 3.684305 2.316626 18.787266 3e-06 -2e-06 10.751624 -0.479866 1.397904 1e-06 1e-06 -1e-06 3.273804 0.305947 -0.580111 21.486801 11.830367 2.266126 8.162922 1e-06 -2e-06 18.399073 -3.798987 -4.940577 1e-06 -2e-06 1e-06 -0.686238 13.571239 -2.718448 -0.03978 -0.164757 7.823596 -3.832361 7.749455 -6.657596 1.639496 -1.939628 0.824631 0.0 -0.0 2e-06 -1.623858 2.870501 -4.373583 0.001755 -0.083004 8.7274 2.433067 -0.850034 -7.030087 -1.425865 0.948278 1.003305 0.0 0.0 -1e-06 
0.0 0.0 0.0 0.0 -0.0 0.0 -1.002502 100.477112 90.194473 1.113614 8.247853 2.910157 -0.443454 0.095895 -0.059005 -0.430821 -0.65023 -5.426666 -0.676799 -2.25856 11.218776 4.544337 0.364859 15.040866 -0.957543 -2.043799 -3.802047 4.407393 -3.680944 -12.63217 7.7e-05 -2.3e-05 6e-06 -0.021484 0.123593 0.02855 0.672354 -3.60403 -10.660747 -0.71742 3.8601 -10.68208 -7.604203 -2.94173 15.560028 -53.86219 -4.547987 15.394611 1.109088 -59.366646 -0.083644 7.780902 3.196905 -1.560589 -5.8821 9.861275 0.702589 -10.936861 -0.360576 7.1562 1e-06 8.774816 -2e-06 -15.689997 18.5201 6.354262 -1.844029 2.498501 -2.507277 -10.163589 4.678937 4.621107 -20.976004 -6e-06 4e-06 -21.226265 2.451692 -3.593995 1e-06 -6e-06 1e-06 -1.362679 2.240796 -0.746324 -21.334892 0.584907 3.008323 -13.821199 -4e-06 2e-06 -23.887146 -0.249079 -0.839477 -59.766975 2.696959 -1.198396 -0.294024 1.679685 0.833256 -14.218195 0.093214 1.300579 -34.212021 -0.287568 0.967173 -20.033194 0.964535 1.212845 2e-06 1e-06 1e-06 -3.440385 0.788231 0.501656 -15.928172 -3.167307 2.999706 -6.338819 -2e-06 -1e-06 -18.123426 3.648178 -4.905663 -5e-06 0.0 1e-06 -2.529755 9.168301 14.824162 71.312958 3.437625 12.630804 -0.362001 41.751427 -0.072491 -3.249684 7.922093 5.437137 2.24354 -5.255034 -3.180158 14.282882 -0.826595 6.952504 -3e-06 -12.690595 1e-06 15.925846 -18.017771 2.468119 1.665664 -1.955921 -2.878298 4.727796 -4.170584 4.993923 11.020519 3e-06 1e-06 12.109043 -3.735712 -2.866779 0.0 0.0 0.0 1.291986 -1.928549 -1.498088 14.800118 0.567468 3.865609 14.24256 -1.341734 -6.660657 19.631954 0.143924 -0.648241 49.499374 -0.729783 -6.799902 0.353028 -1.511149 -0.031941 20.222775 3.684306 2.316636 18.787258 5e-06 4e-06 10.751622 -0.479869 1.397907 1e-06 1e-06 1e-06 3.273803 0.305948 -0.58011 21.486799 11.830363 2.266135 8.162921 2e-06 1e-06 18.399069 -3.798983 -4.940569 2e-06 -1e-06 -0.0 -0.461558 13.596591 -2.275097 -0.044524 -0.171996 7.279188 -4.055119 7.478951 -6.345592 1.638234 -1.949458 0.749296 -0.0 0.0 2e-06 -1.486032 2.923365 -3.838892 0.008345 -0.091504 7.968294 2.354375 -0.863188 -6.782864 -1.423677 0.9508 0.961809 0.0 0.0 -1e-06 
0.0 0.0 0.0 0.0 -0.0 0.0 -1.284461 100.504807 90.080948 1.143422 8.245172 2.768238 -0.368623 0.084994 -0.20915 -0.409701 -0.665782 -5.461366 -0.562935 -2.30445 11.181926 4.447413 0.418174 14.634611 -0.96205 -2.021763 -3.776787 4.114426 -3.538936 -12.591494 7.7e-05 -2.2e-05 6e-06 -0.017529 0.115225 0.035623 0.680403 -3.613947 -10.655992 -0.717965 3.854064 -10.676455 -7.745125 -3.022293 15.553636 -54.089863 -4.994544 16.620899 1.134068 -59.244797 -0.118856 7.604674 3.3306 -1.111409 -5.882101 9.861278 0.70259 -10.936866 -0.360577 7.156201 1e-06 8.774821 -2e-06 -15.728066 18.486393 6.320748 -1.844032 2.498503 -2.507277 -10.163594 4.678941 4.621104 -20.976013 -6e-06 2e-06 -21.226273 2.451693 -3.593997 -0.0 -7e-06 1e-06 -1.36268 2.240797 -0.746323 -21.3349 0.584907 3.008322 -13.821205 -5e-06 2e-06 -23.887157 -0.24908 -0.839478 -59.728897 2.698711 -1.191934 -0.294025 1.679686 0.833254 -14.218201 0.093214 1.300579 -34.212032 -0.287567 0.967172 -20.033201 0.964535 1.212845 1e-06 1e-06 2e-06 -3.440387 0.788232 0.501656 -15.928179 -3.167308 2.999708 -6.338822 -3e-06 -1e-06 -18.12344 3.648178 -4.905667 -4e-06 -0.0 -3e-06 -1.981124 9.093415 14.732435 70.714851 3.658233 12.621161 -0.340274 41.229828 -0.071 -3.224311 7.673355 5.52598 2.243541 -5.255035 -3.18016 14.282888 -0.826592 6.952497 -5e-06 -12.690601 1e-06 15.949286 -18.00709 2.449605 1.665666 -1.955921 -2.878298 4.727798 -4.170586 4.993925 11.020525 2e-06 -2e-06 12.109051 -3.735715 -2.866786 -0.0 1e-06 1e-06 1.291986 -1.92855 -1.498088 14.800131 0.567471 3.865608 14.242574 -1.341733 -6.660657 19.631969 0.143929 -0.648242 49.487408 -0.745809 -6.779052 0.353028 -1.511151 -0.031941 20.222792 3.684312 2.316628 18.787271 7e-06 -2e-06 10.751626 -0.479867 1.397903 1e-06 1e-06 1e-06 3.273807 0.305947 -0.58011 21.486814 11.830374 2.26613 8.162927 2e-06 -2e-06 18.39908 -3.798979 -4.940576 1e-06 -2e-06 -1e-06 -0.260582 13.567872 -1.834295 -0.045187 -0.182285 6.720997 -4.24321 7.293705 -6.02915 1.637005 -1.967822 0.68024 0.0 -0.0 2e-06 -1.360995 2.98803 -3.277824 0.014712 -0.098141 7.150585 2.296966 -0.883079 -6.508267 -1.421231 0.952444 0.896703 -0.0 0.0 -1e-06 
0.0 0.0 0.0 0.0 -0.0 0.0 -1.52719 100.532768 89.945648 1.167793 8.250333 2.62397 -0.302093 0.071012 -0.359602 -0.388669 -0.677176 -5.496439 -0.446344 -2.340361 11.147934 4.322791 0.469874 14.146708 -0.958495 -1.962764 -3.750871 3.836669 -3.379906 -12.581918 7.6e-05 -2.2e-05 6e-06 -0.014269 0.107538 0.043264 0.688087 -3.621195 -10.642897 -0.71948 3.846863 -10.662219 -7.892467 -3.106461 15.574336 -54.344498 -5.459858 17.896742 1.147127 -58.936657 -0.171739 7.36126 3.431081 -0.687688 -5.882102 9.861279 0.702592 -10.936866 -0.360578 7.1562 0.0 8.774819 0.0 -15.76573 18.451769 6.289493 -1.844031 2.4985 -2.507276 -10.163596 4.678942 4.621106 -20.976013 -3e-06 3e-06 -21.226276 2.451696 -3.593995 1e-06 -6e-06 -0.0 -1.36268 2.240795 -0.746322 -21.334906 0.58491 3.008322 -13.821211 -3e-06 0.0 -23.887167 -0.24908 -0.839481 -59.706474 2.693376 -1.190979 -0.294025 1.679687 0.833256 -14.218201 0.093213 1.300578 -34.212032 -0.287564 0.967171 -20.033201 0.964534 1.212843 1e-06 -0.0 1e-06 -3.440388 0.788234 0.501657 -15.928179 -3.167309 2.999704 -6.338824 -2e-06 2e-06 -18.123438 3.64818 -4.905665 -4e-06 1e-06 -3e-06 -1.403834 9.050159 14.660009 70.047096 3.92419 12.670308 -0.313907 40.677437 -0.073604 -3.203103 7.392774 5.663361 2.243538 -5.255033 -3.180155 14.28288 -0.826591 6.952497 -5e-06 -12.690597 -0.0 15.979557 -17.98473 2.432628 1.665664 -1.955919 -2.878298 4.727795 -4.170582 4.993918 11.020516 4e-06 -1e-06 12.109038 -3.735711 -2.866782 -0.0 1e-06 -1e-06 1.291985 -1.928548 -1.498088 14.800117 0.56747 3.865604 14.242558 -1.341735 -6.660651 19.631948 0.143927 -0.648241 49.488911 -0.779332 -6.762808 0.353028 -1.511149 -0.03194 20.222773 3.684309 2.31663 18.787254 5e-06 1e-06 10.751617 -0.479867 1.397907 -0.0 1e-06 -1e-06 3.273805 0.305947 -0.580108 21.486795 11.830363 2.266135 8.162919 3e-06 0.0 18.399067 -3.798981 -4.940567 1e-06 -1e-06 -1e-06 -0.084108 13.440644 -1.372737 -0.043797 -0.184247 6.139846 -4.364934 7.197644 -5.696401 1.636707 -1.985036 0.613178 0.0 1e-06 2e-06 -1.247977 3.07295 -2.6981 0.020258 -0.107465 6.310403 2.227352 -0.945074 -6.203302 -1.419965 0.950556 0.826507 0.0 0.0 -1e-06 
0.0 0.0 0.0 0.0 -0.0 0.0 -1.706383 100.56263 89.833 1.193399 8.259796 2.473181 -0.237061 0.061124 -0.499318 -0.366738 -0.698656 -5.522696 -0.322952 -2.363147 11.103799 4.181588 0.543659 13.605144 -0.949502 -1.899627 -3.724959 3.563668 -3.1956 -12.59525 7.7e-05 -2.3e-05 6e-06 -0.01104 0.102402 0.052374 0.695381 -3.627794 -10.633814 -0.720631 3.844155 -10.649695 -8.04985 -3.191151 15.567357 -54.656498 -5.924964 19.211353 1.150808 -58.376602 -0.235772 7.014524 3.517654 -0.298783 -5.882106 9.861284 0.702591 -10.93687 -0.360575 7.156205 -0.0 8.774822 -0.0 -15.819361 18.427467 6.265924 -1.844032 2.498503 -2.507279 -10.163599 4.678944 4.621108 -20.976019 -0.0 3e-06 -21.226282 2.451698 -3.593998 2e-06 -5e-06 -0.0 -1.362681 2.240797 -0.746323 -21.334906 0.58491 3.008324 -13.821208 -2e-06 0.0 -23.887159 -0.249076 -0.839481 -59.747185 2.683221 -1.180416 -0.294026 1.679688 0.833256 -14.218204 0.093217 1.30058 -34.212036 -0.287563 0.967172 -20.033209 0.964539 1.212844 0.0 0.0 0.0 -3.440387 0.788234 0.501656 -15.928181 -3.167307 2.999704 -6.338825 0.0 1e-06 -18.123444 3.648183 -4.905669 -4e-06 -0.0 -3e-06 -0.813572 9.05685 14.592332 69.341454 4.232143 12.796331 -0.286759 40.059414 -0.076765 -3.198975 7.111488 5.859072 2.24354 -5.255032 -3.180155 14.282881 -0.826593 6.952501 -3e-06 -12.690593 -1e-06 16.019554 -17.96097 2.424564 1.665664 -1.955922 -2.878298 4.727797 -4.170584 4.993921 11.020519 2e-06 2e-06 12.109042 -3.735713 -2.866782 -0.0 0.0 -0.0 1.291984 -1.928549 -1.498089 14.800118 0.567468 3.865607 14.242561 -1.341736 -6.660651 19.631952 0.143925 -0.648245 49.509583 -0.809357 -6.73901 0.353028 -1.511149 -0.031941 20.222775 3.684307 2.316631 18.787258 3e-06 2e-06 10.75162 -0.47987 1.397907 0.0 2e-06 -1e-06 3.273805 0.305947 -0.58011 21.486801 11.830366 2.266133 8.162922 3e-06 1e-06 18.399071 -3.798982 -4.94057 1e-06 -1e-06 1e-06 0.067113 13.256348 -0.906087 -0.046822 -0.177031 5.554761 -4.446943 7.148196 -5.346135 1.636627 -1.995749 0.561713 0.0 -0.0 2e-06 -1.155895 3.168628 -2.125669 0.028457 -0.122078 5.49613 2.127549 -1.011402 -5.884189 -1.419318 0.944379 0.772126 0.0 0.0 -1e-06 
0.0 0.0 0.0 0.0 -0.0 0.0 -1.804769 100.585915 89.751526 1.222954 8.25282 2.326345 -0.173541 0.059069 -0.632664 -0.345516 -0.72419 -5.542646 -0.196737 -2.368249 11.053835 4.025562 0.640522 13.046478 -0.952523 -1.823009 -3.701864 3.33007 -3.035131 -12.604465 7.7e-05 -2.3e-05 6e-06 -0.008621 0.109093 0.062002 0.701254 -3.624571 -10.627068 -0.721913 3.855133 -10.638179 -8.237448 -3.242833 15.527598 -55.003071 -6.372033 20.485111 1.151987 -57.596992 -0.287736 6.590644 3.627188 -0.043307 -5.882102 9.861279 0.702591 -10.936865 -0.360577 7.156204 2e-06 8.774821 0.0 -15.879103 18.410393 6.251091 -1.844031 2.498502 -2.507278 -10.163594 4.67894 4.621108 -20.976011 -6e-06 3e-06 -21.226273 2.451696 -3.593996 1e-06 -6e-06 -1e-06 -1.362682 2.240797 -0.746324 -21.334904 0.584905 3.008325 -13.821206 -5e-06 1e-06 -23.887159 -0.249081 -0.839475 -59.839638 2.66753 -1.151676 -0.294024 1.679685 0.833256 -14.218199 0.093213 1.300579 -34.212032 -0.287568 0.967174 -20.033205 0.964534 1.212848 -1e-06 -1e-06 2e-06 -3.440386 0.788231 0.501656 -15.928179 -3.167309 2.999707 -6.338822 -2e-06 2e-06 -18.123432 3.648179 -4.905666 -4e-06 1e-06 -2e-06 -0.252989 9.12351 14.522053 68.65271 4.543172 13.034097 -0.272021 39.416542 -0.07744 -3.194273 6.827999 6.028858 2.243539 -5.255033 -3.180156 14.282883 -0.82659 6.9525 -6e-06 -12.690597 -0.0 16.059658 -17.939785 2.42701 1.665665 -1.95592 -2.878299 4.727796 -4.170583 4.993922 11.020519 4e-06 0.0 12.109043 -3.735712 -2.866781 -0.0 -0.0 0.0 1.291985 -1.928548 -1.498088 14.800123 0.567471 3.865608 14.242562 -1.341731 -6.660652 19.631958 0.143929 -0.648239 49.542358 -0.822671 -6.71695 0.353029 -1.511149 -0.031941 20.222782 3.684313 2.316631 18.787266 7e-06 2e-06 10.751622 -0.479867 1.397906 -0.0 2e-06 -0.0 3.273803 0.305947 -0.58011 21.486805 11.830373 2.266134 8.162922 3e-06 -1e-06 18.399071 -3.79898 -4.940565 0.0 -1e-06 1e-06 0.184401 13.097902 -0.448026 -0.052225 -0.17131 4.981091 -4.504067 7.116254 -5.028196 1.636174 -1.992296 0.530378 0.0 -0.0 2e-06 -1.095122 3.282415 -1.602921 0.03751 -0.143998 4.778514 2.018725 -1.06848 -5.605613 -1.418176 0.93804 0.732663 -0.0 -0.0 -1e-06 
0.0 0.0 0.0 0.0 -0.0 0.0 -1.844109 100.601868 89.703819 1.260336 8.233214 2.197218 -0.113982 0.067035 -0.760818 -0.323283 -0.744672 -5.558461 -0.083005 -2.369159 11.000919 3.842966 0.744288 12.508382 -0.97058 -1.711418 -3.68544 3.147752 -2.930852 -12.615154 7.7e-05 -2.2e-05 6e-06 -0.007019 0.1222 0.067063 0.704353 -3.612759 -10.616682 -0.722019 3.870252 -10.623655 -8.462424 -3.266514 15.477832 -55.341877 -6.778163 21.638876 1.185323 -56.65387 -0.34044 6.141078 3.796883 0.00554 -5.882101 9.861278 0.702591 -10.936863 -0.360576 7.1562 2e-06 8.774819 -1e-06 -15.92349 18.39209 6.254588 -1.844031 2.498503 -2.507276 -10.163591 4.678941 4.621105 -20.976007 -8e-06 -1e-06 -21.226269 2.451691 -3.593998 1e-06 -6e-06 -1e-06 -1.36268 2.240796 -0.746325 -21.334896 0.584907 3.008318 -13.821203 -5e-06 -0.0 -23.887152 -0.249081 -0.839482 -59.941647 2.647869 -1.116064 -0.294024 1.679684 0.833255 -14.218198 0.093212 1.300578 -34.212021 -0.287567 0.967171 -20.033199 0.964534 1.212843 -0.0 -1e-06 1e-06 -3.440387 0.788234 0.501655 -15.928177 -3.167311 2.999703 -6.338821 -3e-06 0.0 -18.123436 3.648176 -4.905666 -4e-06 1e-06 -3e-06 0.244195 9.238379 14.432933 68.050552 4.841441 13.344603 -0.255278 38.760719 -0.07683 -3.154895 6.529553 6.180415 2.243539 -5.255035 -3.180159 14.282885 -0.826593 6.9525 -3e-06 -12.690598 0.0 16.107796 -17.924032 2.43405 1.665665 -1.95592 -2.878298 4.727797 -4.170586 4.993924 11.020522 2e-06 -2e-06 12.109047 -3.735713 -2.866784 -1e-06 0.0 -0.0 1.291985 -1.928549 -1.498089 14.800122 0.567469 3.865603 14.242568 -1.341735 -6.660654 19.631962 0.143926 -0.648244 49.593391 -0.824917 -6.700727 0.35303 -1.511149 -0.031941 20.222786 3.68431 2.316629 18.78727 5e-06 -2e-06 10.751625 -0.479867 1.397905 0.0 1e-06 1e-06 3.273807 0.305948 -0.58011 21.486809 11.83037 2.266132 8.162924 2e-06 0.0 18.399076 -3.798983 -4.940573 2e-06 -1e-06 -0.0 0.262252 12.985224 -0.014611 -0.054651 -0.172696 4.424712 -4.53879 7.131227 -4.744458 1.636372 -1.992654 0.511681 -0.0 -1e-06 2e-06 -1.074136 3.366822 -1.169865 0.045957 -0.157914 4.208043 1.931525 -1.086672 -5.362709 -1.417327 0.934664 0.697264 0.0 0.0 -1e-06 
0.0 0.0 0.0 0.0 -0.0 0.0 -1.863023 100.612831 89.670815 1.303187 8.228242 2.084905 -0.054256 0.077512 -0.882621 -0.300716 -0.763135 -5.579278 0.01969 -2.366794 10.9604 3.651312 0.839312 12.004956 -0.995544 -1.586439 -3.675288 2.996246 -2.881907 -12.62556 7.7e-05 -2.2e-05 6e-06 -0.005785 0.144886 0.068422 0.703813 -3.589889 -10.59866 -0.71911 3.893324 -10.603089 -8.75168 -3.285876 15.425 -55.644997 -7.144917 22.611195 1.210799 -55.523415 -0.374828 5.722951 4.013896 -0.127225 -5.882105 9.861282 0.702585 -10.936864 -0.360571 7.156204 -2e-06 8.774819 1e-06 -15.936793 18.385635 6.28645 -1.844031 2.498503 -2.507277 -10.163594 4.678944 4.621106 -20.976009 3e-06 2e-06 -21.226274 2.4517 -3.594001 1e-06 -5e-06 1e-06 -1.362681 2.240796 -0.746323 -21.3349 0.584913 3.008322 -13.821204 1e-06 1e-06 -23.887154 -0.24907 -0.839485 -60.038506 2.64341 -1.089995 -0.294025 1.679687 0.833256 -14.218199 0.093218 1.300582 -34.212025 -0.287554 0.967167 -20.033201 0.964541 1.212841 -1e-06 -1e-06 -2e-06 -3.440388 0.788235 0.501655 -15.928177 -3.167303 2.999707 -6.338822 2e-06 2e-06 -18.12344 3.648184 -4.90567 -4e-06 1e-06 -2e-06 0.700527 9.364182 14.343857 67.558311 5.158381 13.652714 -0.223996 38.0494 -0.053325 -3.09705 6.220191 6.269882 2.24354 -5.255032 -3.180156 14.28288 -0.826593 6.952502 -2e-06 -12.690592 -2e-06 16.158819 -17.920307 2.438809 1.665664 -1.95592 -2.878298 4.727797 -4.170582 4.993925 11.020517 2e-06 1e-06 12.10904 -3.735713 -2.86678 -1e-06 0.0 -0.0 1.291985 -1.928549 -1.49809 14.800117 0.567468 3.865609 14.242559 -1.341734 -6.660653 19.63195 0.143924 -0.648242 49.673443 -0.833663 -6.701679 0.353028 -1.511149 -0.031942 20.222776 3.684306 2.316633 18.787262 2e-06 6e-06 10.751622 -0.479869 1.397906 -0.0 1e-06 1e-06 3.273802 0.305947 -0.58011 21.486801 11.830363 2.266137 8.162922 1e-06 1e-06 18.399069 -3.798984 -4.940567 1e-06 -2e-06 -1e-06 0.308568 12.916905 0.393784 -0.055962 -0.189937 3.889085 -4.550614 7.174733 -4.488414 1.637219 -1.990002 0.497308 0.0 -0.0 2e-06 -1.080589 3.428338 -0.777752 0.055952 -0.162257 3.706152 1.869916 -1.139215 -5.141225 -1.416989 0.931671 0.652736 0.0 0.0 -1e-06 
0.0 0.0 0.0 0.0 -0.0 0.0 -1.895066 100.625359 89.639557 1.363431 8.239249 1.974588 0.001135 0.093602 -0.987663 -0.28328 -0.775374 -5.609284 0.101471 -2.388205 10.940798 3.453554 0.911359 11.484186 -1.008043 -1.44354 -3.662273 2.871726 -2.863725 -12.62967 7.7e-05 -2.3e-05 6e-06 -0.003027 0.154896 0.061305 0.704298 -3.576229 -10.571954 -0.714047 3.899944 -10.573745 -9.074076 -3.297978 15.362569 -55.922291 -7.492383 23.361351 1.195802 -54.152325 -0.357706 5.307295 4.265692 -0.448756 -5.882103 9.861279 0.70259 -10.936865 -0.360574 7.156203 0.0 8.77482 -1e-06 -15.915265 18.414721 6.339945 -1.844032 2.498504 -2.507277 -10.163594 4.678944 4.621105 -20.976013 -4e-06 -5e-06 -21.226278 2.451695 -3.594001 1e-06 -6e-06 -0.0 -1.362681 2.240798 -0.746322 -21.334904 0.584909 3.00832 -13.821206 -2e-06 -1e-06 -23.887161 -0.249079 -0.839485 -60.09753 2.65849 -1.080479 -0.294025 1.679686 0.833253 -14.2182 0.093217 1.300577 -34.212036 -0.287564 0.967164 -20.033201 0.964538 1.212841 0.0 -1e-06 0.0 -3.440387 0.788233 0.501653 -15.928179 -3.167305 2.999702 -6.338822 -1e-06 -2e-06 -18.123442 3.648183 -4.905668 -4e-06 1e-06 -3e-06 1.126557 9.501358 14.257959 67.174644 5.518755 14.006503 -0.226599 37.292965 -0.045432 -2.965255 5.84373 6.400926 2.243541 -5.255035 -3.18016 14.282885 -0.826594 6.952498 -3e-06 -12.690598 -1e-06 16.177519 -17.9174 2.458108 1.665666 -1.95592 -2.878301 4.727796 -4.170585 4.993921 11.02052 3e-06 -1e-06 12.109046 -3.735714 -2.866782 -0.0 -0.0 0.0 1.291985 -1.928549 -1.498085 14.800122 0.567469 3.865607 14.242564 -1.341735 -6.660653 19.631958 0.143927 -0.648246 49.777462 -0.860775 -6.732587 0.35303 -1.511152 -0.031941 20.222782 3.684309 2.31663 18.787266 4e-06 -1e-06 10.751623 -0.479869 1.397906 -0.0 3e-06 1e-06 3.273805 0.305947 -0.58011 21.486803 11.830368 2.266134 8.162922 1e-06 -1e-06 18.399071 -3.798983 -4.940571 1e-06 -1e-06 1e-06 0.317376 12.853728 0.769882 -0.057314 -0.208356 3.413282 -4.508906 7.202672 -4.192533 1.640624 -2.005157 0.487747 0.0 -0.0 2e-06 -1.117139 3.483664 -0.409145 0.06466 -0.155488 3.255638 1.852779 -1.284888 -4.925129 -1.417166 0.915922 0.61294 -0.0 0.0 -1e-06 
0.0 0.0 0.0 0.0 -0.0 0.0 -1.960428 100.645325 89.575859 1.431075 8.252774 1.862527 0.062415 0.112391 -1.05943 -0.279014 -0.781602 -5.639949 0.156173 -2.387663 10.92865 3.259737 0.973047 10.966053 -1.000243 -1.379394 -3.644339 2.775604 -2.838343 -12.580352 7.7e-05 -2.3e-05 6e-06 0.001897 0.129243 0.050374 0.708842 -3.599448 -10.555764 -0.708568 3.871736 -10.553924 -9.410956 -3.339412 15.267478 -56.165138 -7.760116 23.804184 1.107033 -52.652386 -0.288635 4.873909 4.527275 -0.821467 -5.882104 9.861279 0.702591 -10.936866 -0.360572 7.156203 -1e-06 8.774819 2e-06 -15.890746 18.465805 6.389014 -1.844032 2.498503 -2.507279 -10.163594 4.678944 4.621105 -20.976009 1e-06 1e-06 -21.226274 2.451699 -3.594002 1e-06 -6e-06 -0.0 -1.362682 2.240798 -0.746324 -21.334898 0.58491 3.008319 -13.821203 0.0 -2e-06 -23.887152 -0.249077 -0.839489 -60.150429 2.688282 -1.069891 -0.294023 1.679684 0.833257 -14.218202 0.093218 1.30058 -34.212021 -0.287558 0.967166 -20.033201 0.964539 1.212841 -0.0 -1e-06 2e-06 -3.440387 0.788234 0.501654 -15.928176 -3.167305 2.999704 -6.338822 0.0 -0.0 -18.123438 3.648181 -4.905669 -4e-06 1e-06 -3e-06 1.525395 9.638813 14.149599 66.91851 5.882105 14.440081 -0.244691 36.43438 -0.039042 -2.800364 5.454907 6.56617 2.24354 -5.255032 -3.180155 14.282878 -0.826593 6.952494 -4e-06 -12.690592 0.0 16.161024 -17.898962 2.479025 1.665665 -1.95592 -2.878296 4.727795 -4.170583 4.993919 11.020517 3e-06 0.0 12.109042 -3.735711 -2.866781 0.0 -0.0 -1e-06 1.291984 -1.928547 -1.498089 14.800115 0.567469 3.865603 14.242559 -1.341734 -6.660653 19.631952 0.143927 -0.648245 49.856441 -0.877808 -6.766106 0.353029 -1.511149 -0.03194 20.222776 3.684307 2.316628 18.787258 5e-06 -2e-06 10.75162 -0.47987 1.397905 -0.0 1e-06 -1e-06 3.273804 0.305947 -0.58011 21.486795 11.830363 2.266129 8.162921 2e-06 -2e-06 18.399065 -3.798982 -4.940569 2e-06 -1e-06 -1e-06 0.310163 12.805529 1.07018 -0.06132 -0.23305 3.067042 -4.469794 7.192905 -3.896116 1.646816 -2.036148 0.483977 0.0 -0.0 2e-06 -1.165473 3.531148 -0.103768 0.069733 -0.145014 2.92721 1.883405 -1.464584 -4.757323 -1.418708 0.888899 0.603508 -0.0 -0.0 -1e-06 
0.0 0.0 0.0 0.0 -0.0 0.0 -2.016599 100.683388 89.514473 1.49387 8.242819 1.766878 0.131973 0.130849 -1.094157 -0.289859 -0.792899 -5.669969 0.192798 -2.350358 10.930247 3.062396 1.018056 10.481851 -0.959527 -1.441002 -3.621036 2.708448 -2.781342 -12.508247 7.7e-05 -2.2e-05 6e-06 0.006565 0.092706 0.043613 0.713466 -3.634549 -10.546534 -0.703645 3.834028 -10.541363 -9.727958 -3.369591 15.141802 -56.305176 -7.950031 23.902981 0.885625 -51.271183 -0.186952 4.463289 4.782345 -0.98545 -5.882104 9.861286 0.702589 -10.93687 -0.360574 7.156209 1e-06 8.774826 -2e-06 -15.867706 18.498875 6.431952 -1.844033 2.498503 -2.507278 -10.163595 4.678944 4.621107 -20.976017 -3e-06 2e-06 -21.226278 2.451695 -3.593999 2e-06 -6e-06 -1e-06 -1.362682 2.240798 -0.746323 -21.334908 0.58491 3.008323 -13.82121 -2e-06 0.0 -23.887163 -0.249079 -0.839481 -60.248287 2.73149 -1.044757 -0.294025 1.679688 0.833257 -14.218205 0.093215 1.300581 -34.212036 -0.287564 0.967168 -20.033211 0.964536 1.212842 0.0 -0.0 2e-06 -3.440388 0.788233 0.501656 -15.928183 -3.167309 2.999707 -6.338824 -1e-06 2e-06 -18.12344 3.648183 -4.905669 -4e-06 1e-06 -3e-06 1.90034 9.77949 14.021281 66.717186 6.19641 14.954588 -0.332802 35.610165 -0.069251 -2.599475 5.072137 6.684268 2.243541 -5.255035 -3.180157 14.282887 -0.826596 6.952502 -1e-06 -12.690601 0.0 16.15534 -17.871033 2.502223 1.665666 -1.955921 -2.878301 4.727797 -4.170588 4.993924 11.020526 0.0 0.0 12.109052 -3.735717 -2.866785 -0.0 -0.0 0.0 1.291985 -1.92855 -1.498088 14.800125 0.567466 3.865606 14.242569 -1.341738 -6.660655 19.631962 0.143924 -0.648246 49.941612 -0.847768 -6.748344 0.353028 -1.511149 -0.031939 20.222786 3.684305 2.31663 18.78727 2e-06 -1e-06 10.751626 -0.47987 1.397906 0.0 1e-06 2e-06 3.273807 0.305947 -0.580111 21.486807 11.830366 2.266131 8.162926 1e-06 -3e-06 18.39908 -3.798984 -4.940576 1e-06 -1e-06 1e-06 0.297776 12.813559 1.245833 -0.06995 -0.260976 2.888293 -4.45349 7.125192 -3.623835 1.658103 -2.073421 0.446221 0.0 -0.0 2e-06 -1.224664 3.571146 0.114139 0.067217 -0.131002 2.711524 1.923333 -1.61734 -4.631313 -1.422949 0.871458 0.634886 0.0 0.0 -1e-06 
